CHEMBL177126,O=C(/C=C/c1ccc(O)c(O)c1)O[C@H]1[C@H](O)C[C@](O)(C(=O)O)C[C@H]1OC(=O)/C=C/c1ccc(O)c(O)c1
CHEMBL143614,O=C(O)C(=O)CC(=O)c1csc(Cc2ccccc2)c1
CHEMBL143614,O=C(O)C(=O)CC(=O)c1csc(Cc2ccccc2)c1
CHEMBL292992,Cc1cccc2c1C(O)=C1C(=O)C3C(O)=C(C(=O)NCN4CCN(C(=N)N=C(N)N)CC4)C(=O)[C@@H](N(C)C)[C@@H]3C[C@@H]1C2(C)O
CHEMBL342295,O=C(O)C(=O)CC(=O)c1cccn1Cc1ccccc1
CHEMBL50605,O=C(O)C(=O)CC(=O)c1cccn1Cc1ccc(F)cc1
CHEMBL85597,O=C(/C=C(\O)c1cccc(Cc2ccccc2F)c1)C(=O)N1CCN(C(=O)C(=O)/C=C(\O)c2cccc(Cc3ccccc3F)c2)CC1
CHEMBL63592,O=C(/C=C/c1ccc(O)c(O)c1)OC(C(=O)O)C(OC(=O)/C=C/c1ccc(O)c(O)c1)C(=O)O
CHEMBL63592,O=C(/C=C/c1ccc(O)c(O)c1)OC(C(=O)O)C(OC(=O)/C=C/c1ccc(O)c(O)c1)C(=O)O
CHEMBL144727,O=C(O)C(=O)CC(=O)c1cccc(Cc2cccc(F)c2)c1
CHEMBL146777,COc1ccc(C(=O)CC(=O)C(=O)O)cc1Cc1ccccc1
CHEMBL147317,COc1cc(Cc2ccccc2)cc(C(=O)CC(=O)C(=O)O)c1
CHEMBL86133,O=C(O)C(=O)/C=C(\O)c1cccc(C(c2cccc(/C(O)=C/C(=O)C(=O)O)c2)c2ccccc2F)c1
CHEMBL314866,O=C(/C=C(\O)c1cccc(Cc2ccccc2F)c1)C(=O)NCCNC(=O)C(=O)/C=C(\O)c1cccc(Cc2ccccc2F)c1
CHEMBL359212,O=C(O)C(=O)CC(=O)c1ccsc1Cc1ccccc1
CHEMBL85660,O=C(/C=C(\O)c1cccc(Cc2ccccc2F)c1)C(=O)NCCCNC(=O)C(=O)/C=C(\O)c1cccc(Cc2ccccc2F)c1
CHEMBL87764,O=C(O)C(=O)/C=C(\O)c1cccc(OCc2ccccc2COc2cccc(/C(O)=C/C(=O)C(=O)O)c2)c1
CHEMBL278545,[N-]=[N+]=NC1CCC(N=[N+]=[N-])c2cc(C(=O)CC(=O)C(=O)O)ccc21
CHEMBL20342,[N-]=[N+]=NCc1ccc(C(=O)CC(=O)C(=O)O)cc1CN=[N+]=[N-]
CHEMBL20342,[N-]=[N+]=NCc1ccc(C(=O)CC(=O)C(=O)O)cc1CN=[N+]=[N-]
CHEMBL37869,O=C(O)c1ccc2ccc(/C=C/c3cc(O)c(O)c(O)c3)nc2c1O
CHEMBL340775,Cl.O=C1/C(=C/c2ccc(O)c(O)c2)CNC/C1=C\c1ccc(O)c(O)c1
CHEMBL232801,Nc1nc[nH]n1
CHEMBL419981,O=C1/C(=C/c2ccc(O)c(O)c2)COC/C1=C\c1ccc(O)c(O)c1
CHEMBL130911,O=C1/C(=C/c2ccc(O)c(O)c2)CSC/C1=C\c1ccc(O)c(O)c1
CHEMBL37869,O=C(O)c1ccc2ccc(/C=C/c3cc(O)c(O)c(O)c3)nc2c1O
CHEMBL413552,O=c1c(O)c(-c2ccc(O)c(O)c2)oc2cc(O)c(O)c(O)c12
CHEMBL144613,CC(=O)Nc1cc(S(=O)(=O)O)cc2cc(S(=O)(=O)O)cc(O)c12
CHEMBL37869,O=C(O)c1ccc2ccc(/C=C/c3cc(O)c(O)c(O)c3)nc2c1O
CHEMBL329488,O=C([O-])c1ccc2ccc(/C=C/c3cc(O)c(O)c(O)c3)nc2c1O.[Na+]
CHEMBL18635,O=C(NCCCNC(=O)c1ccc2c(O)c(O)ccc2c1)c1ccc2c(O)c(O)ccc2c1
CHEMBL18635,O=C(NCCCNC(=O)c1ccc2c(O)c(O)ccc2c1)c1ccc2c(O)c(O)ccc2c1
CHEMBL50605,O=C(O)C(=O)CC(=O)c1cccn1Cc1ccc(F)cc1
CHEMBL403498,CC1C=C(NC(=O)C2=CC(NC(=O)C3=CC(NC(=O)c4ccc(C(=O)NC5=CC(C)C(C(=O)NC6=CC(C)C(C(=O)NC7=CC(C)C(C(=O)NCCC(=N)N)=C7)=C6)=C5)nc4)=CC3C)=CC2C)C=C1C(=O)NCCC(=N)N
CHEMBL29660,O=C(/C=C/c1ccc(O)c(O)c1)O[C@H](C(=O)O)[C@H](OC(=O)/C=C/c1ccc(O)c(O)c1)C(=O)O
CHEMBL63592,O=C(/C=C/c1ccc(O)c(O)c1)OC(C(=O)O)C(OC(=O)/C=C/c1ccc(O)c(O)c1)C(=O)O
CHEMBL409132,CC1C=C(NC(=O)C2=CC(NC(=O)C3=CC(N(C)C(=O)c4ccc(C(=O)N(C)C5=CC(C)C(C(=O)NC6=CC(C)C(C(=O)NC7=CC(C)C(C(=O)NCCCN(C)C)=C7)=C6)=C5)cc4)=CC3C)=CC2C)C=C1C(=O)NCCCN(C)C
CHEMBL413552,O=c1c(O)c(-c2ccc(O)c(O)c2)oc2cc(O)c(O)c(O)c12
CHEMBL1159990,CC(Cc1ccc(O)c(O)c1)(C(=O)O)C(C)(Cc1ccc(O)c(O)c1)C(=O)O
CHEMBL216058,CC1C=C(NC(=O)C2=CC(NC(=O)C3=CC(NC(=O)c4ccc(C(=O)NC5=CC(C)C(C(=O)NC6=CC(C)C(C(=O)NC7=CC(C)C(C(=O)NCCC(=N)N)=C7)=C6)=C5)cc4)=CC3C)=CC2C)C=C1C(=O)NCCC(=N)N
CHEMBL32865,O=C(c1cc(Cc2ccccc2)cc(CN2CCCS2(=O)=O)c1)c1ncc2cccnc2c1O
CHEMBL63592,O=C(/C=C/c1ccc(O)c(O)c1)OC(C(=O)O)C(OC(=O)/C=C/c1ccc(O)c(O)c1)C(=O)O
CHEMBL320261,O=C(O)C(=O)/C=C(\O)c1cc(OCc2ccccc2)cc(OCc2ccccc2)c1
CHEMBL1159993,[N-]=[N+]=NCc1ccc(/C(O)=C\C(=O)C(=O)O)cc1CN=[N+]=[N-]
CHEMBL1159989,[N-]=[N+]=NC1CCC(N=[N+]=[N-])c2cc(/C(O)=C\C(=O)C(=O)O)ccc21
CHEMBL421353,O=C(O)C(=O)/C=C(\O)c1cccn1Cc1ccc(F)cc1
CHEMBL36070,O=C(c1cccc(Cc2ccccc2)c1)c1ncc2cccnc2c1O
CHEMBL419981,O=C1/C(=C/c2ccc(O)c(O)c2)COC/C1=C\c1ccc(O)c(O)c1
CHEMBL130911,O=C1/C(=C/c2ccc(O)c(O)c2)CSC/C1=C\c1ccc(O)c(O)c1
CHEMBL1161516,O=C1/C(=C/c2ccc(O)c(O)c2)CNC/C1=C\c1ccc(O)c(O)c1
CHEMBL142072,O=C(c1cc(Cc2ccccc2)ccn1)c1ccc2cccnc2c1O
CHEMBL36070,O=C(c1cccc(Cc2ccccc2)c1)c1ncc2cccnc2c1O
CHEMBL19464,O=C(O)C(=O)CC(=O)c1cccc(Cc2ccccc2)c1
CHEMBL32865,O=C(c1cc(Cc2ccccc2)cc(CN2CCCS2(=O)=O)c1)c1ncc2cccnc2c1O
CHEMBL32865,O=C(c1cc(Cc2ccccc2)cc(CN2CCCS2(=O)=O)c1)c1ncc2cccnc2c1O
CHEMBL368301,O=C1c2c(c(O)c3nccnc3c2O)C(=O)N1Cc1ccc(F)c(Cl)c1
CHEMBL367104,O=C1c2c(c(O)c3nccnc3c2O)C(=O)N1Cc1cccc(Cl)c1
CHEMBL424782,O=C1c2c(c(O)c3nccnc3c2O)C(=O)N1Cc1ccc(Cl)c(Cl)c1
CHEMBL360752,O=C1c2c(c(O)c3nccnc3c2O)C(=O)N1Cc1cc(Cl)cc(Cl)c1
CHEMBL2068731,CC(C)Oc1ccc(Cc2ccccc2)cc1/C([O-])=C/C(=O)C(=O)[O-].[Mg+2]
CHEMBL2079773,O=S1(=O)CCCCN1c1nc(/C([O-])=N/Cc2ccc(F)cc2)c([O-])c2ncccc12.[Mg+2]
CHEMBL177640,Cc1ccc2c(O)c3c(c(O)c2n1)C(=O)N(Cc1cccc(Br)c1)C3=O
CHEMBL425516,O=C1c2c(c(O)c3nccnc3c2O)C(=O)N1Cc1cccc(Br)c1
CHEMBL368084,O=C(/C=C(\O)c1ccc(Cc2ccc(F)cc2)o1)c1nc[nH]n1
CHEMBL32865,O=C(c1cc(Cc2ccccc2)cc(CN2CCCS2(=O)=O)c1)c1ncc2cccnc2c1O
CHEMBL414850,O=C(NCc1ccc(F)cc1)c1nc(N2CCCCS2(=O)=O)c2cccnc2c1O
CHEMBL414850,O=C(NCc1ccc(F)cc1)c1nc(N2CCCCS2(=O)=O)c2cccnc2c1O
CHEMBL414850,O=C(NCc1ccc(F)cc1)c1nc(N2CCCCS2(=O)=O)c2cccnc2c1O
CHEMBL414850,O=C(NCc1ccc(F)cc1)c1nc(N2CCCCS2(=O)=O)c2cccnc2c1O
CHEMBL421353,O=C(O)C(=O)/C=C(\O)c1cccn1Cc1ccc(F)cc1
CHEMBL142072,O=C(c1cc(Cc2ccccc2)ccn1)c1ccc2cccnc2c1O
CHEMBL320261,O=C(O)C(=O)/C=C(\O)c1cc(OCc2ccccc2)cc(OCc2ccccc2)c1
CHEMBL371471,COc1cc(Cc2ccccc2)cc(/C(O)=C/C(=O)C(=O)O)c1
CHEMBL198000,O=C(O)C(=O)/C=C(\O)c1cccc(Cc2cccc(F)c2)c1
CHEMBL193759,O=C(O)C(=O)/C=C(\O)c1cccc(Cc2ccccc2)c1
CHEMBL368084,O=C(/C=C(\O)c1ccc(Cc2ccc(F)cc2)o1)c1nc[nH]n1
CHEMBL380588,NC(=O)C(=O)Nc1nc(C(=O)NCc2ccc(F)cc2)c(O)c2ncccc12
CHEMBL36070,O=C(c1cccc(Cc2ccccc2)c1)c1ncc2cccnc2c1O
CHEMBL194833,COc1ccc(Cc2ccccc2)cc1/C(O)=C/C(=O)C(=O)O
CHEMBL197584,COc1ccc(/C(O)=C/C(=O)C(=O)O)cc1Cc1ccccc1
CHEMBL197638,O=C(O)C(=O)/C=C(\O)c1ccsc1Cc1ccccc1
CHEMBL371867,O=C(O)C(=O)/C=C(\O)c1cccn1Cc1ccccc1
CHEMBL197001,CCOC(=O)C(=O)/C=C(\O)c1cn(Cc2ccccc2)c2ccc(Cl)cc12
CHEMBL197001,CCOC(=O)C(=O)/C=C(\O)c1cn(Cc2ccccc2)c2ccc(Cl)cc12
CHEMBL365604,CCOC(=O)C(=O)/C=C(\O)c1cn(Cc2ccc(F)cc2)c2ccc(Cl)cc12
CHEMBL194241,CCOC(=O)C(=O)/C=C(\O)c1cn(Cc2ccccc2)c2ccc(OC)cc12
CHEMBL372325,CCOC(=O)C(=O)/C=C(\O)c1cn(Cc2ccc(F)cc2)c2ccc(OC)cc12
CHEMBL186820,O=C(O)C(=O)/C=C(\O)c1cn(Cc2ccccc2)c2ccccc12
CHEMBL186820,O=C(O)C(=O)/C=C(\O)c1cn(Cc2ccccc2)c2ccccc12
CHEMBL198001,O=C(O)C(=O)/C=C(\O)c1cn(Cc2ccc(F)cc2)c2ccccc12
CHEMBL198001,O=C(O)C(=O)/C=C(\O)c1cn(Cc2ccc(F)cc2)c2ccccc12
CHEMBL194735,O=C(O)C(=O)/C=C(\O)c1cn(Cc2ccccc2)c2ccc(Cl)cc12
CHEMBL194735,O=C(O)C(=O)/C=C(\O)c1cn(Cc2ccccc2)c2ccc(Cl)cc12
CHEMBL363170,O=C(O)C(=O)/C=C(\O)c1cn(Cc2ccc(F)cc2)c2ccc(Cl)cc12
CHEMBL363170,O=C(O)C(=O)/C=C(\O)c1cn(Cc2ccc(F)cc2)c2ccc(Cl)cc12
CHEMBL196689,COc1ccc2c(c1)c(/C(O)=C/C(=O)C(=O)O)cn2Cc1ccccc1
CHEMBL196689,COc1ccc2c(c1)c(/C(O)=C/C(=O)C(=O)O)cn2Cc1ccccc1
CHEMBL196391,COc1ccc2c(c1)c(/C(O)=C/C(=O)C(=O)O)cn2Cc1ccc(F)cc1
CHEMBL196391,COc1ccc2c(c1)c(/C(O)=C/C(=O)C(=O)O)cn2Cc1ccc(F)cc1
CHEMBL199145,O=C(NCc1ccc(F)cc1)c1ncc2cccnc2c1O
CHEMBL371007,O=C1CC(c2nc(C(=O)NCc3ccc(F)cc3)c(O)c3ncccc23)NC(=O)N1
CHEMBL425924,CN1C(=O)NC(=O)CC1c1nc(C(=O)NCc2ccc(F)cc2)c(O)c2ncccc12
CHEMBL382965,CN1C(=O)CC(c2nc(C(=O)NCc3ccc(F)cc3)c(O)c3ncccc23)NC1=O
CHEMBL198160,CN1C(=O)CC(c2nc(C(=O)NCc3ccc(F)cc3)c(O)c3ncccc23)N(C)C1=O
CHEMBL371007,O=C1CC(c2nc(C(=O)NCc3ccc(F)cc3)c(O)c3ncccc23)NC(=O)N1
CHEMBL371007,O=C1CC(c2nc(C(=O)NCc3ccc(F)cc3)c(O)c3ncccc23)NC(=O)N1
CHEMBL198160,CN1C(=O)CC(c2nc(C(=O)NCc3ccc(F)cc3)c(O)c3ncccc23)N(C)C1=O
CHEMBL198160,CN1C(=O)CC(c2nc(C(=O)NCc3ccc(F)cc3)c(O)c3ncccc23)N(C)C1=O
CHEMBL198160,CN1C(=O)CC(c2nc(C(=O)NCc3ccc(F)cc3)c(O)c3ncccc23)N(C)C1=O
CHEMBL370620,O=C(O)C(=O)/C=C(\O)c1cn(Cc2ccccc2)c(=O)n(Cc2ccccc2)c1=O
CHEMBL377501,O=C(O)C(=O)/C=C(\O)c1ccc2c(c1)c(=O)c(/C(O)=C/C(=O)C(=O)O)cn2Cc1ccc(F)cc1
CHEMBL377501,O=C(O)C(=O)/C=C(\O)c1ccc2c(c1)c(=O)c(/C(O)=C/C(=O)C(=O)O)cn2Cc1ccc(F)cc1
CHEMBL204751,CCOC(=O)C(=O)/C=C(\O)c1ccc2c(c1)c(=O)c(/C(O)=C/C(=O)C(=O)OCC)cn2Cc1ccc(F)cc1
CHEMBL377501,O=C(O)C(=O)/C=C(\O)c1ccc2c(c1)c(=O)c(/C(O)=C/C(=O)C(=O)O)cn2Cc1ccc(F)cc1
CHEMBL204751,CCOC(=O)C(=O)/C=C(\O)c1ccc2c(c1)c(=O)c(/C(O)=C/C(=O)C(=O)OCC)cn2Cc1ccc(F)cc1
CHEMBL377501,O=C(O)C(=O)/C=C(\O)c1ccc2c(c1)c(=O)c(/C(O)=C/C(=O)C(=O)O)cn2Cc1ccc(F)cc1
CHEMBL414850,O=C(NCc1ccc(F)cc1)c1nc(N2CCCCS2(=O)=O)c2cccnc2c1O
CHEMBL204656,COc1cc2c(cc1Cc1cccc(Cl)c1F)c(=O)c(C(=O)O)cn2[C@H](CO)C(C)C
CHEMBL206604,CC(C)[C@@H](CO)n1cc(C(=O)O)c(=O)c2cc(Cc3cccc(Cl)c3F)ccc21
CHEMBL203443,COc1cc2c(cc1Cc1cccc(Cl)c1F)c(=O)c(C(=O)O)cn2CCO
CHEMBL379664,O=C(O)c1cn(CCO)c2ccc(Cc3cccc(Cl)c3F)cc2c1=O
CHEMBL270717,O=C(O)c1c[nH]c2ccc(Cc3cccc(Cl)c3F)cc2c1=O
CHEMBL199145,O=C(NCc1ccc(F)cc1)c1ncc2cccnc2c1O
CHEMBL379658,CCN1CCN(c2nc(C(=O)NCc3ccc(F)cc3)c(O)c3ncccc23)C(=O)C1=O
CHEMBL209307,CN(C(=O)C(=O)N1CCCC1)c1nc(C(=O)NCc2ccc(F)cc2)c(O)c2ncccc12
CHEMBL210234,CN(C(=O)C(=O)N1CCCCC1)c1nc(C(=O)NCc2ccc(F)cc2)c(O)c2ncccc12
CHEMBL210233,CN(C(=O)C(N)=O)c1nc(C(=O)NCc2ccc(F)cc2)c(O)c2ncccc12
CHEMBL378029,CNC(=O)C(=O)N(C)c1nc(C(=O)NCc2ccc(F)cc2)c(O)c2ncccc12
CHEMBL426686,CN(C)C(=O)C(=O)N(C)c1nc(C(=O)NCc2ccc(F)cc2)c(O)c2ncccc12
CHEMBL377759,CC(=O)N(C)c1nc(C(=O)NCc2ccc(F)cc2)c(O)c2ncccc12
CHEMBL208776,CN(C)C(=O)CN(C)c1nc(C(=O)NCc2ccc(F)cc2)c(O)c2ncccc12
CHEMBL379132,CC(=O)N(C)CCN(C)c1nc(C(=O)NCc2ccc(F)cc2)c(O)c2ncccc12
CHEMBL441683,CN1CCN(c2nc(C(=O)NCc3ccc(F)cc3)c(O)c3ncccc23)CC1
CHEMBL209872,CC(=O)N1CCN(c2nc(C(=O)NCc3ccc(F)cc3)c(O)c3ncccc23)CC1
CHEMBL50605,O=C(O)C(=O)CC(=O)c1cccn1Cc1ccc(F)cc1
CHEMBL211014,O=C(CC(=O)C(=O)O)CC(=O)c1ccccc1Cl
CHEMBL50605,O=C(O)C(=O)CC(=O)c1cccn1Cc1ccc(F)cc1
CHEMBL211028,O=C(/C=C(\O)C(=O)O)CCc1ccc(Cl)c(Cl)c1
CHEMBL108760,O=C(O)C(=O)/C=C(\O)c1c[nH]c2ccc(Cl)cc12
CHEMBL209440,COc1c2c(c(O)c3ncccc13)C(=O)N(Cc1ccc(F)cc1)C2
CHEMBL377267,COc1c2c(c(O)c3ncccc13)C(=O)N(Cc1ccc(F)cc1)C2C
CHEMBL213852,C=C1c2c(c(O)c3ncccc3c2OC)C(=O)N1Cc1ccc(F)cc1
CHEMBL212412,COc1c2c(c(O)c3ncccc13)C(=O)N(Cc1ccc(F)cc1)C21CC1
CHEMBL384158,COc1c2c(c(O)c3ncccc13)C(=O)N(Cc1ccc(F)cc1)C2(C)C
CHEMBL212000,COc1c2c(c(O)c3ncccc13)C(=O)N(Cc1ccc(F)cc1)C2O
CHEMBL384912,COc1c2c(c(O)c3ncccc13)C(=O)N(Cc1ccc(F)cc1)C2OC
CHEMBL209641,COC(=O)CCSC1c2c(c(O)c3ncccc3c2OC)C(=O)N1Cc1ccc(F)cc1
CHEMBL213467,COc1c2c(c(O)c3ncccc13)C(=O)N(Cc1ccc(F)cc1)C2SCCC(=O)O
CHEMBL385825,COc1c2c(c(O)c3ncccc13)C(=O)N(Cc1ccc(F)cc1)C2SCCC(=O)N1CCNCC1.O=C(O)C(F)(F)F
CHEMBL209958,O=C1c2c(c(O)c3ncccc3c2O)C(=O)N1Cc1ccc(F)cc1
CHEMBL214371,CN(C)S(=O)(=O)Oc1c2c(c(O)c3ncccc13)C(=O)N(Cc1ccc(F)cc1)C2
CHEMBL212213,COc1c2c(c(O)c3ncc(F)cc13)C(=O)N(Cc1ccc(F)cc1)C2
CHEMBL386055,COc1cnc2c(O)c3c(c(OC)c2c1)CN(Cc1ccc(F)cc1)C3=O
CHEMBL214371,CN(C)S(=O)(=O)Oc1c2c(c(O)c3ncccc13)C(=O)N(Cc1ccc(F)cc1)C2
CHEMBL212982,CN(C)S(=O)(=O)Oc1c2c(c(O)c3nccnc13)C(=O)N(Cc1ccc(F)cc1)C2
CHEMBL209488,COc1c2c(c(O)c3nccnc13)C(=O)N(Cc1ccc(F)cc1)C2
CHEMBL209440,COc1c2c(c(O)c3ncccc13)C(=O)N(Cc1ccc(F)cc1)C2
CHEMBL414850,O=C(NCc1ccc(F)cc1)c1nc(N2CCCCS2(=O)=O)c2cccnc2c1O
CHEMBL209854,O=C1c2c(c(C(=O)N3CCOCC3)c3cccnc3c2O)CN1Cc1ccc(F)cc1
CHEMBL211110,O=C(NCc1ccccn1)c1c2c(c(O)c3ncccc13)C(=O)N(Cc1ccc(F)cc1)C2
CHEMBL209440,COc1c2c(c(O)c3ncccc13)C(=O)N(Cc1ccc(F)cc1)C2
CHEMBL211634,O=C1c2c(cc3cccnc3c2O)CN1Cc1ccc(F)cc1
CHEMBL212921,COc1c2c(c(O)c3ncccc13)C(=O)N(Cc1ccc(F)cc1)C2=O
CHEMBL437708,O=C(NCc1ccccc1)c1nc(-c2cccs2)nc(O)c1O
CHEMBL216874,O=C(NCc1ccc(F)cc1)c1nc(-c2cccs2)nc(O)c1O
CHEMBL407451,CN1CCCCC1c1nc(O)c(O)c(C(=O)NCc2ccc(F)cc2)n1
CHEMBL386515,CN(C)C(C)(C)c1nc(O)c(O)c(C(=O)NCc2ccc(F)cc2)n1
CHEMBL216373,CN(C)Cc1nc(O)c(O)c(C(=O)NCc2ccc(F)cc2)n1
CHEMBL216317,CC(c1nc(O)c(O)c(C(=O)NCc2ccc(F)cc2)n1)N(C)C
CHEMBL217776,CN(C)C(c1ccccc1)c1nc(O)c(O)c(C(=O)NCc2ccc(F)cc2)n1
CHEMBL217020,O=C(NCc1ccc(F)cc1)c1nc(Cc2ccccc2)nc(O)c1O
CHEMBL385951,O=C(NCc1ccccc1)c1nc(-c2ccccc2)nc(O)c1O
CHEMBL217285,Cc1nc(C(=O)NCc2ccc(F)cc2)c(O)c(=O)[nH]1
CHEMBL217566,O=C(NCc1ccc(F)cc1)c1ncnc(O)c1O
CHEMBL386710,CN1CCOCC1c1nc(C(=O)NCc2ccc(F)cc2)c(O)c(=O)n1C
CHEMBL386710,CN1CCOCC1c1nc(C(=O)NCc2ccc(F)cc2)c(O)c(=O)n1C
CHEMBL386710,CN1CCOCC1c1nc(C(=O)NCc2ccc(F)cc2)c(O)c(=O)n1C
CHEMBL216389,CN1CCCCC1c1nc(C(=O)NCc2ccc(F)cc2)c(O)c(=O)n1C
CHEMBL178865,O=[N+]([O-])c1ccc(C2c3c(O)nc(S)nc3Oc3nc(S)nc(O)c32)cc1
CHEMBL242883,O=C(O)/C(O)=C/C(=O)c1cccc(Cc2ccccc2)c1
CHEMBL226764,CN1CCCC1c1nc(O)c(O)c(C(=O)NCc2ccc(F)cc2)n1
CHEMBL395819,CN1CCOCC1c1nc(C(=O)NCc2ccc(F)c(Br)c2)c(O)c(=O)n1C
CHEMBL394610,CN1CCOCC1c1nc(C(=O)NCc2ccc(F)c(Cl)c2)c(O)c(=O)n1C
CHEMBL244236,Cc1cc(CNC(=O)c2nc(C3COCCN3C)n(C)c(=O)c2O)ccc1F
CHEMBL394353,CN1CCOCC1c1nc(C(=O)NCc2ccc(F)c(F)c2)c(O)c(=O)n1C
CHEMBL244235,COc1cccc(CNC(=O)c2nc(C3COCCN3C)n(C)c(=O)c2O)c1
CHEMBL244863,CN1CCOCC1c1nc(C(=O)NCc2cccc(Br)c2)c(O)c(=O)n1C
CHEMBL389142,CN1CCOCC1c1nc(C(=O)NCc2cccc(Cl)c2)c(O)c(=O)n1C
CHEMBL244651,CN1CCOCC1c1nc(C(=O)NCc2cccc(F)c2)c(O)c(=O)n1C
CHEMBL389141,CN1CCOCC1c1nc(C(=O)NCc2ccccc2F)c(O)c(=O)n1C
CHEMBL428215,CN1CCOCC1c1nc(C(=O)NCCc2ccccc2)c(O)c(=O)n1C
CHEMBL428570,CN1CCOCC1c1nc(C(=O)NCc2ccccc2)c(O)c(=O)n1C
CHEMBL243377,Cn1c(C2COCCN2C(=O)OC(C)(C)C)nc(C(=O)NCc2ccc(F)cc2)c(O)c1=O
CHEMBL389829,CC(=O)N1CCOCC1c1nc(C(=O)NCc2ccc(F)cc2)c(O)c(=O)n1C
CHEMBL243366,CCN1CCOCC1c1nc(C(=O)NCc2ccc(F)cc2)c(O)c(=O)n1C
CHEMBL394782,Cn1c(C2COCCN2)nc(C(=O)NCc2ccc(F)cc2)c(O)c1=O
CHEMBL216683,CN1CCOCC1c1nc(O)c(O)c(C(=O)NCc2ccc(F)cc2)n1
CHEMBL243365,CN1CCN(S(=O)(=O)N(C)C)CC1c1nc(C(=O)NCc2ccc(F)cc2)c(O)c(=O)n1C
CHEMBL243151,CN1CCN(S(=O)(=O)c2ccccc2)CC1c1nc(C(=O)NCc2ccc(F)cc2)c(O)c(=O)n1C
CHEMBL243150,CN1CCN(S(C)(=O)=O)CC1c1nc(C(=O)NCc2ccc(F)cc2)c(O)c(=O)n1C
CHEMBL394781,CCNC(=O)N1CCN(C)C(c2nc(C(=O)NCc3ccc(F)cc3)c(O)c(=O)n2C)C1
CHEMBL242926,CN(C)CC(=O)N1CCN(C)C(c2nc(C(=O)NCc3ccc(F)cc3)c(O)c(=O)n2C)C1
CHEMBL242924,CN1CCN(C(=O)c2ccccc2)CC1c1nc(C(=O)NCc2ccc(F)cc2)c(O)c(=O)n1C
CHEMBL394786,CC(=O)N1CCN(C)C(c2nc(C(=O)NCc3ccc(F)cc3)c(O)c(=O)n2C)C1
CHEMBL394537,CN1CCN(C(=O)OC(C)(C)C)CC1c1nc(C(=O)NCc2ccc(F)cc2)c(O)c(=O)n1C
CHEMBL242609,CC(C)N1CCN(C)C(c2nc(C(=O)NCc3ccc(F)cc3)c(O)c(=O)n2C)C1
CHEMBL394536,CCN1CCN(C)C(c2nc(C(=O)NCc3ccc(F)cc3)c(O)c(=O)n2C)C1
CHEMBL427698,CN1CCNCC1c1nc(C(=O)NCc2ccc(F)cc2)c(O)c(=O)n1C
CHEMBL430194,CN1CC(c2nc(C(=O)NCc3ccc(F)cc3)c(O)c(=O)n2C)N(C)CC1=O
CHEMBL244754,CN1CCN(C)C(c2nc(C(=O)NCc3ccc(F)cc3)c(O)c(=O)n2C)C1
CHEMBL397268,CN1CCS(=O)(=O)CC1c1nc(C(=O)NCc2ccc(F)cc2)c(O)c(=O)n1C
CHEMBL389566,CN1CC[S+]([O-])CC1c1nc(C(=O)NCc2ccc(F)cc2)c(O)c(=O)n1C
CHEMBL244904,CN1CCSCC1c1nc(C(=O)NCc2ccc(F)cc2)c(O)c(=O)n1C
CHEMBL386710,CN1CCOCC1c1nc(C(=O)NCc2ccc(F)cc2)c(O)c(=O)n1C
CHEMBL243655,CN1CC[C@@H](OCc2ccccc2)C[C@H]1c1nc(C(=O)NCc2ccc(F)cc2)c(O)c(=O)n1C
CHEMBL243265,CN1CC[C@@H](O)C[C@H]1c1nc(C(=O)NCc2ccc(F)cc2)c(O)c(=O)n1C
CHEMBL244520,CN1CC(F)(F)C[C@H]1c1nc(C(=O)NCc2ccc(F)cc2)c(O)c(=O)n1C
CHEMBL394847,CN1C[C@H](F)C[C@H]1c1nc(C(=O)NCc2ccc(F)cc2)c(O)c(=O)n1C
CHEMBL388908,CN1C[C@@H](F)C[C@H]1c1nc(C(=O)NCc2ccc(F)cc2)c(O)c(=O)n1C
CHEMBL244700,CC(=O)N[C@H]1C[C@@H](c2nc(C(=O)NCc3ccc(F)cc3)c(O)c(=O)n2C)N(C)C1
CHEMBL242561,CN1C[C@@H](NS(C)(=O)=O)C[C@H]1c1nc(C(=O)NCc2ccc(F)cc2)c(O)c(=O)n1C
CHEMBL389332,CN1C[C@H](OCc2ccccc2)C[C@H]1c1nc(C(=O)NCc2ccc(F)cc2)c(O)c(=O)n1C
CHEMBL242353,CCO[C@@H]1C[C@@H](c2nc(C(=O)NCc3ccc(F)cc3)c(O)c(=O)n2C)N(C)C1
CHEMBL389331,CO[C@@H]1C[C@@H](c2nc(C(=O)NCc3ccc(F)cc3)c(O)c(=O)n2C)N(C)C1
CHEMBL242137,CN1C[C@H](O)C[C@H]1c1nc(C(=O)NCc2ccc(F)cc2)c(O)c(=O)n1C
CHEMBL390225,C[C@@H]1C[C@@H](c2nc(C(=O)NCc3ccc(F)cc3)c(O)c(=O)n2C)N(C)C1
CHEMBL390027,C[C@H]1C[C@@H](c2nc(C(=O)NCc3ccc(F)cc3)c(O)c(=O)n2C)N(C)C1
CHEMBL244964,CN1CCC[C@H]1c1nc(C(=O)NCc2ccc(F)cc2)c(O)c(=O)n1C
CHEMBL244963,CN1CCCC1c1nc(C(=O)NCc2ccc(F)cc2)c(O)c(=O)n1C
CHEMBL407451,CN1CCCCC1c1nc(O)c(O)c(C(=O)NCc2ccc(F)cc2)n1
CHEMBL216874,O=C(NCc1ccc(F)cc1)c1nc(-c2cccs2)nc(O)c1O
CHEMBL437708,O=C(NCc1ccccc1)c1nc(-c2cccs2)nc(O)c1O
CHEMBL1161980,CN1CCOCC1c1nc(C(=O)NCc2ccc(F)cc2)c(O)c(=O)n1C.O=C(O)C(F)(F)F
CHEMBL538587,CN1CCOCC1c1nc(C(=O)NCc2ccc(F)cc2)c(O)c(=O)n1C.Cl
CHEMBL538587,CN1CCOCC1c1nc(C(=O)NCc2ccc(F)cc2)c(O)c(=O)n1C.Cl
CHEMBL437708,O=C(NCc1ccccc1)c1nc(-c2cccs2)nc(O)c1O
CHEMBL232446,O=C(NCc1ccc(Cl)c(Cl)c1)c1nc(-c2cccs2)nc(O)c1O
CHEMBL216874,O=C(NCc1ccc(F)cc1)c1nc(-c2cccs2)nc(O)c1O
CHEMBL398211,O=C(NCc1cccc(F)c1)c1nc(-c2cccs2)nc(O)c1O
CHEMBL232445,O=C(NCc1ccccc1F)c1nc(-c2cccs2)nc(O)c1O
CHEMBL232444,O=C(NCc1ccc(Cl)cc1)c1nc(-c2cccs2)nc(O)c1O
CHEMBL232630,O=C(NCc1cccc(-c2ccccc2)c1)c1nc(-c2cccs2)nc(O)c1O
CHEMBL389093,O=C(NCc1ccccc1-c1ccccc1)c1nc(-c2cccs2)nc(O)c1O
CHEMBL277754,Cc1ccc(CNC(=O)c2nc(-c3cccs3)nc(O)c2O)cc1
CHEMBL232629,Cc1cccc(CNC(=O)c2nc(-c3cccs3)nc(O)c2O)c1
CHEMBL232437,Cc1ccccc1CNC(=O)c1nc(-c2cccs2)nc(O)c1O
CHEMBL438113,COc1cccc(CNC(=O)c2nc(-c3cccs3)nc(O)c2O)c1
CHEMBL232435,COc1ccccc1CNC(=O)c1nc(-c2cccs2)nc(O)c1O
CHEMBL232228,O=C(NCc1c[nH]c2ccccc12)c1nc(-c2cccs2)nc(O)c1O
CHEMBL232227,O=C(Nc1csc2ccccc12)c1nc(-c2cccs2)nc(O)c1O
CHEMBL232226,O=C(Nc1cc2ccccc2s1)c1nc(-c2cccs2)nc(O)c1O
CHEMBL232025,O=C(Nc1nccs1)c1nc(-c2cccs2)nc(O)c1O
CHEMBL388419,O=C(Nc1cccs1)c1nc(-c2cccs2)nc(O)c1O
CHEMBL390433,O=C(N[C@H]1CCc2ccccc21)c1nc(-c2cccs2)nc(O)c1O
CHEMBL234922,CN(C(=O)c1nc(-c2cccs2)nc(O)c1O)c1cccc2ccccc12
CHEMBL437361,C[C@H](NC(=O)c1nc(-c2cccs2)nc(O)c1O)c1ccc2ccccc2c1
CHEMBL234707,O=C(Nc1cccc2ccccc12)c1nc(-c2cccs2)nc(O)c1O
CHEMBL226916,O=C(NCCc1ccccc1)c1nc(-c2cccs2)nc(O)c1O
CHEMBL237942,O=C1c2c(O)c(O)c(I)c(=O)n2CCN1Cc1ccc(F)cc1
CHEMBL394905,O=C1c2c(O)c(O)c(Br)c(=O)n2CCN1Cc1ccc(F)cc1
CHEMBL237728,N#Cc1c(O)c(O)c2n(c1=O)CCN(Cc1ccc(F)cc1)C2=O
CHEMBL237727,O=C1c2c(O)c(O)cc(=O)n2CCN1Cc1ccc(F)c(Cl)c1
CHEMBL237726,O=C1c2c(O)c(O)cc(=O)n2CCN1Cc1cccc(Cl)c1
CHEMBL237083,O=C1c2c(O)c(O)cc(=O)n2CCN1Cc1ccccc1
CHEMBL237725,O=c1c2c(O)c(O)cc(=O)n2ccn1Cc1ccc(F)cc1
CHEMBL237724,O=C1c2c(O)c(O)cc(=O)n2CCN1Cc1ccc(F)cc1
CHEMBL239413,CCOC(=O)c1cn2c(c1O)C(=O)N(Cc1ccc(F)cc1)CC2
CHEMBL236409,CNC(=O)c1cn2c(c1O)C(=O)N(Cc1ccc(Cl)c(Cl)c1)CC2
CHEMBL236408,CNC(=O)c1cn2c(c1O)C(=O)N(Cc1ccc(Cl)cc1)CC2
CHEMBL396890,CNC(=O)c1cn2c(c1O)C(=O)N(Cc1ccc(F)cc1)CC2
CHEMBL428565,O=C(O)c1cn2c(c1O)C(=O)N(Cc1cccc(Cl)c1)CC2
CHEMBL240694,O=C(O)c1cn2c(c1O)C(=O)N(Cc1ccccc1)CC2
CHEMBL240692,CCOC(=O)c1cn2c(c1O)C(=O)N(Cc1ccc(Cl)c(Cl)c1)CC2
CHEMBL240481,CCOC(=O)c1cn2c(c1O)C(=O)N(Cc1ccc(F)c(Cl)c1)CC2
CHEMBL240479,CCOC(=O)c1cn2c(c1O)C(=O)N(Cc1cccc(Cl)c1)CC2
CHEMBL240272,CCOC(=O)c1cn2c(c1O)C(=O)N(Cc1cccc(F)c1)CC2
CHEMBL240058,CCOC(=O)c1cn2c(c1O)C(=O)N(Cc1ccc(Cl)cc1)CC2
CHEMBL240057,CCOC(=O)c1cn2c(c1O)C(=O)N(Cc1ccccc1)CC2
CHEMBL394251,CN(C)C(=O)Cc1ccccc1CNC(=O)c1nc(N2CCCCS2(=O)=O)c2cccnc2c1O
CHEMBL247570,CN(C)S(=O)(=O)c1cc(F)ccc1CNC(=O)c1nc(N2CCCCS2(=O)=O)c2cccnc2c1O
CHEMBL245519,NS(=O)(=O)c1cc(F)ccc1CNC(=O)c1nc(N2CCCCS2(=O)=O)c2cccnc2c1O
CHEMBL245719,CNC(=O)c1cc(F)ccc1CNC(=O)c1nc(N2CCCCS2(=O)=O)c2cccnc2c1O
CHEMBL245717,CN(C)C(=O)c1cc(F)ccc1CNC(=O)c1nc(N2CCCCS2(=O)=O)c2cccnc2c1O
CHEMBL437940,CNS(=O)(=O)c1cc(F)ccc1CNC(=O)c1nc(N2CCCCS2(=O)=O)c2cccnc2c1O
CHEMBL246744,CNC(=O)Cc1ccccc1CNC(=O)c1nc(N2CCCCS2(=O)=O)c2cccnc2c1O
CHEMBL246535,O=C(NCc1ccccc1)c1nc(N2CCCCS2(=O)=O)c2cccnc2c1O
CHEMBL414850,O=C(NCc1ccc(F)cc1)c1nc(N2CCCCS2(=O)=O)c2cccnc2c1O
CHEMBL246774,CNC(=O)c1cc(F)ccc1CNC(=O)c1ncc2cccnc2c1O
CHEMBL199145,O=C(NCc1ccc(F)cc1)c1ncc2cccnc2c1O
CHEMBL19977,O=C(O)C(=O)CC(=O)c1cc(OCc2ccccc2)cc(OCc2ccccc2)c1
CHEMBL204656,COc1cc2c(cc1Cc1cccc(Cl)c1F)c(=O)c(C(=O)O)cn2[C@H](CO)C(C)C
CHEMBL218227,O=C(/C=C(\O)c1nc[nH]n1)c1ccc(Cc2ccc(F)cc2)o1
CHEMBL253342,O=C1c2c(ccc(O)c2O)CN1Cc1ccc(F)c(Cl)c1
CHEMBL427715,O=C1c2c(ccc(O)c2O)CN1N(S(=O)(=O)c1ccc(O)c(O)c1)S(=O)(=O)c1ccc(O)c(O)c1
CHEMBL270717,O=C(O)c1c[nH]c2ccc(Cc3cccc(Cl)c3F)cc2c1=O
CHEMBL408699,COc1cc2c(cc1Cc1cccc(Cl)c1F)c(=O)c(C(=O)O)cn2[C@@H](CO)C(C)C
CHEMBL273128,CC(C)[C@H](CO)n1cc(C(=O)O)c(=O)c2cc(Cc3cccc(Cl)c3F)ccc21
CHEMBL203443,COc1cc2c(cc1Cc1cccc(Cl)c1F)c(=O)c(C(=O)O)cn2CCO
CHEMBL379664,O=C(O)c1cn(CCO)c2ccc(Cc3cccc(Cl)c3F)cc2c1=O
CHEMBL272420,COc1ccc(/C=C2\C(=O)N(c3nnn[nH]3)N=C2C)cc1OCc1ccccc1Cl
CHEMBL272420,COc1ccc(/C=C2\C(=O)N(c3nnn[nH]3)N=C2C)cc1OCc1ccccc1Cl
CHEMBL405927,N#Cc1c(-c2ccc(Cl)cc2)cc(-c2ccccc2)nc1SCC(=O)O
CHEMBL272193,CCOc1cc(N(CC)CC)ccc1/C=C1\C(=O)N(c2nnn[nH]2)N=C1C
CHEMBL272194,CC1=NN(c2nnn[nH]2)C(=O)/C1=C\c1cc(Cl)c(O)c(Cl)c1
CHEMBL260096,CCOc1cc(/C=C2\C(=O)N(c3nnn[nH]3)N=C2C)ccc1OC
CHEMBL429327,CCOc1cc(/C=C2\C(=O)N(c3nnn[nH]3)N=C2C)cc(Cl)c1OCC
CHEMBL412149,COc1cc(/C=C2\C(=O)N(c3nnn[nH]3)N=C2C)cc(Cl)c1OC
CHEMBL260960,COc1cccc(NC(=O)c2sc3[nH]c(=O)c(C(=O)O)cc3c2N)c1
CHEMBL406595,Nc1c(C(=O)Nc2ccc(Cl)c(Cl)c2)sc2[nH]c(=O)c(C(=O)O)cc12
CHEMBL406596,Cc1ccc(C(=O)O)cc1NC(=O)CSc1nc2ccccc2s1
CHEMBL409315,O=C(O)CN1C(=O)/C(=C2\SC(=S)N(C(Cc3ccccc3)C(=O)O)C2=O)c2ccccc21
CHEMBL272642,Cc1ccc2nc(-c3ccc(NC(=O)/C=C/C(=O)O)cc3)sc2c1
CHEMBL261833,O=C(O)c1ccccc1NC(=O)c1ccccc1S(=O)(=O)Nc1ccc(Oc2ccccc2)cc1
CHEMBL272418,CCOc1cc(CNc2nn[nH]n2)cc(Cl)c1OCc1ccc(Cl)cc1
CHEMBL407352,O=C(O)CSc1nnc(-c2ccco2)c(-c2ccco2)n1
CHEMBL405927,N#Cc1c(-c2ccc(Cl)cc2)cc(-c2ccccc2)nc1SCC(=O)O
CHEMBL272193,CCOc1cc(N(CC)CC)ccc1/C=C1\C(=O)N(c2nnn[nH]2)N=C1C
CHEMBL272194,CC1=NN(c2nnn[nH]2)C(=O)/C1=C\c1cc(Cl)c(O)c(Cl)c1
CHEMBL260096,CCOc1cc(/C=C2\C(=O)N(c3nnn[nH]3)N=C2C)ccc1OC
CHEMBL429327,CCOc1cc(/C=C2\C(=O)N(c3nnn[nH]3)N=C2C)cc(Cl)c1OCC
CHEMBL412149,COc1cc(/C=C2\C(=O)N(c3nnn[nH]3)N=C2C)cc(Cl)c1OC
CHEMBL260960,COc1cccc(NC(=O)c2sc3[nH]c(=O)c(C(=O)O)cc3c2N)c1
CHEMBL406595,Nc1c(C(=O)Nc2ccc(Cl)c(Cl)c2)sc2[nH]c(=O)c(C(=O)O)cc12
CHEMBL406596,Cc1ccc(C(=O)O)cc1NC(=O)CSc1nc2ccccc2s1
CHEMBL409315,O=C(O)CN1C(=O)/C(=C2\SC(=S)N(C(Cc3ccccc3)C(=O)O)C2=O)c2ccccc21
CHEMBL272642,Cc1ccc2nc(-c3ccc(NC(=O)/C=C/C(=O)O)cc3)sc2c1
CHEMBL261833,O=C(O)c1ccccc1NC(=O)c1ccccc1S(=O)(=O)Nc1ccc(Oc2ccccc2)cc1
CHEMBL407352,O=C(O)CSc1nnc(-c2ccco2)c(-c2ccco2)n1
CHEMBL272448,O=C(O)C1CCCCC1C(=O)Nc1ccc(Oc2cccc3ccccc23)cc1
CHEMBL272419,O=C(O)C(O)C(O)c1nc2cc3ccccc3cc2[nH]1
CHEMBL414850,O=C(NCc1ccc(F)cc1)c1nc(N2CCCCS2(=O)=O)c2cccnc2c1O
CHEMBL261703,O=C(/C=C/c1cc(O)c(O)cc1[N+](=O)[O-])O[C@H](Cc1cc(O)c(O)cc1[N+](=O)[O-])C(=O)O
CHEMBL414850,O=C(NCc1ccc(F)cc1)c1nc(N2CCCCS2(=O)=O)c2cccnc2c1O
CHEMBL261703,O=C(/C=C/c1cc(O)c(O)cc1[N+](=O)[O-])O[C@H](Cc1cc(O)c(O)cc1[N+](=O)[O-])C(=O)O
CHEMBL260778,O=C(/C=C/c1ccc(O)c(O)c1)O[C@H](Cc1cc(O)c(O)cc1[N+](=O)[O-])C(=O)O
CHEMBL414850,O=C(NCc1ccc(F)cc1)c1nc(N2CCCCS2(=O)=O)c2cccnc2c1O
CHEMBL261703,O=C(/C=C/c1cc(O)c(O)cc1[N+](=O)[O-])O[C@H](Cc1cc(O)c(O)cc1[N+](=O)[O-])C(=O)O
CHEMBL259780,CC(C)(C)c1nc(O)c(O)c(C(=O)NCc2ccc(F)cc2)n1
CHEMBL261106,Cn1c(C(C)(C)C)nc(C(=O)NCc2ccc(F)cc2C(=O)N2CCCC2)c(O)c1=O
CHEMBL410444,CN(C)C(=O)c1cc(F)ccc1CNC(=O)c1nc(C(C)(C)C)n(C)c(=O)c1O
CHEMBL260913,Cn1c(C(C)(C)C)nc(C(=O)NCc2ccc(F)cc2C(=O)NCC(F)(F)F)c(O)c1=O
CHEMBL260082,CC(C)NC(=O)c1cc(F)ccc1CNC(=O)c1nc(C(C)(C)C)n(C)c(=O)c1O
CHEMBL430049,CCCNC(=O)c1cc(F)ccc1CNC(=O)c1nc(C(C)(C)C)n(C)c(=O)c1O
CHEMBL408938,CCNC(=O)c1cc(F)ccc1CNC(=O)c1nc(C(C)(C)C)n(C)c(=O)c1O
CHEMBL258681,Cn1c(C(C)(C)C)nc(C(=O)NCc2ccc(F)cc2C(N)=O)c(O)c1=O
CHEMBL258682,Cn1c(C(C)(C)C)nc(C(=O)NCc2ccc(F)cc2S(C)(=O)=O)c(O)c1=O
CHEMBL260665,Cc1noc(-c2cc(F)ccc2CNC(=O)c2nc(C(C)(C)C)n(C)c(=O)c2O)n1
CHEMBL411299,CNC(=O)c1cc(F)ccc1CNC(=O)c1nc(C(C)(C)C)n(C)c(=O)c1O
CHEMBL408075,Cn1c(C(C)(C)C)nc(C(=O)NCc2cccc3cc[nH]c23)c(O)c1=O
CHEMBL259125,CCOc1ccccc1CNC(=O)c1nc(C(C)(C)C)n(C)c(=O)c1O
CHEMBL407651,Cn1c(C(C)(C)C)nc(C(=O)NCc2ccc(F)cc2)c(O)c1=O
CHEMBL259336,CC(C)(C)c1nc(O)c(O)c(C(=O)NCc2ccc(F)cc2S(C)(=O)=O)n1
CHEMBL262067,Cc1noc(-c2cc(F)ccc2CNC(=O)c2nc(C(C)(C)C)nc(O)c2O)n1
CHEMBL408076,CNC(=O)c1cc(F)ccc1CNC(=O)c1nc(C(C)(C)C)nc(O)c1O
CHEMBL259779,CC(C)(C)c1nc(O)c(O)c(C(=O)NCc2cccc3cc[nH]c23)n1
CHEMBL259573,CCOc1ccccc1CNC(=O)c1nc(C(C)(C)C)nc(O)c1O
CHEMBL204656,COc1cc2c(cc1Cc1cccc(Cl)c1F)c(=O)c(C(=O)O)cn2[C@H](CO)C(C)C
CHEMBL254316,Cc1nnc(C(=O)NC(C)(C)c2nc(C(=O)NCc3ccc(F)cc3)c(O)c(=O)n2C)o1
CHEMBL260185,COc1ccc(OC)c2c1c(C(=O)/C=C(\O)C(=O)O)cn2Cc1ccc(F)cc1
CHEMBL261714,COc1cccc2c(C(=O)/C=C(\O)C(=O)O)cn(Cc3ccc(F)cc3)c12
CHEMBL261541,COc1ccc2c(C(=O)/C=C(\O)C(=O)O)cn(Cc3ccc(F)cc3)c2c1
CHEMBL409643,COc1ccc2c(c1)c(C(=O)/C=C(\O)C(=O)O)cn2Cc1ccc(F)cc1
CHEMBL259011,COc1cccc2c1c(C(=O)/C=C(\O)C(=O)O)cn2Cc1ccc(F)cc1
CHEMBL204656,COc1cc2c(cc1Cc1cccc(Cl)c1F)c(=O)c(C(=O)O)cn2[C@H](CO)C(C)C
CHEMBL254316,Cc1nnc(C(=O)NC(C)(C)c2nc(C(=O)NCc3ccc(F)cc3)c(O)c(=O)n2C)o1
CHEMBL260185,COc1ccc(OC)c2c1c(C(=O)/C=C(\O)C(=O)O)cn2Cc1ccc(F)cc1
CHEMBL261714,COc1cccc2c(C(=O)/C=C(\O)C(=O)O)cn(Cc3ccc(F)cc3)c12
CHEMBL261541,COc1ccc2c(C(=O)/C=C(\O)C(=O)O)cn(Cc3ccc(F)cc3)c2c1
CHEMBL409643,COc1ccc2c(c1)c(C(=O)/C=C(\O)C(=O)O)cn2Cc1ccc(F)cc1
CHEMBL259011,COc1cccc2c1c(C(=O)/C=C(\O)C(=O)O)cn2Cc1ccc(F)cc1
CHEMBL506605,CN1C(=O)[C@@H](c2cc(Cl)c(O)c(Cl)c2)NC(=O)[C@@H]2NC(=O)[C@@H](c3cc(Cl)c(O)c(Cl)c3)NC(=O)[C@H](NC(=O)C(=O)c3cc(Cl)c(O)c(Cl)c3)Cc3c[nH]c4cc(ccc34)-c3cc2cc(c3O)Oc2ccc(cc2)C[C@H]1C(=O)N[C@@H](C(=O)O)c1ccc(O)cc1
CHEMBL497672,O=C(O)/C=C/c1ccc(O)c2c1C1C(=O)c3cc(O)c(O)cc3C1O2
CHEMBL497672,O=C(O)/C=C/c1ccc(O)c2c1C1C(=O)c3cc(O)c(O)cc3C1O2
CHEMBL204656,COc1cc2c(cc1Cc1cccc(Cl)c1F)c(=O)c(C(=O)O)cn2[C@H](CO)C(C)C
CHEMBL204656,COc1cc2c(cc1Cc1cccc(Cl)c1F)c(=O)c(C(=O)O)cn2[C@H](CO)C(C)C
CHEMBL204656,COc1cc2c(cc1Cc1cccc(Cl)c1F)c(=O)c(C(=O)O)cn2[C@H](CO)C(C)C
CHEMBL522229,O=C(O)c1cn(CCCCO)c2ccc(Cc3ccc(Cl)cc3Cl)cc2c1=O
CHEMBL458279,O=C(O)c1cn(CCO)c2ccc(Cc3ccc(Cl)cc3Cl)cc2c1=O
CHEMBL379664,O=C(O)c1cn(CCO)c2ccc(Cc3cccc(Cl)c3F)cc2c1=O
CHEMBL458279,O=C(O)c1cn(CCO)c2ccc(Cc3ccc(Cl)cc3Cl)cc2c1=O
CHEMBL495970,CCOC(=O)/C(O)=C/C(=O)c1cn(Cc2cccc(F)c2)c2cccc(OC)c12
CHEMBL521567,CCOC(=O)/C(O)=C/C(=O)c1cn(Cc2cccc(F)c2F)c2cccc(OC)c12
CHEMBL496580,CCOC(=O)/C(O)=C/C(=O)c1cn(Cc2ccc(F)cc2F)c2cccc(OC)c12
CHEMBL498204,CCOC(=O)/C(O)=C/C(=O)c1cn(Cc2c(F)ccc(F)c2F)c2cccc(OC)c12
CHEMBL497605,COc1cccc2c1c(C(=O)/C=C(\O)C(=O)O)cn2Cc1ccccc1F
CHEMBL525898,COc1cccc2c1c(C(=O)/C=C(\O)C(=O)O)cn2Cc1cccc(F)c1
CHEMBL495952,COc1cccc2c1c(C(=O)/C=C(\O)C(=O)O)cn2Cc1cccc(F)c1F
CHEMBL523901,COc1cccc2c1c(C(=O)/C=C(\O)C(=O)O)cn2Cc1ccc(F)cc1F
CHEMBL499475,COc1cccc2c1c(C(=O)/C=C(\O)C(=O)O)cn2Cc1cc(F)ccc1F
CHEMBL495540,COc1cccc2c1c(C(=O)/C=C(\O)C(=O)O)cn2Cc1c(F)cccc1F
CHEMBL521569,COc1cccc2c1c(C(=O)/C=C(\O)C(=O)O)cn2Cc1ccc(F)c(F)c1F
CHEMBL498202,COc1cccc2c1c(C(=O)/C=C(\O)C(=O)O)cn2Cc1cc(F)c(F)c(F)c1
CHEMBL259011,COc1cccc2c1c(C(=O)/C=C(\O)C(=O)O)cn2Cc1ccc(F)cc1
CHEMBL521567,CCOC(=O)/C(O)=C/C(=O)c1cn(Cc2cccc(F)c2F)c2cccc(OC)c12
CHEMBL496380,CCOC(=O)/C(O)=C/C(=O)c1cn(Cc2c(F)cccc2F)c2cccc(OC)c12
CHEMBL497605,COc1cccc2c1c(C(=O)/C=C(\O)C(=O)O)cn2Cc1ccccc1F
CHEMBL525898,COc1cccc2c1c(C(=O)/C=C(\O)C(=O)O)cn2Cc1cccc(F)c1
CHEMBL495952,COc1cccc2c1c(C(=O)/C=C(\O)C(=O)O)cn2Cc1cccc(F)c1F
CHEMBL523901,COc1cccc2c1c(C(=O)/C=C(\O)C(=O)O)cn2Cc1ccc(F)cc1F
CHEMBL499475,COc1cccc2c1c(C(=O)/C=C(\O)C(=O)O)cn2Cc1cc(F)ccc1F
CHEMBL495540,COc1cccc2c1c(C(=O)/C=C(\O)C(=O)O)cn2Cc1c(F)cccc1F
CHEMBL524066,COc1cccc2c1c(C(=O)/C=C(\O)C(=O)O)cn2Cc1cc(F)cc(F)c1
CHEMBL521569,COc1cccc2c1c(C(=O)/C=C(\O)C(=O)O)cn2Cc1ccc(F)c(F)c1F
CHEMBL526283,COc1cccc2c1c(C(=O)/C=C(\O)C(=O)O)cn2Cc1c(F)ccc(F)c1F
CHEMBL498202,COc1cccc2c1c(C(=O)/C=C(\O)C(=O)O)cn2Cc1cc(F)c(F)c(F)c1
CHEMBL259011,COc1cccc2c1c(C(=O)/C=C(\O)C(=O)O)cn2Cc1ccc(F)cc1
CHEMBL526283,COc1cccc2c1c(C(=O)/C=C(\O)C(=O)O)cn2Cc1c(F)ccc(F)c1F
CHEMBL455437,Oc1c(-c2noc(Cc3ccc(F)cc3)n2)ncc2cccnc12
CHEMBL522630,Oc1c(-c2nnc(Cc3ccc(F)cc3)[nH]2)ncc2cccnc12
CHEMBL523974,Oc1c(-c2nnc(Cc3ccccc3)o2)ncc2cccnc12
CHEMBL491150,Oc1c(-c2nnc(Cc3ccc(F)cc3)o2)ncc2cccnc12
CHEMBL199145,O=C(NCc1ccc(F)cc1)c1ncc2cccnc2c1O
CHEMBL452588,O=S1(=O)CCCCN1c1nc(-c2nnc(Cc3ccc(F)cc3)[nH]2)c(O)c2ncccc12
CHEMBL454633,O=S1(=O)CCCCN1c1nc(-c2nnc(Cc3ccc(F)cc3)o2)c(O)c2ncccc12
CHEMBL414850,O=C(NCc1ccc(F)cc1)c1nc(N2CCCCS2(=O)=O)c2cccnc2c1O
CHEMBL492526,O=C(NCc1cccn2c(=O)c(O)c(C(=O)NCc3ccc(F)cc3)nc12)c1ccccc1
CHEMBL492525,CC(=O)N1CCN(Cc2cccn3c(=O)c(O)c(C(=O)NCc4ccc(F)cc4)nc23)CC1
CHEMBL492524,O=C(NCc1ccc(F)cc1)c1nc2c(CN3CCOCC3)cccn2c(=O)c1O
CHEMBL523678,Cc1cccn2c(=O)c(O)c(C(=O)NCc3ccc(F)cc3)nc12
CHEMBL492930,O=C(Nc1cccn2c(=O)c(O)c(C(=O)NCc3ccc(F)cc3)nc12)c1ccccc1
CHEMBL493531,CN(C)c1cccn2c(=O)c(O)c(C(=O)NCc3ccc(F)cc3)nc12
CHEMBL493335,CCNc1cccn2c(=O)c(O)c(C(=O)NCc3ccc(F)cc3)nc12
CHEMBL492727,CNc1cccn2c(=O)c(O)c(C(=O)NCc3ccc(F)cc3)nc12
CHEMBL499184,O=C(NCc1ccc(F)cc1)c1nc2ccccn2c(=O)c1O
CHEMBL494946,CCN(C(=O)CN(C)C)c1cccn2c(=O)c(O)c(C(=O)NCc3ccc(F)cc3)nc12
CHEMBL492932,CCN(C(=O)CN1CCOCC1)c1cccn2c(=O)c(O)c(C(=O)NCc3ccc(F)cc3)nc12
CHEMBL492328,CCN(C(=O)c1ccncc1)c1cccn2c(=O)c(O)c(C(=O)NCc3ccc(F)cc3)nc12
CHEMBL492329,CCN(C(=O)c1ccccn1)c1cccn2c(=O)c(O)c(C(=O)NCc3ccc(F)cc3)nc12
CHEMBL495144,CCN(C(=O)c1nnc(C)o1)c1cccn2c(=O)c(O)c(C(=O)NCc3ccc(F)cc3)nc12
CHEMBL495145,CCN(C(=O)c1cscn1)c1cccn2c(=O)c(O)c(C(=O)NCc3ccc(F)cc3)nc12
CHEMBL523833,CCN(C(=O)c1ccno1)c1cccn2c(=O)c(O)c(C(=O)NCc3ccc(F)cc3)nc12
CHEMBL492537,CN(C)C(=O)C(=O)N(C)c1cccn2c(=O)c(O)c(C(=O)NCc3ccc(F)cc3)nc12
CHEMBL522534,CCN(C(=O)C(=O)N(C)C)c1cccn2c(=O)c(O)c(C(=O)NCc3ccc(F)cc3)nc12
CHEMBL494944,CCCN(C(=O)C(=O)N(C)C)c1cccn2c(=O)c(O)c(C(=O)NCc3ccc(F)cc3)nc12
CHEMBL494945,CC(C)N(C(=O)C(=O)N(C)C)c1cccn2c(=O)c(O)c(C(=O)NCc3ccc(F)cc3)nc12
CHEMBL492538,CCN(CC)C(=O)C(=O)N(CC)c1cccn2c(=O)c(O)c(C(=O)NCc3ccc(F)cc3)nc12
CHEMBL522653,CCN(C(=O)C(=O)N1CCOCC1)c1cccn2c(=O)c(O)c(C(=O)NCc3ccc(F)cc3)nc12
CHEMBL492350,CCN(C(=O)C(=O)N1CCCC1)c1cccn2c(=O)c(O)c(C(=O)NCc3ccc(F)cc3)nc12
CHEMBL492543,CCN(C(=O)C(=O)N1CCN(C)CC1)c1cccn2c(=O)c(O)c(C(=O)NCc3ccc(F)cc3)nc12
CHEMBL493291,CN(C)C(C)(C)c1nc(C(=O)NCc2ccc(F)cc2)c(O)c(=O)n1C
CHEMBL517136,Cc1nnc(C(=O)NC(C)(C)c2nc(C(=O)NCc3ccc(F)cc3)c(O)c(=O)n2C)[nH]1
CHEMBL254316,Cc1nnc(C(=O)NC(C)(C)c2nc(C(=O)NCc3ccc(F)cc3)c(O)c(=O)n2C)o1
CHEMBL462045,Cn1c(C(C)(C)NC(=O)c2c[nH]cn2)nc(C(=O)NCc2ccc(F)cc2)c(O)c1=O
CHEMBL460977,Cn1c(C(C)(C)NC(=O)c2cscn2)nc(C(=O)NCc2ccc(F)cc2)c(O)c1=O
CHEMBL460771,Cn1c(C(C)(C)NC(=O)c2cnco2)nc(C(=O)NCc2ccc(F)cc2)c(O)c1=O
CHEMBL518491,Cn1c(C(C)(C)NC(=O)c2ncccn2)nc(C(=O)NCc2ccc(F)cc2)c(O)c1=O
CHEMBL460770,Cn1c(C(C)(C)NC(=O)c2cccnn2)nc(C(=O)NCc2ccc(F)cc2)c(O)c1=O
CHEMBL461406,Cn1c(C(C)(C)NC(=O)c2ccccn2)nc(C(=O)NCc2ccc(F)cc2)c(O)c1=O
CHEMBL461405,CN(C)C(=O)C(=O)NC(C)(C)c1nc(C(=O)NCc2ccc(F)c(Cl)c2)c(O)c(=O)n1C
CHEMBL517428,CN(C)C(=O)C(=O)NC(C)(C)c1nc(C(=O)NCc2ccc(F)cc2S(C)(=O)=O)c(O)c(=O)n1C
CHEMBL461652,COc1cccc(CNC(=O)c2nc(C(C)(C)NC(=O)C(=O)N(C)C)n(C)c(=O)c2O)c1OC
CHEMBL492682,CN1CCN(C(=O)C(=O)NC(C)(C)c2nc(C(=O)NCc3ccc(F)cc3)c(O)c(=O)n2C)CC1
CHEMBL510093,Cn1c(C(C)(C)NC(=O)C(=O)N2CCOCC2)nc(C(=O)NCc2ccc(F)cc2)c(O)c1=O
CHEMBL493920,CN(C)C(=O)C(=O)N(C)C(C)(C)c1nc(C(=O)NCc2ccc(F)cc2)c(O)c(=O)n1C
CHEMBL522374,Cn1c(C(C)(C)NC(=O)C(=O)O)nc(C(=O)NCc2ccc(F)cc2)c(O)c1=O
CHEMBL495332,COC(=O)C(=O)NC(C)(C)c1nc(C(=O)NCc2ccc(F)cc2)c(O)c(=O)n1C
CHEMBL495331,CN(C)C(=O)C(=O)NC(C)(C)c1nc(C(=O)NCc2ccc(F)cc2)c(O)c(=O)n1C
CHEMBL493295,CN(C)S(=O)(=O)NC(C)(C)c1nc(C(=O)NCc2ccc(F)cc2)c(O)c(=O)n1C
CHEMBL505332,CN(C)C(=O)NC(C)(C)c1nc(C(=O)NCc2ccc(F)cc2)c(O)c(=O)n1C
CHEMBL524164,Cn1c(C(C)(C)NS(C)(=O)=O)nc(C(=O)NCc2ccc(F)cc2)c(O)c1=O
CHEMBL492667,CC(=O)NC(C)(C)c1nc(C(=O)NCc2ccc(F)cc2)c(O)c(=O)n1C
CHEMBL492465,CN(C)C1(c2nc(C(=O)NCc3ccc(F)cc3)c(O)c(=O)n2C)CCOCC1
CHEMBL492464,Cn1c(C(C)(C)N2CCOCC2)nc(C(=O)NCc2ccc(F)cc2)c(O)c1=O
CHEMBL386710,CN1CCOCC1c1nc(C(=O)NCc2ccc(F)cc2)c(O)c(=O)n1C
CHEMBL386515,CN(C)C(C)(C)c1nc(O)c(O)c(C(=O)NCc2ccc(F)cc2)n1
CHEMBL476357,CN1CC(c2nc(C(=O)NCc3ccc(F)cc3)c(O)c3ncccc23)CC1=O
CHEMBL514555,CCN1CC(c2nc(C(=O)NCc3ccc(F)cc3S(C)(=O)=O)c(O)c3ncccc23)CC1=O
CHEMBL478452,CN1CC(c2nc(C(=O)NCc3ccc(F)cc3S(C)(=O)=O)c(O)c3ncccc23)CC1=O
CHEMBL478239,CN(C)C(=O)CN1CC(c2nc(C(=O)NCc3ccc(F)cc3)c(O)c3ncccc23)CC1=O
CHEMBL514836,O=C1CC(c2nc(C(=O)NCc3ccc(F)cc3)c(O)c3ncccc23)CN1
CHEMBL476565,CC(C)N1CC(c2nc(C(=O)NCc3ccc(F)cc3)c(O)c3ncccc23)CC1=O
CHEMBL476564,CCN1CC(c2nc(C(=O)NCc3ccc(F)cc3)c(O)c3ncccc23)CC1=O
CHEMBL199145,O=C(NCc1ccc(F)cc1)c1ncc2cccnc2c1O
CHEMBL504621,CCOC(=O)/C(O)=C/C(=O)c1cn(Cc2ccc(F)cc2)c2ccc(F)cc2c1=O
CHEMBL497501,O=C(O)/C(O)=C/C(=O)c1ccc2c(c1)c(=O)c(C(=O)/C=C(\O)C(=O)O)cn2Cc1ccc(F)cc1
CHEMBL32865,O=C(c1cc(Cc2ccccc2)cc(CN2CCCS2(=O)=O)c1)c1ncc2cccnc2c1O
CHEMBL50605,O=C(O)C(=O)CC(=O)c1cccn1Cc1ccc(F)cc1
CHEMBL496454,O=C(O)/C(O)=C/C(=O)c1cn(Cc2ccc(F)cc2)c2cc(N3CCCC3)ccc2c1=O
CHEMBL498713,O=C(O)/C(O)=C/C(=O)c1cn(Cc2ccc(F)cc2)c2cc(Cl)c(Cl)cc2c1=O
CHEMBL524807,O=C(O)/C(O)=C/C(=O)c1cn(Cc2ccc(F)cc2)c2c(Cl)cccc2c1=O
CHEMBL497688,O=C(O)/C(O)=C/C(=O)c1cn(Cc2ccc(F)cc2)c2cc(Cl)ccc2c1=O
CHEMBL496652,O=C(O)/C(O)=C/C(=O)c1cn(Cc2ccc(F)cc2)c2ccc(Cl)cc2c1=O
CHEMBL498698,O=C(O)/C(O)=C/C(=O)c1cn(Cc2ccc(F)cc2)c2c(F)cccc2c1=O
CHEMBL498697,O=C(O)/C(O)=C/C(=O)c1cn(Cc2ccc(F)cc2)c2cc(F)ccc2c1=O
CHEMBL456580,O=C(O)/C(O)=C/C(=O)c1cn(Cc2ccc(F)cc2)c2ccc(F)cc2c1=O
CHEMBL512195,O=C(O)/C(O)=C/C(=O)c1cn(Cc2ccc(F)cc2)c2ccccc2c1=O
CHEMBL497501,O=C(O)/C(O)=C/C(=O)c1ccc2c(c1)c(=O)c(C(=O)/C=C(\O)C(=O)O)cn2Cc1ccc(F)cc1
CHEMBL496454,O=C(O)/C(O)=C/C(=O)c1cn(Cc2ccc(F)cc2)c2cc(N3CCCC3)ccc2c1=O
CHEMBL498713,O=C(O)/C(O)=C/C(=O)c1cn(Cc2ccc(F)cc2)c2cc(Cl)c(Cl)cc2c1=O
CHEMBL497688,O=C(O)/C(O)=C/C(=O)c1cn(Cc2ccc(F)cc2)c2cc(Cl)ccc2c1=O
CHEMBL498698,O=C(O)/C(O)=C/C(=O)c1cn(Cc2ccc(F)cc2)c2c(F)cccc2c1=O
CHEMBL498697,O=C(O)/C(O)=C/C(=O)c1cn(Cc2ccc(F)cc2)c2cc(F)ccc2c1=O
CHEMBL512195,O=C(O)/C(O)=C/C(=O)c1cn(Cc2ccc(F)cc2)c2ccccc2c1=O
CHEMBL481279,O=C(NCc1ccc(F)cc1)C1=C(O)C(=O)N(Cc2ccccc2)C1
CHEMBL481296,O=C(NCc1ccc(F)cc1)C1=C(O)C(=O)N2CCCCC12
CHEMBL480531,O=C(NCc1ccc(F)cc1)C1=C(O)C(=O)N(Cc2ccccn2)C1
CHEMBL481094,O=C(NCc1ccc(F)cc1)C1=C(O)C(=O)N(CCCc2ccccc2)C1
CHEMBL480904,COc1ccccc1CCN1CC(C(=O)NCc2ccc(F)cc2)=C(O)C1=O
CHEMBL519936,Cc1cccc(CN2CC(C(=O)NCc3ccc(F)cc3)=C(O)C2=O)c1
CHEMBL512021,O=C(Cc1ccccc1)Nc1ccc2c(c1)C(=O)N(O)C(=O)C2
CHEMBL456326,O=C(Cc1ccc(F)cc1)Nc1ccc2c(c1)C(=O)N(O)C(=O)C2
CHEMBL254316,Cc1nnc(C(=O)NC(C)(C)c2nc(C(=O)NCc3ccc(F)cc3)c(O)c(=O)n2C)o1
CHEMBL204656,COc1cc2c(cc1Cc1cccc(Cl)c1F)c(=O)c(C(=O)O)cn2[C@H](CO)C(C)C
CHEMBL414850,O=C(NCc1ccc(F)cc1)c1nc(N2CCCCS2(=O)=O)c2cccnc2c1O
CHEMBL204656,COc1cc2c(cc1Cc1cccc(Cl)c1F)c(=O)c(C(=O)O)cn2[C@H](CO)C(C)C
CHEMBL414850,O=C(NCc1ccc(F)cc1)c1nc(N2CCCCS2(=O)=O)c2cccnc2c1O
CHEMBL512021,O=C(Cc1ccccc1)Nc1ccc2c(c1)C(=O)N(O)C(=O)C2
CHEMBL456326,O=C(Cc1ccc(F)cc1)Nc1ccc2c(c1)C(=O)N(O)C(=O)C2
CHEMBL254316,Cc1nnc(C(=O)NC(C)(C)c2nc(C(=O)NCc3ccc(F)cc3)c(O)c(=O)n2C)o1
CHEMBL204656,COc1cc2c(cc1Cc1cccc(Cl)c1F)c(=O)c(C(=O)O)cn2[C@H](CO)C(C)C
CHEMBL414850,O=C(NCc1ccc(F)cc1)c1nc(N2CCCCS2(=O)=O)c2cccnc2c1O
CHEMBL460632,COc1c2c(c(O)c3ncc(Cc4ccc(F)cc4)cc13)C(=O)N(C)C2
CHEMBL461259,COc1c2c(c(O)c3ncc(Cc4ccc(F)cc4)cc13)C(=O)NC2
CHEMBL459382,CN1Cc2c(c(O)c3ncc(Cc4ccc(F)cc4)cc3c2N(C)S(C)(=O)=O)C1=O
CHEMBL517854,CN1Cc2c(c(O)c3ncc(Cc4ccc(F)c(Cl)c4)cc3c2N(C)S(C)(=O)=O)C1=O
CHEMBL282731,O=C(/C=C/c1ccc(O)c(O)c1)O[C@@H](C(=O)O)[C@@H](OC(=O)/C=C/c1ccc(O)c(O)c1)C(=O)O
CHEMBL29660,O=C(/C=C/c1ccc(O)c(O)c1)O[C@H](C(=O)O)[C@H](OC(=O)/C=C/c1ccc(O)c(O)c1)C(=O)O
CHEMBL445821,O=C(O)C(O)C(O)(Cc1ccc(O)c(O)c1)C(=O)O
CHEMBL254316,Cc1nnc(C(=O)NC(C)(C)c2nc(C(=O)NCc3ccc(F)cc3)c(O)c(=O)n2C)o1
CHEMBL254316,Cc1nnc(C(=O)NC(C)(C)c2nc(C(=O)NCc3ccc(F)cc3)c(O)c(=O)n2C)o1
CHEMBL242883,O=C(O)/C(O)=C/C(=O)c1cccc(Cc2ccccc2)c1
CHEMBL549405,O=C(O)c1c[nH]c2ccc(Cc3cc(Cl)ccc3Cl)cc2c1=O
CHEMBL560234,O=C(O)c1c[nH]c2ccc(Cc3cccc(Cl)c3Cl)cc2c1=O
CHEMBL550691,Cn1cc(C(=O)O)c(=O)c2cc(Cc3cccc(Cl)c3Cl)ccc21
CHEMBL561099,CCn1cc(C(=O)O)c(=O)c2cc(Cc3cccc(Cl)c3Cl)ccc21
CHEMBL551437,CCCn1cc(C(=O)O)c(=O)c2cc(Cc3cccc(Cl)c3Cl)ccc21
CHEMBL562360,CC(C)n1cc(C(=O)O)c(=O)c2cc(Cc3cccc(Cl)c3Cl)ccc21
CHEMBL561827,CCCCn1cc(C(=O)O)c(=O)c2cc(Cc3cccc(Cl)c3Cl)ccc21
CHEMBL558481,O=C(O)Cn1cc(C(=O)O)c(=O)c2cc(Cc3cccc(Cl)c3Cl)ccc21
CHEMBL561100,O=C(O)CCn1cc(C(=O)O)c(=O)c2cc(Cc3cccc(Cl)c3Cl)ccc21
CHEMBL563162,NC(=O)Cn1cc(C(=O)O)c(=O)c2cc(Cc3cccc(Cl)c3Cl)ccc21
CHEMBL551235,NC(=O)CCn1cc(C(=O)O)c(=O)c2cc(Cc3cccc(Cl)c3Cl)ccc21
CHEMBL561437,NCCn1cc(C(=O)O)c(=O)c2cc(Cc3cccc(Cl)c3Cl)ccc21
CHEMBL550893,O=C(O)c1cn(CCO)c2ccc(Cc3cccc(Cl)c3Cl)cc2c1=O
CHEMBL558286,O=C(O)c1cn(CCCO)c2ccc(Cc3cccc(Cl)c3Cl)cc2c1=O
CHEMBL550895,O=C(O)c1cn(CCO)c2ccc(Cc3cccc(F)c3Cl)cc2c1=O
CHEMBL379664,O=C(O)c1cn(CCO)c2ccc(Cc3cccc(Cl)c3F)cc2c1=O
CHEMBL558287,O=C(O)c1cn(CCO)c2ccc(Cc3cccc(Cl)c3Cl)c(F)c2c1=O
CHEMBL549546,O=C(O)c1cn(CCO)c2cc(F)c(Cc3cccc(Cl)c3Cl)cc2c1=O
CHEMBL560439,O=C(O)c1cn(CCO)c2c(F)cc(Cc3cccc(Cl)c3Cl)cc2c1=O
CHEMBL549549,COc1cc2c(cc1Cc1cccc(Cl)c1Cl)c(=O)c(C(=O)O)cn2CCO
CHEMBL559903,O=C(O)c1cn(CCO)c2cc(Cl)c(Cc3cccc(Cl)c3Cl)cc2c1=O
CHEMBL549611,Cc1cc2c(cc1Cc1cccc(Cl)c1Cl)c(=O)c(C(=O)O)cn2CCO
CHEMBL549750,N#Cc1cc2c(cc1Cc1cccc(Cl)c1Cl)c(=O)c(C(=O)O)cn2CCO
CHEMBL203443,COc1cc2c(cc1Cc1cccc(Cl)c1F)c(=O)c(C(=O)O)cn2CCO
CHEMBL563256,O=C1c2c(ccc(O)c2O)CN1Cc1cc(F)cc(F)c1
CHEMBL557899,O=C1c2c(ccc(O)c2O)CN1Cc1ccc(Cl)c(Cl)c1
CHEMBL564630,O=C1c2ccc(O)c(O)c2C(=O)N1Cc1cccc(F)c1
CHEMBL562366,O=C1c2ccc(O)c(O)c2C(=O)N1Cc1ccc(F)c(F)c1
CHEMBL564147,O=C1c2ccc(O)c(O)c2C(=O)N1Cc1cc(F)ccc1F
CHEMBL559852,O=C1c2ccc(O)c(O)c2C(=O)N1Cc1cccc(F)c1F
CHEMBL552566,O=C1c2ccc(O)c(O)c2C(=O)N1Cc1ccc(F)cc1F
CHEMBL559284,O=C1c2ccc(O)c(O)c2C(=O)N1Cc1ccc(F)c(Cl)c1
CHEMBL550776,O=C1c2ccc(O)c(O)c2C(=O)N1Cc1ccc(Cl)c(Cl)c1
CHEMBL551568,O=C1c2ccc(O)c(O)c2C(=O)N1Cc1cc(Cl)ccc1F
CHEMBL554745,CN1Cn2c(nc(C(=O)NCc3ccc(F)cc3)c(O)c2=O)C1(C)C
CHEMBL563963,CC1(C)NC(=O)n2c1nc(C(=O)NCc1ccc(F)cc1)c(O)c2=O
CHEMBL552065,CC1(C)NC(=O)Cn2c1nc(C(=O)NCc1ccc(F)cc1)c(O)c2=O
CHEMBL561987,CC1(C)NS(=O)(=O)Cn2c1nc(C(=O)NCc1ccc(F)cc1)c(O)c2=O
CHEMBL550394,CC1(C)NCCn2c1nc(C(=O)NCc1ccc(F)cc1)c(O)c2=O
CHEMBL559306,CN1CCn2c(nc(C(=O)NCc3ccc(F)cc3)c(O)c2=O)C1(C)C
CHEMBL563270,CC1(C)NCCCn2c1nc(C(=O)NCc1ccc(F)cc1)c(O)c2=O
CHEMBL557854,CC(=O)N1CCn2c(nc(C(=O)NCc3ccc(F)cc3)c(O)c2=O)C1(C)C
CHEMBL564212,CN(C)C(=O)C(=O)N1CCn2c(nc(C(=O)NCc3ccc(F)cc3)c(O)c2=O)C1(C)C
CHEMBL554737,CC1(C)c2nc(C(=O)NCc3ccc(F)cc3)c(O)c(=O)n2CCN1S(C)(=O)=O
CHEMBL550108,CCNC(=O)N1CCn2c(nc(C(=O)NCc3ccc(F)cc3)c(O)c2=O)C1(C)C
CHEMBL550997,CN(C)S(=O)(=O)N1CCn2c(nc(C(=O)NCc3ccc(F)cc3)c(O)c2=O)C1(C)C
CHEMBL560265,CN(C)CCN1CCn2c(nc(C(=O)NCc3ccc(F)cc3)c(O)c2=O)C1(C)C
CHEMBL551401,CCN(CC)CCN1CCn2c(nc(C(=O)NCc3ccc(F)cc3)c(O)c2=O)C1(C)C
CHEMBL550051,CC1(C)c2nc(C(=O)NCc3ccc(F)cc3)c(O)c(=O)n2CCN1CCN1CCOCC1
CHEMBL558641,CC1(C)c2nc(C(=O)NCc3ccc(F)cc3)c(O)c(=O)n2CCN1CC(N)=O
CHEMBL551402,CNC(=O)CN1CCn2c(nc(C(=O)NCc3ccc(F)cc3)c(O)c2=O)C1(C)C
CHEMBL551808,CN(C)C(=O)CN1CCn2c(nc(C(=O)NCc3ccc(F)cc3)c(O)c2=O)C1(C)C
CHEMBL561729,CC1(C)c2nc(C(=O)NCc3ccc(F)cc3)c(O)c(=O)n2CCN1CC(=O)N1CCOCC1
CHEMBL557308,CC1(C)c2nc(C(=O)NCc3ccc(F)cc3)c(O)c(=O)n2CCN1CC(=O)N1CCCC1
CHEMBL560185,CN1CCN(C(=O)CN2CCn3c(nc(C(=O)NCc4ccc(F)cc4)c(O)c3=O)C2(C)C)CC1
CHEMBL562327,CC1(C)c2nc(C(=O)NCc3ccc(F)cc3)c(O)c(=O)n2CCN1CC(=O)O
CHEMBL560387,C=C(CCc1ccc(C)cc1)C1=C(C)C(=C)C2CCC(CC#N)C(C)(C)C2=C1
CHEMBL563502,CC1(C)c2nc(C(=O)NCc3ccc(F)cc3)c(O)c(=O)n2CCN1Cc1ccccc1
CHEMBL552202,CC1(C)c2nc(C(=O)NCc3ccc(F)cc3)c(O)c(=O)n2CCN1Cc1ccccn1
CHEMBL551325,CC1(C)c2nc(C(=O)NCc3ccc(F)cc3)c(O)c(=O)n2CCN1CCc1ccccn1
CHEMBL561467,CC1(C)c2nc(C(=O)NCc3ccc(F)cc3)c(O)c(=O)n2CCN1Cc1cnccn1
CHEMBL559537,CC1(C)c2nc(C(=O)NCc3ccc(F)cc3)c(O)c(=O)n2CCN1Cc1ccn[nH]1
CHEMBL558121,Cn1nccc1CN1CCn2c(nc(C(=O)NCc3ccc(F)cc3)c(O)c2=O)C1(C)C
CHEMBL552264,Cn1ccc(CN2CCn3c(nc(C(=O)NCc4ccc(F)cc4)c(O)c3=O)C2(C)C)n1
CHEMBL560322,CC1(C)c2nc(C(=O)NCc3ccc(F)cc3)c(O)c(=O)n2CCN1Cc1cnn[nH]1
CHEMBL557646,CC1(C)c2nc(C(=O)NCc3ccc(F)cc3)c(O)c(=O)n2CCN1Cc1cn[nH]c1
CHEMBL559395,CC1(C)c2nc(C(=O)NCc3ccc(F)cc3)c(O)c(=O)n2CCN1Cc1cocn1
CHEMBL564823,CC1(C)c2nc(C(=O)NCc3ccc(F)cc3)c(O)c(=O)n2CCN1Cc1cscn1
CHEMBL558051,CC1(C)c2nc(C(=O)NCc3ccc(F)cc3)c(O)c(=O)n2CCN1Cc1cnco1
CHEMBL550590,Cn1cnc(CN2CCn3c(nc(C(=O)NCc4ccc(F)cc4)c(O)c3=O)C2(C)C)n1
CHEMBL552327,CC1(C)c2nc(C(=O)NCc3ccc(F)cc3)c(O)c(=O)n2CCN1Cc1nnco1
CHEMBL554284,Cc1nnc(CN2CCn3c(nc(C(=O)NCc4ccc(F)cc4)c(O)c3=O)C2(C)C)o1
CHEMBL563631,Cc1cnc(CN2CCn3c(nc(C(=O)NCc4ccc(F)cc4)c(O)c3=O)C2(C)C)o1
CHEMBL552176,Cc1cc(CN2CCn3c(nc(C(=O)NCc4ccc(F)cc4)c(O)c3=O)C2(C)C)on1
CHEMBL552177,Cc1noc(CN2CCn3c(nc(C(=O)NCc4ccc(F)cc4)c(O)c3=O)C2(C)C)n1
CHEMBL550784,Cc1nc(CN2CCn3c(nc(C(=O)NCc4ccc(F)cc4)c(O)c3=O)C2(C)C)no1
CHEMBL556894,Cn1cc(CN2CCn3c(nc(C(=O)NCc4ccc(F)cc4)c(O)c3=O)C2(C)C)nn1
CHEMBL560251,Cn1nncc1CN1CCn2c(nc(C(=O)NCc3ccc(F)cc3)c(O)c2=O)C1(C)C
CHEMBL549422,CC1(C)c2nc(C(=O)NCc3ccc(F)cc3)c(O)c(=O)n2CCN1Cc1nnn[nH]1
CHEMBL550985,Cn1nnnc1CN1CCn2c(nc(C(=O)NCc3ccc(F)cc3)c(O)c2=O)C1(C)C
CHEMBL549831,Cn1nnc(CN2CCn3c(nc(C(=O)NCc4ccc(F)cc4)c(O)c3=O)C2(C)C)n1
CHEMBL518520,Cc1nnc(C(=O)NC(C)(C)c2nc(C(=O)NCc3ccc(F)cc3)c([O-])c(=O)n2C)o1.[K+]
CHEMBL562760,CN(C)[C@@H]1CCCn2c1nc(C(=O)NCc1ccc(F)cc1)c(O)c2=O
CHEMBL559753,CCOC(=O)C(=O)CC(=O)c1cn(Cc2ccc(F)cc2)c2ccc(Br)cc2c1=O
CHEMBL562899,O=C(O)C(=O)CC(=O)c1cn(Cc2ccc(F)cc2)c2ccc(Br)cc2c1=O
CHEMBL558661,O=C(O)C(=O)CC(=O)c1ccc2c(c1)c(=O)c(C(=O)CC(=O)C(=O)O)cn2Cc1ccc(F)cc1
CHEMBL554522,C[C@@]1(c2nc(C(=O)NCc3ccc(F)cc3)c(O)c(=O)[nH]2)CCCN1
CHEMBL549798,CN1CCC[C@@]1(C)c1nc(C(=O)NCc2ccc(F)cc2)c(O)c(=O)[nH]1
CHEMBL550674,CC(=O)N1CCC[C@@]1(C)c1nc(C(=O)NCc2ccc(F)cc2)c(O)c(=O)[nH]1
CHEMBL565220,CC1(c2nc(C(=O)NCc3ccc(F)cc3)c(O)c(=O)[nH]2)CCCCN1
CHEMBL549309,CN1CCCCC1(C)c1nc(C(=O)NCc2ccc(F)cc2)c(O)c(=O)[nH]1
CHEMBL563757,CC(=O)N1CCCCC1(C)c1nc(C(=O)NCc2ccc(F)cc2)c(O)c(=O)[nH]1
CHEMBL550202,Cc1nc(C)c(C(=O)N2CCCCC2(C)c2nc(C(=O)NCc3ccc(F)cc3)c(O)c(=O)[nH]2)s1
CHEMBL559492,CC(=O)N1CCN(C)CC1(C)c1nc(C(=O)NCc2ccc(F)cc2)c(O)c(=O)[nH]1
CHEMBL551942,CN1CCN(C(=O)c2cnccn2)C(C)(c2nc(C(=O)NCc3ccc(F)cc3)c(O)c(=O)[nH]2)C1
CHEMBL549592,CC(=O)N1CCN(C)C(C)(c2nc(C(=O)NCc3ccc(F)cc3)c(O)c(=O)n2C)C1
CHEMBL562595,CN1CCN(S(=O)(=O)N(C)C)CC1(C)c1nc(C(=O)NCc2ccc(F)cc2)c(O)c(=O)n1C
CHEMBL564267,CN1CCN(S(C)(=O)=O)CC1(C)c1nc(C(=O)NCc2ccc(F)cc2)c(O)c(=O)n1C
CHEMBL564984,O=C(NCc1ccc(F)cc1)c1nc(C2CCCN2)[nH]c(=O)c1O
CHEMBL226764,CN1CCCC1c1nc(O)c(O)c(C(=O)NCc2ccc(F)cc2)n1
CHEMBL563628,CC(=O)N1CCCC1c1nc(C(=O)NCc2ccc(F)cc2)c(O)c(=O)[nH]1
CHEMBL227497,O=C(NCc1ccc(F)cc1)c1nc(C2CCCCN2)nc(O)c1O
CHEMBL407451,CN1CCCCC1c1nc(O)c(O)c(C(=O)NCc2ccc(F)cc2)n1
CHEMBL563898,CC(=O)N1CCCCC1c1nc(C(=O)NCc2ccc(F)cc2)c(O)c(=O)[nH]1
CHEMBL559493,Cc1nc(C)c(C(=O)N2CCCCC2c2nc(C(=O)NCc3ccc(F)cc3)c(O)c(=O)[nH]2)s1
CHEMBL560944,CC(=O)N1CCN(C)CC1c1nc(C(=O)NCc2ccc(F)cc2)c(O)c(=O)[nH]1
CHEMBL559494,CN1CCN(C(=O)c2cnccn2)C(c2nc(C(=O)NCc3ccc(F)cc3)c(O)c(=O)[nH]2)C1
CHEMBL394786,CC(=O)N1CCN(C)C(c2nc(C(=O)NCc3ccc(F)cc3)c(O)c(=O)n2C)C1
CHEMBL243365,CN1CCN(S(=O)(=O)N(C)C)CC1c1nc(C(=O)NCc2ccc(F)cc2)c(O)c(=O)n1C
CHEMBL243150,CN1CCN(S(C)(=O)=O)CC1c1nc(C(=O)NCc2ccc(F)cc2)c(O)c(=O)n1C
CHEMBL254316,Cc1nnc(C(=O)NC(C)(C)c2nc(C(=O)NCc3ccc(F)cc3)c(O)c(=O)n2C)o1
CHEMBL564267,CN1CCN(S(C)(=O)=O)CC1(C)c1nc(C(=O)NCc2ccc(F)cc2)c(O)c(=O)n1C
CHEMBL564267,CN1CCN(S(C)(=O)=O)CC1(C)c1nc(C(=O)NCc2ccc(F)cc2)c(O)c(=O)n1C
CHEMBL516025,O=C(O)/C(O)=C/C(=O)c1cc(OCc2ccccc2)cc(OCc2ccccc2)c1
CHEMBL573605,CC(=O)N(C)c1cc(C(=O)NCc2ccc(F)cc2)c(O)c2ncccc12
CHEMBL575207,CC(=O)N(C)CCNc1cc(C(=O)NCc2ccc(F)cc2)c(O)c2ncccc12
CHEMBL572902,CC(=O)N1CCN(c2cc(C(=O)NCc3ccc(F)cc3)c(O)c3ncccc23)CC1
CHEMBL572901,CN1CCN(c2cc(C(=O)NCc3ccc(F)cc3)c(O)c3ncccc23)CC1
CHEMBL209591,O=C(NCc1ccc(F)cc1)c1ccc2cccnc2c1O
CHEMBL572448,CN(C)C(=O)C(=O)N(C)c1cc(C(=O)NCc2ccc(F)cc2)c(O)c2ncccc12
CHEMBL35842,O=C(c1cccc(Cc2ccccc2)c1)c1ccc2cccnc2c1O
CHEMBL36070,O=C(c1cccc(Cc2ccccc2)c1)c1ncc2cccnc2c1O
CHEMBL386055,COc1cnc2c(O)c3c(c(OC)c2c1)CN(Cc1ccc(F)cc1)C3=O
CHEMBL214371,CN(C)S(=O)(=O)Oc1c2c(c(O)c3ncccc13)C(=O)N(Cc1ccc(F)cc1)C2
CHEMBL209854,O=C1c2c(c(C(=O)N3CCOCC3)c3cccnc3c2O)CN1Cc1ccc(F)cc1
CHEMBL211110,O=C(NCc1ccccn1)c1c2c(c(O)c3ncccc13)C(=O)N(Cc1ccc(F)cc1)C2
CHEMBL209440,COc1c2c(c(O)c3ncccc13)C(=O)N(Cc1ccc(F)cc1)C2
CHEMBL212921,COc1c2c(c(O)c3ncccc13)C(=O)N(Cc1ccc(F)cc1)C2=O
CHEMBL211634,O=C1c2c(cc3cccnc3c2O)CN1Cc1ccc(F)cc1
CHEMBL572414,COc1ccc(Cc2cccc(C(=O)/C=C(\O)C(=O)O)c2)cc1
CHEMBL584772,O=C(O)/C(O)=C/C(=O)c1csc(Cc2ccccc2)c1
CHEMBL573644,O=C(O)/C(O)=C/C(=O)c1cccn1Cc1ccccc1
CHEMBL573637,COc1cccc(Cc2cccc(C(=O)/C=C(\O)C(=O)O)c2)c1
CHEMBL572473,O=C(O)/C(O)=C/C(=O)c1cccc(Cc2cccc(F)c2)c1
CHEMBL572471,O=C(O)/C(O)=C/C(=O)C1C=CSC1Cc1ccccc1
CHEMBL437708,O=C(NCc1ccccc1)c1nc(-c2cccs2)nc(O)c1O
CHEMBL373761,O=C(NCC1CCCCC1)c1nc(-c2cccs2)nc(O)c1O
CHEMBL226916,O=C(NCCc1ccccc1)c1nc(-c2cccs2)nc(O)c1O
CHEMBL1087940,O=C(Nc1ccc2ccccc2c1)c1nc(-c2cccs2)nc(O)c1O
CHEMBL437361,C[C@H](NC(=O)c1nc(-c2cccs2)nc(O)c1O)c1ccc2ccccc2c1
CHEMBL234707,O=C(Nc1cccc2ccccc12)c1nc(-c2cccs2)nc(O)c1O
CHEMBL234923,O=C(N[C@@H]1CCc2ccccc21)c1nc(-c2cccs2)nc(O)c1O
CHEMBL1088620,O=C(NCc1cccs1)c1nc(-c2cccs2)nc(O)c1O
CHEMBL1088621,O=C(NCc1nccs1)c1nc(-c2cccs2)nc(O)c1O
CHEMBL1088058,O=C(NCc1cc2ccccc2s1)c1nc(-c2cccs2)nc(O)c1O
CHEMBL1088059,O=C(NCc1csc2ccccc12)c1nc(-c2cccs2)nc(O)c1O
CHEMBL232228,O=C(NCc1c[nH]c2ccccc12)c1nc(-c2cccs2)nc(O)c1O
CHEMBL232435,COc1ccccc1CNC(=O)c1nc(-c2cccs2)nc(O)c1O
CHEMBL438113,COc1cccc(CNC(=O)c2nc(-c3cccs3)nc(O)c2O)c1
CHEMBL232437,Cc1ccccc1CNC(=O)c1nc(-c2cccs2)nc(O)c1O
CHEMBL232629,Cc1cccc(CNC(=O)c2nc(-c3cccs3)nc(O)c2O)c1
CHEMBL277754,Cc1ccc(CNC(=O)c2nc(-c3cccs3)nc(O)c2O)cc1
CHEMBL389093,O=C(NCc1ccccc1-c1ccccc1)c1nc(-c2cccs2)nc(O)c1O
CHEMBL232630,O=C(NCc1cccc(-c2ccccc2)c1)c1nc(-c2cccs2)nc(O)c1O
CHEMBL232444,O=C(NCc1ccc(Cl)cc1)c1nc(-c2cccs2)nc(O)c1O
CHEMBL232445,O=C(NCc1ccccc1F)c1nc(-c2cccs2)nc(O)c1O
CHEMBL398211,O=C(NCc1cccc(F)c1)c1nc(-c2cccs2)nc(O)c1O
CHEMBL216874,O=C(NCc1ccc(F)cc1)c1nc(-c2cccs2)nc(O)c1O
CHEMBL232446,O=C(NCc1ccc(Cl)c(Cl)c1)c1nc(-c2cccs2)nc(O)c1O
CHEMBL1082256,CC[C@H](C)[C@H](NC(=O)[C@H](CCCNC(=N)N)NC(=O)[C@H](Cc1ccccc1)NC(=O)[C@H](Cc1cnc[nH]1)NC(=O)[C@@H](NC(=O)[C@H](Cc1ccccc1)NC(=O)[C@H](CC(C)C)NC(=O)[C@H](CC(C)C)NC(=O)[C@H](CCC(N)=O)NC(=O)[C@H](CCC(N)=O)NC(=O)[C@H](CC(C)C)NC(C)=O)[C@@H](C)CC)C(=O)NCC(=O)N[C@@H](CCCNC(=N)N)C(=O)N[C@@H](CCCNC(=N)N)C(=O)N[C@@H](CCCNC(=N)N)C(=O)N[C@@H](CCCNC(=N)N)C(=O)N[C@@H](CCCNC(=N)N)C(=O)N[C@@H](CCCNC(=N)N)C(=O)N[C@@H](CCCNC(=N)N)C(=O)N[C@@H](CCCNC(=N)N)C(N)=O
CHEMBL1082256,CC[C@H](C)[C@H](NC(=O)[C@H](CCCNC(=N)N)NC(=O)[C@H](Cc1ccccc1)NC(=O)[C@H](Cc1cnc[nH]1)NC(=O)[C@@H](NC(=O)[C@H](Cc1ccccc1)NC(=O)[C@H](CC(C)C)NC(=O)[C@H](CC(C)C)NC(=O)[C@H](CCC(N)=O)NC(=O)[C@H](CCC(N)=O)NC(=O)[C@H](CC(C)C)NC(C)=O)[C@@H](C)CC)C(=O)NCC(=O)N[C@@H](CCCNC(=N)N)C(=O)N[C@@H](CCCNC(=N)N)C(=O)N[C@@H](CCCNC(=N)N)C(=O)N[C@@H](CCCNC(=N)N)C(=O)N[C@@H](CCCNC(=N)N)C(=O)N[C@@H](CCCNC(=N)N)C(=O)N[C@@H](CCCNC(=N)N)C(=O)N[C@@H](CCCNC(=N)N)C(N)=O
CHEMBL1082257,CC[C@H](C)[C@H](NC(=O)[C@H](C)NC(=O)[C@H](CCC(=O)O)NC(C)=O)C(=O)N[C@H](C(=O)N[C@@H](CCCNC(=N)N)C(=O)N[C@H](C(=O)N[C@@H](CC(C)C)C(=O)N[C@@H](CCC(N)=O)C(=O)N[C@@H](CCC(N)=O)C(=O)N[C@@H](CC(C)C)C(=O)N[C@@H](CC(C)C)C(=O)N[C@@H](Cc1ccccc1)C(=O)N[C@H](C(=O)N[C@@H](Cc1cnc[nH]1)C(=O)N[C@@H](Cc1ccccc1)C(=O)N[C@@H](CCCNC(=N)N)C(=O)N[C@H](C(=O)NCC(=O)N[C@@H](CCCNC(=N)N)C(=O)N[C@@H](CCCNC(=N)N)C(=O)N[C@@H](CCCNC(=N)N)C(=O)N[C@@H](CCCNC(=N)N)C(=O)N[C@@H](CCCNC(=N)N)C(=O)N[C@@H](CCCNC(=N)N)C(=O)N[C@@H](CCCNC(=N)N)C(=O)N[C@@H](CCCNC(=N)N)C(N)=O)[C@@H](C)CC)[C@@H](C)CC)[C@@H](C)CC)[C@@H](C)CC
CHEMBL1082257,CC[C@H](C)[C@H](NC(=O)[C@H](C)NC(=O)[C@H](CCC(=O)O)NC(C)=O)C(=O)N[C@H](C(=O)N[C@@H](CCCNC(=N)N)C(=O)N[C@H](C(=O)N[C@@H](CC(C)C)C(=O)N[C@@H](CCC(N)=O)C(=O)N[C@@H](CCC(N)=O)C(=O)N[C@@H](CC(C)C)C(=O)N[C@@H](CC(C)C)C(=O)N[C@@H](Cc1ccccc1)C(=O)N[C@H](C(=O)N[C@@H](Cc1cnc[nH]1)C(=O)N[C@@H](Cc1ccccc1)C(=O)N[C@@H](CCCNC(=N)N)C(=O)N[C@H](C(=O)NCC(=O)N[C@@H](CCCNC(=N)N)C(=O)N[C@@H](CCCNC(=N)N)C(=O)N[C@@H](CCCNC(=N)N)C(=O)N[C@@H](CCCNC(=N)N)C(=O)N[C@@H](CCCNC(=N)N)C(=O)N[C@@H](CCCNC(=N)N)C(=O)N[C@@H](CCCNC(=N)N)C(=O)N[C@@H](CCCNC(=N)N)C(N)=O)[C@@H](C)CC)[C@@H](C)CC)[C@@H](C)CC)[C@@H](C)CC
CHEMBL242883,O=C(O)/C(O)=C/C(=O)c1cccc(Cc2ccccc2)c1
CHEMBL549405,O=C(O)c1c[nH]c2ccc(Cc3cc(Cl)ccc3Cl)cc2c1=O
CHEMBL560234,O=C(O)c1c[nH]c2ccc(Cc3cccc(Cl)c3Cl)cc2c1=O
CHEMBL550691,Cn1cc(C(=O)O)c(=O)c2cc(Cc3cccc(Cl)c3Cl)ccc21
CHEMBL561099,CCn1cc(C(=O)O)c(=O)c2cc(Cc3cccc(Cl)c3Cl)ccc21
CHEMBL551437,CCCn1cc(C(=O)O)c(=O)c2cc(Cc3cccc(Cl)c3Cl)ccc21
CHEMBL562360,CC(C)n1cc(C(=O)O)c(=O)c2cc(Cc3cccc(Cl)c3Cl)ccc21
CHEMBL561827,CCCCn1cc(C(=O)O)c(=O)c2cc(Cc3cccc(Cl)c3Cl)ccc21
CHEMBL558481,O=C(O)Cn1cc(C(=O)O)c(=O)c2cc(Cc3cccc(Cl)c3Cl)ccc21
CHEMBL561100,O=C(O)CCn1cc(C(=O)O)c(=O)c2cc(Cc3cccc(Cl)c3Cl)ccc21
CHEMBL563162,NC(=O)Cn1cc(C(=O)O)c(=O)c2cc(Cc3cccc(Cl)c3Cl)ccc21
CHEMBL551235,NC(=O)CCn1cc(C(=O)O)c(=O)c2cc(Cc3cccc(Cl)c3Cl)ccc21
CHEMBL561437,NCCn1cc(C(=O)O)c(=O)c2cc(Cc3cccc(Cl)c3Cl)ccc21
CHEMBL550893,O=C(O)c1cn(CCO)c2ccc(Cc3cccc(Cl)c3Cl)cc2c1=O
CHEMBL558286,O=C(O)c1cn(CCCO)c2ccc(Cc3cccc(Cl)c3Cl)cc2c1=O
CHEMBL550895,O=C(O)c1cn(CCO)c2ccc(Cc3cccc(F)c3Cl)cc2c1=O
CHEMBL379664,O=C(O)c1cn(CCO)c2ccc(Cc3cccc(Cl)c3F)cc2c1=O
CHEMBL558287,O=C(O)c1cn(CCO)c2ccc(Cc3cccc(Cl)c3Cl)c(F)c2c1=O
CHEMBL549546,O=C(O)c1cn(CCO)c2cc(F)c(Cc3cccc(Cl)c3Cl)cc2c1=O
CHEMBL560439,O=C(O)c1cn(CCO)c2c(F)cc(Cc3cccc(Cl)c3Cl)cc2c1=O
CHEMBL549549,COc1cc2c(cc1Cc1cccc(Cl)c1Cl)c(=O)c(C(=O)O)cn2CCO
CHEMBL559903,O=C(O)c1cn(CCO)c2cc(Cl)c(Cc3cccc(Cl)c3Cl)cc2c1=O
CHEMBL549611,Cc1cc2c(cc1Cc1cccc(Cl)c1Cl)c(=O)c(C(=O)O)cn2CCO
CHEMBL549750,N#Cc1cc2c(cc1Cc1cccc(Cl)c1Cl)c(=O)c(C(=O)O)cn2CCO
CHEMBL203443,COc1cc2c(cc1Cc1cccc(Cl)c1F)c(=O)c(C(=O)O)cn2CCO
CHEMBL563525,C[C@@H](CO)n1cc(C(=O)O)c(=O)c2cc(Cc3cccc(Cl)c3F)ccc21
CHEMBL554722,C[C@H](CO)n1cc(C(=O)O)c(=O)c2cc(Cc3cccc(Cl)c3F)ccc21
CHEMBL549816,CC[C@@H](CO)n1cc(C(=O)O)c(=O)c2cc(Cc3cccc(Cl)c3F)ccc21
CHEMBL563677,CCC[C@@H](CO)n1cc(C(=O)O)c(=O)c2cc(Cc3cccc(Cl)c3F)ccc21
CHEMBL206604,CC(C)[C@@H](CO)n1cc(C(=O)O)c(=O)c2cc(Cc3cccc(Cl)c3F)ccc21
CHEMBL565125,CC(C)(C)[C@@H](CO)n1cc(C(=O)O)c(=O)c2cc(Cc3cccc(Cl)c3F)ccc21
CHEMBL561619,O=C(O)c1cn([C@H](CO)C2CCCCC2)c2ccc(Cc3cccc(Cl)c3F)cc2c1=O
CHEMBL557891,O=C(O)c1cn([C@H](CO)c2ccccc2)c2ccc(Cc3cccc(Cl)c3F)cc2c1=O
CHEMBL550080,CCC[C@@H](CO)n1cc(C(=O)O)c(=O)c2cc(Cc3cccc(Cl)c3F)c(OC)cc21
CHEMBL204656,COc1cc2c(cc1Cc1cccc(Cl)c1F)c(=O)c(C(=O)O)cn2[C@H](CO)C(C)C
CHEMBL408699,COc1cc2c(cc1Cc1cccc(Cl)c1F)c(=O)c(C(=O)O)cn2[C@@H](CO)C(C)C
CHEMBL550220,COc1cc2c(cc1Cc1cccc(Cl)c1F)c(=O)c(C(=O)O)cn2[C@H](CO)C(C)(C)C
CHEMBL560836,COc1cc2c(cc1Cc1cccc(Cl)c1F)c(=O)c(C(=O)O)cn2[C@H](CO)C1CCCCC1
CHEMBL1213723,COc1cccc2c1c(C(=O)/C=C(\O)C(=O)O)cn2Cc1cccc(Cl)c1
CHEMBL1213789,COc1cccc2c1c(C(=O)/C=C(\O)C(=O)O)cn2Cc1ccc(F)c(Cl)c1
CHEMBL1213790,COc1cccc2c1c(C(=O)/C=C(\O)C(=O)O)cn2Cc1cc(F)cc(Cl)c1
CHEMBL1213791,COc1cccc2c1c(C(=O)/C=C(\O)C(=O)O)cn2Cc1cc(Cl)ccc1F
CHEMBL259011,COc1cccc2c1c(C(=O)/C=C(\O)C(=O)O)cn2Cc1ccc(F)cc1
CHEMBL254316,Cc1nnc(C(=O)NC(C)(C)c2nc(C(=O)NCc3ccc(F)cc3)c(O)c(=O)n2C)o1
CHEMBL204656,COc1cc2c(cc1Cc1cccc(Cl)c1F)c(=O)c(C(=O)O)cn2[C@H](CO)C(C)C
CHEMBL1214536,CCOC(=O)/C(O)=C/C(=O)c1cn(Cc2ccc(F)c(Cl)c2)c2cccc(OC)c12
CHEMBL1213723,COc1cccc2c1c(C(=O)/C=C(\O)C(=O)O)cn2Cc1cccc(Cl)c1
CHEMBL1213726,COc1cccc2c1c(C(=O)/C=C(\O)C(=O)O)cn2Cc1ccc(F)cc1Cl
CHEMBL1213727,COc1cccc2c1c(C(=O)/C=C(\O)C(=O)O)cn2Cc1cc(F)ccc1Cl
CHEMBL1213787,COc1cccc2c1c(C(=O)/C=C(\O)C(=O)O)cn2Cc1c(F)cccc1Cl
CHEMBL1213788,COc1cccc2c1c(C(=O)/C=C(\O)C(=O)O)cn2Cc1cccc(Cl)c1F
CHEMBL1213789,COc1cccc2c1c(C(=O)/C=C(\O)C(=O)O)cn2Cc1ccc(F)c(Cl)c1
CHEMBL1213790,COc1cccc2c1c(C(=O)/C=C(\O)C(=O)O)cn2Cc1cc(F)cc(Cl)c1
CHEMBL1213791,COc1cccc2c1c(C(=O)/C=C(\O)C(=O)O)cn2Cc1cc(Cl)ccc1F
CHEMBL259011,COc1cccc2c1c(C(=O)/C=C(\O)C(=O)O)cn2Cc1ccc(F)cc1
CHEMBL254316,Cc1nnc(C(=O)NC(C)(C)c2nc(C(=O)NCc3ccc(F)cc3)c(O)c(=O)n2C)o1
CHEMBL204656,COc1cc2c(cc1Cc1cccc(Cl)c1F)c(=O)c(C(=O)O)cn2[C@H](CO)C(C)C
CHEMBL388908,CN1C[C@@H](F)C[C@H]1c1nc(C(=O)NCc2ccc(F)cc2)c(O)c(=O)n1C
CHEMBL1223400,Cn1c([C@@H]2C[C@H](F)CN2C2CC2)nc(C(=O)NCc2ccc(F)cc2)c(O)c1=O
CHEMBL1223469,CC(=O)N1C[C@@H](F)C[C@H]1c1nc(C(=O)NCc2ccc(F)cc2)c(O)c(=O)n1C
CHEMBL1223401,Cn1c([C@@H]2C[C@H](F)CN2Cc2ccon2)nc(C(=O)NCc2ccc(F)cc2)c(O)c1=O
CHEMBL1223471,CN(C)C(=O)N1C[C@@H](F)C[C@H]1c1nc(C(=O)NCc2ccc(F)cc2)c(O)c(=O)n1C
CHEMBL1223470,COC(=O)N1C[C@@H](F)C[C@H]1c1nc(C(=O)NCc2ccc(F)cc2)c(O)c(=O)n1C
CHEMBL1223472,Cn1c([C@@H]2C[C@H](F)CN2S(C)(=O)=O)nc(C(=O)NCc2ccc(F)cc2)c(O)c1=O
CHEMBL1223543,CN(C)C(=O)C(=O)N1C[C@@H](F)C[C@H]1c1nc(C(=O)NCc2ccc(F)cc2)c(O)c(=O)n1C
CHEMBL1223542,Cn1c([C@@H]2C[C@H](F)CN2C(=O)c2cnccn2)nc(C(=O)NCc2ccc(F)cc2)c(O)c1=O
CHEMBL1223541,CN(C)S(=O)(=O)N1C[C@@H](F)C[C@H]1c1nc(C(=O)NCc2ccc(F)cc2)c(O)c(=O)n1C
CHEMBL1222458,CC(=O)N1C[C@@H](F)C[C@H]1c1nc(C(=O)NCc2ccc(F)c(C)c2)c(O)c(=O)n1C
CHEMBL1223544,CC(=O)N1C[C@@H](F)C[C@H]1c1nc(C(=O)NCc2ccc(F)c(Cl)c2)c(O)c(=O)n1C
CHEMBL1222461,COC(=O)N1C[C@@H](F)C[C@H]1c1nc(C(=O)NCc2ccc(F)c(Cl)c2)c(O)c(=O)n1C
CHEMBL1222460,COC(=O)N1C[C@@H](F)C[C@H]1c1nc(C(=O)NCc2ccc(C)c(Cl)c2)c(O)c(=O)n1C
CHEMBL1222459,CC(=O)N1C[C@@H](F)C[C@H]1c1nc(C(=O)NCc2ccc(C)c(Cl)c2)c(O)c(=O)n1C
CHEMBL1082256,CC[C@H](C)[C@H](NC(=O)[C@H](CCCNC(=N)N)NC(=O)[C@H](Cc1ccccc1)NC(=O)[C@H](Cc1cnc[nH]1)NC(=O)[C@@H](NC(=O)[C@H](Cc1ccccc1)NC(=O)[C@H](CC(C)C)NC(=O)[C@H](CC(C)C)NC(=O)[C@H](CCC(N)=O)NC(=O)[C@H](CCC(N)=O)NC(=O)[C@H](CC(C)C)NC(C)=O)[C@@H](C)CC)C(=O)NCC(=O)N[C@@H](CCCNC(=N)N)C(=O)N[C@@H](CCCNC(=N)N)C(=O)N[C@@H](CCCNC(=N)N)C(=O)N[C@@H](CCCNC(=N)N)C(=O)N[C@@H](CCCNC(=N)N)C(=O)N[C@@H](CCCNC(=N)N)C(=O)N[C@@H](CCCNC(=N)N)C(=O)N[C@@H](CCCNC(=N)N)C(N)=O
CHEMBL1082257,CC[C@H](C)[C@H](NC(=O)[C@H](C)NC(=O)[C@H](CCC(=O)O)NC(C)=O)C(=O)N[C@H](C(=O)N[C@@H](CCCNC(=N)N)C(=O)N[C@H](C(=O)N[C@@H](CC(C)C)C(=O)N[C@@H](CCC(N)=O)C(=O)N[C@@H](CCC(N)=O)C(=O)N[C@@H](CC(C)C)C(=O)N[C@@H](CC(C)C)C(=O)N[C@@H](Cc1ccccc1)C(=O)N[C@H](C(=O)N[C@@H](Cc1cnc[nH]1)C(=O)N[C@@H](Cc1ccccc1)C(=O)N[C@@H](CCCNC(=N)N)C(=O)N[C@H](C(=O)NCC(=O)N[C@@H](CCCNC(=N)N)C(=O)N[C@@H](CCCNC(=N)N)C(=O)N[C@@H](CCCNC(=N)N)C(=O)N[C@@H](CCCNC(=N)N)C(=O)N[C@@H](CCCNC(=N)N)C(=O)N[C@@H](CCCNC(=N)N)C(=O)N[C@@H](CCCNC(=N)N)C(=O)N[C@@H](CCCNC(=N)N)C(N)=O)[C@@H](C)CC)[C@@H](C)CC)[C@@H](C)CC)[C@@H](C)CC
CHEMBL1241169,CC[C@H](C)[C@H](NC(C)=O)C(=O)N[C@@H](CC(C)C)C(=O)N[C@@H](CCC(N)=O)C(=O)N[C@@H](CCC(N)=O)C(=O)N[C@@H](CC(C)C)C(=O)N[C@@H](CC(C)C)C(=O)N[C@@H](Cc1ccccc1)C(=O)N[C@H](C(=O)N[C@@H](Cc1cnc[nH]1)C(=O)N[C@@H](Cc1ccccc1)C(=O)N[C@@H](CCCNC(=N)N)C(=O)N[C@H](C(=O)NCC(=O)N[C@@H](CCCNC(=N)N)C(=O)N[C@@H](CCCNC(=N)N)C(=O)N[C@@H](CCCNC(=N)N)C(=O)N[C@@H](CCCNC(=N)N)C(=O)N[C@@H](CCCNC(=N)N)C(=O)N[C@@H](CCCNC(=N)N)C(=O)N[C@@H](CCCNC(=N)N)C(=O)N[C@@H](CCCNC(=N)N)C(N)=O)[C@@H](C)CC)[C@@H](C)CC
CHEMBL1241170,CC[C@H](C)[C@H](NC(=O)[C@H](CCCNC(=N)N)NC(=O)[C@H](Cc1ccccc1)NC(=O)[C@H](Cc1cnc[nH]1)NC(=O)[C@@H](NC(=O)[C@H](Cc1ccccc1)NC(=O)[C@H](CC(C)C)NC(=O)[C@H](CC(C)C)NC(=O)[C@H](CCC(N)=O)NC(=O)[C@H](CCC(N)=O)NC(=O)[C@H](CC(C)C)NC(=O)[C@@H](NC(=O)[C@H](CCCNC(=N)N)NC(C)=O)[C@@H](C)CC)[C@@H](C)CC)C(=O)NCC(=O)N[C@@H](CCCNC(=N)N)C(=O)N[C@@H](CCCNC(=N)N)C(=O)N[C@@H](CCCNC(=N)N)C(=O)N[C@@H](CCCNC(=N)N)C(=O)N[C@@H](CCCNC(=N)N)C(=O)N[C@@H](CCCNC(=N)N)C(=O)N[C@@H](CCCNC(=N)N)C(=O)N[C@@H](CCCNC(=N)N)C(N)=O
CHEMBL1241171,CC[C@H](C)[C@H](NC(C)=O)C(=O)N[C@@H](CCCNC(=N)N)C(=O)N[C@H](C(=O)N[C@@H](CC(C)C)C(=O)N[C@@H](CCC(N)=O)C(=O)N[C@@H](CCC(N)=O)C(=O)N[C@@H](CC(C)C)C(=O)N[C@@H](CC(C)C)C(=O)N[C@@H](Cc1ccccc1)C(=O)N[C@H](C(=O)N[C@@H](Cc1cnc[nH]1)C(=O)N[C@@H](Cc1ccccc1)C(=O)N[C@@H](CCCNC(=N)N)C(=O)N[C@H](C(=O)NCC(=O)N[C@@H](CCCNC(=N)N)C(=O)N[C@@H](CCCNC(=N)N)C(=O)N[C@@H](CCCNC(=N)N)C(=O)N[C@@H](CCCNC(=N)N)C(=O)N[C@@H](CCCNC(=N)N)C(=O)N[C@@H](CCCNC(=N)N)C(=O)N[C@@H](CCCNC(=N)N)C(=O)N[C@@H](CCCNC(=N)N)C(N)=O)[C@@H](C)CC)[C@@H](C)CC)[C@@H](C)CC
CHEMBL1241172,CC[C@H](C)[C@H](NC(C)=O)C(=O)N[C@H](C(=O)N[C@@H](CCCNC(=N)N)C(=O)N[C@H](C(=O)N[C@@H](CC(C)C)C(=O)N[C@@H](CCC(N)=O)C(=O)N[C@@H](CCC(N)=O)C(=O)N[C@@H](CC(C)C)C(=O)N[C@@H](CC(C)C)C(=O)N[C@@H](Cc1ccccc1)C(=O)N[C@H](C(=O)N[C@@H](Cc1cnc[nH]1)C(=O)N[C@@H](Cc1ccccc1)C(=O)N[C@@H](CCCNC(=N)N)C(=O)N[C@H](C(=O)NCC(=O)N[C@@H](CCCNC(=N)N)C(=O)N[C@@H](CCCNC(=N)N)C(=O)N[C@@H](CCCNC(=N)N)C(=O)N[C@@H](CCCNC(=N)N)C(=O)N[C@@H](CCCNC(=N)N)C(=O)N[C@@H](CCCNC(=N)N)C(=O)N[C@@H](CCCNC(=N)N)C(=O)N[C@@H](CCCNC(=N)N)C(N)=O)[C@@H](C)CC)[C@@H](C)CC)[C@@H](C)CC)[C@@H](C)CC
CHEMBL1241173,CC[C@H](C)[C@H](NC(=O)[C@H](C)NC(C)=O)C(=O)N[C@H](C(=O)N[C@@H](CCCNC(=N)N)C(=O)N[C@H](C(=O)N[C@@H](CC(C)C)C(=O)N[C@@H](CCC(N)=O)C(=O)N[C@@H](CCC(N)=O)C(=O)N[C@@H](CC(C)C)C(=O)N[C@@H](CC(C)C)C(=O)N[C@@H](Cc1ccccc1)C(=O)N[C@H](C(=O)N[C@@H](Cc1cnc[nH]1)C(=O)N[C@@H](Cc1ccccc1)C(=O)N[C@@H](CCCNC(=N)N)C(=O)N[C@H](C(=O)NCC(=O)N[C@@H](CCCNC(=N)N)C(=O)N[C@@H](CCCNC(=N)N)C(=O)N[C@@H](CCCNC(=N)N)C(=O)N[C@@H](CCCNC(=N)N)C(=O)N[C@@H](CCCNC(=N)N)C(=O)N[C@@H](CCCNC(=N)N)C(=O)N[C@@H](CCCNC(=N)N)C(=O)N[C@@H](CCCNC(=N)N)C(N)=O)[C@@H](C)CC)[C@@H](C)CC)[C@@H](C)CC)[C@@H](C)CC
CHEMBL1241174,CC[C@H](C)[C@H](NC(=O)[C@H](C)NC(=O)[C@H](CCC(=O)O)NC(C)=O)C(=O)N[C@H](C(=O)N[C@@H](CCCNC(=N)N)C(=O)N[C@H](C(=O)N[C@@H](CC(C)C)C(=O)N[C@@H](CCC(N)=O)C(=O)N[C@@H](CCC(N)=O)C(=O)N[C@@H](CC(C)C)C(=O)N[C@@H](CC(C)C)C(=O)N[C@@H](Cc1ccccc1)C(=O)N[C@H](C(=O)N[C@@H](CCC(=O)O)C(=O)N[C@@H](Cc1ccccc1)C(=O)N[C@@H](CCCNC(=N)N)C(=O)N[C@H](C(=O)N[C@@H](CCCCN)C(=O)N[C@@H](CCCNC(=N)N)C(=O)N[C@@H](CCCNC(=N)N)C(=O)N[C@@H](CCCNC(=N)N)C(=O)N[C@@H](CCCNC(=N)N)C(=O)N[C@@H](CCCNC(=N)N)C(=O)N[C@@H](CCCNC(=N)N)C(=O)N[C@@H](CCCNC(=N)N)C(=O)N[C@@H](CCCNC(=N)N)C(N)=O)[C@@H](C)CC)[C@@H](C)CC)[C@@H](C)CC)[C@@H](C)CC
CHEMBL1241175,CC[C@H](C)[C@H](NC(=O)[C@H](CCCNC(=N)N)NC(=O)[C@H](Cc1ccccc1)NC(=O)[C@H](Cc1cnc[nH]1)NC(=O)[C@@H](NC(=O)[C@H](Cc1ccccc1)NC(=O)[C@H](CC(C)C)NC(=O)[C@H](CC(C)C)NC(=O)[C@H](CCC(N)=O)NC(=O)[C@H](CCC(N)=O)NC(=O)[C@H](CC(C)C)NC(=O)[C@H](CCCCN)NC(=O)[C@H](CCCNC(=N)N)NC(=O)[C@@H](NC(=O)[C@@H](NC(=O)[C@H](CCC(=O)O)NC(=O)[C@H](CCC(=O)O)NC(C)=O)[C@@H](C)CC)[C@@H](C)CC)[C@@H](C)CC)C(=O)NCC(=O)N[C@@H](CCCNC(=N)N)C(=O)N[C@@H](CCCNC(=N)N)C(=O)N[C@@H](CCCNC(=N)N)C(=O)N[C@@H](CCCNC(=N)N)C(=O)N[C@@H](CCCNC(=N)N)C(=O)N[C@@H](CCCNC(=N)N)C(=O)N[C@@H](CCCNC(=N)N)C(=O)N[C@@H](CCCNC(=N)N)C(N)=O
CHEMBL1241176,CC[C@H](C)[C@H](NC(=O)[C@H](C)NC(=O)[C@H](CCC(=O)O)NC(C)=O)C(=O)N[C@H](C(=O)N[C@@H](CCCNC(=N)N)C(=O)N[C@H](C(=O)N[C@@H](CC(C)C)C(=O)N[C@@H](CCC(N)=O)C(=O)N[C@@H](CCC(=O)O)C(=O)N[C@@H](CC(C)C)C(=O)N[C@@H](CC(C)C)C(=O)N[C@@H](Cc1ccccc1)C(=O)N[C@@H](CCCCN)C(=O)N[C@@H](Cc1cnc[nH]1)C(=O)N[C@@H](Cc1ccccc1)C(=O)N[C@@H](CCCNC(=N)N)C(=O)N[C@H](C(=O)NCC(=O)N[C@@H](CCCNC(=N)N)C(=O)N[C@@H](CCCNC(=N)N)C(=O)N[C@@H](CCCNC(=N)N)C(=O)N[C@@H](CCCNC(=N)N)C(=O)N[C@@H](CCCNC(=N)N)C(=O)N[C@@H](CCCNC(=N)N)C(=O)N[C@@H](CCCNC(=N)N)C(=O)N[C@@H](CCCNC(=N)N)C(N)=O)[C@@H](C)CC)[C@@H](C)CC)[C@@H](C)CC
CHEMBL1241177,CC[C@H](C)[C@H](NC(=O)[C@H](C)NC(=O)[C@H](CCC(=O)O)NC(C)=O)C(=O)N[C@@H](CCC(=O)O)C(=O)N[C@@H](CCCNC(=N)N)C(=O)N[C@H](C(=O)N[C@@H](CC(C)C)C(=O)N[C@@H](CCCCN)C(=O)N[C@@H](CCC(N)=O)C(=O)N[C@@H](CC(C)C)C(=O)N[C@@H](CC(C)C)C(=O)N[C@@H](Cc1ccccc1)C(=O)N[C@H](C(=O)N[C@@H](Cc1cnc[nH]1)C(=O)N[C@@H](Cc1ccccc1)C(=O)N[C@@H](CCCNC(=N)N)C(=O)N[C@H](C(=O)NCC(=O)N[C@@H](CCCNC(=N)N)C(=O)N[C@@H](CCCNC(=N)N)C(=O)N[C@@H](CCCNC(=N)N)C(=O)N[C@@H](CCCNC(=N)N)C(=O)N[C@@H](CCCNC(=N)N)C(=O)N[C@@H](CCCNC(=N)N)C(=O)N[C@@H](CCCNC(=N)N)C(=O)N[C@@H](CCCNC(=N)N)C(N)=O)[C@@H](C)CC)[C@@H](C)CC)[C@@H](C)CC
CHEMBL1241178,CC[C@H](C)[C@H](NC(=O)[C@H](CCCNC(=N)N)NC(=O)[C@H](Cc1ccccc1)NC(=O)[C@H](Cc1cnc[nH]1)NC(=O)[C@@H](NC(=O)[C@H](Cc1ccccc1)NC(=O)[C@H](CC(C)C)NC(=O)[C@H](CC(C)C)NC(=O)[C@H](CCC(N)=O)NC(=O)[C@H](CCC(N)=O)NC(=O)[C@H](CCCCN)NC(=O)[C@@H](NC(=O)[C@H](CCCNC(=N)N)NC(=O)[C@@H](NC(=O)[C@H](CCC(=O)O)NC(=O)[C@H](C)NC(=O)[C@H](CCC(=O)O)NC(C)=O)[C@@H](C)CC)[C@@H](C)CC)[C@@H](C)CC)C(=O)NCC(=O)N[C@@H](CCCNC(=N)N)C(=O)N[C@@H](CCCNC(=N)N)C(=O)N[C@@H](CCCNC(=N)N)C(=O)N[C@@H](CCCNC(=N)N)C(=O)N[C@@H](CCCNC(=N)N)C(=O)N[C@@H](CCCNC(=N)N)C(=O)N[C@@H](CCCNC(=N)N)C(=O)N[C@@H](CCCNC(=N)N)C(N)=O
CHEMBL1241180,CC[C@H](C)[C@H](NC(=O)[C@H](CCCNC(=N)N)NC(=O)[C@H](Cc1ccccc1)NC(=O)[C@H](CCC(=O)O)NC(=O)[C@@H](NC(=O)[C@H](Cc1ccccc1)NC(=O)[C@H](CC(C)C)NC(=O)[C@H](CC(C)C)NC(=O)[C@H](CCC(N)=O)NC(=O)[C@H](CCC(N)=O)NC(=O)[C@H](CC(C)C)NC(=O)[C@H](CCCCN)NC(=O)[C@H](CCCNC(=N)N)NC(=O)[C@@H](NC(=O)[C@@H](NC(=O)[C@H](CCC(=O)O)NC(=O)[C@H](CCC(=O)O)NC(C)=O)[C@@H](C)CC)[C@@H](C)CC)[C@@H](C)CC)C(=O)N[C@@H](CCCCN)C(=O)N[C@@H](CCCNC(=N)N)C(=O)N[C@@H](CCCNC(=N)N)C(=O)N[C@@H](CCCNC(=N)N)C(=O)N[C@@H](CCCNC(=N)N)C(=O)N[C@@H](CCCNC(=N)N)C(=O)N[C@@H](CCCNC(=N)N)C(=O)N[C@@H](CCCNC(=N)N)C(=O)N[C@@H](CCCNC(=N)N)C(N)=O
CHEMBL1241181,CC[C@H](C)[C@H](NC(=O)[C@H](CCCNC(=N)N)NC(=O)[C@H](Cc1ccccc1)NC(=O)[C@H](Cc1cnc[nH]1)NC(=O)[C@@H](NC(=O)[C@H](Cc1ccccc1)NC(=O)[C@H](CC(C)C)NC(=O)[C@H](CC(C)C)NC(=O)[C@H](CCC(N)=O)NC(=O)[C@H](CCC(N)=O)NC(=O)[C@H](C)NC(C)=O)[C@@H](C)CC)C(=O)NCC(=O)N[C@@H](CCCNC(=N)N)C(=O)N[C@@H](CCCNC(=N)N)C(=O)N[C@@H](CCCNC(=N)N)C(=O)N[C@@H](CCCNC(=N)N)C(=O)N[C@@H](CCCNC(=N)N)C(=O)N[C@@H](CCCNC(=N)N)C(=O)N[C@@H](CCCNC(=N)N)C(=O)N[C@@H](CCCNC(=N)N)C(N)=O
CHEMBL1241182,CC[C@H](C)[C@H](NC(=O)[C@H](CCCNC(=N)N)NC(=O)[C@H](Cc1ccccc1)NC(=O)[C@H](Cc1cnc[nH]1)NC(=O)[C@@H](NC(=O)[C@H](Cc1ccccc1)NC(=O)[C@H](CC(C)C)NC(=O)[C@H](CC(C)C)NC(=O)[C@H](CCC(N)=O)NC(=O)[C@H](C)NC(=O)[C@H](CC(C)C)NC(C)=O)[C@@H](C)CC)C(=O)NCC(=O)N[C@@H](CCCNC(=N)N)C(=O)N[C@@H](CCCNC(=N)N)C(=O)N[C@@H](CCCNC(=N)N)C(=O)N[C@@H](CCCNC(=N)N)C(=O)N[C@@H](CCCNC(=N)N)C(=O)N[C@@H](CCCNC(=N)N)C(=O)N[C@@H](CCCNC(=N)N)C(=O)N[C@@H](CCCNC(=N)N)C(N)=O
CHEMBL1241183,CC[C@H](C)[C@H](NC(=O)[C@H](CCCNC(=N)N)NC(=O)[C@H](Cc1ccccc1)NC(=O)[C@H](Cc1cnc[nH]1)NC(=O)[C@@H](NC(=O)[C@H](Cc1ccccc1)NC(=O)[C@H](CC(C)C)NC(=O)[C@H](CC(C)C)NC(=O)[C@H](C)NC(=O)[C@H](CCC(N)=O)NC(=O)[C@H](CC(C)C)NC(C)=O)[C@@H](C)CC)C(=O)NCC(=O)N[C@@H](CCCNC(=N)N)C(=O)N[C@@H](CCCNC(=N)N)C(=O)N[C@@H](CCCNC(=N)N)C(=O)N[C@@H](CCCNC(=N)N)C(=O)N[C@@H](CCCNC(=N)N)C(=O)N[C@@H](CCCNC(=N)N)C(=O)N[C@@H](CCCNC(=N)N)C(=O)N[C@@H](CCCNC(=N)N)C(N)=O
CHEMBL1240540,CC[C@H](C)[C@H](NC(=O)[C@H](CCCNC(=N)N)NC(=O)[C@H](Cc1ccccc1)NC(=O)[C@H](Cc1cnc[nH]1)NC(=O)[C@@H](NC(=O)[C@H](Cc1ccccc1)NC(=O)[C@H](CC(C)C)NC(=O)[C@H](C)NC(=O)[C@H](CCC(N)=O)NC(=O)[C@H](CCC(N)=O)NC(=O)[C@H](CC(C)C)NC(C)=O)[C@@H](C)CC)C(=O)NCC(=O)N[C@@H](CCCNC(=N)N)C(=O)N[C@@H](CCCNC(=N)N)C(=O)N[C@@H](CCCNC(=N)N)C(=O)N[C@@H](CCCNC(=N)N)C(=O)N[C@@H](CCCNC(=N)N)C(=O)N[C@@H](CCCNC(=N)N)C(=O)N[C@@H](CCCNC(=N)N)C(=O)N[C@@H](CCCNC(=N)N)C(N)=O
CHEMBL1241184,CC[C@H](C)[C@H](NC(=O)[C@H](CCCNC(=N)N)NC(=O)[C@H](Cc1ccccc1)NC(=O)[C@H](Cc1cnc[nH]1)NC(=O)[C@@H](NC(=O)[C@H](Cc1ccccc1)NC(=O)[C@H](C)NC(=O)[C@H](CC(C)C)NC(=O)[C@H](CCC(N)=O)NC(=O)[C@H](CCC(N)=O)NC(=O)[C@H](CC(C)C)NC(C)=O)[C@@H](C)CC)C(=O)NCC(=O)N[C@@H](CCCNC(=N)N)C(=O)N[C@@H](CCCNC(=N)N)C(=O)N[C@@H](CCCNC(=N)N)C(=O)N[C@@H](CCCNC(=N)N)C(=O)N[C@@H](CCCNC(=N)N)C(=O)N[C@@H](CCCNC(=N)N)C(=O)N[C@@H](CCCNC(=N)N)C(=O)N[C@@H](CCCNC(=N)N)C(N)=O
CHEMBL1241187,CC[C@H](C)[C@H](NC(=O)[C@H](CCCNC(=N)N)NC(=O)[C@H](Cc1ccccc1)NC(=O)[C@H](C)NC(=O)[C@@H](NC(=O)[C@H](Cc1ccccc1)NC(=O)[C@H](CC(C)C)NC(=O)[C@H](CC(C)C)NC(=O)[C@H](CCC(N)=O)NC(=O)[C@H](CCC(N)=O)NC(=O)[C@H](CC(C)C)NC(C)=O)[C@@H](C)CC)C(=O)NCC(=O)N[C@@H](CCCNC(=N)N)C(=O)N[C@@H](CCCNC(=N)N)C(=O)N[C@@H](CCCNC(=N)N)C(=O)N[C@@H](CCCNC(=N)N)C(=O)N[C@@H](CCCNC(=N)N)C(=O)N[C@@H](CCCNC(=N)N)C(=O)N[C@@H](CCCNC(=N)N)C(=O)N[C@@H](CCCNC(=N)N)C(N)=O
CHEMBL1241188,CC[C@H](C)[C@H](NC(=O)[C@H](CCCNC(=N)N)NC(=O)[C@H](C)NC(=O)[C@H](Cc1cnc[nH]1)NC(=O)[C@@H](NC(=O)[C@H](Cc1ccccc1)NC(=O)[C@H](CC(C)C)NC(=O)[C@H](CC(C)C)NC(=O)[C@H](CCC(N)=O)NC(=O)[C@H](CCC(N)=O)NC(=O)[C@H](CC(C)C)NC(C)=O)[C@@H](C)CC)C(=O)NCC(=O)N[C@@H](CCCNC(=N)N)C(=O)N[C@@H](CCCNC(=N)N)C(=O)N[C@@H](CCCNC(=N)N)C(=O)N[C@@H](CCCNC(=N)N)C(=O)N[C@@H](CCCNC(=N)N)C(=O)N[C@@H](CCCNC(=N)N)C(=O)N[C@@H](CCCNC(=N)N)C(=O)N[C@@H](CCCNC(=N)N)C(N)=O
CHEMBL1241189,CC[C@H](C)[C@H](NC(=O)[C@H](C)NC(=O)[C@H](Cc1ccccc1)NC(=O)[C@H](Cc1cnc[nH]1)NC(=O)[C@@H](NC(=O)[C@H](Cc1ccccc1)NC(=O)[C@H](CC(C)C)NC(=O)[C@H](CC(C)C)NC(=O)[C@H](CCC(N)=O)NC(=O)[C@H](CCC(N)=O)NC(=O)[C@H](CC(C)C)NC(C)=O)[C@@H](C)CC)C(=O)NCC(=O)N[C@@H](CCCNC(=N)N)C(=O)N[C@@H](CCCNC(=N)N)C(=O)N[C@@H](CCCNC(=N)N)C(=O)N[C@@H](CCCNC(=N)N)C(=O)N[C@@H](CCCNC(=N)N)C(=O)N[C@@H](CCCNC(=N)N)C(=O)N[C@@H](CCCNC(=N)N)C(=O)N[C@@H](CCCNC(=N)N)C(N)=O
CHEMBL1241190,CC[C@H](C)[C@H](NC(=O)[C@H](Cc1ccccc1)NC(=O)[C@H](CC(C)C)NC(=O)[C@H](CC(C)C)NC(=O)[C@H](CCC(N)=O)NC(=O)[C@H](CCC(N)=O)NC(=O)[C@H](CC(C)C)NC(C)=O)C(=O)N[C@@H](Cc1cnc[nH]1)C(=O)N[C@@H](Cc1ccccc1)C(=O)N[C@@H](CCCNC(=N)N)C(=O)N[C@@H](C)C(=O)NCC(=O)N[C@@H](CCCNC(=N)N)C(=O)N[C@@H](CCCNC(=N)N)C(=O)N[C@@H](CCCNC(=N)N)C(=O)N[C@@H](CCCNC(=N)N)C(=O)N[C@@H](CCCNC(=N)N)C(=O)N[C@@H](CCCNC(=N)N)C(=O)N[C@@H](CCCNC(=N)N)C(=O)N[C@@H](CCCNC(=N)N)C(N)=O
CHEMBL1241191,CC[C@H](C)[C@H](NC(=O)[C@H](CCCNC(=N)N)NC(=O)[C@H](Cc1ccccc1)NC(=O)[C@H](Cc1cnc[nH]1)NC(=O)[C@@H](NC(=O)[C@H](Cc1ccccc1)NC(=O)[C@H](CC(C)C)NC(=O)[C@H](CC(C)C)NC(=O)[C@H](CCC(N)=O)NC(=O)[C@H](CCC(N)=O)NC(=O)[C@H](CC(C)C)NC(C)=O)[C@@H](C)CC)C(=O)N[C@@H](C)C(=O)N[C@@H](CCCNC(=N)N)C(=O)N[C@@H](CCCNC(=N)N)C(=O)N[C@@H](CCCNC(=N)N)C(=O)N[C@@H](CCCNC(=N)N)C(=O)N[C@@H](CCCNC(=N)N)C(=O)N[C@@H](CCCNC(=N)N)C(=O)N[C@@H](CCCNC(=N)N)C(=O)N[C@@H](CCCNC(=N)N)C(N)=O
CHEMBL1082256,CC[C@H](C)[C@H](NC(=O)[C@H](CCCNC(=N)N)NC(=O)[C@H](Cc1ccccc1)NC(=O)[C@H](Cc1cnc[nH]1)NC(=O)[C@@H](NC(=O)[C@H](Cc1ccccc1)NC(=O)[C@H](CC(C)C)NC(=O)[C@H](CC(C)C)NC(=O)[C@H](CCC(N)=O)NC(=O)[C@H](CCC(N)=O)NC(=O)[C@H](CC(C)C)NC(C)=O)[C@@H](C)CC)C(=O)NCC(=O)N[C@@H](CCCNC(=N)N)C(=O)N[C@@H](CCCNC(=N)N)C(=O)N[C@@H](CCCNC(=N)N)C(=O)N[C@@H](CCCNC(=N)N)C(=O)N[C@@H](CCCNC(=N)N)C(=O)N[C@@H](CCCNC(=N)N)C(=O)N[C@@H](CCCNC(=N)N)C(=O)N[C@@H](CCCNC(=N)N)C(N)=O
CHEMBL1082257,CC[C@H](C)[C@H](NC(=O)[C@H](C)NC(=O)[C@H](CCC(=O)O)NC(C)=O)C(=O)N[C@H](C(=O)N[C@@H](CCCNC(=N)N)C(=O)N[C@H](C(=O)N[C@@H](CC(C)C)C(=O)N[C@@H](CCC(N)=O)C(=O)N[C@@H](CCC(N)=O)C(=O)N[C@@H](CC(C)C)C(=O)N[C@@H](CC(C)C)C(=O)N[C@@H](Cc1ccccc1)C(=O)N[C@H](C(=O)N[C@@H](Cc1cnc[nH]1)C(=O)N[C@@H](Cc1ccccc1)C(=O)N[C@@H](CCCNC(=N)N)C(=O)N[C@H](C(=O)NCC(=O)N[C@@H](CCCNC(=N)N)C(=O)N[C@@H](CCCNC(=N)N)C(=O)N[C@@H](CCCNC(=N)N)C(=O)N[C@@H](CCCNC(=N)N)C(=O)N[C@@H](CCCNC(=N)N)C(=O)N[C@@H](CCCNC(=N)N)C(=O)N[C@@H](CCCNC(=N)N)C(=O)N[C@@H](CCCNC(=N)N)C(N)=O)[C@@H](C)CC)[C@@H](C)CC)[C@@H](C)CC)[C@@H](C)CC
CHEMBL1241169,CC[C@H](C)[C@H](NC(C)=O)C(=O)N[C@@H](CC(C)C)C(=O)N[C@@H](CCC(N)=O)C(=O)N[C@@H](CCC(N)=O)C(=O)N[C@@H](CC(C)C)C(=O)N[C@@H](CC(C)C)C(=O)N[C@@H](Cc1ccccc1)C(=O)N[C@H](C(=O)N[C@@H](Cc1cnc[nH]1)C(=O)N[C@@H](Cc1ccccc1)C(=O)N[C@@H](CCCNC(=N)N)C(=O)N[C@H](C(=O)NCC(=O)N[C@@H](CCCNC(=N)N)C(=O)N[C@@H](CCCNC(=N)N)C(=O)N[C@@H](CCCNC(=N)N)C(=O)N[C@@H](CCCNC(=N)N)C(=O)N[C@@H](CCCNC(=N)N)C(=O)N[C@@H](CCCNC(=N)N)C(=O)N[C@@H](CCCNC(=N)N)C(=O)N[C@@H](CCCNC(=N)N)C(N)=O)[C@@H](C)CC)[C@@H](C)CC
CHEMBL1241170,CC[C@H](C)[C@H](NC(=O)[C@H](CCCNC(=N)N)NC(=O)[C@H](Cc1ccccc1)NC(=O)[C@H](Cc1cnc[nH]1)NC(=O)[C@@H](NC(=O)[C@H](Cc1ccccc1)NC(=O)[C@H](CC(C)C)NC(=O)[C@H](CC(C)C)NC(=O)[C@H](CCC(N)=O)NC(=O)[C@H](CCC(N)=O)NC(=O)[C@H](CC(C)C)NC(=O)[C@@H](NC(=O)[C@H](CCCNC(=N)N)NC(C)=O)[C@@H](C)CC)[C@@H](C)CC)C(=O)NCC(=O)N[C@@H](CCCNC(=N)N)C(=O)N[C@@H](CCCNC(=N)N)C(=O)N[C@@H](CCCNC(=N)N)C(=O)N[C@@H](CCCNC(=N)N)C(=O)N[C@@H](CCCNC(=N)N)C(=O)N[C@@H](CCCNC(=N)N)C(=O)N[C@@H](CCCNC(=N)N)C(=O)N[C@@H](CCCNC(=N)N)C(N)=O
CHEMBL1241171,CC[C@H](C)[C@H](NC(C)=O)C(=O)N[C@@H](CCCNC(=N)N)C(=O)N[C@H](C(=O)N[C@@H](CC(C)C)C(=O)N[C@@H](CCC(N)=O)C(=O)N[C@@H](CCC(N)=O)C(=O)N[C@@H](CC(C)C)C(=O)N[C@@H](CC(C)C)C(=O)N[C@@H](Cc1ccccc1)C(=O)N[C@H](C(=O)N[C@@H](Cc1cnc[nH]1)C(=O)N[C@@H](Cc1ccccc1)C(=O)N[C@@H](CCCNC(=N)N)C(=O)N[C@H](C(=O)NCC(=O)N[C@@H](CCCNC(=N)N)C(=O)N[C@@H](CCCNC(=N)N)C(=O)N[C@@H](CCCNC(=N)N)C(=O)N[C@@H](CCCNC(=N)N)C(=O)N[C@@H](CCCNC(=N)N)C(=O)N[C@@H](CCCNC(=N)N)C(=O)N[C@@H](CCCNC(=N)N)C(=O)N[C@@H](CCCNC(=N)N)C(N)=O)[C@@H](C)CC)[C@@H](C)CC)[C@@H](C)CC
CHEMBL1241172,CC[C@H](C)[C@H](NC(C)=O)C(=O)N[C@H](C(=O)N[C@@H](CCCNC(=N)N)C(=O)N[C@H](C(=O)N[C@@H](CC(C)C)C(=O)N[C@@H](CCC(N)=O)C(=O)N[C@@H](CCC(N)=O)C(=O)N[C@@H](CC(C)C)C(=O)N[C@@H](CC(C)C)C(=O)N[C@@H](Cc1ccccc1)C(=O)N[C@H](C(=O)N[C@@H](Cc1cnc[nH]1)C(=O)N[C@@H](Cc1ccccc1)C(=O)N[C@@H](CCCNC(=N)N)C(=O)N[C@H](C(=O)NCC(=O)N[C@@H](CCCNC(=N)N)C(=O)N[C@@H](CCCNC(=N)N)C(=O)N[C@@H](CCCNC(=N)N)C(=O)N[C@@H](CCCNC(=N)N)C(=O)N[C@@H](CCCNC(=N)N)C(=O)N[C@@H](CCCNC(=N)N)C(=O)N[C@@H](CCCNC(=N)N)C(=O)N[C@@H](CCCNC(=N)N)C(N)=O)[C@@H](C)CC)[C@@H](C)CC)[C@@H](C)CC)[C@@H](C)CC
CHEMBL1241173,CC[C@H](C)[C@H](NC(=O)[C@H](C)NC(C)=O)C(=O)N[C@H](C(=O)N[C@@H](CCCNC(=N)N)C(=O)N[C@H](C(=O)N[C@@H](CC(C)C)C(=O)N[C@@H](CCC(N)=O)C(=O)N[C@@H](CCC(N)=O)C(=O)N[C@@H](CC(C)C)C(=O)N[C@@H](CC(C)C)C(=O)N[C@@H](Cc1ccccc1)C(=O)N[C@H](C(=O)N[C@@H](Cc1cnc[nH]1)C(=O)N[C@@H](Cc1ccccc1)C(=O)N[C@@H](CCCNC(=N)N)C(=O)N[C@H](C(=O)NCC(=O)N[C@@H](CCCNC(=N)N)C(=O)N[C@@H](CCCNC(=N)N)C(=O)N[C@@H](CCCNC(=N)N)C(=O)N[C@@H](CCCNC(=N)N)C(=O)N[C@@H](CCCNC(=N)N)C(=O)N[C@@H](CCCNC(=N)N)C(=O)N[C@@H](CCCNC(=N)N)C(=O)N[C@@H](CCCNC(=N)N)C(N)=O)[C@@H](C)CC)[C@@H](C)CC)[C@@H](C)CC)[C@@H](C)CC
CHEMBL1241174,CC[C@H](C)[C@H](NC(=O)[C@H](C)NC(=O)[C@H](CCC(=O)O)NC(C)=O)C(=O)N[C@H](C(=O)N[C@@H](CCCNC(=N)N)C(=O)N[C@H](C(=O)N[C@@H](CC(C)C)C(=O)N[C@@H](CCC(N)=O)C(=O)N[C@@H](CCC(N)=O)C(=O)N[C@@H](CC(C)C)C(=O)N[C@@H](CC(C)C)C(=O)N[C@@H](Cc1ccccc1)C(=O)N[C@H](C(=O)N[C@@H](CCC(=O)O)C(=O)N[C@@H](Cc1ccccc1)C(=O)N[C@@H](CCCNC(=N)N)C(=O)N[C@H](C(=O)N[C@@H](CCCCN)C(=O)N[C@@H](CCCNC(=N)N)C(=O)N[C@@H](CCCNC(=N)N)C(=O)N[C@@H](CCCNC(=N)N)C(=O)N[C@@H](CCCNC(=N)N)C(=O)N[C@@H](CCCNC(=N)N)C(=O)N[C@@H](CCCNC(=N)N)C(=O)N[C@@H](CCCNC(=N)N)C(=O)N[C@@H](CCCNC(=N)N)C(N)=O)[C@@H](C)CC)[C@@H](C)CC)[C@@H](C)CC)[C@@H](C)CC
CHEMBL1241175,CC[C@H](C)[C@H](NC(=O)[C@H](CCCNC(=N)N)NC(=O)[C@H](Cc1ccccc1)NC(=O)[C@H](Cc1cnc[nH]1)NC(=O)[C@@H](NC(=O)[C@H](Cc1ccccc1)NC(=O)[C@H](CC(C)C)NC(=O)[C@H](CC(C)C)NC(=O)[C@H](CCC(N)=O)NC(=O)[C@H](CCC(N)=O)NC(=O)[C@H](CC(C)C)NC(=O)[C@H](CCCCN)NC(=O)[C@H](CCCNC(=N)N)NC(=O)[C@@H](NC(=O)[C@@H](NC(=O)[C@H](CCC(=O)O)NC(=O)[C@H](CCC(=O)O)NC(C)=O)[C@@H](C)CC)[C@@H](C)CC)[C@@H](C)CC)C(=O)NCC(=O)N[C@@H](CCCNC(=N)N)C(=O)N[C@@H](CCCNC(=N)N)C(=O)N[C@@H](CCCNC(=N)N)C(=O)N[C@@H](CCCNC(=N)N)C(=O)N[C@@H](CCCNC(=N)N)C(=O)N[C@@H](CCCNC(=N)N)C(=O)N[C@@H](CCCNC(=N)N)C(=O)N[C@@H](CCCNC(=N)N)C(N)=O
CHEMBL1241176,CC[C@H](C)[C@H](NC(=O)[C@H](C)NC(=O)[C@H](CCC(=O)O)NC(C)=O)C(=O)N[C@H](C(=O)N[C@@H](CCCNC(=N)N)C(=O)N[C@H](C(=O)N[C@@H](CC(C)C)C(=O)N[C@@H](CCC(N)=O)C(=O)N[C@@H](CCC(=O)O)C(=O)N[C@@H](CC(C)C)C(=O)N[C@@H](CC(C)C)C(=O)N[C@@H](Cc1ccccc1)C(=O)N[C@@H](CCCCN)C(=O)N[C@@H](Cc1cnc[nH]1)C(=O)N[C@@H](Cc1ccccc1)C(=O)N[C@@H](CCCNC(=N)N)C(=O)N[C@H](C(=O)NCC(=O)N[C@@H](CCCNC(=N)N)C(=O)N[C@@H](CCCNC(=N)N)C(=O)N[C@@H](CCCNC(=N)N)C(=O)N[C@@H](CCCNC(=N)N)C(=O)N[C@@H](CCCNC(=N)N)C(=O)N[C@@H](CCCNC(=N)N)C(=O)N[C@@H](CCCNC(=N)N)C(=O)N[C@@H](CCCNC(=N)N)C(N)=O)[C@@H](C)CC)[C@@H](C)CC)[C@@H](C)CC
CHEMBL1241177,CC[C@H](C)[C@H](NC(=O)[C@H](C)NC(=O)[C@H](CCC(=O)O)NC(C)=O)C(=O)N[C@@H](CCC(=O)O)C(=O)N[C@@H](CCCNC(=N)N)C(=O)N[C@H](C(=O)N[C@@H](CC(C)C)C(=O)N[C@@H](CCCCN)C(=O)N[C@@H](CCC(N)=O)C(=O)N[C@@H](CC(C)C)C(=O)N[C@@H](CC(C)C)C(=O)N[C@@H](Cc1ccccc1)C(=O)N[C@H](C(=O)N[C@@H](Cc1cnc[nH]1)C(=O)N[C@@H](Cc1ccccc1)C(=O)N[C@@H](CCCNC(=N)N)C(=O)N[C@H](C(=O)NCC(=O)N[C@@H](CCCNC(=N)N)C(=O)N[C@@H](CCCNC(=N)N)C(=O)N[C@@H](CCCNC(=N)N)C(=O)N[C@@H](CCCNC(=N)N)C(=O)N[C@@H](CCCNC(=N)N)C(=O)N[C@@H](CCCNC(=N)N)C(=O)N[C@@H](CCCNC(=N)N)C(=O)N[C@@H](CCCNC(=N)N)C(N)=O)[C@@H](C)CC)[C@@H](C)CC)[C@@H](C)CC
CHEMBL1241178,CC[C@H](C)[C@H](NC(=O)[C@H](CCCNC(=N)N)NC(=O)[C@H](Cc1ccccc1)NC(=O)[C@H](Cc1cnc[nH]1)NC(=O)[C@@H](NC(=O)[C@H](Cc1ccccc1)NC(=O)[C@H](CC(C)C)NC(=O)[C@H](CC(C)C)NC(=O)[C@H](CCC(N)=O)NC(=O)[C@H](CCC(N)=O)NC(=O)[C@H](CCCCN)NC(=O)[C@@H](NC(=O)[C@H](CCCNC(=N)N)NC(=O)[C@@H](NC(=O)[C@H](CCC(=O)O)NC(=O)[C@H](C)NC(=O)[C@H](CCC(=O)O)NC(C)=O)[C@@H](C)CC)[C@@H](C)CC)[C@@H](C)CC)C(=O)NCC(=O)N[C@@H](CCCNC(=N)N)C(=O)N[C@@H](CCCNC(=N)N)C(=O)N[C@@H](CCCNC(=N)N)C(=O)N[C@@H](CCCNC(=N)N)C(=O)N[C@@H](CCCNC(=N)N)C(=O)N[C@@H](CCCNC(=N)N)C(=O)N[C@@H](CCCNC(=N)N)C(=O)N[C@@H](CCCNC(=N)N)C(N)=O
CHEMBL1241179,CC[C@H](C)[C@H](NC(=O)[C@H](C)NC(=O)[C@H](CCC(=O)O)NC(C)=O)C(=O)N[C@H](C(=O)N[C@@H](CCCNC(=N)N)C(=O)N[C@H](C(=O)N[C@@H](CC(C)C)C(=O)N[C@@H](CCC(N)=O)C(=O)N[C@@H](CCC(N)=O)C(=O)N[C@@H](CC(C)C)C(=O)N[C@@H](CCC(=O)O)C(=O)N[C@@H](Cc1ccccc1)C(=O)N[C@H](C(=O)N[C@@H](Cc1cnc[nH]1)C(=O)N[C@@H](CCCCN)C(=O)N[C@@H](CCCNC(=N)N)C(=O)N[C@H](C(=O)NCC(=O)N[C@@H](CCCNC(=N)N)C(=O)N[C@@H](CCCNC(=N)N)C(=O)N[C@@H](CCCNC(=N)N)C(=O)N[C@@H](CCCNC(=N)N)C(=O)N[C@@H](CCCNC(=N)N)C(=O)N[C@@H](CCCNC(=N)N)C(=O)N[C@@H](CCCNC(=N)N)C(=O)N[C@@H](CCCNC(=N)N)C(N)=O)[C@@H](C)CC)[C@@H](C)CC)[C@@H](C)CC)[C@@H](C)CC
CHEMBL1241180,CC[C@H](C)[C@H](NC(=O)[C@H](CCCNC(=N)N)NC(=O)[C@H](Cc1ccccc1)NC(=O)[C@H](CCC(=O)O)NC(=O)[C@@H](NC(=O)[C@H](Cc1ccccc1)NC(=O)[C@H](CC(C)C)NC(=O)[C@H](CC(C)C)NC(=O)[C@H](CCC(N)=O)NC(=O)[C@H](CCC(N)=O)NC(=O)[C@H](CC(C)C)NC(=O)[C@H](CCCCN)NC(=O)[C@H](CCCNC(=N)N)NC(=O)[C@@H](NC(=O)[C@@H](NC(=O)[C@H](CCC(=O)O)NC(=O)[C@H](CCC(=O)O)NC(C)=O)[C@@H](C)CC)[C@@H](C)CC)[C@@H](C)CC)C(=O)N[C@@H](CCCCN)C(=O)N[C@@H](CCCNC(=N)N)C(=O)N[C@@H](CCCNC(=N)N)C(=O)N[C@@H](CCCNC(=N)N)C(=O)N[C@@H](CCCNC(=N)N)C(=O)N[C@@H](CCCNC(=N)N)C(=O)N[C@@H](CCCNC(=N)N)C(=O)N[C@@H](CCCNC(=N)N)C(=O)N[C@@H](CCCNC(=N)N)C(N)=O
CHEMBL1241181,CC[C@H](C)[C@H](NC(=O)[C@H](CCCNC(=N)N)NC(=O)[C@H](Cc1ccccc1)NC(=O)[C@H](Cc1cnc[nH]1)NC(=O)[C@@H](NC(=O)[C@H](Cc1ccccc1)NC(=O)[C@H](CC(C)C)NC(=O)[C@H](CC(C)C)NC(=O)[C@H](CCC(N)=O)NC(=O)[C@H](CCC(N)=O)NC(=O)[C@H](C)NC(C)=O)[C@@H](C)CC)C(=O)NCC(=O)N[C@@H](CCCNC(=N)N)C(=O)N[C@@H](CCCNC(=N)N)C(=O)N[C@@H](CCCNC(=N)N)C(=O)N[C@@H](CCCNC(=N)N)C(=O)N[C@@H](CCCNC(=N)N)C(=O)N[C@@H](CCCNC(=N)N)C(=O)N[C@@H](CCCNC(=N)N)C(=O)N[C@@H](CCCNC(=N)N)C(N)=O
CHEMBL1241182,CC[C@H](C)[C@H](NC(=O)[C@H](CCCNC(=N)N)NC(=O)[C@H](Cc1ccccc1)NC(=O)[C@H](Cc1cnc[nH]1)NC(=O)[C@@H](NC(=O)[C@H](Cc1ccccc1)NC(=O)[C@H](CC(C)C)NC(=O)[C@H](CC(C)C)NC(=O)[C@H](CCC(N)=O)NC(=O)[C@H](C)NC(=O)[C@H](CC(C)C)NC(C)=O)[C@@H](C)CC)C(=O)NCC(=O)N[C@@H](CCCNC(=N)N)C(=O)N[C@@H](CCCNC(=N)N)C(=O)N[C@@H](CCCNC(=N)N)C(=O)N[C@@H](CCCNC(=N)N)C(=O)N[C@@H](CCCNC(=N)N)C(=O)N[C@@H](CCCNC(=N)N)C(=O)N[C@@H](CCCNC(=N)N)C(=O)N[C@@H](CCCNC(=N)N)C(N)=O
CHEMBL1241183,CC[C@H](C)[C@H](NC(=O)[C@H](CCCNC(=N)N)NC(=O)[C@H](Cc1ccccc1)NC(=O)[C@H](Cc1cnc[nH]1)NC(=O)[C@@H](NC(=O)[C@H](Cc1ccccc1)NC(=O)[C@H](CC(C)C)NC(=O)[C@H](CC(C)C)NC(=O)[C@H](C)NC(=O)[C@H](CCC(N)=O)NC(=O)[C@H](CC(C)C)NC(C)=O)[C@@H](C)CC)C(=O)NCC(=O)N[C@@H](CCCNC(=N)N)C(=O)N[C@@H](CCCNC(=N)N)C(=O)N[C@@H](CCCNC(=N)N)C(=O)N[C@@H](CCCNC(=N)N)C(=O)N[C@@H](CCCNC(=N)N)C(=O)N[C@@H](CCCNC(=N)N)C(=O)N[C@@H](CCCNC(=N)N)C(=O)N[C@@H](CCCNC(=N)N)C(N)=O
CHEMBL1240540,CC[C@H](C)[C@H](NC(=O)[C@H](CCCNC(=N)N)NC(=O)[C@H](Cc1ccccc1)NC(=O)[C@H](Cc1cnc[nH]1)NC(=O)[C@@H](NC(=O)[C@H](Cc1ccccc1)NC(=O)[C@H](CC(C)C)NC(=O)[C@H](C)NC(=O)[C@H](CCC(N)=O)NC(=O)[C@H](CCC(N)=O)NC(=O)[C@H](CC(C)C)NC(C)=O)[C@@H](C)CC)C(=O)NCC(=O)N[C@@H](CCCNC(=N)N)C(=O)N[C@@H](CCCNC(=N)N)C(=O)N[C@@H](CCCNC(=N)N)C(=O)N[C@@H](CCCNC(=N)N)C(=O)N[C@@H](CCCNC(=N)N)C(=O)N[C@@H](CCCNC(=N)N)C(=O)N[C@@H](CCCNC(=N)N)C(=O)N[C@@H](CCCNC(=N)N)C(N)=O
CHEMBL1241184,CC[C@H](C)[C@H](NC(=O)[C@H](CCCNC(=N)N)NC(=O)[C@H](Cc1ccccc1)NC(=O)[C@H](Cc1cnc[nH]1)NC(=O)[C@@H](NC(=O)[C@H](Cc1ccccc1)NC(=O)[C@H](C)NC(=O)[C@H](CC(C)C)NC(=O)[C@H](CCC(N)=O)NC(=O)[C@H](CCC(N)=O)NC(=O)[C@H](CC(C)C)NC(C)=O)[C@@H](C)CC)C(=O)NCC(=O)N[C@@H](CCCNC(=N)N)C(=O)N[C@@H](CCCNC(=N)N)C(=O)N[C@@H](CCCNC(=N)N)C(=O)N[C@@H](CCCNC(=N)N)C(=O)N[C@@H](CCCNC(=N)N)C(=O)N[C@@H](CCCNC(=N)N)C(=O)N[C@@H](CCCNC(=N)N)C(=O)N[C@@H](CCCNC(=N)N)C(N)=O
CHEMBL1241185,CC[C@H](C)[C@H](NC(=O)[C@H](C)NC(=O)[C@H](CC(C)C)NC(=O)[C@H](CC(C)C)NC(=O)[C@H](CCC(N)=O)NC(=O)[C@H](CCC(N)=O)NC(=O)[C@H](CC(C)C)NC(C)=O)C(=O)N[C@@H](Cc1cnc[nH]1)C(=O)N[C@@H](Cc1ccccc1)C(=O)N[C@@H](CCCNC(=N)N)C(=O)N[C@H](C(=O)NCC(=O)N[C@@H](CCCNC(=N)N)C(=O)N[C@@H](CCCNC(=N)N)C(=O)N[C@@H](CCCNC(=N)N)C(=O)N[C@@H](CCCNC(=N)N)C(=O)N[C@@H](CCCNC(=N)N)C(=O)N[C@@H](CCCNC(=N)N)C(=O)N[C@@H](CCCNC(=N)N)C(=O)N[C@@H](CCCNC(=N)N)C(N)=O)[C@@H](C)CC
CHEMBL1241186,CC[C@H](C)[C@H](NC(=O)[C@H](CCCNC(=N)N)NC(=O)[C@H](Cc1ccccc1)NC(=O)[C@H](Cc1cnc[nH]1)NC(=O)[C@H](C)NC(=O)[C@H](Cc1ccccc1)NC(=O)[C@H](CC(C)C)NC(=O)[C@H](CC(C)C)NC(=O)[C@H](CCC(N)=O)NC(=O)[C@H](CCC(N)=O)NC(=O)[C@H](CC(C)C)NC(C)=O)C(=O)NCC(=O)N[C@@H](CCCNC(=N)N)C(=O)N[C@@H](CCCNC(=N)N)C(=O)N[C@@H](CCCNC(=N)N)C(=O)N[C@@H](CCCNC(=N)N)C(=O)N[C@@H](CCCNC(=N)N)C(=O)N[C@@H](CCCNC(=N)N)C(=O)N[C@@H](CCCNC(=N)N)C(=O)N[C@@H](CCCNC(=N)N)C(N)=O
CHEMBL1241187,CC[C@H](C)[C@H](NC(=O)[C@H](CCCNC(=N)N)NC(=O)[C@H](Cc1ccccc1)NC(=O)[C@H](C)NC(=O)[C@@H](NC(=O)[C@H](Cc1ccccc1)NC(=O)[C@H](CC(C)C)NC(=O)[C@H](CC(C)C)NC(=O)[C@H](CCC(N)=O)NC(=O)[C@H](CCC(N)=O)NC(=O)[C@H](CC(C)C)NC(C)=O)[C@@H](C)CC)C(=O)NCC(=O)N[C@@H](CCCNC(=N)N)C(=O)N[C@@H](CCCNC(=N)N)C(=O)N[C@@H](CCCNC(=N)N)C(=O)N[C@@H](CCCNC(=N)N)C(=O)N[C@@H](CCCNC(=N)N)C(=O)N[C@@H](CCCNC(=N)N)C(=O)N[C@@H](CCCNC(=N)N)C(=O)N[C@@H](CCCNC(=N)N)C(N)=O
CHEMBL1241188,CC[C@H](C)[C@H](NC(=O)[C@H](CCCNC(=N)N)NC(=O)[C@H](C)NC(=O)[C@H](Cc1cnc[nH]1)NC(=O)[C@@H](NC(=O)[C@H](Cc1ccccc1)NC(=O)[C@H](CC(C)C)NC(=O)[C@H](CC(C)C)NC(=O)[C@H](CCC(N)=O)NC(=O)[C@H](CCC(N)=O)NC(=O)[C@H](CC(C)C)NC(C)=O)[C@@H](C)CC)C(=O)NCC(=O)N[C@@H](CCCNC(=N)N)C(=O)N[C@@H](CCCNC(=N)N)C(=O)N[C@@H](CCCNC(=N)N)C(=O)N[C@@H](CCCNC(=N)N)C(=O)N[C@@H](CCCNC(=N)N)C(=O)N[C@@H](CCCNC(=N)N)C(=O)N[C@@H](CCCNC(=N)N)C(=O)N[C@@H](CCCNC(=N)N)C(N)=O
CHEMBL1241189,CC[C@H](C)[C@H](NC(=O)[C@H](C)NC(=O)[C@H](Cc1ccccc1)NC(=O)[C@H](Cc1cnc[nH]1)NC(=O)[C@@H](NC(=O)[C@H](Cc1ccccc1)NC(=O)[C@H](CC(C)C)NC(=O)[C@H](CC(C)C)NC(=O)[C@H](CCC(N)=O)NC(=O)[C@H](CCC(N)=O)NC(=O)[C@H](CC(C)C)NC(C)=O)[C@@H](C)CC)C(=O)NCC(=O)N[C@@H](CCCNC(=N)N)C(=O)N[C@@H](CCCNC(=N)N)C(=O)N[C@@H](CCCNC(=N)N)C(=O)N[C@@H](CCCNC(=N)N)C(=O)N[C@@H](CCCNC(=N)N)C(=O)N[C@@H](CCCNC(=N)N)C(=O)N[C@@H](CCCNC(=N)N)C(=O)N[C@@H](CCCNC(=N)N)C(N)=O
CHEMBL1241190,CC[C@H](C)[C@H](NC(=O)[C@H](Cc1ccccc1)NC(=O)[C@H](CC(C)C)NC(=O)[C@H](CC(C)C)NC(=O)[C@H](CCC(N)=O)NC(=O)[C@H](CCC(N)=O)NC(=O)[C@H](CC(C)C)NC(C)=O)C(=O)N[C@@H](Cc1cnc[nH]1)C(=O)N[C@@H](Cc1ccccc1)C(=O)N[C@@H](CCCNC(=N)N)C(=O)N[C@@H](C)C(=O)NCC(=O)N[C@@H](CCCNC(=N)N)C(=O)N[C@@H](CCCNC(=N)N)C(=O)N[C@@H](CCCNC(=N)N)C(=O)N[C@@H](CCCNC(=N)N)C(=O)N[C@@H](CCCNC(=N)N)C(=O)N[C@@H](CCCNC(=N)N)C(=O)N[C@@H](CCCNC(=N)N)C(=O)N[C@@H](CCCNC(=N)N)C(N)=O
CHEMBL1241191,CC[C@H](C)[C@H](NC(=O)[C@H](CCCNC(=N)N)NC(=O)[C@H](Cc1ccccc1)NC(=O)[C@H](Cc1cnc[nH]1)NC(=O)[C@@H](NC(=O)[C@H](Cc1ccccc1)NC(=O)[C@H](CC(C)C)NC(=O)[C@H](CC(C)C)NC(=O)[C@H](CCC(N)=O)NC(=O)[C@H](CCC(N)=O)NC(=O)[C@H](CC(C)C)NC(C)=O)[C@@H](C)CC)C(=O)N[C@@H](C)C(=O)N[C@@H](CCCNC(=N)N)C(=O)N[C@@H](CCCNC(=N)N)C(=O)N[C@@H](CCCNC(=N)N)C(=O)N[C@@H](CCCNC(=N)N)C(=O)N[C@@H](CCCNC(=N)N)C(=O)N[C@@H](CCCNC(=N)N)C(=O)N[C@@H](CCCNC(=N)N)C(=O)N[C@@H](CCCNC(=N)N)C(N)=O
CHEMBL1256978,Cn1c(=O)c(C(=O)NCCO)c(O)c2ncc(Cc3ccc(F)cc3)cc21
CHEMBL414850,O=C(NCc1ccc(F)cc1)c1nc(N2CCCCS2(=O)=O)c2cccnc2c1O
CHEMBL254316,Cc1nnc(C(=O)NC(C)(C)c2nc(C(=O)NCc3ccc(F)cc3)c(O)c(=O)n2C)o1
CHEMBL204656,COc1cc2c(cc1Cc1cccc(Cl)c1F)c(=O)c(C(=O)O)cn2[C@H](CO)C(C)C
CHEMBL1256978,Cn1c(=O)c(C(=O)NCCO)c(O)c2ncc(Cc3ccc(F)cc3)cc21
CHEMBL414850,O=C(NCc1ccc(F)cc1)c1nc(N2CCCCS2(=O)=O)c2cccnc2c1O
CHEMBL254316,Cc1nnc(C(=O)NC(C)(C)c2nc(C(=O)NCc3ccc(F)cc3)c(O)c(=O)n2C)o1
CHEMBL204656,COc1cc2c(cc1Cc1cccc(Cl)c1F)c(=O)c(C(=O)O)cn2[C@H](CO)C(C)C
CHEMBL1256978,Cn1c(=O)c(C(=O)NCCO)c(O)c2ncc(Cc3ccc(F)cc3)cc21
CHEMBL414850,O=C(NCc1ccc(F)cc1)c1nc(N2CCCCS2(=O)=O)c2cccnc2c1O
CHEMBL518520,Cc1nnc(C(=O)NC(C)(C)c2nc(C(=O)NCc3ccc(F)cc3)c([O-])c(=O)n2C)o1.[K+]
CHEMBL1258162,CC(=O)N1CCN(c2cc(Br)c3nc(C(=O)NCc4ccc(F)cc4)c(O)c(=O)n3c2)CC1
CHEMBL1258046,O=C(NCc1cc(Cl)cc(Cl)c1)c1nc2c(N3CCCS3(=O)=O)cc(N3CCOCC3)cn2c(=O)c1O
CHEMBL1258045,O=C(NCc1ccc(F)cc1)c1nc2c(N3CCCS3(=O)=O)cc(N3CCOCC3)cn2c(=O)c1O
CHEMBL1257936,O=C(NCc1ccc(F)cc1)c1nc2c(Cl)cc(N3CCOCC3)cn2c(=O)c1O
CHEMBL1257935,O=C(NCc1ccc(F)cc1)c1nc2c(Br)cc(N3CCOCC3)cn2c(=O)c1O
CHEMBL1257819,O=C(NCc1ccc(F)cc1)c1nc2c(I)cc(N3CCOCC3)cn2c(=O)c1O
CHEMBL1257697,O=C(NCc1ccc(F)cc1)c1nc2c(OCc3ccc(F)cc3)cc(N3CCOCC3)cn2c(=O)c1O
CHEMBL1257576,CC(C)Oc1cc(N2CCOCC2)cn2c(=O)c(O)c(C(=O)NCc3ccc(F)cc3)nc12
CHEMBL1257575,COc1cc(N2CCOCC2)cn2c(=O)c(O)c(C(=O)NCc3ccc(F)cc3)nc12
CHEMBL1258612,Cn1ccn2c(=O)c(O)c(C(=O)NCc3ccc(F)cc3)nc12
CHEMBL1257580,O=C(NCc1ccc(F)cc1)c1nc2ccc(N3CCOCC3)cn2c(=O)c1O
CHEMBL522653,CCN(C(=O)C(=O)N1CCOCC1)c1cccn2c(=O)c(O)c(C(=O)NCc3ccc(F)cc3)nc12
CHEMBL1222998,O=c1c(O)c(-c2ncc(Cc3ccc(F)cc3)s2)nc2ccc(N3CCOCC3)cn12
CHEMBL1258726,O=C1OCCN1c1cc(N2CCOCC2)cn2c(=O)c(O)c(-c3ncc(Cc4ccc(F)cc4)[nH]3)nc12
CHEMBL1222997,O=c1c(O)c(-c2ncc(Cc3ccc(F)cc3)s2)nc2c(N3CCCS3(=O)=O)cc(N3CCOCC3)cn12
CHEMBL1222999,O=c1c(O)c(-c2ncc(Cc3ccc(F)cc3)s2)nc2c(Br)cc(N3CCOCC3)cn12
CHEMBL1258050,O=c1c(O)c(-c2ncc(Cc3ccc(F)cc3)[nH]2)nc2ccc(N3CCOCC3)cn12
CHEMBL1258727,O=C1CCCN1c1cc(N2CCOCC2)cn2c(=O)c(O)c(-c3ncc(Cc4ccc(F)cc4)[nH]3)nc12
CHEMBL1258049,O=c1c(O)c(-c2ncc(Cc3ccc(F)cc3)o2)nc2ccc(N3CCOCC3)cn12
CHEMBL1258617,CN1CCN(c2cc(N3CCOCC3)cn3c(=O)c(O)c(-c4ncc(Cc5ccc(F)cc5)[nH]4)nc23)S1(=O)=O
CHEMBL1258504,O=c1c(O)c(-c2ncc(Cc3ccc(F)cc3)[nH]2)nc2c(N3CCCS3(=O)=O)cc(N3CCOCC3)cn12
CHEMBL1258167,O=c1c(O)c(-c2ncc(Cc3ccc(F)cc3)o2)nc2c(I)cc(N3CCOCC3)cn12
CHEMBL1257823,O=c1c(O)c(-c2nnc(Cc3ccc(F)cc3)s2)nc2ccc(N3CCOCC3)cn12
CHEMBL1257699,O=c1c(O)c(-c2nnc(Cc3ccc(F)cc3)o2)nc2ccc(N3CCOCC3)cn12
CHEMBL1289430,CN(O)C(=O)c1cc2c(CO)cn(Cc3ccc(F)cc3)c2cn1
CHEMBL1289542,CN(O)C(=O)c1cc2c(COC3CCOCC3)cn(Cc3ccc(F)cc3)c2cn1
CHEMBL1289543,COCc1cn(Cc2ccc(F)cc2)c2cnc(C(=O)N(C)O)cc12
CHEMBL1289651,CCOCCOCc1cn(Cc2ccc(F)cc2)c2cnc(C(=O)N(C)O)cc12
CHEMBL1289756,CN(O)C(=O)c1cc2c(C(=O)N3CCC[C@@H]3CO)cn(Cc3ccc(F)cc3)c2cn1
CHEMBL1289757,CC(C)NC(=O)c1cn(Cc2ccc(F)cc2)c2cnc(C(=O)N(C)O)cc12
CHEMBL513189,CN(c1c2c(c(O)c3ncccc13)C(=O)N(Cc1ccc(F)cc1)C2)S(C)(=O)=O
CHEMBL408699,COc1cc2c(cc1Cc1cccc(Cl)c1F)c(=O)c(C(=O)O)cn2[C@@H](CO)C(C)C
CHEMBL414850,O=C(NCc1ccc(F)cc1)c1nc(N2CCCCS2(=O)=O)c2cccnc2c1O
CHEMBL254316,Cc1nnc(C(=O)NC(C)(C)c2nc(C(=O)NCc3ccc(F)cc3)c(O)c(=O)n2C)o1
CHEMBL204656,COc1cc2c(cc1Cc1cccc(Cl)c1F)c(=O)c(C(=O)O)cn2[C@H](CO)C(C)C
CHEMBL254316,Cc1nnc(C(=O)NC(C)(C)c2nc(C(=O)NCc3ccc(F)cc3)c(O)c(=O)n2C)o1
CHEMBL259011,COc1cccc2c1c(C(=O)/C=C(\O)C(=O)O)cn2Cc1ccc(F)cc1
CHEMBL1669249,COc1cc(OC)c2c(c1)c(C(=O)/C=C(\O)C(=O)O)cn2Cc1ccc(F)cc1
CHEMBL259011,COc1cccc2c1c(C(=O)/C=C(\O)C(=O)O)cn2Cc1ccc(F)cc1
CHEMBL409643,COc1ccc2c(c1)c(C(=O)/C=C(\O)C(=O)O)cn2Cc1ccc(F)cc1
CHEMBL261541,COc1ccc2c(C(=O)/C=C(\O)C(=O)O)cn(Cc3ccc(F)cc3)c2c1
CHEMBL261714,COc1cccc2c(C(=O)/C=C(\O)C(=O)O)cn(Cc3ccc(F)cc3)c12
CHEMBL260185,COc1ccc(OC)c2c1c(C(=O)/C=C(\O)C(=O)O)cn2Cc1ccc(F)cc1
CHEMBL19977,O=C(O)C(=O)CC(=O)c1cc(OCc2ccccc2)cc(OCc2ccccc2)c1
CHEMBL414850,O=C(NCc1ccc(F)cc1)c1nc(N2CCCCS2(=O)=O)c2cccnc2c1O
CHEMBL254316,Cc1nnc(C(=O)NC(C)(C)c2nc(C(=O)NCc3ccc(F)cc3)c(O)c(=O)n2C)o1
CHEMBL204656,COc1cc2c(cc1Cc1cccc(Cl)c1F)c(=O)c(C(=O)O)cn2[C@H](CO)C(C)C
CHEMBL259011,COc1cccc2c1c(C(=O)/C=C(\O)C(=O)O)cn2Cc1ccc(F)cc1
CHEMBL409643,COc1ccc2c(c1)c(C(=O)/C=C(\O)C(=O)O)cn2Cc1ccc(F)cc1
CHEMBL261541,COc1ccc2c(C(=O)/C=C(\O)C(=O)O)cn(Cc3ccc(F)cc3)c2c1
CHEMBL261714,COc1cccc2c(C(=O)/C=C(\O)C(=O)O)cn(Cc3ccc(F)cc3)c12
CHEMBL260185,COc1ccc(OC)c2c1c(C(=O)/C=C(\O)C(=O)O)cn2Cc1ccc(F)cc1
CHEMBL414850,O=C(NCc1ccc(F)cc1)c1nc(N2CCCCS2(=O)=O)c2cccnc2c1O
CHEMBL254316,Cc1nnc(C(=O)NC(C)(C)c2nc(C(=O)NCc3ccc(F)cc3)c(O)c(=O)n2C)o1
CHEMBL204656,COc1cc2c(cc1Cc1cccc(Cl)c1F)c(=O)c(C(=O)O)cn2[C@H](CO)C(C)C
CHEMBL1213165,C[C@@H]1CCO[C@H]2Cn3cc(C(=O)NCc4ccc(F)cc4F)c(=O)c([O-])c3C(=O)N12.[Na+]
CHEMBL518520,Cc1nnc(C(=O)NC(C)(C)c2nc(C(=O)NCc3ccc(F)cc3)c([O-])c(=O)n2C)o1.[K+]
CHEMBL204656,COc1cc2c(cc1Cc1cccc(Cl)c1F)c(=O)c(C(=O)O)cn2[C@H](CO)C(C)C
CHEMBL1770428,O=C(O)/C(O)=C/C(=O)c1cn(Cc2ccc(F)cc2)c2ccc(OCc3ccc(F)cc3)cc2c1=O
CHEMBL1770430,O=C(O)/C=C/c1ccc2c(c1)c(=O)c(C(=O)/C=C(\O)C(=O)O)cn2Cc1ccc(F)cc1
CHEMBL1770431,O=C(O)/C(O)=C/C(=O)c1cn(Cc2ccc(F)cc2)c2ccc(Br)cc2c1=O
CHEMBL1773415,CC1CCN(S(=O)(=O)c2cn(Cc3ccc(F)cc3)c3cnc4c(c23)CCN(O)C4=O)CC1
CHEMBL1773414,O=C1c2ncc3c(c(S(=O)(=O)N4CCCC4)cn3Cc3ccc(F)cc3)c2CCN1O
CHEMBL1773413,CN(C)S(=O)(=O)c1cn(Cc2ccc(F)cc2)c2cnc3c(c12)CCN(O)C3=O
CHEMBL1773412,COCCN(C)S(=O)(=O)c1cn(Cc2ccc(F)cc2)c2cnc3c(c12)CCN(O)C3=O
CHEMBL1773411,O=C1c2ncc3c(c(S(=O)(=O)N4CCOCC4)cn3Cc3ccc(F)cc3)c2CCN1O
CHEMBL1773410,O=C1c2ncc3c(c(CCC(F)(F)F)cn3Cc3ccc(F)cc3)c2CCN1O
CHEMBL1773409,O=C1c2ncc3c(c(CCCOC4CCOCC4)cn3Cc3ccc(F)cc3)c2CCN1O
CHEMBL1773408,CC(C)(O)CCc1cn(Cc2ccc(F)cc2)c2cnc3c(c12)CCN(O)C3=O
CHEMBL1773407,CC(=O)N(C)CCCc1cn(Cc2ccc(F)cc2)c2cnc3c(c12)CCN(O)C3=O
CHEMBL1773406,O=C1c2ncc3c(c(CCCN4CCOCC4)cn3Cc3ccc(F)cc3)c2CCN1O
CHEMBL1773405,O=C(O)CCc1cn(Cc2ccc(F)cc2)c2cnc3c(c12)CCN(O)C3=O
CHEMBL1773404,O=C1c2ncc3c(c(COCc4ccccc4F)cn3Cc3ccc(F)cc3)c2CCN1O
CHEMBL1773403,O=C1c2ncc3c(c(COCCCc4ccccn4)cn3Cc3ccc(F)cc3)c2CCN1O
CHEMBL1773402,CC(C)OCCOCc1cn(Cc2ccc(F)cc2)c2cnc3c(c12)CCN(O)C3=O
CHEMBL1773401,O=C1c2ncc3c(c(COCC4CCOCC4)cn3Cc3ccc(F)cc3)c2CCN1O
CHEMBL1773324,O=C1c2ncc3c(c(COCc4ccccn4)cn3Cc3ccc(F)cc3)c2CCN1O
CHEMBL1773323,O=C1c2ncc3c(c(COCCc4ccccn4)cn3Cc3ccc(F)cc3)c2CCN1O
CHEMBL1773322,O=C1c2ncc3c(c(CN4CCC(F)(F)C4)cn3Cc3ccc(F)cc3)c2CCN1O
CHEMBL1773321,CN(Cc1cn(Cc2ccc(F)cc2)c2cnc3c(c12)CCN(O)C3=O)CC1CC1
CHEMBL1773320,COCCN(C)Cc1cn(Cc2ccc(F)cc2)c2cnc3c(c12)CCN(O)C3=O
CHEMBL1773319,O=C1c2ncc3c(c(CN4CCCCC4)cn3Cc3ccc(F)cc3)c2CCN1O
CHEMBL1773318,CN(CCO)Cc1cn(Cc2ccc(F)cc2)c2cnc3c(c12)CCN(O)C3=O
CHEMBL1773317,CN(C)Cc1cn(Cc2ccc(F)cc2)c2cnc3c(c12)CCN(O)C3=O
CHEMBL1773316,N#Cc1c(Cn2ccc3c4c(ncc32)C(=O)N(O)CC4)ccc(F)c1Cl
CHEMBL1773315,N#Cc1cc(F)ccc1Cn1ccc2c3c(ncc21)C(=O)N(O)CC3
CHEMBL1773314,O=C1c2ncc3c(ccn3Cc3ncc(F)cc3F)c2CCN1O
CHEMBL1773313,O=C1c2ncc3c(ccn3Cc3ccc(F)cn3)c2CCN1O
CHEMBL1773312,O=C1c2ncc3c(ccn3Cc3ccc(F)cc3)c2CCN1O
CHEMBL254316,Cc1nnc(C(=O)NC(C)(C)c2nc(C(=O)NCc3ccc(F)cc3)c(O)c(=O)n2C)o1
CHEMBL559284,O=C1c2ccc(O)c(O)c2C(=O)N1Cc1ccc(F)c(Cl)c1
CHEMBL562366,O=C1c2ccc(O)c(O)c2C(=O)N1Cc1ccc(F)c(F)c1
CHEMBL254316,Cc1nnc(C(=O)NC(C)(C)c2nc(C(=O)NCc3ccc(F)cc3)c(O)c(=O)n2C)o1
CHEMBL254316,Cc1nnc(C(=O)NC(C)(C)c2nc(C(=O)NCc3ccc(F)cc3)c(O)c(=O)n2C)o1
CHEMBL1784919,O=C(O)c1ccc2ccc(/C=C/c3ccc(O)c(O)c3O)nc2c1O
CHEMBL254316,Cc1nnc(C(=O)NC(C)(C)c2nc(C(=O)NCc3ccc(F)cc3)c(O)c(=O)n2C)o1
CHEMBL1917872,O=C(NCc1ccc(F)cc1)c1c(O)c2ncccc2[nH]c1=O
CHEMBL1917873,CC(C)n1c(=O)c(C(=O)NCc2ccc(F)cc2)c(O)c2ncccc21
CHEMBL1917874,O=C(NCc1ccc(F)cc1)c1c(O)c2ncccc2n(C2CCCC2)c1=O
CHEMBL1917875,O=C(NCc1ccc(F)cc1)c1c(O)c2ncc(Cc3ccccc3)cc2[nH]c1=O
CHEMBL1917876,O=C(NCc1ccc(F)cc1)c1c(O)c2ncc(Cc3ccc(F)cc3)cc2[nH]c1=O
CHEMBL1917877,O=C(NCc1ccc(F)cc1Cl)c1c(O)c2ncc(Cc3ccccc3)cc2[nH]c1=O
CHEMBL1914550,O=C(NCc1ccc(F)cc1C(F)(F)F)c1c(O)c2ncc(Cc3ccccc3)cc2[nH]c1=O
CHEMBL1914551,COc1ccc(CNC(=O)c2c(O)c3ncc(Cc4ccc(F)cc4)cc3[nH]c2=O)cc1
CHEMBL1914552,COc1cccc(CNC(=O)c2c(O)c3ncc(Cc4ccc(F)cc4)cc3[nH]c2=O)c1
CHEMBL1914553,COc1ccccc1CNC(=O)c1c(O)c2ncc(Cc3ccc(F)cc3)cc2[nH]c1=O
CHEMBL1914554,COc1ccc(CNC(=O)c2c(O)c3ncc(Cc4ccc(F)cc4)cc3[nH]c2=O)cc1OC
CHEMBL1914555,CC(NC(=O)c1c(O)c2ncc(Cc3ccccc3)cc2[nH]c1=O)c1ccccc1
CHEMBL1914556,Cn1c(=O)c(C(=O)NCc2ccc(F)cc2)c(O)c2ncc(Cc3ccc(F)cc3)cc21
CHEMBL1914557,CCCn1c(=O)c(C(=O)NCc2ccc(F)cc2)c(O)c2ncc(Cc3ccccc3)cc21
CHEMBL1914558,O=C(NCc1ccc(F)cc1)c1c(O)c2ncc(Cc3ccccc3)cc2n(CC2CC2)c1=O
CHEMBL1914559,Nc1ccc(Cn2c(=O)c(C(=O)NCc3ccc(F)cc3)c(O)c3ncc(Cc4ccccc4)cc32)cc1
CHEMBL1914560,CS(=O)(=O)c1ccc(Cn2c(=O)c(C(=O)NCc3ccc(F)cc3)c(O)c3ncc(Cc4ccccc4)cc32)cc1
CHEMBL1914561,O=C(NCc1ccc(F)cc1)c1c(O)c2ncc(Cc3ccccc3)cc2n(CCN2CCCC2=O)c1=O
CHEMBL1914562,O=C(NCc1ccc(F)cc1)c1c(O)c2ncc(Cc3ccc(F)cc3)cc2n(CCN2CCCC2=O)c1=O
CHEMBL1914460,CN(C)C(=O)Cn1c(=O)c(C(=O)NCc2ccc(F)cc2)c(O)c2ncc(Cc3ccc(F)cc3)cc21
CHEMBL1914563,O=C(NCc1ccc(F)cc1)c1c(O)c2ncc(Cc3ccc(F)cc3)cc2n(CC(=O)N2CCCCC2)c1=O
CHEMBL1914564,O=C(NCc1ccc(F)cc1)c1c(O)c2ncc(Cc3ccc(F)cc3)cc2n(CC(=O)N2CCOCC2)c1=O
CHEMBL2011784,Cc1cn([C@H]2C[C@H](OP(=O)(O)OC[C@H]3O[C@@H](n4cc(C)c(=O)[nH]c4=O)C[C@@H]3OP(=O)(O)OC[C@H]3O[C@@H](n4cc(C)c(=O)[nH]c4=O)C[C@@H]3OP(=O)(O)OC[C@H]3O[C@@H](n4cnc5c(=O)[nH]c(N)nc54)C[C@@H]3OP(=O)(O)OC[C@H]3O[C@@H](n4cc(C)c(=O)[nH]c4=O)C[C@@H]3OP(=O)(O)OC[C@H]3O[C@@H](n4cnc5c(=O)[nH]c(N)nc54)C[C@@H]3OP(=O)(O)OC[C@H]3O[C@@H](n4cc(C)c(=O)[nH]c4=O)C[C@@H]3OP(=O)(O)OCCCCCCNC(=S)Nc3ccc(-c4c5cc(Br)c(=O)c(Br)c-5oc5c(Br)c(O)c(Br)cc45)c(C(=O)O)c3)[C@@H](COP(=O)(O)O[C@H]3C[C@H](n4cc(C)c(=O)[nH]c4=O)O[C@@H]3COP(=O)(O)O[C@H]3C[C@H](n4cc(C)c(=O)[nH]c4=O)O[C@@H]3COP(=O)(O)O[C@H]3C[C@H](n4cnc5c(=O)[nH]c(N)nc54)O[C@@H]3COP(=O)(O)O[C@H]3C[C@H](n4cnc5c(=O)[nH]c(N)nc54)O[C@@H]3CO)O2)c(=O)[nH]c1=O
CHEMBL2011785,Cc1cn([C@H]2C[C@H](OP(=O)(O)OC[C@H]3O[C@@H](n4cc(C)c(=O)[nH]c4=O)C[C@@H]3OP(=O)(O)OC[C@H]3O[C@@H](n4cc(C)c(=O)[nH]c4=O)C[C@@H]3OP(=O)(O)OC[C@H]3O[C@@H](n4cnc5c(=O)[nH]c(N)nc54)C[C@@H]3OP(=O)(O)OC[C@H]3O[C@@H](n4cc(C)c(=O)[nH]c4=O)C[C@@H]3OP(=O)(O)OC[C@H]3O[C@@H](n4cnc5c(=O)[nH]c(N)nc54)C[C@@H]3OP(=O)(O)OC[C@H]3O[C@@H](n4cc(C)c(=O)[nH]c4=O)C[C@@H]3O)[C@@H](COP(=O)(O)O[C@H]3C[C@H](n4cc(C)c(=O)[nH]c4=O)O[C@@H]3COP(=O)(O)O[C@H]3C[C@H](n4cc(C)c(=O)[nH]c4=O)O[C@@H]3COP(=O)(O)O[C@H]3C[C@H](n4cnc5c(=O)[nH]c(N)nc54)O[C@@H]3COP(=O)(O)O[C@H]3C[C@H](n4cnc5c(=O)[nH]c(N)nc54)O[C@@H]3COP(=O)(O)O[C@@H]3C[C@@H](CO)N(C(=O)CCCCCNC(=O)c4ccc(C(=O)O)c(-c5c6ccc(=O)cc-6oc6cc(O)ccc56)c4)C3)O2)c(=O)[nH]c1=O
CHEMBL2011786,Cc1cn([C@H]2C[C@H](OP(=O)(O)OC[C@H]3O[C@@H](n4cc(C)c(=O)[nH]c4=O)C[C@@H]3OP(=O)(O)OC[C@H]3O[C@@H](n4cc(C)c(=O)[nH]c4=O)C[C@@H]3OP(=O)(O)OC[C@H]3O[C@@H](n4cnc5c(=O)[nH]c(N)nc54)C[C@@H]3OP(=O)(O)OC[C@H]3O[C@@H](n4cc(C)c(=O)[nH]c4=O)C[C@@H]3OP(=O)(O)OC[C@H]3O[C@@H](n4cnc5c(=O)[nH]c(N)nc54)C[C@@H]3OP(=O)(O)OC[C@H]3O[C@@H](n4cc(C)c(=O)[nH]c4=O)C[C@@H]3O)[C@@H](COP(=O)(O)O[C@H]3C[C@H](n4cc(C)c(=O)[nH]c4=O)O[C@@H]3COP(=O)(O)O[C@H]3C[C@H](n4cc(C)c(=O)[nH]c4=O)O[C@@H]3COP(=O)(O)O[C@H]3C[C@H](n4cnc5c(=O)[nH]c(N)nc54)O[C@@H]3COP(=O)(O)O[C@H]3C[C@H](n4cnc5c(=O)[nH]c(N)nc54)O[C@@H]3COP(=O)(O)OCCCCCCNC(=O)c3ccc(C(=O)O)c(-c4c5ccc(=O)cc-5oc5cc(O)ccc45)c3)O2)c(=O)[nH]c1=O
CHEMBL2011787,Cc1cn([C@H]2C[C@H](OP(=O)(O)OC[C@H]3O[C@@H](n4cc(C)c(=O)[nH]c4=O)C[C@@H]3OP(=O)(O)OC[C@H]3O[C@@H](n4cc(C)c(=O)[nH]c4=O)C[C@@H]3OP(=O)(O)OC[C@H]3O[C@@H](n4cnc5c(=O)[nH]c(N)nc54)C[C@@H]3OP(=O)(O)OC[C@H]3O[C@@H](n4cc(C)c(=O)[nH]c4=O)C[C@@H]3OP(=O)(O)OC[C@H]3O[C@@H](n4cnc5c(=O)[nH]c(N)nc54)C[C@@H]3OP(=O)(O)OC[C@H]3O[C@@H](n4cc(C)c(=O)[nH]c4=O)C[C@@H]3OP(=O)(O)OCCCCCCNC(=S)Nc3ccc(-c4c5ccc(=O)cc-5oc5cc(O)ccc45)c(C(=O)O)c3)[C@@H](COP(=O)(O)O[C@H]3C[C@H](n4cc(C)c(=O)[nH]c4=O)O[C@@H]3COP(=O)(O)O[C@H]3C[C@H](n4cc(C)c(=O)[nH]c4=O)O[C@@H]3COP(=O)(O)O[C@H]3C[C@H](n4cnc5c(=O)[nH]c(N)nc54)O[C@@H]3COP(=O)(O)O[C@H]3C[C@H](n4cnc5c(=O)[nH]c(N)nc54)O[C@@H]3CO)O2)c(=O)[nH]c1=O
CHEMBL2011881,Cc1cn([C@H]2C[C@H](OP(=O)(O)OC[C@H]3O[C@@H](n4cc(C)c(=O)[nH]c4=O)C[C@@H]3OP(=O)(O)OC[C@H]3O[C@@H](n4cc(C)c(=O)[nH]c4=O)C[C@@H]3OP(=O)(O)OC[C@H]3O[C@@H](n4cnc5c(=O)[nH]c(N)nc54)C[C@@H]3OP(=O)(O)OC[C@H]3O[C@@H](n4cc(C)c(=O)[nH]c4=O)C[C@@H]3OP(=O)(O)OC[C@H]3O[C@@H](n4cnc5c(=O)[nH]c(N)nc54)C[C@@H]3OP(=O)(O)OC[C@H]3O[C@@H](n4cc(C)c(=O)[nH]c4=O)C[C@@H]3O)[C@@H](COP(=O)(O)O[C@H]3C[C@H](n4cc(C)c(=O)[nH]c4=O)O[C@@H]3COP(=O)(O)O[C@H]3C[C@H](n4cc(C)c(=O)[nH]c4=O)O[C@@H]3COP(=O)(O)O[C@H]3C[C@H](n4cnc5c(=O)[nH]c(N)nc54)O[C@@H]3COP(=O)(O)O[C@H]3C[C@H](n4cnc5c(=O)[nH]c(N)nc54)O[C@@H]3COP(=O)(O)OCCCCCCNC(=O)c3cc(Cl)c(C(=O)O)c(-c4c5cc(Cl)c(=O)c(Cl)c-5oc5c(Cl)c(O)c(Cl)cc45)c3Cl)O2)c(=O)[nH]c1=O
CHEMBL2011882,Cc1cn([C@H]2C[C@H](OP(=O)(O)OC[C@H]3O[C@@H](n4cc(C)c(=O)[nH]c4=O)C[C@@H]3OP(=O)(O)OC[C@H]3O[C@@H](n4cc(C)c(=O)[nH]c4=O)C[C@@H]3OP(=O)(O)OC[C@H]3O[C@@H](n4cnc5c(=O)[nH]c(N)nc54)C[C@@H]3OP(=O)(O)OC[C@H]3O[C@@H](n4cc(C)c(=O)[nH]c4=O)C[C@@H]3OP(=O)(O)OC[C@H]3O[C@@H](n4cnc5c(=O)[nH]c(N)nc54)C[C@@H]3OP(=O)(O)OC[C@H]3O[C@@H](n4cc(C)c(=O)[nH]c4=O)C[C@@H]3O)[C@@H](COP(=O)(O)O[C@H]3C[C@H](n4cc(C)c(=O)[nH]c4=O)O[C@@H]3COP(=O)(O)O[C@H]3C[C@H](n4cc(C)c(=O)[nH]c4=O)O[C@@H]3COP(=O)(O)O[C@H]3C[C@H](n4cnc5c(=O)[nH]c(N)nc54)O[C@@H]3COP(=O)(O)O[C@H]3C[C@H](n4cnc5c(=O)[nH]c(N)nc54)O[C@@H]3COP(=O)(O)OCCCCCCNC(=O)c3cc(Cl)c(-c4c5cc(Cl)c(O)c(Cl)c5nc5c(Cl)c(O)c(Cl)cc45)c(C(=O)O)c3Cl)O2)c(=O)[nH]c1=O
CHEMBL2011883,Cc1cn([C@H]2C[C@H](OP(=O)(O)OC[C@H]3O[C@@H](n4cc(C)c(=O)[nH]c4=O)C[C@@H]3OP(=O)(O)OC[C@H]3O[C@@H](n4cc(C)c(=O)[nH]c4=O)C[C@@H]3OP(=O)(O)OC[C@H]3O[C@@H](n4cnc5c(=O)[nH]c(N)nc54)C[C@@H]3OP(=O)(O)OC[C@H]3O[C@@H](n4cc(C)c(=O)[nH]c4=O)C[C@@H]3OP(=O)(O)OC[C@H]3O[C@@H](n4cnc5c(=O)[nH]c(N)nc54)C[C@@H]3OP(=O)(O)OC[C@H]3O[C@@H](n4cc(C)c(=O)[nH]c4=O)C[C@@H]3O)[C@@H](COP(=O)(O)O[C@H]3C[C@H](n4cc(C)c(=O)[nH]c4=O)O[C@@H]3COP(=O)(O)O[C@H]3C[C@H](n4cc(C)c(=O)[nH]c4=O)O[C@@H]3COP(=O)(O)O[C@H]3C[C@H](n4cnc5c(=O)[nH]c(N)nc54)O[C@@H]3COP(=O)(O)O[C@H]3C[C@H](n4cnc5c(=O)[nH]c(N)nc54)O[C@@H]3COP(=O)(O)OCCCCCCNC(=O)c3cc(Cl)c(C(=O)O)c(-c4c5cc(Cl)c(=O)cc-5oc5cc(O)c(Cl)cc45)c3Cl)O2)c(=O)[nH]c1=O
CHEMBL2011884,COc1cc2c(-c3cc(C(=O)NCCCCCCOP(=O)(O)OC[C@H]4O[C@@H](n5cnc6c(=O)[nH]c(N)nc65)C[C@@H]4OP(=O)(O)OC[C@H]4O[C@@H](n5cnc6c(=O)[nH]c(N)nc65)C[C@@H]4OP(=O)(O)OC[C@H]4O[C@@H](n5cc(C)c(=O)[nH]c5=O)C[C@@H]4OP(=O)(O)OC[C@H]4O[C@@H](n5cc(C)c(=O)[nH]c5=O)C[C@@H]4OP(=O)(O)OC[C@H]4O[C@@H](n5cc(C)c(=O)[nH]c5=O)C[C@@H]4OP(=O)(O)OC[C@H]4O[C@@H](n5cc(C)c(=O)[nH]c5=O)C[C@@H]4OP(=O)(O)OC[C@H]4O[C@@H](n5cc(C)c(=O)[nH]c5=O)C[C@@H]4OP(=O)(O)OC[C@H]4O[C@@H](n5cnc6c(=O)[nH]c(N)nc65)C[C@@H]4OP(=O)(O)OC[C@H]4O[C@@H](n5cc(C)c(=O)[nH]c5=O)C[C@@H]4OP(=O)(O)OC[C@H]4O[C@@H](n5cnc6c(=O)[nH]c(N)nc65)C[C@@H]4OP(=O)(O)OC[C@H]4O[C@@H](n5cc(C)c(=O)[nH]c5=O)C[C@@H]4O)ccc3C(=O)O)c3cc(OC)c(=O)c(Cl)c-3oc2c(Cl)c1O
CHEMBL2011885,CCCCCCCC/C=C\CCCCCCCC(=O)NCCCOCC(O)COP(=O)(O)O[C@H]1C[C@H](n2cc(C)c(=O)[nH]c2=O)O[C@@H]1COP(=O)(O)O[C@H]1C[C@H](n2cnc3c(=O)[nH]c(N)nc32)O[C@@H]1COP(=O)(O)O[C@H]1C[C@H](n2cc(C)c(=O)[nH]c2=O)O[C@@H]1COP(=O)(O)O[C@H]1C[C@H](n2cnc3c(=O)[nH]c(N)nc32)O[C@@H]1COP(=O)(O)O[C@H]1C[C@H](n2cc(C)c(=O)[nH]c2=O)O[C@@H]1COP(=O)(O)O[C@H]1C[C@H](n2cc(C)c(=O)[nH]c2=O)O[C@@H]1COP(=O)(O)O[C@H]1C[C@H](n2cc(C)c(=O)[nH]c2=O)O[C@@H]1COP(=O)(O)O[C@H]1C[C@H](n2cc(C)c(=O)[nH]c2=O)O[C@@H]1COP(=O)(O)O[C@H]1C[C@H](n2cc(C)c(=O)[nH]c2=O)O[C@@H]1COP(=O)(O)O[C@H]1C[C@H](n2cnc3c(=O)[nH]c(N)nc32)O[C@@H]1COP(=O)(O)O[C@H]1C[C@H](n2cnc3c(=O)[nH]c(N)nc32)O[C@@H]1CO
CHEMBL2011886,CCCCCCCC/C=C\CCCCCCCC(=O)NCCCOCC(O)COP(=O)(O)O[C@H]1C[C@H](n2cc(C)c(=O)[nH]c2=O)O[C@@H]1COP(=O)(O)O[C@H]1C[C@H](n2cnc3c(=O)[nH]c(N)nc32)O[C@@H]1COP(=O)(O)O[C@H]1C[C@H](n2cc(C)c(=O)[nH]c2=O)O[C@@H]1COP(=O)(O)O[C@H]1C[C@H](n2cnc3c(=O)[nH]c(N)nc32)O[C@@H]1COP(=O)(O)O[C@H]1C[C@H](n2cc(C)c(=O)[nH]c2=O)O[C@@H]1COP(=O)(O)O[C@H]1C[C@H](n2cc(C)c(=O)[nH]c2=O)O[C@@H]1COP(=O)(O)O[C@H]1C[C@H](n2cc(C)c(=O)[nH]c2=O)O[C@@H]1COP(=O)(O)O[C@H]1C[C@H](n2cc(C)c(=O)[nH]c2=O)O[C@@H]1COP(=O)(O)O[C@H]1C[C@H](n2cc(C)c(=O)[nH]c2=O)O[C@@H]1COP(=O)(O)O[C@H]1C[C@H](n2cnc3c(=O)[nH]c(N)nc32)O[C@@H]1COP(=O)(O)O[C@H]1C[C@H](n2cnc3c(=O)[nH]c(N)nc32)O[C@@H]1COP(=O)(O)O[C@@H]1C[C@@H](CO)N(C(=O)CCCCCNC(=O)c2ccc(C(=O)O)c(-c3c4ccc(=O)cc-4oc4cc(O)ccc34)c2)C1
CHEMBL2012007,CCCCCCCC/C=C\CCCCCCCC(=O)NCCCOCC(O)COP(=O)(O)O[C@@H]1C[C@@H](COP(=O)(O)O[C@H]2C[C@H](n3cc(C)c(=O)[nH]c3=O)O[C@@H]2COP(=O)(O)O[C@H]2C[C@H](n3cnc4c(=O)[nH]c(N)nc43)O[C@@H]2COP(=O)(O)O[C@H]2C[C@H](n3cc(C)c(=O)[nH]c3=O)O[C@@H]2COP(=O)(O)O[C@H]2C[C@H](n3cnc4c(=O)[nH]c(N)nc43)O[C@@H]2COP(=O)(O)O[C@H]2C[C@H](n3cc(C)c(=O)[nH]c3=O)O[C@@H]2COP(=O)(O)O[C@H]2C[C@H](n3cc(C)c(=O)[nH]c3=O)O[C@@H]2COP(=O)(O)O[C@H]2C[C@H](n3cc(C)c(=O)[nH]c3=O)O[C@@H]2COP(=O)(O)O[C@H]2C[C@H](n3cc(C)c(=O)[nH]c3=O)O[C@@H]2COP(=O)(O)O[C@H]2C[C@H](n3cc(C)c(=O)[nH]c3=O)O[C@@H]2COP(=O)(O)O[C@H]2C[C@H](n3cnc4c(=O)[nH]c(N)nc43)O[C@@H]2COP(=O)(O)O[C@H]2C[C@H](n3cnc4c(=O)[nH]c(N)nc43)O[C@@H]2CO)N(C(=O)CCCCCNC(=O)c2ccc(C(=O)O)c(-c3c4ccc(=O)cc-4oc4cc(O)ccc34)c2)C1
CHEMBL2012008,Cc1cn([C@H]2C[C@H](OP(C)(=O)OC[C@H]3O[C@@H](n4cnc5c(=O)[nH]c(N)nc54)C[C@@H]3OP(=O)(O)OC[C@H]3O[C@@H](n4cc(C)c(=O)[nH]c4=O)C[C@@H]3OP(C)(=O)OC[C@H]3O[C@@H](n4cnc5c(=O)[nH]c(N)nc54)C[C@@H]3OP(=O)(O)OC[C@H]3O[C@@H](n4cc(C)c(=O)[nH]c4=O)C[C@@H]3OP(C)(=O)OCCCCCCNC(=S)Nc3ccc(-c4c5cc(Br)c(=O)c(Br)c-5oc5c(Br)c(O)c(Br)cc45)c(C(=O)O)c3)[C@@H](COP(=O)(O)O[C@H]3C[C@H](n4cc(C)c(=O)[nH]c4=O)O[C@@H]3COP(=O)(O)O[C@H]3C[C@H](n4cc(C)c(=O)[nH]c4=O)O[C@@H]3COP(=O)(O)O[C@H]3C[C@H](n4cc(C)c(=O)[nH]c4=O)O[C@@H]3COP(=O)(O)O[C@H]3C[C@H](n4cc(C)c(=O)[nH]c4=O)O[C@@H]3COP(=O)(O)O[C@H]3C[C@H](n4cnc5c(=O)[nH]c(N)nc54)O[C@@H]3COP(=O)(O)O[C@H]3C[C@H](n4cnc5c(=O)[nH]c(N)nc54)O[C@@H]3CO)O2)c(=O)[nH]c1=O
CHEMBL2012009,Cc1cn([C@H]2C[C@H](OP(C)(=O)OC[C@H]3O[C@@H](n4cc(C)c(=O)[nH]c4=O)C[C@@H]3OP(C)(=O)OC[C@H]3O[C@@H](n4cc(C)c(=O)[nH]c4=O)C[C@@H]3OP(=O)(O)OC[C@H]3O[C@@H](n4cc(C)c(=O)[nH]c4=O)C[C@@H]3OP(=O)(O)OC[C@H]3O[C@@H](n4cnc5c(=O)[nH]c(N)nc54)C[C@@H]3OP(=O)(O)OC[C@H]3O[C@@H](n4cc(C)c(=O)[nH]c4=O)C[C@@H]3OP(=O)(O)OC[C@H]3O[C@@H](n4cnc5c(=O)[nH]c(N)nc54)C[C@@H]3OP(=O)(O)OC[C@H]3O[C@@H](n4cc(C)c(=O)[nH]c4=O)C[C@@H]3OP(=O)(O)OCCCCCCNC(=S)Nc3ccc(-c4c5cc(Br)c(=O)c(Br)c-5oc5c(Br)c(O)c(Br)cc45)c(C(=O)O)c3)[C@@H](COP(C)(=O)O[C@H]3C[C@H](n4cc(C)c(=O)[nH]c4=O)O[C@@H]3COP(=O)(O)O[C@H]3C[C@H](n4cnc5c(=O)[nH]c(N)nc54)O[C@@H]3COP(=O)(O)O[C@H]3C[C@H](n4cnc5c(=O)[nH]c(N)nc54)O[C@@H]3CO)O2)c(=O)[nH]c1=O
CHEMBL2012010,Cc1cn([C@H]2C[C@H](OP(C)(=O)OC[C@H]3O[C@@H](n4cc(C)c(=O)[nH]c4=O)C[C@@H]3OP(=O)(O)OC[C@H]3O[C@@H](n4cc(C)c(=O)[nH]c4=O)C[C@@H]3OP(=O)(O)OC[C@H]3O[C@@H](n4cnc5c(=O)[nH]c(N)nc54)C[C@@H]3OP(=O)(O)OC[C@H]3O[C@@H](n4cc(C)c(=O)[nH]c4=O)C[C@@H]3OP(C)(=O)OC[C@H]3O[C@@H](n4cnc5c(=O)[nH]c(N)nc54)C[C@@H]3OP(=O)(O)OC[C@H]3O[C@@H](n4cc(C)c(=O)[nH]c4=O)C[C@@H]3OP(=O)(O)OCCCCCCNC(=S)Nc3ccc(-c4c5cc(Br)c(=O)c(Br)c-5oc5c(Br)c(O)c(Br)cc45)c(C(=O)O)c3)[C@@H](COP(=O)(O)O[C@H]3C[C@H](n4cc(C)c(=O)[nH]c4=O)O[C@@H]3COP(C)(=O)O[C@H]3C[C@H](n4cc(C)c(=O)[nH]c4=O)O[C@@H]3COP(=O)(O)O[C@H]3C[C@H](n4cnc5c(=O)[nH]c(N)nc54)O[C@@H]3COP(=O)(O)O[C@H]3C[C@H](n4cnc5c(=O)[nH]c(N)nc54)O[C@@H]3CO)O2)c(=O)[nH]c1=O
CHEMBL2012011,Cc1cn([C@H]2C[C@H](OP(=O)(S)OC[C@H]3O[C@@H](n4cc(C)c(=O)[nH]c4=O)C[C@@H]3OP(=O)(S)OC[C@H]3O[C@@H](n4cc(C)c(=O)[nH]c4=O)C[C@@H]3OP(=O)(S)OC[C@H]3O[C@@H](n4cnc5c(=O)[nH]c(N)nc54)C[C@@H]3OP(=O)(S)OC[C@H]3O[C@@H](n4cc(C)c(=O)[nH]c4=O)C[C@@H]3OP(=O)(S)OC[C@H]3O[C@@H](n4cnc5c(=O)[nH]c(N)nc54)C[C@@H]3OP(=O)(S)OC[C@H]3O[C@@H](n4cc(C)c(=O)[nH]c4=O)C[C@@H]3OP(=O)(S)OCCCCCCNC(=S)Nc3ccc(-c4c5cc(Br)c(=O)c(Br)c-5oc5c(Br)c(O)c(Br)cc45)c(C(=O)O)c3)[C@@H](COP(=O)(S)O[C@H]3C[C@H](n4cc(C)c(=O)[nH]c4=O)O[C@@H]3COP(=O)(S)O[C@H]3C[C@H](n4cc(C)c(=O)[nH]c4=O)O[C@@H]3COP(=O)(S)O[C@H]3C[C@H](n4cnc5c(=O)[nH]c(N)nc54)O[C@@H]3COP(=O)(S)O[C@H]3C[C@H](n4cnc5c(=O)[nH]c(N)nc54)O[C@@H]3CO)O2)c(=O)[nH]c1=O
CHEMBL2012123,Cc1cn([C@H]2C[C@H](OP(=O)(O)OC[C@H]3O[C@@H](n4cc(C)c(=O)[nH]c4=O)C[C@@H]3OP(=O)(O)OC[C@H]3O[C@@H](n4cc(C)c(=O)[nH]c4=O)C[C@@H]3OP(=O)(S)OC[C@H]3O[C@@H](n4cnc5c(=O)[nH]c(N)nc54)C[C@@H]3OP(=O)(O)OC[C@H]3O[C@@H](n4cc(C)c(=O)[nH]c4=O)C[C@@H]3OP(=O)(S)OC[C@H]3O[C@@H](n4cnc5c(=O)[nH]c(N)nc54)C[C@@H]3OP(=O)(O)OC[C@H]3O[C@@H](n4cc(C)c(=O)[nH]c4=O)C[C@@H]3OP(=O)(S)OCCCCCCNC(=S)Nc3ccc(-c4c5cc(Br)c(=O)c(Br)c-5oc5c(Br)c(O)c(Br)cc45)c(C(=O)O)c3)[C@@H](COP(=O)(O)O[C@H]3C[C@H](n4cc(C)c(=O)[nH]c4=O)O[C@@H]3COP(=O)(O)O[C@H]3C[C@H](n4cc(C)c(=O)[nH]c4=O)O[C@@H]3COP(=O)(O)O[C@H]3C[C@H](n4cnc5c(=O)[nH]c(N)nc54)O[C@@H]3COP(=O)(O)O[C@H]3C[C@H](n4cnc5c(=O)[nH]c(N)nc54)O[C@@H]3CO)O2)c(=O)[nH]c1=O
CHEMBL2012124,Cc1cn([C@H]2C[C@H](OP(=O)(O)OC[C@H]3O[C@@H](n4cnc5c(=O)[nH]c(N)nc54)C[C@@H]3OP(=O)(O)OC[C@H]3O[C@@H](n4cc(C)c(=O)[nH]c4=O)C[C@@H]3OP(=O)(O)OC[C@H]3O[C@@H](n4cnc5c(=O)[nH]c(N)nc54)C[C@@H]3OP(=O)(O)OC[C@H]3O[C@@H](n4cc(C)c(=O)[nH]c4=O)C[C@@H]3OP(=O)(O)OCCCCCCNC(=S)Nc3ccc(-c4c5cc(Br)c(=O)c(Br)c-5oc5c(Br)c(O)c(Br)cc45)c(C(=O)O)c3)[C@@H](COP(=O)(O)O[C@H]3C[C@H](n4cc(C)c(=O)[nH]c4=O)O[C@@H]3COP(=O)(S)O[C@H]3C[C@H](n4cc(C)c(=O)[nH]c4=O)O[C@@H]3COP(=O)(S)O[C@H]3C[C@H](n4cc(C)c(=O)[nH]c4=O)O[C@@H]3COP(=O)(S)O[C@H]3C[C@H](n4cc(C)c(=O)[nH]c4=O)O[C@@H]3COP(=O)(O)O[C@H]3C[C@H](n4cnc5c(=O)[nH]c(N)nc54)O[C@@H]3COP(=O)(O)O[C@H]3C[C@H](n4cnc5c(=O)[nH]c(N)nc54)O[C@@H]3CO)O2)c(=O)[nH]c1=O
CHEMBL2012125,Cc1cn([C@H]2C[C@H](OP(=O)(O)OC[C@H]3O[C@@H](n4cc(C)c(=O)[nH]c4=O)C[C@@H]3OP(=O)(S)OC[C@H]3O[C@@H](n4cc(C)c(=O)[nH]c4=O)C[C@@H]3OP(=O)(O)OC[C@H]3O[C@@H](n4cnc5c(=O)[nH]c(N)nc54)C[C@@H]3OP(=O)(O)OC[C@H]3O[C@@H](n4cc(C)c(=O)[nH]c4=O)C[C@@H]3OP(=O)(S)OC[C@H]3O[C@@H](n4cnc5c(=O)[nH]c(N)nc54)C[C@@H]3OP(=O)(O)OC[C@H]3O[C@@H](n4cc(C)c(=O)[nH]c4=O)C[C@@H]3OP(=O)(O)OCCCCCCNC(=S)Nc3ccc(-c4c5cc(Br)c(=O)c(Br)c-5oc5c(Br)c(O)c(Br)cc45)c(C(=O)O)c3)[C@@H](COP(=O)(O)O[C@H]3C[C@H](n4cc(C)c(=O)[nH]c4=O)O[C@@H]3COP(=O)(S)O[C@H]3C[C@H](n4cc(C)c(=O)[nH]c4=O)O[C@@H]3COP(=O)(O)O[C@H]3C[C@H](n4cnc5c(=O)[nH]c(N)nc54)O[C@@H]3COP(=O)(O)O[C@H]3C[C@H](n4cnc5c(=O)[nH]c(N)nc54)O[C@@H]3CO)O2)c(=O)[nH]c1=O
CHEMBL2012127,Cc1cn([C@H]2C[C@H](OP(=O)(O)OC[C@H]3O[C@@H](n4cnc5c(=O)[nH]c(N)nc54)C[C@@H]3OP(=O)(O)OC[C@H]3O[C@@H](n4cc(C)c(=O)[nH]c4=O)C[C@@H]3OP(=O)(O)OC[C@H]3O[C@@H](n4cnc5c(=O)[nH]c(N)nc54)C[C@@H]3OP(=O)(O)OC[C@H]3O[C@@H](n4cc(C)c(=O)[nH]c4=O)C[C@@H]3O)[C@@H](COP(=O)(O)O[C@H]3CCO[C@@H]3COP(=O)(O)O[C@H]3CCO[C@@H]3COP(=O)(O)O[C@H]3CCO[C@@H]3COP(=O)(O)O[C@H]3CCO[C@@H]3COP(=O)(O)O[C@H]3CCO[C@@H]3COP(=O)(O)O[C@H]3CCO[C@@H]3COP(=O)(O)OCCCCCCNC(=O)c3cc(Cl)c(C(=O)O)c(-c4c5cc(Cl)c(=O)c(Cl)c-5oc5c(Cl)c(O)c(Cl)cc45)c3Cl)O2)c(=O)[nH]c1=O
CHEMBL2012128,Cc1cn([C@H]2C[C@H](OP(=O)(O)OC[C@H]3OCC[C@@H]3OP(=O)(O)OC[C@H]3OCC[C@@H]3OP(=O)(O)OC[C@H]3OCC[C@@H]3OP(=O)(O)OC[C@H]3OCC[C@@H]3OP(=O)(O)OC[C@H]3OCC[C@@H]3OP(=O)(O)OC[C@H]3OCC[C@@H]3OP(=O)(O)OC[C@H]3O[C@@H](n4cc(C)c(=O)[nH]c4=O)C[C@@H]3O)[C@@H](COP(=O)(O)O[C@H]3C[C@H](n4cc(C)c(=O)[nH]c4=O)O[C@@H]3COP(=O)(O)O[C@H]3C[C@H](n4cnc5c(=O)[nH]c(N)nc54)O[C@@H]3COP(=O)(O)O[C@H]3C[C@H](n4cnc5c(=O)[nH]c(N)nc54)O[C@@H]3COP(=O)(O)OCCCCCCNC(=O)c3cc(Cl)c(C(=O)O)c(-c4c5cc(Cl)c(=O)c(Cl)c-5oc5c(Cl)c(O)c(Cl)cc45)c3Cl)O2)c(=O)[nH]c1=O
CHEMBL2012130,Cc1cn([C@H]2C[C@H](OP(=O)(O)OC[C@H]3O[C@@H](n4cnc5c(=O)[nH]c(N)nc54)C[C@@H]3OP(=O)(O)OC[C@H]3O[C@@H](n4cc(C)c(=O)[nH]c4=O)C[C@@H]3OP(=O)(O)OC[C@H]3O[C@@H](n4cnc5c(=O)[nH]c(N)nc54)C[C@@H]3OP(=O)(O)OC[C@H]3O[C@@H](n4cc(C)c(=O)[nH]c4=O)C[C@@H]3O)[C@@H](COP(=O)(O)OCCCOP(=O)(O)OCCCOP(=O)(O)OCCCOP(=O)(O)OCCCOP(=O)(O)OCCCOP(=O)(O)OCCCOP(=O)(O)OCCCCCCNC(=O)c3cc(Cl)c(C(=O)O)c(-c4c5cc(Cl)c(=O)c(Cl)c-5oc5c(Cl)c(O)c(Cl)cc45)c3Cl)O2)c(=O)[nH]c1=O
CHEMBL2012131,Cc1cn([C@H]2C[C@H](OP(=O)(O)OCCCOP(=O)(O)OCCCOP(=O)(O)OCCCOP(=O)(O)OCCCOP(=O)(O)OCCCOP(=O)(O)OCCCOP(=O)(O)OC[C@H]3O[C@@H](n4cc(C)c(=O)[nH]c4=O)C[C@@H]3O)[C@@H](COP(=O)(O)O[C@H]3C[C@H](n4cc(C)c(=O)[nH]c4=O)O[C@@H]3COP(=O)(O)O[C@H]3C[C@H](n4cnc5c(=O)[nH]c(N)nc54)O[C@@H]3COP(=O)(O)O[C@H]3C[C@H](n4cnc5c(=O)[nH]c(N)nc54)O[C@@H]3COP(=O)(O)OCCCCCCNC(=O)c3cc(Cl)c(C(=O)O)c(-c4c5cc(Cl)c(=O)c(Cl)c-5oc5c(Cl)c(O)c(Cl)cc45)c3Cl)O2)c(=O)[nH]c1=O
CHEMBL2012378,CO[C@@H]1[C@H](OP(=O)(O)OC[C@H]2O[C@@H](n3ccc(=O)[nH]c3=O)[C@H](OC)[C@@H]2OP(=O)(O)OC[C@H]2O[C@@H](n3ccc(=O)[nH]c3=O)[C@H](OC)[C@@H]2OP(=O)(O)OC[C@H]2O[C@@H](n3cnc4c(=O)[nH]c(N)nc43)[C@H](OC)[C@@H]2OP(=O)(O)OC[C@H]2O[C@@H](n3ccc(=O)[nH]c3=O)[C@H](OC)[C@@H]2OP(=O)(O)OC[C@H]2O[C@@H](n3cnc4c(=O)[nH]c(N)nc43)[C@H](OC)[C@@H]2OP(=O)(O)OC[C@H]2O[C@@H](n3ccc(=O)[nH]c3=O)[C@H](OC)[C@@H]2OP(=O)(O)OCCCCCCNC(=S)Nc2ccc(-c3c4cc(Br)c(=O)c(Br)c-4oc4c(Br)c(O)c(Br)cc34)c(C(=O)O)c2)[C@@H](COP(=O)(O)O[C@H]2[C@@H](OC)[C@H](n3ccc(=O)[nH]c3=O)O[C@@H]2COP(=O)(O)O[C@H]2[C@@H](OC)[C@H](n3ccc(=O)[nH]c3=O)O[C@@H]2COP(=O)(O)O[C@H]2[C@@H](OC)[C@H](n3cnc4c(=O)[nH]c(N)nc43)O[C@@H]2COP(=O)(O)O[C@H]2[C@@H](OC)[C@H](n3cnc4c(=O)[nH]c(N)nc43)O[C@@H]2CO)O[C@H]1n1ccc(=O)[nH]c1=O
CHEMBL2012379,CO[C@@H]1[C@H](O)[C@@H](COP(=O)(O)O[C@H]2[C@@H](OC)[C@H](n3cnc4c(=O)[nH]c(N)nc43)O[C@@H]2COP(=O)(O)O[C@H]2[C@@H](OC)[C@H](n3ccc(=O)[nH]c3=O)O[C@@H]2COP(=O)(O)O[C@H]2[C@@H](OC)[C@H](n3cnc4c(=O)[nH]c(N)nc43)O[C@@H]2COP(=O)(O)O[C@H]2[C@@H](OC)[C@H](n3ccc(=O)[nH]c3=O)O[C@@H]2COP(=O)(O)O[C@H]2[C@@H](OC)[C@H](n3ccc(=O)[nH]c3=O)O[C@@H]2COP(=O)(O)O[C@H]2[C@@H](OC)[C@H](n3ccc(=O)[nH]c3=O)O[C@@H]2COP(=O)(O)O[C@H]2[C@@H](OC)[C@H](n3ccc(=O)[nH]c3=O)O[C@@H]2COP(=O)(O)O[C@H]2[C@@H](OC)[C@H](n3ccc(=O)[nH]c3=O)O[C@@H]2COP(=O)(O)O[C@H]2[C@@H](OC)[C@H](n3cnc4c(=O)[nH]c(N)nc43)O[C@@H]2COP(=O)(O)O[C@H]2[C@@H](OC)[C@H](n3cnc4c(=O)[nH]c(N)nc43)O[C@@H]2COP(=O)(O)OCCCCCCNC(=O)c2cc(Cl)c(C(=O)O)c(-c3c4cc(Cl)c(=O)c(Cl)c-4oc4c(Cl)c(O)c(Cl)cc34)c2Cl)O[C@H]1n1ccc(=O)[nH]c1=O
CHEMBL2012380,CO[C@@H]1[C@H](O)[C@@H](COP(=O)(S)O[C@H]2[C@@H](OC)[C@H](n3cnc4c(=O)[nH]c(N)nc43)O[C@@H]2COP(=O)(S)O[C@H]2[C@@H](OC)[C@H](n3ccc(=O)[nH]c3=O)O[C@@H]2COP(=O)(S)O[C@H]2[C@@H](OC)[C@H](n3cnc4c(=O)[nH]c(N)nc43)O[C@@H]2COP(=O)(S)O[C@H]2[C@@H](OC)[C@H](n3ccc(=O)[nH]c3=O)O[C@@H]2COP(=O)(S)O[C@H]2[C@@H](OC)[C@H](n3ccc(=O)[nH]c3=O)O[C@@H]2COP(=O)(S)O[C@H]2[C@@H](OC)[C@H](n3ccc(=O)[nH]c3=O)O[C@@H]2COP(=O)(S)O[C@H]2[C@@H](OC)[C@H](n3ccc(=O)[nH]c3=O)O[C@@H]2COP(=O)(S)O[C@H]2[C@@H](OC)[C@H](n3ccc(=O)[nH]c3=O)O[C@@H]2COP(=O)(S)O[C@H]2[C@@H](OC)[C@H](n3cnc4c(=O)[nH]c(N)nc43)O[C@@H]2COP(=O)(S)O[C@H]2[C@@H](OC)[C@H](n3cnc4c(=O)[nH]c(N)nc43)O[C@@H]2COP(=O)(S)OCCCCCCNC(=O)c2cc(Cl)c(C(=O)O)c(-c3c4cc(Cl)c(=O)c(Cl)c-4oc4c(Cl)c(O)c(Cl)cc34)c2Cl)O[C@H]1n1ccc(=O)[nH]c1=O
CHEMBL2012381,CCCCCCCC/C=C\CCCCCCCC(=O)NCCCOCC(O)COP(=O)(S)O[C@H]1[C@@H](OC)[C@H](n2ccc(=O)[nH]c2=O)O[C@@H]1COP(=O)(S)O[C@H]1[C@@H](OC)[C@H](n2cnc3c(=O)[nH]c(N)nc32)O[C@@H]1COP(=O)(S)O[C@H]1[C@@H](OC)[C@H](n2ccc(=O)[nH]c2=O)O[C@@H]1COP(=O)(S)O[C@H]1[C@@H](OC)[C@H](n2cnc3c(=O)[nH]c(N)nc32)O[C@@H]1COP(=O)(S)O[C@H]1[C@@H](OC)[C@H](n2ccc(=O)[nH]c2=O)O[C@@H]1COP(=O)(S)O[C@H]1[C@@H](OC)[C@H](n2ccc(=O)[nH]c2=O)O[C@@H]1COP(=O)(S)O[C@H]1[C@@H](OC)[C@H](n2ccc(=O)[nH]c2=O)O[C@@H]1COP(=O)(S)O[C@H]1[C@@H](OC)[C@H](n2ccc(=O)[nH]c2=O)O[C@@H]1COP(=O)(S)O[C@H]1[C@@H](OC)[C@H](n2ccc(=O)[nH]c2=O)O[C@@H]1COP(=O)(S)O[C@H]1[C@@H](OC)[C@H](n2cnc3c(=O)[nH]c(N)nc32)O[C@@H]1COP(=O)(S)O[C@H]1[C@@H](OC)[C@H](n2cnc3c(=O)[nH]c(N)nc32)O[C@@H]1COP(=O)(S)OCCCCCCNC(=O)c1cc(Cl)c(C(=O)O)c(-c2c3cc(Cl)c(=O)c(Cl)c-3oc3c(Cl)c(O)c(Cl)cc23)c1Cl
CHEMBL2042382,O=C(O)/C(O)=C/C(=O)c1cc(Cc2ccccc2)cn(Cc2ccccc2)c1=O
CHEMBL2042548,O=C(O)/C(O)=C/C(=O)c1cc(Cc2ccc(F)cc2F)cn(Cc2ccc(F)cc2F)c1=O
CHEMBL2043144,O=C(O)/C(O)=C/C(=O)c1cc(Cc2ccc(F)cc2F)cn(Cc2ccccc2F)c1=O
CHEMBL50605,O=C(O)C(=O)CC(=O)c1cccn1Cc1ccc(F)cc1
CHEMBL2171666,O=C(NCCO)c1[nH]cc(C(=O)NCc2ccc(F)cc2)c(=O)c1O
CHEMBL2171665,COCCNC(=O)c1[nH]cc(C(=O)NCc2ccc(F)cc2)c(=O)c1O
CHEMBL2171670,COC(=O)c1[nH]cc(C(=O)NCc2ccc(F)cc2)c(=O)c1O
CHEMBL2171671,O=C(O)c1[nH]cc(C(=O)NCc2ccc(F)cc2)c(=O)c1O
CHEMBL2180591,C[C@H](CO)Nc1nc(C(=O)NCc2ccc(F)cc2)c(O)c2ncccc12
CHEMBL2180590,C[C@@H](CO)Nc1nc(C(=O)NCc2ccc(F)cc2)c(O)c2ncccc12
CHEMBL2180589,O=C(NCc1ccc(F)cc1)c1nc(NCCO)c2cccnc2c1O
CHEMBL2180587,O=CNCCCCCCNc1nc(C(=O)NCc2ccc(F)cc2)c(O)c2ncccc12
CHEMBL414850,O=C(NCc1ccc(F)cc1)c1nc(N2CCCCS2(=O)=O)c2cccnc2c1O
CHEMBL2180481,Cc1nc2ccccc2c(-c2cc(F)c3c(c2C)CCCO3)c1[C@H](OC(C)(C)C)C(=O)O
CHEMBL243619,O=C(/C=C/c1cccc(O)c1O)c1c(O)cc(O)cc1O
CHEMBL1935203,O=C(/C=C/c1ccccc1Cl)c1ccc(O)cc1O
CHEMBL2206228,CN(C)S(=O)(=O)c1ccc(-c2c(O)c(O)c3c(c2S(=O)(=O)N(C)C)CN(Cc2ccc(F)c(Cl)c2)C3=O)cc1
CHEMBL2206227,CN(C)S(=O)(=O)c1c(O)c(O)c(O)c2c1CN(Cc1ccc(F)c(Cl)c1)C2=O
CHEMBL2206773,CC(C)c1c(O)c(O)c2c(c1S(=O)(=O)N(C)C)CN(Cc1ccc(F)c(Cl)c1)C2=O
CHEMBL2206770,CN(CC(=O)O)S(=O)(=O)c1cc(O)c(O)c2c1CN(Cc1ccc(F)c(Cl)c1)C2=O
CHEMBL2206769,O=C(O)CNS(=O)(=O)c1cc(O)c(O)c2c1CN(Cc1ccc(F)c(Cl)c1)C2=O
CHEMBL2206768,O=C1c2c(O)c(O)cc(S(=O)(=O)N3CCOCC3)c2CN1Cc1ccc(F)c(Cl)c1
CHEMBL2206767,NCCN1CCN(S(=O)(=O)c2cc(O)c(O)c3c2CN(Cc2ccc(F)c(Cl)c2)C3=O)CC1
CHEMBL2206764,O=C1c2c(O)c(O)cc(S(=O)(=O)NCCN3CCNCC3)c2CN1Cc1ccc(F)c(Cl)c1
CHEMBL2206763,O=C1c2c(O)c(O)cc(S(=O)(=O)NCCN3CCOCC3)c2CN1Cc1ccc(F)c(Cl)c1
CHEMBL2203322,CN(C)CCCNS(=O)(=O)c1cc(O)c(O)c2c1CN(Cc1ccc(F)c(Cl)c1)C2=O
CHEMBL2206762,O=C1c2c(O)c(O)cc(S(=O)(=O)NCCCBr)c2CN1Cc1ccc(F)c(Cl)c1
CHEMBL2206761,CCN(CC)S(=O)(=O)c1cc(O)c(O)c2c1CN(Cc1ccc(F)c(Cl)c1)C2=O
CHEMBL2206760,CNS(=O)(=O)c1cc(O)c(O)c2c1CN(Cc1ccc(F)c(Cl)c1)C2=O
CHEMBL2297147,CC(C)c1nc(C(=O)NCc2ccc(F)cc2)c(O)c(=O)n1C
CHEMBL2315832,CN(CCNC(=O)c1c(O)c2ncc(Cc3ccc(F)cc3)cc2n(C)c1=O)S(C)(=O)=O
CHEMBL2315831,CC(=O)NCCNC(=O)c1c(O)c2ncc(Cc3ccc(F)cc3)cc2n(C)c1=O
CHEMBL2315830,Cn1c(=O)c(C(=O)NCCN2CCNC2=O)c(O)c2ncc(Cc3ccc(F)cc3)cc21
CHEMBL2315829,Cn1c(=O)c(C(=O)NCCN2CCOCC2)c(O)c2ncc(Cc3ccc(F)cc3)cc21
CHEMBL2315828,Cn1c(=O)c(C(=O)NCCCN2CCCC2=O)c(O)c2ncc(Cc3ccc(F)cc3)cc21
CHEMBL2316128,Cn1c(=O)c(C(=O)NCCCN2CCCC2)c(O)c2ncc(Cc3ccc(F)cc3)cc21
CHEMBL2316127,C[C@H](CO)CNC(=O)c1c(O)c2ncc(Cc3ccc(F)cc3)cc2n(C)c1=O
CHEMBL2316126,C[C@@H](CO)CNC(=O)c1c(O)c2ncc(Cc3ccc(F)cc3)cc2n(C)c1=O
CHEMBL2316125,C[C@H](O)CNC(=O)c1c(O)c2ncc(Cc3ccc(F)cc3)cc2n(C)c1=O
CHEMBL2316124,Cn1c(=O)c(C(=O)NC2(CO)CCCC2)c(O)c2ncc(Cc3ccc(F)cc3)cc21
