CHEMBL47918,CCCC[C@H](O[C@@H](Cc1ccccc1)C(=O)N1CCC(OCOC)CC1)C(=O)N[C@@H](CC1CCCCC1)[C@@H](O)C[C@H](C(=O)N(C)CCN(C)C)C(C)C
CHEMBL47918,CCCC[C@H](O[C@@H](Cc1ccccc1)C(=O)N1CCC(OCOC)CC1)C(=O)N[C@@H](CC1CCCCC1)[C@@H](O)C[C@H](C(=O)N(C)CCN(C)C)C(C)C
CHEMBL50217,CCCC[C@H](O[C@@H](Cc1ccccc1)C(=O)N1CCC(OCOC)CC1)C(=O)N[C@@H](CC1CCCCC1)[C@@H](O)C[C@H](NC(=O)OCc1ccccc1)C(C)C
CHEMBL50217,CCCC[C@H](O[C@@H](Cc1ccccc1)C(=O)N1CCC(OCOC)CC1)C(=O)N[C@@H](CC1CCCCC1)[C@@H](O)C[C@H](NC(=O)OCc1ccccc1)C(C)C
CHEMBL301347,CCCC[C@H](O[C@@H](Cc1ccccc1)C(=O)N1CCC(OCOC)CC1)C(=O)N[C@@H](CC1CCCCC1)[C@@H](O)C[C@H](NC(=O)OCCN1CCCC1)C(C)C
CHEMBL301347,CCCC[C@H](O[C@@H](Cc1ccccc1)C(=O)N1CCC(OCOC)CC1)C(=O)N[C@@H](CC1CCCCC1)[C@@H](O)C[C@H](NC(=O)OCCN1CCCC1)C(C)C
CHEMBL48624,CCCC[C@H](O[C@@H](Cc1ccccc1)C(=O)N1CCC(OCOC)CC1)C(=O)N[C@@H](CC1CCCCC1)[C@@H](O)C[C@H](C(=O)NCCCN1CCOCC1)C(C)C
CHEMBL48624,CCCC[C@H](O[C@@H](Cc1ccccc1)C(=O)N1CCC(OCOC)CC1)C(=O)N[C@@H](CC1CCCCC1)[C@@H](O)C[C@H](C(=O)NCCCN1CCOCC1)C(C)C
CHEMBL300504,CC(C)[C@H](C[C@H](O)[C@H](CC1CCCCC1)NC(=O)[C@H](Cc1c[nH]cn1)NC(=O)[C@H](Cc1ccccc1)NC(=O)OC(C)(C)C)NS(=O)(=O)C(C)C
CHEMBL49225,CCCC[C@H](N[C@@H](Cc1ccccc1)C(=O)N1CCC(OCOC)CC1)C(=O)N[C@@H](CC1CCCCC1)[C@@H](O)C[C@H](C(=O)NCCCN(C)C)C(C)C
CHEMBL49225,CCCC[C@H](N[C@@H](Cc1ccccc1)C(=O)N1CCC(OCOC)CC1)C(=O)N[C@@H](CC1CCCCC1)[C@@H](O)C[C@H](C(=O)NCCCN(C)C)C(C)C
CHEMBL49218,CC(C)[C@H](C[C@H](O)[C@H](CC1CCCCC1)NC(=O)[C@H](Cc1c[nH]cn1)NC(=O)[C@H](Cc1ccccc1)NC(=O)OC(C)(C)C)NC(=O)OCCc1ccccn1
CHEMBL49218,CC(C)[C@H](C[C@H](O)[C@H](CC1CCCCC1)NC(=O)[C@H](Cc1c[nH]cn1)NC(=O)[C@H](Cc1ccccc1)NC(=O)OC(C)(C)C)NC(=O)OCCc1ccccn1
CHEMBL297129,CCCCNC(=O)[C@@H](C[C@H](O)[C@H](CC1CCCCC1)NC(=O)[C@H](CCCC)O[C@@H](Cc1ccccc1)C(=O)N1CCC(OCOC)CC1)C(C)C
CHEMBL297129,CCCCNC(=O)[C@@H](C[C@H](O)[C@H](CC1CCCCC1)NC(=O)[C@H](CCCC)O[C@@H](Cc1ccccc1)C(=O)N1CCC(OCOC)CC1)C(C)C
CHEMBL49286,CCCC[C@H](O[C@@H](Cc1ccccc1)C(=O)N1CCC(OCOC)CC1)C(=O)N[C@@H](CC1CCCCC1)[C@@H](O)[C@@H](O)CC(C)C
CHEMBL49286,CCCC[C@H](O[C@@H](Cc1ccccc1)C(=O)N1CCC(OCOC)CC1)C(=O)N[C@@H](CC1CCCCC1)[C@@H](O)[C@@H](O)CC(C)C
CHEMBL297701,CCCNC(=O)N[C@@H](C[C@H](O)[C@H](CC1CCCCC1)NC(=O)[C@H](Cc1c[nH]cn1)NC(=O)[C@H](Cc1ccccc1)NC(=O)OC(C)(C)C)C(C)C
CHEMBL297701,CCCNC(=O)N[C@@H](C[C@H](O)[C@H](CC1CCCCC1)NC(=O)[C@H](Cc1c[nH]cn1)NC(=O)[C@H](Cc1ccccc1)NC(=O)OC(C)(C)C)C(C)C
CHEMBL49379,CCCC[C@H](O[C@@H](Cc1ccccc1)C(=O)N1CCC(OCOC)CC1)C(=O)N[C@@H](CC1CCCCC1)[C@@H](O)C[C@H](C(=O)NCCC[N+]1([O-])CCOCC1)C(C)C
CHEMBL49379,CCCC[C@H](O[C@@H](Cc1ccccc1)C(=O)N1CCC(OCOC)CC1)C(=O)N[C@@H](CC1CCCCC1)[C@@H](O)C[C@H](C(=O)NCCC[N+]1([O-])CCOCC1)C(C)C
CHEMBL295048,CCCC[C@H](O[C@@H](Cc1ccccc1)C(=O)N1CCC(OCOC)CC1)C(=O)N[C@@H](CC1CCCCC1)[C@@H](O)C[C@H](C(=O)NCCCN(C)C)C(C)C
CHEMBL295048,CCCC[C@H](O[C@@H](Cc1ccccc1)C(=O)N1CCC(OCOC)CC1)C(=O)N[C@@H](CC1CCCCC1)[C@@H](O)C[C@H](C(=O)NCCCN(C)C)C(C)C
CHEMBL46240,CCCC[C@H](O[C@@H](Cc1ccccc1)C(=O)N1CCC(OCOC)CC1)C(=O)N[C@@H](CC1CCCCC1)[C@@H](O)C[C@H](N)C(C)C
CHEMBL301395,CCCOC(=O)N[C@@H](C[C@H](O)[C@H](CC1CCCCC1)NC(=O)[C@H](Cc1c[nH]cn1)NC(=O)[C@H](Cc1ccccc1)NC(=O)OC(C)(C)C)C(C)C
CHEMBL301395,CCCOC(=O)N[C@@H](C[C@H](O)[C@H](CC1CCCCC1)NC(=O)[C@H](Cc1c[nH]cn1)NC(=O)[C@H](Cc1ccccc1)NC(=O)OC(C)(C)C)C(C)C
CHEMBL295838,CCCC[C@H](O[C@@H](Cc1ccccc1)C(=O)N1CCC(OCOC)CC1)C(=O)N[C@@H](CC1CCCCC1)[C@@H](O)C[C@H](C(=O)NCCCn1ccnc1)C(C)C
CHEMBL295838,CCCC[C@H](O[C@@H](Cc1ccccc1)C(=O)N1CCC(OCOC)CC1)C(=O)N[C@@H](CC1CCCCC1)[C@@H](O)C[C@H](C(=O)NCCCn1ccnc1)C(C)C
CHEMBL300711,CCCC[C@H](N[C@@H](Cc1ccccc1)C(=O)N1CCC(OCOC)CC1)C(=O)N[C@@H](CC1CCCCC1)[C@@H](O)C[C@H](NC(=O)OCCN(C)C)C(C)C
CHEMBL300711,CCCC[C@H](N[C@@H](Cc1ccccc1)C(=O)N1CCC(OCOC)CC1)C(=O)N[C@@H](CC1CCCCC1)[C@@H](O)C[C@H](NC(=O)OCCN(C)C)C(C)C
CHEMBL301966,CCCC[C@H](O[C@@H](Cc1ccccc1)C(=O)N1CCC(OCOC)CC1)C(=O)N[C@@H](CC1CCCCC1)[C@@H](O)C[C@H](NC(=O)OCCCN(C)C)C(C)C
CHEMBL301966,CCCC[C@H](O[C@@H](Cc1ccccc1)C(=O)N1CCC(OCOC)CC1)C(=O)N[C@@H](CC1CCCCC1)[C@@H](O)C[C@H](NC(=O)OCCCN(C)C)C(C)C
CHEMBL48591,CCCC[C@H](O[C@@H](Cc1ccccc1)C(=O)N1CCC(OCOC)CC1)C(=O)N[C@@H](CC1CCCCC1)[C@@H](O)C[C@H](NC(=O)OCCC)C(C)C
CHEMBL48591,CCCC[C@H](O[C@@H](Cc1ccccc1)C(=O)N1CCC(OCOC)CC1)C(=O)N[C@@H](CC1CCCCC1)[C@@H](O)C[C@H](NC(=O)OCCC)C(C)C
CHEMBL46115,CCCC[C@H](O[C@@H](Cc1ccccc1)C(=O)N1CCC(OCOC)CC1)C(=O)N[C@@H](CC1CCCCC1)[C@@H](O)C[C@H](NC(=O)OCCc1ccccn1)C(C)C
CHEMBL46115,CCCC[C@H](O[C@@H](Cc1ccccc1)C(=O)N1CCC(OCOC)CC1)C(=O)N[C@@H](CC1CCCCC1)[C@@H](O)C[C@H](NC(=O)OCCc1ccccn1)C(C)C
CHEMBL265560,CCCC[C@H](O[C@@H](Cc1ccccc1)C(=O)N1CCC(OCOC)CC1)C(=O)N[C@@H](CC1CCCCC1)[C@@H](O)C[C@H](NC(=O)OCCN(C)C)C(C)C
CHEMBL265560,CCCC[C@H](O[C@@H](Cc1ccccc1)C(=O)N1CCC(OCOC)CC1)C(=O)N[C@@H](CC1CCCCC1)[C@@H](O)C[C@H](NC(=O)OCCN(C)C)C(C)C
CHEMBL51935,CCCC[C@H](O[C@@H](Cc1ccccc1)C(=O)N1CCC(OCOC)CC1)C(=O)N[C@@H](CC1CCCCC1)[C@@H](O)C[C@H](C(=O)N1CCCN(C)CC1)C(C)C
CHEMBL51935,CCCC[C@H](O[C@@H](Cc1ccccc1)C(=O)N1CCC(OCOC)CC1)C(=O)N[C@@H](CC1CCCCC1)[C@@H](O)C[C@H](C(=O)N1CCCN(C)CC1)C(C)C
CHEMBL48481,CCCCC(=O)N[C@@H](C[C@H](O)[C@H](CC1CCCCC1)NC(=O)[C@H](Cc1c[nH]cn1)NC(=O)[C@H](Cc1ccccc1)NC(=O)OC(C)(C)C)C(C)C
CHEMBL48481,CCCCC(=O)N[C@@H](C[C@H](O)[C@H](CC1CCCCC1)NC(=O)[C@H](Cc1c[nH]cn1)NC(=O)[C@H](Cc1ccccc1)NC(=O)OC(C)(C)C)C(C)C
CHEMBL301146,CCCC[C@H](O[C@@H](Cc1ccccc1)C(=O)N1CCC(OCOC)CC1)C(=O)N[C@@H](CC1CCCCC1)[C@@H](O)C[C@H](NC(=O)OCCC(C)C)C(C)C
CHEMBL301146,CCCC[C@H](O[C@@H](Cc1ccccc1)C(=O)N1CCC(OCOC)CC1)C(=O)N[C@@H](CC1CCCCC1)[C@@H](O)C[C@H](NC(=O)OCCC(C)C)C(C)C
CHEMBL321937,CC[C@H](C)[C@H](NC(=O)[C@@H](NC(=O)[C@H](CC(C)C)NC(=O)[C@H](Cc1c[nH]cn1)NC(=O)[C@H](Cc1ccccc1)NC(=O)OC(C)(C)C)C(C)C)C(=O)N[C@@H](Cc1c[nH]cn1)C(=O)OC
CHEMBL49172,CCCC[C@H](N[C@@H](Cc1ccccc1)C(=O)N1CCC(OCOC)CC1)C(=O)N[C@@H](CC1CCCCC1)[C@@H](O)C[C@H](C(=O)NCCCn1ccnc1)C(C)C
CHEMBL49172,CCCC[C@H](N[C@@H](Cc1ccccc1)C(=O)N1CCC(OCOC)CC1)C(=O)N[C@@H](CC1CCCCC1)[C@@H](O)C[C@H](C(=O)NCCCn1ccnc1)C(C)C
CHEMBL51401,CCCC[C@H](O[C@@H](Cc1ccccc1)C(=O)N1CCC(OCOC)CC1)C(=O)N[C@@H](CC1CCCCC1)[C@@H](O)C[C@H](C(=O)NCCN1CCOCC1)C(C)C
CHEMBL51401,CCCC[C@H](O[C@@H](Cc1ccccc1)C(=O)N1CCC(OCOC)CC1)C(=O)N[C@@H](CC1CCCCC1)[C@@H](O)C[C@H](C(=O)NCCN1CCOCC1)C(C)C
CHEMBL299612,CC(C)[C@H](C[C@H](O)[C@H](CC1CCCCC1)NC(=O)[C@H](Cc1c[nH]cn1)NC(=O)[C@H](Cc1ccccc1)NC(=O)OC(C)(C)C)NC(=O)OCc1ccccc1
CHEMBL52060,CCCC[C@H](N[C@@H](Cc1ccccc1)C(=O)N1CCC(OCOC)CC1)C(=O)N[C@@H](CC1CCCCC1)[C@@H](O)C[C@H](C(=O)NCCCN1CCOCC1)C(C)C
CHEMBL52060,CCCC[C@H](N[C@@H](Cc1ccccc1)C(=O)N1CCC(OCOC)CC1)C(=O)N[C@@H](CC1CCCCC1)[C@@H](O)C[C@H](C(=O)NCCCN1CCOCC1)C(C)C
CHEMBL299605,CC(C)[C@H](C[C@H](O)[C@H](CC1CCCCC1)NC(=O)[C@H](Cc1c[nH]cn1)NC(=O)[C@H](Cc1ccccc1)NC(=O)OC(C)(C)C)NC(=O)OCCN1CCCC1
CHEMBL299605,CC(C)[C@H](C[C@H](O)[C@H](CC1CCCCC1)NC(=O)[C@H](Cc1c[nH]cn1)NC(=O)[C@H](Cc1ccccc1)NC(=O)OC(C)(C)C)NC(=O)OCCN1CCCC1
CHEMBL49882,CC(C)[C@H](C[C@H](O)[C@H](CC1CCCCC1)NC(=O)[C@H](Cc1c[nH]cn1)NC(=O)[C@H](Cc1ccccc1)NC(=O)OC(C)(C)C)NS(C)(=O)=O
CHEMBL297427,CCCC[C@H](O[C@@H](Cc1ccccc1)C(=O)N1CCC(OCOC)CC1)C(=O)N[C@@H](CC1CCCCC1)[C@@H](O)C[C@H](C(=O)N(C)CCCN(C)C)C(C)C
CHEMBL297427,CCCC[C@H](O[C@@H](Cc1ccccc1)C(=O)N1CCC(OCOC)CC1)C(=O)N[C@@H](CC1CCCCC1)[C@@H](O)C[C@H](C(=O)N(C)CCCN(C)C)C(C)C
CHEMBL48343,CC(C)[C@H](C[C@H](O)[C@H](CC1CCCCC1)NC(=O)[C@H](Cc1c[nH]cn1)NC(=O)[C@H](Cc1ccccc1)NC(=O)OC(C)(C)C)NC(=O)OCCN(C)C
CHEMBL48343,CC(C)[C@H](C[C@H](O)[C@H](CC1CCCCC1)NC(=O)[C@H](Cc1c[nH]cn1)NC(=O)[C@H](Cc1ccccc1)NC(=O)OC(C)(C)C)NC(=O)OCCN(C)C
CHEMBL49150,CCCC[C@H](O[C@@H](Cc1ccccc1)C(=O)N1CCC(OCOC)CC1)C(=O)N[C@@H](CC1CCCCC1)[C@@H](O)C[C@H](C(=O)NCCc1ccccn1)C(C)C
CHEMBL49150,CCCC[C@H](O[C@@H](Cc1ccccc1)C(=O)N1CCC(OCOC)CC1)C(=O)N[C@@H](CC1CCCCC1)[C@@H](O)C[C@H](C(=O)NCCc1ccccn1)C(C)C
CHEMBL48414,CCCC[C@H](O[C@@H](Cc1ccccc1)C(=O)N1CCC(OCOC)CC1)C(=O)N[C@@H](CC1CCCCC1)[C@@H](O)C[C@H](C(=O)NCCC[N+](C)(C)[O-])C(C)C
CHEMBL48414,CCCC[C@H](O[C@@H](Cc1ccccc1)C(=O)N1CCC(OCOC)CC1)C(=O)N[C@@H](CC1CCCCC1)[C@@H](O)C[C@H](C(=O)NCCC[N+](C)(C)[O-])C(C)C
CHEMBL300524,CCCC[C@H](O[C@@H](Cc1ccccc1)C(=O)N1CCC(OCOC)CC1)C(=O)N[C@@H](CC1CCCCC1)[C@@H](O)C[C@H](NC(=O)NCCC)C(C)C
CHEMBL300524,CCCC[C@H](O[C@@H](Cc1ccccc1)C(=O)N1CCC(OCOC)CC1)C(=O)N[C@@H](CC1CCCCC1)[C@@H](O)C[C@H](NC(=O)NCCC)C(C)C
CHEMBL48540,CCCC[C@H](O[C@@H](Cc1ccccc1)C(=O)N1CCC(OCOC)CC1)C(=O)N[C@@H](CC1CCCCC1)[C@@H](O)C[C@H](C(=O)NCCN(C)C)C(C)C
CHEMBL48540,CCCC[C@H](O[C@@H](Cc1ccccc1)C(=O)N1CCC(OCOC)CC1)C(=O)N[C@@H](CC1CCCCC1)[C@@H](O)C[C@H](C(=O)NCCN(C)C)C(C)C
CHEMBL48537,CCCC[C@H](N[C@@H](Cc1ccccc1)C(=O)N1CCC(OCOC)CC1)C(=O)N[C@@H](CC1CCCCC1)[C@@H](O)[C@@H](O)CC(C)C
CHEMBL48537,CCCC[C@H](N[C@@H](Cc1ccccc1)C(=O)N1CCC(OCOC)CC1)C(=O)N[C@@H](CC1CCCCC1)[C@@H](O)[C@@H](O)CC(C)C
CHEMBL263725,CCCCNC(=O)[C@@H](C[C@H](O)[C@H](CC1CCCCC1)NC(=O)[C@H](CCCC)N[C@@H](Cc1ccccc1)C(=O)N1CCC(OCOC)CC1)C(C)C
CHEMBL263725,CCCCNC(=O)[C@@H](C[C@H](O)[C@H](CC1CCCCC1)NC(=O)[C@H](CCCC)N[C@@H](Cc1ccccc1)C(=O)N1CCC(OCOC)CC1)C(C)C
CHEMBL48722,CC(C)[C@H](C[C@H](O)[C@H](CC1CCCCC1)NC(=O)[C@H](Cc1c[nH]cn1)NC(=O)[C@H](Cc1ccccc1)NC(=O)OC(C)(C)C)NC(=O)OCCCN(C)C
CHEMBL48722,CC(C)[C@H](C[C@H](O)[C@H](CC1CCCCC1)NC(=O)[C@H](Cc1c[nH]cn1)NC(=O)[C@H](Cc1ccccc1)NC(=O)OC(C)(C)C)NC(=O)OCCCN(C)C
CHEMBL297595,CCCC[C@H](O[C@@H](Cc1ccccc1)C(=O)N1CCC(OCOC)CC1)C(=O)N[C@@H](CC1CCCCC1)[C@@H](O)C[C@H](NC(=O)OCCN1CCOCC1)C(C)C
CHEMBL297595,CCCC[C@H](O[C@@H](Cc1ccccc1)C(=O)N1CCC(OCOC)CC1)C(=O)N[C@@H](CC1CCCCC1)[C@@H](O)C[C@H](NC(=O)OCCN1CCOCC1)C(C)C
CHEMBL297417,CCCC[C@H](O[C@@H](Cc1ccccc1)C(=O)N1CCC(OCOC)CC1)C(=O)N[C@@H](CC1CCCCC1)[C@@H](O)C[C@H](NS(C)(=O)=O)C(C)C
CHEMBL297417,CCCC[C@H](O[C@@H](Cc1ccccc1)C(=O)N1CCC(OCOC)CC1)C(=O)N[C@@H](CC1CCCCC1)[C@@H](O)C[C@H](NS(C)(=O)=O)C(C)C
CHEMBL300337,COc1ccc(C[C@H](NC(=O)CC(C)(C)N)C(=O)N[C@@H](Cc2c[nH]cn2)C(=O)N[C@@H](CC2CCCCC2)[C@@H](O)[C@@H](O)CC(C)C)cc1
CHEMBL264194,CC(C)[C@H](C[C@H](O)[C@H](CC1CCCCC1)NC(=O)[C@H](Cc1c[nH]cn1)NC(=O)[C@H](Cc1ccccc1)NC(=O)OC(C)(C)C)NC(=O)OCCN1CCOCC1
CHEMBL264194,CC(C)[C@H](C[C@H](O)[C@H](CC1CCCCC1)NC(=O)[C@H](Cc1c[nH]cn1)NC(=O)[C@H](Cc1ccccc1)NC(=O)OC(C)(C)C)NC(=O)OCCN1CCOCC1
CHEMBL50799,CCCCC(=O)N[C@@H](C[C@H](O)[C@H](CC1CCCCC1)NC(=O)[C@H](CCCC)O[C@@H](Cc1ccccc1)C(=O)N1CCC(OCOC)CC1)C(C)C
CHEMBL50799,CCCCC(=O)N[C@@H](C[C@H](O)[C@H](CC1CCCCC1)NC(=O)[C@H](CCCC)O[C@@H](Cc1ccccc1)C(=O)N1CCC(OCOC)CC1)C(C)C
CHEMBL417905,CCCC[C@H](N[C@@H](Cc1ccccc1)C(=O)N1CCC(OCOC)CC1)C(=O)N[C@@H](CC1CCCCC1)[C@@H](O)C[C@H](NC(=O)OCCN1CCOCC1)C(C)C
CHEMBL417905,CCCC[C@H](N[C@@H](Cc1ccccc1)C(=O)N1CCC(OCOC)CC1)C(=O)N[C@@H](CC1CCCCC1)[C@@H](O)C[C@H](NC(=O)OCCN1CCOCC1)C(C)C
CHEMBL3144507,C=C(C[C@H](O)[C@H](CC1CCCCC1)NC(=O)[C@H](Cc1c[nH]cn1)NC(=O)[C@H](Cc1ccccc1)NC(C)=O)C(=O)NCCC(C)C
CHEMBL3144527,CC(C)CNC(=O)[C@](O)(CC(C)C)C[C@H](O)[C@H](CC1CCCCC1)NC(=O)[C@H](Cc1c[nH]cn1)NC(=O)[C@H](Cc1ccccc1)NC(=O)OC(C)(C)C
CHEMBL3144514,C=C(C[C@H](O)[C@H](CC1CCCCC1)NC(=O)[C@H](C)NC(=O)[C@H](Cc1ccccc1)NC(=O)OC(C)(C)C)C(=O)NC
CHEMBL3144526,CNC(=O)C1(C[C@H](O)[C@H](CC2CCCCC2)NC(=O)[C@H](C)NC(=O)[C@H](Cc2ccccc2)NC(=O)OC(C)(C)C)CO1
CHEMBL2115083,CC(C)CNC(=O)[C@@](O)(CN=[N+]=[N-])C[C@H](O)[C@H](CC1CCCCC1)NC(=O)[C@H](Cc1c[nH]cn1)NC(=O)[C@H](Cc1ccccc1)NC(=O)OC(C)(C)C
CHEMBL3144529,CC(C)CCNC(=O)[C@](C)(O)C[C@H](O)[C@H](CC1CCCCC1)NC(=O)[C@H](Cc1c[nH]cn1)NC(=O)[C@H](Cc1ccccc1)NC(=O)OC(C)(C)C
CHEMBL3144523,C=C(C[C@H](O)[C@H](CC(C)C)NC(=O)[C@H](C)NC(=O)[C@H](Cc1ccccc1)NC(=O)OC(C)(C)C)C(=O)NCCC(C)C
CHEMBL2115484,CC(C)CNC(=O)[C@](O)(CN)C[C@H](O)[C@H](CC1CCCCC1)NC(=O)[C@H](Cc1c[nH]cn1)NC(=O)[C@H](Cc1ccccc1)NC(=O)OC(C)(C)C
CHEMBL3144524,C=C(C[C@H](O)[C@H](CC1CCCCC1)NC(=O)[C@H](Cc1c[nH]cn1)NC(=O)[C@H](Cc1ccccc1)NC(=O)OCC)C(=O)NCCC(C)C
CHEMBL3144515,C=C(C[C@H](O)[C@H](CC1CCCCC1)NC(=O)[C@H](Cc1ccccc1)NC(=O)[C@H](Cc1ccccc1)NC(=O)OC(C)(C)C)C(=O)NCC(C)(C)CN(C)C
CHEMBL3144505,CC(C)CCNC(=O)C1(C[C@H](O)[C@H](CC2CCCCC2)NC(=O)[C@H](C)NC(=O)[C@H](Cc2ccccc2)NC(=O)OC(C)(C)C)CO1
CHEMBL2115082,CC(C)CNC(=O)[C@@](O)(CCl)C[C@H](O)[C@H](CC1CCCCC1)NC(=O)[C@H](Cc1c[nH]cn1)NC(=O)[C@H](Cc1ccccc1)NC(=O)OC(C)(C)C
CHEMBL2115085,CC(C)CNC(=O)[C@@](O)(CN)C[C@H](O)[C@H](CC1CCCCC1)NC(=O)[C@H](Cc1c[nH]cn1)NC(=O)[C@H](Cc1ccccc1)NC(=O)OC(C)(C)C
CHEMBL3144528,C=C(C[C@H](O)[C@H](CC1CCCCC1)NC(=O)[C@H](CC(C)C)NC(=O)[C@H](Cc1ccccc1)NC(=O)OC(C)(C)C)C(=O)NCCC(C)C
CHEMBL65918,CC(C)(C)S(=O)(=O)C[C@@H](Cc1ccccc1)C(=O)NC1CSCCC[C@H](CN2CCOCC2)OC(=O)[C@H](O)[C@H](CC2CCCCC2)NC1=O
CHEMBL3144513,C=C(C[C@H](O)[C@H](CC1CCCCC1)NC(=O)[C@H](Cc1c[nH]cn1)NC(=O)[C@H](Cc1ccccc1)NC(=O)OC(C)(C)C)C(=O)NCC(C)C
CHEMBL2115483,CC(C)CNC(=O)[C@](O)(CN=[N+]=[N-])C[C@H](O)[C@H](CC1CCCCC1)NC(=O)[C@H](Cc1c[nH]cn1)NC(=O)[C@H](Cc1ccccc1)NC(=O)OC(C)(C)C
CHEMBL3144518,C=C(C[C@H](O)[C@H](CC1CCCCC1)NC(=O)[C@H](Cc1c[nH]cn1)NC(=O)[C@H](Cc1ccccc1)NC(=O)CC(C)(C)C)C(=O)NC
CHEMBL3144512,C=C(C[C@H](O)[C@H](CC1CCCCC1)NC(=O)[C@H](CC(C)C)NC(=O)[C@H](Cc1ccccc1)NC(=O)OCC)C(=O)NCC(C)(C)CN(C)C
CHEMBL3144525,CC(C)CCNC(=O)[C@@](C)(O)C[C@H](O)[C@H](CC1CCCCC1)NC(=O)[C@H](Cc1c[nH]cn1)NC(=O)[C@H](Cc1ccccc1)NC(=O)OC(C)(C)C
CHEMBL3144508,C=C(C[C@H](O)[C@H](CC1CCCCC1)NC(=O)[C@H](C)NC(=O)[C@H](Cc1ccccc1)NC(=O)OC(C)(C)C)C(=O)NCC1CCCCC1
CHEMBL3144510,C=C(C[C@H](O)[C@H](CC1CCCCC1)NC(=O)[C@H](C)NC(=O)[C@H](Cc1ccccc1)NC(=O)OC(C)(C)C)C(=O)NCC(C)C
CHEMBL3144530,C=C(C[C@H](O)[C@H](CC1CCCCC1)NC(=O)[C@H](C)NC(=O)[C@H](Cc1ccccc1)NC(=O)OC(C)(C)C)C(=O)NCC(C)(C)CN(C)C
CHEMBL3144521,C=C(C[C@H](O)[C@H](CC1CCCCC1)NC(=O)[C@H](Cc1c[nH]cn1)NC(=O)[C@H](Cc1ccccc1)NC(=O)OC(C)(C)C)C(=O)NCCC(C)C
CHEMBL3144517,C=C(C[C@H](O)[C@H](CC1CCCCC1)NC(=O)[C@H](CC(C)C)NC(=O)[C@H](Cc1ccccc1)NC(=O)OCC)C(=O)NCC(C)C
CHEMBL3144519,C=C(C[C@H](O)[C@H](CC1CCCCC1)NC(=O)[C@H](C)NC(=O)[C@H](Cc1ccccc1)NC(=O)OC(C)(C)C)C(=O)NCCc1ccccc1
CHEMBL59128,C=C(C[C@H](O)[C@H](CC1CCCCC1)NC(=O)C(Cc1c[nH]cn1)NC(=O)C(C)(O)c1ccccc1)C(=O)NCCC(C)C
CHEMBL3144509,C=C(C[C@H](O)[C@H](CC1CCCCC1)NC(=O)[C@H](C)NC(=O)[C@H](Cc1ccccc1)NC(=O)OC(C)(C)C)C(=O)NCCC(C)C
CHEMBL2115482,CC(C)CNC(=O)[C@](O)(CCl)C[C@H](O)[C@H](CC1CCCCC1)NC(=O)[C@H](Cc1c[nH]cn1)NC(=O)[C@H](Cc1ccccc1)NC(=O)OC(C)(C)C
CHEMBL3144516,C=C(C[C@H](O)[C@H](CC1CCCCC1)NC(=O)[C@H](Cc1c[nH]cn1)NC(=O)[C@H](Cc1ccccc1)NC(=O)OC(C)(C)C)C(=O)NCC(C)(C)CN(C)C
CHEMBL301528,CCS(=O)(=O)CC[C@H](O)[C@H](CC1CCCCC1)NC(=O)[C@H](C)NC(=O)[C@H](Cc1ccccc1)NC(=O)OC(C)(C)C
CHEMBL3142224,CC(C)(C)OC(=O)N[C@@H](Cc1ccccc1)C(=O)N[C@@H](Cc1c[nH]cn1)C(=O)N[C@@H](CC1CCCCC1)[C@@H](O)CS(C)(=O)=O
CHEMBL3142211,CC(C)S(=O)(=O)C[C@H](O)[C@H](CC1CCCCC1)NC(=O)[C@H](Cc1c[nH]cn1)NC(=O)[C@@H](N)[C@@H](C)OCc1ccccc1
CHEMBL24423,CC(C)C[C@H](NC(=O)[C@H](Cc1ccccc1)NC(=O)CCN1C(=O)CSc2ncccc21)C(=O)N[C@@H](CC1CCCCC1)[C@@H](O)CC(=O)NCCCn1ccnc1
CHEMBL103891,CCCC[C@H](O[C@@H](Cc1ccccc1)C(=O)N1CCC(OCOC)CC1)C(=O)N[C@@H](CC1CCCCC1)[C@@H](O)C[C@H](C(=O)NCCCNc1n[nH]c(N)n1)C(C)C
CHEMBL99858,CCCC[C@H](O[C@@H](Cc1ccccc1)C(=O)N1CCC(OCOC)CC1)C(=O)N[C@@H](CC1CCCCC1)[C@@H](O)C[C@H](C(=O)NCCNc1n[nH]c(N)n1)C(C)C
CHEMBL99989,CCCC[C@H](N[C@@H](Cc1ccccc1)C(=O)N1CCC(OCOC)CC1)C(=O)N[C@@H](CC1CCCCC1)[C@@H](O)C[C@H](C(=O)NCCCN)C(C)C
CHEMBL263683,CCCC[C@H](N[C@@H](Cc1ccccc1)C(=O)N1CCC(OCOC)CC1)C(=O)N[C@@H](CC1CCCCC1)[C@@H](O)C[C@H](C(=O)NCc1ccccn1)C(C)C
CHEMBL263683,CCCC[C@H](N[C@@H](Cc1ccccc1)C(=O)N1CCC(OCOC)CC1)C(=O)N[C@@H](CC1CCCCC1)[C@@H](O)C[C@H](C(=O)NCc1ccccn1)C(C)C
CHEMBL300036,CCOC(=O)N[C@@H](Cc1ccccc1)C(=O)N[C@@H](Cc1c[nH]cn1)C(=O)N[C@@H](CC1CCCCC1)[C@@H](O)CCS(=O)(=O)C(C)C
CHEMBL300036,CCOC(=O)N[C@@H](Cc1ccccc1)C(=O)N[C@@H](Cc1c[nH]cn1)C(=O)N[C@@H](CC1CCCCC1)[C@@H](O)CCS(=O)(=O)C(C)C
CHEMBL3142207,CCOC(=O)N[C@@H](Cc1ccccc1)C(=O)N[C@@H](Cc1c[nH]cn1)C(=O)N[C@@H](CC1CCCCC1)[C@@H](O)CS(=O)(=O)C(C)C
CHEMBL23071,CC(C)C[C@H](NC(=O)[C@H](Cc1ccccc1)NC(=O)CC1CS(=O)(=O)c2ccccc21)C(=O)N[C@@H](CC1CCCCC1)[C@@H](O)CC(=O)NCCn1ccnc1
CHEMBL30620,CC(C)C[C@H](O)[C@H](O)[C@H](CC1CCCCC1)NC(=O)[C@H](Cc1cscn1)NC(=O)[C@@H]1[C@@H](c2ccccc2)[C@H]1S(=O)(=O)C(C)C
CHEMBL30620,CC(C)C[C@H](O)[C@H](O)[C@H](CC1CCCCC1)NC(=O)[C@H](Cc1cscn1)NC(=O)[C@@H]1[C@@H](c2ccccc2)[C@H]1S(=O)(=O)C(C)C
CHEMBL443253,CCCC[C@H](NC(=O)[C@H]1[C@H](c2ccccc2)[C@@H]1S(=O)(=O)C(C)C)C(=O)N[C@@H](CC1CCCCC1)[C@@H](O)[C@@H](O)CC(C)C
CHEMBL443253,CCCC[C@H](NC(=O)[C@H]1[C@H](c2ccccc2)[C@@H]1S(=O)(=O)C(C)C)C(=O)N[C@@H](CC1CCCCC1)[C@@H](O)[C@@H](O)CC(C)C
CHEMBL245189,CCCC[C@H](O[C@@H](Cc1ccccc1)C(=O)N1CCC(OCOC)CC1)C(=O)N[C@@H](CC1CCCCC1)[C@@H](O)C[C@H](C(=O)NCCCNC(N)=O)C(C)C
CHEMBL40928,CC(C)C[C@H](NC(=O)C[C@H](O)[C@H](CC(C)C)NC(=O)[C@H](Cc1ccccc1)NC(=O)[C@H](Cc1ccccc1)NC(=O)OC(C)(C)C)C(=O)N[C@@H](Cc1ccccc1)C(N)=O
CHEMBL40928,CC(C)C[C@H](NC(=O)C[C@H](O)[C@H](CC(C)C)NC(=O)[C@H](Cc1ccccc1)NC(=O)[C@H](Cc1ccccc1)NC(=O)OC(C)(C)C)C(=O)N[C@@H](Cc1ccccc1)C(N)=O
CHEMBL3142210,CC(C)S(=O)(=O)C[C@H](O)[C@H](CC1CCCCC1)NC(=O)[C@@H](NC(=O)[C@H](Cc1ccccc1)NC(=O)OC(C)(C)C)[C@@H](C)OCc1ccccc1
CHEMBL99639,CCCC[C@H](O[C@@H](Cc1ccccc1)C(=O)N1CCC(OCOC)CC1)C(=O)N[C@@H](CC1CCCCC1)[C@@H](O)C[C@H](C(=O)NCCNc1noc(N)n1)C(C)C
CHEMBL348469,CC(C)SC[C@H](O)[C@H](CC1CCCCC1)NC(=O)[C@H](C)NC(=O)[C@H](Cc1ccccc1)NC(=O)OC(C)(C)C
CHEMBL3142220,CC(C)S(=O)(=O)C[C@H](O)[C@H](CC1CCCCC1)NC(=O)[C@H](Cc1c[nH]cn1)NC(=O)[C@H](Cc1ccccc1)NC(=O)CC(C)(C)C
CHEMBL284570,CC(C)C[C@H](NC(=O)[C@H](Cc1ccccc1)NC(=O)CCN1C(=O)CS(=O)(=O)c2ccncc21)C(=O)N[C@@H](CC1CCCCC1)[C@@H](O)CC(=O)NCCCn1ccnc1
CHEMBL281508,CC(C)C[C@H](O)[C@H](O)[C@H](CC1CCCCC1)NC(=O)[C@H](Cc1cscn1)NC(=O)[C@H](Cc1ccccc1)CS(=O)(=O)N1CCOCC1
CHEMBL52060,CCCC[C@H](N[C@@H](Cc1ccccc1)C(=O)N1CCC(OCOC)CC1)C(=O)N[C@@H](CC1CCCCC1)[C@@H](O)C[C@H](C(=O)NCCCN1CCOCC1)C(C)C
CHEMBL52060,CCCC[C@H](N[C@@H](Cc1ccccc1)C(=O)N1CCC(OCOC)CC1)C(=O)N[C@@H](CC1CCCCC1)[C@@H](O)C[C@H](C(=O)NCCCN1CCOCC1)C(C)C
CHEMBL52060,CCCC[C@H](N[C@@H](Cc1ccccc1)C(=O)N1CCC(OCOC)CC1)C(=O)N[C@@H](CC1CCCCC1)[C@@H](O)C[C@H](C(=O)NCCCN1CCOCC1)C(C)C
CHEMBL321356,CCCC[C@H](N[C@@H](Cc1ccccc1)C(=O)N1CCC(OCOC)CC1)C(=O)N[C@@H](CC1CCCCC1)[C@@H](O)C[C@H](C(=O)NCc1ccccc1)C(C)C
CHEMBL102923,CCCC[C@H](O[C@@H](Cc1ccccc1)C(=O)N1CCC(OCOC)CC1)C(=O)N[C@@H](CC1CCCCC1)[C@@H](O)C[C@H](C(=O)NCCC/N=C(\NC#N)SC)C(C)C
CHEMBL3142208,CC(C)(C)OC(=O)N[C@@H](Cc1ccccc1)C(=O)N[C@@H](Cc1c[nH]cn1)C(=O)N[C@@H](Cc1ccccc1)[C@@H](O)CSC1CCCCC1
CHEMBL319985,CCCC[C@H](N[C@@H](Cc1ccccc1)C(=O)N1CCC(OCOC)CC1)C(=O)N[C@@H](CC1CCCCC1)[C@@H](O)C[C@H](C(=O)NCCNc1n[nH]c(N)n1)C(C)C
CHEMBL382977,CC(C)S(=O)(=O)CC[C@H](O)[C@H](CC1CCCCC1)NC(=O)[C@H](Cc1c[nH]cn1)NC(=O)[C@H](Cc1ccccc1)NC(=O)OC(C)(C)C
CHEMBL382977,CC(C)S(=O)(=O)CC[C@H](O)[C@H](CC1CCCCC1)NC(=O)[C@H](Cc1c[nH]cn1)NC(=O)[C@H](Cc1ccccc1)NC(=O)OC(C)(C)C
CHEMBL299870,CC(C)S(=O)(=O)CC[C@H](O)[C@H](CC1CCCCC1)NC(=O)[C@H](C)NC(=O)[C@H](Cc1ccccc1)NC(=O)OC(C)(C)C
CHEMBL406182,CC(C)CC(NC(=O)C(Cc1ccccc1)Cc1ccccc1)C(=O)N[C@@H](CC1CCCCC1)[C@@H](O)CS(=O)(=O)C(C)C
CHEMBL67705,CC(C)S(=O)(=O)C[C@H](O)[C@H](CC1CCCCC1)NC(=O)C(Cc1c[nH]cn1)NC(=O)C(Cc1ccccc1)Cc1ccccc1
CHEMBL30672,COCOCCS(=O)(=O)[C@H]1[C@H](C(=O)N[C@@H](Cc2cscn2)C(=O)N[C@@H](CC2CCCCC2)[C@@H](O)[C@@H](O)CC(C)C)[C@H]1c1ccccc1
CHEMBL30672,COCOCCS(=O)(=O)[C@H]1[C@H](C(=O)N[C@@H](Cc2cscn2)C(=O)N[C@@H](CC2CCCCC2)[C@@H](O)[C@@H](O)CC(C)C)[C@H]1c1ccccc1
CHEMBL31121,CC(C)C[C@H](NC(=O)[C@@H]1[C@@H](c2ccccc2)[C@H]1S(=O)(=O)C(C)C)C(=O)N[C@@H](CC1CCCCC1)[C@@H](O)[C@@H](O)CC(C)C
CHEMBL31121,CC(C)C[C@H](NC(=O)[C@@H]1[C@@H](c2ccccc2)[C@H]1S(=O)(=O)C(C)C)C(=O)N[C@@H](CC1CCCCC1)[C@@H](O)[C@@H](O)CC(C)C
CHEMBL282642,CC(C)C[C@H](O)[C@H](O)[C@H](CC1CCCCC1)NC(=O)[C@H](Cc1cscn1)NC(=O)[C@H]1[C@H](C2CCCCC2)[C@@H]1S(=O)(=O)C(C)C
CHEMBL48624,CCCC[C@H](O[C@@H](Cc1ccccc1)C(=O)N1CCC(OCOC)CC1)C(=O)N[C@@H](CC1CCCCC1)[C@@H](O)C[C@H](C(=O)NCCCN1CCOCC1)C(C)C
CHEMBL30375,CC(C)C[C@H](O)[C@H](O)[C@H](CC1CCCCC1)NC(=O)[C@H](Cc1cscn1)NC(=O)[C@@H]1[C@@H](c2ccccc2)[C@H]1S(C)(=O)=O
CHEMBL30375,CC(C)C[C@H](O)[C@H](O)[C@H](CC1CCCCC1)NC(=O)[C@H](Cc1cscn1)NC(=O)[C@@H]1[C@@H](c2ccccc2)[C@H]1S(C)(=O)=O
CHEMBL103733,CCCC[C@H](O[C@@H](Cc1ccccc1)C(=O)N1CCC(OCOC)CC1)C(=O)N[C@@H](CC1CCCCC1)[C@@H](O)C[C@H](C(=O)NCc1nn[nH]n1)C(C)C
CHEMBL322450,CCCC[C@H](N[C@@H](Cc1ccccc1)C(=O)N1CCC(OCOC)CC1)C(=O)N[C@@H](CC1CCCCC1)[C@@H](O)C[C@H](C(=O)NCC(=O)OCc1ccccc1)C(C)C
CHEMBL3144404,CC(C)C[C@@H](CNCc1ccccc1)NC(=O)C[C@H](O)[C@H](CC(C)C)NC(=O)[C@H](Cc1ccccc1)NC(=O)[C@H](Cc1ccccc1)NC(=O)OC(C)(C)C
CHEMBL3142204,CC(C)S(=O)(=O)C[C@H](O)[C@H](CC1CCCCC1)NC(=O)[C@H](Cc1c[nH]cn1)NC(=O)[C@@H](NC(=O)OC(C)(C)C)[C@@H](C)OCc1ccccc1
CHEMBL291240,CC(C)C[C@H](NC(=O)[C@H](Cc1ccccc1)NC(=O)CC1CS(=O)(=O)c2ccccc21)C(=O)N[C@@H](CC1CCCCC1)[C@@H](O)CC(=O)NCCCC(=O)O
CHEMBL280536,CC(C)C[C@H](O)[C@H](O)[C@H](CC1CCCCC1)NC(=O)[C@H](Cc1cscn1)NC(=O)[C@@H]1[C@@H](C2CCCCC2)[C@H]1S(=O)(=O)C(C)C
CHEMBL280536,CC(C)C[C@H](O)[C@H](O)[C@H](CC1CCCCC1)NC(=O)[C@H](Cc1cscn1)NC(=O)[C@@H]1[C@@H](C2CCCCC2)[C@H]1S(=O)(=O)C(C)C
CHEMBL31019,CC(C)C[C@H](O)[C@H](O)[C@H](CC1CCCCC1)NC(=O)[C@H](Cn1ccnc1)NC(=O)[C@@H]1[C@@H](c2ccccc2)[C@H]1S(=O)(=O)C(C)C
CHEMBL31019,CC(C)C[C@H](O)[C@H](O)[C@H](CC1CCCCC1)NC(=O)[C@H](Cn1ccnc1)NC(=O)[C@@H]1[C@@H](c2ccccc2)[C@H]1S(=O)(=O)C(C)C
CHEMBL29948,CCCC[C@H](NC(=O)[C@@H]1[C@@H](c2ccccc2)[C@H]1S(=O)(=O)C(C)C)C(=O)N[C@@H](CC1CCCCC1)[C@@H](O)[C@@H](O)CC(C)C
CHEMBL29948,CCCC[C@H](NC(=O)[C@@H]1[C@@H](c2ccccc2)[C@H]1S(=O)(=O)C(C)C)C(=O)N[C@@H](CC1CCCCC1)[C@@H](O)[C@@H](O)CC(C)C
CHEMBL323146,CCCC[C@H](O[C@@H](Cc1ccccc1)C(=O)N1CCC(OCOC)CC1)C(=O)N[C@@H](CC1CCCCC1)[C@@H](O)C[C@H](C(=O)NCCC/N=C(/N)S)C(C)C
CHEMBL101572,CCCC[C@H](O[C@@H](Cc1ccccc1)C(=O)N1CCC(OCOC)CC1)C(=O)N[C@@H](CC1CCCCC1)[C@@H](O)C[C@H](C(=O)NCCCCN1CCOCC1)C(C)C
CHEMBL103937,CCCC[C@H](N[C@@H](Cc1ccccc1)C(=O)N1CCC(OCOC)CC1)C(=O)N[C@@H](CC1CCCCC1)[C@@H](O)C[C@H](C(=O)NCCN1CCOCC1)C(C)C
CHEMBL103937,CCCC[C@H](N[C@@H](Cc1ccccc1)C(=O)N1CCC(OCOC)CC1)C(=O)N[C@@H](CC1CCCCC1)[C@@H](O)C[C@H](C(=O)NCCN1CCOCC1)C(C)C
CHEMBL103937,CCCC[C@H](N[C@@H](Cc1ccccc1)C(=O)N1CCC(OCOC)CC1)C(=O)N[C@@H](CC1CCCCC1)[C@@H](O)C[C@H](C(=O)NCCN1CCOCC1)C(C)C
CHEMBL326043,CCCC[C@H](N[C@@H](Cc1ccccc1)C(=O)N1CCC(OCOC)CC1)C(=O)N[C@@H](CC1CCCCC1)[C@@H](O)C[C@H](C(=O)NCC(C)(C)N1CCOCC1)C(C)C
CHEMBL326043,CCCC[C@H](N[C@@H](Cc1ccccc1)C(=O)N1CCC(OCOC)CC1)C(=O)N[C@@H](CC1CCCCC1)[C@@H](O)C[C@H](C(=O)NCC(C)(C)N1CCOCC1)C(C)C
CHEMBL326043,CCCC[C@H](N[C@@H](Cc1ccccc1)C(=O)N1CCC(OCOC)CC1)C(=O)N[C@@H](CC1CCCCC1)[C@@H](O)C[C@H](C(=O)NCC(C)(C)N1CCOCC1)C(C)C
CHEMBL3142223,CC(C)(C)OC(=O)N[C@@H](Cc1ccccc1)C(=O)N[C@@H](Cc1c[nH]cn1)C(=O)N[C@@H](CC1CCCCC1)[C@H](O)CSC1CCCCC1
CHEMBL3142214,CC(C)C[C@H](NC(=O)[C@H](Cc1ccccc1)NC(=O)OC(C)(C)C)C(=O)N[C@@H](CC1CCCCC1)[C@@H](O)CS(=O)(=O)C(C)C
CHEMBL69289,O=C(NC(Cc1c[nH]cn1)C(=O)N[C@@H](CC1CCCCC1)[C@@H](O)CSC1CCCCC1)C(Cc1ccccc1)Cc1ccccc1
CHEMBL103929,CCCC[C@H](O[C@@H](Cc1ccccc1)C(=O)N1CCC(OCOC)CC1)C(=O)N[C@@H](CC1CCCCC1)[C@@H](O)C[C@H](C(=O)NCC(C)(C)N)C(C)C
CHEMBL103905,CCCC[C@H](N[C@@H](Cc1ccccc1)C(=O)N1CCC(OCOC)CC1)C(=O)N[C@@H](CC1CCCCC1)[C@@H](O)C[C@H](C(=O)NCCCNCCO)C(C)C
CHEMBL100605,CCCC[C@H](N[C@@H](Cc1ccccc1)C(=O)N1CCC(OCOC)CC1)C(=O)N[C@@H](CC1CCCCC1)[C@@H](O)C[C@H](C(=O)NCC(C)(C)NCCO)C(C)C
CHEMBL101075,CCCC[C@H](N[C@@H](Cc1ccccc1)C(=O)N1CCC(OCOC)CC1)C(=O)N[C@@H](CC1CCCCC1)[C@@H](O)C[C@H](C(=O)NCCc1ccccn1)C(C)C
CHEMBL101075,CCCC[C@H](N[C@@H](Cc1ccccc1)C(=O)N1CCC(OCOC)CC1)C(=O)N[C@@H](CC1CCCCC1)[C@@H](O)C[C@H](C(=O)NCCc1ccccn1)C(C)C
CHEMBL50412,CC(C)C[C@H](NC(=O)[C@H](Cc1ccccc1)NC(=O)OC(C)(C)C)C(=O)N[C@@H](CC1CCCCC1)[C@@H](O)CCS(=O)(=O)C(C)C
CHEMBL50412,CC(C)C[C@H](NC(=O)[C@H](Cc1ccccc1)NC(=O)OC(C)(C)C)C(=O)N[C@@H](CC1CCCCC1)[C@@H](O)CCS(=O)(=O)C(C)C
CHEMBL3142232,CC(C)(C)OC(=O)N[C@@H](Cc1ccccc1)C(=O)N[C@@H](Cc1c[nH]cn1)C(=O)N[C@@H](CC1CCCCC1)[C@@H](O)CS(=O)(=O)C1CCCCC1
CHEMBL317329,CCCC[C@H](O[C@@H](Cc1ccccc1)C(=O)N1CCC(OCOC)CC1)C(=O)N[C@@H](CC1CCCCC1)[C@@H](O)C[C@H](C(=O)NCCC/N=C(/N)NC#N)C(C)C
CHEMBL100949,CCCC[C@H](O[C@@H](Cc1ccccc1)C(=O)N1CCC(OCOC)CC1)C(=O)N[C@@H](CC1CCCCC1)[C@@H](O)C[C@H](C(=O)NCCCNC(=O)OCc1ccccc1)C(C)C
CHEMBL99813,CCCC[C@H](N[C@@H](Cc1ccccc1)C(=O)N1CCC(OCOC)CC1)C(=O)N[C@@H](CC1CCCCC1)[C@@H](O)C[C@H](C(=O)NCCC(=O)OCc1ccccc1)C(C)C
CHEMBL99903,CCCC[C@H](O[C@@H](Cc1ccccc1)C(=O)N1CCC(OCOC)CC1)C(=O)N[C@@H](CC1CCCCC1)[C@@H](O)C[C@H](C(=O)NCCCN)C(C)C
CHEMBL297628,CC(C)S(=O)(=O)CC[C@H](O)[C@H](CC1CCCCC1)NC(=O)[C@H](Cc1c[nH]cn1)NC(=O)[C@H](Cc1ccccc1)NC(=O)CC(C)(C)C
CHEMBL297628,CC(C)S(=O)(=O)CC[C@H](O)[C@H](CC1CCCCC1)NC(=O)[C@H](Cc1c[nH]cn1)NC(=O)[C@H](Cc1ccccc1)NC(=O)CC(C)(C)C
CHEMBL3142221,COc1ccc(C[C@H](NC(=O)OC(C)(C)C)C(=O)N[C@@H](Cc2c[nH]cn2)C(=O)N[C@@H](CC2CCCCC2)[C@@H](O)CS(=O)(=O)C(C)C)cc1
CHEMBL285955,CC(C)C[C@H](NC(=O)[C@H](Cc1ccccc1)NC(=O)CCN1C(=O)COc2ccncc21)C(=O)N[C@@H](CC1CCCCC1)[C@@H](O)CC(=O)NCCCn1ccnc1
CHEMBL294999,CC(C)S(=O)(=O)CC[C@H](O)[C@H](CC1CCCCC1)NC(=O)[C@H](Cc1ccccc1)NC(=O)[C@H](Cc1ccccc1)NC(=O)OC(C)(C)C
CHEMBL3142212,CC(C)S(=O)(=O)C[C@H](O)[C@H](CC1CCCCC1)NC(=O)[C@H](Cc1c[nH]cn1)NC(=O)[C@H](COCc1ccccc1)NC(=O)OC(C)(C)C
CHEMBL24315,CC(C)C[C@H](NC(=O)[C@H](Cc1ccccc1)NC(=O)CCCN1C(=O)CSc2ccncc21)C(=O)N[C@@H](CC1CCCCC1)[C@@H](O)CC(=O)NCCCn1ccnc1
CHEMBL30754,COCOCCS(=O)(=O)[C@@H]1[C@@H](C(=O)N[C@@H](Cc2cscn2)C(=O)N[C@@H](CC2CCCCC2)[C@@H](O)[C@@H](O)CC(C)C)[C@@H]1c1ccccc1
CHEMBL30754,COCOCCS(=O)(=O)[C@@H]1[C@@H](C(=O)N[C@@H](Cc2cscn2)C(=O)N[C@@H](CC2CCCCC2)[C@@H](O)[C@@H](O)CC(C)C)[C@@H]1c1ccccc1
CHEMBL320662,CCCC[C@H](O[C@@H](Cc1ccccc1)C(=O)N1CCC(OCOC)CC1)C(=O)N[C@@H](CC1CCCCC1)[C@@H](O)C[C@H](C(=O)NCCCCN)C(C)C
CHEMBL3142206,CCOC(=O)N[C@H](C(=O)N[C@@H](Cc1c[nH]cn1)C(=O)N[C@@H](CC1CCCCC1)[C@@H](O)CS(=O)(=O)C(C)C)[C@@H](C)OCc1ccccc1
CHEMBL321782,CCCC[C@H](N[C@@H](Cc1ccccc1)C(=O)N1CCC(OCOC)CC1)C(=O)N[C@@H](CC1CCCCC1)[C@@H](O)C[C@H](C(=O)NCCNCCO)C(C)C
CHEMBL103940,CCCC[C@H](N[C@@H](Cc1ccccc1)C(=O)N1CCC(OCOC)CC1)C(=O)N[C@@H](CC1CCCCC1)[C@@H](O)C[C@H](C(=O)NCCC1CCCCC1)C(C)C
CHEMBL49172,CCCC[C@H](N[C@@H](Cc1ccccc1)C(=O)N1CCC(OCOC)CC1)C(=O)N[C@@H](CC1CCCCC1)[C@@H](O)C[C@H](C(=O)NCCCn1ccnc1)C(C)C
CHEMBL49172,CCCC[C@H](N[C@@H](Cc1ccccc1)C(=O)N1CCC(OCOC)CC1)C(=O)N[C@@H](CC1CCCCC1)[C@@H](O)C[C@H](C(=O)NCCCn1ccnc1)C(C)C
CHEMBL322823,CC(C)CC(=O)N[C@@H](C(=O)N[C@@H](C(=O)NC(CC(C)C)[C@@H](O)CC(=O)N[C@H](C)C(=O)NC(CC(C)C)[C@@H](O)CO)C(C)C)C(C)C
CHEMBL2028988,CC[C@H](C)[C@H](NC(=O)[C@@H](NC(O)[C@H](CC(C)C)NC(=O)[C@H](Cc1c[nH]cn1)NC(=O)[C@H](Cc1ccccc1)NC(=O)[C@@H]1CCCN1C(=O)[C@H](Cc1c[nH]cn1)NC(=O)OC(C)(C)C)C(C)C)C(=O)N[C@@H](Cc1c[nH]cn1)C(=O)O
CHEMBL3142216,CC(C)S(=O)(=O)C[C@H](O)[C@H](CC1CCCCC1)NC(=O)[C@H](CCO)NC(=O)[C@H](Cc1ccccc1)NC(=O)OC(C)(C)C
CHEMBL3142228,CC(=O)NCCCC[C@H](NC(=O)[C@H](Cc1ccccc1)NC(=O)OC(C)(C)C)C(=O)N[C@@H](CC1CCCCC1)[C@@H](O)CS(=O)(=O)C(C)C
CHEMBL436543,CC(C)C[C@H](NC(=O)[C@H](Cc1ccccc1)NC(=O)CN1C(=O)CSc2ccncc21)C(=O)N[C@@H](CC1CCCCC1)[C@@H](O)CC(=O)NCCCn1ccnc1
CHEMBL431498,CC(C)C[C@H](O)[C@H](O)[C@H](CC1CCCCC1)NC(=O)[C@H](Cc1cscn1)NC(=O)[C@H]1[C@H](c2ccccc2)[C@@H]1S(C)(=O)=O
CHEMBL322463,CCCC[C@H](O[C@@H](Cc1ccccc1)C(=O)N1CCC(OCOC)CC1)C(=O)N[C@@H](CC1CCCCC1)[C@@H](O)C[C@H](C(=O)NCCC/N=C(/NC)NC#N)C(C)C
CHEMBL101873,CCCC[C@H](O[C@@H](Cc1ccccc1)C(=O)N1CCC(OCOC)CC1)C(=O)N[C@@H](CC1CCCCC1)[C@@H](O)C[C@H](C(=O)NCC/N=C(/N)NC#N)C(C)C
CHEMBL103160,CCCC[C@H](N[C@@H](Cc1ccccc1)C(=O)N1CCC(OCOC)CC1)C(=O)N[C@@H](CC1CCCCC1)[C@@H](O)C[C@H](C(=O)NCCN1CCCCC1)C(C)C
CHEMBL319832,CCCC[C@H](N[C@@H](Cc1ccccc1)C(=O)N1CCC(OCOC)CC1)C(=O)N[C@@H](CC1CCCCC1)[C@@H](O)C[C@H](C(=O)NCC(C)(C)N)C(C)C
CHEMBL67058,CC(C)S(=O)(=O)C[C@H](O)[C@H](CC1CCCCC1)NC(=O)C(Cc1c[nH]cn1)NC(=O)[C@@H](Cc1ccccc1)NC(=O)OC(C)(C)C
CHEMBL330140,CCCC[C@H](O[C@@H](Cc1ccccc1)C(=O)N1CCC(OCOC)CC1)C(=O)N[C@@H](CC1CCCCC1)[C@@H](O)C[C@H](C(=O)NCCNC(C)=O)C(C)C
CHEMBL3142234,CSC[C@H](O)[C@H](CC1CCCCC1)NC(=O)[C@H](Cc1c[nH]cn1)NC(=O)[C@H](Cc1ccccc1)NC(=O)OC(C)(C)C
CHEMBL3142213,CC(C)S(=O)(=O)C[C@H](O)[C@H](CC1CCCCC1)NC(=O)[C@H](Cc1ccccc1)NC(=O)[C@H](Cc1ccccc1)NC(=O)OC(C)(C)C
CHEMBL264848,CC(C)C[C@H](O)[C@H](O)[C@H](CC1CCCCC1)NC(=O)[C@H](Cc1cscn1)NC(=O)[C@H]1[C@H](CC(=O)N2CCOCC2)[C@@H]1c1ccccc1
CHEMBL264848,CC(C)C[C@H](O)[C@H](O)[C@H](CC1CCCCC1)NC(=O)[C@H](Cc1cscn1)NC(=O)[C@H]1[C@H](CC(=O)N2CCOCC2)[C@@H]1c1ccccc1
CHEMBL100800,CCCC[C@H](N[C@@H](Cc1ccccc1)C(=O)N1CCC(OCOC)CC1)C(=O)N[C@@H](CC1CCCCC1)[C@@H](O)C[C@H](C(=O)NCCC(=O)O)C(C)C
CHEMBL103938,CCCC[C@H](N[C@@H](Cc1ccccc1)C(=O)N1CCC(OCOC)CC1)C(=O)N[C@@H](CC1CCCCC1)[C@@H](O)C[C@H](C(=O)NCCN1CCCC1)C(C)C
CHEMBL100647,CCCC[C@H](O[C@@H](Cc1ccccc1)C(=O)N1CCC(OCOC)CC1)C(=O)N[C@@H](CC1CCCCC1)[C@@H](O)C[C@H](C(=O)NCCC(=O)O)C(C)C
CHEMBL424543,CC(C)C[C@H](NC(=O)CC(O)[C@H](CC(C)C)NC(=O)[C@H](Cc1ccccc1)NC(=O)[C@H](Cc1ccccc1)NC(=O)OC(C)(C)C)C(=O)NCc1ccccc1
CHEMBL424543,CC(C)C[C@H](NC(=O)CC(O)[C@H](CC(C)C)NC(=O)[C@H](Cc1ccccc1)NC(=O)[C@H](Cc1ccccc1)NC(=O)OC(C)(C)C)C(=O)NCc1ccccc1
CHEMBL45727,COc1ccc(C[C@H](NC(=O)OC(C)(C)C)C(=O)N[C@@H](Cc2c[nH]cn2)C(=O)N[C@@H](CC2CCCCC2)[C@@H](O)CCS(=O)(=O)C(C)C)cc1
CHEMBL45727,COc1ccc(C[C@H](NC(=O)OC(C)(C)C)C(=O)N[C@@H](Cc2c[nH]cn2)C(=O)N[C@@H](CC2CCCCC2)[C@@H](O)CCS(=O)(=O)C(C)C)cc1
CHEMBL3142217,CC(C)S(=O)(=O)C[C@H](O)[C@H](CC1CCCCC1)NC(=O)[C@H](CCCNC(=O)OCc1ccccc1)NC(=O)[C@H](Cc1ccccc1)NC(=O)OC(C)(C)C
CHEMBL281487,C=CS(=O)(=O)[C@@H]1[C@@H](C(=O)N[C@@H](Cc2cscn2)C(=O)N[C@@H](CC2CCCCC2)[C@@H](O)[C@@H](O)CC(C)C)[C@@H]1c1ccccc1
CHEMBL281487,C=CS(=O)(=O)[C@@H]1[C@@H](C(=O)N[C@@H](Cc2cscn2)C(=O)N[C@@H](CC2CCCCC2)[C@@H](O)[C@@H](O)CC(C)C)[C@@H]1c1ccccc1
CHEMBL91246,CCCC[C@H](N[C@@H](Cc1ccccc1)C(=O)N1CCC(OCOC)CC1)C(=O)N[C@@H](CC1CCCCC1)[C@@H](O)C[C@H](C(=O)NCC(=O)O)C(C)C
CHEMBL26510,CC(C)C[C@H](NC(=O)[C@H](Cc1ccccc1)NC(=O)CCN1C(=O)CSc2ccncc21)C(=O)N[C@@H](CC1CCCCC1)[C@@H](O)CC(=O)NCCCn1ccnc1
CHEMBL99651,CCCC[C@H](O[C@@H](Cc1ccccc1)C(=O)N1CCC(OCOC)CC1)C(=O)N[C@@H](CC1CCCCC1)[C@@H](O)C[C@H](C(=O)NCCN)C(C)C
CHEMBL100946,CCCC[C@H](O[C@@H](Cc1ccccc1)C(=O)N1CCC(OCOC)CC1)C(=O)N[C@@H](CC1CCCCC1)[C@@H](O)C[C@H](C(=O)NCCCNCCO)C(C)C
CHEMBL3142215,CC(C)C(=O)N[C@H](C(=O)N[C@@H](Cc1c[nH]cn1)C(=O)N[C@@H](CC1CCCCC1)[C@@H](O)CS(=O)(=O)C(C)C)[C@@H](C)OCc1ccccc1
CHEMBL320665,CCCC[C@H](N[C@@H](Cc1ccccc1)C(=O)N1CCC(OCOC)CC1)C(=O)N[C@@H](CC1CCCCC1)[C@@H](O)C[C@H](C(=O)NCc1ccncc1)C(C)C
CHEMBL320665,CCCC[C@H](N[C@@H](Cc1ccccc1)C(=O)N1CCC(OCOC)CC1)C(=O)N[C@@H](CC1CCCCC1)[C@@H](O)C[C@H](C(=O)NCc1ccncc1)C(C)C
CHEMBL3142219,CC(C)CSC[C@H](O)[C@H](CC1CCCCC1)NC(=O)[C@H](Cc1c[nH]cn1)NC(=O)[C@H](Cc1ccccc1)NC(=O)OC(C)(C)C
CHEMBL3142231,CC(C)S(=O)(=O)C[C@H](O)[C@H](CC1CCCCC1)NC(=O)[C@H](Cc1c[nH]cn1)NC(=O)[C@H](Cc1ccccc1)NC(=O)OC(C)(C)C
CHEMBL3143950,CC(C)S(=O)(=O)C[C@H](O)[C@H](CC1CCCCC1)NC(=O)[C@H](Cc1c[nH]cn1)NC(=O)[C@H](Cc1ccccc1)NC(=O)CC(C)(C)C.Cl
CHEMBL231043,CC(C)CCNC(=O)C[C@H](O)[C@H](CC1CCCCC1)NC(=O)[C@H](CC(C)C)NC(=O)[C@H](Cc1ccccc1)NC(=O)CC1CS(=O)(=O)c2ccccc21
CHEMBL261918,CCCC[C@H](O[C@@H](Cc1ccccc1)C(=O)N1CCC(OCOC)CC1)C(=O)N[C@@H](CC1CCCCC1)[C@@H](O)C[C@H](C(=O)NCCCNC(C)=O)C(C)C
CHEMBL318340,CCCC[C@H](N[C@@H](Cc1ccccc1)C(=O)N1CCC(OCOC)CC1)C(=O)N[C@@H](CC1CCCCC1)[C@@H](O)C[C@H](C(=O)NCCN)C(C)C
CHEMBL3144405,CC(C)C[C@H](NC(=O)C[C@H](O)[C@H](CC(C)C)NC(=O)[C@H](Cc1c[nH]cn1)NC(=O)[C@H](Cc1ccccc1)NC(=O)OC(C)(C)C)C(=O)NC1CCN(Cc2ccccc2)CC1
CHEMBL3144405,CC(C)C[C@H](NC(=O)C[C@H](O)[C@H](CC(C)C)NC(=O)[C@H](Cc1c[nH]cn1)NC(=O)[C@H](Cc1ccccc1)NC(=O)OC(C)(C)C)C(=O)NC1CCN(Cc2ccccc2)CC1
CHEMBL3144405,CC(C)C[C@H](NC(=O)C[C@H](O)[C@H](CC(C)C)NC(=O)[C@H](Cc1c[nH]cn1)NC(=O)[C@H](Cc1ccccc1)NC(=O)OC(C)(C)C)C(=O)NC1CCN(Cc2ccccc2)CC1
CHEMBL329981,CCCC[C@H](O[C@@H](Cc1ccccc1)C(=O)N1CCC(OCOC)CC1)C(=O)N[C@@H](CC1CCCCC1)[C@@H](O)C[C@H](C(=O)NCCNC(=O)OCc1ccccc1)C(C)C
CHEMBL319899,CCCC[C@H](N[C@@H](Cc1ccccc1)C(=O)N1CCC(OCOC)CC1)C(=O)N[C@@H](CC1CCCCC1)[C@@H](O)C[C@H](C(=O)NCC[N+]1([O-])CCOCC1)C(C)C
CHEMBL300724,CCS(=O)(=O)CC[C@H](O)[C@H](CC1CCCCC1)NC(=O)[C@H](Cc1c[nH]cn1)NC(=O)[C@H](Cc1ccccc1)NC(=O)OC(C)(C)C
CHEMBL300724,CCS(=O)(=O)CC[C@H](O)[C@H](CC1CCCCC1)NC(=O)[C@H](Cc1c[nH]cn1)NC(=O)[C@H](Cc1ccccc1)NC(=O)OC(C)(C)C
CHEMBL101074,CCCC[C@H](O[C@@H](Cc1ccccc1)C(=O)N1CCC(OCOC)CC1)C(=O)N[C@@H](CC1CCCCC1)[C@@H](O)C[C@H](C(=O)NCCC(=O)OCC)C(C)C
CHEMBL3142230,CC(C)S(=O)(=O)C[C@H](O)[C@H](CC1CCCCC1)NC(=O)[C@@H](NC(=O)[C@H](Cc1ccccc1)NC(=O)OC(C)(C)C)[C@@H](C)O
CHEMBL24571,CC(C)C[C@H](NC(=O)[C@H](Cc1ccccc1)NC(=O)CC1CS(=O)(=O)c2ccccc21)C(=O)N[C@@H](CC1CCCCC1)[C@@H](O)CC(=O)NCCCc1cccnc1
CHEMBL285970,CC(C)C[C@H](NC(=O)[C@H](Cc1ccccc1)NC(=O)CC1CS(=O)(=O)c2ccccc21)C(=O)N[C@@H](CC1CCCCC1)[C@@H](O)CC(=O)NCCCN(C)C
CHEMBL284569,CC(C)C[C@H](NC(=O)[C@H](Cc1ccccc1)NC(=O)CCN1C(=O)CSc2cnccc21)C(=O)N[C@@H](CC1CCCCC1)[C@@H](O)CC(=O)NCCCn1ccnc1
CHEMBL30869,C=CS(=O)(=O)[C@H]1[C@H](C(=O)N[C@@H](Cc2cscn2)C(=O)N[C@@H](CC2CCCCC2)[C@@H](O)[C@@H](O)CC(C)C)[C@H]1c1ccccc1
CHEMBL30869,C=CS(=O)(=O)[C@H]1[C@H](C(=O)N[C@@H](Cc2cscn2)C(=O)N[C@@H](CC2CCCCC2)[C@@H](O)[C@@H](O)CC(C)C)[C@H]1c1ccccc1
CHEMBL30495,CC(C)C[C@H](O)[C@H](O)[C@H](CC1CCCCC1)NC(=O)[C@H](Cn1ccnc1)NC(=O)[C@H]1[C@H](c2ccccc2)[C@@H]1S(=O)(=O)C(C)C
CHEMBL30495,CC(C)C[C@H](O)[C@H](O)[C@H](CC1CCCCC1)NC(=O)[C@H](Cn1ccnc1)NC(=O)[C@H]1[C@H](c2ccccc2)[C@@H]1S(=O)(=O)C(C)C
CHEMBL279780,CC(C)C[C@H](O)[C@H](O)[C@H](CC1CCCCC1)NC(=O)[C@H](Cc1cscn1)NC(=O)[C@H](Cc1ccccc1)CS(=O)(=O)C(C)(C)C
CHEMBL103734,CCCC[C@H](O[C@@H](Cc1ccccc1)C(=O)N1CCC(OCOC)CC1)C(=O)N[C@@H](CC1CCCCC1)[C@@H](O)C[C@H](C(=O)NCC/N=C(/N)S)C(C)C
CHEMBL3142205,CC(C)S(=O)(=O)C[C@H](O)[C@H](CC1CCCCC1)NC(=O)[C@H](CO)NC(=O)[C@H](Cc1ccccc1)NC(=O)OC(C)(C)C
CHEMBL309127,CC(C)(C)OC(=O)N[C@@H](Cc1ccccc1)C(=O)N[C@@H](Cc1c[nH]cn1)C(=O)N[C@@H](CC1CCCCC1)[C@@H](O)CSC1CCCCC1
CHEMBL357302,CC(C)SC[C@H](O)[C@H](CC1CCCCC1)NC(=O)[C@H](Cc1c[nH]cn1)NC(=O)[C@H](Cc1ccccc1)NC(=O)OC(C)(C)C
CHEMBL3142222,CC(C)S(=O)(=O)C[C@H](O)[C@H](CC1CCCCC1)NC(=O)[C@H](C)NC(=O)[C@H](Cc1ccccc1)NC(=O)OC(C)(C)C
CHEMBL319424,CCCC[C@H](N[C@@H](Cc1ccccc1)C(=O)N1CCC(OCOC)CC1)C(=O)N[C@@H](CC1CCCCC1)[C@@H](O)C[C@H](C(=O)NCCNC(=O)OCc1ccccc1)C(C)C
CHEMBL69171,O=C(NC(Cc1c[nH]cn1)C(=O)N[C@@H](CC1CCCCC1)[C@@H](O)CS(=O)(=O)C1CCCCC1)C(Cc1ccccc1)Cc1ccccc1
CHEMBL284321,CC(C)C[C@H](NC(=O)[C@H](Cc1ccccc1)NC(=O)CC1CS(=O)(=O)c2ccccc21)C(=O)N[C@@H](CC1CCCCC1)[C@@H](O)CC(=O)NCCCCn1ccnc1
CHEMBL280977,CC(C)C[C@H](O)[C@H](O)[C@H](CC1CCCCC1)NC(=O)[C@H](Cc1cscn1)NC(=O)[C@H]1[C@H](c2ccccc2)[C@@H]1S(=O)(=O)C(C)C
CHEMBL280977,CC(C)C[C@H](O)[C@H](O)[C@H](CC1CCCCC1)NC(=O)[C@H](Cc1cscn1)NC(=O)[C@H]1[C@H](c2ccccc2)[C@@H]1S(=O)(=O)C(C)C
CHEMBL317283,CCCC[C@H](O[C@@H](Cc1ccccc1)C(=O)N1CCC(OCOC)CC1)C(=O)N[C@@H](CC1CCCCC1)[C@@H](O)C[C@H](C(=O)NCC/N=C(\NC#N)SC)C(C)C
CHEMBL103463,CCCC[C@H](N[C@@H](Cc1ccccc1)C(=O)N1CCC(OCOC)CC1)C(=O)N[C@@H](CC1CCCCC1)[C@@H](O)C[C@H](C(=O)NCc1cccnc1)C(C)C
CHEMBL103463,CCCC[C@H](N[C@@H](Cc1ccccc1)C(=O)N1CCC(OCOC)CC1)C(=O)N[C@@H](CC1CCCCC1)[C@@H](O)C[C@H](C(=O)NCc1cccnc1)C(C)C
CHEMBL433400,CCCC[C@H](N[C@@H](Cc1ccccc1)C(=O)N1CCC(OCOC)CC1)C(=O)N[C@@H](CC1CCCCC1)[C@@H](O)C[C@H](C(=O)NCCNc1noc(N)n1)C(C)C
CHEMBL281985,CC(C)C[C@H](O)[C@H](O)[C@H](CC1CCCCC1)NC(=O)[C@H](Cc1cscn1)NC(=O)[C@@H]1[C@@H](c2ccccc2)[C@H]1S(=O)(=O)c1ccccc1
CHEMBL281985,CC(C)C[C@H](O)[C@H](O)[C@H](CC1CCCCC1)NC(=O)[C@H](Cc1cscn1)NC(=O)[C@@H]1[C@@H](c2ccccc2)[C@H]1S(=O)(=O)c1ccccc1
CHEMBL321053,CCCC[C@H](O[C@@H](Cc1ccccc1)C(=O)N1CCC(OCOC)CC1)C(=O)N[C@@H](CC1CCCCC1)[C@@H](O)C[C@H](C(=O)NCC(C)(C)N1CCOCC1)C(C)C
CHEMBL101181,CCCC[C@H](N[C@@H](Cc1ccccc1)C(=O)N1CCC(OCOC)CC1)C(=O)N[C@@H](CC1CCCCC1)[C@@H](O)C[C@H](C(=O)NCCC[N+]1([O-])CCOCC1)C(C)C
CHEMBL101181,CCCC[C@H](N[C@@H](Cc1ccccc1)C(=O)N1CCC(OCOC)CC1)C(=O)N[C@@H](CC1CCCCC1)[C@@H](O)C[C@H](C(=O)NCCC[N+]1([O-])CCOCC1)C(C)C
CHEMBL3144406,CC(C)C[C@H](NC(=O)C[C@H](O)[C@H](CC(C)C)NC(=O)[C@H](Cc1c[nH]cn1)NC(=O)[C@H](Cc1ccccc1)NC(=O)OC(C)(C)C)C(=O)NCc1cccc(CN=C(N)N)c1.O=[N+]([O-])O
CHEMBL3144406,CC(C)C[C@H](NC(=O)C[C@H](O)[C@H](CC(C)C)NC(=O)[C@H](Cc1c[nH]cn1)NC(=O)[C@H](Cc1ccccc1)NC(=O)OC(C)(C)C)C(=O)NCc1cccc(CN=C(N)N)c1.O=[N+]([O-])O
CHEMBL3144406,CC(C)C[C@H](NC(=O)C[C@H](O)[C@H](CC(C)C)NC(=O)[C@H](Cc1c[nH]cn1)NC(=O)[C@H](Cc1ccccc1)NC(=O)OC(C)(C)C)C(=O)NCc1cccc(CN=C(N)N)c1.O=[N+]([O-])O
CHEMBL290732,CC(C)C[C@H](NC(=O)[C@H](Cc1ccccc1)NC(=O)CC1CS(=O)(=O)c2ccccc21)C(=O)N[C@@H](CC1CCCCC1)[C@@H](O)CC(=O)NCCN1CCOCC1
CHEMBL320630,CCCC[C@H](O[C@@H](Cc1ccccc1)C(=O)N1CCC(OCOC)CC1)C(=O)N[C@@H](CC1CCCCC1)[C@@H](O)C[C@H](C(=O)NCCNC(N)=O)C(C)C
CHEMBL30968,CO[C@@H](CC(C)C)[C@H](O)[C@H](CC1CCCCC1)NC(=O)[C@H](Cc1cscn1)NC(=O)C(Cc1ccccc1)CS(=O)(=O)c1ccccc1
CHEMBL30968,CO[C@@H](CC(C)C)[C@H](O)[C@H](CC1CCCCC1)NC(=O)[C@H](Cc1cscn1)NC(=O)C(Cc1ccccc1)CS(=O)(=O)c1ccccc1
CHEMBL3142218,CC(C)S(=O)(=O)C[C@H](O)[C@H](CC1CCCCC1)NC(=O)[C@H](CCCCNC(=O)OCc1ccccc1)NC(=O)[C@H](Cc1ccccc1)NC(=O)OC(C)(C)C
CHEMBL286886,CC(C)C[C@H](NC(=O)[C@H](Cc1ccccc1)NC(=O)CC1CS(=O)(=O)c2ccccc21)C(=O)N[C@@H](CC1CCCCC1)[C@@H](O)CC(=O)NCCCn1ccnc1
CHEMBL286245,CC(C)C[C@H](NC(=O)[C@H]1[C@H](c2ccccc2)[C@@H]1S(=O)(=O)C(C)C)C(=O)N[C@@H](CC1CCCCC1)[C@@H](O)[C@@H](O)CC(C)C
CHEMBL173204,CN1CCCCC([C@@H](O)[C@H](CC2CCCCC2)NC(=O)[C@H](Cc2c[nH]cn2)NC(=O)[C@H](Cc2ccccc2)NC(=O)OC(C)(C)C)C1=O
CHEMBL355458,CC[C@H]1C[C@@H]([C@H](O)[C@H](CC2CCCCC2)NC(=O)[C@H](Cc2c[nH]cn2)NC(=O)[C@H](Cc2ccccc2)NC(=O)OC(C)(C)C)C(=O)N1C
CHEMBL355458,CC[C@H]1C[C@@H]([C@H](O)[C@H](CC2CCCCC2)NC(=O)[C@H](Cc2c[nH]cn2)NC(=O)[C@H](Cc2ccccc2)NC(=O)OC(C)(C)C)C(=O)N1C
CHEMBL434110,CN1CCCC([C@@H](O)[C@H](CC2CCCCC2)NC(=O)[C@H](Cc2c[nH]cn2)NC(=O)[C@H](Cc2ccccc2)NC(=O)OC(C)(C)C)C1=O
CHEMBL353944,CCCCN1C(=O)[C@H]([C@H](O)[C@H](CC2CCCCC2)NC(=O)[C@H](Cc2c[nH]cn2)NC(=O)[C@H](Cc2ccccc2)NC(=O)OC(C)(C)C)CC1(C)C
CHEMBL353944,CCCCN1C(=O)[C@H]([C@H](O)[C@H](CC2CCCCC2)NC(=O)[C@H](Cc2c[nH]cn2)NC(=O)[C@H](Cc2ccccc2)NC(=O)OC(C)(C)C)CC1(C)C
CHEMBL170289,CC(=O)OC[C@@H]1C[C@@H]([C@H](O)[C@H](CC2CCCCC2)NC(=O)[C@H](Cc2c[nH]cn2)NC(=O)[C@H](Cc2ccccc2)NC(=O)OC(C)(C)C)C(=O)N1C
CHEMBL170289,CC(=O)OC[C@@H]1C[C@@H]([C@H](O)[C@H](CC2CCCCC2)NC(=O)[C@H](Cc2c[nH]cn2)NC(=O)[C@H](Cc2ccccc2)NC(=O)OC(C)(C)C)C(=O)N1C
CHEMBL435274,CC(C)(C)OC(=O)N[C@@H](Cc1ccccc1)C(=O)N[C@@H](Cc1c[nH]cn1)C(=O)N[C@@H](CC1CCCCC1)[C@@H](O)[C@@H]1CCN(CCOCc2ccccc2)C1=O
CHEMBL169870,C=C[C@H]1C[C@@H]([C@H](O)[C@H](CC2CCCCC2)NC(=O)[C@H](Cc2c[nH]cn2)NC(=O)[C@H](Cc2ccccc2)NC(=O)OC(C)(C)C)C(=O)N1C
CHEMBL169870,C=C[C@H]1C[C@@H]([C@H](O)[C@H](CC2CCCCC2)NC(=O)[C@H](Cc2c[nH]cn2)NC(=O)[C@H](Cc2ccccc2)NC(=O)OC(C)(C)C)C(=O)N1C
CHEMBL352839,CC(C)(C)OC(=O)N[C@@H](Cc1ccccc1)C(=O)N[C@@H](Cc1c[nH]cn1)C(=O)N[C@@H](CC1CCCCC1)[C@@H](O)[C@@H]1CCN(CCO)C1=O
CHEMBL355128,CN1CC[C@@H]([C@H](O)[C@H](CC2CCCCC2)NC(=O)[C@H](Cc2c[nH]cn2)NC(=O)[C@H](Cc2ccccc2)NC(=O)OC(C)(C)C)C1=O
CHEMBL355128,CN1CC[C@@H]([C@H](O)[C@H](CC2CCCCC2)NC(=O)[C@H](Cc2c[nH]cn2)NC(=O)[C@H](Cc2ccccc2)NC(=O)OC(C)(C)C)C1=O
CHEMBL341975,CCN1C[C@@H]([C@H](O)[C@H](CC2CCCCC2)NC(=O)[C@H](Cc2cccs2)NC(=O)[C@@H](CC(=O)N2CCOCC2)Cc2ccccc2)OC1=O
CHEMBL341975,CCN1C[C@@H]([C@H](O)[C@H](CC2CCCCC2)NC(=O)[C@H](Cc2cccs2)NC(=O)[C@@H](CC(=O)N2CCOCC2)Cc2ccccc2)OC1=O
CHEMBL170504,CN1C(=O)[C@H]([C@H](O)[C@H](CC2CCCCC2)NC(=O)[C@H](Cc2c[nH]cn2)NC(=O)[C@H](Cc2ccccc2)NC(=O)OC(C)(C)C)CC1(C)C
CHEMBL170504,CN1C(=O)[C@H]([C@H](O)[C@H](CC2CCCCC2)NC(=O)[C@H](Cc2c[nH]cn2)NC(=O)[C@H](Cc2ccccc2)NC(=O)OC(C)(C)C)CC1(C)C
CHEMBL171185,CC(C)(C)OC(=O)N[C@@H](Cc1ccccc1)C(=O)N[C@@H](Cc1c[nH]cn1)C(=O)N[C@@H](CC1CCCCC1)[C@@H](O)[C@@H]1CCN(CCCNCc2ccccc2)C1=O
CHEMBL354505,C=C[C@@H]1C[C@@H]([C@H](O)[C@H](CC2CCCCC2)NC(=O)[C@H](Cc2c[nH]cn2)NC(=O)[C@H](Cc2ccccc2)NC(=O)OC(C)(C)C)C(=O)N1C
CHEMBL354505,C=C[C@@H]1C[C@@H]([C@H](O)[C@H](CC2CCCCC2)NC(=O)[C@H](Cc2c[nH]cn2)NC(=O)[C@H](Cc2ccccc2)NC(=O)OC(C)(C)C)C(=O)N1C
CHEMBL430933,CC(C)C[C@H](O)[C@H](O)[C@H](CC1CCCCC1)NC(=O)[C@H](Cc1c[nH]cn1)NC(=O)[C@H](Cc1ccccc1)NC(=O)OC(C)(C)C
CHEMBL171236,COC[C@@H]1C[C@@H]([C@H](O)[C@H](CC2CCCCC2)NC(=O)[C@H](Cc2c[nH]cn2)NC(=O)[C@H](Cc2ccccc2)NC(=O)OC(C)(C)C)C(=O)N1C
CHEMBL171236,COC[C@@H]1C[C@@H]([C@H](O)[C@H](CC2CCCCC2)NC(=O)[C@H](Cc2c[nH]cn2)NC(=O)[C@H](Cc2ccccc2)NC(=O)OC(C)(C)C)C(=O)N1C
CHEMBL354056,CC(C)(C)OC(=O)N[C@@H](Cc1ccccc1)C(=O)N[C@@H](Cc1c[nH]cn1)C(=O)N[C@@H](CC1CCCCC1)[C@@H](O)[C@@H]1CCN(CCCN(Cc2ccccc2)C(=O)OCc2ccccc2)C1=O
CHEMBL344272,CCN1C[C@@H]([C@H](O)[C@H](CC2CCCCC2)NC(=O)[C@H](Cc2cscn2)NC(=O)[C@@H](CC(=O)N2CCOCC2)Cc2ccccc2)OC1=O
CHEMBL344272,CCN1C[C@@H]([C@H](O)[C@H](CC2CCCCC2)NC(=O)[C@H](Cc2cscn2)NC(=O)[C@@H](CC(=O)N2CCOCC2)Cc2ccccc2)OC1=O
CHEMBL170287,CC[C@@H]1C[C@@H]([C@H](O)[C@H](CC2CCCCC2)NC(=O)[C@H](Cc2c[nH]cn2)NC(=O)[C@H](Cc2ccccc2)NC(=O)OC(C)(C)C)C(=O)N1C
CHEMBL170287,CC[C@@H]1C[C@@H]([C@H](O)[C@H](CC2CCCCC2)NC(=O)[C@H](Cc2c[nH]cn2)NC(=O)[C@H](Cc2ccccc2)NC(=O)OC(C)(C)C)C(=O)N1C
CHEMBL171319,CC[C@H](C)CNC(=O)[C@@H](C[C@H](O)[C@H](CC1CCCCC1)NC(=O)[C@H](Cc1c[nH]cn1)NC(=O)[C@H](Cc1ccccc1)NC(=O)OC(C)(C)C)C(C)C
CHEMBL342864,CCN1C[C@@H]([C@H](O)[C@H](CC2CCCCC2)NC(=O)[C@H](Cc2cc[nH]n2)NC(=O)[C@@H](CC(=O)N2CCOCC2)Cc2ccccc2)OC1=O
CHEMBL342864,CCN1C[C@@H]([C@H](O)[C@H](CC2CCCCC2)NC(=O)[C@H](Cc2cc[nH]n2)NC(=O)[C@@H](CC(=O)N2CCOCC2)Cc2ccccc2)OC1=O
CHEMBL170772,CC(C)(C)OC(=O)N[C@@H](Cc1ccccc1)C(=O)N[C@@H](Cc1c[nH]cn1)C(=O)N[C@@H](CC1CCCCC1)[C@@H](O)[C@@H]1CCN(C2CCCCC2)C1=O
CHEMBL405692,CN1C(=O)[C@H]([C@H](O)[C@H](CC2CCCCC2)NC(=O)[C@H](Cc2c[nH]cn2)NC(=O)[C@H](Cc2ccccc2)NC(=O)OC(C)(C)C)C[C@H]1CO
CHEMBL405692,CN1C(=O)[C@H]([C@H](O)[C@H](CC2CCCCC2)NC(=O)[C@H](Cc2c[nH]cn2)NC(=O)[C@H](Cc2ccccc2)NC(=O)OC(C)(C)C)C[C@H]1CO
CHEMBL355726,CN(C)C(=O)C[C@H](O)[C@H](CC1CCCCC1)NC(=O)[C@H](Cc1c[nH]cn1)NC(=O)[C@H](Cc1ccccc1)NC(=O)OC(C)(C)C
CHEMBL345043,CCN1C[C@@H]([C@H](O)[C@H](CC2CCCCC2)NC(=O)[C@H](Cc2c[nH]cn2)NC(=O)[C@@H](CC(=O)N2CCOCC2)Cc2ccccc2)OC1=O
CHEMBL345043,CCN1C[C@@H]([C@H](O)[C@H](CC2CCCCC2)NC(=O)[C@H](Cc2c[nH]cn2)NC(=O)[C@@H](CC(=O)N2CCOCC2)Cc2ccccc2)OC1=O
CHEMBL262306,CCN1C[C@@H]([C@H](O)[C@H](CC2CCCCC2)NC(=O)[C@H](Cc2cn(C)cn2)NC(=O)[C@@H](CC(=O)N2CCOCC2)Cc2ccccc2)OC1=O
CHEMBL262306,CCN1C[C@@H]([C@H](O)[C@H](CC2CCCCC2)NC(=O)[C@H](Cc2cn(C)cn2)NC(=O)[C@@H](CC(=O)N2CCOCC2)Cc2ccccc2)OC1=O
CHEMBL1169539,CN1CCC([C@@H](O)[C@H](CC2CCCCC2)NC(=O)[C@H](Cc2c[nH]cn2)NC(=O)[C@H](Cc2ccccc2)NC(=O)OC(C)(C)C)C1=O
CHEMBL3142779,COC(=O)C[C@H](O)[C@H](CC(C)C)NC(=O)[C@H](C)NC(=O)C[C@H](O)[C@H](CC(C)C)NC(=O)[C@H](Cc1c[nH]cn1)NC(=O)[C@H](Cc1ccccc1)NS(=O)(=O)CCNC(=O)OCc1ccccc1
CHEMBL3142773,COC(=O)C[C@H](O)[C@H](CC(C)C)NC(=O)[C@H](C)NC(=O)C[C@H](O)[C@H](CC(C)C)NC(=O)[C@H](Cc1ccccc1)NC(=O)[C@H](Cc1ccccc1)NC(C)=O
CHEMBL344155,COP(=O)(OC)[C@H](O)[C@H](CC1CCCCC1)NC(=O)[C@H](CC(C)C)NC(=O)[C@H](Cc1ccccc1)NC(=O)OC(C)(C)C
CHEMBL297928,CC(C)C[C@H](O)[C@H](O)[C@H](CC1CCCCC1)NC(=O)[C@H](Cc1cscn1)NC(=O)[C@@H]1[C@@H](Cc2ccccc2)[C@H]1C(=O)N1CCOCC1
CHEMBL296702,CC(C)C[C@H](O)[C@H](O)[C@H](CC1CCCCC1)NC(=O)[C@H](Cc1cscn1)NC(=O)[C@@H]1[C@H](Cc2ccccc2)[C@H]1C(=O)N1CCOCC1
CHEMBL430077,CC(C)C[C@H](NC(=O)[C@H](Cc1ccccc1)NC(=O)OC(C)(C)C)C(=O)N[C@@H](CC1CCCCC1)C(=O)C(F)(F)F
CHEMBL45604,CC(C)C[C@H](O)[C@H](O)[C@H](CC1CCCCC1)NC(=O)[C@H](Cc1cscn1)NC(=O)[C@@H]1[C@@H](C(=O)N2CCOCC2)[C@@H]1c1ccccc1
CHEMBL296051,CC(C)C[C@H](O)[C@H](O)[C@H](CC1CCCCC1)NC(=O)[C@H](Cc1cscn1)NC(=O)C1[C@@H](c2ccccc2)[C@H]1c1ccccc1
CHEMBL407513,CCOP(=O)(OCC)[C@H](O)[C@H](CC1CCCCC1)NC(=O)[C@H](CC(C)C)NC(=O)[C@H](Cc1ccccc1)NC(=O)OC(C)(C)C
CHEMBL436018,COP(=O)(OC)[C@H](O)[C@H](CC1CCCCC1)NC(=O)[C@H](Cc1c[nH]cn1)NC(=O)[C@H](Cc1ccccc1)NC(=O)C1CCCC1
CHEMBL49541,CC(C)C[C@@H]1[C@H](C(=O)N[C@@H](Cc2cscn2)C(=O)N[C@@H](CC2CCCCC2)[C@@H](O)[C@@H](O)CC(C)C)[C@H]1C(=O)N1CCOCC1
CHEMBL3142792,CCCC[C@H](NC(=O)[C@H](Cc1ccccc1)NC(=O)CC(C)C)C(=O)N[C@@H](CC(C)C)[C@@H](O)CC(=O)N[C@@H](C)C(=O)N[C@@H](CC(C)C)[C@@H](O)CC(=O)O
CHEMBL3142792,CCCC[C@H](NC(=O)[C@H](Cc1ccccc1)NC(=O)CC(C)C)C(=O)N[C@@H](CC(C)C)[C@@H](O)CC(=O)N[C@@H](C)C(=O)N[C@@H](CC(C)C)[C@@H](O)CC(=O)O
CHEMBL3142792,CCCC[C@H](NC(=O)[C@H](Cc1ccccc1)NC(=O)CC(C)C)C(=O)N[C@@H](CC(C)C)[C@@H](O)CC(=O)N[C@@H](C)C(=O)N[C@@H](CC(C)C)[C@@H](O)CC(=O)O
CHEMBL3142792,CCCC[C@H](NC(=O)[C@H](Cc1ccccc1)NC(=O)CC(C)C)C(=O)N[C@@H](CC(C)C)[C@@H](O)CC(=O)N[C@@H](C)C(=O)N[C@@H](CC(C)C)[C@@H](O)CC(=O)O
CHEMBL3142792,CCCC[C@H](NC(=O)[C@H](Cc1ccccc1)NC(=O)CC(C)C)C(=O)N[C@@H](CC(C)C)[C@@H](O)CC(=O)N[C@@H](C)C(=O)N[C@@H](CC(C)C)[C@@H](O)CC(=O)O
CHEMBL354766,CC(C)C[C@H](NC(=O)C[C@@H](O)C(CC1CCCCC1)NC(=O)[C@H](Cc1c[nH]cn1)NC[C@H](Cc1ccccc1)NC(=O)OC(C)(C)C)C(=O)NCc1ccccc1
CHEMBL314899,CCC(C)CN[C@@H]1CCC(=O)N([C@@H](CCCCN)C(=O)N[C@@H](Cc2c[nH]c3ccccc23)C(=O)NCCC(C)C)C(=O)[C@@H](Cc2ccccc2)NC1=O
CHEMBL3142766,COC(=O)C[C@H](O)[C@H](CC(C)C)NC(=O)[C@H](C)NC(=O)C[C@H](O)[C@H](CC(C)C)NC(=O)[C@H](Cc1c[nH]c2ccccc12)NC(=O)[C@H](Cc1c[nH]c2ccccc12)NC(=O)OC(C)(C)C
CHEMBL3142766,COC(=O)C[C@H](O)[C@H](CC(C)C)NC(=O)[C@H](C)NC(=O)C[C@H](O)[C@H](CC(C)C)NC(=O)[C@H](Cc1c[nH]c2ccccc12)NC(=O)[C@H](Cc1c[nH]c2ccccc12)NC(=O)OC(C)(C)C
CHEMBL46607,CC(C)C[C@H](O)[C@H](O)[C@H](CC1CCCCC1)NC(=O)[C@H](Cc1cscn1)NC(=O)[C@H]1[C@H](C(=O)N2CCOCC2)[C@@H]1c1ccccc1
CHEMBL46607,CC(C)C[C@H](O)[C@H](O)[C@H](CC1CCCCC1)NC(=O)[C@H](Cc1cscn1)NC(=O)[C@H]1[C@H](C(=O)N2CCOCC2)[C@@H]1c1ccccc1
CHEMBL344413,CCOP(=O)(OCC)[C@H](O)[C@H](CC1CCCCC1)NC(=O)[C@H](CC(C)C)NC(=O)[C@H](Cc1ccccc1)NC(=O)C1CCCC1
CHEMBL424543,CC(C)C[C@H](NC(=O)CC(O)[C@H](CC(C)C)NC(=O)[C@H](Cc1ccccc1)NC(=O)[C@H](Cc1ccccc1)NC(=O)OC(C)(C)C)C(=O)NCc1ccccc1
CHEMBL167426,CC(C)C[C@H](NC(=O)C[C@@H](O)C(CC1CCCCC1)NC(=O)/C=C/C(O)[C@H](Cc1ccccc1)NC(=O)OC(C)(C)C)C(=O)NCc1ccccc1
CHEMBL423262,CC(C)C[C@H](NC(=O)C[C@@H](O)C(CC1CCCCC1)NC(=O)CCC(O)[C@H](Cc1ccccc1)NC(=O)OC(C)(C)C)C(=O)NCc1ccc(CN)cc1
CHEMBL299824,CC(C)C[C@H](O)[C@H](O)[C@H](CC1CCCCC1)NC(=O)[C@H](Cc1cscn1)NC(=O)[C@H]1[C@H](C(=O)N2CCOCC2)[C@H]1c1ccccc1
CHEMBL49460,CC(C)C[C@H](O)[C@H](O)[C@H](CC1CCCCC1)NC(=O)[C@H](Cc1cscn1)NC(=O)[C@H]1[C@H](Cc2ccccc2)[C@@H]1C(=O)N1CCOCC1
CHEMBL49862,CC(C)C[C@H](O)[C@H](O)[C@H](CC1CCCCC1)NC(=O)[C@H](Cc1cscn1)NC(=O)[C@@H](CC(=O)N1CCOCC1)Cc1ccccc1
CHEMBL49862,CC(C)C[C@H](O)[C@H](O)[C@H](CC1CCCCC1)NC(=O)[C@H](Cc1cscn1)NC(=O)[C@@H](CC(=O)N1CCOCC1)Cc1ccccc1
CHEMBL297429,CC(C)C[C@H](O)[C@H](O)[C@H](CC1CCCCC1)NC(=O)[C@H](Cc1cscn1)NC(=O)C(Cc1ccccc1)Cc1ccccc1
CHEMBL297429,CC(C)C[C@H](O)[C@H](O)[C@H](CC1CCCCC1)NC(=O)[C@H](Cc1cscn1)NC(=O)C(Cc1ccccc1)Cc1ccccc1
CHEMBL431540,CC(C)C[C@@H]1[C@@H](C(=O)N[C@@H](Cc2cscn2)C(=O)N[C@@H](CC2CCCCC2)[C@@H](O)[C@@H](O)CC(C)C)[C@@H]1C(=O)N1CCOCC1
CHEMBL431540,CC(C)C[C@@H]1[C@@H](C(=O)N[C@@H](Cc2cscn2)C(=O)N[C@@H](CC2CCCCC2)[C@@H](O)[C@@H](O)CC(C)C)[C@@H]1C(=O)N1CCOCC1
CHEMBL296790,CC(C)C[C@H](O)[C@H](O)[C@H](CC1CCCCC1)NC(=O)[C@H](Cc1cscn1)NC(=O)[C@@H]1[C@@H](C(=O)N2CCOCC2)[C@H]1c1ccccc1
CHEMBL46606,CC[C@H]1[C@@H](C(=O)N[C@@H](Cc2cscn2)C(=O)N[C@@H](CC2CCCCC2)[C@@H](O)[C@@H](O)CC(C)C)[C@@H]1C(=O)N1CCOCC1
CHEMBL3142780,COC(=O)C[C@H](O)[C@H](CC(C)C)NC(=O)[C@H](C)NC(=O)C[C@H](O)[C@H](CC(C)C)NC(=O)[C@H](Cc1c[nH]c2ccccc12)NC(=O)[C@H](Cc1ccccc1)NC(=O)OCc1ccccc1
CHEMBL167218,CC(C)C[C@H](NC(=O)C[C@@H](O)C(CC1CCCCC1)NC(=O)CC1OC1[C@H](Cc1ccccc1)NC(=O)OC(C)(C)C)C(=O)NCc1cccc(CN)c1
CHEMBL298277,CC[C@H]1[C@H](C(=O)N[C@@H](Cc2cscn2)C(=O)N[C@@H](CC2CCCCC2)[C@@H](O)[C@@H](O)CC(C)C)[C@H]1C(=O)N1CCOCC1
CHEMBL47597,CC(C)C[C@H](O)[C@H](O)[C@H](CC1CCCCC1)NC(=O)[C@H](Cc1cscn1)NC(=O)[C@H](CC(=O)N1CCOCC1)Cc1ccccc1
CHEMBL81652,CCOC(=O)C(=O)C(CC1CCCCC1)NC(=O)[C@H](CC(C)C)NC(=O)[C@H](Cc1ccccc1)NC(=O)OC(C)(C)C
CHEMBL90896,COC(=O)CC(O)[C@H](CC(C)C)NC(=O)[C@H](C)NC(=O)CC(O)[C@H](CC(C)C)NC(=O)[C@H](Cc1c[nH]cn1)NC(=O)[C@H](Cc1ccccc1)NC(=O)OC(C)(C)C
CHEMBL90896,COC(=O)CC(O)[C@H](CC(C)C)NC(=O)[C@H](C)NC(=O)CC(O)[C@H](CC(C)C)NC(=O)[C@H](Cc1c[nH]cn1)NC(=O)[C@H](Cc1ccccc1)NC(=O)OC(C)(C)C
CHEMBL90896,COC(=O)CC(O)[C@H](CC(C)C)NC(=O)[C@H](C)NC(=O)CC(O)[C@H](CC(C)C)NC(=O)[C@H](Cc1c[nH]cn1)NC(=O)[C@H](Cc1ccccc1)NC(=O)OC(C)(C)C
CHEMBL344032,CCP(=O)(OC)C(O)[C@H](CC1CCCCC1)NC(=O)[C@H](CC(C)C)NC(=O)[C@H](Cc1ccccc1)NC(=O)C1CCCC1
CHEMBL3142764,CC(C)CC(=O)N[C@@H](Cc1ccccc1)C(=O)N[C@@H](Cc1ccccc1)C(=O)N[C@@H](CC(C)C)[C@@H](O)CC(=O)N[C@@H](C)C(=O)N[C@@H](CC(C)C)[C@@H](O)CC(N)=O
CHEMBL3142784,COC(=O)C[C@H](O)[C@H](CC(C)C)NC(=O)[C@H](C)NC(=O)C[C@H](O)[C@H](CC(C)C)NC(=O)[C@@H](NC(=O)[C@H](Cc1c[nH]c2ccccc12)NC(=O)OCc1ccccc1)C(C)C
CHEMBL3142784,COC(=O)C[C@H](O)[C@H](CC(C)C)NC(=O)[C@H](C)NC(=O)C[C@H](O)[C@H](CC(C)C)NC(=O)[C@@H](NC(=O)[C@H](Cc1c[nH]c2ccccc12)NC(=O)OCc1ccccc1)C(C)C
CHEMBL3142784,COC(=O)C[C@H](O)[C@H](CC(C)C)NC(=O)[C@H](C)NC(=O)C[C@H](O)[C@H](CC(C)C)NC(=O)[C@@H](NC(=O)[C@H](Cc1c[nH]c2ccccc12)NC(=O)OCc1ccccc1)C(C)C
CHEMBL3142784,COC(=O)C[C@H](O)[C@H](CC(C)C)NC(=O)[C@H](C)NC(=O)C[C@H](O)[C@H](CC(C)C)NC(=O)[C@@H](NC(=O)[C@H](Cc1c[nH]c2ccccc12)NC(=O)OCc1ccccc1)C(C)C
CHEMBL344032,CCP(=O)(OC)C(O)[C@H](CC1CCCCC1)NC(=O)[C@H](CC(C)C)NC(=O)[C@H](Cc1ccccc1)NC(=O)C1CCCC1
CHEMBL264782,COP(=O)(OC)[C@H](O)[C@H](CC1CCCCC1)NC(=O)[C@H](CC(C)C)NC(=O)[C@H](Cc1ccccc1)NC(=O)CCCCCN
CHEMBL315136,COC(=O)[C@@H](C)NC(=O)[C@H](CC(C)C)NC(=O)[C@H](Cc1c[nH]c2ccccc12)NC(=O)[C@H](CCCCN)N1C(=O)CC[C@@H](NC(=O)OCc2ccccc2)C(=O)N[C@H](Cc2ccccc2)C1=O
CHEMBL3142781,COC(=O)C[C@H](O)[C@H](CC(C)C)NC(=O)[C@H](C)NC(=O)C[C@H](O)[C@H](CC(C)C)NC(=O)[C@H](Cc1ccccc1)NC(=O)[C@H](Cc1ccccc1)NC(=O)OC12CC3CC(CC(C3)C1)C2
CHEMBL334907,COP(=O)(OC)[C@H](O)[C@H](CC1CCCCC1)NC(=O)[C@H](CC(C)C)NC(=O)[C@H](Cc1ccccc1)NC(=O)N1CCOCC1
CHEMBL269722,COC(=O)[C@@H](CCSC)NC(=O)[C@H](CC(C)C)NC(=O)[C@H](Cc1c[nH]c2ccccc12)NC(=O)[C@H](CCCCN)N1C(=O)CC[C@@H](NC(=O)OCc2ccccc2)C(=O)N[C@H](Cc2ccccc2)C1=O
CHEMBL3142765,COC(=O)C[C@H](O)[C@H](CC(C)C)NC(=O)[C@H](C)NC(=O)C[C@H](O)[C@H](CC(C)C)NC(=O)[C@H](Cc1ccccc1)NC(=O)[C@H](Cc1ccccc1)NC(=O)CC(C)C
CHEMBL343966,COP(=O)(OC)[C@H](O)[C@H](CC1CCCCC1)NC(=O)[C@H](CC(C)C)NC(=O)[C@H](Cc1ccccc1)NC(=O)C1CCCC1
CHEMBL3142787,COC(=O)C[C@H](O)[C@H](CC(C)C)NC(=O)[C@H](C)NC(=O)C[C@H](O)[C@H](CC(C)C)NC(=O)[C@H](Cc1ccccc1)NC(=O)[C@H](Cc1ccccc1)NC(=O)OC(C)(C)C
CHEMBL3142787,COC(=O)C[C@H](O)[C@H](CC(C)C)NC(=O)[C@H](C)NC(=O)C[C@H](O)[C@H](CC(C)C)NC(=O)[C@H](Cc1ccccc1)NC(=O)[C@H](Cc1ccccc1)NC(=O)OC(C)(C)C
CHEMBL3142787,COC(=O)C[C@H](O)[C@H](CC(C)C)NC(=O)[C@H](C)NC(=O)C[C@H](O)[C@H](CC(C)C)NC(=O)[C@H](Cc1ccccc1)NC(=O)[C@H](Cc1ccccc1)NC(=O)OC(C)(C)C
CHEMBL3142810,CCC[C@H](N[C@@H](CC(C)C)[C@@H](O)CC(=O)N[C@@H](C)C(=O)N[C@@H](CC(C)C)[C@@H](O)CC(=O)OC)C(=O)N[C@@H](Cc1ccccc1)C(=O)NC(=O)CC(C)C
CHEMBL3142810,CCC[C@H](N[C@@H](CC(C)C)[C@@H](O)CC(=O)N[C@@H](C)C(=O)N[C@@H](CC(C)C)[C@@H](O)CC(=O)OC)C(=O)N[C@@H](Cc1ccccc1)C(=O)NC(=O)CC(C)C
CHEMBL3142810,CCC[C@H](N[C@@H](CC(C)C)[C@@H](O)CC(=O)N[C@@H](C)C(=O)N[C@@H](CC(C)C)[C@@H](O)CC(=O)OC)C(=O)N[C@@H](Cc1ccccc1)C(=O)NC(=O)CC(C)C
CHEMBL3349369,COC(=O)CC(O)[C@H](CC(C)C)NC(=O)[C@H](C)NC(=O)CC(O)[C@H](CC(C)C)NC(=O)CCCNC(=O)[C@H](Cc1ccccc1)NC(=O)CC(C)C
CHEMBL310447,CCOC(=O)[C@H](O)[C@H](CC1CCCCC1)NC(=O)[C@H](CC(C)C)NC(=O)[C@H](Cc1ccccc1)NC(=O)OC(C)(C)C
CHEMBL3142793,CCCC[C@H](NC(=O)[C@H](Cc1ccccc1)NC(=O)OC(C)(C)C)C(=O)N[C@@H](CC(C)C)[C@@H](O)CC(=O)N[C@@H](C)C(=O)N[C@@H](CC(C)C)[C@@H](O)CC(=O)O
CHEMBL555920,CCC[C@H](NC(=O)[C@H](Cc1ccc(OC)cc1)NC(=O)CC(C)C)C(=O)N[C@@H](CC1CCCCC1)C(=O)C(F)(F)CN.Cl
CHEMBL555920,CCC[C@H](NC(=O)[C@H](Cc1ccc(OC)cc1)NC(=O)CC(C)C)C(=O)N[C@@H](CC1CCCCC1)C(=O)C(F)(F)CN.Cl
CHEMBL3142797,CCC[C@H](NC(=O)[C@H](Cc1ccccc1)NC(=O)OC)C(=O)N[C@@H](CC(C)C)[C@@H](O)CC(=O)N[C@@H](C)C(=O)N[C@@H](CC(C)C)[C@@H](O)CC(=O)OC
CHEMBL49287,CC(C)C[C@H]1[C@@H](C(=O)N[C@@H](Cc2cscn2)C(=O)N[C@@H](CC2CCCCC2)[C@@H](O)[C@@H](O)CC(C)C)[C@@H]1C(=O)N1CCOCC1
CHEMBL298708,CC[C@@H]1[C@H](C(=O)N[C@@H](Cc2cscn2)C(=O)N[C@@H](CC2CCCCC2)[C@@H](O)[C@@H](O)CC(C)C)[C@H]1C(=O)N1CCOCC1
CHEMBL296028,CC(C)C[C@H](O)[C@H](O)[C@H](CC1CCCCC1)NC(=O)[C@H](Cc1cscn1)NC(=O)[C@H]1[C@@H](Cc2ccccc2)[C@@H]1C(=O)N1CCOCC1
CHEMBL3085574,CC(C)C[C@H](NC(=O)C[C@H](O)[C@H](CC(C)C)NC(=O)[C@H](Cc1c[nH]cn1)NC(=O)[C@H](Cc1ccccc1)NC(=O)OC(C)(C)C)C(=O)NCc1ccccc1
CHEMBL85801,CC(C)CCNC(=O)[C@H](Cc1c[nH]c2ccccc12)NC(=O)[C@H](CCCCN)N1C(=O)CC[C@@H](NC(=O)OC(C)(C)C)C(=O)N[C@H](Cc2ccccc2)C1=O
CHEMBL3142788,COC(=O)C[C@H](O)[C@H](CC(C)C)NC(=O)[C@H](C)NC(=O)C[C@H](O)[C@H](CC(C)C)NC(=O)[C@H](Cc1ccccc1)NC(=O)[C@H](Cc1ccccc1)NS(=O)(=O)CCNC(=O)OC(C)(C)C
CHEMBL2311113,COC(=O)CC(O)[C@H](CC(C)C)NC(=O)[C@H](C)NC(=O)CC(O)[C@H](CC(C)C)NC(=O)[C@@H](NC(=O)[C@H](Cc1ccccc1)NC(=O)OCc1ccccc1)C(C)C
CHEMBL2311113,COC(=O)CC(O)[C@H](CC(C)C)NC(=O)[C@H](C)NC(=O)CC(O)[C@H](CC(C)C)NC(=O)[C@@H](NC(=O)[C@H](Cc1ccccc1)NC(=O)OCc1ccccc1)C(C)C
CHEMBL2311113,COC(=O)CC(O)[C@H](CC(C)C)NC(=O)[C@H](C)NC(=O)CC(O)[C@H](CC(C)C)NC(=O)[C@@H](NC(=O)[C@H](Cc1ccccc1)NC(=O)OCc1ccccc1)C(C)C
CHEMBL2311113,COC(=O)CC(O)[C@H](CC(C)C)NC(=O)[C@H](C)NC(=O)CC(O)[C@H](CC(C)C)NC(=O)[C@@H](NC(=O)[C@H](Cc1ccccc1)NC(=O)OCc1ccccc1)C(C)C
CHEMBL354821,CC(C)C[C@H](NC(=O)C[C@@H](O)C(CC1CCCCC1)NC(=O)CCC(O)[C@H](Cc1ccccc1)NC(=O)OC(C)(C)C)C(=O)NCc1ccccc1
CHEMBL297929,CCOC(=O)N[C@@H](Cc1ccc(I)cc1)C(=O)N[C@@H](CC(C)C)C(=O)N[C@@H](CC1CCCCC1)[C@@H](O)[C@@H](O)CC(C)C
CHEMBL297929,CCOC(=O)N[C@@H](Cc1ccc(I)cc1)C(=O)N[C@@H](CC(C)C)C(=O)N[C@@H](CC1CCCCC1)[C@@H](O)[C@@H](O)CC(C)C
CHEMBL336245,COP(=O)(OC)[C@H](O)[C@H](CC1CCCCC1)NC(=O)[C@H](Cc1c[nH]cn1)NC(=O)[C@H](Cc1ccccc1)NC(=O)N1CCOCC1
CHEMBL87903,CC(C)CCNC(=O)[C@H](Cc1c[nH]c2ccccc12)NC(=O)[C@H](CCCCN)N1C(=O)CC[C@@H](NCC(C)(C)C)C(=O)N[C@H](Cc2ccccc2)C1=O
CHEMBL301754,CC[C@@H]1[C@@H](C(=O)N[C@@H](Cc2cscn2)C(=O)N[C@@H](CC2CCCCC2)[C@@H](O)[C@@H](O)CC(C)C)[C@@H]1C(=O)N1CCOCC1
CHEMBL301754,CC[C@@H]1[C@@H](C(=O)N[C@@H](Cc2cscn2)C(=O)N[C@@H](CC2CCCCC2)[C@@H](O)[C@@H](O)CC(C)C)[C@@H]1C(=O)N1CCOCC1
CHEMBL295544,CC(C)C[C@H]1[C@H](C(=O)N[C@@H](Cc2cscn2)C(=O)N[C@@H](CC2CCCCC2)[C@@H](O)[C@@H](O)CC(C)C)[C@H]1C(=O)N1CCOCC1
CHEMBL3142783,COC(=O)C[C@H](O)[C@H](CC(C)C)NC(=O)[C@H](C)NC(=O)C[C@H](O)[C@H](CC(C)C)NC(=O)[C@H](Cc1c[nH]cn1)NC(=O)[C@H](Cc1c[nH]c2ccccc12)NC(=O)OC(C)(C)C
CHEMBL3142783,COC(=O)C[C@H](O)[C@H](CC(C)C)NC(=O)[C@H](C)NC(=O)C[C@H](O)[C@H](CC(C)C)NC(=O)[C@H](Cc1c[nH]cn1)NC(=O)[C@H](Cc1c[nH]c2ccccc12)NC(=O)OC(C)(C)C
CHEMBL3142783,COC(=O)C[C@H](O)[C@H](CC(C)C)NC(=O)[C@H](C)NC(=O)C[C@H](O)[C@H](CC(C)C)NC(=O)[C@H](Cc1c[nH]cn1)NC(=O)[C@H](Cc1c[nH]c2ccccc12)NC(=O)OC(C)(C)C
CHEMBL3142806,COC(=O)C[C@H](O)[C@H](CC(C)C)NC(=O)[C@H](C)NC(=O)C[C@H](O)[C@H](CC(C)C)NC(=O)[C@H](Cc1c[nH]cn1)NC(=O)[C@H](CC12CC3CC(CC(C3)C1)C2)NC(=O)OC(C)(C)C
CHEMBL3142806,COC(=O)C[C@H](O)[C@H](CC(C)C)NC(=O)[C@H](C)NC(=O)C[C@H](O)[C@H](CC(C)C)NC(=O)[C@H](Cc1c[nH]cn1)NC(=O)[C@H](CC12CC3CC(CC(C3)C1)C2)NC(=O)OC(C)(C)C
CHEMBL291119,C[C@@H]1CO[C@H]([C@H](O)[C@H](CC2CCCCC2)NC(=O)[C@H](Cc2c[nH]cn2)NC(=O)[C@H](Cc2ccccc2)NC(=O)OC(C)(C)C)C1
CHEMBL291119,C[C@@H]1CO[C@H]([C@H](O)[C@H](CC2CCCCC2)NC(=O)[C@H](Cc2c[nH]cn2)NC(=O)[C@H](Cc2ccccc2)NC(=O)OC(C)(C)C)C1
CHEMBL53139,CCCCNC(=O)[C@@H](CC(O)[C@H](CC1CCCCC1)NC(=O)[C@H](Cc1c[nH]cn1)NC(=O)C(Cc1ccccc1)CS(=O)(=O)C(C)(C)C)C(C)C
CHEMBL53139,CCCCNC(=O)[C@@H](CC(O)[C@H](CC1CCCCC1)NC(=O)[C@H](Cc1c[nH]cn1)NC(=O)C(Cc1ccccc1)CS(=O)(=O)C(C)(C)C)C(C)C
CHEMBL53139,CCCCNC(=O)[C@@H](CC(O)[C@H](CC1CCCCC1)NC(=O)[C@H](Cc1c[nH]cn1)NC(=O)C(Cc1ccccc1)CS(=O)(=O)C(C)(C)C)C(C)C
CHEMBL53139,CCCCNC(=O)[C@@H](CC(O)[C@H](CC1CCCCC1)NC(=O)[C@H](Cc1c[nH]cn1)NC(=O)C(Cc1ccccc1)CS(=O)(=O)C(C)(C)C)C(C)C
CHEMBL53139,CCCCNC(=O)[C@@H](CC(O)[C@H](CC1CCCCC1)NC(=O)[C@H](Cc1c[nH]cn1)NC(=O)C(Cc1ccccc1)CS(=O)(=O)C(C)(C)C)C(C)C
CHEMBL287953,C[C@H]1C[C@@H]([C@H](O)[C@H](CC2CCCCC2)NC(=O)[C@H](Cc2c[nH]cn2)NC(=O)[C@H](Cc2ccccc2)NC(=O)OC(C)(C)C)OC1=O
CHEMBL287953,C[C@H]1C[C@@H]([C@H](O)[C@H](CC2CCCCC2)NC(=O)[C@H](Cc2c[nH]cn2)NC(=O)[C@H](Cc2ccccc2)NC(=O)OC(C)(C)C)OC1=O
CHEMBL53139,CCCCNC(=O)[C@@H](CC(O)[C@H](CC1CCCCC1)NC(=O)[C@H](Cc1c[nH]cn1)NC(=O)C(Cc1ccccc1)CS(=O)(=O)C(C)(C)C)C(C)C
CHEMBL79160,CCCC(=O)[C@H](O)[C@H](CC1CCCCC1)NC(=O)[C@H](CC(C)C)NC(=O)[C@H](Cc1ccccc1)NC(=O)OC(C)(C)C
CHEMBL44075,CC(C)C[C@H](NC(=O)C(F)(F)[C@H](O)[C@H](CC(C)C)NC(=O)[C@H](Cc1ccccc1)NC(=O)[C@H](Cc1ccccc1)NC(=O)OC(C)(C)C)C(=O)N[C@@H](Cc1ccccc1)C(N)=O
CHEMBL54655,CC[C@H](C)[C@H](NC(=O)[C@@H](CC(O)[C@H](CC(C)C)NC(=O)[C@H](Cc1c[nH]cn1)NC(=O)C(C)(OC(=O)C(C)(C)C)c1ccccc1)C(C)C)C(=O)N[C@@H](Cc1c[nH]cn1)C(N)=O
CHEMBL81857,CCOC(=O)C(=O)[C@H](CC1CCCCC1)NC(=O)[C@H](CC(C)C)NC(=O)[C@@H](CC(=O)N1CCOCC1)Cc1ccccc1
CHEMBL55787,CCCCNC(=O)[C@@H](CC(O)[C@H](CC1CCCCC1)NC(=O)[C@H](Cc1c[nH]cn1)NC(=O)C(C)(OC(=O)C(C)(C)C)c1ccccc1)C(C)C
CHEMBL38954,CCN1C[C@@H]([C@H](O)[C@H](CC2CCCCC2)NC(=O)[C@H](Cc2c[nH]cn2)NC(=O)[C@H](Cc2ccccc2)NC(=O)OC(C)(C)C)OC1=O
CHEMBL38954,CCN1C[C@@H]([C@H](O)[C@H](CC2CCCCC2)NC(=O)[C@H](Cc2c[nH]cn2)NC(=O)[C@H](Cc2ccccc2)NC(=O)OC(C)(C)C)OC1=O
CHEMBL416429,CC(C)N1C[C@@H]([C@H](O)[C@H](CC2CCCCC2)NC(=O)[C@H](Cc2c[nH]cn2)NC(=O)[C@H](Cc2ccccc2)NC(=O)OC(C)(C)C)OC1=O
CHEMBL416429,CC(C)N1C[C@@H]([C@H](O)[C@H](CC2CCCCC2)NC(=O)[C@H](Cc2c[nH]cn2)NC(=O)[C@H](Cc2ccccc2)NC(=O)OC(C)(C)C)OC1=O
CHEMBL273771,CCN1C[C@@H]([C@H](O)[C@H](CC2CCCCC2)NC(=O)[C@H](Cc2c[nH]cn2)NC(=O)[C@H](Cc2ccccc2)NC(=O)OC(C)(C)C)NC1=O
CHEMBL273771,CCN1C[C@@H]([C@H](O)[C@H](CC2CCCCC2)NC(=O)[C@H](Cc2c[nH]cn2)NC(=O)[C@H](Cc2ccccc2)NC(=O)OC(C)(C)C)NC1=O
CHEMBL2114437,CON1C[C@@H]([C@H](O)[C@@H](CC2CCCCC2)NC(=O)[C@H](Cc2c[nH]cn2)NC(=O)[C@H](Cc2ccccc2)NC(=O)OC(C)(C)C)OC1=O
CHEMBL311568,CCCC(=O)C(=O)[C@H](CC1CCCCC1)NC(=O)[C@H](CC(C)C)NC(=O)[C@H](Cc1ccccc1)NC(=O)OC(C)(C)C
CHEMBL311998,CCCC(=O)C(=O)[C@H](CC1CCCCC1)NC(=O)[C@H](CC(C)C)NC(=O)[C@H](Cc1ccccc1)NC(=O)C1CCCC1
CHEMBL83749,CC(C)C[C@H](NC(=O)[C@H](Cc1ccccc1)NC(=O)OC(C)(C)C)C(=O)NC(CC1CCCCC1)C(=O)C(F)(F)F
CHEMBL81652,CCOC(=O)C(=O)C(CC1CCCCC1)NC(=O)[C@H](CC(C)C)NC(=O)[C@H](Cc1ccccc1)NC(=O)OC(C)(C)C
CHEMBL288272,CN1C[C@@H]([C@H](O)[C@H](CC2CCCCC2)NC(=O)[C@H](Cc2c[nH]cn2)NC(=O)[C@H](Cc2ccccc2)NC(=O)OC(C)(C)C)OC1=O
CHEMBL288272,CN1C[C@@H]([C@H](O)[C@H](CC2CCCCC2)NC(=O)[C@H](Cc2c[nH]cn2)NC(=O)[C@H](Cc2ccccc2)NC(=O)OC(C)(C)C)OC1=O
CHEMBL291787,CCCCNC(=O)[C@@H](CC(O)[C@H](CC1CCCCC1)NC(=O)[C@H](Cc1c[nH]cn1)NC(=O)C(Cc1ccccc1)CP(=O)(OCC)OCC)C(C)C
CHEMBL288411,CC(C)(C)OC(=O)N[C@@H](Cc1ccccc1)C(=O)N[C@@H](Cc1c[nH]cn1)C(=O)N[C@@H](CC1CCCCC1)[C@@H](O)[C@@H]1CCNC(=O)O1
CHEMBL288411,CC(C)(C)OC(=O)N[C@@H](Cc1ccccc1)C(=O)N[C@@H](Cc1c[nH]cn1)C(=O)N[C@@H](CC1CCCCC1)[C@@H](O)[C@@H]1CCNC(=O)O1
CHEMBL41303,C=C1C[C@@H]([C@H](O)[C@H](CC2CCCCC2)NC(=O)[C@H](Cc2c[nH]cn2)NC(=O)[C@H](Cc2ccccc2)NC(=O)OC(C)(C)C)OC1=O
CHEMBL41303,C=C1C[C@@H]([C@H](O)[C@H](CC2CCCCC2)NC(=O)[C@H](Cc2c[nH]cn2)NC(=O)[C@H](Cc2ccccc2)NC(=O)OC(C)(C)C)OC1=O
CHEMBL288347,CCN1C[C@@H]([C@H](O)[C@H](CC2CCCCC2)NC(=O)[C@H](Cc2c[nH]cn2)NC(=O)[C@H](Cc2ccccc2)NC(=O)OC(C)(C)C)NS1(=O)=O
CHEMBL288347,CCN1C[C@@H]([C@H](O)[C@H](CC2CCCCC2)NC(=O)[C@H](Cc2c[nH]cn2)NC(=O)[C@H](Cc2ccccc2)NC(=O)OC(C)(C)C)NS1(=O)=O
CHEMBL52833,CCCCNC(=O)[C@@H](CC(O)[C@H](CC1CCCCC1)NC(=O)[C@H](Cc1c[nH]cn1)NC(=O)[C@H](Cc1ccccc1)C[S+]([O-])C(C)(C)C)C(C)C
CHEMBL52395,CCCCNC(=O)[C@@H](CC(O)[C@H](CC(C)C)NC(=O)[C@H](Cc1c[nH]cn1)NC(=O)C(C)(OC(=O)C(C)(C)C)c1ccccc1)C(C)C
CHEMBL82362,CCOC(=O)[C@@H](O)[C@H](CC1CCCCC1)NC(=O)[C@H](CC(C)C)NC(=O)[C@H](Cc1ccccc1)NC(=O)OC(C)(C)C
CHEMBL292812,CCCCNC(=O)[C@@H](CC(O)[C@H](CC1CCCCC1)NC(=O)[C@H](Cc1c[nH]cn1)NC(=O)C(CC(=O)C(C)(C)C)Cc1ccccc1)C(C)C
CHEMBL407670,CC[C@H](C)[C@H](NC(=O)[C@@H](NC[C@H](CC(C)C)NC(=O)[C@H](Cc1c[nH]cn1)NC(=O)[C@H](Cc1ccccc1)NC(=O)[C@@H]1CCCN1C(=O)[C@H](Cc1c[nH]cn1)NC(=O)[C@@H]1CCCN1)C(C)C)C(=O)N[C@@H](Cc1c[nH]cn1)C(=O)N[C@@H](CCCCN)C(=O)O
CHEMBL291091,CC(C)C[C@H](NC(=O)C(F)(F)C(=O)[C@H](CC(C)C)NC(=O)[C@H](Cc1ccccc1)NC(=O)[C@H](Cc1ccccc1)NC(=O)OC(C)(C)C)C(=O)N[C@@H](Cc1ccccc1)C(N)=O
CHEMBL435178,CC[C@H](C)[C@H](NC(=O)[C@@H](CC(O)[C@H](CC(C)C)NC(=O)[C@H](Cc1c[nH]cn1)NC(=O)[C@H](Cc1ccccc1)NC(=O)OC(C)(C)C)C(C)C)C(=O)N[C@@H](Cc1c[nH]cn1)C(N)=O
CHEMBL312700,CCOC(=O)[C@H](O)[C@H](CC1CCCCC1)NC(=O)[C@H](CC(C)C)NC(=O)[C@@H](CC(=O)N1CCOCC1)Cc1ccccc1
CHEMBL310447,CCOC(=O)[C@H](O)[C@H](CC1CCCCC1)NC(=O)[C@H](CC(C)C)NC(=O)[C@H](Cc1ccccc1)NC(=O)OC(C)(C)C
CHEMBL311244,CCCC(=O)[C@H](O)[C@H](CC1CCCCC1)NC(=O)[C@H](CC(C)C)NC(=O)[C@H](Cc1ccccc1)NC(=O)C1CCCC1
CHEMBL43958,CC(C)(C)OC(=O)N[C@@H](Cc1ccccc1)C(=O)N[C@@H](Cc1c[nH]cn1)C(=O)N[C@@H](CC1CCCCC1)[C@@H](O)[C@@H](O)CNC=O
CHEMBL43958,CC(C)(C)OC(=O)N[C@@H](Cc1ccccc1)C(=O)N[C@@H](Cc1c[nH]cn1)C(=O)N[C@@H](CC1CCCCC1)[C@@H](O)[C@@H](O)CNC=O
CHEMBL430933,CC(C)C[C@H](O)[C@H](O)[C@H](CC1CCCCC1)NC(=O)[C@H](Cc1c[nH]cn1)NC(=O)[C@H](Cc1ccccc1)NC(=O)OC(C)(C)C
CHEMBL40514,CC(C)C[C@H](NC(=O)[C@H](Cc1ccccc1)NC(=O)[C@H](Cc1ccccc1)NC(=O)OC(C)(C)C)C(=O)CC(=O)N[C@@H](CC(C)C)C(=O)N[C@@H](Cc1ccccc1)C(N)=O
CHEMBL40053,CCON1C[C@@H]([C@H](O)[C@H](CC2CCCCC2)NC(=O)[C@H](Cc2c[nH]cn2)NC(=O)[C@H](Cc2ccccc2)NC(=O)OC(C)(C)C)OC1=O
CHEMBL40053,CCON1C[C@@H]([C@H](O)[C@H](CC2CCCCC2)NC(=O)[C@H](Cc2c[nH]cn2)NC(=O)[C@H](Cc2ccccc2)NC(=O)OC(C)(C)C)OC1=O
CHEMBL289144,CC(C)ON1C[C@@H]([C@H](O)[C@H](CC2CCCCC2)NC(=O)[C@H](Cc2c[nH]cn2)NC(=O)[C@H](Cc2ccccc2)NC(=O)OC(C)(C)C)OC1=O
CHEMBL289144,CC(C)ON1C[C@@H]([C@H](O)[C@H](CC2CCCCC2)NC(=O)[C@H](Cc2c[nH]cn2)NC(=O)[C@H](Cc2ccccc2)NC(=O)OC(C)(C)C)OC1=O
CHEMBL54322,CC[C@H](C)[C@H](NC(=O)[C@@H](CC(O)[C@H](CC(C)C)NC(=O)[C@H](Cc1c[nH]cn1)NC(=O)[C@H](Cc1ccccc1)NC(=O)C(C)(C)C)C(C)C)C(=O)N[C@@H](Cc1c[nH]cn1)C(N)=O
CHEMBL40928,CC(C)C[C@H](NC(=O)C[C@H](O)[C@H](CC(C)C)NC(=O)[C@H](Cc1ccccc1)NC(=O)[C@H](Cc1ccccc1)NC(=O)OC(C)(C)C)C(=O)N[C@@H](Cc1ccccc1)C(N)=O
CHEMBL290605,CCCN1C[C@@H]([C@H](O)[C@H](CC2CCCCC2)NC(=O)[C@H](Cc2c[nH]cn2)NC(=O)[C@H](Cc2ccccc2)NC(=O)OC(C)(C)C)OC1=O
CHEMBL290605,CCCN1C[C@@H]([C@H](O)[C@H](CC2CCCCC2)NC(=O)[C@H](Cc2c[nH]cn2)NC(=O)[C@H](Cc2ccccc2)NC(=O)OC(C)(C)C)OC1=O
CHEMBL289146,CC(C)(C)OC(=O)N[C@@H](Cc1ccccc1)C(=O)N[C@@H](Cc1c[nH]cn1)C(=O)N[C@@H](CC1CCCCC1)[C@@H](O)[C@@H]1CNC(=O)O1
CHEMBL289146,CC(C)(C)OC(=O)N[C@@H](Cc1ccccc1)C(=O)N[C@@H](Cc1c[nH]cn1)C(=O)N[C@@H](CC1CCCCC1)[C@@H](O)[C@@H]1CNC(=O)O1
CHEMBL289145,CC(C)CN1C[C@@H]([C@H](O)[C@H](CC2CCCCC2)NC(=O)[C@H](Cc2c[nH]cn2)NC(=O)[C@H](Cc2ccccc2)NC(=O)OC(C)(C)C)OC1=O
CHEMBL289145,CC(C)CN1C[C@@H]([C@H](O)[C@H](CC2CCCCC2)NC(=O)[C@H](Cc2c[nH]cn2)NC(=O)[C@H](Cc2ccccc2)NC(=O)OC(C)(C)C)OC1=O
CHEMBL52929,CCCCNC(=O)[C@@H](CC(O)[C@H](CC1CCCCC1)NC(=O)[C@H](Cc1c[nH]cn1)NC(=O)[C@@H](CSC(C)(C)C)Cc1ccccc1)C(C)C
CHEMBL445350,CC(C)(C)OC(=O)N[C@@H](Cc1ccccc1)C(=O)N[C@@H](Cc1c[nH]cn1)C(=O)N[C@@H](CC1CCCCC1)[C@@H](O)[C@@H](O)CN=[N+]=[N-]
CHEMBL445350,CC(C)(C)OC(=O)N[C@@H](Cc1ccccc1)C(=O)N[C@@H](Cc1c[nH]cn1)C(=O)N[C@@H](CC1CCCCC1)[C@@H](O)[C@@H](O)CN=[N+]=[N-]
CHEMBL38955,CON1C[C@@H]([C@H](O)[C@H](CC2CCCCC2)NC(=O)[C@H](Cc2c[nH]cn2)NC(=O)[C@H](Cc2ccccc2)NC(=O)OC(C)(C)C)OC1=O
CHEMBL38955,CON1C[C@@H]([C@H](O)[C@H](CC2CCCCC2)NC(=O)[C@H](Cc2c[nH]cn2)NC(=O)[C@H](Cc2ccccc2)NC(=O)OC(C)(C)C)OC1=O
CHEMBL288346,CC(C)(C)OC(=O)N[C@@H](Cc1ccccc1)C(=O)N[C@@H](Cc1c[nH]cn1)C(=O)N[C@@H](CC1CCCCC1)[C@@H](O)[C@@H]1CN(CCO)C(=O)O1
CHEMBL288346,CC(C)(C)OC(=O)N[C@@H](Cc1ccccc1)C(=O)N[C@@H](Cc1c[nH]cn1)C(=O)N[C@@H](CC1CCCCC1)[C@@H](O)[C@@H]1CN(CCO)C(=O)O1
CHEMBL290215,CC(C)(C)OC(=O)N[C@@H](Cc1ccccc1)C(=O)N[C@@H](Cc1c[nH]cn1)C(=O)N[C@@H](CC1CCCCC1)[C@@H](O)[C@@H]1CC(C)(C)C(=O)O1
CHEMBL290215,CC(C)(C)OC(=O)N[C@@H](Cc1ccccc1)C(=O)N[C@@H](Cc1c[nH]cn1)C(=O)N[C@@H](CC1CCCCC1)[C@@H](O)[C@@H]1CC(C)(C)C(=O)O1
CHEMBL53139,CCCCNC(=O)[C@@H](CC(O)[C@H](CC1CCCCC1)NC(=O)[C@H](Cc1c[nH]cn1)NC(=O)C(Cc1ccccc1)CS(=O)(=O)C(C)(C)C)C(C)C
CHEMBL287023,c1ccc(COCCCOc2ccc([C@@H]3[C@@H](OCc4ccc5ccccc5c4)CNC[C@H]3OCCN3CCOCC3)cc2)cc1
CHEMBL285046,COc1ccccc1COCCCOc1ccc([C@H]2CCNC[C@@H]2OCc2ccc3ccc(O)nc3c2)cc1
CHEMBL285046,COc1ccccc1COCCCOc1ccc([C@H]2CCNC[C@@H]2OCc2ccc3ccc(O)nc3c2)cc1
CHEMBL430619,CCCCNC(=O)C(CC(O)C(CC1CCCCC1)NC(=O)Cc1nnc2c(CCC)nc(-c3cccnc3)cn12)C(C)C
CHEMBL405700,CCCc1nc(-c2cccnc2)cn2c(C(Cc3cccnc3)C(=O)NC(CC3CCCCC3)C(O)CC(C(=O)NCCN3CCNCC3)C(C)C)nnc12
CHEMBL265984,c1ccc(COCCCOc2ccc([C@H]3CCNC[C@@H]3OCc3ccc4cccnc4c3)cc2)cc1
CHEMBL285779,c1ccc(COCCCOc2ccc([C@H]3CCNC[C@@H]3OCc3ccc4ccc(OCCN5CCOCC5)cc4c3)cc2)cc1
CHEMBL285779,c1ccc(COCCCOc2ccc([C@H]3CCNC[C@@H]3OCc3ccc4ccc(OCCN5CCOCC5)cc4c3)cc2)cc1
CHEMBL328965,CCC(C)CNC(=O)C(CC(C)C)CC(O)C(CC1CCCCC1)NC(=O)C(Cc1c[nH]cn1)NC(=O)C(Cc1cccc2ccccc12)Cc1cccc2ccccc12
CHEMBL31466,c1ccc(COCCCOc2ccc([C@H]3CCNC[C@@H]3OCc3ccc4ccccc4c3)cc2)cc1
CHEMBL427581,CC[C@H](C)[C@H](NC(=O)C(F)(F)[C@H](O)[C@H](CC(C)C)NC(=O)[C@H](Cc1c[nH]cn1)NC(=O)[C@H](Cc1ccccc1)NC(=O)OC(C)(C)C)C(=O)NCc1ccccn1
CHEMBL341060,CCC(C)CNC(=O)CC(O)C(CC(C)C)NC(=O)C(CCCC/N=C(/S)NC)NC(=O)C(Cc1cccc2ccccc12)Cc1cccc2ccccc12
CHEMBL74362,CCCc1nc(-c2cccnc2)cn2c(C(Cc3cccnc3)C(=O)NC(CC3CCCCC3)C(O)CC(C(=O)NCCN)C(C)C)nnc12
CHEMBL127931,CC(C)CC(NC(=O)CC(O)C(CC1CCCCC1)NC(=O)CCC(O)C(Cc1ccccc1)NC(=O)OC(C)(C)C)C(=O)NCc1cccc(CN)c1
CHEMBL282757,[N-]=[N+]=NC[C@@H](O)[C@@H](O)[C@@H](CC1CCCCC1)NC(=O)[C@H](Cc1c[nH]cn1)NC(=O)[C@H](Cc1ccccc1)NC(=O)N1CCOCC1
CHEMBL282757,[N-]=[N+]=NC[C@@H](O)[C@@H](O)[C@@H](CC1CCCCC1)NC(=O)[C@H](Cc1c[nH]cn1)NC(=O)[C@H](Cc1ccccc1)NC(=O)N1CCOCC1
CHEMBL31881,c1ccc(COCCCOc2ccc([C@H]3[C@H](Cn4cncn4)CNC[C@@H]3OCc3ccc4ccccc4c3)cc2)cc1
CHEMBL31881,c1ccc(COCCCOc2ccc([C@H]3[C@H](Cn4cncn4)CNC[C@@H]3OCc3ccc4ccccc4c3)cc2)cc1
CHEMBL430539,COc1ccccc1COCCCOc1ccc([C@H]2CCNC[C@@H]2OCc2cc(OC)c3ccccc3c2OC)cc1
CHEMBL430539,COc1ccccc1COCCCOc1ccc([C@H]2CCNC[C@@H]2OCc2cc(OC)c3ccccc3c2OC)cc1
CHEMBL285146,COc1ccccc1COCCCOc1ccc([C@H]2CCNC[C@@H]2OCc2cc(OC)c3ccccc3c2OC)cn1
CHEMBL285146,COc1ccccc1COCCCOc1ccc([C@H]2CCNC[C@@H]2OCc2cc(OC)c3ccccc3c2OC)cn1
CHEMBL284451,CC(C)(C)OC(=O)N[C@@H](Cc1ccccc1)C(=O)N[C@@H](Cc1c[nH]cn1)C(=O)N[C@H](CC1CCCCC1)[C@H](O)[C@H](O)CN=[N+]=[N-]
CHEMBL284451,CC(C)(C)OC(=O)N[C@@H](Cc1ccccc1)C(=O)N[C@@H](Cc1c[nH]cn1)C(=O)N[C@H](CC1CCCCC1)[C@H](O)[C@H](O)CN=[N+]=[N-]
CHEMBL284451,CC(C)(C)OC(=O)N[C@@H](Cc1ccccc1)C(=O)N[C@@H](Cc1c[nH]cn1)C(=O)N[C@H](CC1CCCCC1)[C@H](O)[C@H](O)CN=[N+]=[N-]
CHEMBL3143967,CC[C@H](C)[C@H](NC(=O)CC(=O)[C@H](CC(C)C)NC(=O)[C@H](Cc1c[nH]cn1)NC(=O)[C@H](Cc1ccccc1)NC(=O)OC(C)(C)C)C(=O)NCc1ccccn1
CHEMBL28679,CC(C)(C)OC(=O)N[C@@H](Cc1ccccc1)C(=O)N[C@@H](Cc1c[nH]cn1)C(=O)N[C@H](CC1CCCCC1)[C@H](O)C(=O)CN=[N+]=[N-]
CHEMBL266334,CCSC(NC(=O)[C@H](Cc1ccccc1)NS(=O)(=O)N1CCOCC1)C(=O)N[C@@H](CC1CCCCC1)[C@@H](O)[C@@H](O)CC(C)C
CHEMBL280744,[N-]=[N+]=NC[C@@H](O)[C@@H](O)[C@@H](CC1CCCCC1)NC(=O)[C@H](Cc1c[nH]cn1)NC(=O)[C@H](Cc1ccccc1)NC(=O)C1CCOCC1
CHEMBL280744,[N-]=[N+]=NC[C@@H](O)[C@@H](O)[C@@H](CC1CCCCC1)NC(=O)[C@H](Cc1c[nH]cn1)NC(=O)[C@H](Cc1ccccc1)NC(=O)C1CCOCC1
CHEMBL31880,O=S(=O)(O)OC[C@@H]1CNC[C@H](OCc2ccc3ccccc3c2)[C@H]1c1ccc(OCCCOCc2ccccc2)cc1
CHEMBL127362,Cc1ccc(NC(=O)CSc2ccccc2)c(C)c1C(=O)NC(CC1CCCCC1)C(O)C(O)CC(C)C
CHEMBL413031,CCCCNC(=O)C(CC(O)C(CC1CCCCC1)NC(=O)C(Cc1cccnc1)c1nnc2c(CCC)nc(-c3cccnc3)cn12)C(C)C
CHEMBL306777,CCCCNC(=O)[C@@H](CC(O)C(CC1CCCCC1)NC(=O)Cc1nnc2c(CCC)nc(-c3cccnc3)cn12)C(C)C
CHEMBL74310,CCCc1nc(-c2cccnc2)cn2c(C(Cc3cccnc3)C(=O)NC(CC3CCCCC3)C(O)CC(C(=O)NCCN3CCOCC3)C(C)C)nnc12
CHEMBL307442,CCCCN(C)C(=O)C(CC(O)C(CC1CCCCC1)NC(=O)C(Cc1cccnc1)c1nnc2c(CCC)nc(-c3cccnc3)cn12)C(C)C
CHEMBL440779,CC(C)C(=O)N[C@@H](Cc1ccccc1)C(=O)N[C@@H](Cc1c[nH]cn1)C(=O)N[C@H](CC1CCCCC1)[C@H](O)[C@H](O)CN=[N+]=[N-]
CHEMBL440779,CC(C)C(=O)N[C@@H](Cc1ccccc1)C(=O)N[C@@H](Cc1c[nH]cn1)C(=O)N[C@H](CC1CCCCC1)[C@H](O)[C@H](O)CN=[N+]=[N-]
CHEMBL284891,C=C(CN=[N+]=[N-])[C@@H](O)[C@@H](CC1CCCCC1)NC(=O)[C@H](Cc1c[nH]cn1)NC(=O)[C@H](Cc1ccccc1)NC(=O)OC(C)(C)C
CHEMBL31428,O[C@H]1CNC[C@H](OCc2ccc3ccccc3c2)[C@H]1c1ccc(OCCCOCc2ccccc2)cc1
CHEMBL127776,CON(C)C(=O)CC(O)C(CC(C)C)NC(=O)C(Cc1c[nH]cn1)NC(=O)C(Cc1cccc2ccccc12)Cc1cccc2ccccc12
CHEMBL77107,CCCc1nc(-c2cccnc2)cn2c(C(Cc3cccnc3)C(=O)NC(CC3CCCCC3)C(O)CC(C(=O)NCc3ccccn3)C(C)C)nnc12
CHEMBL31675,c1ccc(COCCCOc2ccc([C@H]3[C@H](COCCN4CCOCC4)CNC[C@@H]3OCc3ccc4ccccc4c3)cc2)cc1
CHEMBL31675,c1ccc(COCCCOc2ccc([C@H]3[C@H](COCCN4CCOCC4)CNC[C@@H]3OCc3ccc4ccccc4c3)cc2)cc1
CHEMBL127856,Nc1nc(CC(NC(=O)C(Cc2ccccc2)NS(=O)(=O)N2CCOCC2)C(=O)NC(CC2CCCCC2)C(O)CC(CO)Cc2ccccc2)cs1
CHEMBL281299,O[C@@H]1CNC[C@H](OCc2ccc3ccccc3c2)[C@H]1c1ccc(OCCCOCc2ccccc2)cc1
CHEMBL3143966,CC[C@H](C)[C@H](NC(=O)C(F)(F)C(=O)[C@H](CC(C)C)NC(=O)[C@H](Cc1c[nH]cn1)NC(=O)[C@H](Cc1ccccc1)NC(=O)OC(C)(C)C)C(=O)NCc1ccccn1
CHEMBL30618,COc1ccccc1COCCCOc1ccc([C@H]2CCNC[C@@H]2OCc2ccc3cccnc3c2)cc1
CHEMBL30618,COc1ccccc1COCCCOc1ccc([C@H]2CCNC[C@@H]2OCc2ccc3cccnc3c2)cc1
CHEMBL283046,c1ccc(COCCCOc2ccc([C@H]3CCNC[C@@H]3OCc3ccc4c(c3)NCCC4)cc2)cc1
CHEMBL28701,CC(C)(C)OC(=O)N[C@@H](Cc1ccccc1)C(=O)N[C@@H](Cc1c[nH]cn1)C(=O)N[C@H](CC1CCCCC1)[C@H](O)CCN=[N+]=[N-]
CHEMBL432280,CC(C)(C)OC(=O)N[C@@H](Cc1ccccc1)C(=O)N[C@@H](Cc1c[nH]cn1)C(=O)N[C@H](CC1CCCCC1)[C@H](O)[C@@H](O)CN=[N+]=[N-]
CHEMBL31404,COc1ccccc1COCCCOc1ncc([C@H]2CCNC[C@@H]2OCc2cc(OC)c3ccccc3c2OC)cn1
CHEMBL31404,COc1ccccc1COCCCOc1ncc([C@H]2CCNC[C@@H]2OCc2cc(OC)c3ccccc3c2OC)cn1
CHEMBL265486,CCCc1nc(-c2cccnc2)cn2c(C(Cc3cccnc3)C(=O)NC(CC3CCCCC3)C(O)CC(C(=O)NCCCCO)C(C)C)nnc12
CHEMBL281436,COc1ccc(C[C@H](NC(=O)C(C)C)C(=O)N[C@@H](Cc2c[nH]cn2)C(=O)N[C@H](CC2CCCCC2)[C@H](O)[C@H](O)CN=[N+]=[N-])cc1
CHEMBL281436,COc1ccc(C[C@H](NC(=O)C(C)C)C(=O)N[C@@H](Cc2c[nH]cn2)C(=O)N[C@H](CC2CCCCC2)[C@H](O)[C@H](O)CN=[N+]=[N-])cc1
CHEMBL341531,CCC(CO)CC(O)C(CC1CCCCC1)NC(=O)C(Cc1csc(N)n1)NC(=O)C(Cc1ccccc1)NS(=O)(=O)N1CCOCC1
CHEMBL305717,CCCCNC(=O)C(CC(O)C(CC1CCCCC1)NC(=O)Cc1nnc2c(CC(C)C)nc(-c3ccccc3)cn12)C(C)C
CHEMBL332228,CC(C)CC(O)C(O)C(CC1CCCCC1)NC(=O)C(Cc1csc(N)n1)NC(=O)C(Cc1ccccc1)NS(=O)(=O)N1CCOCC1
CHEMBL284690,c1ccc(COCCCOc2ccc([C@H]3CCNC[C@@H]3OCc3ccc4cc(OCCN5CCOCC5)ccc4c3)cc2)cc1
CHEMBL286413,c1ccc(COCCCOc2ccc([C@H]3[C@H](CSc4ccncc4)CNC[C@@H]3OCc3ccc4ccccc4c3)cc2)cc1
CHEMBL339340,COC(=O)C(NC(=O)C(Cc1ccccc1)NS(=O)(=O)N1CCOCC1)C(=O)NC(CC1CCCCC1)C(O)C(O)CC(C)C
CHEMBL76697,CCCc1nc(-c2cccnc2)cn2c(C(Cc3cccnc3)C(=O)NC(CC3CCCCC3)C(O)CC(C(=O)NCCN(C)C)C(C)C)nnc12
CHEMBL57121,CC[C@H](C)[C@H](NC(=O)C[C@H](O)[C@H](CC(C)C)NC(=O)[C@H](Cc1c[nH]cn1)NC(=O)[C@H](Cc1ccccc1)NC(=O)OC(C)(C)C)C(=O)NCc1ccccn1
CHEMBL29315,CC(C)(C)OC(=O)N[C@@H](Cc1ccccc1)C(=O)N[C@@H](Cc1c[nH]cn1)C(=O)N[C@H](CC1CCCCC1)[C@H](O)CN=[N+]=[N-]
CHEMBL408084,CC(C)(C)OC(=O)N[C@@H](Cc1ccccc1)C(=O)N[C@@H](Cc1c[nH]cn1)C(=O)N[C@H](CC1CCCCC1)[C@H](O)[C@H](CO)CN=[N+]=[N-]
CHEMBL280503,COc1ccc(C[C@H](NC(=O)N2CCOCC2)C(=O)N[C@@H](Cc2c[nH]cn2)C(=O)N[C@H](CC2CCCCC2)[C@H](O)[C@H](O)CN=[N+]=[N-])cc1
CHEMBL280503,COc1ccc(C[C@H](NC(=O)N2CCOCC2)C(=O)N[C@@H](Cc2c[nH]cn2)C(=O)N[C@H](CC2CCCCC2)[C@H](O)[C@H](O)CN=[N+]=[N-])cc1
CHEMBL32002,COc1ccccc1COCCCOc1ccc([C@H]2CCNC[C@@H]2OCc2ccc3c(c2)NCCC3)cc1
CHEMBL32002,COc1ccccc1COCCCOc1ccc([C@H]2CCNC[C@@H]2OCc2ccc3c(c2)NCCC3)cc1
CHEMBL78096,CCCc1nc(-c2cccnc2)cn2c(C(Cc3cccnc3)C(=O)NC(CC3CCCCC3)C(O)CC(C(=O)N(C)CCN(C)C)C(C)C)nnc12
CHEMBL306098,CCCc1nc(-c2cccnc2)cn2c(C(Cc3cccnc3)C(=O)NC(CC3CCCCC3)C(O)CC(C(=O)N3CCOCC3)C(C)C)nnc12
CHEMBL29004,CC(C)(C)OC(=O)N[C@@H](Cc1ccccc1)C(=O)N[C@@H](Cc1c[nH]cn1)C(=O)N[C@H](CC1CCCCC1)[C@H](O)C(O)(CO)CN=[N+]=[N-]
CHEMBL127208,CCC(C)CNC(=O)CC(O)C(CC(C)C)NC(=O)C(CCCC/N=C(/S)NC)NC(=O)C(Cc1ccccc1)NS(=O)(=O)N(C)C
CHEMBL76697,CCCc1nc(-c2cccnc2)cn2c(C(Cc3cccnc3)C(=O)NC(CC3CCCCC3)C(O)CC(C(=O)NCCN(C)C)C(C)C)nnc12
CHEMBL90683,CC[C@@H](O)C[C@H](O)[C@H](CC1CCCCC1)NC(=O)CNC(=O)[C@H](Cc1ccccc1)NS(=O)(=O)N1CCOCC1
CHEMBL88654,CC[C@@H](O)C[C@H](O)[C@H](CC1CCCCC1)NC(=O)[C@H](Cc1csc(N)c1)NC(=O)[C@H](Cc1ccccc1)NS(=O)(=O)N1CCOCC1
CHEMBL308986,CC(C)Cc1nc(-c2ccccc2)cn2c(CC(=O)NC(=O)CC(O)C(CC3CCCCC3)NC(=O)C(CC(C)C)NCc3ccccn3)nnc12
CHEMBL316095,C=CC[C@H](NC(=O)[C@H](Cc1ccccc1)NS(=O)(=O)N1CCOCC1)C(=O)N[C@@H](CC1CCCCC1)[C@@H](O)C[C@H](O)CC
CHEMBL307912,CC(C)Cc1nc(-c2ccccc2)cn2c(C(Cc3cccnc3)C(=O)NC(=O)CC(O)C(CC3CCCCC3)NC(=O)C(CC(C)C)NCc3cccc(CN)c3)nnc12
CHEMBL62380,C=CC[C@H](NC(=O)[C@H](Cc1ccccc1)NS(=O)(=O)N1CCOCC1)C(=O)N[C@@H](CC1CCCCC1)[C@@H](O)[C@@H](O)CC(C)C
CHEMBL88340,C=CC[C@H](NC(=O)[C@H](Cc1ccccc1)NS(=O)(=O)N1CCOCC1)C(=O)N[C@@H](CC1CCCCC1)[C@@H](O)C(F)(F)C(=O)NCCN1CCOCC1
CHEMBL307911,CC(C)Cc1nc(-c2ccccc2)cn2c(C(Cc3cccnc3)C(=O)NC(=O)CC(O)C(CC(C)C)NC(=O)C(CC(C)C)NCc3cccc(CN)c3)nnc12
CHEMBL424423,CC(C)Cc1nc(-c2ccccc2)cn2c(C(Cc3cccnc3)C(=O)NC(=O)C[C@H](O)[C@H](CC3CCCCC3)NC(=O)C(CC(C)C)NCCCC[C@H](N)C(=O)O)nnc12
CHEMBL3348525,CC[C@@H](O)C[C@H](O)[C@H](CC1CCCCC1)NC(=O)[C@H](Cc1c[nH]cn1)NC(=O)[C@H](Cc1ccccc1)NS(=O)(=O)N1CCOCC1
CHEMBL87025,C=CC[C@H](NC(=O)[C@H](Cc1ccccc1)NS(=O)(=O)N1CCOCC1)C(=O)N[C@@H](CC1CCCCC1)[C@@H](O)C[C@H](O)C1SCCCS1
CHEMBL88356,C=CC[C@H](NC(=O)[C@H](Cc1ccccc1)NS(=O)(=O)N1CCOCC1)C(=O)N[C@@H](CC1CCCCC1)[C@@H](O)C[C@@H](O)CC
CHEMBL88415,C=CC[C@H](NC(=O)[C@H](Cc1ccccc1)NS(=O)(=O)N1CCOCC1)C(=O)N[C@@H](CC1CCCCC1)C(=O)C(F)(F)C(=O)NC[C@@H](C)CC
CHEMBL305692,CC(C)Cc1nc(-c2ccccc2)cn2c(C(Cc3cccnc3)C(=O)NC(=O)C[C@H](O)[C@H](CC3CCCCC3)NC(=O)C(CC(C)C)NCCCC(=O)O)nnc12
CHEMBL307389,CCCc1nc(-c2cccnc2)cn2c(C(Cc3cccnc3)C(=O)NC(=O)C[C@H](O)[C@H](CC3CCCCC3)NC(=O)C(CC(C)C)NCc3cccc(CN)c3)nnc12
CHEMBL78121,CC(C)Cc1nc(-c2ccccc2)cn2c(C(Cc3cccnc3)C(=O)N[C@@H](CC3CCCCC3)C(O)C3CCCCC3)nnc12
CHEMBL287423,C=CC[C@H](NC(=O)[C@H](Cc1ccccc1)NS(=O)(=O)N1CCOCC1)C(=O)N[C@@H](CC1CCCCC1)C(=O)C(F)(F)C(=O)NCCN1CCOCC1
CHEMBL431401,CCCc1nc(-c2cccnc2)cn2c(CC(=O)N[C@@H](CC3CCCCC3)C(O)C3CCCCC3)nnc12
CHEMBL307911,CC(C)Cc1nc(-c2ccccc2)cn2c(C(Cc3cccnc3)C(=O)NC(=O)CC(O)C(CC(C)C)NC(=O)C(CC(C)C)NCc3cccc(CN)c3)nnc12
CHEMBL74564,CC(C)Cc1nc(-c2ccccc2)cn2c(C(Cc3cccnc3)C(=O)NC(=O)CC(O)C(CC3CCCCC3)NC(=O)C(CC(C)C)NCc3ccccn3)nnc12
CHEMBL329220,CC[C@@H](O)C[C@H](O)[C@H](CC1CCCCC1)NC(=O)[C@H](CC(=O)OC)NC(=O)[C@H](Cc1ccccc1)NS(=O)(=O)N1CCOCC1
CHEMBL84970,C=CC[C@H](NC(=O)[C@H](Cc1ccccc1)NS(=O)(=O)N1CCOCC1)C(=O)N[C@@H](CC1CCCCC1)[C@@H](O)C[C@H](O)C(C)C
CHEMBL88526,C=CCSC(NC(=O)[C@H](Cc1ccccc1)NS(=O)(=O)N1CCOCC1)C(=O)N[C@@H](CC1CCCCC1)[C@@H](O)C[C@@H](O)CC
CHEMBL313773,C=CC[C@H](NC(=O)[C@H](Cc1ccccc1)NS(=O)(=O)N1CCOCC1)C(=O)N[C@@H](CC1CCCCC1)[C@@H](O)C(F)(F)C(=O)NC[C@@H](C)CC
CHEMBL307912,CC(C)Cc1nc(-c2ccccc2)cn2c(C(Cc3cccnc3)C(=O)NC(=O)CC(O)C(CC3CCCCC3)NC(=O)C(CC(C)C)NCc3cccc(CN)c3)nnc12
CHEMBL147879,CCCCNC(=O)[C@H](C)C[C@H](O)[C@H](CC1CCCCC1)NC(=O)[C@H](CCCC)OP(=O)(CCCc1ccccc1)OCC
CHEMBL146460,CCCCNC(=O)[C@H](C)C[C@H](O)[C@H](CC1CCCCC1)NC(=O)[C@H](C)OP(=O)(O)CCCc1ccccc1
CHEMBL1791135,CCCC[C@H](OP(=O)(O)CCCc1ccccc1)C(=O)N[C@@H](CC1CCCCC1)[C@@H](O)CC(=O)N[C@@H](C(=O)NCc1cnc(C)nc1N)[C@@H](C)CC
CHEMBL342505,CCCCNC(=O)[C@@H](C)C[C@@H](O)[C@@H](CC1CCCCC1)NC(=O)[C@H](CCCC)OP(=O)(O)CCc1ccccc1
CHEMBL293196,CCCCNC(=O)[C@@H](C[C@H](O)[C@H](CC1CCCCC1)NC(=O)[C@H](Cc1c[nH]cn1)NC(=O)[C@H](Cc1ccccc1)CS(=O)(=O)C(C)(C)C)C(C)C
CHEMBL144073,CCCCNC(=O)[C@H](C)C[C@H](O)[C@H](CC1CCCCC1)NC(=O)[C@@H](CCC)OP(=O)(O)CCCc1ccccc1
CHEMBL344138,CCCCNC(=O)[C@@H](C)C[C@@H](O)[C@@H](CC1CCCCC1)NC(=O)[C@H](CCCC)OP(=O)(O)CCCc1ccccc1
CHEMBL356144,CCCCNC(=O)[C@H](C)C[C@H](O)[C@H](CC1CCCCC1)NC(=O)[C@H](CCC)OP(=O)(O)CCCc1ccccc1
CHEMBL148073,CCCC[C@H](OP(=O)(O)CCCc1ccccc1)C(=O)N[C@@H](CC1CCCCC1)[C@@H](O)CCSc1ccccn1
CHEMBL143837,CCCCNC(=O)[C@H](C)C[C@H](O)[C@H](CC1CCCCC1)NC(=O)[C@@H](C)OP(=O)(O)CCCc1ccccc1
CHEMBL144349,CCCC[C@H](OP(=O)(O)CCCc1ccccc1)C(=O)N[C@@H](CC1CCCCC1)[C@@H](O)C(O)CC(C)C
CHEMBL146651,CCCCNC(=O)[C@H](C)C[C@H](O)[C@H](CC1CCCCC1)NC(=O)[C@H](CCCC)OP(=O)(CCCc1ccccc1)OC(=O)c1ccccc1
CHEMBL144812,CCC[C@@H](OP(=O)(CCCc1ccccc1)OCC)C(=O)N[C@@H](CC1CCCCC1)[C@@H](O)[C@@H](O)C1CC1
CHEMBL356494,CCC[C@@H](OP(=O)(CCCc1ccccc1)OCC)C(=O)N[C@@H](CC1CCCCC1)[C@@H](O)[C@@H](O)CC(C)C
CHEMBL356494,CCC[C@@H](OP(=O)(CCCc1ccccc1)OCC)C(=O)N[C@@H](CC1CCCCC1)[C@@H](O)[C@@H](O)CC(C)C
CHEMBL146651,CCCCNC(=O)[C@H](C)C[C@H](O)[C@H](CC1CCCCC1)NC(=O)[C@H](CCCC)OP(=O)(CCCc1ccccc1)OC(=O)c1ccccc1
CHEMBL144812,CCC[C@@H](OP(=O)(CCCc1ccccc1)OCC)C(=O)N[C@@H](CC1CCCCC1)[C@@H](O)[C@@H](O)C1CC1
CHEMBL436607,CCCCNC(=O)[C@H](C)C[C@H](O)[C@H](CC1CCCCC1)NC(=O)[C@@H](CCCC)OP(=O)(CCCc1ccccc1)OCC
CHEMBL147879,CCCCNC(=O)[C@H](C)C[C@H](O)[C@H](CC1CCCCC1)NC(=O)[C@H](CCCC)OP(=O)(CCCc1ccccc1)OCC
CHEMBL144723,CCCCNC(=O)[C@H](C)C[C@H](O)[C@H](CC1CCCCC1)NC(=O)[C@H](CCCC)OP(=O)(O)CCCc1ccccc1
CHEMBL421776,CCCCNC(=O)[C@@H](C[C@H](O)[C@H](CC(C)C)NC(=O)[C@H](CCCC)OP(=O)(O)CCCc1ccccc1)C(C)C
CHEMBL148625,CCCC[C@H](OP(=O)(O)CCCc1ccccc1)C(=O)N[C@@H](CC1CCCCC1)[C@@H](O)C(=O)OC(C)C
CHEMBL57492,C=CCOC(=O)C(NC(=O)[C@H](Cc1ccccc1)NS(=O)(=O)N1CCOCC1)C(=O)N[C@@H](CC1CCCCC1)[C@@H](O)[C@H](O)CC(C)C
CHEMBL292677,CC(C)C[C@@H](O)[C@H](O)[C@H](CC1CCCCC1)NC(=O)C(NC(=O)[C@H](Cc1ccccc1)NS(=O)(=O)N1CCOCC1)C(=O)NC(Cc1c[nH]cn1)C(=O)O
CHEMBL293196,CCCCNC(=O)[C@@H](C[C@H](O)[C@H](CC1CCCCC1)NC(=O)[C@H](Cc1c[nH]cn1)NC(=O)[C@H](Cc1ccccc1)CS(=O)(=O)C(C)(C)C)C(C)C
CHEMBL2052021,CC(=O)O.CC(C)C[C@H](C[C@H](O)[C@H](CC1CCCCC1)NC(=O)[C@H](Cc1c[nH]cn1)NC(=O)[C@H](Cc1ccccc1)NC(=O)OC(C)(C)C)C(=O)N[C@@H](CCCCN)C(=O)N[C@@H](Cc1ccccc1)C(=O)O
CHEMBL2052021,CC(=O)O.CC(C)C[C@H](C[C@H](O)[C@H](CC1CCCCC1)NC(=O)[C@H](Cc1c[nH]cn1)NC(=O)[C@H](Cc1ccccc1)NC(=O)OC(C)(C)C)C(=O)N[C@@H](CCCCN)C(=O)N[C@@H](Cc1ccccc1)C(=O)O
CHEMBL58153,COC(=O)C(NC(=O)[C@H](Cc1ccccc1)NS(=O)(=O)N1CCOCC1)C(=O)N[C@@H](CC1CCCCC1)[C@@H](O)[C@H](O)CC(C)C
CHEMBL291719,COC(=O)CCC(NC(=O)[C@H](Cc1ccccc1)NS(=O)(=O)N1CCOCC1)C(=O)N[C@@H](CC1CCCCC1)[C@@H](O)[C@H](O)CC(C)C
CHEMBL293328,COC(=O)C(NC(=O)[C@H](Cc1ccccc1)NS(=O)(=O)N1CCOCC1)C(=O)N[C@@H](CC1CCCCC1)[C@@H](O)CC(=O)NCCN1CCOCC1
CHEMBL60550,CSC[C@H](NC(=O)[C@H](Cc1ccccc1)NC(=O)N1CCOCC1)C(=O)N[C@@H](CC1CCCCC1)[C@@H](O)C(=O)OC(C)C
CHEMBL58153,COC(=O)C(NC(=O)[C@H](Cc1ccccc1)NS(=O)(=O)N1CCOCC1)C(=O)N[C@@H](CC1CCCCC1)[C@@H](O)[C@H](O)CC(C)C
CHEMBL299252,COC(=O)C(NC(=O)[C@H](Cc1ccccc1)NS(=O)(=O)N1CCOCC1)C(=O)N[C@@H](CC1CCCCC1)C(=O)C(F)(F)C(=O)NCCN1CCOCC1
CHEMBL58153,COC(=O)C(NC(=O)[C@H](Cc1ccccc1)NS(=O)(=O)N1CCOCC1)C(=O)N[C@@H](CC1CCCCC1)[C@@H](O)[C@H](O)CC(C)C
CHEMBL58256,CC(C)C[C@@H](O)[C@H](O)[C@H](CC1CCCCC1)NC(=O)C(NC(=O)[C@H](Cc1ccccc1)NS(=O)(=O)N1CCOCC1)C(=O)OC(C)C
CHEMBL300337,COc1ccc(C[C@H](NC(=O)CC(C)(C)N)C(=O)N[C@@H](Cc2c[nH]cn2)C(=O)N[C@@H](CC2CCCCC2)[C@@H](O)[C@@H](O)CC(C)C)cc1
CHEMBL58947,COC(=O)CC(NC(=O)[C@H](Cc1ccccc1)NS(=O)(=O)N1CCOCC1)C(=O)N[C@@H](CC1CCCCC1)[C@@H](O)[C@H](O)CC(C)C
CHEMBL60535,CC(C)C[C@@H](O)[C@H](O)[C@H](CC1CCCCC1)NC(=O)C(NC(=O)[C@H](Cc1ccccc1)NS(=O)(=O)N1CCOCC1)C(=O)O
CHEMBL56982,CCCCCCOC(=O)C(NC(=O)[C@H](Cc1ccccc1)NS(=O)(=O)N1CCOCC1)C(=O)N[C@@H](CC1CCCCC1)[C@@H](O)[C@H](O)CC(C)C
CHEMBL431751,COC(=O)C(NC(=O)[C@H](Cc1ccccc1)NS(=O)(=O)N1CCOCC1)C(=O)N[C@@H](CC(C)C)[C@@H](O)CC(=O)NCCN1CCOCC1
CHEMBL62054,COP(=O)(OC)C(O)[C@H](CC1CCCCC1)NC(=O)[C@H](CSC)NC(=O)[C@H](Cc1ccccc1)NC(=O)N1CCOCC1
CHEMBL292726,COP(=O)(OC)C(O)[C@H](CC1CCCCC1)NC(=O)[C@H](CCc1c[nH]cn1)NC(=O)[C@H](Cc1ccccc1)NC(=O)N1CCOCC1
CHEMBL408572,CCCC[C@H](NC(=O)[C@H](Cc1ccccc1)NC(=O)N1CCOCC1)C(=O)N[C@@H](CC1CCCCC1)C(O)P(=O)(OC)OC
CHEMBL59973,CSC[C@H](NC(=O)[C@H](Cc1ccccc1)NC(=O)N1CCOCC1)C(=O)N[C@@H](CC1CCCCC1)[C@@H](O)P1(=O)OCCCO1
CHEMBL59973,CSC[C@H](NC(=O)[C@H](Cc1ccccc1)NC(=O)N1CCOCC1)C(=O)N[C@@H](CC1CCCCC1)[C@@H](O)P1(=O)OCCCO1
CHEMBL59973,CSC[C@H](NC(=O)[C@H](Cc1ccccc1)NC(=O)N1CCOCC1)C(=O)N[C@@H](CC1CCCCC1)[C@@H](O)P1(=O)OCCCO1
CHEMBL262672,CCCOP(=O)(OCCC)C(O)[C@H](CC1CCCCC1)NC(=O)[C@H](CSC)NC(=O)[C@H](Cc1ccccc1)NC(=O)N1CCOCC1
CHEMBL59984,CCOP(=O)(OCC)C(O)[C@H](CC1CCCCC1)NC(=O)[C@H](CSC)NC(=O)[C@H](Cc1ccccc1)NC(=O)N1CCOCC1
CHEMBL60550,CSC[C@H](NC(=O)[C@H](Cc1ccccc1)NC(=O)N1CCOCC1)C(=O)N[C@@H](CC1CCCCC1)[C@@H](O)C(=O)OC(C)C
CHEMBL60550,CSC[C@H](NC(=O)[C@H](Cc1ccccc1)NC(=O)N1CCOCC1)C(=O)N[C@@H](CC1CCCCC1)[C@@H](O)C(=O)OC(C)C
CHEMBL60550,CSC[C@H](NC(=O)[C@H](Cc1ccccc1)NC(=O)N1CCOCC1)C(=O)N[C@@H](CC1CCCCC1)[C@@H](O)C(=O)OC(C)C
CHEMBL304446,CSC[C@H](NC(=O)[C@H](Cc1ccccc1)NC(=O)N1CCOCC1)C(=O)N[C@@H](CC1CCCCC1)C(O)P(=O)(OCc1ccccc1)OCc1ccccc1
CHEMBL1790076,CC[C@@H](C)[C@H](NC(=O)[C@@H](CC(O)[C@H](CC(C)C)NC(=O)[C@@H](CC(=O)O)NC(=O)Cc1ccccc1)C(C)C)C(=O)N(C)c1ccccn1
CHEMBL1790063,CC[C@@H](C)[C@H](NC(=O)[C@@H](CC(O)[C@H](CC(C)C)NC(=O)[C@H](CC(=O)O)NC(=O)Cc1ccccc1)C(C)C)C(=O)N(C)c1ccccn1
CHEMBL28050,CC[C@@H](C)CNC(=O)[C@@H](CC(O)[C@H](CC(C)C)NC(=O)[C@@H](CC(=O)O)NC(=O)COc1ccccc1)C(C)C
CHEMBL1790065,CC[C@@H](C)[C@H](NC(=O)[C@@H](CC(O)[C@H](CC(C)C)NC(=O)[C@H](Cc1c[nH]cn1)NC(=O)COc1ccccc1)C(C)C)C(=O)N(C)c1ccccn1
CHEMBL1790103,CCCC[C@H](NC(=O)CCc1ccccc1)C(=O)N[C@@H](CC(C)C)[C@@H](O)C[C@H](C(=O)N[C@H](C(=O)NCc1ccccn1)[C@H](C)CC)C(C)C
CHEMBL442105,CC[C@@H](C)CNC(=O)[C@@H](CC(O)[C@H](CC1CCCCC1)NC(=O)C(C(=O)COc1ccccc1)C(O)C(=O)O)C(C)C
CHEMBL1790066,CC[C@@H](C)[C@H](NC(=O)[C@@H](CC(O)[C@H](CC(C)C)NC(=O)C(C(=O)COc1ccccc1)C(O)C(=O)O)C(C)C)C(=O)N(C)c1ccccn1
CHEMBL26486,CC[C@@H](C)CNC(=O)[C@@H](CC(O)[C@H](CC(C)C)NC(=O)C(C(=O)Cc1ccccc1)C(O)C(=O)O)C(C)C
CHEMBL166798,CCC[C@H](NC(=O)[C@H](Cc1ccccc1)N1Cc2ccccc2C1=O)C(=O)N[C@@H](CC1CCCCC1)C(O)C(=O)OC(C)C
CHEMBL352523,COC(=O)C(O)[C@H](CC1CCCCC1)NC(=O)C(CC(C)C)NC(=O)[C@H](Cc1ccccc1)NC(=O)OC(C)(C)C
CHEMBL352523,COC(=O)C(O)[C@H](CC1CCCCC1)NC(=O)C(CC(C)C)NC(=O)[C@H](Cc1ccccc1)NC(=O)OC(C)(C)C
CHEMBL1790106,CCCC[C@@H](C(=O)N[C@@H](CC(C)C)[C@@H](O)C[C@H](C(=O)N[C@H](C(=O)NCc1ccccn1)[C@H](C)CC)C(C)C)N1CCC(Cc2ccccc2)(NC(=O)OCc2ccccc2)C1=O
CHEMBL168638,COC(=O)C(O)[C@H](CC1CCCCC1)NC(=O)C(CC(C)C)NC(=O)[C@H](Cc1ccccc1)N1Cc2ccccc2C1=O
CHEMBL353306,COC(=O)C(O)[C@H](CC1CCCCC1)NC(=O)C(CC(C)C)NC(=O)[C@H](Cc1ccccc1)N1Cc2ncccc2C1=O
CHEMBL1790062,CC[C@@H](C)[C@H](NC(=O)[C@@H](CC(O)[C@H](CC1CCCCC1)NC(=O)[C@@H](CC(=O)O)NC(=O)COc1ccccc1)C(C)C)C(=O)N(C)c1ccccn1
CHEMBL1790107,CCCC[C@H](NC(=O)[C@H](Cc1ccccc1)NC(=O)OCc1ccccc1)C(=O)N[C@@H](CC(C)C)[C@@H](O)C[C@H](C(=O)N[C@H](C(=O)NCc1ccccn1)[C@H](C)CC)C(C)C
CHEMBL26076,CC[C@@H](C)CNC(=O)[C@@H](NC(O)[C@@H](CC(=O)[C@H](CC(=O)O)NC(=O)COc1ccccc1)CC1CCCCC1)C(C)C
CHEMBL352572,CC(C)CC(NC(=O)[C@H](Cc1ccccc1)N1CC2CCCN2C1=O)C(=O)N[C@@H](CC1CCCCC1)C(O)C(=O)OC(C)C
CHEMBL353820,CCCC[C@H](NC(=O)[C@H](Cc1ccccc1)N1Cc2ccccc2C1=O)C(=O)N[C@@H](CC1CCCCC1)C(O)C(=O)OC(C)C
CHEMBL1790064,CC[C@@H](C)[C@H](NC(=O)[C@@H](CC(O)[C@H](CC(C)C)NC(=O)[C@@H](CC(=O)O)NC(=O)COc1ccccc1)C(C)C)C(=O)N(C)c1ccccn1
CHEMBL353900,CC(C)CC(NC(=O)[C@H](Cc1ccccc1)N1CCCC1=O)C(=O)N[C@@H](CC1CCCCC1)C(O)C(=O)OC(C)C
CHEMBL1790067,CC[C@@H](C)[C@H](NC(=O)[C@@H](CC(O)[C@H](CC(C)C)NC(=O)C(C(=O)Cc1ccccc1)C(O)C(=O)O)C(C)C)C(=O)N(C)c1ccccn1
CHEMBL1793900,CCCC[C@@H](C(=O)N[C@@H](CC(C)C)[C@@H](O)C[C@H](C(=O)N[C@H](C(=O)NCc1ccccn1)[C@@H](C)CC)C(C)C)N1CCC(Cc2ccccc2)C1=O
CHEMBL1790070,CC[C@@H](C)[C@H](NC(=O)[C@@H](CC(O)[C@H](CC1CCCCC1)NC(=O)[C@@H](CC(=O)O)NC(=O)Cc1ccccc1)C(C)C)C(=O)N(C)c1ccccn1
CHEMBL1790106,CCCC[C@@H](C(=O)N[C@@H](CC(C)C)[C@@H](O)C[C@H](C(=O)N[C@H](C(=O)NCc1ccccn1)[C@H](C)CC)C(C)C)N1CCC(Cc2ccccc2)(NC(=O)OCc2ccccc2)C1=O
CHEMBL352480,CC(C)CC(NC(=O)[C@H](Cc1ccccc1)N1Cc2ccccc2C1=O)C(=O)N[C@@H](CC1CCCCC1)C(O)C(=O)OC(C)C
CHEMBL2021411,CC[C@@H](C)CNC(=O)[C@@H](CC(O)[C@H](CC(C)C)NC(=O)C(C(=O)COc1ccccc1)C(O)C(=O)[O-])C(C)C.[Na+]
CHEMBL1793900,CCCC[C@@H](C(=O)N[C@@H](CC(C)C)[C@@H](O)C[C@H](C(=O)N[C@H](C(=O)NCc1ccccn1)[C@@H](C)CC)C(C)C)N1CCC(Cc2ccccc2)C1=O
CHEMBL1790073,CC[C@@H](C)[C@H](NC(=O)[C@@H](CC(O)[C@H](CC(C)C)NC(=O)[C@H](Cc1c[nH]cn1)NC(=O)Cc1ccccc1)C(C)C)C(=O)N(C)c1ccccn1
CHEMBL353061,COC(=O)C(O)[C@H](CC1CCCCC1)NC(=O)C(Cc1c[nH]cn1)NC(=O)[C@H](Cc1ccccc1)N1Cc2ccccc2C1=O
CHEMBL352970,CC(C)CC(NC(=O)[C@H](Cc1ccccc1)N1Cc2cccc3cccc(c23)C1=O)C(=O)N[C@@H](CC1CCCCC1)C(O)C(=O)OC(C)C
CHEMBL354179,CC(C)CC(NC(=O)[C@H](Cc1ccccc1)N1Cc2nccn2C1=O)C(=O)N[C@@H](CC1CCCCC1)C(O)C(=O)OC(C)C
CHEMBL116427,CSC[C@H](NC(=O)[C@H](Cc1ccccc1)OC(=O)N1CCC(N)CC1)C(=O)N[C@@H](CC1CCCCC1)[C@@H](O)Cn1ccccc1=O
CHEMBL325721,CCCC(NC(=O)[C@H](Cc1ccccc1)OC(=O)N1CCC(N)CC1)C(=O)N[C@@H](CC1CCCCC1)[C@@H](O)CCSc1ccccn1
CHEMBL119383,CC(C)OC(=O)CC(O)C(CC1CCCCC1)NC(=O)[C@H](Cc1c[nH]cn1)NC(=O)[C@H](Cc1ccccc1)NC(=O)OC(C)(C)C
CHEMBL116247,CSC[C@H](NC(=O)[C@H](Cc1ccccc1)OC(=O)N1CCC(N)CC1)C(=O)N[C@@H](CC1CCCCC1)[C@@H](O)CCSc1ncccn1
CHEMBL334319,CC(C)(C)OC(=O)N[C@@H](Cc1ccccc1)C(=O)N[C@@H](Cc1c[nH]cn1)C(=O)NC(CC1CCCCC1)C(O)CSc1ccccn1
CHEMBL118172,O=C(N[C@@H](CC1CCCCC1)[C@@H](O)CCSc1ccccn1)[C@H](Cc1c[nH]cn1)NC(=O)[C@H](Cc1ccccc1)OC(=O)N1CCOCC1
CHEMBL386861,CC(=O)N[C@@H](Cc1c[nH]cn1)C(=O)N1CCC[C@@H]1C(=O)N[C@@H](Cc1ccccc1)C(=O)N[C@@H](Cc1c[nH]cn1)C(=O)N[C@@H](CC1CCCCC1)[C@@H](O)CC(=O)N[C@@H](CC(C)C)C(=O)N[C@@H](Cc1ccccc1)C(N)=O
CHEMBL116823,CC(C)CC(NC(=O)[C@H](Cc1ccccc1)OC(=O)N1CCC(N)CC1)C(=O)N[C@@H](CC1CCCCC1)[C@@H](O)CCSc1ccccn1
CHEMBL118178,CSC[C@H](NC(=O)[C@H](Cc1ccccc1)OC(=O)N1CCC(N)CC1)C(=O)N[C@@H](CC1CCCCC1)[C@@H](O)CSc1nc[nH]n1
CHEMBL324384,CSC[C@H](NC(=O)[C@H](Cc1ccccc1)OC(=O)N1CCC(N)CC1)C(=O)N[C@@H](CC1CCCCC1)[C@@H](O)COc1ccccn1
CHEMBL118719,CSC[C@H](NC(=O)[C@H](Cc1ccccc1)OC(=O)N1CCC(N)CC1)C(=O)N[C@@H](CC1CCCCC1)[C@@H](O)COc1ccncc1
CHEMBL115430,CC(C)(C)OC(=O)N[C@@H](Cc1ccccc1)C(=O)N[C@@H](Cc1c[nH]cn1)C(=O)NC(CC1CCCCC1)C(O)CC(=O)Nc1ccccc1
CHEMBL116483,CSC[C@H](NC(=O)[C@H](Cc1ccccc1)OC(=O)N1CCC(N)CC1)C(=O)N[C@@H](CC1CCCCC1)[C@@H](O)CSc1ccccn1
CHEMBL330783,CSC[C@H](NC(=O)[C@H](Cc1ccccc1)OC(=O)N1CCC(N)CC1)C(=O)N[C@@H](CC1CCCCC1)[C@@H](O)CCSc1ccncc1
CHEMBL445901,CSC[C@H](NC(=O)[C@H](Cc1ccccc1)OC(=O)N1CCC(N)CC1)C(=O)N[C@@H](CC1CCCCC1)[C@@H](O)CCSc1nccs1
CHEMBL266410,CC(=O)N[C@@H](Cc1c[nH]cn1)C(=O)N1CCC[C@@H]1C(=O)N[C@@H](Cc1ccccc1)C(=O)N[C@@H](Cc1c[nH]cn1)C(=O)N[C@@H](CC(C)C)[C@@H](O)CC(=O)N[C@@H](CC(C)C)C(=O)N[C@@H](Cc1ccccc1)C(N)=O
CHEMBL119893,CC(C)(C)OC(=O)N[C@@H](Cc1ccccc1)C(=O)N[C@@H](Cc1c[nH]cn1)C(=O)NC(CC1CCCCC1)C(O)CCSc1ccccn1
CHEMBL118686,CCCCC(NC(=O)[C@H](Cc1ccccc1)OC(=O)N1CCC(N)CC1)C(=O)N[C@@H](CC1CCCCC1)[C@@H](O)CCSc1ccccn1
CHEMBL413085,CC(=O)N[C@@H](Cc1c[nH]cn1)C(=O)N1CCC[C@@H]1C(=O)N[C@@H](Cc1ccccc1)C(=O)N[C@H](C(=O)N[C@@H](CC1CCCCC1)[C@@H](O)CC(=O)N[C@@H](CC(C)C)C(=O)N[C@@H](Cc1ccccc1)C(N)=O)C(C)C
CHEMBL327068,CC(C)(C)OC(=O)N[C@@H](Cc1ccccc1)C(=O)N[C@@H](Cc1c[nH]cn1)C(=O)NC(CC1CCCCC1)C(O)COc1ccccn1
CHEMBL118421,NC1CCN(C(=O)O[C@@H](Cc2ccccc2)C(=O)N[C@@H](Cc2c[nH]cn2)C(=O)N[C@@H](CC2CCCCC2)[C@@H](O)CCSc2ccccn2)CC1
CHEMBL385618,CC(=O)N[C@@H](Cc1c[nH]cn1)C(=O)N1CCC[C@@H]1C(=O)N[C@@H](Cc1ccccc1)C(=O)N[C@H](C(=O)N[C@@H](CC(C)C)[C@@H](O)CC(=O)N[C@@H](CC(C)C)C(=O)N[C@@H](Cc1ccccc1)C(N)=O)C(C)C
CHEMBL325822,CSCCC(NC(=O)[C@H](Cc1ccccc1)OC(=O)N1CCC(N)CC1)C(=O)N[C@@H](CC1CCCCC1)[C@@H](O)CCSc1ccccn1
CHEMBL334254,CSC[C@H](NC(=O)[C@H](Cc1ccccc1)OC(=O)N1CCC(N)CC1)C(=O)N[C@@H](CC1CCCCC1)[C@@H](O)CCSc1ncc(CO)n1C
CHEMBL421050,CSC[C@H](NC(=O)[C@H](Cc1ccccc1)OC(=O)N1CCC(N)CC1)C(=O)N[C@@H](CC1CCCCC1)[C@@H](O)CCSc1nnnn1C
CHEMBL325241,CSCC(NC(=O)[C@H](Cc1ccccc1)OC(=O)N1CCC(N)CC1)C(=O)N[C@@H](CC1CCCCC1)[C@@H](O)CCSc1ccccn1
CHEMBL117799,CC(C)(C)OC(=O)N[C@@H](Cc1ccccc1)C(=O)N[C@@H](Cc1c[nH]cn1)C(=O)NC(CC1CCCCC1)C(O)CCCSc1ccccn1
CHEMBL119292,CC(C)(C)OC(=O)NC1CCN(C(=O)O[C@@H](Cc2ccccc2)C(=O)N[C@@H](Cc2c[nH]cn2)C(=O)N[C@@H](CC2CCCCC2)[C@@H](O)CCSc2ccccn2)CC1
CHEMBL333706,CC(C)(C)S(=O)(=O)C[C@@H](Cc1ccccc1)C(=O)N[C@@H](Cc1c[nH]cn1)C(=O)N[C@@H](CC1CCCCC1)[C@@H](O)CCSc1ccccn1
CHEMBL327069,CSC[C@H](NC(=O)[C@H](Cc1ccccc1)OC(=O)N1CCC(N)CC1)C(=O)N[C@@H](CC1CCCCC1)[C@@H](O)CCSc1nnc(C)s1
CHEMBL264192,CCCC[C@H](O[C@@H](Cc1ccccc1)C(=O)N1CCC(OCSC)CC1)C(=O)N[C@@H](CC1CCCCC1)[C@@H](O)[C@@H](O)CC(C)C
CHEMBL416472,CC(C)C[C@H](O)[C@H](O)[C@H](CC1CCCCC1)NC(=O)[C@@H](CC(=O)N(CC(=O)N(C)CCc1ccccn1)CC1CCCCC1)Cc1csc(N)n1
CHEMBL48762,CCCC[C@H](O[C@@H](Cc1ccccc1)C(=O)N1CCC(CCOC)CC1)C(=O)N[C@@H](CC1CCCCC1)[C@@H](O)[C@@H](O)CC(C)C
CHEMBL2028947,CC[C@H](C)[C@H](NC(=O)[C@@H](CC(O)[C@H](CC(C)C)NC(=O)[C@H](Cc1c[nH]cn1)N(C)C(=O)[C@H](Cc1ccccc1)NC(=O)[C@@H]1CCCN1C(=O)CCCOP(=O)(O)O)C(C)C)C(=O)NCc1cccc[n+]1[O-]
CHEMBL2371853,CC(C)C[C@H](NC(=O)[C@H](Cc1c[nH]cn1)NC(=O)[C@H](Cc1ccccc1)NC(=O)[C@@H]1CCCN1C(=O)[C@H](Cc1c[nH]cn1)NC(=O)[C@@H]1CCCN1)[C@@H](O)CC(=O)N[C@H](C(=O)N[C@@H](Cc1ccc(O)cc1)C(=O)N[C@@H](CCCCN)C(=O)O)C(C)C
CHEMBL2371853,CC(C)C[C@H](NC(=O)[C@H](Cc1c[nH]cn1)NC(=O)[C@H](Cc1ccccc1)NC(=O)[C@@H]1CCCN1C(=O)[C@H](Cc1c[nH]cn1)NC(=O)[C@@H]1CCCN1)[C@@H](O)CC(=O)N[C@H](C(=O)N[C@@H](Cc1ccc(O)cc1)C(=O)N[C@@H](CCCCN)C(=O)O)C(C)C
CHEMBL2371853,CC(C)C[C@H](NC(=O)[C@H](Cc1c[nH]cn1)NC(=O)[C@H](Cc1ccccc1)NC(=O)[C@@H]1CCCN1C(=O)[C@H](Cc1c[nH]cn1)NC(=O)[C@@H]1CCCN1)[C@@H](O)CC(=O)N[C@H](C(=O)N[C@@H](Cc1ccc(O)cc1)C(=O)N[C@@H](CCCCN)C(=O)O)C(C)C
CHEMBL2371853,CC(C)C[C@H](NC(=O)[C@H](Cc1c[nH]cn1)NC(=O)[C@H](Cc1ccccc1)NC(=O)[C@@H]1CCCN1C(=O)[C@H](Cc1c[nH]cn1)NC(=O)[C@@H]1CCCN1)[C@@H](O)CC(=O)N[C@H](C(=O)N[C@@H](Cc1ccc(O)cc1)C(=O)N[C@@H](CCCCN)C(=O)O)C(C)C
CHEMBL2371853,CC(C)C[C@H](NC(=O)[C@H](Cc1c[nH]cn1)NC(=O)[C@H](Cc1ccccc1)NC(=O)[C@@H]1CCCN1C(=O)[C@H](Cc1c[nH]cn1)NC(=O)[C@@H]1CCCN1)[C@@H](O)CC(=O)N[C@H](C(=O)N[C@@H](Cc1ccc(O)cc1)C(=O)N[C@@H](CCCCN)C(=O)O)C(C)C
CHEMBL31601,CC(C)(C)S(=O)(=O)C[C@@H](Cc1ccccc1)C(=O)N[C@@H](Cc1c[nH]cn1)C(=O)N[C@@H](CC1CCCCC1)[C@@H](O)[C@@H](O)C1CC1
CHEMBL3143482,CC[C@H](C)[C@H](NC(=O)[C@@H](C[C@H](O)[C@H](CC(C)C)NC(=O)[C@H](Cc1c[nH]cn1)N(C)C(=O)[C@H](Cc1ccccc1)NC(=O)CCCCCCC(=O)N(C)CCS(=O)(=O)[O-])C(C)C)C(=O)NCc1cccc[n+]1[O-].[Na+]
CHEMBL297129,CCCCNC(=O)[C@@H](C[C@H](O)[C@H](CC1CCCCC1)NC(=O)[C@H](CCCC)O[C@@H](Cc1ccccc1)C(=O)N1CCC(OCOC)CC1)C(C)C
CHEMBL297129,CCCCNC(=O)[C@@H](C[C@H](O)[C@H](CC1CCCCC1)NC(=O)[C@H](CCCC)O[C@@H](Cc1ccccc1)C(=O)N1CCC(OCOC)CC1)C(C)C
CHEMBL49174,COCOC1CCN(C(=O)[C@H](Cc2ccccc2)O[C@@H](C)C(=O)N[C@@H](CC2CCCCC2)[C@@H](O)[C@@H](O)CC(C)C)CC1
CHEMBL49174,COCOC1CCN(C(=O)[C@H](Cc2ccccc2)O[C@@H](C)C(=O)N[C@@H](CC2CCCCC2)[C@@H](O)[C@@H](O)CC(C)C)CC1
CHEMBL49174,COCOC1CCN(C(=O)[C@H](Cc2ccccc2)O[C@@H](C)C(=O)N[C@@H](CC2CCCCC2)[C@@H](O)[C@@H](O)CC(C)C)CC1
CHEMBL2028954,CC[C@H](C)[C@H](NC(=O)[C@H](CCCc1ccccc1)NC(=O)[C@H](Cc1c[nH]cn1)NC(=O)[C@H](Cc1ccccc1)NC(=O)[C@@H]1CCCN1C(=O)[C@H](Cc1c[nH]cn1)NC(=O)[C@@H]1CCCN1)C(=O)N[C@@H](Cc1c[nH]cn1)C(=O)N[C@@H](CCCCN)C(C)=O
CHEMBL2371845,CC[C@H](C)[C@H](NC(=O)[C@H](CCCc1ccccc1)NC(=O)[C@H](Cc1c[nH]cn1)NC(=O)[C@H](Cc1ccccc1)NC(=O)[C@@H]1CCCN1C(=O)[C@H](Cc1cn(C=O)c2ccccc12)NC(=O)[C@@H]1CCCN1)C(=O)N[C@@H](Cc1cn(C=O)c2ccccc12)C(N)=O
CHEMBL113841,CC(C)C[C@H](O)[C@H](O)[C@H](CC1CCCCC1)NC(=O)[C@H](Cc1cscn1)NC(=O)[C@H](Cc1ccccc1)CS(=O)(=O)N1CCN(C)CC1
CHEMBL3143478,CC(C)CCNC(=O)[C@@H](C[C@H](O)[C@H](CC1CCCCC1)NC(=O)[C@H](Cc1c[nH]cn1)N(C)C(=O)[C@H](Cc1ccccc1)NC(=O)[C@@H]1CCCN1C(=O)CC[C@H](N)C(=O)O)C(C)C
CHEMBL296341,CCCC[C@H](O[C@@H](Cc1ccccc1)C(=O)N1CCC(SCOC)CC1)C(=O)N[C@@H](CC1CCCCC1)[C@@H](O)[C@@H](O)CC(C)C
CHEMBL296341,CCCC[C@H](O[C@@H](Cc1ccccc1)C(=O)N1CCC(SCOC)CC1)C(=O)N[C@@H](CC1CCCCC1)[C@@H](O)[C@@H](O)CC(C)C
CHEMBL433218,CCCCNC(=O)C(C)C[C@H](O)[C@@H](N)C[C@H](Cc1ccc(C(C)(C)C)c(OCS(C)(=O)=O)c1)C(C)C
CHEMBL49804,CC(C)C[C@H](O)[C@H](O)[C@H](CC1CCCCC1)NC(=O)C(C)N[C@@H](Cc1ccccc1)C(=O)N1CCOCC1
CHEMBL3143476,CC[C@H](C)[C@H](NC(=O)[C@@H](C[C@H](O)[C@H](CC1CCCCC1)NC(=O)[C@H](Cc1c[nH]cn1)N(C)C(=O)[C@H](Cc1ccccc1)NC(=O)[C@@H]1CCCN1C(=O)CC[C@H](N)C(=O)O)C(C)C)C(=O)NCc1ccccn1
CHEMBL264339,CC[C@H](C)[C@H](NC(=O)CC(O)C(CC(C)C)NC(=O)[C@H](Cc1c[nH]cn1)NC(=O)[C@H](Cc1ccccc1)NC(=O)[C@@H]1CCCN1C(=O)[C@H](Cc1c[nH]cn1)NC(=O)[C@@H]1CCCN1)C(=O)NC(=O)[C@@H](N)Cc1ccccc1
CHEMBL264339,CC[C@H](C)[C@H](NC(=O)CC(O)C(CC(C)C)NC(=O)[C@H](Cc1c[nH]cn1)NC(=O)[C@H](Cc1ccccc1)NC(=O)[C@@H]1CCCN1C(=O)[C@H](Cc1c[nH]cn1)NC(=O)[C@@H]1CCCN1)C(=O)NC(=O)[C@@H](N)Cc1ccccc1
CHEMBL264339,CC[C@H](C)[C@H](NC(=O)CC(O)C(CC(C)C)NC(=O)[C@H](Cc1c[nH]cn1)NC(=O)[C@H](Cc1ccccc1)NC(=O)[C@@H]1CCCN1C(=O)[C@H](Cc1c[nH]cn1)NC(=O)[C@@H]1CCCN1)C(=O)NC(=O)[C@@H](N)Cc1ccccc1
CHEMBL264339,CC[C@H](C)[C@H](NC(=O)CC(O)C(CC(C)C)NC(=O)[C@H](Cc1c[nH]cn1)NC(=O)[C@H](Cc1ccccc1)NC(=O)[C@@H]1CCCN1C(=O)[C@H](Cc1c[nH]cn1)NC(=O)[C@@H]1CCCN1)C(=O)NC(=O)[C@@H](N)Cc1ccccc1
CHEMBL264339,CC[C@H](C)[C@H](NC(=O)CC(O)C(CC(C)C)NC(=O)[C@H](Cc1c[nH]cn1)NC(=O)[C@H](Cc1ccccc1)NC(=O)[C@@H]1CCCN1C(=O)[C@H](Cc1c[nH]cn1)NC(=O)[C@@H]1CCCN1)C(=O)NC(=O)[C@@H](N)Cc1ccccc1
CHEMBL297894,CCOC(=O)C(CCc1ccccc1)N[C@@H](C)C(=O)N[C@@H](CC1CCCCC1)[C@@H](O)[C@@H](O)CC(C)C
CHEMBL46271,CCOC(=O)C(CCc1ccccc1)N[C@@H](CC(C)C)C(=O)N[C@@H](CC1CCCCC1)[C@@H](O)[C@@H](O)CC(C)C
CHEMBL299834,CCCC[C@H](O[C@@H](Cc1ccccc1)C(=O)N1CCC(O)CC1)C(=O)N[C@@H](CC1CCCCC1)[C@@H](O)[C@@H](O)CC(C)C
CHEMBL295687,CCC[C@H](O[C@@H](Cc1ccccc1)C(=O)N1CCC(OCOC)CC1)C(=O)N[C@@H](CC1CCCCC1)[C@@H](O)[C@@H](O)CC(C)C
CHEMBL295687,CCC[C@H](O[C@@H](Cc1ccccc1)C(=O)N1CCC(OCOC)CC1)C(=O)N[C@@H](CC1CCCCC1)[C@@H](O)[C@@H](O)CC(C)C
CHEMBL295687,CCC[C@H](O[C@@H](Cc1ccccc1)C(=O)N1CCC(OCOC)CC1)C(=O)N[C@@H](CC1CCCCC1)[C@@H](O)[C@@H](O)CC(C)C
CHEMBL295687,CCC[C@H](O[C@@H](Cc1ccccc1)C(=O)N1CCC(OCOC)CC1)C(=O)N[C@@H](CC1CCCCC1)[C@@H](O)[C@@H](O)CC(C)C
CHEMBL2028955,CC[C@H](C)[C@H](NC(=O)[C@H](CCCc1ccccc1)NC(=O)[C@H](Cc1c[nH]cn1)NC(=O)[C@H](Cc1ccccc1)NC(=O)[C@@H]1CCCN1C(C)=O)C(=O)N[C@@H](Cc1c[nH]cn1)C(=O)N[C@@H](CCCCN)C(C)=O
CHEMBL323839,COc1ccc(C[C@H](NC(=O)C(C)(C)N)C(=O)N[C@@H](Cc2c[nH]cn2)C(=O)N[C@@H](CC2CCCCC2)[C@@H](O)[C@@H](O)CC(C)C)cc1
CHEMBL410352,CC[C@H](C)[C@H](NC(=O)CC(O)C(CC(C)C)NC(=O)[C@H](Cc1c[nH]cn1)NC(=O)[C@H](Cc1ccccc1)NC(=O)[C@@H]1CCCN1C(=O)[C@H](Cc1cn(C=O)c2ccccc12)NC(=O)[C@@H]1CCCN1)C(=O)N[C@@H](Cc1cn(C=O)c2ccccc12)C(N)=O
CHEMBL48088,CC(C)C[C@H](O)[C@H](O)[C@H](CC1CCCCC1)NC(=O)[C@H](C)O[C@@H](Cc1ccccc1)C(=O)N1CCOCC1
CHEMBL2371848,CC[C@H](C)[C@H](NC(=O)[C@H](CCCc1ccccc1)NC(=O)[C@H](Cc1c[nH]cn1)NC(=O)[C@H](Cc1ccccc1)NC(=O)[C@@H]1CCCN1C(=O)[C@H](Cc1c[nH]cn1)NC(=O)[C@@H]1CCCN1)C(=O)N[C@@H](Cc1ccccc1)C(N)=O
CHEMBL333564,CNC1CCN(C(=O)C[C@@H](Cc2ccccc2)C(=O)N[C@@H](CSC)C(=O)N[C@@H](CC2CCCCC2)[C@@H](O)C(=O)OC(C)C)CC1
CHEMBL2028948,CC[C@H](C)[C@H](NC(=O)[C@@H](CC(O)[C@H](CC(C)C)NC(=O)[C@H](Cc1c[nH]cn1)N(C)C(=O)[C@H](Cc1ccccc1)NC(=O)[C@@H]1CCCN1C(=O)CCCCCCC(=O)N(C)CCS(=O)(=O)[O-])C(C)C)C(=O)NCc1ccccn1.[Na+]
CHEMBL3143480,CC[C@H](C)[C@H](NC(=O)[C@@H](C[C@H](O)[C@H](CC1CCCCC1)NC(=O)[C@H](Cc1c[nH]cn1)N(C)C(=O)[C@H](Cc1ccccc1)NC(=O)CC(C)(C)N)C(C)C)C(=O)NCc1ccccn1
CHEMBL430959,CCCC[C@H](O[C@@H](Cc1ccccc1)C(=O)N1CCOCC1)C(=O)N[C@@H](CC1CCCCC1)[C@@H](O)[C@@H](O)CC(C)C
CHEMBL432133,CCNC(=O)[C@H](Cc1ccccc1)O[C@@H](C)C(=O)N[C@@H](CC1CCCCC1)[C@@H](O)[C@@H](O)CC(C)C
CHEMBL2028945,CC[C@H](C)[C@H](NC(=O)[C@@H](CC(O)[C@H](CC(C)C)NC(=O)[C@H](Cc1c[nH]cn1)N(C)C(=O)[C@H](Cc1ccccc1)NC(=O)[C@@H]1CCCN1C(=O)CCCCCCC(=O)N(C)CCS(=O)(=O)[O-])C(C)C)C(=O)NCc1cccc[n+]1[O-].[Na+]
CHEMBL46022,CCCC[C@H](N[C@@H](Cc1ccccc1)C(=O)N1CCOCC1)C(=O)N[C@@H](CC1CCCCC1)[C@@H](O)[C@@H](O)CC(C)C
CHEMBL48201,CC(C)C[C@H](O)[C@H](O)[C@H](CC1CCCCC1)NC(=O)[C@H](C)O[C@@H](Cc1ccccc1)C(=O)N1CCCCC1
CHEMBL284701,CC[C@H](C)[C@H](NC(=O)CC(O)C(CC(C)C)NC(=O)[C@H](Cc1c[nH]cn1)NC(=O)[C@H](Cc1ccccc1)NC(=O)[C@@H]1CCCN1)C(=O)NC(=O)[C@@H](N)Cc1ccccc1
CHEMBL325071,CCCC[C@@H](C(=O)N[C@@H](CC1CCCCC1)[C@@H](O)C[C@H](C(=O)NCCC)C(C)C)N1CCN(C(=O)N2CCN(C)CC2)[C@H](Cc2ccccc2)C1=O
CHEMBL49592,CC(C)C[C@H](O)[C@H](O)[C@H](CC1CCCCC1)NC(=O)[C@H](C)O[C@@H](Cc1ccccc1)C(=O)N1CCCC1
CHEMBL49438,CCCC[C@H](O[C@@H](Cc1ccccc1)C(=O)N1CCC(OC)CC1)C(=O)N[C@@H](CC1CCCCC1)[C@@H](O)[C@@H](O)CC(C)C
CHEMBL48780,CCCC[C@H](O[C@@H](Cc1ccccc1)C(=O)N1CCC(OCCC)CC1)C(=O)N[C@@H](CC1CCCCC1)[C@@H](O)[C@@H](O)CC(C)C
CHEMBL408998,CC[C@H](C)[C@H](NC(=O)CC(O)C(CC(C)C)NC(=O)[C@H](Cc1c[nH]cn1)NC(=O)[C@H](Cc1ccccc1)NC(=O)[C@@H]1CCCN1C(C)=O)C(=O)N[C@@H](Cc1c[nH]cn1)C(=O)N[C@@H](CCCCN)C(=O)O
CHEMBL293196,CCCCNC(=O)[C@@H](C[C@H](O)[C@H](CC1CCCCC1)NC(=O)[C@H](Cc1c[nH]cn1)NC(=O)[C@H](Cc1ccccc1)CS(=O)(=O)C(C)(C)C)C(C)C
CHEMBL3143477,CC[C@H](C)[C@H](NC(=O)[C@@H](C[C@H](O)[C@H](CC(C)C)NC(=O)[C@H](Cc1c[nH]cn1)N(C)C(=O)[C@H](Cc1ccccc1)NC(=O)CCCCCCC(=O)N(C)CCS(=O)(=O)[O-])C(C)C)C(=O)NCc1ccccn1.[Na+]
CHEMBL297894,CCOC(=O)C(CCc1ccccc1)N[C@@H](C)C(=O)N[C@@H](CC1CCCCC1)[C@@H](O)[C@@H](O)CC(C)C
CHEMBL48112,CCCC[C@H](O[C@@H](Cc1ccccc1)C(=O)N1CCCCC1)C(=O)N[C@@H](CC1CCCCC1)[C@@H](O)[C@@H](O)CC(C)C
CHEMBL49286,CCCC[C@H](O[C@@H](Cc1ccccc1)C(=O)N1CCC(OCOC)CC1)C(=O)N[C@@H](CC1CCCCC1)[C@@H](O)[C@@H](O)CC(C)C
CHEMBL49286,CCCC[C@H](O[C@@H](Cc1ccccc1)C(=O)N1CCC(OCOC)CC1)C(=O)N[C@@H](CC1CCCCC1)[C@@H](O)[C@@H](O)CC(C)C
CHEMBL49286,CCCC[C@H](O[C@@H](Cc1ccccc1)C(=O)N1CCC(OCOC)CC1)C(=O)N[C@@H](CC1CCCCC1)[C@@H](O)[C@@H](O)CC(C)C
CHEMBL49286,CCCC[C@H](O[C@@H](Cc1ccccc1)C(=O)N1CCC(OCOC)CC1)C(=O)N[C@@H](CC1CCCCC1)[C@@H](O)[C@@H](O)CC(C)C
CHEMBL2028946,CC[C@H](C)[C@H](NC(=O)[C@@H](CC(O)[C@H](CC(C)C)NC(=O)[C@H](Cc1c[nH]cn1)N(C)C(=O)[C@H](Cc1ccccc1)NC(=O)[C@@H]1CCCN1C(=O)COP(=O)(O)O)C(C)C)C(=O)NCc1cccc[n+]1[O-]
CHEMBL3143484,CC[C@H](C)[C@H](NC(=O)[C@@H](C[C@H](O)[C@H](CC(C)C)NC(=O)[C@H](Cc1c[nH]cn1)N(C)C(=O)[C@H](Cc1ccccc1)NC(=O)[C@@H]1CCCN1C(=O)COP(=O)(O)O)C(C)C)C(=O)NCc1ccccn1
CHEMBL3143481,CC[C@H](C)[C@H](NC(=O)[C@@H](C[C@H](O)[C@H](CC1CCCCC1)NC(=O)[C@H](Cc1c[nH]cn1)N(C)C(=O)[C@H](Cc1ccccc1)NC(=O)[C@@H]1CCCN1C(=O)CC[C@H](N)C(=O)O)C(C)C)C(=O)NCc1cccc[n+]1[O-]
CHEMBL3143479,CC[C@H](C)[C@H](NC(=O)[C@@H](C[C@H](O)[C@H](CC1CCCCC1)NC(=O)[C@H](Cc1c[nH]cn1)N(C)C(=O)[C@H](Cc1ccccc1)NC(=O)CC(C)(C)N)C(C)C)C(=O)NCc1cccc[n+]1[O-]
CHEMBL301985,CCCC[C@H](N[C@@H](Cc1ccccc1)C(=O)N1CCC(OCCOC)CC1)C(=O)N[C@@H](CC1CCCCC1)[C@@H](O)[C@@H](O)CC(C)C
CHEMBL3143483,CC[C@H](C)[C@H](NC(=O)[C@@H](C[C@H](O)[C@H](CC(C)C)NC(=O)[C@H](Cc1c[nH]cn1)N(C)C(=O)[C@H](Cc1ccccc1)NC(=O)[C@@H]1CCCN1C(=O)CCCOP(=O)(O)O)C(C)C)C(=O)NCc1ccccn1
CHEMBL263725,CCCCNC(=O)[C@@H](C[C@H](O)[C@H](CC1CCCCC1)NC(=O)[C@H](CCCC)N[C@@H](Cc1ccccc1)C(=O)N1CCC(OCOC)CC1)C(C)C
CHEMBL263725,CCCCNC(=O)[C@@H](C[C@H](O)[C@H](CC1CCCCC1)NC(=O)[C@H](CCCC)N[C@@H](Cc1ccccc1)C(=O)N1CCC(OCOC)CC1)C(C)C
CHEMBL412841,CC[C@H](C)[C@H](NC(=O)CC(O)C(CC(C)C)NC(=O)[C@H](Cc1c[nH]cn1)NC(=O)[C@H](Cc1ccccc1)NC(=O)[C@@H]1CCCN1C(=O)[C@H](Cc1c[nH]cn1)NC(=O)[C@@H]1CCCN1C(C)=O)C(=O)N[C@@H](Cc1c[nH]cn1)C(=O)N[C@@H](CCCCN)C(=O)O
CHEMBL2028952,CC(C)[C@H](NC(=O)[C@@H](CCCc1ccccc1)NC(=O)[C@H](Cc1c[nH]cn1)NC(=O)[C@H](Cc1ccccc1)NC(=O)[C@@H]1CCCN1C(=O)[C@H](Cc1c[nH]cn1)NC(=O)[C@@H]1CCCN1)C(=O)N[C@@H](Cc1ccc(O)cc1)C(=O)N[C@@H](CCCCN)C(N)=O
CHEMBL48537,CCCC[C@H](N[C@@H](Cc1ccccc1)C(=O)N1CCC(OCOC)CC1)C(=O)N[C@@H](CC1CCCCC1)[C@@H](O)[C@@H](O)CC(C)C
CHEMBL48537,CCCC[C@H](N[C@@H](Cc1ccccc1)C(=O)N1CCC(OCOC)CC1)C(=O)N[C@@H](CC1CCCCC1)[C@@H](O)[C@@H](O)CC(C)C
CHEMBL48537,CCCC[C@H](N[C@@H](Cc1ccccc1)C(=O)N1CCC(OCOC)CC1)C(=O)N[C@@H](CC1CCCCC1)[C@@H](O)[C@@H](O)CC(C)C
CHEMBL48537,CCCC[C@H](N[C@@H](Cc1ccccc1)C(=O)N1CCC(OCOC)CC1)C(=O)N[C@@H](CC1CCCCC1)[C@@H](O)[C@@H](O)CC(C)C
CHEMBL46271,CCOC(=O)C(CCc1ccccc1)N[C@@H](CC(C)C)C(=O)N[C@@H](CC1CCCCC1)[C@@H](O)[C@@H](O)CC(C)C
CHEMBL2371840,CC[C@H](C)[C@H](NC(=O)[C@H](CCCc1ccccc1)NC(=O)[C@H](Cc1c[nH]cn1)NC(=O)[C@H](Cc1cn(C=O)c2ccccc12)NC(=O)[C@@H]1CCCN1)C(=O)N[C@@H](Cc1cn(C=O)c2ccccc12)C(N)=O
CHEMBL412209,CC[C@H](C)[C@H](NC(=O)CC(O)C(CC(C)C)NC(=O)[C@H](Cc1ccccc1)NC(=O)[C@H](Cc1ccccc1)NC(=O)[C@@H]1CCCN1C(=O)[C@H](Cc1c[nH]cn1)NC(=O)[C@@H]1CCCN1)C(=O)NC(=O)[C@@H](N)Cc1ccccc1
CHEMBL3143474,CC(C)CCNC(=O)[C@@H](C[C@H](O)[C@H](CC1CCCCC1)NC(=O)[C@H](Cc1c[nH]cn1)N(C)C(=O)[C@H](Cc1ccccc1)NC(=O)CC(C)(C)N)C(C)C
CHEMBL49864,CC[C@H](O[C@@H](Cc1ccccc1)C(=O)N1CCC(OCOC)CC1)C(=O)N[C@@H](CC1CCCCC1)[C@@H](O)[C@@H](O)CC(C)C
CHEMBL49864,CC[C@H](O[C@@H](Cc1ccccc1)C(=O)N1CCC(OCOC)CC1)C(=O)N[C@@H](CC1CCCCC1)[C@@H](O)[C@@H](O)CC(C)C
CHEMBL49864,CC[C@H](O[C@@H](Cc1ccccc1)C(=O)N1CCC(OCOC)CC1)C(=O)N[C@@H](CC1CCCCC1)[C@@H](O)[C@@H](O)CC(C)C
CHEMBL49864,CC[C@H](O[C@@H](Cc1ccccc1)C(=O)N1CCC(OCOC)CC1)C(=O)N[C@@H](CC1CCCCC1)[C@@H](O)[C@@H](O)CC(C)C
CHEMBL2371843,CC[C@H](C)[C@H](NC(=O)[C@H](CCCc1ccccc1)NC(=O)[C@H](Cc1c[nH]cn1)NC(=O)[C@H](Cc1cn(C=O)c2ccccc12)NC(=O)[C@@H]1CCCN1C(=O)[C@H](Cc1cn(C=O)c2ccccc12)NC(=O)[C@@H]1CCCN1)C(=O)N[C@@H](Cc1ccccc1)C(N)=O
CHEMBL2371841,CC[C@H](C)[C@H](NC(=O)[C@H](CCCc1ccccc1)NC(=O)[C@H](Cc1c[nH]cn1)NC(=O)[C@H](Cc1cn(C=O)c2ccccc12)NC(=O)[C@@H]1CCCN1)C(=O)N[C@@H](Cc1ccccc1)C(N)=O
CHEMBL50054,C=CCOC1CCN(C(=O)[C@H](Cc2ccccc2)O[C@@H](CCCC)C(=O)N[C@@H](CC2CCCCC2)[C@@H](O)[C@@H](O)CC(C)C)CC1
CHEMBL2371846,CC[C@H](C)[C@H](NC(=O)C[C@H](O)[C@H](CC(C)C)NC(=O)[C@H](Cc1c[nH]cn1)NC(=O)[C@H](Cc1ccccc1)NC(=O)[C@@H]1CCCN1C(=O)[C@H](Cc1c[nH]cn1)NC(=O)[C@@H]1CCCN1)C(=O)N[C@@H](Cc1c[nH]cn1)C(=O)N[C@@H](CCCCN)C(=O)O
CHEMBL2371846,CC[C@H](C)[C@H](NC(=O)C[C@H](O)[C@H](CC(C)C)NC(=O)[C@H](Cc1c[nH]cn1)NC(=O)[C@H](Cc1ccccc1)NC(=O)[C@@H]1CCCN1C(=O)[C@H](Cc1c[nH]cn1)NC(=O)[C@@H]1CCCN1)C(=O)N[C@@H](Cc1c[nH]cn1)C(=O)N[C@@H](CCCCN)C(=O)O
CHEMBL2371844,CC[C@H](C)[C@H](NC(=O)[C@H](CCCc1ccccc1)NC(=O)[C@H](Cc1c[nH]cn1)NC(=O)[C@H](Cc1cn(C=O)c2ccccc12)NC(=O)[C@@H]1CCCN1C(=O)[C@H](Cc1cn(C=O)c2ccccc12)NC(=O)[C@@H]1CCCN1)C(=O)N[C@@H](Cc1cn(C=O)c2ccccc12)C(N)=O
CHEMBL50213,CC(C)C[C@H](O)[C@H](O)[C@H](CC1CCCCC1)NC(=O)[C@H](C)O[C@@H](Cc1ccccc1)C(=O)N1CCC1
CHEMBL331466,C[C@H](NP(=O)(O)Oc1ccccc1)C(=O)N1CCC[C@H]1C(=O)O
CHEMBL1790111,CC[C@@H](C)[C@H](NC(=O)[C@@H](NC[C@H](CC(C)C)NC(=O)[C@H](Cc1c[nH]cn1)NC(=O)[C@H](Cc1ccccc1)NC(=O)[C@H]1CCCN1C(=O)[C@H](Cc1c[nH]cn1)NC(=O)[C@H]1CCCN1)C(C)C)C(=O)N[C@@H](Cc1c[nH]cn1)C(=O)N[C@H](CCCCN)C(=O)O
CHEMBL120658,CC(C)CC(=O)N[C@H](C(=O)N[C@H](C(=O)N[C@@H](CC(C)C)C(O)CC(=O)N[C@@H](C)C(=O)N[C@@H](CC(C)C)C(O)CC(=O)N[C@@H](CCCN=C(N)N)C(=O)O)C(C)C)C(C)C
CHEMBL296588,CC(C)CC(=O)N[C@H](C(=O)N[C@H](C(=O)N[C@@H](CC(C)C)[C@@H](O)CC(=O)N[C@@H](C)C(=O)N[C@@H](CC(C)C)[C@@H](O)CC(=O)O)C(C)C)C(C)C
CHEMBL39538,C[C@H](NC(CCc1ccccc1)C(=O)O)C(=O)N1CCC[C@H]1C(=O)O
CHEMBL3037868,CC[C@H](C)[C@H](NC(=O)CC(O)[C@H](CC(C)C)NC(=O)[C@H](Cc1c[nH]cn1)NC(=O)[C@H](Cc1ccccc1)NC(=O)[C@@H]1CCCN1C(=O)[C@H](Cc1c[nH]cn1)NC(=O)[C@@H]1CCCN1)C(=O)N[C@@H](Cc1c[nH]cn1)C(=O)N[C@H](CCCCN)C(=O)O
CHEMBL1560,C[C@H](CS)C(=O)N1CCC[C@H]1C(=O)O
CHEMBL123069,COC(=O)[C@H](CCCN=C(N)N)NC(=O)CC(O)[C@H](CC(C)C)NC(=O)[C@H](C)NC(=O)CC(O)[C@H](CC(C)C)NC(=O)[C@@H](NC(=O)[C@@H](NC(=O)CC(C)C)C(C)C)C(C)C
CHEMBL150298,CC(C)C[C@H](NC(=O)[C@H](Cc1c[nH]cn1)NC(=O)[C@H](Cc1ccccc1)NC(=O)OC(C)(C)C)[C@@H](O)CSC(C)C
CHEMBL3143678,CC[C@H](C)[C@H](NC(=O)[C@@H](C[C@H](O)[C@H](CC(C)C)NC(=O)[C@H](Cc1c[nH]cn1)NC(=O)[C@H](Cc1ccccc1)NC(=O)OC(C)(C)C)C(C)C)C(=O)NCc1ccccn1
CHEMBL357302,CC(C)SC[C@H](O)[C@H](CC1CCCCC1)NC(=O)[C@H](Cc1c[nH]cn1)NC(=O)[C@H](Cc1ccccc1)NC(=O)OC(C)(C)C
CHEMBL348469,CC(C)SC[C@H](O)[C@H](CC1CCCCC1)NC(=O)[C@H](C)NC(=O)[C@H](Cc1ccccc1)NC(=O)OC(C)(C)C
CHEMBL165706,CCC(C)[C@H](NC(=O)[C@@H](C[C@H](O)[C@H](CC1CCCCC1)NC(=O)[C@H](Cc1c[nH]cn1)NC(=O)COc1cccc2ccccc12)C(C)C)C(=O)NCc1ccccn1
CHEMBL167514,CCC(C)[C@H](NC(=O)[C@@H](C[C@H](O)[C@H](CC1CCCCC1)NC(=O)[C@H](CC(N)=O)NC(=O)c1ccc2ccccc2n1)C(C)C)C(=O)NCc1ccccn1
CHEMBL346441,CC(C)SC[C@H](O)[C@H](Cc1ccccc1)NC(=O)[C@H](Cc1c[nH]cn1)NC(=O)[C@H](Cc1ccccc1)NC(=O)OC(C)(C)C
CHEMBL422673,CC(C)SC[C@H](O)[C@H](Cc1ccccc1)NC(=O)[C@H](C)NC(=O)[C@H](Cc1ccccc1)NC(=O)OC(C)(C)C
CHEMBL3350189,CC[C@H](C)[C@H](NC(=O)[C@H](C(C)C)[C@@H](O)[C@H](O)[C@H](CC1CCCCC1)NC(=O)[C@H](Cc1c[nH]cn1)NC(=O)COc1cccc2ccccc12)C(=O)NCc1ccccn1
CHEMBL151124,CC(C)SC[C@H](O)[C@@H](NC(=O)[C@H](Cc1c[nH]cn1)NC(=O)[C@H](Cc1ccccc1)NC(=O)OC(C)(C)C)C1CCCCC1
CHEMBL3348524,CC(C)C[C@H](O)[C@@H](O)[C@H](CC1CCCCC1)NC(=O)[C@H](Cc1c[nH]cn1)NC(=O)[C@H](Cc1ccccc1)NC(=O)OC(C)(C)C
CHEMBL3350322,CC(C)OC(=O)[C@H](O)[C@H](CC1CCCCC1)NC(=O)[C@H](Cc1c[nH]cn1)NC(=O)[C@@H](CC(=O)N1CCOCC1)Cc1cccc2ccccc12
CHEMBL3350322,CC(C)OC(=O)[C@H](O)[C@H](CC1CCCCC1)NC(=O)[C@H](Cc1c[nH]cn1)NC(=O)[C@@H](CC(=O)N1CCOCC1)Cc1cccc2ccccc12
CHEMBL313063,CC(C)C[C@H](O)[C@H](O)[C@H](CC1CCCCC1)NC(=O)[C@H](Cc1cscn1)NC(=O)[C@H](Cc1ccccc1)NS(=O)(=O)N1CCOCC1
CHEMBL315380,CC(C)C[C@H](O)[C@H](O)[C@H](CC1CCCCC1)NC(=O)[C@H](Cc1c[nH]cn1)NC(=O)[C@H](Cc1ccccc1)NS(=O)(=O)N1CCOCC1
CHEMBL34894,CC(C)C[C@H](O)[C@H](O)[C@H](CC1CCCCC1)NC(=O)[C@H](Cc1csc(N)n1)NC(=O)[C@H](Cc1ccccc1)NS(=O)(=O)N1CCOCC1
CHEMBL34894,CC(C)C[C@H](O)[C@H](O)[C@H](CC1CCCCC1)NC(=O)[C@H](Cc1csc(N)n1)NC(=O)[C@H](Cc1ccccc1)NS(=O)(=O)N1CCOCC1
CHEMBL34894,CC(C)C[C@H](O)[C@H](O)[C@H](CC1CCCCC1)NC(=O)[C@H](Cc1csc(N)n1)NC(=O)[C@H](Cc1ccccc1)NS(=O)(=O)N1CCOCC1
CHEMBL34894,CC(C)C[C@H](O)[C@H](O)[C@H](CC1CCCCC1)NC(=O)[C@H](Cc1csc(N)n1)NC(=O)[C@H](Cc1ccccc1)NS(=O)(=O)N1CCOCC1
CHEMBL111515,CC[C@H](C)[C@H](NC(=O)[C@@H](C[C@H](O)[C@H](CC(C)C)NC(=O)CCNC(=O)[C@H](Cc1ccccc1)NC(=O)OC(C)(C)C)C(C)C)C(=O)NCc1cnc(C)nc1N
CHEMBL540047,CC[C@H](C)[C@H](NC(=O)C[C@H](O)[C@H](CC1CCCCC1)NC(=O)CCNC(=O)[C@H](Cc1ccccc1)NC(=O)N1CCC(N)CC1)C(=O)NCc1cnc(C)nc1N.Cl.Cl
CHEMBL67542,Cn1nnnc1SC[C@H](O)[C@H](CC1CCCCC1)NC(=O)[C@H](Cc1c[nH]cn1)NC(=O)[C@H](Cc1ccccc1)NC(=O)OC(C)(C)C
CHEMBL3348555,CCOC(=O)N[C@@H](Cc1ccc(OC)cc1)C(=O)N[C@@H](Cc1c[nH]cn1)C(=O)N[C@@H](CC1CCCCC1)[C@@H](O)[C@@H](O)CC(C)C
CHEMBL92773,C=CCOc1cc(C[C@@H](C[C@H](N)[C@@H](O)C[C@@H](C)C(=O)NCCCC)C(C)C)ccc1C(C)(C)C
CHEMBL306917,C=CC[C@H](NC(=O)CNS(=O)(=O)N1CCOCC1)C(=O)N[C@@H](CC1CC=C(c2ccccc2)CC1)[C@@H](O)[C@@H](O)CC(C)C
CHEMBL294379,CCN1C[C@@H]([C@H](O)[C@H](CC2CCCCC2)NC(=O)[C@H](Cc2c[nH]cn2)NC(=O)[C@H](Cc2ccc(OC)cc2)NC(=O)N2C[C@H](OCOC)[C@H](OCOC)C2)OC1=O
CHEMBL294379,CCN1C[C@@H]([C@H](O)[C@H](CC2CCCCC2)NC(=O)[C@H](Cc2c[nH]cn2)NC(=O)[C@H](Cc2ccc(OC)cc2)NC(=O)N2C[C@H](OCOC)[C@H](OCOC)C2)OC1=O
CHEMBL86410,CC(C)CCNC(=O)[C@H](Cc1c[nH]c2ccccc12)NC(=O)[C@H](CCCCN)N1C(=O)CCC(c2ccccc2)C(=O)N[C@@H](Cc2ccccc2)C1=O
CHEMBL345043,CCN1C[C@@H]([C@H](O)[C@H](CC2CCCCC2)NC(=O)[C@H](Cc2c[nH]cn2)NC(=O)[C@@H](CC(=O)N2CCOCC2)Cc2ccccc2)OC1=O
CHEMBL345043,CCN1C[C@@H]([C@H](O)[C@H](CC2CCCCC2)NC(=O)[C@H](Cc2c[nH]cn2)NC(=O)[C@@H](CC(=O)N2CCOCC2)Cc2ccccc2)OC1=O
CHEMBL324624,CC[C@H](C)[C@H](NC(=O)C[C@H](O)[C@H](CC1CCCCC1)NC(=O)CC[C@H](O)[C@H](Cc1ccccc1)NC(=O)OC(C)(C)C)C(=O)NCc1cnc(C)nc1N
CHEMBL302984,CC(C)(C)OC(=O)N[C@@H](Cc1ccccc1)C(=O)N[C@@H](Cc1c[nH]cn1)C(=O)N[C@@H](CC1CCCCC1)[C@@H](O)CSc1nnc(C(F)(F)F)n1CCc1ccncc1
CHEMBL291591,CC(C)C(=O)N[C@@H](Cc1ccccc1)C(=O)N[C@@H](Cc1c[nH]cn1)C(=O)N[C@@H](CC1CCCCC1)[C@@H](O)[C@@H](O)CN=[N+]=[N-]
CHEMBL88069,CC[C@H](O)C[C@H](O)[C@H](CC1CCCCC1)NC(=O)[C@H](Cc1csc(N)n1)NC(=O)[C@H](Cc1ccccc1)NS(=O)(=O)N1CCOCC1
CHEMBL61420,CCN1C[C@@H]([C@H](O)[C@H](CC2CCCCC2)NC(=O)[C@H](Cc2c[nH]cn2)NC(=O)[C@@H](CC(=O)N(C)CCO)Cc2ccccc2)OC1=O
CHEMBL61420,CCN1C[C@@H]([C@H](O)[C@H](CC2CCCCC2)NC(=O)[C@H](Cc2c[nH]cn2)NC(=O)[C@@H](CC(=O)N(C)CCO)Cc2ccccc2)OC1=O
CHEMBL3143681,CC(C)C[C@@H](C=O)NC(=O)[C@H](Cc1c[nH]cn1)NC(=O)[C@H](Cc1cccc2ccccc12)NC(=O)OCc1ccccc1
CHEMBL3348542,CC(C)C[C@H](NC(=O)OC(C)(C)C)C(=O)N[C@@H](Cc1c[nH]cn1)C(=O)N[C@@H](CC1CCCCC1)[C@@H](O)[C@@H](O)CC(C)C
CHEMBL3348552,CCOC(=O)N[C@@H](Cc1ccccc1)C(=O)N[C@@H](Cc1c[nH]cn1)C(=O)N[C@@H](CC1CCCCC1)[C@@H](O)[C@@H](O)CC(C)C
CHEMBL306228,C=CC[C@H](NC(=O)CNS(=O)(=O)N1CCOCC1)C(=O)N[C@@H](CC1CCC(Cc2ccccc2)CC1)[C@@H](O)[C@@H](O)CC(C)C
CHEMBL86374,CC(C)C[C@H](O)[C@H](O)[C@H](CC1CCCCC1)NC(=O)[C@@H](Cc1csc(N)n1)NC(=O)[C@H](Cc1ccccc1)NS(=O)(=O)N1CCOCC1
CHEMBL303076,CCN1C[C@@H]([C@H](O)[C@H](CC2CCCCC2)NC(=O)[C@H](Cc2c[nH]cn2)NC(=O)[C@@H](CC(=O)N(C)CCOC)Cc2ccccc2)OC1=O
CHEMBL303076,CCN1C[C@@H]([C@H](O)[C@H](CC2CCCCC2)NC(=O)[C@H](Cc2c[nH]cn2)NC(=O)[C@@H](CC(=O)N(C)CCOC)Cc2ccccc2)OC1=O
CHEMBL3348523,CC(C)C[C@@H](O)[C@@H](O)[C@H](CC1CCCCC1)NC(=O)[C@H](Cc1c[nH]cn1)NC(=O)[C@H](Cc1ccccc1)NC(=O)OC(C)(C)C
CHEMBL3142269,CCOC(=O)N[C@@H](Cc1ccccc1)C(=O)N[C@@H](CC(C)C)C(=O)N[C@@H](CC1CCCCC1)[C@@H](O)[C@@H](O)CC
CHEMBL3348539,CCOC(=O)N[C@@H](CC(C)C)C(=O)N[C@@H](Cc1c[nH]cn1)C(=O)N[C@@H](CC1CCCCC1)[C@@H](O)[C@@H](O)CC
CHEMBL3142270,CCOC(=O)N[C@@H](CC(C)C)C(=O)N[C@@H](CC(C)C)C(=O)N[C@@H](CC1CCCCC1)[C@@H](O)[C@@H](O)CC(C)C
CHEMBL329878,CCCCNC(=O)C(C)C[C@H](O)[C@@H](N)C[C@@H](CC)Cc1ccc(C(C)(C)C)c(OCCCC)c1
CHEMBL68229,Cc1ccnc(SC[C@H](O)[C@H](CC2CCCCC2)NC(=O)[C@H](Cc2c[nH]cn2)NC(=O)[C@H](Cc2ccccc2)NC(=O)OC(C)(C)C)n1
CHEMBL90767,CCCCNC(=O)C(C)C[C@H](O)[C@@H](N)C[C@H](Cc1ccc(C(C)(C)C)c(OCC(=O)O)c1)C(C)C
CHEMBL305162,CCN1C[C@@H]([C@H](O)[C@H](CC2CCCCC2)NC(=O)[C@H](Cc2c[nH]cn2)NC(=O)[C@H](Cc2ccc(OC)cc2)NC(=O)N2C[C@H](OCOCCOC)[C@H](OCOCCOC)C2)OC1=O
CHEMBL305162,CCN1C[C@@H]([C@H](O)[C@H](CC2CCCCC2)NC(=O)[C@H](Cc2c[nH]cn2)NC(=O)[C@H](Cc2ccc(OC)cc2)NC(=O)N2C[C@H](OCOCCOC)[C@H](OCOCCOC)C2)OC1=O
CHEMBL109429,CC[C@H](C)[C@H](NC(=O)[C@@H](C[C@H](O)[C@H](CC(C)C)NC(=O)CNC(=O)[C@H](Cc1ccccc1)NC(=O)OC(C)(C)C)C(C)C)C(=O)NCc1cnc(C)nc1N
CHEMBL112778,CC[C@H](C)[C@H](NC(=O)[C@@H](C[C@H](O)[C@H](CC(C)C)NC(=O)CCC(=O)[C@H](Cc1ccccc1)NC(=O)OC(C)(C)C)C(C)C)C(=O)NCc1cnc(C)nc1N
CHEMBL1203095,CC[C@H](C)[C@H](NC(=O)C[C@H](O)[C@H](CC1CCCCC1)NC(=O)CCNC(=O)[C@H](Cc1ccccc1)NC(=O)CCCCCN)C(=O)NCc1cnc(C)nc1N.Cl.Cl
CHEMBL3142304,CCOC(=O)N[C@@H](Cc1ccccc1)C(=O)N[C@@H](Cc1ccccc1)C(=O)N[C@@H](CC1CCCCC1)[C@@H](O)[C@@H](O)CC(C)C
CHEMBL3348543,CC(C)C[C@H](NC(=O)[C@H](Cc1c[nH]cn1)NC(=O)[C@H](Cc1ccccc1)NC(=O)OC(C)(C)C)[C@@H](O)[C@@H](O)CC(C)C
CHEMBL297929,CCOC(=O)N[C@@H](Cc1ccc(I)cc1)C(=O)N[C@@H](CC(C)C)C(=O)N[C@@H](CC1CCCCC1)[C@@H](O)[C@@H](O)CC(C)C
CHEMBL64984,C=CC[C@H](NC(=O)CNS(=O)(=O)N1CCOCC1)C(=O)N[C@@H](CC1CCCCC1)[C@@H](O)[C@@H](O)CC(C)C
CHEMBL308894,C=CC[C@H](NC(=O)CNS(=O)(=O)N1CCOCC1)C(=O)N[C@@H](CC1CCC(c2cccc3ccccc23)CC1)[C@@H](O)[C@@H](O)CC(C)C
CHEMBL314066,CC(C)C[C@H](O)[C@H](O)[C@H](CC1CCCCC1)NC(=O)C(NC(=O)[C@H](Cc1ccccc1)NS(=O)(=O)N1CCOCC1)c1csc(N)n1
CHEMBL63965,C=CCn1c(SC[C@H](O)[C@H](CC2CCCCC2)NC(=O)[C@H](Cc2c[nH]cn2)NC(=O)[C@H](Cc2ccccc2)NC(=O)OC(C)(C)C)nnc1C(F)(F)F
CHEMBL67431,CC(C)(C)OC(=O)N[C@@H](Cc1ccccc1)C(=O)N[C@@H](Cc1c[nH]cn1)C(=O)N[C@@H](CC1CCCCC1)[C@@H](O)CSc1nnnn1CCc1ccc(O)cc1
CHEMBL299055,CCN1C[C@@H]([C@H](O)[C@H](CC2CCCCC2)NC(=O)[C@H](Cc2c[nH]cn2)NC(=O)[C@@H](CC(=O)N(C)CCOCOC)Cc2ccccc2)OC1=O
CHEMBL299055,CCN1C[C@@H]([C@H](O)[C@H](CC2CCCCC2)NC(=O)[C@H](Cc2c[nH]cn2)NC(=O)[C@@H](CC(=O)N(C)CCOCOC)Cc2ccccc2)OC1=O
CHEMBL320726,CC[C@H](C)[C@H](NC(=O)C[C@H](O)[C@H](CC1CCCCC1)NC(=O)CCNC(=O)[C@@H](Cc1ccccc1)NC(=O)N1CCC(C(=O)O)CC1)C(=O)NCc1cnc(C)nc1N
CHEMBL3348546,CC(C)C[C@H](O)[C@H](O)[C@H](CC1CCCCC1)NC(=O)[C@H](Cc1c[nH]cn1)NC(=O)[C@H](Cc1ccccc1)NC(=O)CC(C)(C)C
CHEMBL3142255,CCOC(=O)N[C@@H](Cc1cccc2ccccc12)C(=O)N[C@@H](CC(C)C)C(=O)N[C@@H](CC1CCCCC1)[C@@H](O)[C@@H](O)CC(C)C
CHEMBL58263,CCN1C[C@@H]([C@H](O)[C@H](CC2CCCCC2)NC(=O)[C@H](Cc2c[nH]cn2)NC(=O)[C@@H](CC(=O)N(C)CCOCOCCOC)Cc2ccccc2)OC1=O
CHEMBL58263,CCN1C[C@@H]([C@H](O)[C@H](CC2CCCCC2)NC(=O)[C@H](Cc2c[nH]cn2)NC(=O)[C@@H](CC(=O)N(C)CCOCOCCOC)Cc2ccccc2)OC1=O
CHEMBL58263,CCN1C[C@@H]([C@H](O)[C@H](CC2CCCCC2)NC(=O)[C@H](Cc2c[nH]cn2)NC(=O)[C@@H](CC(=O)N(C)CCOCOCCOC)Cc2ccccc2)OC1=O
CHEMBL87316,CC(C)CC(C)CNC(=O)[C@H](Cc1c[nH]c2ccccc12)NC(=O)[C@H](CCCCN)N1C(=O)CC(C)CC(=O)N[C@@H](Cc2ccccc2)C1=O
CHEMBL316218,Nc1nc(C[C@H](NC(=O)[C@H](Cc2ccccc2)NS(=O)(=O)N2CCOCC2)C(=O)N[C@@H](CC2CCCCC2)[C@@H](O)CC(=O)NCCN(CCO)CCO)cs1
CHEMBL3348551,CCOC(=O)N[C@@H](Cc1ccccc1)C(=O)N[C@@H](Cc1c[nH]cn1)C(=O)N[C@@H](CC1CCCCC1)[C@@H](O)[C@@H](O)CC
CHEMBL3348549,C[C@H](O)[C@H](O)[C@H](CC1CCCCC1)NC(=O)[C@H](Cc1c[nH]cn1)NC(=O)[C@H](Cc1ccccc1)NC(=O)OC(C)(C)C
CHEMBL327177,CCCCNC(=O)[C@H](C)C[C@H](O)[C@@H](N)C[C@H](Cc1cccc(OCC(=O)OC)c1)C(C)C
CHEMBL59887,CCN1C[C@@H]([C@H](O)[C@H](CC2CCCCC2)NC(=O)[C@H](Cc2c[nH]cn2)NC(=O)[C@@H](CC(=O)N2C[C@H](OCOC)[C@H](OCOC)C2)Cc2ccccc2)OC1=O
CHEMBL59887,CCN1C[C@@H]([C@H](O)[C@H](CC2CCCCC2)NC(=O)[C@H](Cc2c[nH]cn2)NC(=O)[C@@H](CC(=O)N2C[C@H](OCOC)[C@H](OCOC)C2)Cc2ccccc2)OC1=O
CHEMBL323967,CC[C@H](C)[C@H](NC(=O)C[C@H](O)[C@H](Cc1ccccc1)NC(=O)[C@H](Cc1c[nH]cn1)NC(=O)[C@H](Cc1ccccc1)NC(=O)OC(C)(C)C)C(=O)NCc1cccnc1
CHEMBL109380,CC[C@H](C)[C@H](NC(=O)C[C@H](O)[C@H](CC1CCCCC1)NC(=O)[C@H](C)NC(=O)[C@H](Cc1ccccc1)NC(=O)OC(C)(C)C)C(=O)NCc1cnc(C)nc1N
CHEMBL303322,CC(C)(C)OC(=O)N[C@@H](Cc1ccccc1)C(=O)N[C@@H](Cc1c[nH]cn1)C(=O)N[C@@H](CC1CCCCC1)[C@@H](O)CSc1ccccn1
CHEMBL3142263,CC(C)C[C@H](O)[C@H](O)[C@H](CC1CCCCC1)NC(=O)[C@H](Cc1ccccc1)NC(=O)[C@H](Cc1ccccc1)NC(=O)OC(C)(C)C
CHEMBL3348533,CC(C)C[C@H](O)[C@H](O)[C@H](CC1CCCCC1)NC(=O)[C@H](Cc1c[nH]cn1)NC(=O)[C@H](CC1C=NC=N1)NC(=O)OC(C)(C)C
CHEMBL87389,CC(C)C[C@H](O)[C@H](O)[C@H](CC1CCCCC1)NC(=O)[C@H](CCc1csc(N)n1)NC(=O)[C@H](Cc1ccccc1)NS(=O)(=O)N1CCOCC1
CHEMBL316208,COc1ccc(C[C@H](NS(=O)(=O)N2CCOCC2)C(=O)N[C@@H](Cc2csc(N)n2)C(=O)N[C@@H](CC2CCCCC2)[C@@H](O)[C@@H](O)CC(C)C)cc1
CHEMBL431217,CCOC(=O)C(F)(F)C(=O)[C@H](CC1CCCCC1)NC(=O)[C@H](Cc1csc(N)n1)NC(=O)[C@H](Cc1ccccc1)NS(=O)(=O)N1CCOCC1
CHEMBL61777,CCN1C[C@@H]([C@H](O)[C@H](CC2CCCCC2)NC(=O)[C@H](Cc2c[nH]cn2)NC(=O)[C@H](Cc2ccc(OC)cc2)NC(=O)N2CCOCC2)OC1=O
CHEMBL61777,CCN1C[C@@H]([C@H](O)[C@H](CC2CCCCC2)NC(=O)[C@H](Cc2c[nH]cn2)NC(=O)[C@H](Cc2ccc(OC)cc2)NC(=O)N2CCOCC2)OC1=O
CHEMBL110553,CC[C@H](C)[C@H](NC(=O)C[C@H](O)[C@H](CC1CCCCC1)NC(=O)CCNC(=O)[C@H](Cc1ccccc1)NC(=O)N1CCOCC1)C(=O)NCc1cnc(C)nc1N
CHEMBL330093,CC(C)OC(=O)C(O)[C@@H](Cc1ccccc1)NC(=O)[C@H](Cc1c[nH]cn1)NC(=O)[C@@H](CC(=O)N1CCOCC1)Cc1cccc2ccccc12
CHEMBL330093,CC(C)OC(=O)C(O)[C@@H](Cc1ccccc1)NC(=O)[C@H](Cc1c[nH]cn1)NC(=O)[C@@H](CC(=O)N1CCOCC1)Cc1cccc2ccccc12
CHEMBL58351,CCN1C[C@@H]([C@H](O)[C@H](CC2CCCCC2)NC(=O)[C@H](Cc2c[nH]cn2)NC(=O)[C@H](Cc2ccc(OC)cc2)NC(=O)N(C)CC(O)CO)OC1=O
CHEMBL58351,CCN1C[C@@H]([C@H](O)[C@H](CC2CCCCC2)NC(=O)[C@H](Cc2c[nH]cn2)NC(=O)[C@H](Cc2ccc(OC)cc2)NC(=O)N(C)CC(O)CO)OC1=O
CHEMBL324588,CC[C@H](C)[C@H](NC(=O)C[C@H](O)[C@H](CC1CCCCC1)NC(=O)CSCC(=O)[C@H](Cc1ccccc1)NC(=O)OC(C)(C)C)C(=O)NCc1cnc(C)nc1N
CHEMBL324692,CCOC(=O)C1CCN(C(=O)N[C@@H](Cc2ccccc2)C(=O)NCCC(=O)N[C@@H](CC2CCCCC2)[C@@H](O)CC(=O)N[C@H](C(=O)NCc2cnc(C)nc2N)[C@@H](C)CC)CC1
CHEMBL3348531,CC(C)C[C@H](O)[C@H](O)[C@H](CC1CCCCC1)NC(=O)[C@H](Cc1c[nH]cn1)NC(=O)[C@H](Cc1ccccc1)NC(=O)C1CCCCC1
CHEMBL300337,COc1ccc(C[C@H](NC(=O)CC(C)(C)N)C(=O)N[C@@H](Cc2c[nH]cn2)C(=O)N[C@@H](CC2CCCCC2)[C@@H](O)[C@@H](O)CC(C)C)cc1
CHEMBL1203096,CC[C@H](C)[C@H](NC(=O)C[C@H](O)[C@H](CC1CCCCC1)NC(=O)CCNC(=O)[C@@H](Cc1ccccc1)NC(=O)CC(C)(C)N)C(=O)NCc1cnc(C)nc1N.Cl.Cl
CHEMBL545512,CC[C@H](C)[C@H](NC(=O)C[C@H](O)[C@H](CC1CCCCC1)NC(=O)CCNC(=O)[C@@H](N)Cc1ccccc1)C(=O)NCc1cnc(C)nc1N.Cl.Cl
CHEMBL65206,CN(C)CCn1nnnc1SC[C@H](O)[C@H](CC1CCCCC1)NC(=O)[C@H](Cc1c[nH]cn1)NC(=O)[C@H](Cc1ccccc1)NC(=O)OC(C)(C)C
CHEMBL59236,CCN1C[C@@H]([C@H](O)[C@H](CC2CCCCC2)NC(=O)[C@H](Cc2c[nH]cn2)NC(=O)[C@H](Cc2ccc(OC)cc2)NC(=O)N(C)CCOCOC)OC1=O
CHEMBL59236,CCN1C[C@@H]([C@H](O)[C@H](CC2CCCCC2)NC(=O)[C@H](Cc2c[nH]cn2)NC(=O)[C@H](Cc2ccc(OC)cc2)NC(=O)N(C)CCOCOC)OC1=O
CHEMBL88091,CC(C)C[C@H](O)[C@H](O)[C@H](CC1CCCCC1)NC(=O)[C@H](Cc1csc(N)n1)NC(=O)[C@H](Cc1ccccc1)NS(=O)(=O)N1CCNCC1
CHEMBL325329,CC[C@H](C)[C@H](NC(=O)C[C@H](O)[C@H](CC1CCCCC1)NC(=O)CCNC(=O)[C@H](Cc1ccccc1)NC(=O)CCC[N+](C)(C)C)C(=O)NCc1cnc(C)nc1N.[Cl-]
CHEMBL3348534,CC(C)C[C@H](O)[C@H](O)[C@H](CC1CCCCC1)NC(=O)[C@H](Cc1c[nH]cn1)NC(=O)[C@H](C)NC(=O)OC(C)(C)C
CHEMBL3348547,CC(C)CC[C@H](O)[C@H](CC1CCCCC1)NC(=O)[C@H](Cc1c[nH]cn1)NC(=O)[C@H](Cc1ccccc1)NC(=O)OC(C)(C)C
CHEMBL93163,CCCCNC(=O)[C@H](C)C[C@H](O)[C@@H](N)C[C@H](Cc1ccc(C(C)(C)C)c(O)c1)C(C)C
CHEMBL58968,CCN1C[C@@H]([C@H](O)[C@H](CC2CCCCC2)NC(=O)[C@H](Cc2c[nH]cn2)NC(=O)[C@H](Cc2ccc(OC)cc2)NC(=O)C(C)C)OC1=O
CHEMBL58968,CCN1C[C@@H]([C@H](O)[C@H](CC2CCCCC2)NC(=O)[C@H](Cc2c[nH]cn2)NC(=O)[C@H](Cc2ccc(OC)cc2)NC(=O)C(C)C)OC1=O
CHEMBL113593,CC[C@H](C)[C@H](NC(=O)C[C@H](O)[C@H](CC1CCCCC1)NC(=O)CSC[C@H](O)[C@H](Cc1ccccc1)NC(=O)OC(C)(C)C)C(=O)NCc1cnc(C)nc1N
CHEMBL3142261,CSC[C@@H](NC(=O)[C@H](Cc1ccccc1)NC(=O)OC(C)(C)C)C(=O)N[C@@H](CC1CCCCC1)[C@@H](O)[C@@H](O)CC(C)C
CHEMBL59135,CCN1C[C@@H]([C@H](O)[C@H](CC2CCCCC2)NC(=O)[C@H](Cc2c[nH]cn2)NC(=O)[C@@H](CC(=O)N2C[C@H](OCOCCOC)[C@H](OCOCCOC)C2)Cc2ccccc2)OC1=O
CHEMBL59135,CCN1C[C@@H]([C@H](O)[C@H](CC2CCCCC2)NC(=O)[C@H](Cc2c[nH]cn2)NC(=O)[C@@H](CC(=O)N2C[C@H](OCOCCOC)[C@H](OCOCCOC)C2)Cc2ccccc2)OC1=O
CHEMBL405227,Nc1nc(C[C@H](NC(=O)[C@H](Cc2ccccc2)NS(=O)(=O)N2CCOCC2)C(=O)N[C@@H](CC2CCCCC2)C(=O)C(F)(F)C(=O)NCCN2CCOCC2)cs1
CHEMBL305761,Cn1c(SC[C@H](O)[C@H](CC2CCCCC2)NC(=O)[C@H](Cc2c[nH]cn2)NC(=O)[C@H](Cc2ccccc2)NC(=O)OC(C)(C)C)nnc1C(F)(F)F
CHEMBL433291,CC(C)(C)OC(=O)N[C@@H](Cc1ccccc1)C(=O)N[C@@H](Cc1c[nH]cn1)C(=O)N[C@@H](CC1CCCCC1)[C@@H](O)CSc1nnnn1CCc1ccncc1
CHEMBL304121,CC(C)(C)OC(=O)N[C@@H](Cc1ccccc1)C(=O)N[C@@H](Cc1c[nH]cn1)C(=O)N[C@@H](CC1CCCCC1)[C@@H](O)CSc1nnnn1CCN1CCOCC1
CHEMBL3348548,CC[C@H](O)[C@H](O)[C@H](CC1CCCCC1)NC(=O)[C@H](Cc1c[nH]cn1)NC(=O)[C@H](Cc1ccccc1)NC(=O)OC(C)(C)C
CHEMBL3142282,CC(C)CC[C@H](O)[C@H](CC1CCCCC1)NC(=O)[C@H](C)NC(=O)[C@H](Cc1ccccc1)NC(=O)OC(C)(C)C
CHEMBL92389,CCCCNC(=O)C(C)C[C@H](O)[C@@H](N)C[C@H](Cc1ccc(C(C)(C)C)c(OCC(=O)OC)c1)C(C)C
CHEMBL330074,CC(C)C[C@@H](NC(=O)[C@H](Cc1c[nH]cn1)NC(=O)[C@@H](CC(=O)N1CCOCC1)Cc1cccc2ccccc12)C(O)C(=O)OC(C)C
CHEMBL330074,CC(C)C[C@@H](NC(=O)[C@H](Cc1c[nH]cn1)NC(=O)[C@@H](CC(=O)N1CCOCC1)Cc1cccc2ccccc12)C(O)C(=O)OC(C)C
CHEMBL109970,CC[C@H](C)[C@H](NC(=O)C[C@H](O)[C@@H](CC1CCCCC1)NC(=O)CNC(=O)[C@@H](Cc1ccccc1)NC(=O)OC(C)(C)C)C(=O)NCc1cccnc1
CHEMBL109768,CC[C@H](C)[C@H](NC(=O)C[C@H](O)[C@@H](CC1CCCCC1)NC(=O)CNC(=O)[C@@H](Cc1ccccc1)NC(=O)OC(C)(C)C)C(=O)NCc1cnc(C)nc1N
CHEMBL291671,CCOC(=O)Cn1nnnc1SC[C@H](O)[C@H](CC1CCCCC1)NC(=O)[C@H](Cc1c[nH]cn1)NC(=O)[C@H](Cc1ccccc1)NC(=O)OC(C)(C)C
CHEMBL315211,COC(=O)[C@H](NC(=O)[C@H](Cc1ccccc1)NS(=O)(=O)N1CCOCC1)C(=O)N[C@@H](CC1CCCCC1)[C@@H](O)[C@@H](O)CC(C)C
CHEMBL61428,CCN1C[C@@H]([C@H](O)[C@H](CC2CCCCC2)NC(=O)[C@H](Cc2c[nH]cn2)NC(=O)[C@H](Cc2ccc(OC)cc2)NC(=O)N2C[C@@H](O)[C@@H](O)C2)OC1=O
CHEMBL61428,CCN1C[C@@H]([C@H](O)[C@H](CC2CCCCC2)NC(=O)[C@H](Cc2c[nH]cn2)NC(=O)[C@H](Cc2ccc(OC)cc2)NC(=O)N2C[C@@H](O)[C@@H](O)C2)OC1=O
CHEMBL67500,CC(C)(C)OC(=O)N[C@@H](Cc1ccccc1)C(=O)N[C@@H](Cc1c[nH]cn1)C(=O)N[C@@H](CC1CCCCC1)[C@@H](O)CS(=O)(=O)c1nnnn1CCc1cc[n+]([O-])cc1
CHEMBL3142260,CC(C)C[C@H](O)[C@H](O)[C@H](CC1CCCCC1)NC(=O)[C@H](Cn1cccn1)NC(=O)[C@H](Cc1ccccc1)NC(=O)OC(C)(C)C
CHEMBL420417,CC(C)C[C@H](O)[C@H](O)[C@H](CC1CCCCC1)NC(=O)[C@H](Cc1csc(N)n1)NC(=O)[C@H](Cc1ccccc1)NC(=O)OC(C)(C)C
CHEMBL316176,CC[C@@H](C)CNC(=O)C[C@H](O)[C@H](CC(C)C)NC(=O)[C@H](Cc1csc(N)n1)NC(=O)[C@H](Cc1ccccc1)NS(=O)(=O)N1CCOCC1
CHEMBL323006,CC[C@H](C)[C@H](NC(=O)C[C@H](O)[C@H](CC1CCCCC1)NC(=O)CC[C@@H](O)[C@H](Cc1ccccc1)NC(=O)OC(C)(C)C)C(=O)NCc1cnc(C)nc1N
CHEMBL3348556,CC(C)CC[C@H](O)[C@H](O)[C@H](CC1CCCCC1)NC(=O)[C@H](Cc1c[nH]cn1)NC(=O)[C@H](Cc1ccccc1)NC(=O)OC(C)(C)C
CHEMBL3142268,CCOC(=O)N[C@@H](Cc1ccccc1)C(=O)N[C@@H](CC(C)C)C(=O)N[C@@H](CC1CCCCC1)[C@@H](O)[C@@H](O)CC(C)C
CHEMBL3142281,CCOC(=O)N[C@@H](Cc1ccc(OC)cc1)C(=O)N[C@@H](CC(C)C)C(=O)N[C@@H](CC1CCCCC1)[C@@H](O)[C@@H](O)CC(C)C
CHEMBL89930,CCCCNC(=O)C(C)C[C@H](O)[C@@H](N)C[C@H](Cc1ccc(C(C)(C)C)cc1)C(C)C
CHEMBL94194,CCCCNC(=O)C(C)C[C@H](O)[C@@H](N)C[C@H](Cc1ccc(C(C)(C)C)cc1OCC(=O)OCC)C(C)C
CHEMBL3348553,CC(=O)N[C@@H](Cc1ccccc1)C(=O)N[C@@H](Cc1c[nH]cn1)C(=O)N[C@@H](CC1CCCCC1)[C@@H](O)[C@@H](O)CC(C)C
CHEMBL3348538,CCOC(=O)N[C@@H](CC(C)C)C(=O)N[C@@H](Cc1c[nH]cn1)C(=O)N[C@@H](CC1CCCCC1)[C@@H](O)[C@@H](O)CC(C)C
CHEMBL85672,CC(C)C[C@H](O)[C@H](O)[C@H](CC1CCCCC1)NC(=O)[C@H](Cc1csc(N)n1)NC(=O)[C@H](Cc1ccccc1)NP(=O)(OC(C)C)OC(C)C
CHEMBL3348532,CC(C)COC(=O)N[C@@H](Cc1ccccc1)C(=O)N[C@@H](Cc1c[nH]cn1)C(=O)N[C@@H](CC1CCCCC1)[C@@H](O)[C@@H](O)CC(C)C
CHEMBL3348550,CC(C)(C)OC(=O)N[C@@H](Cc1ccccc1)C(=O)N[C@@H](Cc1c[nH]cn1)C(=O)N[C@@H](CC1CCCCC1)[C@@H](O)CO
CHEMBL304849,C=CC[C@H](NC(=O)CNS(=O)(=O)N1CCOCC1)C(=O)N[C@@H](CC1CCC(c2ccccc2)CC1)[C@@H](O)[C@@H](O)CC(C)C
CHEMBL329009,CCCCNC(=O)C(C)C[C@H](O)[C@@H](N)C[C@H](Cc1ccc(C(C)(C)C)c(OCC(N)=O)c1)C(C)C
CHEMBL58859,CCN1C[C@@H]([C@H](O)[C@H](CC2CCCCC2)NC(=O)[C@H](Cc2c[nH]cn2)NC(=O)[C@H](Cc2ccc(OC)cc2)NC(=O)N(C)CCOCOCCOC)OC1=O
CHEMBL58859,CCN1C[C@@H]([C@H](O)[C@H](CC2CCCCC2)NC(=O)[C@H](Cc2c[nH]cn2)NC(=O)[C@H](Cc2ccc(OC)cc2)NC(=O)N(C)CCOCOCCOC)OC1=O
CHEMBL315992,Nc1nc(C[C@H](NC(=O)[C@H](Cc2ccccc2)NS(=O)(=O)N2CCOCC2)C(=O)N[C@@H](CC2CCCCC2)[C@@H](O)CC(=O)NCCN2CCOCC2)cs1
CHEMBL113209,CC[C@H](C)[C@H](NC(=O)C[C@H](O)[C@H](CC1CCCCC1)NC(=O)C[S+]([O-])CC(=O)[C@H](Cc1ccccc1)NC(=O)OC(C)(C)C)C(=O)NCc1cnc(C)nc1N
CHEMBL110060,CC[C@H](C)[C@H](NC(=O)C[C@H](O)[C@@H](CC1CCCCC1)NC(=O)CCNC(=O)[C@@H](Cc1ccccc1)NC(=O)OC(C)(C)C)C(=O)NCc1cnc(C)nc1N
CHEMBL407882,CC[C@H](C)[C@H](NC(=O)C[C@H](O)[C@H](CC1CCCCC1)NC(=O)CCNC(=O)[C@H](Cc1ccccc1)NC(=O)N1CCC(NC(=O)OC(C)(C)C)CC1)C(=O)NCc1cnc(C)nc1N
CHEMBL111144,CC[C@H](C)[C@H](NC(=O)C[C@H](O)[C@H](CC1CCCCC1)NC(=O)CCNC(=O)[C@H](Cc1ccccc1)NC(=O)N1CCC(N(C)C)CC1)C(=O)NCc1cnc(C)nc1N
CHEMBL14672,CC[C@H](C)[C@H](NC(=O)C[C@H](O)[C@@H](CC1CCCCC1)NC(=O)CCCNC(=O)[C@@H](Cc1ccccc1)NC(=O)OC(C)(C)C)C(=O)NCc1cnc(C)nc1N
CHEMBL324213,CC[C@H](C)[C@H](NC(=O)[C@@H](C[C@H](O)[C@H](CC(C)C)NC(=O)CSCC(=O)[C@H](Cc1ccccc1)NC(=O)OC(C)(C)C)C(C)C)C(=O)NCc1cnc(C)nc1N
CHEMBL68464,CC(C)(C)OC(=O)N[C@@H](Cc1ccccc1)C(=O)N[C@@H](Cc1c[nH]cn1)C(=O)N[C@@H](CC1CCCCC1)[C@@H](O)CSc1nnnn1CC(=O)NCCN1CCOCC1
CHEMBL112091,CC[C@H](C)[C@H](NC(=O)C[C@H](O)[C@H](CC1CCCCC1)NC(=O)CSC[C@@H](O)[C@H](Cc1ccccc1)NC(=O)OC(C)(C)C)C(=O)NCc1cnc(C)nc1N
CHEMBL446156,CC[C@H](C)[C@H](NC(=O)[C@@H](C[C@H](O)[C@H](CC(C)C)NC(=O)[C@H](Cc1c[nH]cn1)NC(=O)[C@H](Cc1ccccc1)NC(=O)OC(C)(C)C)C(C)C)C(=O)N[C@@H](Cc1c[nH]cn1)C(=O)O
CHEMBL406475,Cn1ccnc1SC[C@H](O)[C@H](CC1CCCCC1)NC(=O)[C@H](Cc1c[nH]cn1)NC(=O)[C@H](Cc1ccccc1)NC(=O)OC(C)(C)C
CHEMBL263531,CC(C)C[C@H](O)[C@H](O)[C@H](CC1CCCCC1)NC(=O)[C@H](Cc1ccccc1)NC(=O)[C@H](Cc1ccccc1)NS(=O)(=O)N1CCOCC1
CHEMBL430933,CC(C)C[C@H](O)[C@H](O)[C@H](CC1CCCCC1)NC(=O)[C@H](Cc1c[nH]cn1)NC(=O)[C@H](Cc1ccccc1)NC(=O)OC(C)(C)C
CHEMBL430933,CC(C)C[C@H](O)[C@H](O)[C@H](CC1CCCCC1)NC(=O)[C@H](Cc1c[nH]cn1)NC(=O)[C@H](Cc1ccccc1)NC(=O)OC(C)(C)C
CHEMBL62380,C=CC[C@H](NC(=O)[C@H](Cc1ccccc1)NS(=O)(=O)N1CCOCC1)C(=O)N[C@@H](CC1CCCCC1)[C@@H](O)[C@@H](O)CC(C)C
CHEMBL1203094,CC[C@H](C)[C@H](NC(=O)C[C@H](O)[C@H](CC1CCCCC1)NC(=O)[C@H](C)CNC(=O)[C@H](Cc1ccccc1)NC(=O)CCCN(C)C)C(=O)NCc1cnc(C)nc1N.Cl.Cl
CHEMBL3142262,CC(C)C[C@H](NC(=O)[C@H](Cc1ccccc1)NC(=O)OC(C)(C)C)C(=O)N[C@@H](CC1CCCCC1)[C@@H](O)[C@@H](O)CC(C)C
CHEMBL3348540,COc1ccc(C[C@H](NC(=O)OC(C)(C)C)C(=O)N[C@@H](Cc2c[nH]cn2)C(=O)N[C@@H](CC2CCCCC2)[C@@H](O)[C@@H](O)CC(C)C)cc1
CHEMBL3348544,CC(C)CN[C@@H](Cc1ccccc1)C(=O)N[C@@H](Cc1c[nH]cn1)C(=O)N[C@@H](CC1CCCCC1)[C@@H](O)[C@@H](O)CC(C)C
CHEMBL60610,CC(C)C[C@H](O)[C@H](O)[C@H](CC1CCCCC1)NC(=O)[C@H](Cc1csc(N)n1)NC(=O)[C@@H]1Cc2ccccc2CN1S(=O)(=O)N1CCOCC1
CHEMBL109871,CC[C@H](C)[C@H](NC(=O)C[C@H](O)[C@H](CC1CCCCC1)NC(=O)CS(=O)(=O)CC(=O)[C@H](Cc1ccccc1)NC(=O)OC(C)(C)C)C(=O)NCc1cnc(C)nc1N
CHEMBL66684,Cn1cnnc1SC[C@H](O)[C@H](CC1CCCCC1)NC(=O)[C@H](Cc1c[nH]cn1)NC(=O)[C@H](Cc1ccccc1)NC(=O)OC(C)(C)C
CHEMBL3142283,CC(C)C[C@H](O)[C@H](O)[C@H](CC1CCCCC1)NC(=O)[C@H](C)NC(=O)[C@H](Cc1ccccc1)NC(=O)OC(C)(C)C
CHEMBL3348541,CC(C)C[C@H](O)[C@H](O)[C@H](CC1CCCCC1)NC(=O)[C@H](Cc1c[nH]cn1)NC(=O)[C@H](Cc1cccc2ccccc12)NC(=O)OC(C)(C)C
CHEMBL3348554,CC(C)C[C@H](O)[C@H](O)[C@H](CC1CCCCC1)NC(=O)[C@H](Cc1c[nH]cn1)NC(=O)[C@H](Cc1ccccc1)NC(=O)NC(C)(C)C
CHEMBL3348557,CC(C)[C@H](O)[C@H](O)[C@H](CC1CCCCC1)NC(=O)[C@H](Cc1c[nH]cn1)NC(=O)[C@H](Cc1ccccc1)NC(=O)OC(C)(C)C
CHEMBL433218,CCCCNC(=O)C(C)C[C@H](O)[C@@H](N)C[C@H](Cc1ccc(C(C)(C)C)c(OCS(C)(=O)=O)c1)C(C)C
CHEMBL309127,CC(C)(C)OC(=O)N[C@@H](Cc1ccccc1)C(=O)N[C@@H](Cc1c[nH]cn1)C(=O)N[C@@H](CC1CCCCC1)[C@@H](O)CSC1CCCCC1
CHEMBL293196,CCCCNC(=O)[C@@H](C[C@H](O)[C@H](CC1CCCCC1)NC(=O)[C@H](Cc1c[nH]cn1)NC(=O)[C@H](Cc1ccccc1)CS(=O)(=O)C(C)(C)C)C(C)C
CHEMBL3142274,CC(C)C[C@H](NC(=O)OC(C)(C)C)C(=O)N[C@@H](CC(C)C)C(=O)N[C@@H](CC1CCCCC1)[C@@H](O)[C@@H](O)CC(C)C
CHEMBL430634,Nc1nc(C[C@H](NC(=O)[C@H](Cc2ccccc2)NS(=O)(=O)N2CCOCC2)C(=O)N[C@@H](CC2CCCCC2)[C@@H](O)C(F)(F)C(=O)NCCN2CCOCC2)cs1
CHEMBL325119,CC[C@H](C)[C@H](NC(=O)C[C@H](O)[C@H](CC1CCCCC1)NC(=O)CCC(=O)[C@H](Cc1ccccc1)NC(=O)OC(C)(C)C)C(=O)NCc1cnc(C)nc1N
CHEMBL300337,COc1ccc(C[C@H](NC(=O)CC(C)(C)N)C(=O)N[C@@H](Cc2c[nH]cn2)C(=O)N[C@@H](CC2CCCCC2)[C@@H](O)[C@@H](O)CC(C)C)cc1
CHEMBL3143459,CC(C)CCC(=O)NCC[C@H](O)[C@H](CC1CCCCC1)NC(=O)[C@H](Cc1cncn1C)NC(=O)[C@H](Cc1ccccc1)NC(=O)OC(C)(C)C
CHEMBL2112610,C=CCCC[C@H](C[C@@H](O)[C@H](Cc1ccccc1)NC(=O)OC(C)(C)C)C(=O)N[C@@H](CC1CCCCC1)[C@@H](O)CC(=C)C(=O)NCC(C)C
CHEMBL3143460,CN(C)CC(=O)NCC[C@H](O)[C@H](CC1CCCCC1)NC(=O)[C@H](Cc1c[nH]cn1)NC(=O)[C@H](Cc1ccccc1)NC(=O)OC(C)(C)C
CHEMBL433024,C=C(C[C@H](O)[C@H](CC1CCCCC1)NC(=O)C(CCCC)NC(=O)[C@H](Cc1ccccc1)NC(=O)OC(C)(C)C)C(=O)NCC(C)C
CHEMBL3143446,CC(C)CCC(=O)NCC[C@H](O)[C@H](CC1CCCCC1)NC(=O)[C@H](Cc1cnccn1)NC(=O)[C@H](Cc1ccccc1)NC(=O)OC(C)(C)C
