CHEMBL78946,CC(C)C[C@H](NC(=O)[C@H](CC(N)=O)NC(=O)[C@@H](NC(=O)[C@@H](N)CCC(=O)O)C(C)C)[C@@H](O)C[C@@H](C)C(=O)N[C@@H](C)C(=O)N[C@@H](CCC(=O)O)C(=O)N[C@@H](Cc1ccccc1)C(=O)O
CHEMBL65752,CSCC(NC(=O)[C@@H](NC(=O)OC(C)(C)C)C(C)C)C(=O)N[C@@H](CC(C)C)C(O)CC(C)C(=O)NC(C(=O)NCc1ccccc1)C(C)C
CHEMBL65981,CC(C)C[C@H](NC(=O)C(CC(N)=O)NC(=O)[C@@H](NC(=O)OC(C)(C)C)C(C)C)C(O)CC(C)C(=O)NC(C)C(=O)NCc1ccccc1
CHEMBL293611,CSCCC(NC(=O)[C@@H](NC(=O)OC(C)(C)C)C(C)C)C(=O)N[C@@H](CC(C)C)C(O)CC(C)C(=O)NC(C(=O)NCc1ccccc1)C(C)C
CHEMBL294274,CC(C)C[C@H](NC(=O)C(CS(C)(=O)=O)NC(=O)[C@@H](NC(=O)OC(C)(C)C)C(C)C)C(O)CC(C)C(=O)NC(C(=O)NCc1ccccc1)C(C)C
CHEMBL304010,CC(C)C[C@H](NC(=O)C(CC(N)=O)NC(=O)[C@@H](NC(=O)OC(C)(C)C)C(C)C)C(O)CC(C)C(=O)NC(C(=O)NCc1ccccc1)C(C)C
CHEMBL264379,CC(C)C[C@H](NC(=O)[C@@H](N)CCC(=O)O)C(=O)N[C@@H](CC(=O)O)C(=O)N[C@@H](CC(C)C)[C@@H](O)C[C@@H](C)C(=O)N[C@H](C(=O)N[C@@H](CCC(=O)O)C(=O)NC(Cc1ccccc1)C(=O)O)C(C)C
CHEMBL440490,CC(C)C[C@H](NC(=O)C(CCS(C)(=O)=O)NC(=O)[C@@H](NC(=O)OC(C)(C)C)C(C)C)C(O)CC(C)C(=O)NC(C(=O)NCc1ccccc1)C(C)C
CHEMBL78946,CC(C)C[C@H](NC(=O)[C@H](CC(N)=O)NC(=O)[C@@H](NC(=O)[C@@H](N)CCC(=O)O)C(C)C)[C@@H](O)C[C@@H](C)C(=O)N[C@@H](C)C(=O)N[C@@H](CCC(=O)O)C(=O)N[C@@H](Cc1ccccc1)C(=O)O
CHEMBL143239,CC(C)[C@H](NC(=O)C[C@H](O)[C@H](Cc1cc(F)cc(F)c1)NC(=O)C(O)c1ccccc1-c1ccccc1)C(=O)Nc1cc(C(=O)O)cc(C(=O)O)c1
CHEMBL332948,CCC(C)C[C@H](NC(=O)[C@H](CC(C)C)NC(C)=O)[C@@H](O)CC(=O)N[C@@H](Cc1ccccc1)[C@@H](O)CC(=O)N[C@H](C(=O)NCc1ccc(C(=O)O)cc1)C(C)C
CHEMBL51386,CSCC[C@H](NC(=O)[C@@H](NC(C)=O)C(C)C)C(=O)N[C@@H](CC(C)C)[C@@H](O)CC(=O)N[C@H](C(=O)N[C@@H](C)C(=O)N[C@@H](CCC(=O)O)C(=O)N[C@@H](Cc1ccccc1)C(=O)O)C(C)C
CHEMBL332260,CC(=O)N[C@@H](CC(C)C)C(=O)N[C@@H](Cc1ccccc1)[C@@H](O)CC(=O)N[C@@H](CC1CCCCC1)[C@@H](O)CC(=O)N[C@H](C(=O)NCc1ccc(C(=O)O)cc1)C(C)C
CHEMBL2370886,CCC(O)[C@H](NC(=O)[C@@H](N)CCCN)C(=O)N[C@@H](CCC(=O)O)C(=O)N[C@@H](CCC(=O)O)C(=O)N[C@H](C(=O)N[C@@H](CO)C(=O)N[C@@H](CCC(=O)O)C(=O)N[C@H](C(=O)N[C@@H](CCSC)C(=O)N[C@@H](CC(C)C)[C@@H](O)CC(=O)N[C@H](C(=O)N[C@@H](C)C(=O)N[C@@H](CCC(=O)O)C(=O)N[C@@H](Cc1ccccc1)C(=O)O)C(C)C)C(C)C)[C@@H](C)CC
CHEMBL290001,CSCC[C@H](NC(=O)[C@@H](NC(=O)OC(C)(C)C)C(C)C)C(=O)N[C@@H](CC(C)C)[C@@H](O)C[C@@H](C)C(=O)N[C@H](C(=O)NCc1ccccc1)C(C)C
CHEMBL51386,CSCC[C@H](NC(=O)[C@@H](NC(C)=O)C(C)C)C(=O)N[C@@H](CC(C)C)[C@@H](O)CC(=O)N[C@H](C(=O)N[C@@H](C)C(=O)N[C@@H](CCC(=O)O)C(=O)N[C@@H](Cc1ccccc1)C(=O)O)C(C)C
CHEMBL143687,COC(=O)c1cc(NC(=O)[C@@H](NC(=O)C[C@H](O)[C@H](Cc2cc(F)cc(F)c2)NC(=O)C(O)c2ccccc2-c2ccccc2)C(C)C)cc(C(=O)OC)c1
CHEMBL138386,CC(C)[C@H](N)C(=O)N[C@@H](C)C(=O)N[C@@H](Cc1ccccc1)[C@@H](O)C[C@@H](C)C(=O)N[C@H](C(=O)NCc1ccncc1)C(C)C
CHEMBL432560,CC[C@H](C)[C@H](O)C(=O)N[C@@H](CCC(F)F)C(=O)N[C@@H](Cc1ccccc1)[C@@H](O)C[C@@H](CCC(F)F)C(=O)N[C@H](C(=O)NCc1ccncc1)C(C)C
CHEMBL316181,CC(C)[C@H](O)C(=O)N[C@@H](C)C(=O)N[C@@H](Cc1ccccc1)[C@@H](O)C[C@@H](C)C(=O)N[C@H](C(=O)NCc1ccccc1)C(C)C
CHEMBL66035,CC(C)C[C@H](NC(=O)[C@H](CC(N)=O)NC(=O)[C@@H](NC(=O)[C@@H](N)CC(=O)O)C(C)C)C(O)C[C@@H](C)C(=O)N[C@@H](C)C(=O)N[C@@H](CCC(=O)O)C(=O)N[C@@H](Cc1ccccc1)C(=O)O
CHEMBL84022,CC(C)[C@H](NC(=O)[C@H](C)C[C@H](O)[C@H](Cc1ccccc1)NC(=O)[C@H](C)NC(=O)[C@@H](O)CC(F)(F)F)C(=O)NCc1ccncc1
CHEMBL433329,CC[C@H](C)[C@H](O)C(=O)N[C@@H](CCCF)C(=O)N[C@@H](Cc1ccccc1)[C@@H](O)C[C@@H](CCCF)C(=O)N[C@H](C(=O)NCc1ccncc1)C(C)C
CHEMBL82102,CC(C)C[C@H](O)C(=O)N[C@@H](C)C(=O)N[C@@H](Cc1ccccc1)[C@@H](O)C[C@@H](C)C(=O)N[C@H](C(=O)NCc1ccncc1)C(C)C
CHEMBL84249,CC[C@H](C[C@H](O)[C@H](Cc1ccccc1)NC(=O)[C@H](C)NC(=O)[C@@H](O)C(C)C)C(=O)N[C@H](C(=O)N[C@@H](C)c1ccccc1)C(C)C
CHEMBL81671,CC(C)[C@H](NC(=O)OC(C)(C)C)C(=O)N[C@@H](C)C(=O)N[C@@H](Cc1ccccc1)[C@@H](O)C[C@@H](C)C(=O)N[C@H](C(=O)NCc1ccncc1)C(C)C
CHEMBL312058,CC(C)[C@H](O)C(=O)N[C@@H](C)C(=O)N[C@@H](Cc1ccccc1)[C@@H](O)C[C@@H](C)C(=O)N[C@H](C(=O)NCc1ccncc1)C(C)C
CHEMBL1790644,CC[C@H](C)[C@H](O)C(=O)N[C@@H](C)C(=O)N[C@@H](Cc1ccccc1)[C@@H](O)C[C@@H](C)C(=O)N[C@H](C(=O)NCc1ccncc1)C(C)C
CHEMBL418329,CC(C)C[C@H](NC(=O)[C@H](CC(N)=O)NC(=O)[C@@H](N)C(C)C)C(O)C[C@@H](C)C(=O)N[C@@H](C)C(=O)N[C@@H](CCC(=O)O)C(=O)N[C@@H](Cc1ccccc1)C(=O)O
CHEMBL280244,CC[C@H](C)[C@H](O)C(=O)N[C@@H](CC(C)C)C(=O)N[C@@H](Cc1ccccc1)[C@@H](O)C[C@@H](CC(C)C)C(=O)N[C@H](C(=O)NCc1ccncc1)C(C)C
CHEMBL82504,CC[C@H](C[C@H](O)[C@H](Cc1ccccc1)NC(=O)[C@H](C)NC(=O)[C@@H](O)C(C)C)C(=O)N[C@H](C(=O)N[C@H](C)c1ccccc1)C(C)C
CHEMBL81037,CCC[C@H](NC(=O)OC(C)(C)C)C(=O)N[C@@H](CCSC)C(=O)N[C@@H](Cc1ccccc1)[C@@H](O)C[C@@H](C)C(=O)N[C@H](C(=O)NCc1ccncc1)C(C)C
CHEMBL78781,CCC[C@H](NC(=O)OC(C)(C)C)C(=O)N[C@@H](C)C(=O)N[C@@H](Cc1ccccc1)[C@@H](O)C[C@@H](C)C(=O)N[C@H](C(=O)NCc1ccncc1)C(C)C
CHEMBL81490,CC(C)[C@H](NC(=O)[C@H](C)C[C@H](O)[C@H](Cc1ccccc1)NC(=O)[C@H](C)NC(=O)[C@H](CC(F)F)NC(=O)OC(C)(C)C)C(=O)NCc1ccncc1
CHEMBL290001,CSCC[C@H](NC(=O)[C@@H](NC(=O)OC(C)(C)C)C(C)C)C(=O)N[C@@H](CC(C)C)[C@@H](O)C[C@@H](C)C(=O)N[C@H](C(=O)NCc1ccccc1)C(C)C
CHEMBL78459,CC[C@H](NC(=O)OC(C)(C)C)C(=O)N[C@@H](C)C(=O)N[C@@H](Cc1ccccc1)[C@@H](O)C[C@@H](C)C(=O)N[C@H](C(=O)NCc1ccncc1)C(C)C
CHEMBL81671,CC(C)[C@H](NC(=O)OC(C)(C)C)C(=O)N[C@@H](C)C(=O)N[C@@H](Cc1ccccc1)[C@@H](O)C[C@@H](C)C(=O)N[C@H](C(=O)NCc1ccncc1)C(C)C
CHEMBL309884,CC(C)C[C@H](NC(=O)OC(C)(C)C)C(=O)N[C@@H](C)C(=O)N[C@@H](Cc1ccccc1)[C@@H](O)C[C@@H](C)C(=O)N[C@H](C(=O)NCc1ccncc1)C(C)C
CHEMBL310452,CSCC[C@H](NC(=O)[C@@H](NC(=O)OC(C)(C)C)C(C)C)C(=O)N[C@@H](Cc1ccccc1)[C@@H](O)C[C@@H](C)C(=O)N[C@H](C(=O)NCc1ccncc1)C(C)C
CHEMBL311262,CC(C)[C@H](NC(=O)[C@@H](N)CCC(=O)O)C(=O)N[C@@H](CC(N)=O)C(=O)N[C@@H](CC1CCCCC1)[C@@H](O)C[C@H](C(=O)N[C@H](C)C(=O)N[C@H](CCC(=O)O)C(=O)N[C@H](Cc1ccccc1)C(=O)O)C(C)(C)O
CHEMBL314014,COCC[C@H](NC(=O)[C@@H](NC(=O)OC(C)(C)C)C(C)C)C(=O)N[C@@H](Cc1ccccc1)[C@@H](O)C[C@@H](C)C(=O)N[C@H](C(=O)NCc1ccncc1)C(C)C
CHEMBL1790594,CC[C@@H](C)[C@H](NC(=O)OC(C)(C)C)C(=O)N[C@@H](C)C(=O)N[C@@H](Cc1ccccc1)[C@@H](O)C[C@@H](C)C(=O)N[C@H](C(=O)NCc1ccncc1)C(C)C
CHEMBL82607,CC(C)[C@H](NC(=O)[C@H](C)C[C@H](O)[C@H](Cc1ccccc1)NC(=O)[C@H](C)NC(=O)[C@H](CC(F)(F)C(F)F)NC(=O)OC(C)(C)C)C(=O)NCc1ccncc1
CHEMBL312277,CSCC[C@H](NC(=O)[C@@H](NC(=O)OC(C)(C)C)C(C)C)C(=O)N[C@@H](Cc1ccccc1)[C@@H](O)C[C@@H](C)C(=O)N[C@H](C(=O)NCc1ccccc1)C(C)C
CHEMBL82594,COC[C@H](NC(=O)OC(C)(C)C)C(=O)N[C@@H](C)C(=O)N[C@@H](Cc1ccccc1)[C@@H](O)C[C@@H](C)C(=O)N[C@H](C(=O)NCc1ccncc1)C(C)C
CHEMBL2370116,CC(C)C[C@H](NC(=O)[C@H](CC(N)=O)NC(=O)[C@@H](NC(=O)[C@@H](N)CCC(=O)O)C(C)C)C(O)CC(=O)N[C@H](C(=O)N[C@@H](C)C(=O)N[C@@H](CCC(=O)O)C(=O)N[C@@H](Cc1ccccc1)C(=O)O)C(C)C
CHEMBL90043,CSCC[C@H](NC(=O)[C@@H](NC(C)=O)C(C)C)C(=O)N[C@@H](CC(C)C)C(O)C[C@H](C(=O)N[C@@H](C)C(=O)N[C@@H](CCC(=O)O)C(=O)N[C@@H](Cc1ccccc1)C(=O)O)C(C)C
CHEMBL412768,CC[C@H](C)[C@H](NC(=O)[C@H](CCC(=O)O)NC(=O)[C@H](CCC(=O)O)NC(=O)[C@@H](NC(=O)[C@@H](N)CCCCN)[C@@H](C)O)C(=O)N[C@@H](CO)C(=O)N[C@@H](CCC(=O)O)C(=O)N[C@H](C(=O)N[C@@H](CC(N)=O)C(=O)N[C@@H](CC(C)C)[C@@H](O)CC(=O)N[C@H](C(=O)N[C@@H](C)C(=O)N[C@@H](CCC(=O)O)C(=O)N[C@@H](Cc1ccccc1)C(=O)O)C(C)C)C(C)C
CHEMBL265041,CSCC[C@H](NC(=O)[C@@H](NC(C)=O)C(C)C)C(=O)NC(CC(C)C)C(O)CC(=O)N[C@H](C(=O)N[C@@H](C)C(=O)N[C@@H](CCC(=O)O)C(=O)N[C@@H](Cc1ccccc1)C(=O)O)C(C)C
CHEMBL50930,CSCC[C@H](NC(=O)[C@@H](NC(=O)OC(C)(C)C)C(C)C)C(=O)NC(CC(C)C)[C@@H](O)CC(=O)N[C@@H](C(=O)NC1C[C@@H](C(=O)O)C[C@@H](C(=O)O)C1)C(C)C
CHEMBL51386,CSCC[C@H](NC(=O)[C@@H](NC(C)=O)C(C)C)C(=O)N[C@@H](CC(C)C)[C@@H](O)CC(=O)N[C@H](C(=O)N[C@@H](C)C(=O)N[C@@H](CCC(=O)O)C(=O)N[C@@H](Cc1ccccc1)C(=O)O)C(C)C
CHEMBL296166,COC(=O)[C@@H]1CC(NC(=O)[C@H](NC(=O)C[C@H](O)[C@@H](Cc2cc(F)cc(F)c2)NC(=O)C(O)c2ccccc2-c2ccccc2)C(C)C)C[C@H](C(=O)OC)C1
CHEMBL290001,CSCC[C@H](NC(=O)[C@@H](NC(=O)OC(C)(C)C)C(C)C)C(=O)N[C@@H](CC(C)C)[C@@H](O)C[C@@H](C)C(=O)N[C@H](C(=O)NCc1ccccc1)C(C)C
CHEMBL95424,CC(C)C[C@H](NC(=O)[C@H](CC(N)=O)NC(=O)[C@@H](NC(=O)OC(C)(C)C)C(C)C)[C@@H](O)C[C@@H](C)C(=O)N[C@@H](C)C(=O)NCc1ccccc1
CHEMBL95430,CC(C)C[C@H](NC(=O)[C@H](CS(C)(=O)=O)NC(=O)[C@@H](NC(=O)OC(C)(C)C)C(C)C)[C@@H](O)C[C@@H](C)C(=O)N[C@H](C(=O)NCc1ccccc1)C(C)C
CHEMBL262295,CC(C)C[C@H](NC(=O)[C@H](CC(N)=O)NC(=O)C(NC(=O)[C@H](N)CCC(=O)O)C(C)C)[C@@H](O)C[C@@H](C)C(=O)N[C@@H](C)C(=O)N[C@H](CCC(=O)O)C(=O)NC(Cc1ccccc1)C(=O)O
CHEMBL318115,CC(C)C[C@H](NC(=O)[C@H](CCS(C)(=O)=O)NC(=O)[C@@H](NC(=O)OC(C)(C)C)C(C)C)[C@@H](O)C[C@@H](C)C(=O)N[C@H](C(=O)NCc1ccccc1)C(C)C
CHEMBL98239,CSC[C@H](NC(=O)[C@@H](NC(=O)OC(C)(C)C)C(C)C)C(=O)N[C@@H](CC(C)C)[C@@H](O)C[C@@H](C)C(=O)N[C@H](C(=O)NCc1ccccc1)C(C)C
CHEMBL317001,CC(C)C[C@H](NC(=O)[C@H](CC(N)=O)NC(=O)C(N)C(C)C)[C@@H](O)C[C@@H](C)C(=O)N[C@@H](C)C(=O)N[C@H](CCC(=O)O)C(=O)NC(Cc1ccccc1)C(=O)O
CHEMBL98238,CC(C)C[C@H](NC(=O)[C@H](CC(N)=O)NC(=O)[C@@H](NC(=O)OC(C)(C)C)C(C)C)[C@@H](O)C[C@@H](C)C(=O)N[C@H](C(=O)NCc1ccccc1)C(C)C
CHEMBL137755,CC(C)C[C@H](NC(=O)[C@H](CC(N)=O)NC(=O)[C@@H](NC(=O)[C@@H](N)CCC(=O)O)C(C)C)[C@@H](O)CC(=O)N[C@H](C(=O)N[C@@H](C)C(=O)N[C@@H](CCC(=O)O)C(=O)N[C@@H](Cc1ccccc1)C(=O)O)C(C)C
CHEMBL1791011,CC[C@H](C)[C@H](NC(C)=O)C(=O)N[C@@H](CCSC)C(=O)N[C@@H](CC(C)C)[C@@H](O)CC(=O)N[C@@H](Cc1ccccc1)C(=O)NCc1cccc(C(=O)O)c1
CHEMBL1791017,CC[C@H](C)[C@H](NC(=O)C1CCCCO1)C(=O)N[C@@H](C)C(=O)N[C@@H](CC(C)C)[C@@H](O)CC(=O)N[C@H](C(=O)NCc1cccc(C(=O)O)c1)C(C)C
CHEMBL1791009,CCCC[C@H](NC(=O)C[C@H](O)[C@H](CC(C)C)NC(=O)[C@H](C)NC(=O)[C@@H](NC(C)=O)[C@@H](C)CC)C(=O)NCc1cccc(C(=O)O)c1
CHEMBL1791016,CCC[C@H](NC(=O)C[C@H](O)[C@H](CC(C)C)NC(=O)[C@H](CCSC)NC(=O)[C@@H](NC(C)=O)[C@@H](C)CC)C(=O)NCc1cccc(C(=O)O)c1
CHEMBL1791021,CC[C@H](C)[C@H](NC(=O)C[C@H](O)[C@H](CC(C)C)NC(=O)[C@H](CCSC)NC(=O)[C@@H](NC(=O)[C@@H](N)CCC(=O)O)C(C)C)C(=O)N[C@@H](C)C(=O)N[C@@H](CCC(=O)O)C(=O)N[C@@H](Cc1ccccc1)C(=O)O
CHEMBL1791014,CC[C@H](C)[C@H](NC(C)=O)C(=O)N[C@@H](C)C(=O)N[C@@H](CC(C)C)[C@@H](O)CC(=O)N[C@@H](CC(C)C)C(=O)NCc1cccc(C(=O)O)c1
CHEMBL78946,CC(C)C[C@H](NC(=O)[C@H](CC(N)=O)NC(=O)[C@@H](NC(=O)[C@@H](N)CCC(=O)O)C(C)C)[C@@H](O)C[C@@H](C)C(=O)N[C@@H](C)C(=O)N[C@@H](CCC(=O)O)C(=O)N[C@@H](Cc1ccccc1)C(=O)O
CHEMBL134730,CSCC[C@H](NC(=O)[C@@H](NC(=O)[C@@H](N)CCC(=O)O)C(C)C)C(=O)N[C@@H](CC(C)C)[C@@H](O)CC(=O)N[C@@H](CC(C)C)C(=O)N[C@@H](C)C(=O)N[C@@H](CCC(=O)O)C(=O)N[C@@H](Cc1ccccc1)C(=O)O
CHEMBL1791018,CCCC[C@H](NC(=O)C[C@H](O)[C@H](CC(C)C)NC(=O)[C@H](CCSC)NC(=O)[C@@H](NC(C)=O)[C@@H](C)CC)C(=O)NCc1cccc(C(=O)O)c1
CHEMBL343757,CC(C)C[C@H](NC(=O)[C@H](CC(N)=O)NC(=O)[C@@H](NC(=O)[C@@H](N)CCC(=O)O)C(C)C)[C@@H](O)CC(=O)N[C@H](C(=O)N[C@@H](C)C(=O)N[C@@H](CCC(=O)O)C(N)=O)C(C)C
CHEMBL1791010,CC[C@H](C)[C@H](NC(C)=O)C(=O)N[C@@H](CCSC)C(=O)N[C@@H](CC(C)C)[C@@H](O)CC(=O)N[C@@H](Cc1ccc(O)cc1)C(=O)NCc1cccc(C(=O)O)c1
CHEMBL1791020,CC[C@H](C)[C@H](NC(C)=O)C(=O)N[C@@H](C)C(=O)N[C@@H](CC(C)C)[C@@H](O)CC(=O)N[C@H](C(=O)NCc1cccc(C(=O)O)c1)C(C)C
CHEMBL1791013,CC[C@H](C)[C@H](NC(C)=O)C(=O)N[C@@H](C)C(=O)N[C@@H](CC(C)C)[C@@H](O)CC(=O)N[C@@H](Cc1ccccc1)C(=O)NCc1cccc(C(=O)O)c1
CHEMBL335277,CC(C)C[C@H](NC(=O)[C@H](C)NC(=O)[C@@H](NC(=O)[C@@H](N)CCC(=O)O)C(C)C)[C@@H](O)CC(=O)N[C@H](C(=O)N[C@@H](C)C(=O)N[C@@H](CCC(=O)O)C(=O)N[C@@H](Cc1ccccc1)C(=O)O)C(C)C
CHEMBL1791012,CC[C@H](C)[C@H](NC(C)=O)C(=O)N[C@@H](C)C(=O)N[C@@H](CC(C)C)[C@@H](O)CC(=O)N[C@@H](Cc1ccc(O)cc1)C(=O)NCc1cccc(C(=O)O)c1
CHEMBL335837,CSCC[C@H](NC(=O)[C@@H](NC(=O)[C@@H](N)CCC(=O)O)C(C)C)C(=O)N[C@@H](CC(C)C)[C@@H](O)CC(=O)N[C@H](C(=O)N[C@@H](C)C(=O)N[C@@H](CCC(=O)O)C(=O)N[C@@H](Cc1ccccc1)C(=O)O)C(C)C
CHEMBL338988,O=C(O[C@H]1Cc2c(O)cc(O)cc2O[C@H]1c1cc(O)c(O)c(O)c1)c1cc(O)c(O)c(O)c1
CHEMBL39360,CC(C)C[C@H](NC(=O)[C@@H](NC(=O)[C@@H](N)CNC(=O)O)C(C)C)C(=O)N[C@@H](Cc1ccccc1)[C@@H](O)C(=O)N[C@@H](CC(=O)O)C(=O)N[C@@H](C)C(=O)N[C@@H](CCC(=O)O)C(=O)O
CHEMBL126079,O=C(O[C@H]1Cc2c(O)cc(O)cc2O[C@@H]1c1cc(O)c(O)c(O)c1)c1cc(O)c(O)c(O)c1
CHEMBL288713,CC(C)C[C@H](NC(=O)[C@@H](NC(=O)[C@@H](N)CNC(=O)O)C(C)C)C(=O)N[C@@H](Cc1ccccc1)[C@@H](O)C(=O)Nc1cc(C(=O)O)cc(C(=O)O)c1
CHEMBL38830,CC(C)C[C@H](NC(=O)[C@@H](NC(=O)[C@@H](N)CNC(=O)O)C(C)C)C(=O)N[C@@H](Cc1ccccc1)[C@@H](O)C(=O)Nc1cccc(C(=O)O)c1
CHEMBL288919,CC(C)C[C@H](NC(=O)[C@@H](NC(=O)[C@@H](N)CCC(=O)O)C(C)C)C(=O)N[C@@H](Cc1ccccc1)[C@@H](O)C(=O)Nc1cc(C(=O)O)cc(C(=O)O)c1
CHEMBL181262,C=CCNC(=O)C[C@H](NC(=O)C(NC(=O)OCC=C)C(C)C)C(=O)N[C@@H](CC(C)C)[C@@H](O)C[C@@H](C)C(=O)N[C@H](C(=O)NCc1ccccc1)C(C)C
CHEMBL360361,CC(C)C[C@H](NC(=O)[C@@H]1CC(=O)NC/C=C/COC(=O)N[C@@H](C(C)C)C(=O)N1)[C@@H](O)C[C@@H](C)C(=O)N[C@H](C(=O)NCc1ccccc1)C(C)C
CHEMBL360362,CC(C)C[C@H](NC(=O)[C@@H]1CC(=O)NCCCCOC(=O)N[C@@H](C(C)C)C(=O)N1)[C@@H](O)C[C@@H](C)C(=O)N[C@H](C(=O)NCc1ccccc1)C(C)C
CHEMBL443493,C=CCCOC(=O)N[C@H](C(=O)N[C@@H](CC(=O)NCC=C)C(=O)N[C@@H](CC(C)C)[C@@H](O)C[C@@H](C)C(=O)N[C@H](C(=O)NCc1ccccc1)C(C)C)C(C)C
CHEMBL362078,CC(C)C[C@H](NC(=O)[C@@H]1CC(=O)NC/C=C/CCOC(=O)N[C@@H](C(C)C)C(=O)N1)[C@@H](O)C[C@@H](C)C(=O)N[C@H](C(=O)NCc1ccccc1)C(C)C
CHEMBL361977,CC(C)C[C@H](NC(=O)[C@@H]1CC(=O)NCCCCCOC(=O)N[C@@H](C(C)C)C(=O)N1)[C@@H](O)C[C@@H](C)C(=O)N[C@H](C(=O)NCc1ccccc1)C(C)C
CHEMBL183377,C=CCCCOC(=O)N[C@H](C(=O)N[C@@H](CC(=O)NCC=C)C(=O)N[C@@H](CC(C)C)[C@@H](O)C[C@@H](C)C(=O)N[C@H](C(=O)NCc1ccccc1)C(C)C)C(C)C
CHEMBL182892,CC(C)C[C@H](NC(=O)[C@@H]1CC(=O)NC/C=C/CCCOC(=O)N[C@@H](C(C)C)C(=O)N1)[C@@H](O)C[C@@H](C)C(=O)N[C@H](C(=O)NCc1ccccc1)C(C)C
CHEMBL182892,CC(C)C[C@H](NC(=O)[C@@H]1CC(=O)NC/C=C/CCCOC(=O)N[C@@H](C(C)C)C(=O)N1)[C@@H](O)C[C@@H](C)C(=O)N[C@H](C(=O)NCc1ccccc1)C(C)C
CHEMBL362592,CC(C)C[C@H](NC(=O)[C@@H]1CC(=O)NCCCCCCOC(=O)N[C@@H](C(C)C)C(=O)N1)[C@@H](O)C[C@@H](C)C(=O)N[C@H](C(=O)NCc1ccccc1)C(C)C
CHEMBL78946,CC(C)C[C@H](NC(=O)[C@H](CC(N)=O)NC(=O)[C@@H](NC(=O)[C@@H](N)CCC(=O)O)C(C)C)[C@@H](O)C[C@@H](C)C(=O)N[C@@H](C)C(=O)N[C@@H](CCC(=O)O)C(=O)N[C@@H](Cc1ccccc1)C(=O)O
CHEMBL78946,CC(C)C[C@H](NC(=O)[C@H](CC(N)=O)NC(=O)[C@@H](NC(=O)[C@@H](N)CCC(=O)O)C(C)C)[C@@H](O)C[C@@H](C)C(=O)N[C@@H](C)C(=O)N[C@@H](CCC(=O)O)C(=O)N[C@@H](Cc1ccccc1)C(=O)O
CHEMBL183059,CC(C)C[C@H](NC(=O)[C@@H](NC(=O)[C@@H](N)CNC(=O)C(=O)O)C(C)C)C(=O)N[C@@H](Cc1ccccc1)[C@@H](O)C(=O)N[C@@H](CC(=O)O)C(=O)N[C@@H](C)C(=O)N[C@@H](CCC(=O)O)C(=O)O
CHEMBL367139,CC(C)C[C@H](NC(=O)[C@@H](NC(=O)[C@@H](N)CNC(=O)C(=O)O)C(C)C)C(=O)N[C@@H](Cc1ccccc1)[C@@H](O)C(=O)Nc1cccc(C(=O)O)c1
CHEMBL181826,CC(C)C[C@H](NC(=O)[C@@H](NC(=O)[C@@H](N)CNC(=O)C(=O)O)C(C)C)C(=O)N[C@@H](Cc1ccccc1)[C@@H](O)C(=O)Nc1cc(C(=O)O)cc(C(=O)O)c1
CHEMBL183494,CC(C)C[C@H](NC(=O)[C@@H](NC(=O)[C@@H](N)CNC(=O)c1nn[nH]n1)C(C)C)C(=O)N[C@@H](Cc1ccccc1)[C@@H](O)C(=O)Nc1cccc(C(=O)O)c1
CHEMBL183546,CC(C)C[C@H](NC(=O)[C@@H](NC(=O)[C@@H](N)CNC(=O)c1nn[nH]n1)C(C)C)C(=O)N[C@@H](Cc1ccccc1)[C@@H](O)C(=O)Nc1cc(C(=O)O)cc(C(=O)O)c1
CHEMBL65981,CC(C)C[C@H](NC(=O)C(CC(N)=O)NC(=O)[C@@H](NC(=O)OC(C)(C)C)C(C)C)C(O)CC(C)C(=O)NC(C)C(=O)NCc1ccccc1
CHEMBL304010,CC(C)C[C@H](NC(=O)C(CC(N)=O)NC(=O)[C@@H](NC(=O)OC(C)(C)C)C(C)C)C(O)CC(C)C(=O)NC(C(=O)NCc1ccccc1)C(C)C
CHEMBL65752,CSCC(NC(=O)[C@@H](NC(=O)OC(C)(C)C)C(C)C)C(=O)N[C@@H](CC(C)C)C(O)CC(C)C(=O)NC(C(=O)NCc1ccccc1)C(C)C
CHEMBL294274,CC(C)C[C@H](NC(=O)C(CS(C)(=O)=O)NC(=O)[C@@H](NC(=O)OC(C)(C)C)C(C)C)C(O)CC(C)C(=O)NC(C(=O)NCc1ccccc1)C(C)C
CHEMBL293611,CSCCC(NC(=O)[C@@H](NC(=O)OC(C)(C)C)C(C)C)C(=O)N[C@@H](CC(C)C)C(O)CC(C)C(=O)NC(C(=O)NCc1ccccc1)C(C)C
CHEMBL440490,CC(C)C[C@H](NC(=O)C(CCS(C)(=O)=O)NC(=O)[C@@H](NC(=O)OC(C)(C)C)C(C)C)C(O)CC(C)C(=O)NC(C(=O)NCc1ccccc1)C(C)C
CHEMBL78946,CC(C)C[C@H](NC(=O)[C@H](CC(N)=O)NC(=O)[C@@H](NC(=O)[C@@H](N)CCC(=O)O)C(C)C)[C@@H](O)C[C@@H](C)C(=O)N[C@@H](C)C(=O)N[C@@H](CCC(=O)O)C(=O)N[C@@H](Cc1ccccc1)C(=O)O
CHEMBL183214,CC(C)C[C@H](NC(=O)[C@@H](N)CCC(=O)O)C(=O)N[C@@H](CC(=O)O)C(=O)N[C@@H](CC(C)C)[C@@H](O)C[C@@H](C)C(=O)N[C@H](C(=O)N[C@@H](CCC(=O)O)C(=O)C[C@@H](Cc1ccccc1)C(=O)O)C(C)C
CHEMBL42453,CCCN(CCC)C(=O)c1cccc(C(=O)N[C@@H](Cc2cc(F)cc(F)c2)[C@@H](O)C[C@@H](CC)C(=O)NC[C@H]2CC[C@H](C(=O)O)CC2)c1
CHEMBL275231,CC(C)C[C@H](NC(=O)C(NC(=O)[C@@H](NC(=O)OC(C)(C)C)C(C)C)C(N)=O)C(O)CC(C)C(=O)N[C@@H](C)C(=O)NCc1ccccc1
CHEMBL189358,CC(C)C[C@H](NC(=O)C(NC(=O)[C@@H](NC(=O)OC(C)(C)C)C(C)C)C(N)=O)C(O)CC(C)C(=O)N[C@H](C(=O)NCc1ccccc1)C(C)C
CHEMBL364635,CSCC(NC(=O)[C@@H](NC(=O)OC(C)(C)C)C(C)C)C(=O)N[C@@H](CC(C)C)C(O)CC(C)C(=O)N[C@H](C(=O)NCc1ccccc1)C(C)C
CHEMBL264004,CC(C)C[C@H](NC(=O)C(CS(C)(=O)=O)NC(=O)[C@@H](NC(=O)OC(C)(C)C)C(C)C)C(O)CC(C)C(=O)N[C@H](C(=O)NCc1ccccc1)C(C)C
CHEMBL361727,CSCCC(NC(=O)OC(C)(C)C)C(=O)N[C@@H](CC(C)C)C(O)CC(C)C(=O)N[C@H](C(=O)NCc1ccccc1)C(C)C
CHEMBL187614,CSCCC(NC(=O)[C@@H](NC(=O)OC(C)(C)C)C(C)C)C(=O)N[C@@H](CC(C)C)C(O)CC(C)C(=O)N[C@H](C(=O)NCc1ccccc1)C(C)C
CHEMBL185777,CC(C)C[C@H](NC(=O)C(CCS(C)(=O)=O)NC(=O)[C@@H](NC(=O)OC(C)(C)C)C(C)C)C(O)CC(C)C(=O)N[C@H](C(=O)NCc1ccccc1)C(C)C
CHEMBL189141,CC(C)C[C@H](NC(=O)[C@H](CC(N)=O)NC(=O)[C@@H](NC(=O)[C@@H](N)CCC(=O)O)C(C)C)C(=O)C(O)CN[C@@H](C)C(=O)N[C@@H](C)C(=O)N[C@@H](CCC(=O)O)C(=O)N[C@@H](Cc1ccccc1)C(=O)O
CHEMBL363255,CC(C)C[C@H](NC(=O)[C@@H](N)CCC(=O)O)C(=O)N[C@@H](CC(=O)O)C(=O)N[C@@H](CC(C)C)C(=O)C(O)CN[C@@H](C)C(=O)N[C@H](C(=O)N[C@@H](CCC(=O)O)C(=O)N[C@@H](Cc1ccccc1)C(=O)O)C(C)C
CHEMBL78946,CC(C)C[C@H](NC(=O)[C@H](CC(N)=O)NC(=O)[C@@H](NC(=O)[C@@H](N)CCC(=O)O)C(C)C)[C@@H](O)C[C@@H](C)C(=O)N[C@@H](C)C(=O)N[C@@H](CCC(=O)O)C(=O)N[C@@H](Cc1ccccc1)C(=O)O
CHEMBL189901,CC(C)C[C@H](NC(=O)[C@H](CC(N)=O)NC(=O)[C@@H](NC(=O)[C@@H](N)CCC(=O)O)C(C)C)[C@@H](O)C[C@@H](C)C(=O)N[C@@H](C)C(=O)O
CHEMBL434943,CC(C)C[C@H](NC(=O)[C@H](CC(N)=O)NC(=O)[C@@H](NC(=O)[C@@H](N)CCC(=O)O)C(C)C)[C@@H](O)[C@@H]1CCC[C@H]1C(=O)N[C@@H](C)C(=O)N[C@@H](CCC(=O)O)C(=O)N[C@@H](Cc1ccccc1)C(=O)O
CHEMBL363783,CC(C)C[C@H](NC(=O)[C@H](CC(N)=O)NC(=O)[C@@H](NC(=O)[C@@H](N)CCC(=O)O)C(C)C)[C@@H](O)[C@@H]1CCC[C@H]1C(=O)N[C@@H](C)C(=O)N[C@@H](CCC(=O)O)C(=O)O
CHEMBL191122,CC(C)C[C@H](NC(=O)[C@H](CC(N)=O)NC(=O)[C@@H](NC(=O)[C@@H](N)CCC(=O)O)C(C)C)[C@@H](O)[C@@H]1CCC[C@H]1C(=O)N[C@@H](C)C(=O)O
CHEMBL364446,CSCC[C@H](NC(=O)[C@H](CC(C)C)NC(C)=O)C(=O)N[C@@H](CC(C)C)[C@@H](O)[C@@H]1CCC[C@H]1C(=O)N[C@H](C(=O)O)C(C)C
CHEMBL192836,CCCCNC(=O)[C@H](C)NC(=O)[C@@H]1CCC[C@H]1[C@H](O)[C@H](CC(C)C)NC(=O)[C@H](CCSC)NC(=O)[C@H](CC(C)C)NC(C)=O
CHEMBL191344,CCCCNC(=O)[C@@H](NC(=O)[C@@H]1CCC[C@H]1[C@H](O)[C@H](CC(C)C)NC(=O)[C@H](CCSC)NC(=O)[C@H](CC(C)C)NC(C)=O)C(C)C
CHEMBL191129,CCCCNC(=O)[C@@H](NC(=O)[C@@H]1CC(=O)C[C@H]1[C@H](O)[C@H](CC(C)C)NC(=O)[C@H](CCSC)NC(=O)[C@H](CC(C)C)NC(C)=O)C(C)C
CHEMBL190010,CSCC[C@H](NC(=O)[C@H](CC(C)C)NC(C)=O)C(=O)N[C@@H](CC(C)C)[C@@H](O)[C@@H]1CCC[C@H]1C(=O)N[C@@H](C)C(=O)O
CHEMBL370043,CN(C)c1ccc(NC(=O)Nc2cc(C(F)(F)F)cc(C(F)(F)F)c2)cc1C(=O)NCCCN1CCOCC1
CHEMBL190644,CCOCCCNC(=O)c1cc(NC(=O)Nc2cccc(Cl)c2)ccc1N(C)C
CHEMBL81671,CC(C)[C@H](NC(=O)OC(C)(C)C)C(=O)N[C@@H](C)C(=O)N[C@@H](Cc1ccccc1)[C@@H](O)C[C@@H](C)C(=O)N[C@H](C(=O)NCc1ccncc1)C(C)C
CHEMBL370955,CC[C@H](C)[C@H](NC(=O)OC(C)(C)C)C(=O)N1CCCCC[C@@H]([C@@H](O)C[C@@H](C)C(=O)N[C@H](C(=O)NCc2ccncc2)C(C)C)NC(=O)[C@@H]1C
CHEMBL200617,CC(C)[C@H](NC(=O)[C@H](C)C[C@H](O)[C@@H]1CCCCCN(C(=O)[C@@H](NC(=O)OC(C)(C)C)C(C)C)[C@@H](C)C(=O)N1)C(=O)NCc1ccncc1
CHEMBL200195,CC(C)[C@H](NC(=O)[C@H](C)C[C@H](O)[C@@H]1CCCCCC[C@H](NC(=O)OC(C)(C)C)C(=O)N[C@@H](C)C(=O)N1)C(=O)NCc1ccccc1
CHEMBL200116,CCCN(CCC)C(=O)c1cccc(C(=O)N[C@@H](CC(C)C)[C@@H](O)C[C@@H](C)C(=O)N[C@H](C(=O)NCc2ccccc2)C(C)C)c1
CHEMBL200077,CCCN(CCC)C(=O)c1cccc(C(=O)N[C@@H](Cc2ccccc2)[C@@H](N)C[C@@H](C)C(=O)Nc2ccc(F)cc2)c1
CHEMBL199946,CCCN(CCC)C(=O)c1cccc(C(=O)N[C@@H](Cc2ccccc2)[C@@H](N)C[C@@H](C)C(=O)N[C@H](C(=O)NCc2ccccc2)C(C)C)c1
CHEMBL202507,CCCN(CCC)C(=O)c1cccc(C(=O)N[C@@H](CC(C)C)[C@@H](N)C[C@@H](C)C(=O)N[C@H](C(=O)NCc2ccccc2)C(C)C)c1
CHEMBL370369,CC(C)C(=O)c1cc(C(=O)N[C@@H](Cc2ccccc2)[C@H](O)CNC2CC2)cc(N(C)S(C)(=O)=O)c1
CHEMBL383772,CN(c1cc(C(=O)N[C@@H](Cc2ccccc2)[C@H](O)CNC2CC2)cc(C(=O)C2CCCC2)c1)S(C)(=O)=O
CHEMBL201730,CN(c1cc(/C=C\C2CC2)cc(C(=O)N[C@@H](Cc2ccccc2)[C@H](O)CNC2CC2)c1)S(C)(=O)=O
CHEMBL202602,CN(c1cc(C(=O)N[C@@H](Cc2ccccc2)[C@H](O)CNC2CC2)cc(C(=O)c2ccccc2)c1)S(C)(=O)=O
CHEMBL205309,COc1ccc2c(CC(=O)Nc3cc(Br)ccc3N3CCN(C(=O)OC(C)(C)C)CC3)cc(=O)oc2c1
CHEMBL205217,CC(C)C[C@H](NC(=O)[C@@H](NC(=O)[C@@H](N)CCC(=O)O)C(C)C)C(=O)N[C@@H](Cc1ccccc1)[C@@H](O)C(=O)Nc1cc(-c2nn[nH]n2)cc(-c2nn[nH]n2)c1
CHEMBL288919,CC(C)C[C@H](NC(=O)[C@@H](NC(=O)[C@@H](N)CCC(=O)O)C(C)C)C(=O)N[C@@H](Cc1ccccc1)[C@@H](O)C(=O)Nc1cc(C(=O)O)cc(C(=O)O)c1
CHEMBL183546,CC(C)C[C@H](NC(=O)[C@@H](NC(=O)[C@@H](N)CNC(=O)c1nn[nH]n1)C(C)C)C(=O)N[C@@H](Cc1ccccc1)[C@@H](O)C(=O)Nc1cc(C(=O)O)cc(C(=O)O)c1
CHEMBL183494,CC(C)C[C@H](NC(=O)[C@@H](NC(=O)[C@@H](N)CNC(=O)c1nn[nH]n1)C(C)C)C(=O)N[C@@H](Cc1ccccc1)[C@@H](O)C(=O)Nc1cccc(C(=O)O)c1
CHEMBL208060,CC(C)C[C@H](NC(=O)[C@@H](NC(=O)[C@@H](N)CNC(=O)c1nn[nH]n1)C(C)C)C(=O)N[C@@H](Cc1ccccc1)[C@@H](O)C(=O)Nc1cccc(-c2noc(S)n2)c1
CHEMBL205333,CC(C)C[C@H](NC(=O)[C@@H](NC(=O)[C@@H](N)CNC(=O)c1nn[nH]n1)C(C)C)C(=O)N[C@@H](Cc1ccccc1)[C@@H](O)C(=O)Nc1cccc(-c2noc(O)n2)c1
CHEMBL439521,CC(C)C[C@H](NC(=O)[C@@H](NC(=O)[C@@H](N)CNC(=O)c1nn[nH]n1)C(C)C)C(=O)N[C@@H](Cc1ccccc1)[C@@H](O)C(=O)Nc1cc(-c2nn[nH]n2)cc(-c2nn[nH]n2)c1
CHEMBL381826,CC(C)C[C@H](NC(=O)[C@@H](NC(=O)[C@@H](N)CNC(=O)c1nn[nH]n1)C(C)C)C(=O)N[C@@H](Cc1ccccc1)[C@@H](O)C(=O)Nc1cccc(-c2nn[nH]n2)c1
CHEMBL210414,CC(C)CNC(=O)[C@H](C)NC[C@H](Cc1ccccc1)NC(=O)c1cc(CCC2C[C@@H]2C)cc(N(C)S(C)(=O)=O)c1
CHEMBL210414,CC(C)CNC(=O)[C@H](C)NC[C@H](Cc1ccccc1)NC(=O)c1cc(CCC2C[C@@H]2C)cc(N(C)S(C)(=O)=O)c1
CHEMBL212203,C[C@H](NC[C@H](Cc1ccccc1)NC(=O)c1cc(C(=O)N[C@H](C)c2ccc(F)cc2)cc(N(C)S(C)(=O)=O)c1)C(=O)NCc1ccccc1
CHEMBL208809,C[C@H](NC[C@H](Cc1ccccc1)NC(=O)c1cc(C(=O)N[C@H](C)c2ccc(F)cc2)cc(N(C)S(C)(=O)=O)c1)C(=O)NC1CC1
CHEMBL208809,C[C@H](NC[C@H](Cc1ccccc1)NC(=O)c1cc(C(=O)N[C@H](C)c2ccc(F)cc2)cc(N(C)S(C)(=O)=O)c1)C(=O)NC1CC1
CHEMBL208808,CCNC(=O)[C@H](C)NC[C@H](Cc1ccccc1)NC(=O)c1cc(C(=O)N[C@H](C)c2ccc(F)cc2)cc(N(C)S(C)(=O)=O)c1
CHEMBL208808,CCNC(=O)[C@H](C)NC[C@H](Cc1ccccc1)NC(=O)c1cc(C(=O)N[C@H](C)c2ccc(F)cc2)cc(N(C)S(C)(=O)=O)c1
CHEMBL211899,CC(C)CNC(=O)[C@H](CCS(C)(=O)=O)NC[C@H](Cc1ccccc1)NC(=O)c1cc(C(=O)N[C@H](C)c2ccc(F)cc2)cc(N(C)S(C)(=O)=O)c1
CHEMBL379781,CC(C)CNC(=O)[C@H](CCO)NC[C@H](Cc1ccccc1)NC(=O)c1cc(C(=O)N[C@H](C)c2ccc(F)cc2)cc(N(C)S(C)(=O)=O)c1
CHEMBL211563,CCC[C@H](NC[C@H](Cc1ccccc1)NC(=O)c1cc(C(=O)N[C@H](C)c2ccc(F)cc2)cc(N(C)S(C)(=O)=O)c1)C(=O)NCC(C)C
CHEMBL211563,CCC[C@H](NC[C@H](Cc1ccccc1)NC(=O)c1cc(C(=O)N[C@H](C)c2ccc(F)cc2)cc(N(C)S(C)(=O)=O)c1)C(=O)NCC(C)C
CHEMBL209372,CC[C@H](NC[C@H](Cc1ccccc1)NC(=O)c1cc(C(=O)N[C@H](C)c2ccc(F)cc2)cc(N(C)S(C)(=O)=O)c1)C(=O)NCC(C)C
CHEMBL209372,CC[C@H](NC[C@H](Cc1ccccc1)NC(=O)c1cc(C(=O)N[C@H](C)c2ccc(F)cc2)cc(N(C)S(C)(=O)=O)c1)C(=O)NCC(C)C
CHEMBL379513,CC(C)CNC(=O)[C@H](C)NC[C@H](Cc1ccccc1)NC(=O)c1cc(C(=O)N[C@H](C)c2ccc(F)cc2)cc(N(C)S(C)(=O)=O)c1
CHEMBL379513,CC(C)CNC(=O)[C@H](C)NC[C@H](Cc1ccccc1)NC(=O)c1cc(C(=O)N[C@H](C)c2ccc(F)cc2)cc(N(C)S(C)(=O)=O)c1
CHEMBL384678,CC(C)CNC(=O)CNC[C@H](Cc1ccccc1)NC(=O)c1cc(C(=O)N[C@H](C)c2ccc(F)cc2)cc(N(C)S(C)(=O)=O)c1
CHEMBL210240,CCCCNC(=O)[C@H](C)C[C@H](O)[C@@H]1CSC/C=C/CS[C@H]2CCCN[C@H]2C(=O)N[C@@H](C)C(=O)N1
CHEMBL377149,CCCCNC(=O)[C@@H](NC(=O)[C@H](C)C[C@H](O)[C@@H]1CSC/C=C/CSC[C@H](NC(=O)OC(C)(C)C)C(=O)N[C@@H](C)C(=O)N1)C(C)C
CHEMBL211384,CCCCNC(=O)[C@H](C)C[C@H](O)[C@H](CC(C)C)NC(=O)[C@H](C)N(C)C(=O)[C@H](CC(C)C)NC(C)=O
CHEMBL209795,CCCCNC(=O)[C@H](C)C[C@H](O)[C@H](CC(C)C)NC(=O)[C@H](C)NC(=O)[C@H](CC(C)C)NC(C)=O
CHEMBL212578,O=C(Nc1cc(-c2ccccc2)ccc1N1CCN(Cc2ccccc2)CC1)c1cc2ccccc2oc1=O
CHEMBL212627,O=C(Nc1cc(-c2ccccc2)ccc1N1CCN(C(=O)c2ccccc2)CC1)c1cccc2ccccc12
CHEMBL208903,O=C(Nc1cc(-c2ccccc2)ccc1N1CCN(CC[C@@H](O)c2ccccc2)CC1)c1cccc2ccccc12
CHEMBL378052,O=C(Nc1cc(-c2ccccc2)ccc1N1CCN(CC[C@H](O)c2ccccc2)CC1)c1cccc2ccccc12
CHEMBL379820,NCCCCCN1CCN(c2ccc(-c3ccccc3)cc2NC(=O)c2cccc3ccccc23)CC1
CHEMBL379067,O=C(Nc1cc(-c2ccccc2)ccc1N1CCN(CCCCCN2C(=O)c3ccccc3C2=O)CC1)c1cccc2ccccc12
CHEMBL211256,CCOC(=O)CN1CCN(c2ccc(-c3ccccc3)cc2NC(=O)c2cccc3ccccc23)CC1
CHEMBL377581,O=C(Nc1cc(-c2ccccc2)ccc1N1CCN(CCO)CC1)c1cccc2ccccc12
CHEMBL211995,O=C(Nc1cc(-c2ccccc2)ccc1N1CCNCC1)c1cccc2ccccc12
CHEMBL213904,O=C(Nc1cc(Br)ccc1N1CCN(CCO)CC1)c1cccc2ccccc12
CHEMBL381826,CC(C)C[C@H](NC(=O)[C@@H](NC(=O)[C@@H](N)CNC(=O)c1nn[nH]n1)C(C)C)C(=O)N[C@@H](Cc1ccccc1)[C@@H](O)C(=O)Nc1cccc(-c2nn[nH]n2)c1
CHEMBL255838,CC(C)[C@H](NC(=O)[C@@H](N)CNC(=O)c1[nH]c(=O)[nH]c(=O)c1F)C(=O)N[C@@H](CC1CCCCC1)C(=O)N[C@@H](Cc1ccccc1)[C@@H](O)C(=O)Nc1cccc(-c2nn[nH]n2)c1
CHEMBL411711,CC(C)[C@H](NC(=O)[C@@H](N)CNC(=O)c1nn[nH]n1)C(=O)N[C@@H](CC1CCCCC1)C(=O)N[C@@H](Cc1ccccc1)[C@@H](O)C(=O)Nc1cccc(-c2nn[nH]n2)c1
CHEMBL380381,CC(C)C[C@H](NC(=O)[C@@H](NC(=O)[C@@H](N)CNC(=O)c1[nH]c(=O)[nH]c(=O)c1F)C(C)C)C(=O)N[C@@H](Cc1ccccc1)[C@@H](O)C(=O)Nc1cccc(-c2nn[nH]n2)c1
CHEMBL385374,CCCC[C@H](NC[C@@H]1Cc2cccc(c2)CCCCc2cc(cc(N(CCC)S(C)(=O)=O)c2)C(=O)N1)C(=O)NCC(C)C
CHEMBL217374,CC[C@H](NCC1Cc2cccc(c2)CCCCc2cc(cc(N(C)S(C)(=O)=O)c2)C(=O)N1)C(=O)NCC(C)C
CHEMBL384496,CC[C@H](NCC1Cc2cccc(c2)OCCNC(=O)c2cc(cc(N(C)S(C)(=O)=O)c2)C(=O)N1)C(=O)NCC(C)C
CHEMBL385374,CCCC[C@H](NC[C@@H]1Cc2cccc(c2)CCCCc2cc(cc(N(CCC)S(C)(=O)=O)c2)C(=O)N1)C(=O)NCC(C)C
CHEMBL401587,CCCOc1ccc(-c2ccc(-c3ccccc3Cl)n2CC(=O)/N=C(/N)NCCCO)cc1
CHEMBL403819,N/C(=N/C(=O)Cn1c(-c2ccccc2)ccc1C12CC3CC(CC(C3)C1)C2)NCCCO
CHEMBL253237,CC(=O)c1ccc(Oc2ccc(-c3ccc(-c4ccccc4Cl)n3CC(=O)NC(=N)N)cc2)cc1
CHEMBL219601,C[C@@H](NC(=O)c1cc(-c2nnc([C@](C)(N)Cc3ccccc3)o2)cc(N(C)S(C)(=O)=O)c1)c1ccc(F)cc1
CHEMBL219601,C[C@@H](NC(=O)c1cc(-c2nnc([C@](C)(N)Cc3ccccc3)o2)cc(N(C)S(C)(=O)=O)c1)c1ccc(F)cc1
CHEMBL218451,C[C@@H](NC(=O)c1cc(COC(=O)[C@](C)(N)Cc2ccccc2)cc(N(C)S(C)(=O)=O)c1)c1ccc(F)cc1
CHEMBL375217,C[C@@H](NC(=O)c1cc(C(=O)OCC(N)(CO)Cc2ccccc2)cc(N(C)S(C)(=O)=O)c1)c1ccc(F)cc1
CHEMBL375540,CCCN(CCC)C(=O)c1cccc(C(=O)N[C@@H](Cc2cc(F)cc(F)c2)[C@H](O)CN[C@@H](C)C(=O)NCC(C)C)c1
CHEMBL221597,CCCN(CCC)C(=O)c1cc(C)cc(C(=O)N[C@@H](Cc2cc(F)cc(F)c2)[C@H](O)CNCc2cccc(OC)c2)c1
CHEMBL373533,CCCN(CCC)C(=O)c1cc(C)cc(C(=O)N[C@@H](Cc2cc(F)cc(F)c2)[C@H](O)CNCc2cccc(I)c2)c1
CHEMBL221086,CCCN(CCC)C(=O)c1cc(C)cc(C(=O)N[C@@H](Cc2cc(F)cc(F)c2)[C@H](O)CNCc2ccccc2)c1
CHEMBL265862,CCCN(CCC)C(=O)c1cc(C)cc(C(=O)N[C@@H](Cc2cc(F)cc(F)c2)[C@H](O)CNC(C)(C)C(=O)NCC(C)C)c1
CHEMBL265861,CCCN(CCC)C(=O)c1cc(C)cc(C(=O)N[C@@H](Cc2cc(F)cc(F)c2)[C@H](O)CN[C@@H](C)C(=O)NCC(C)C)c1
CHEMBL221454,C[C@@H](NC(=O)c1cc(C(=O)N[C@@H](Cc2ccccc2)C(O)CNC2CC2)cc(N(C)S(C)(=O)=O)c1)c1ccccc1
CHEMBL376277,C[C@@H](NC(=O)c1cc(C(=O)N[C@@H](Cc2ccccc2)[C@H](O)CNC2CC2)cc(N(C)S(=O)(=O)N(C)C)c1)c1ccccc1
CHEMBL162970,CC(C)S(=O)(=O)N(C)c1cc(C(=O)N[C@@H](Cc2ccccc2)[C@H](O)CNC2CC2)cc(C(=O)N[C@H](C)c2ccccc2)c1
CHEMBL266891,C[C@@H](NC(=O)c1cc(C(=O)N[C@@H](Cc2ccccc2)[C@H](O)CNC(C)(C)C)cc(N(C)S(C)(=O)=O)c1)c1ccc(F)cc1
CHEMBL376072,CCNC[C@@H](O)[C@H](Cc1ccccc1)NC(=O)c1cc(C(=O)N[C@H](C)c2ccc(F)cc2)cc(N(C)S(C)(=O)=O)c1
CHEMBL225442,C[C@@H](NC(=O)c1cc(C(=O)N[C@@H](Cc2ccccc2)[C@H](O)CN)cc(N(C)S(C)(=O)=O)c1)c1ccc(F)cc1
CHEMBL377625,C[C@@H](NC(=O)c1cc(C(=O)N[C@@H](Cc2ccccc2)[C@H](O)CNC2CC2)cc(N(C)S(C)(=O)=O)c1)c1ccc(F)cc1
CHEMBL222209,C[C@@H](NC(=O)c1cc(NS(C)(=O)=O)cc(C(=O)N[C@@H](Cc2ccccc2)C(O)CNC2CC2)c1)c1ccc(F)cc1
CHEMBL221454,C[C@@H](NC(=O)c1cc(C(=O)N[C@@H](Cc2ccccc2)C(O)CNC2CC2)cc(N(C)S(C)(=O)=O)c1)c1ccccc1
CHEMBL376277,C[C@@H](NC(=O)c1cc(C(=O)N[C@@H](Cc2ccccc2)[C@H](O)CNC2CC2)cc(N(C)S(=O)(=O)N(C)C)c1)c1ccccc1
CHEMBL162970,CC(C)S(=O)(=O)N(C)c1cc(C(=O)N[C@@H](Cc2ccccc2)[C@H](O)CNC2CC2)cc(C(=O)N[C@H](C)c2ccccc2)c1
CHEMBL377625,C[C@@H](NC(=O)c1cc(C(=O)N[C@@H](Cc2ccccc2)[C@H](O)CNC2CC2)cc(N(C)S(C)(=O)=O)c1)c1ccc(F)cc1
CHEMBL227811,CC(C)C[C@H](NC(=O)c1cc(C(=O)N[C@@H](C)c2ccccc2)cc(N(C)S(C)(=O)=O)c1)[C@@H](O)C[C@@H](C)C(=O)N[C@H](C(=O)NC(C)C)C(C)C
CHEMBL387771,CC(C)C[C@H](NC(=O)c1cc(C(=O)N[C@H](C)c2ccccc2)cc(N(C)S(C)(=O)=O)c1)[C@@H](O)C[C@@H](C)C(=O)N[C@H](C(=O)NC(C)C)C(C)C
CHEMBL227758,CC(C)C[C@H](NC(=O)c1cc(C(=O)NCc2ccccc2)cc(N(C)S(C)(=O)=O)c1)[C@@H](O)C[C@@H](C)C(=O)N[C@H](C(=O)NC(C)C)C(C)C
CHEMBL227641,CCCNC(=O)c1cc(C(=O)N[C@@H](CC(C)C)[C@@H](O)C[C@@H](C)C(=O)N[C@H](C(=O)NC(C)C)C(C)C)cc(N(C)S(C)(=O)=O)c1
CHEMBL378225,C[C@@H](NC(=O)c1cc(C(=O)N[C@@H](Cc2ccccc2)[C@H](O)CNC2CC2)cc(N(C)S(C)(=O)=O)c1)c1ccccc1
CHEMBL390159,Cc1nc(C(C)NC(=O)c2cc(C(=O)N[C@@H](CC(C)C)[C@@H](O)C[C@@H](C)C(=O)N[C@H](C(=O)NC(C)C)C(C)C)cc(N(C)S(C)(=O)=O)c2)c(C)o1
CHEMBL378225,C[C@@H](NC(=O)c1cc(C(=O)N[C@@H](Cc2ccccc2)[C@H](O)CNC2CC2)cc(N(C)S(C)(=O)=O)c1)c1ccccc1
CHEMBL387771,CC(C)C[C@H](NC(=O)c1cc(C(=O)N[C@H](C)c2ccccc2)cc(N(C)S(C)(=O)=O)c1)[C@@H](O)C[C@@H](C)C(=O)N[C@H](C(=O)NC(C)C)C(C)C
CHEMBL376504,Cc1nc(CNC(=O)c2cc(C(=O)N[C@@H](CC(C)C)[C@@H](O)C[C@@H](C)C(=O)N[C@H](C(=O)NC(C)C)C(C)C)cc(N(C)S(C)(=O)=O)c2)c(C)o1
CHEMBL397275,CCCN(CCC)C(=O)c1cc(C)cc(C(=O)N[C@@H](Cc2cc(F)cc(F)c2)[C@H](O)CNCc2cccc(CC)c2)c1
CHEMBL394596,CCCN(CCC)C(=O)c1cc(C(=O)N[C@@H](Cc2ccccc2)[C@H](O)CNCc2cccc(OC)c2)cc(C(=O)OCC)c1
CHEMBL230807,CCCN(CCC)C(=O)c1cc(C(=O)N[C@@H](Cc2ccccc2)[C@H](O)CNCc2cccc(OC)c2)cc(C(=O)N(C)C)c1
CHEMBL394595,CCCN(CCC)C(=O)c1cc(C(=O)O)cc(C(=O)N[C@@H](Cc2ccccc2)[C@H](O)CNCc2cccc(OC)c2)c1
CHEMBL397715,CCCN(CCC)C(=O)c1cc(C(N)=O)cc(C(=O)N[C@@H](Cc2ccc(O)cc2)[C@H](O)CNCc2cccc(OC)c2)c1
CHEMBL397714,CCCN(CCC)C(=O)c1cc(C(N)=O)cc(C(=O)N[C@@H](Cc2cc(F)cc(F)c2)[C@H](O)CNCc2cccc(CC)c2)c1
CHEMBL124380,CCCN(CCC)C(=O)c1cc(C(=O)N[C@@H](Cc2ccccc2)[C@H](O)CNCc2cccc(OC)c2)cc(C(=O)N(CCC)CCC)c1
CHEMBL231646,CCCN(CCC)C(=O)c1cc(C#N)cc(C(=O)N[C@@H](Cc2ccccc2)[C@H](O)CNCc2cccc(OC)c2)c1
CHEMBL396765,CCCN(CCC)C(=O)c1cc(C(N)=O)cc(C(=O)N[C@@H](Cc2cc(F)cc(F)c2)[C@H](O)CNCc2cccc(OC)c2)c1
CHEMBL231325,CCCN(CCC)C(=O)c1cc(C(N)=O)cc(C(=O)N[C@@H](Cc2ccccc2)[C@H](O)CNCc2cccc(OC)c2)c1
CHEMBL231542,CCCN(CCC)C(=O)c1cc(C)cc(C(=O)N[C@@H](Cc2ccccc2)[C@H](O)CNCc2cccc(OC)c2)c1
CHEMBL230355,CC(C)S(=O)(=O)N(C)c1cc(C(=O)N[C@@H](Cc2cc(F)cc(F)c2)[C@@H](N)CF)cc(N(C)C[C@H]2C[C@@H]2C)n1
CHEMBL425828,COC[C@H](N)[C@H](Cc1cc(F)cc(F)c1)NC(=O)c1cc(N(C)C[C@H]2C[C@@H]2C)nc(N(C)S(C)(=O)=O)c1
CHEMBL230250,CC1CC1CNc1cc(C(=O)N[C@H](CN)Cc2cc(F)cc(F)c2)cc(N(C)S(C)(=O)=O)n1
CHEMBL395084,CC(C)S(=O)(=O)N(C)c1cc(C(=O)N[C@H](CO)Cc2cc(F)cc(F)c2)cc(NC[C@H]2C[C@@H]2C)n1
CHEMBL230245,CC(C)S(=O)(=O)N(C)c1cc(C(=O)N[C@@H](Cc2ccccc2)[C@@H](N)CF)cc(NC[C@H]2C[C@@H]2C)n1
CHEMBL230250,CC1CC1CNc1cc(C(=O)N[C@H](CN)Cc2cc(F)cc(F)c2)cc(N(C)S(C)(=O)=O)n1
CHEMBL425828,COC[C@H](N)[C@H](Cc1cc(F)cc(F)c1)NC(=O)c1cc(N(C)C[C@H]2C[C@@H]2C)nc(N(C)S(C)(=O)=O)c1
CHEMBL230245,CC(C)S(=O)(=O)N(C)c1cc(C(=O)N[C@@H](Cc2ccccc2)[C@@H](N)CF)cc(NC[C@H]2C[C@@H]2C)n1
CHEMBL244347,CN(C(=O)CC[C@@H](C1CCCCC1)N1Cc2cc(Oc3ccccc3)ccc2N=C1N)C1CCCCC1
CHEMBL397924,CN(CCC(C1CCCCC1)N1Cc2cc(Oc3ccccc3)ccc2N=C1N)C1CCCCC1
CHEMBL244346,CN(C(=O)c1cccc(CN2Cc3cc(Oc4ccccc4)ccc3N=C2N)c1)C1CCCCC1
CHEMBL390456,CC(C)C[C@H](NC(=O)[C@@H](N)CCC(=O)O)C(=O)N[C@@H](CC(=O)O)C(=O)N[C@@H](CC(C)C)[C@@H](O)C[C@@H](C)C(=O)N[C@H](C(=O)N[C@@H](CCC(=O)O)C(=O)N[C@@H](Cc1ccccc1)C(=O)O)C(C)C
CHEMBL242315,CC(C)C[C@H](NC(=O)[C@@H](N)CCC(=O)O)C(=O)N[C@@H](CC(=O)O)C(=O)N[C@@H](CC(C)C)P(=O)(O)CC(C)C(=O)N[C@H](C(=O)N[C@@H](CCC(=O)O)C(=O)N[C@@H](Cc1ccccc1)C(=O)O)C(C)C
CHEMBL234762,CCCC(CCC)S(=O)(=O)C[C@@H](NC(=O)c1ccccc1)C(=O)N[C@@H](Cc1cc(F)cc(F)c1)[C@H](O)CNCc1cccc(CC)c1
CHEMBL409950,CCCCS(=O)(=O)C[C@@H](NC(=O)OCc1ccncc1)C(=O)N[C@@H](Cc1cc(F)cc(F)c1)[C@H](O)CNCc1cccc(CC)c1
CHEMBL409949,CCCCS(=O)(=O)C[C@@H](NC(=O)OCc1cccnc1)C(=O)N[C@@H](Cc1cc(F)cc(F)c1)[C@H](O)CNCc1cccc(CC)c1
CHEMBL391145,CCCCS(=O)(=O)C[C@@H](NC(=O)OCCNC(C)=O)C(=O)N[C@@H](Cc1cc(F)cc(F)c1)[C@H](O)CNCc1cccc(CC)c1
CHEMBL409948,CCCCS(=O)(=O)C[C@@H](NC(=O)SC1CCOC1)C(=O)N[C@@H](Cc1cc(F)cc(F)c1)[C@H](O)CNCc1cccc(CC)c1
CHEMBL231865,CCCCS(=O)(=O)C[C@@H](NC(=O)OCC(F)(F)F)C(=O)N[C@@H](Cc1cc(F)cc(F)c1)[C@H](O)CNCc1cccc(CC)c1
CHEMBL231864,CCCCS(=O)(=O)CC(NC(=O)OCCC#N)C(=O)N[C@@H](Cc1cc(F)cc(F)c1)[C@H](O)CNCc1cccc(CC)c1
CHEMBL393733,CCCCS(=O)(=O)C[C@@H](NC(=O)OC)C(=O)N[C@@H](Cc1cc(F)cc(F)c1)[C@H](O)CNCc1cccc(CC)c1
CHEMBL266531,CCCCS(=O)(=O)C[C@@H](NC(=O)c1cnccc1O)C(=O)N[C@@H](Cc1cc(F)cc(F)c1)[C@H](O)CNCc1cccc(CC)c1
CHEMBL391144,CCCCS(=O)(=O)C[C@@H](NC(=O)c1ncc[nH]1)C(=O)N[C@@H](Cc1cc(F)cc(F)c1)[C@H](O)CNCc1cccc(CC)c1
CHEMBL409875,CCCCS(=O)(=O)C[C@@H](NC(=O)c1cnccn1)C(=O)N[C@@H](Cc1cc(F)cc(F)c1)[C@H](O)CNCc1cccc(CC)c1
CHEMBL409947,CCCCS(=O)(=O)C[C@@H](NC(=O)c1cc(C)[nH]n1)C(=O)N[C@@H](Cc1cc(F)cc(F)c1)[C@H](O)CNCc1cccc(CC)c1
CHEMBL394271,CCCCS(=O)(=O)C[C@@H](NC(=O)c1ccncc1)C(=O)N[C@@H](Cc1cc(F)cc(F)c1)[C@H](O)CNCc1cccc(CC)c1
CHEMBL231669,CCCCS(=O)(=O)C[C@@H](NC(=O)C1CC1)C(=O)N[C@@H](Cc1cc(F)cc(F)c1)[C@H](O)CNCc1cccc(CC)c1
CHEMBL398775,CCCCS(=O)(=O)C[C@@H](NC(=O)COC)C(=O)N[C@@H](Cc1cc(F)cc(F)c1)[C@H](O)CNCc1cccc(CC)c1
CHEMBL232490,CCCCS(=O)(=O)C[C@@H](NC(C)=O)C(=O)N[C@@H](Cc1cc(F)cc(F)c1)[C@H](O)CNCc1cccc(CC)c1
CHEMBL266567,CCCCS(=O)(=O)C[C@@H](NC(=O)c1cccnc1)C(=O)N[C@@H](Cc1cc(F)cc(F)c1)[C@H](O)CNCc1cccc(CC)c1
CHEMBL414145,CCCC(CCC)S(=O)(=O)C[C@@H](NC(=O)OC)C(=O)N[C@@H](Cc1cc(F)cc(F)c1)[C@H](O)CNCc1cccc(CC)c1
CHEMBL394270,CCCC(CCC)S(=O)(=O)C[C@@H](NC(=O)OCc1ccncc1)C(=O)N[C@@H](Cc1cc(F)cc(F)c1)[C@H](O)CNCc1cccc(CC)c1
CHEMBL414776,CCCC(CCC)S(=O)(=O)C[C@@H](NC(=O)OCc1cccnc1)C(=O)N[C@@H](Cc1cc(F)cc(F)c1)[C@H](O)CNCc1cccc(CC)c1
CHEMBL231863,CCCC(CCC)S(=O)(=O)C[C@@H](NC(=O)OCc1ccccc1)C(=O)N[C@@H](Cc1cc(F)cc(F)c1)[C@H](O)CNCc1cccc(CC)c1
CHEMBL231862,CCCC(CCC)S(=O)(=O)C[C@@H](NC(=O)c1cccnc1)C(=O)N[C@@H](Cc1cc(F)cc(F)c1)[C@H](O)CNCc1cccc(CC)c1
CHEMBL266566,CCCC(CCC)S(=O)(=O)C[C@@H](NC(=O)c1cccc(O)c1)C(=O)N[C@@H](Cc1cc(F)cc(F)c1)[C@H](O)CNCc1cccc(CC)c1
CHEMBL393140,CCCC(CCC)S(=O)(=O)C[C@@H](NC(=O)c1ccccc1C)C(=O)N[C@@H](Cc1cc(F)cc(F)c1)[C@H](O)CNCc1cccc(CC)c1
CHEMBL266565,CCCC(CCC)S(=O)(=O)C[C@@H](NC(=O)c1cccc(Cl)c1)C(=O)N[C@@H](Cc1cc(F)cc(F)c1)[C@H](O)CNCc1cccc(CC)c1
CHEMBL234555,CCCC(CCC)S(=O)(=O)C[C@@H](NC(=O)c1ccc(C(F)(F)F)cc1)C(=O)N[C@@H](Cc1cc(F)cc(F)c1)[C@H](O)CNCc1cccc(CC)c1
CHEMBL231861,CCCC(CCC)S(=O)(=O)C[C@@H](NC(=O)c1ccc(OC)cc1)C(=O)N[C@@H](Cc1cc(F)cc(F)c1)[C@H](O)CNCc1cccc(CC)c1
CHEMBL412852,CCCC(CCC)S(=O)(=O)C[C@@H](NC(=O)c1ccc(C)cc1)C(=O)N[C@@H](Cc1cc(F)cc(F)c1)[C@H](O)CNCc1cccc(CC)c1
CHEMBL409950,CCCCS(=O)(=O)C[C@@H](NC(=O)OCc1ccncc1)C(=O)N[C@@H](Cc1cc(F)cc(F)c1)[C@H](O)CNCc1cccc(CC)c1
CHEMBL409949,CCCCS(=O)(=O)C[C@@H](NC(=O)OCc1cccnc1)C(=O)N[C@@H](Cc1cc(F)cc(F)c1)[C@H](O)CNCc1cccc(CC)c1
CHEMBL391145,CCCCS(=O)(=O)C[C@@H](NC(=O)OCCNC(C)=O)C(=O)N[C@@H](Cc1cc(F)cc(F)c1)[C@H](O)CNCc1cccc(CC)c1
CHEMBL409948,CCCCS(=O)(=O)C[C@@H](NC(=O)SC1CCOC1)C(=O)N[C@@H](Cc1cc(F)cc(F)c1)[C@H](O)CNCc1cccc(CC)c1
CHEMBL231864,CCCCS(=O)(=O)CC(NC(=O)OCCC#N)C(=O)N[C@@H](Cc1cc(F)cc(F)c1)[C@H](O)CNCc1cccc(CC)c1
CHEMBL393733,CCCCS(=O)(=O)C[C@@H](NC(=O)OC)C(=O)N[C@@H](Cc1cc(F)cc(F)c1)[C@H](O)CNCc1cccc(CC)c1
CHEMBL266531,CCCCS(=O)(=O)C[C@@H](NC(=O)c1cnccc1O)C(=O)N[C@@H](Cc1cc(F)cc(F)c1)[C@H](O)CNCc1cccc(CC)c1
CHEMBL391144,CCCCS(=O)(=O)C[C@@H](NC(=O)c1ncc[nH]1)C(=O)N[C@@H](Cc1cc(F)cc(F)c1)[C@H](O)CNCc1cccc(CC)c1
CHEMBL409875,CCCCS(=O)(=O)C[C@@H](NC(=O)c1cnccn1)C(=O)N[C@@H](Cc1cc(F)cc(F)c1)[C@H](O)CNCc1cccc(CC)c1
CHEMBL409947,CCCCS(=O)(=O)C[C@@H](NC(=O)c1cc(C)[nH]n1)C(=O)N[C@@H](Cc1cc(F)cc(F)c1)[C@H](O)CNCc1cccc(CC)c1
CHEMBL394271,CCCCS(=O)(=O)C[C@@H](NC(=O)c1ccncc1)C(=O)N[C@@H](Cc1cc(F)cc(F)c1)[C@H](O)CNCc1cccc(CC)c1
CHEMBL231669,CCCCS(=O)(=O)C[C@@H](NC(=O)C1CC1)C(=O)N[C@@H](Cc1cc(F)cc(F)c1)[C@H](O)CNCc1cccc(CC)c1
CHEMBL398775,CCCCS(=O)(=O)C[C@@H](NC(=O)COC)C(=O)N[C@@H](Cc1cc(F)cc(F)c1)[C@H](O)CNCc1cccc(CC)c1
CHEMBL232490,CCCCS(=O)(=O)C[C@@H](NC(C)=O)C(=O)N[C@@H](Cc1cc(F)cc(F)c1)[C@H](O)CNCc1cccc(CC)c1
CHEMBL266567,CCCCS(=O)(=O)C[C@@H](NC(=O)c1cccnc1)C(=O)N[C@@H](Cc1cc(F)cc(F)c1)[C@H](O)CNCc1cccc(CC)c1
CHEMBL414145,CCCC(CCC)S(=O)(=O)C[C@@H](NC(=O)OC)C(=O)N[C@@H](Cc1cc(F)cc(F)c1)[C@H](O)CNCc1cccc(CC)c1
CHEMBL394270,CCCC(CCC)S(=O)(=O)C[C@@H](NC(=O)OCc1ccncc1)C(=O)N[C@@H](Cc1cc(F)cc(F)c1)[C@H](O)CNCc1cccc(CC)c1
CHEMBL414776,CCCC(CCC)S(=O)(=O)C[C@@H](NC(=O)OCc1cccnc1)C(=O)N[C@@H](Cc1cc(F)cc(F)c1)[C@H](O)CNCc1cccc(CC)c1
CHEMBL231862,CCCC(CCC)S(=O)(=O)C[C@@H](NC(=O)c1cccnc1)C(=O)N[C@@H](Cc1cc(F)cc(F)c1)[C@H](O)CNCc1cccc(CC)c1
CHEMBL266566,CCCC(CCC)S(=O)(=O)C[C@@H](NC(=O)c1cccc(O)c1)C(=O)N[C@@H](Cc1cc(F)cc(F)c1)[C@H](O)CNCc1cccc(CC)c1
CHEMBL393140,CCCC(CCC)S(=O)(=O)C[C@@H](NC(=O)c1ccccc1C)C(=O)N[C@@H](Cc1cc(F)cc(F)c1)[C@H](O)CNCc1cccc(CC)c1
CHEMBL266565,CCCC(CCC)S(=O)(=O)C[C@@H](NC(=O)c1cccc(Cl)c1)C(=O)N[C@@H](Cc1cc(F)cc(F)c1)[C@H](O)CNCc1cccc(CC)c1
CHEMBL234555,CCCC(CCC)S(=O)(=O)C[C@@H](NC(=O)c1ccc(C(F)(F)F)cc1)C(=O)N[C@@H](Cc1cc(F)cc(F)c1)[C@H](O)CNCc1cccc(CC)c1
CHEMBL231861,CCCC(CCC)S(=O)(=O)C[C@@H](NC(=O)c1ccc(OC)cc1)C(=O)N[C@@H](Cc1cc(F)cc(F)c1)[C@H](O)CNCc1cccc(CC)c1
CHEMBL412852,CCCC(CCC)S(=O)(=O)C[C@@H](NC(=O)c1ccc(C)cc1)C(=O)N[C@@H](Cc1cc(F)cc(F)c1)[C@H](O)CNCc1cccc(CC)c1
CHEMBL391109,CCCCNC(=O)c1ccc(-c2scc(-c3ccccc3Cl)c2CC(=O)/N=C(/N)NCCCO)cc1
CHEMBL237493,N/C(=N/C(=O)Cc1c(-c2ccccc2Cl)csc1-c1ccc(C(=O)NCC2CC2)cc1)NCCCO
CHEMBL237284,CCCNC(=O)c1ccc(-c2scc(-c3ccccc3Cl)c2CC(=O)/N=C(/N)NCCCO)cc1
CHEMBL237283,N/C(=N/C(=O)Cc1c(-c2ccccc2Cl)csc1-c1ccc(C(=O)NCC(F)(F)F)cc1)NCCCO
CHEMBL237063,CCCOc1ccc(-c2scc(-c3ccccc3Cl)c2CC(=O)/N=C(/N)NCCCO)cc1
CHEMBL400438,CN(c1cc2cc(c1)C(=O)N[C@@H](c1ccccc1)CCc1cccc(c1)C[C@@](C)(N)C(=O)OC2)S(C)(=O)=O
CHEMBL219601,C[C@@H](NC(=O)c1cc(-c2nnc([C@](C)(N)Cc3ccccc3)o2)cc(N(C)S(C)(=O)=O)c1)c1ccc(F)cc1
CHEMBL239857,COc1cccc(-c2cccc(CC[C@]3(C)CC(=O)N(C)C(N)=N3)c2)c1
CHEMBL393911,COc1cccc(-c2cccc(CCC3(C)CC(=O)N(C)C(N)=N3)c2)c1
CHEMBL219601,C[C@@H](NC(=O)c1cc(-c2nnc([C@](C)(N)Cc3ccccc3)o2)cc(N(C)S(C)(=O)=O)c1)c1ccc(F)cc1
CHEMBL1162068,CCCN(c1cc(/C=C\C2CC2C)cc(-c2nnc([C@](C)(N)Cc3ccccc3)o2)c1)S(C)(=O)=O
CHEMBL219601,C[C@@H](NC(=O)c1cc(-c2nnc([C@](C)(N)Cc3ccccc3)o2)cc(N(C)S(C)(=O)=O)c1)c1ccc(F)cc1
CHEMBL1162068,CCCN(c1cc(/C=C\C2CC2C)cc(-c2nnc([C@](C)(N)Cc3ccccc3)o2)c1)S(C)(=O)=O
CHEMBL396338,C[C@H]1C[C@@H]1CNc1cc(C(=O)N[C@H](CO)Cc2cc(F)cc(F)c2)cc(N(C)S(C)(=O)=O)n1
CHEMBL429477,COCCN(C[C@H]1C[C@@H]1C)c1cc(C(=O)N[C@@H](Cc2ccccc2)[C@@H](N)COC)cc(N(C)S(=O)(=O)C(C)C)n1
CHEMBL248245,CCOC[C@H](N)[C@H](Cc1ccccc1)NC(=O)c1cc(N(C)C[C@H]2C[C@@H]2C)nc(N(C)S(=O)(=O)C(C)C)c1
CHEMBL401008,COC[C@H](N)[C@H](Cc1ccccc1)NC(=O)c1cc(N(C)C[C@H]2C[C@@H]2C)nc(N(C)S(=O)(=O)C(C)C)c1
CHEMBL248228,COC[C@H](N)[C@H](Cc1ccccc1)NC(=O)c1cc(N(C)C[C@H]2C[C@@H]2C)nc(N(C)S(C)(=O)=O)c1
CHEMBL399113,CCCN(c1cc(C(=O)N[C@@H](Cc2ccccc2)[C@H](C)N)cc(N(C)C[C@H]2C[C@@H]2C)n1)S(C)(=O)=O
CHEMBL248056,CCCC[C@H](N)[C@H](Cc1ccccc1)NC(=O)c1cc(N(C)C[C@H]2C[C@@H]2C)nc(N(CCC)S(C)(=O)=O)c1
CHEMBL248223,CCCC[C@H](N)[C@H](Cc1ccccc1)NC(=O)c1cc(N(C)C[C@H]2C[C@@H]2C)nc(N(C)S(C)(=O)=O)c1
CHEMBL247596,CC1CC1CNc1cc(C(=O)N[C@@H](Cc2ccsc2)[C@H](C)N)cc(N(C)S(C)(=O)=O)n1
CHEMBL440957,CCCC[C@H](N)[C@H](Cc1ccsc1)NC(=O)c1cc(NCC2CC2C)nc(N(C)S(C)(=O)=O)c1
CHEMBL247416,CC1CC1CNc1cc(C(=O)N[C@@H](Cc2ccccc2)[C@@H](N)CCC(F)(F)F)cc(N(C)S(C)(=O)=O)n1
CHEMBL247415,CCCC[C@H](N)[C@H](Cc1ccccc1)NC(=O)c1cc(NCC2CC2C)nc(N(C)S(C)(=O)=O)c1
CHEMBL393850,CC1CC1CNc1cc(C(=O)N[C@H](CN)Cc2ccccc2)cc(N(C)S(C)(=O)=O)n1
CHEMBL247043,CCCC[C@H](N)[C@H](Cc1cc(F)cc(F)c1)NC(=O)c1cc(NCC2CC2C)nc(N(C)S(C)(=O)=O)c1
CHEMBL247595,CCCC[C@H](O)[C@H](Cc1cc(F)cc(F)c1)NC(=O)c1cc(NCC2CC2C)nc(N(C)S(C)(=O)=O)c1
CHEMBL247043,CCCC[C@H](N)[C@H](Cc1cc(F)cc(F)c1)NC(=O)c1cc(NCC2CC2C)nc(N(C)S(C)(=O)=O)c1
CHEMBL429477,COCCN(C[C@H]1C[C@@H]1C)c1cc(C(=O)N[C@@H](Cc2ccccc2)[C@@H](N)COC)cc(N(C)S(=O)(=O)C(C)C)n1
CHEMBL248228,COC[C@H](N)[C@H](Cc1ccccc1)NC(=O)c1cc(N(C)C[C@H]2C[C@@H]2C)nc(N(C)S(C)(=O)=O)c1
CHEMBL247596,CC1CC1CNc1cc(C(=O)N[C@@H](Cc2ccsc2)[C@H](C)N)cc(N(C)S(C)(=O)=O)n1
CHEMBL440957,CCCC[C@H](N)[C@H](Cc1ccsc1)NC(=O)c1cc(NCC2CC2C)nc(N(C)S(C)(=O)=O)c1
CHEMBL247416,CC1CC1CNc1cc(C(=O)N[C@@H](Cc2ccccc2)[C@@H](N)CCC(F)(F)F)cc(N(C)S(C)(=O)=O)n1
CHEMBL247415,CCCC[C@H](N)[C@H](Cc1ccccc1)NC(=O)c1cc(NCC2CC2C)nc(N(C)S(C)(=O)=O)c1
CHEMBL393850,CC1CC1CNc1cc(C(=O)N[C@H](CN)Cc2ccccc2)cc(N(C)S(C)(=O)=O)n1
CHEMBL248699,CCCN(c1cc2cc(c1)C(=O)N[C@@H](c1ccccc1)CCc1cccc(c1)C[C@@](C)(N)COC2)S(C)(=O)=O
CHEMBL248699,CCCN(c1cc2cc(c1)C(=O)N[C@@H](c1ccccc1)CCc1cccc(c1)C[C@@](C)(N)COC2)S(C)(=O)=O
CHEMBL399425,C[C@@]1(N)Cc2ccc(F)c(c2)CC[C@H](c2ccc(F)cc2)NC(=O)c2cc(cc(-c3cccc(F)c3C#N)c2)COC1=O
CHEMBL399362,C[C@@]1(N)Cc2cccc(c2)CC[C@H](c2ccc(F)cc2)NC(=O)c2cc(cc(-c3cccc(F)c3C#N)c2)COC1=O
CHEMBL401181,C[C@@]1(N)Cc2cccc(c2F)CC[C@H](c2ccc(F)cc2)NC(=O)c2cc(cc(-c3ccccc3C#N)c2)COC1=O
CHEMBL251310,C[C@@]1(N)Cc2ccc(F)c(c2)CC[C@H](c2ccc(F)cc2)NC(=O)c2cc(cc(-c3ccccc3C#N)c2)COC1=O
CHEMBL251309,C[C@@]1(N)Cc2cc(F)cc(c2)CC[C@H](c2ccc(F)cc2)NC(=O)c2cc(cc(-c3ccccc3C#N)c2)COC1=O
CHEMBL401180,C[C@@]1(N)Cc2cccc(c2)CC[C@H](c2ccccc2)NC(=O)c2cc(cc(-c3ccccc3C#N)c2)COC1=O
CHEMBL251118,C[C@@]1(N)Cc2cccc(c2)CC[C@H](c2ccccc2)NC(=O)c2cc(Br)cc(c2)COC1=O
CHEMBL427884,CN(C)S(=O)(=O)N(C)c1cc2cc(c1)C(=O)N[C@@H](c1ccccc1)CCc1cccc(c1)C[C@@](C)(N)C(=O)OC2
CHEMBL250918,CN(c1cc2cc(c1)C(=O)N[C@@H](c1ccccc1)CCc1cccc(c1)C[C@@](C)(N)C(=O)OC2)S(=O)(=O)C(F)(F)F
CHEMBL402921,CN(c1cc2cc(c1)C(=O)N[C@@H](c1ccccc1)CCc1cccc(c1)C[C@@](C)(N)C(=O)OC2)S(=O)(=O)CC(F)(F)F
CHEMBL248876,C#C[C@H]1CCc2cccc(c2)C[C@@](C)(N)COCc2cc(cc(N(CCC)S(C)(=O)=O)c2)C(=O)N1
CHEMBL250712,CCCN(c1cc2cc(c1)C(=O)N[C@@H](C(C)C)CCc1cccc(c1)C[C@@](C)(N)COC2)S(C)(=O)=O
CHEMBL399276,CCCN(c1cc2cc(c1)C(=O)N[C@@H](CC)CCc1cccc(c1)C[C@@](C)(N)COC2)S(C)(=O)=O
CHEMBL399776,CCCN(c1cc2cc(c1)C(=O)N[C@@H](C)CCc1cccc(c1)C[C@@](C)(N)COC2)S(C)(=O)=O
CHEMBL429666,CCCN(c1cc2cc(c1)C(=O)N[C@@H](c1ccc(F)cc1)CCc1cccc(c1)C[C@@](C)(N)COC2)S(C)(=O)=O
CHEMBL251533,CC(C)S(=O)(=O)N(C)c1cc2cc(c1)C(=O)N[C@@H](c1ccccc1)CCc1cccc(c1)C[C@@](C)(N)COC2
CHEMBL438691,CCS(=O)(=O)N(C)c1cc2cc(c1)C(=O)N[C@@H](c1ccccc1)CCc1cccc(c1)C[C@@](C)(N)COC2
CHEMBL250295,C[C@@]1(N)Cc2cccc(c2)CC[C@H](c2ccccc2)NC(=O)c2cc(cc(N(c3ccccc3)S(C)(=O)=O)c2)COC1=O
CHEMBL248884,C[C@]1(N)COCc2cc(cc(N(c3ccccc3)S(C)(=O)=O)c2)C(=O)N[C@@H](c2ccccc2)CCc2cccc(c2)C1
CHEMBL400438,CN(c1cc2cc(c1)C(=O)N[C@@H](c1ccccc1)CCc1cccc(c1)C[C@@](C)(N)C(=O)OC2)S(C)(=O)=O
CHEMBL250120,CN(c1cc2cc(c1)C(=O)N[C@@H](c1ccccc1)CCc1cccc(c1)C[C@@](C)(N)COC2)S(C)(=O)=O
CHEMBL400530,CCCN(c1cc2cc(c1)C(=O)N[C@@H](c1ccccc1)CCc1cccc(c1)C[C@@](C)(N)C(=O)OC2)S(C)(=O)=O
CHEMBL401180,C[C@@]1(N)Cc2cccc(c2)CC[C@H](c2ccccc2)NC(=O)c2cc(cc(-c3ccccc3C#N)c2)COC1=O
CHEMBL400530,CCCN(c1cc2cc(c1)C(=O)N[C@@H](c1ccccc1)CCc1cccc(c1)C[C@@](C)(N)C(=O)OC2)S(C)(=O)=O
CHEMBL401141,CCCC(CCC)S(=O)(=O)CCC(=O)N[C@@H](Cc1ccccc1)[C@H](O)CNCc1cccc(OC)c1
CHEMBL253800,CCCC(CCC)S(=O)(=O)CC(NC(=O)OCc1ccccc1)C(=O)N[C@@H](Cc1ccccc1)[C@H](O)CNCc1cccc(OC)c1
CHEMBL373533,CCCN(CCC)C(=O)c1cc(C)cc(C(=O)N[C@@H](Cc2cc(F)cc(F)c2)[C@H](O)CNCc2cccc(I)c2)c1
CHEMBL254625,CCCN(CCC)C(=O)c1cccc(C(=O)N[C@@H](Cc2ccccc2)[C@H](O)CNCc2cccc(I)c2)c1
CHEMBL253165,CCCCN(CCCC)S(=O)(=O)CCC(=O)N[C@@H](Cc1ccccc1)[C@H](O)CNCc1cccc(OC)c1
CHEMBL401318,CC(=O)c1ccccc1-c1cc(C(=O)N[C@@H](Cc2ccccc2)[C@H](O)CN[C@@H](C)c2ccccc2)cc(C(=O)N[C@H](C)c2ccccc2)c1
CHEMBL400916,CC(=O)c1ccccc1-c1cc(C(=O)N[C@@H](Cc2ccccc2)[C@H](O)CNc2ccccc2)cc(C(=O)N[C@H](C)c2ccccc2)c1
CHEMBL254634,CC(=O)c1ccccc1-c1cc(C(=O)N[C@@H](Cc2ccccc2)[C@H](O)CNCc2ccccc2)cc(C(=O)N[C@H](C)c2ccccc2)c1
CHEMBL399748,CC(=O)c1ccccc1-c1cc(C(=O)N[C@@H](Cc2ccccc2)[C@H](O)CNC2CC2)cc(C(=O)N[C@H](C)c2ccccc2)c1
CHEMBL253799,C=CCNC[C@@H](O)[C@H](Cc1ccccc1)NC(=O)c1cc(C(=O)N[C@H](C)c2ccccc2)cc(-c2ccccc2C(C)=O)c1
CHEMBL2372119,CC(C)C[C@H](NC(=O)[C@H](CC(=O)O)NC(=O)[C@H](CC(C)C)NC(=O)[C@@H](N)CCC(=O)O)C(=O)N[C@@H](C)C(=O)N[C@H](C(=O)N[C@@H](CCC(=O)O)C(=O)N[C@@H](Cc1ccccc1)C(=O)O)C(C)C
CHEMBL2372118,CC(C)C[C@H](NC(=O)[C@H](CC(N)=O)NC(=O)[C@@H](NC(=O)[C@@H](N)CCC(=O)O)C(C)C)C(=O)N[C@@H](C)C(=O)N[C@@H](C)C(=O)N[C@@H](CCC(=O)O)C(=O)N[C@@H](Cc1ccccc1)C(=O)O
CHEMBL95430,CC(C)C[C@H](NC(=O)[C@H](CS(C)(=O)=O)NC(=O)[C@@H](NC(=O)OC(C)(C)C)C(C)C)[C@@H](O)C[C@@H](C)C(=O)N[C@H](C(=O)NCc1ccccc1)C(C)C
CHEMBL98239,CSC[C@H](NC(=O)[C@@H](NC(=O)OC(C)(C)C)C(C)C)C(=O)N[C@@H](CC(C)C)[C@@H](O)C[C@@H](C)C(=O)N[C@H](C(=O)NCc1ccccc1)C(C)C
CHEMBL98238,CC(C)C[C@H](NC(=O)[C@H](CC(N)=O)NC(=O)[C@@H](NC(=O)OC(C)(C)C)C(C)C)[C@@H](O)C[C@@H](C)C(=O)N[C@H](C(=O)NCc1ccccc1)C(C)C
CHEMBL95424,CC(C)C[C@H](NC(=O)[C@H](CC(N)=O)NC(=O)[C@@H](NC(=O)OC(C)(C)C)C(C)C)[C@@H](O)C[C@@H](C)C(=O)N[C@@H](C)C(=O)NCc1ccccc1
CHEMBL290001,CSCC[C@H](NC(=O)[C@@H](NC(=O)OC(C)(C)C)C(C)C)C(=O)N[C@@H](CC(C)C)[C@@H](O)C[C@@H](C)C(=O)N[C@H](C(=O)NCc1ccccc1)C(C)C
CHEMBL95430,CC(C)C[C@H](NC(=O)[C@H](CS(C)(=O)=O)NC(=O)[C@@H](NC(=O)OC(C)(C)C)C(C)C)[C@@H](O)C[C@@H](C)C(=O)N[C@H](C(=O)NCc1ccccc1)C(C)C
CHEMBL251862,CCNc1cc(C(=O)N[C@@H](Cc2ccccc2)[C@H](O)CN[C@@H](C)C(=O)NC2CCCCC2)cc(N2CCCC2=O)c1
CHEMBL251862,CCNc1cc(C(=O)N[C@@H](Cc2ccccc2)[C@H](O)CN[C@@H](C)C(=O)NC2CCCCC2)cc(N2CCCC2=O)c1
CHEMBL252057,CCNc1cc(C(=O)N[C@@H](Cc2ccccc2)[C@H](O)CNC2CCCCC2)cc(N2CCCC2=O)c1
CHEMBL402171,CCNc1cc(C(=O)N[C@@H](Cc2ccccc2)[C@H](O)CNCc2cnn(CC)c2)cc(N2CCCC2=O)c1
CHEMBL403820,CCNc1cc(C(=O)N[C@@H](Cc2ccccc2)[C@H](O)CNCc2cc(OC)cc(OC)c2)cc(N2CCCC2=O)c1
CHEMBL253719,CCNc1cc(C(=O)N[C@@H](Cc2ccccc2)[C@H](O)CNCc2cccc(Cl)c2)cc(N2CCCC2=O)c1
CHEMBL402348,CCNc1cc(C(=O)N[C@@H](Cc2ccccc2)[C@H](O)CNCc2cccc(OC(F)(F)F)c2)cc(N2CCCC2=O)c1
CHEMBL403427,CCNc1cc(C(=O)N[C@@H](Cc2ccccc2)[C@H](O)CNC2(c3cccc(OC)c3)CCCCC2)cc(N2CCCC2=O)c1
CHEMBL253060,CCNc1cc(C(=O)N[C@@H](Cc2ccccc2)[C@H](O)CN[C@H]2CCc3ccccc32)cc(N2CCCC2=O)c1
CHEMBL403207,CCNc1cc(C(=O)N[C@@H](Cc2ccccc2)[C@H](O)CNC(C)(C)c2cccc(C(F)(F)F)c2)cc(N2CCCC2=O)c1
CHEMBL252656,CCNc1cc(C(=O)N[C@@H](Cc2ccccc2)[C@H](O)CNCc2cccc(OC)c2)cc(N2CCCC2=O)c1
CHEMBL403429,CCNc1cc(C(=O)N[C@@H](Cc2ccccc2)[C@H](O)CNCc2cccc(C(F)(F)F)c2)cc(N2CCCC2=O)c1
CHEMBL428587,CCNc1cc(C(=O)N[C@@H](Cc2ccccc2)[C@H](O)CNCCCCC(C)C)cc(N2CCCC2=O)c1
CHEMBL252458,CCNc1cc(C(=O)N[C@@H](Cc2ccccc2)[C@H](O)CNC(C)(C)CCCC(C)C)cc(N2CCCC2=O)c1
CHEMBL252263,CCNc1cc(C(=O)N[C@@H](Cc2ccccc2)[C@H](O)CNC(C)CCCC(C)C)cc(N2CCCC2=O)c1
CHEMBL252458,CCNc1cc(C(=O)N[C@@H](Cc2ccccc2)[C@H](O)CNC(C)(C)CCCC(C)C)cc(N2CCCC2=O)c1
CHEMBL252458,CCNc1cc(C(=O)N[C@@H](Cc2ccccc2)[C@H](O)CNC(C)(C)CCCC(C)C)cc(N2CCCC2=O)c1
CHEMBL403429,CCNc1cc(C(=O)N[C@@H](Cc2ccccc2)[C@H](O)CNCc2cccc(C(F)(F)F)c2)cc(N2CCCC2=O)c1
CHEMBL403429,CCNc1cc(C(=O)N[C@@H](Cc2ccccc2)[C@H](O)CNCc2cccc(C(F)(F)F)c2)cc(N2CCCC2=O)c1
CHEMBL254485,CCNc1cc(C(=O)N[C@@H](Cc2ccccc2)[C@H](O)CNCc2cnn(CC)c2)c(F)c(N2CCCCS2(=O)=O)c1
CHEMBL253867,CCOc1cc(C(=O)N[C@@H](Cc2ccccc2)[C@H](O)CNCc2cccc(C(F)(F)F)c2)cc(N2CCCCS2(=O)=O)c1
CHEMBL253641,CCNc1cc(C(=O)N[C@@H](Cc2ccccc2)[C@H](O)CNCc2cccc(C(F)(F)F)c2)c(F)c(N2CCCCS2(=O)=O)c1
CHEMBL253867,CCOc1cc(C(=O)N[C@@H](Cc2ccccc2)[C@H](O)CNCc2cccc(C(F)(F)F)c2)cc(N2CCCCS2(=O)=O)c1
CHEMBL253641,CCNc1cc(C(=O)N[C@@H](Cc2ccccc2)[C@H](O)CNCc2cccc(C(F)(F)F)c2)c(F)c(N2CCCCS2(=O)=O)c1
CHEMBL254485,CCNc1cc(C(=O)N[C@@H](Cc2ccccc2)[C@H](O)CNCc2cnn(CC)c2)c(F)c(N2CCCCS2(=O)=O)c1
CHEMBL264322,CCNc1cc(C(=O)N[C@@H](Cc2ccccc2)[C@H](O)CNCc2cccc(OC)c2)c(F)c(N2CCCCS2(=O)=O)c1
CHEMBL254272,CCNc1cc(C(=O)N[C@@H](Cc2ccco2)[C@H](O)CNCc2cccc(OC)c2)cc(N2CCCCS2(=O)=O)c1
CHEMBL409766,CCNc1cc(C(=O)N[C@@H](Cc2cc(F)cc(F)c2)[C@H](O)CNCc2cccc(OC)c2)cc(N2CCCCS2(=O)=O)c1
CHEMBL427719,CCNc1cc(C(=O)N[C@@H](Cc2ccccc2)[C@H](O)CNCc2cccc(OC)c2)cc(N2CCCCS2(=O)=O)c1
CHEMBL399656,CCNc1cc(C(=O)N[C@@H](Cc2ccccc2)[C@H](O)CNCc2cnn(CC)c2)cc(N2CCCCS2(=O)=O)c1
CHEMBL401475,CCNc1cc(C(=O)N[C@@H](Cc2ccccc2)[C@H](O)CNC2CCc3ccc(OC)cc32)cc(N2CCCCS2(=O)=O)c1
CHEMBL254069,CCNc1cc(C(=O)N[C@@H](Cc2ccccc2)[C@H](O)CN[C@H]2CCc3ccccc32)cc(N2CCCCS2(=O)=O)c1
CHEMBL254068,CCNc1cc(C(=O)N[C@@H](Cc2ccccc2)[C@H](O)CNCc2ccccc2)cc(N2CCCCS2(=O)=O)c1
CHEMBL409753,CCNc1cc(C(=O)N[C@@H](Cc2ccccc2)[C@H](O)CNCc2cccc(OC(F)(F)F)c2)cc(N2CCCCS2(=O)=O)c1
CHEMBL409752,CCOc1cc(C(=O)N[C@@H](Cc2ccccc2)[C@H](O)CNCc2cccc(OC(F)(F)F)c2)cc(N2CCCCS2(=O)=O)c1
CHEMBL401474,CC(C)Nc1cc(C(=O)N[C@@H](Cc2ccccc2)[C@H](O)CNCc2cccc(C(F)(F)F)c2)cc(N2CCCCS2(=O)=O)c1
CHEMBL264321,CCCc1cc(C(=O)N[C@@H](Cc2ccccc2)[C@H](O)CNCc2cccc(C(F)(F)F)c2)cc(N2CCCCS2(=O)=O)c1
CHEMBL401473,CCNc1cc(C(=O)N[C@@H](Cc2ccccc2)[C@H](O)CNCc2cccc(C(F)(F)F)c2)cc(N2CCCCS2(=O)=O)c1
CHEMBL253867,CCOc1cc(C(=O)N[C@@H](Cc2ccccc2)[C@H](O)CNCc2cccc(C(F)(F)F)c2)cc(N2CCCCS2(=O)=O)c1
CHEMBL264110,CCOc1cc(C(=O)N[C@@H](Cc2ccccc2)[C@H](O)CNCc2cccc(C(F)(F)F)c2)cc(N2CCCS2(=O)=O)c1
CHEMBL253866,CCOc1cc(C(=O)N[C@@H](Cc2ccccc2)[C@H](O)CNCc2cccc(C(F)(F)F)c2)cc(-c2ccccc2C#N)c1
CHEMBL401067,CCOc1cc(C(=O)N[C@@H](Cc2ccccc2)[C@H](O)CNCc2cccc(C(F)(F)F)c2)cc(-c2ccccc2C(C)=O)c1
CHEMBL400654,CCOc1cc(C(=O)N[C@@H](Cc2ccccc2)[C@H](O)CNCc2cccc(C(F)(F)F)c2)cc(C2=C(C)CCC2=O)c1
CHEMBL264322,CCNc1cc(C(=O)N[C@@H](Cc2ccccc2)[C@H](O)CNCc2cccc(OC)c2)c(F)c(N2CCCCS2(=O)=O)c1
CHEMBL253641,CCNc1cc(C(=O)N[C@@H](Cc2ccccc2)[C@H](O)CNCc2cccc(C(F)(F)F)c2)c(F)c(N2CCCCS2(=O)=O)c1
CHEMBL253867,CCOc1cc(C(=O)N[C@@H](Cc2ccccc2)[C@H](O)CNCc2cccc(C(F)(F)F)c2)cc(N2CCCCS2(=O)=O)c1
CHEMBL254272,CCNc1cc(C(=O)N[C@@H](Cc2ccco2)[C@H](O)CNCc2cccc(OC)c2)cc(N2CCCCS2(=O)=O)c1
CHEMBL409766,CCNc1cc(C(=O)N[C@@H](Cc2cc(F)cc(F)c2)[C@H](O)CNCc2cccc(OC)c2)cc(N2CCCCS2(=O)=O)c1
CHEMBL427719,CCNc1cc(C(=O)N[C@@H](Cc2ccccc2)[C@H](O)CNCc2cccc(OC)c2)cc(N2CCCCS2(=O)=O)c1
CHEMBL399656,CCNc1cc(C(=O)N[C@@H](Cc2ccccc2)[C@H](O)CNCc2cnn(CC)c2)cc(N2CCCCS2(=O)=O)c1
CHEMBL401475,CCNc1cc(C(=O)N[C@@H](Cc2ccccc2)[C@H](O)CNC2CCc3ccc(OC)cc32)cc(N2CCCCS2(=O)=O)c1
CHEMBL254069,CCNc1cc(C(=O)N[C@@H](Cc2ccccc2)[C@H](O)CN[C@H]2CCc3ccccc32)cc(N2CCCCS2(=O)=O)c1
CHEMBL409753,CCNc1cc(C(=O)N[C@@H](Cc2ccccc2)[C@H](O)CNCc2cccc(OC(F)(F)F)c2)cc(N2CCCCS2(=O)=O)c1
CHEMBL409752,CCOc1cc(C(=O)N[C@@H](Cc2ccccc2)[C@H](O)CNCc2cccc(OC(F)(F)F)c2)cc(N2CCCCS2(=O)=O)c1
CHEMBL401474,CC(C)Nc1cc(C(=O)N[C@@H](Cc2ccccc2)[C@H](O)CNCc2cccc(C(F)(F)F)c2)cc(N2CCCCS2(=O)=O)c1
CHEMBL264321,CCCc1cc(C(=O)N[C@@H](Cc2ccccc2)[C@H](O)CNCc2cccc(C(F)(F)F)c2)cc(N2CCCCS2(=O)=O)c1
CHEMBL401473,CCNc1cc(C(=O)N[C@@H](Cc2ccccc2)[C@H](O)CNCc2cccc(C(F)(F)F)c2)cc(N2CCCCS2(=O)=O)c1
CHEMBL254485,CCNc1cc(C(=O)N[C@@H](Cc2ccccc2)[C@H](O)CNCc2cnn(CC)c2)c(F)c(N2CCCCS2(=O)=O)c1
CHEMBL264322,CCNc1cc(C(=O)N[C@@H](Cc2ccccc2)[C@H](O)CNCc2cccc(OC)c2)c(F)c(N2CCCCS2(=O)=O)c1
CHEMBL254272,CCNc1cc(C(=O)N[C@@H](Cc2ccco2)[C@H](O)CNCc2cccc(OC)c2)cc(N2CCCCS2(=O)=O)c1
CHEMBL409766,CCNc1cc(C(=O)N[C@@H](Cc2cc(F)cc(F)c2)[C@H](O)CNCc2cccc(OC)c2)cc(N2CCCCS2(=O)=O)c1
CHEMBL427719,CCNc1cc(C(=O)N[C@@H](Cc2ccccc2)[C@H](O)CNCc2cccc(OC)c2)cc(N2CCCCS2(=O)=O)c1
CHEMBL399656,CCNc1cc(C(=O)N[C@@H](Cc2ccccc2)[C@H](O)CNCc2cnn(CC)c2)cc(N2CCCCS2(=O)=O)c1
CHEMBL401475,CCNc1cc(C(=O)N[C@@H](Cc2ccccc2)[C@H](O)CNC2CCc3ccc(OC)cc32)cc(N2CCCCS2(=O)=O)c1
CHEMBL254069,CCNc1cc(C(=O)N[C@@H](Cc2ccccc2)[C@H](O)CN[C@H]2CCc3ccccc32)cc(N2CCCCS2(=O)=O)c1
CHEMBL409753,CCNc1cc(C(=O)N[C@@H](Cc2ccccc2)[C@H](O)CNCc2cccc(OC(F)(F)F)c2)cc(N2CCCCS2(=O)=O)c1
CHEMBL409752,CCOc1cc(C(=O)N[C@@H](Cc2ccccc2)[C@H](O)CNCc2cccc(OC(F)(F)F)c2)cc(N2CCCCS2(=O)=O)c1
CHEMBL401474,CC(C)Nc1cc(C(=O)N[C@@H](Cc2ccccc2)[C@H](O)CNCc2cccc(C(F)(F)F)c2)cc(N2CCCCS2(=O)=O)c1
CHEMBL264321,CCCc1cc(C(=O)N[C@@H](Cc2ccccc2)[C@H](O)CNCc2cccc(C(F)(F)F)c2)cc(N2CCCCS2(=O)=O)c1
CHEMBL401473,CCNc1cc(C(=O)N[C@@H](Cc2ccccc2)[C@H](O)CNCc2cccc(C(F)(F)F)c2)cc(N2CCCCS2(=O)=O)c1
CHEMBL253641,CCNc1cc(C(=O)N[C@@H](Cc2ccccc2)[C@H](O)CNCc2cccc(C(F)(F)F)c2)c(F)c(N2CCCCS2(=O)=O)c1
CHEMBL264322,CCNc1cc(C(=O)N[C@@H](Cc2ccccc2)[C@H](O)CNCc2cccc(OC)c2)c(F)c(N2CCCCS2(=O)=O)c1
CHEMBL409753,CCNc1cc(C(=O)N[C@@H](Cc2ccccc2)[C@H](O)CNCc2cccc(OC(F)(F)F)c2)cc(N2CCCCS2(=O)=O)c1
CHEMBL253641,CCNc1cc(C(=O)N[C@@H](Cc2ccccc2)[C@H](O)CNCc2cccc(C(F)(F)F)c2)c(F)c(N2CCCCS2(=O)=O)c1
CHEMBL254485,CCNc1cc(C(=O)N[C@@H](Cc2ccccc2)[C@H](O)CNCc2cnn(CC)c2)c(F)c(N2CCCCS2(=O)=O)c1
CHEMBL264322,CCNc1cc(C(=O)N[C@@H](Cc2ccccc2)[C@H](O)CNCc2cccc(OC)c2)c(F)c(N2CCCCS2(=O)=O)c1
CHEMBL409766,CCNc1cc(C(=O)N[C@@H](Cc2cc(F)cc(F)c2)[C@H](O)CNCc2cccc(OC)c2)cc(N2CCCCS2(=O)=O)c1
CHEMBL427719,CCNc1cc(C(=O)N[C@@H](Cc2ccccc2)[C@H](O)CNCc2cccc(OC)c2)cc(N2CCCCS2(=O)=O)c1
CHEMBL409753,CCNc1cc(C(=O)N[C@@H](Cc2ccccc2)[C@H](O)CNCc2cccc(OC(F)(F)F)c2)cc(N2CCCCS2(=O)=O)c1
CHEMBL409752,CCOc1cc(C(=O)N[C@@H](Cc2ccccc2)[C@H](O)CNCc2cccc(OC(F)(F)F)c2)cc(N2CCCCS2(=O)=O)c1
CHEMBL401473,CCNc1cc(C(=O)N[C@@H](Cc2ccccc2)[C@H](O)CNCc2cccc(C(F)(F)F)c2)cc(N2CCCCS2(=O)=O)c1
CHEMBL403268,COc1cccc(CNC[C@@H](O)[C@H](Cc2ccccc2)NC(=O)c2cc(C(=O)N[C@H](C)c3ccccc3)cc(N(C)S(C)(=O)=O)c2)c1
CHEMBL253930,C[C@@H](NC(=O)c1cc(C(=O)N[C@@H](Cc2ccccc2)[C@H](O)CNCc2ccc3ccn(S(C)(=O)=O)c3c2)cc(N(C)S(C)(=O)=O)c1)c1ccccc1
CHEMBL253929,C[C@@H](NC(=O)c1cc(C(=O)N[C@@H](Cc2ccccc2)[C@H](O)CNCc2ccc3cc[nH]c3c2)cc(N(C)S(C)(=O)=O)c1)c1ccccc1
CHEMBL403268,COc1cccc(CNC[C@@H](O)[C@H](Cc2ccccc2)NC(=O)c2cc(C(=O)N[C@H](C)c3ccccc3)cc(N(C)S(C)(=O)=O)c2)c1
CHEMBL253930,C[C@@H](NC(=O)c1cc(C(=O)N[C@@H](Cc2ccccc2)[C@H](O)CNCc2ccc3ccn(S(C)(=O)=O)c3c2)cc(N(C)S(C)(=O)=O)c1)c1ccccc1
CHEMBL78946,CC(C)C[C@H](NC(=O)[C@H](CC(N)=O)NC(=O)[C@@H](NC(=O)[C@@H](N)CCC(=O)O)C(C)C)[C@@H](O)C[C@@H](C)C(=O)N[C@@H](C)C(=O)N[C@@H](CCC(=O)O)C(=O)N[C@@H](Cc1ccccc1)C(=O)O
CHEMBL254740,Cc1nc(COC(=O)N[C@@H](CS(C)(=O)=O)C(=O)N[C@@H](CC(C)C)[C@@H](O)C[C@@H](C)C(=O)N[C@H](C(=O)NC(C)(C)C)C(C)C)c(C)o1
CHEMBL231160,CCN(CCCCCCNC1=CC(=O)C(NCCCCCCN(CC)Cc2ccccc2OC)=CC1=O)Cc1ccccc1OC
CHEMBL183494,CC(C)C[C@H](NC(=O)[C@@H](NC(=O)[C@@H](N)CNC(=O)c1nn[nH]n1)C(C)C)C(=O)N[C@@H](Cc1ccccc1)[C@@H](O)C(=O)Nc1cccc(C(=O)O)c1
CHEMBL400043,O=C(N[C@@H](Cc1ccccc1)[C@H](O)C(=O)Nc1cccc(-c2nn[nH]n2)c1)c1cc(=O)cc(C(=O)N2COC[C@@H]2c2ccccc2)o1
CHEMBL399840,CS(=O)(=O)Oc1cc(C(=O)N[C@@H](Cc2ccccc2)[C@H](O)C(=O)Nc2cccc(-c3nn[nH]n3)c2)nc(C(=O)N2COC[C@@H]2c2ccccc2)c1
CHEMBL399839,O=C(N[C@@H](Cc1ccccc1)[C@H](O)C(=O)Nc1cccc(-c2nn[nH]n2)c1)c1cccc(C(=O)N2COC[C@@H]2c2ccccc2)n1
CHEMBL378225,C[C@@H](NC(=O)c1cc(C(=O)N[C@@H](Cc2ccccc2)[C@H](O)CNC2CC2)cc(N(C)S(C)(=O)=O)c1)c1ccccc1
CHEMBL42908,CCCN(CCC)C(=O)c1cccc(C(=O)N[C@@H](Cc2cc(F)cc(F)c2)[C@@H](O)C[C@@H](C)C(=O)NCC(C)C)c1
CHEMBL439521,CC(C)C[C@H](NC(=O)[C@@H](NC(=O)[C@@H](N)CNC(=O)c1nn[nH]n1)C(C)C)C(=O)N[C@@H](Cc1ccccc1)[C@@H](O)C(=O)Nc1cc(-c2nn[nH]n2)cc(-c2nn[nH]n2)c1
CHEMBL381826,CC(C)C[C@H](NC(=O)[C@@H](NC(=O)[C@@H](N)CNC(=O)c1nn[nH]n1)C(C)C)C(=O)N[C@@H](Cc1ccccc1)[C@@H](O)C(=O)Nc1cccc(-c2nn[nH]n2)c1
CHEMBL183546,CC(C)C[C@H](NC(=O)[C@@H](NC(=O)[C@@H](N)CNC(=O)c1nn[nH]n1)C(C)C)C(=O)N[C@@H](Cc1ccccc1)[C@@H](O)C(=O)Nc1cc(C(=O)O)cc(C(=O)O)c1
CHEMBL270359,CCCN(CCC)C(=O)c1cc(C)cc(C(=O)N[C@@H](Cc2cc(F)cc(F)c2)[C@H](O)[C@H]2C[C@@H](OCc3ccccc3)CN2)c1
CHEMBL270359,CCCN(CCC)C(=O)c1cc(C)cc(C(=O)N[C@@H](Cc2cc(F)cc(F)c2)[C@H](O)[C@H]2C[C@@H](OCc3ccccc3)CN2)c1
CHEMBL403727,CCCN(CCC)C(=O)c1cc(C)cc(C(=O)N[C@@H](Cc2cc(F)cc(F)c2)[C@H](O)[C@H]2C[C@@H](Oc3ccccc3)CN2)c1
CHEMBL403727,CCCN(CCC)C(=O)c1cc(C)cc(C(=O)N[C@@H](Cc2cc(F)cc(F)c2)[C@H](O)[C@H]2C[C@@H](Oc3ccccc3)CN2)c1
CHEMBL403253,CCCCCN1C[C@@H](C(=O)N[C@@H](Cc2cc(F)cc(F)c2)[C@H](O)[C@H]2C[C@@H](OCc3ccccc3)CN2)[C@H](C2CCCC2)C1=O
CHEMBL403109,CCCCN1C[C@@H](C(=O)N[C@@H](Cc2cc(F)cc(F)c2)[C@H](O)[C@H]2C[C@@H](OCc3ccccc3)CN2)[C@H](Cc2ccccc2)C1=O
CHEMBL403108,CCCCN1C[C@@H](C(=O)N[C@@H](Cc2cc(F)cc(F)c2)[C@H](O)[C@H]2C[C@@H](OCc3ccccc3)CN2)[C@H](CC(C)C)C1=O
CHEMBL404369,CCCCN1C[C@@H](C(=O)N[C@@H](Cc2cc(F)cc(F)c2)[C@H](O)[C@H]2C[C@@H](OCc3ccccc3)CN2)[C@H](CCC)C1=O
CHEMBL257433,CCCCN1C[C@@H](C(=O)N[C@@H](Cc2cc(F)cc(F)c2)[C@H](O)[C@H]2C[C@@H](OCc3ccccc3)CN2)[C@H](CC)C1=O
CHEMBL402754,O=C(N[C@@H](Cc1cc(F)cc(F)c1)[C@H](O)[C@H]1C[C@@H](OCc2ccccc2)CN1)[C@H]1CC(=O)N(Cc2cccs2)C1
CHEMBL404682,O=C(N[C@@H](Cc1cc(F)cc(F)c1)[C@H](O)[C@H]1C[C@@H](OCc2ccccc2)CN1)[C@H]1CC(=O)N(Cc2ccco2)C1
CHEMBL270822,O=C(N[C@@H](Cc1cc(F)cc(F)c1)[C@H](O)[C@H]1C[C@@H](OCc2ccccc2)CN1)[C@H]1CC(=O)N(Cc2cccnc2)C1
CHEMBL404839,O=C(N[C@@H](Cc1cc(F)cc(F)c1)[C@H](O)[C@H]1C[C@@H](OCc2ccccc2)CN1)[C@H]1CC(=O)N(Cc2ccccn2)C1
CHEMBL271249,O=C(N[C@@H](Cc1cc(F)cc(F)c1)[C@H](O)[C@H]1C[C@@H](OCc2ccccc2)CN1)[C@H]1CC(=O)N(Cc2ccccc2)C1
CHEMBL401717,CCOCCN1C[C@@H](C(=O)N[C@@H](Cc2cc(F)cc(F)c2)[C@H](O)[C@H]2C[C@@H](OCc3ccccc3)CN2)CC1=O
CHEMBL402070,O=C(N[C@@H](Cc1cc(F)cc(F)c1)[C@H](O)[C@H]1C[C@@H](OCc2ccccc2)CN1)[C@H]1CC(=O)N(CC2CC2)C1
CHEMBL255540,CCCC(CCC)N1C[C@@H](C(=O)N[C@@H](Cc2cc(F)cc(F)c2)[C@H](O)[C@H]2C[C@@H](OCc3ccccc3)CN2)CC1=O
CHEMBL403593,CCCCCCN1C[C@@H](C(=O)N[C@@H](Cc2cc(F)cc(F)c2)[C@H](O)[C@H]2C[C@@H](OCc3ccccc3)CN2)CC1=O
CHEMBL428870,CCCCCN1C[C@@H](C(=O)N[C@@H](Cc2cc(F)cc(F)c2)[C@H](O)[C@H]2C[C@@H](OCc3ccccc3)CN2)CC1=O
CHEMBL255400,CCCCCN1C[C@@H](C(=O)N[C@@H](Cc2cc(F)cc(F)c2)[C@H](O)[C@H]2C[C@@H](OCc3ccccc3)CN2)[C@H](Cc2ccccc2)C1=O
CHEMBL403195,COC[C@H]1CCCN1C(=O)c1cc(C)cc(C(=O)N[C@@H](Cc2cc(F)cc(F)c2)[C@H](O)[C@H]2C[C@@H](Oc3ccccc3)CN2)c1
CHEMBL403195,COC[C@H]1CCCN1C(=O)c1cc(C)cc(C(=O)N[C@@H](Cc2cc(F)cc(F)c2)[C@H](O)[C@H]2C[C@@H](Oc3ccccc3)CN2)c1
CHEMBL244416,CCN(Cc1ccccc1)Cc1ccc(-c2cc3cc(OC)c(OC)cc3oc2=O)cc1
CHEMBL270248,CCN(Cc1ccccc1)Cc1ccc(-c2cc3ccc(OCCNC(=O)/C=C/c4ccc(Cl)c(Cl)c4)cc3oc2=O)cc1
CHEMBL271710,CCN(Cc1ccccc1)Cc1ccc(-c2cc3ccc(OCCNC(=O)CCc4ccc(F)c(F)c4)cc3oc2=O)cc1
CHEMBL271709,CCN(Cc1ccccc1)Cc1ccc(-c2cc3ccc(OCCNC(=O)/C=C/c4cc(F)cc(F)c4)cc3oc2=O)cc1
CHEMBL26125,CCN(Cc1ccccc1)Cc1ccc(-c2cc3ccc(OCCNC(=O)Cc4cc(F)cc(F)c4)cc3oc2=O)cc1
CHEMBL407904,CCN(Cc1ccccc1)Cc1ccc(-c2cc3cc(OCCNC(=O)/C=C/c4ccc(Cl)c(Cl)c4)ccc3oc2=O)cc1
CHEMBL248922,CCN(Cc1ccccc1)Cc1ccc(-c2cc3cc(OCCNC(=O)CCc4ccc(F)c(F)c4)ccc3oc2=O)cc1
CHEMBL239046,CCN(Cc1ccccc1)Cc1ccc(-c2cc3cc(OCCNC(=O)/C=C/c4cc(F)cc(F)c4)ccc3oc2=O)cc1
CHEMBL272700,CCN(Cc1ccccc1)Cc1ccc(-c2cc3cc(OCCNC(=O)Cc4cc(F)cc(F)c4)ccc3oc2=O)cc1
CHEMBL402276,CCCN(CCC)C(=O)c1cc(C)cc(C(=O)N[C@@H](Cc2cc(F)cc(F)c2)[C@H](O)[C@H]2C[C@@H](OCC3CCCCC3)CCN2)c1
CHEMBL256372,CCCN(CCC)C(=O)c1cc(C)cc(C(=O)N[C@@H](Cc2cc(F)cc(F)c2)[C@H](O)[C@H]2C[C@@H](OCCN(C)C)CCN2)c1
CHEMBL257645,CCCN(CCC)C(=O)c1cc(C)cc(C(=O)N[C@@H](Cc2cc(F)cc(F)c2)[C@H](O)[C@H]2C[C@@H](OCCOC)CCN2)c1
CHEMBL404078,CCCN(CCC)C(=O)c1cc(C)cc(C(=O)N[C@@H](Cc2cc(F)cc(F)c2)[C@H](O)[C@H]2C[C@@H](OCC3CC3)CCN2)c1
CHEMBL401527,CCCN(CCC)C(=O)c1cc(C)cc(C(=O)N[C@@H](Cc2cc(F)cc(F)c2)[C@H](O)[C@H]2C[C@@H](OC(C)C)CCN2)c1
CHEMBL399979,CCCCO[C@H]1CCN[C@@H]([C@@H](O)[C@H](Cc2cc(F)cc(F)c2)NC(=O)c2cc(C)cc(C(=O)N(CCC)CCC)c2)C1
CHEMBL257278,CCCN(CCC)C(=O)c1cc(C)cc(C(=O)N[C@@H](Cc2cc(F)cc(F)c2)[C@H](O)[C@H]2C[C@@H](OCC)CCN2)c1
CHEMBL256904,CCCN(CCC)C(=O)c1cc(C)cc(C(=O)N[C@@H](Cc2cc(F)cc(F)c2)[C@H](O)[C@H]2C[C@@H](CCc3ccccc3)CCN2)c1
CHEMBL255194,CCCN(CCC)C(=O)c1cc(C)cc(C(=O)N[C@@H](Cc2cc(F)cc(F)c2)[C@H](O)[C@H]2C[C@@H](Cc3ccccc3)CCN2)c1
CHEMBL258083,CCC[C@H]1CCN[C@@H]([C@@H](O)[C@H](Cc2cc(F)cc(F)c2)NC(=O)c2cc(C)cc(C(=O)N(CCC)CCC)c2)C1
CHEMBL270153,CCCN(CCC)C(=O)c1cc(C)cc(C(=O)N[C@@H](Cc2cc(F)cc(F)c2)[C@H](O)[C@H]2CCCCN2)c1
CHEMBL403727,CCCN(CCC)C(=O)c1cc(C)cc(C(=O)N[C@@H](Cc2cc(F)cc(F)c2)[C@H](O)[C@H]2C[C@@H](Oc3ccccc3)CN2)c1
CHEMBL270359,CCCN(CCC)C(=O)c1cc(C)cc(C(=O)N[C@@H](Cc2cc(F)cc(F)c2)[C@H](O)[C@H]2C[C@@H](OCc3ccccc3)CN2)c1
CHEMBL255372,CCCN(CCC)C(=O)c1cc(C)cc(C(=O)N[C@@H](Cc2cc(F)cc(F)c2)[C@H](O)[C@H]2C[C@@H](OC)CN2)c1
CHEMBL404680,CCCN(CCC)C(=O)c1cc(C)cc(C(=O)N[C@@H](Cc2cc(F)cc(F)c2)[C@H](O)[C@H]2C[C@@H](O)CN2)c1
CHEMBL256434,CCCN(CCC)C(=O)c1cc(C)cc(C(=O)N[C@@H](Cc2cc(F)cc(F)c2)[C@H](O)[C@H]2CCCN2)c1
CHEMBL257645,CCCN(CCC)C(=O)c1cc(C)cc(C(=O)N[C@@H](Cc2cc(F)cc(F)c2)[C@H](O)[C@H]2C[C@@H](OCCOC)CCN2)c1
CHEMBL404078,CCCN(CCC)C(=O)c1cc(C)cc(C(=O)N[C@@H](Cc2cc(F)cc(F)c2)[C@H](O)[C@H]2C[C@@H](OCC3CC3)CCN2)c1
CHEMBL399979,CCCCO[C@H]1CCN[C@@H]([C@@H](O)[C@H](Cc2cc(F)cc(F)c2)NC(=O)c2cc(C)cc(C(=O)N(CCC)CCC)c2)C1
CHEMBL257278,CCCN(CCC)C(=O)c1cc(C)cc(C(=O)N[C@@H](Cc2cc(F)cc(F)c2)[C@H](O)[C@H]2C[C@@H](OCC)CCN2)c1
CHEMBL270153,CCCN(CCC)C(=O)c1cc(C)cc(C(=O)N[C@@H](Cc2cc(F)cc(F)c2)[C@H](O)[C@H]2CCCCN2)c1
CHEMBL403727,CCCN(CCC)C(=O)c1cc(C)cc(C(=O)N[C@@H](Cc2cc(F)cc(F)c2)[C@H](O)[C@H]2C[C@@H](Oc3ccccc3)CN2)c1
CHEMBL270359,CCCN(CCC)C(=O)c1cc(C)cc(C(=O)N[C@@H](Cc2cc(F)cc(F)c2)[C@H](O)[C@H]2C[C@@H](OCc3ccccc3)CN2)c1
CHEMBL271914,CCCOc1ccc(-c2ccc(-c3ccccc3Cl)n2CC(=O)/N=C(/N)N[C@H]2CC[C@H](C(=O)O)CC2)cc1
CHEMBL269943,CCCOc1ccc(-c2ccc(-c3ccccc3Cl)n2CC(=O)/N=C(/N)NCc2ccc(F)c(F)c2F)cc1
CHEMBL272719,CCCOc1ccc(-c2ccc(-c3ccccc3Cl)n2CC(=O)/N=C(/N)NCCCn2ccnc2)cc1
CHEMBL272718,CCCOc1ccc(-c2ccc(-c3ccccc3Cl)n2CC(=O)/N=C(/N)NCCC2OCCO2)cc1
CHEMBL271422,CCCOc1ccc(-c2ccc(-c3ccccc3Cl)n2CC(=O)/N=C(/N)NCC(C)(C)CO)cc1
CHEMBL256000,CCCOc1ccc(-c2ccc(-c3ccccc3Cl)n2CC(=O)/N=C(/N)NCCCC(N)=O)cc1
CHEMBL430034,CCCOc1ccc(-c2ccc(-c3ccccc3Cl)n2CC(=O)/N=C(/N)NCC(O)CO)cc1
CHEMBL401587,CCCOc1ccc(-c2ccc(-c3ccccc3Cl)n2CC(=O)/N=C(/N)NCCCO)cc1
CHEMBL272970,CCCOc1ccc(-c2ccc(-c3ccccc3Cl)n2CC(=O)/N=C(/N)NCCC(N)=O)cc1
CHEMBL270820,CCCOc1ccc(-c2ccc(-c3ccccc3Cl)n2CC(=O)/N=C(/N)NCCC(=O)O)cc1
CHEMBL273186,CCCOc1ccc(-c2ccc(-c3ccccc3Cl)n2CC(=O)/N=C(/N)NCCCC(=O)O)cc1
CHEMBL428075,CCCOc1ccc(-c2ccc(-c3ccccc3Cl)n2CC(=O)/N=C(/N)N[C@H]2CC[C@H](O)CC2)cc1
CHEMBL404166,Cc1csc(CN/C(N)=N\C(=O)Cn2c(-c3ccccc3)ccc2C23CC4CC(CC(C4)C2)C3)n1
CHEMBL402576,N/C(=N/C(=O)Cn1c(-c2ccccc2)ccc1C12CC3CC(CC(C3)C1)C2)N[C@H]1CC[C@H](O)CC1
CHEMBL404897,N/C(=N/C(=O)Cn1c(-c2ccccc2)ccc1C12CC3CC(CC(C3)C1)C2)NCCCCO
CHEMBL258356,N#CCCN/C(N)=N\C(=O)Cn1c(-c2ccccc2)ccc1C12CC3CC(CC(C3)C1)C2
CHEMBL403819,N/C(=N/C(=O)Cn1c(-c2ccccc2)ccc1C12CC3CC(CC(C3)C1)C2)NCCCO
CHEMBL438355,N#CCCCN/C(N)=N\C(=O)Cn1c(-c2ccccc2)ccc1C12CC3CC(CC(C3)C1)C2
CHEMBL257871,CCCc1cc(C(=O)N[C@@H](Cc2ccccc2)[C@H](O)CN[C@@H](C)C(=O)NC2CCCCC2)cc(N2CCCC2=O)c1
CHEMBL255964,CC(C)CNc1cc(C(=O)N[C@@H](Cc2ccccc2)[C@H](O)CN[C@@H](C)C(=O)NC2CCCCC2)cc(N2CCCC2=O)c1
CHEMBL227053,CC(C)Nc1cc(C(=O)N[C@@H](Cc2ccccc2)[C@H](O)CN[C@@H](C)C(=O)NC2CCCCC2)cc(N2CCCC2=O)c1
CHEMBL251862,CCNc1cc(C(=O)N[C@@H](Cc2ccccc2)[C@H](O)CN[C@@H](C)C(=O)NC2CCCCC2)cc(N2CCCC2=O)c1
CHEMBL256399,CCCCCOc1cc(C(=O)N[C@@H](Cc2ccccc2)[C@H](O)CN[C@@H](C)C(=O)NC2CCCCC2)cc(N2CCCC2=O)c1
CHEMBL255977,CC(C)Oc1cc(C(=O)N[C@@H](Cc2ccccc2)[C@H](O)CN[C@@H](C)C(=O)NC2CCCCC2)cc(N2CCCC2=O)c1
CHEMBL258068,CCOc1cc(C(=O)N[C@@H](Cc2ccccc2)[C@H](O)CN[C@@H](C)C(=O)NC2CCCCC2)cc(N2CCCC2=O)c1
CHEMBL251862,CCNc1cc(C(=O)N[C@@H](Cc2ccccc2)[C@H](O)CN[C@@H](C)C(=O)NC2CCCCC2)cc(N2CCCC2=O)c1
CHEMBL227053,CC(C)Nc1cc(C(=O)N[C@@H](Cc2ccccc2)[C@H](O)CN[C@@H](C)C(=O)NC2CCCCC2)cc(N2CCCC2=O)c1
CHEMBL78946,CC(C)C[C@H](NC(=O)[C@H](CC(N)=O)NC(=O)[C@@H](NC(=O)[C@@H](N)CCC(=O)O)C(C)C)[C@@H](O)C[C@@H](C)C(=O)N[C@@H](C)C(=O)N[C@@H](CCC(=O)O)C(=O)N[C@@H](Cc1ccccc1)C(=O)O
CHEMBL257587,CC(C)C[C@H](NC(=O)[C@@H](NC(=O)[C@@H](N)CNC(=O)c1nn[nH]n1)C(C)C)C(=O)N[C@@H](Cc1ccccc1)[C@@H](O)C(=O)Nc1cc(Cl)cc(Cl)c1
CHEMBL270172,CC(C)C[C@H](NC(=O)[C@@H](NC(=O)[C@@H](N)CNC(=O)c1nn[nH]n1)C(C)C)C(=O)N[C@@H](Cc1ccccc1)[C@@H](O)C(=O)NS(=O)(=O)C(F)(F)F
CHEMBL183494,CC(C)C[C@H](NC(=O)[C@@H](NC(=O)[C@@H](N)CNC(=O)c1nn[nH]n1)C(C)C)C(=O)N[C@@H](Cc1ccccc1)[C@@H](O)C(=O)Nc1cccc(C(=O)O)c1
CHEMBL255838,CC(C)[C@H](NC(=O)[C@@H](N)CNC(=O)c1[nH]c(=O)[nH]c(=O)c1F)C(=O)N[C@@H](CC1CCCCC1)C(=O)N[C@@H](Cc1ccccc1)[C@@H](O)C(=O)Nc1cccc(-c2nn[nH]n2)c1
CHEMBL439521,CC(C)C[C@H](NC(=O)[C@@H](NC(=O)[C@@H](N)CNC(=O)c1nn[nH]n1)C(C)C)C(=O)N[C@@H](Cc1ccccc1)[C@@H](O)C(=O)Nc1cc(-c2nn[nH]n2)cc(-c2nn[nH]n2)c1
CHEMBL183546,CC(C)C[C@H](NC(=O)[C@@H](NC(=O)[C@@H](N)CNC(=O)c1nn[nH]n1)C(C)C)C(=O)N[C@@H](Cc1ccccc1)[C@@H](O)C(=O)Nc1cc(C(=O)O)cc(C(=O)O)c1
CHEMBL260621,CC(C)(C)c1cccc(CNC[C@@H](O)[C@H](Cc2cc(F)cc(F)c2)NC(=O)[C@@H]2CN(Cc3cc(F)cc(F)c3)C(=O)N2)c1
CHEMBL405889,CN(C)c1cccc(CNC[C@@H](O)[C@H](Cc2cc(F)cc(F)c2)NC(=O)[C@@H]2CN(Cc3ccccc3)C(=O)N2)c1
CHEMBL260834,CC(C)(C)c1cccc(CNC[C@@H](O)[C@H](Cc2ccccc2)NC(=O)[C@@H]2CN(Cc3cc(F)cc(F)c3)C(=O)N2)c1
CHEMBL411917,CC(C)c1cccc(CNC[C@@H](O)[C@H](Cc2ccccc2)NC(=O)[C@@H]2CN(Cc3cc(F)cc(F)c3)C(=O)N2)c1
CHEMBL260722,CN(C)c1cccc(CNC[C@@H](O)[C@H](Cc2ccccc2)NC(=O)[C@@H]2CN(Cc3ccccc3C(F)(F)F)C(=O)N2)c1
CHEMBL410865,CN(C)c1cccc(CNC[C@@H](O)[C@H](Cc2ccccc2)NC(=O)[C@@H]2CN(Cc3cc(F)c(F)cc3F)C(=O)N2)c1
CHEMBL413999,CN(C)c1cccc(CNC[C@@H](O)[C@H](Cc2ccccc2)NC(=O)[C@@H]2CN(Cc3cc(F)cc(F)c3)C(=O)N2)c1
CHEMBL260634,CN(C)c1cccc(CNC[C@@H](O)[C@H](Cc2ccccc2)NC(=O)[C@@H]2CN(Cc3ccc(F)c(F)c3)C(=O)N2)c1
CHEMBL411124,CN(C)c1cccc(CNC[C@@H](O)[C@H](Cc2ccccc2)NC(=O)[C@@H]2CN(Cc3ccccc3)C(=O)N2)c1
CHEMBL260621,CC(C)(C)c1cccc(CNC[C@@H](O)[C@H](Cc2cc(F)cc(F)c2)NC(=O)[C@@H]2CN(Cc3cc(F)cc(F)c3)C(=O)N2)c1
CHEMBL474057,C[C@@H](NC(=O)c1cc(C(=O)N[C@@H](Cc2ccccc2)[C@H](O)CNC2CC2)cc2c1CCCCO2)c1ccccc1
CHEMBL473854,C[C@@H](NC(=O)c1cc(C(=O)N[C@@H](Cc2ccccc2)[C@H](O)CNC2CC2)cc2c1CCCO2)c1ccccc1
CHEMBL464918,C[C@@H](NC(=O)c1cc2c(c(C(=O)N[C@@H](Cc3ccccc3)[C@H](O)CNC3CC3)c1)CCCCO2)c1ccccc1
CHEMBL517179,C[C@@H](NC(=O)c1cc2c(c(C(=O)N[C@@H](Cc3ccccc3)[C@H](O)CNC3CC3)c1)CCCO2)c1ccccc1
CHEMBL499468,C[C@@H](NC(=O)c1cc(C(=O)N[C@@H](Cc2ccccc2)[C@H](O)CNC2CC2)cc(N2CCCCS2(=O)=O)c1)c1ccccc1
CHEMBL446879,C[C@@H](NC(=O)c1cc(C(=O)N[C@@H](Cc2ccccc2)[C@H](O)CNC2CC2)cc2c1CCCCO2)c1ccc(F)cc1
CHEMBL378225,C[C@@H](NC(=O)c1cc(C(=O)N[C@@H](Cc2ccccc2)[C@H](O)CNC2CC2)cc(N(C)S(C)(=O)=O)c1)c1ccccc1
CHEMBL378225,C[C@@H](NC(=O)c1cc(C(=O)N[C@@H](Cc2ccccc2)[C@H](O)CNC2CC2)cc(N(C)S(C)(=O)=O)c1)c1ccccc1
CHEMBL490305,CCCCNC(=O)[C@H](C)C[C@H](O)[C@@H]1C[C@H](C)CCCCCCCCC(=O)N[C@@H](C)C(=O)N1
CHEMBL461602,CCCCNC(=O)[C@H](C)C[C@H](O)[C@@H]1C[C@H](C)CCCCCCCCC(=O)N(C)[C@@H](C)C(=O)N1
CHEMBL401473,CCNc1cc(C(=O)N[C@@H](Cc2ccccc2)[C@H](O)CNCc2cccc(C(F)(F)F)c2)cc(N2CCCCS2(=O)=O)c1
CHEMBL500555,CCn1cnc2c(N3CCCC3=O)cc(C(=O)N[C@@H](Cc3ccccc3)[C@H](O)CNCc3cccc(C(F)(F)F)c3)cc21
CHEMBL399656,CCNc1cc(C(=O)N[C@@H](Cc2ccccc2)[C@H](O)CNCc2cnn(CC)c2)cc(N2CCCCS2(=O)=O)c1
CHEMBL401475,CCNc1cc(C(=O)N[C@@H](Cc2ccccc2)[C@H](O)CNC2CCc3ccc(OC)cc32)cc(N2CCCCS2(=O)=O)c1
CHEMBL445734,CCNc1cc(C(=O)N[C@@H](Cc2ccccc2)[C@H](O)CNCc2cccc(C(F)(F)F)c2)c(F)c(N2CCCC2=O)c1
CHEMBL253641,CCNc1cc(C(=O)N[C@@H](Cc2ccccc2)[C@H](O)CNCc2cccc(C(F)(F)F)c2)c(F)c(N2CCCCS2(=O)=O)c1
CHEMBL501927,CCNc1cc(C(=O)N[C@@H](Cc2ccccc2)[C@H](O)CNCc2cccc(C(F)(F)F)c2)cc(N2CCCCS2(=O)=O)c1OC
CHEMBL448592,CCn1ncc2c(N3CCCC3=O)cc(C(=O)N[C@@H](Cc3ccccc3)[C@H](O)CNCc3cccc(C(F)(F)F)c3)cc21
CHEMBL447220,CCc1c[nH]c2c(N3CCCC3=O)cc(C(=O)N[C@@H](Cc3ccccc3)[C@H](O)CNCc3cccc(C(F)(F)F)c3)cc12
CHEMBL501338,CCn1ccc2c(N3CCCC3=O)cc(C(=O)N[C@@H](Cc3ccccc3)[C@H](O)CNCc3cccc(C(F)(F)F)c3)cc21
CHEMBL508753,CCNc1cc(C(=O)N[C@@H](Cc2ccccc2)[C@H](O)CNCc2cccc(C(F)(F)F)c2)cc(N2CCCCS2(=O)=O)c1C
CHEMBL510798,CCNc1cc(C(=O)N[C@@H](Cc2ccccc2)[C@H](O)CNC(C)(C)c2cccc(C(F)(F)F)c2)cc(N2CCCCS2(=O)=O)c1
CHEMBL449938,CCn1nnc2c(N3CCCC3=O)cc(C(=O)N[C@@H](Cc3ccccc3)[C@H](O)CNCc3cccc(C(F)(F)F)c3)cc21
CHEMBL508663,CCc1cn(C)c2c(N3CCCC3=O)cc(C(=O)N[C@@H](Cc3ccccc3)[C@H](O)CNCc3cccc(C(F)(F)F)c3)cc12
CHEMBL502289,CCNc1cc(C(=O)N[C@@H](Cc2ccccc2)[C@H](O)CNCc2cncc(C#N)c2)cc(N2CCCCS2(=O)=O)c1
CHEMBL403429,CCNc1cc(C(=O)N[C@@H](Cc2ccccc2)[C@H](O)CNCc2cccc(C(F)(F)F)c2)cc(N2CCCC2=O)c1
CHEMBL453841,CCNc1cc(C(=O)N[C@@H](Cc2ccccc2)[C@H](O)CNCc2cccc(C(F)(F)F)c2)cc(N2CCCC2=O)c1C
CHEMBL447120,CCc1coc2c(N3CCCC3=O)cc(C(=O)N[C@@H](Cc3ccccc3)[C@H](O)CNCc3cccc(C(F)(F)F)c3)cc12
CHEMBL443509,CCNc1cc(C(=O)N[C@@H](Cc2ccccc2)[C@H](O)CNCc2cccc(C(F)(F)F)c2)cc(N2CCCC2=O)c1OC
CHEMBL501958,CCc1ccnc2c(N3CCCC3=O)cc(C(=O)N[C@@H](Cc3ccccc3)[C@H](O)CNCc3cccc(C(F)(F)F)c3)cc12
CHEMBL253641,CCNc1cc(C(=O)N[C@@H](Cc2ccccc2)[C@H](O)CNCc2cccc(C(F)(F)F)c2)c(F)c(N2CCCCS2(=O)=O)c1
CHEMBL253641,CCNc1cc(C(=O)N[C@@H](Cc2ccccc2)[C@H](O)CNCc2cccc(C(F)(F)F)c2)c(F)c(N2CCCCS2(=O)=O)c1
CHEMBL445734,CCNc1cc(C(=O)N[C@@H](Cc2ccccc2)[C@H](O)CNCc2cccc(C(F)(F)F)c2)c(F)c(N2CCCC2=O)c1
CHEMBL399656,CCNc1cc(C(=O)N[C@@H](Cc2ccccc2)[C@H](O)CNCc2cnn(CC)c2)cc(N2CCCCS2(=O)=O)c1
CHEMBL270153,CCCN(CCC)C(=O)c1cc(C)cc(C(=O)N[C@@H](Cc2cc(F)cc(F)c2)[C@H](O)[C@H]2CCCCN2)c1
CHEMBL476216,CCCN(CCC)C(=O)c1cc(C)cc(C(=O)N[C@@H](Cc2cc(F)cc(F)c2)[C@H](O)[C@H]2CN(Cc3ccccc3Cl)CCN2)c1
CHEMBL455237,CCCN(CCC)C(=O)c1cc(C)cc(C(=O)N[C@@H](Cc2cc(F)cc(F)c2)[C@H](O)[C@H]2CN(Cc3ccccc3C#N)CCN2)c1
CHEMBL445721,CCCN(CCC)C(=O)c1cc(C)cc(C(=O)N[C@@H](Cc2cc(F)cc(F)c2)[C@H](O)[C@@H]2NCCN(Cc3ccccc3OC)C2=O)c1
CHEMBL507571,CCCN(CCC)C(=O)c1cc(C)cc(C(=O)N[C@@H](Cc2cc(F)cc(F)c2)[C@H](O)[C@@H]2NCCN(CC3CC3)C2=O)c1
CHEMBL507330,CCCN(CCC)C(=O)c1cc(C)cc(C(=O)N[C@@H](Cc2cc(F)cc(F)c2)[C@H](O)[C@@H]2NCCN(CC(C)C)C2=O)c1
CHEMBL451218,CCCN(CCC)C(=O)c1cc(C)cc(C(=O)N[C@@H](Cc2cc(F)cc(F)c2)[C@H](O)[C@@H]2NCCN(CCC)C2=O)c1
CHEMBL521912,CCCN(CCC)C(=O)c1cc(C)cc(C(=O)N[C@@H](Cc2cc(F)cc(F)c2)[C@H](O)[C@@H]2NCCN(CC)C2=O)c1
CHEMBL522924,CCCN(CCC)C(=O)c1cc(C)cc(C(=O)N[C@@H](Cc2cc(F)cc(F)c2)[C@H](O)[C@@H]2NCCN(C)C2=O)c1
CHEMBL489052,CCCN(CCC)C(=O)c1cc(C)cc(C(=O)N[C@@H](Cc2cc(F)cc(F)c2)[C@H](O)[C@@H]2NCCNC2=O)c1
CHEMBL502121,CCCN1CC(C(=O)N[C@@H](Cc2cc(F)cc(F)c2)[C@H](O)[C@@H]2NCCN(Cc3ccccc3)C2=O)CN(CCC)C1=O
CHEMBL508095,CCCN1CC(C(=O)N[C@@H](Cc2cc(F)cc(F)c2)[C@H](O)[C@@H]2NCCN(Cc3ccccc3)C2=O)N(C(C)C)C1=O
CHEMBL491660,CCCN1CC(C(=O)N[C@@H](Cc2cc(F)cc(F)c2)[C@H](O)[C@@H]2NCCN(Cc3ccccc3)C2=O)N(CC)C1=O
CHEMBL521794,COCCN1CC(C(=O)N[C@@H](Cc2cc(F)cc(F)c2)[C@H](O)[C@@H]2NCCN(Cc3ccccc3)C2=O)CC1=O
CHEMBL442847,O=C(N[C@@H](Cc1cc(F)cc(F)c1)[C@H](O)[C@@H]1NCCN(Cc2ccccc2)C1=O)C1CC(=O)N(Cc2ccccc2)C1
CHEMBL491659,O=C(N[C@@H](Cc1cc(F)cc(F)c1)[C@H](O)[C@@H]1NCCN(Cc2ccccc2)C1=O)C1CC(=O)N(CC2CC2)C1
CHEMBL445693,CCCCN1CC(C(=O)N[C@@H](Cc2cc(F)cc(F)c2)[C@H](O)[C@@H]2NCCN(Cc3ccccc3)C2=O)[C@@H](Cc2ccccc2)C1=O
CHEMBL522803,CCCCN1CC(C(=O)N[C@@H](Cc2cc(F)cc(F)c2)[C@H](O)[C@@H]2NCN(Cc3ccccc3)C2=O)[C@@H](CC)C1=O
CHEMBL454795,CCCCN1CC(C(=O)N[C@@H](Cc2cc(F)cc(F)c2)[C@H](O)[C@@H]2NCCN(Cc3ccccc3)C2=O)[C@@H](CC)C1=O
CHEMBL491265,CCCCN1CC(C(=O)N[C@@H](Cc2cc(F)cc(F)c2)[C@H](O)[C@@H]2NCN(Cc3ccccc3)C2=O)CC1=O
CHEMBL491071,CCCCN1CC(C(=O)N[C@@H](Cc2cc(F)cc(F)c2)[C@H](O)[C@@H]2NCCN(Cc3ccccc3)C2=O)CC1=O
CHEMBL490463,CCCN1CC(C(=O)N[C@@H](Cc2cc(F)cc(F)c2)[C@H](O)[C@@H]2NCCN(Cc3ccccc3)C2=O)CC1=O
CHEMBL511110,COC[C@H]1CCCN1C(=O)c1cncc(C(=O)N[C@@H](Cc2cc(F)cc(F)c2)[C@H](O)[C@@H]2NCCN(Cc3ccccc3)C2=O)c1
CHEMBL453413,COC[C@H]1CCCN1C(=O)c1cc(OC)cc(C(=O)N[C@@H](Cc2cc(F)cc(F)c2)[C@H](O)[C@@H]2NCCN(Cc3ccccc3)C2=O)c1
CHEMBL451950,COC[C@H]1CCCN1C(=O)c1cc(C)cc(C(=O)N[C@@H](Cc2cc(F)cc(F)c2)[C@H](O)[C@@H]2NCN(Cc3ccccc3)C2=O)c1
CHEMBL510659,COC[C@H]1CCCN1C(=O)c1cc(C)cc(C(=O)N[C@@H](Cc2cc(F)cc(F)c2)[C@H](O)[C@@H]2NCCN(Cc3ccccc3)C2=O)c1
CHEMBL507651,CCCN(CCC)C(=O)c1cc(C)cc(C(=O)N[C@@H](Cc2cc(F)cc(F)c2)[C@H](O)[C@@H]2NCN(Cc3ccccc3)C2=O)c1
CHEMBL509210,CCCN(CCC)C(=O)c1cc(C)cc(C(=O)N[C@@H](Cc2cc(F)cc(F)c2)[C@H](O)[C@@H]2NCCN(Cc3ccccc3)C2=O)c1
CHEMBL257278,CCCN(CCC)C(=O)c1cc(C)cc(C(=O)N[C@@H](Cc2cc(F)cc(F)c2)[C@H](O)[C@H]2C[C@@H](OCC)CCN2)c1
CHEMBL255194,CCCN(CCC)C(=O)c1cc(C)cc(C(=O)N[C@@H](Cc2cc(F)cc(F)c2)[C@H](O)[C@H]2C[C@@H](Cc3ccccc3)CCN2)c1
CHEMBL270153,CCCN(CCC)C(=O)c1cc(C)cc(C(=O)N[C@@H](Cc2cc(F)cc(F)c2)[C@H](O)[C@H]2CCCCN2)c1
CHEMBL454795,CCCCN1CC(C(=O)N[C@@H](Cc2cc(F)cc(F)c2)[C@H](O)[C@@H]2NCCN(Cc3ccccc3)C2=O)[C@@H](CC)C1=O
CHEMBL491071,CCCCN1CC(C(=O)N[C@@H](Cc2cc(F)cc(F)c2)[C@H](O)[C@@H]2NCCN(Cc3ccccc3)C2=O)CC1=O
CHEMBL511110,COC[C@H]1CCCN1C(=O)c1cncc(C(=O)N[C@@H](Cc2cc(F)cc(F)c2)[C@H](O)[C@@H]2NCCN(Cc3ccccc3)C2=O)c1
CHEMBL453413,COC[C@H]1CCCN1C(=O)c1cc(OC)cc(C(=O)N[C@@H](Cc2cc(F)cc(F)c2)[C@H](O)[C@@H]2NCCN(Cc3ccccc3)C2=O)c1
CHEMBL510659,COC[C@H]1CCCN1C(=O)c1cc(C)cc(C(=O)N[C@@H](Cc2cc(F)cc(F)c2)[C@H](O)[C@@H]2NCCN(Cc3ccccc3)C2=O)c1
CHEMBL509210,CCCN(CCC)C(=O)c1cc(C)cc(C(=O)N[C@@H](Cc2cc(F)cc(F)c2)[C@H](O)[C@@H]2NCCN(Cc3ccccc3)C2=O)c1
CHEMBL257278,CCCN(CCC)C(=O)c1cc(C)cc(C(=O)N[C@@H](Cc2cc(F)cc(F)c2)[C@H](O)[C@H]2C[C@@H](OCC)CCN2)c1
CHEMBL504438,CCNc1cc(C(=O)N[C@@H](Cc2ccccc2)[C@H](O)CNCc2cccc(C(F)(F)F)c2)cc(N2CCCCS2(=O)=O)c1.O=CO
CHEMBL504438,CCNc1cc(C(=O)N[C@@H](Cc2ccccc2)[C@H](O)CNCc2cccc(C(F)(F)F)c2)cc(N2CCCCS2(=O)=O)c1.O=CO
CHEMBL504438,CCNc1cc(C(=O)N[C@@H](Cc2ccccc2)[C@H](O)CNCc2cccc(C(F)(F)F)c2)cc(N2CCCCS2(=O)=O)c1.O=CO
CHEMBL493984,CCc1cn2c3c(cc(C(=O)N[C@@H](Cc4ccccc4)[C@H](O)CNC)cc13)N(C)S(=O)(=O)CC2.O=CO
CHEMBL523193,CCc1cn2c3c(cc(C(=O)N[C@@H](Cc4ccccc4)[C@H](O)CNC4CC4)cc13)N(C)S(=O)(=O)CC2
CHEMBL500275,CCc1cn2c3c(cc(C(=O)N[C@@H](Cc4ccccc4)[C@H](O)CNC(C)(C)CCCC(C)C)cc13)N(C)S(=O)(=O)CC2.O=CO
CHEMBL504197,CCc1cn2c3c(cc(C(=O)N[C@@H](Cc4ccccc4)[C@H](O)CNC4CCCCC4)cc13)N(C)S(=O)(=O)CC2.O=CO
CHEMBL448945,CCc1cn2c3c(cc(C(=O)N[C@@H](Cc4ccccc4)[C@H](O)CNCc4ccccc4)cc13)N(C)S(=O)(=O)CC2.O=CO
CHEMBL446972,CCc1cn2c3c(cc(C(=O)N[C@@H](Cc4ccccc4)[C@H](O)CNCc4cccc(C(F)(F)F)c4)cc13)N(C)S(=O)(=O)CC2.O=CO
CHEMBL493807,CCNc1cc(C(=O)N[C@@H](Cc2ccccc2)[C@H](O)CNC)cc(N2CCCCS2(=O)=O)c1.Cl
CHEMBL493637,CCNc1cc(C(=O)N[C@@H](Cc2ccccc2)[C@H](O)CNC2CC2)cc(N2CCCCS2(=O)=O)c1.O=CO
CHEMBL501068,CC(=O)O.CCNc1cc(C(=O)N[C@@H](Cc2ccccc2)[C@H](O)CNC(C)(C)CCCC(C)C)cc(N2CCCCS2(=O)=O)c1
CHEMBL454420,CCNc1cc(C(=O)N[C@@H](Cc2ccccc2)[C@H](O)CNC2CCCCC2)cc(N2CCCCS2(=O)=O)c1.O=CO
CHEMBL510865,CCNc1cc(C(=O)N[C@@H](Cc2ccccc2)[C@H](O)CNCc2ccccc2)cc(N2CCCCS2(=O)=O)c1.O=CO
CHEMBL493984,CCc1cn2c3c(cc(C(=O)N[C@@H](Cc4ccccc4)[C@H](O)CNC)cc13)N(C)S(=O)(=O)CC2.O=CO
CHEMBL523193,CCc1cn2c3c(cc(C(=O)N[C@@H](Cc4ccccc4)[C@H](O)CNC4CC4)cc13)N(C)S(=O)(=O)CC2
CHEMBL500275,CCc1cn2c3c(cc(C(=O)N[C@@H](Cc4ccccc4)[C@H](O)CNC(C)(C)CCCC(C)C)cc13)N(C)S(=O)(=O)CC2.O=CO
CHEMBL504197,CCc1cn2c3c(cc(C(=O)N[C@@H](Cc4ccccc4)[C@H](O)CNC4CCCCC4)cc13)N(C)S(=O)(=O)CC2.O=CO
CHEMBL448945,CCc1cn2c3c(cc(C(=O)N[C@@H](Cc4ccccc4)[C@H](O)CNCc4ccccc4)cc13)N(C)S(=O)(=O)CC2.O=CO
CHEMBL446972,CCc1cn2c3c(cc(C(=O)N[C@@H](Cc4ccccc4)[C@H](O)CNCc4cccc(C(F)(F)F)c4)cc13)N(C)S(=O)(=O)CC2.O=CO
CHEMBL501068,CC(=O)O.CCNc1cc(C(=O)N[C@@H](Cc2ccccc2)[C@H](O)CNC(C)(C)CCCC(C)C)cc(N2CCCCS2(=O)=O)c1
CHEMBL454420,CCNc1cc(C(=O)N[C@@H](Cc2ccccc2)[C@H](O)CNC2CCCCC2)cc(N2CCCCS2(=O)=O)c1.O=CO
CHEMBL510865,CCNc1cc(C(=O)N[C@@H](Cc2ccccc2)[C@H](O)CNCc2ccccc2)cc(N2CCCCS2(=O)=O)c1.O=CO
CHEMBL493984,CCc1cn2c3c(cc(C(=O)N[C@@H](Cc4ccccc4)[C@H](O)CNC)cc13)N(C)S(=O)(=O)CC2.O=CO
CHEMBL523193,CCc1cn2c3c(cc(C(=O)N[C@@H](Cc4ccccc4)[C@H](O)CNC4CC4)cc13)N(C)S(=O)(=O)CC2
CHEMBL500275,CCc1cn2c3c(cc(C(=O)N[C@@H](Cc4ccccc4)[C@H](O)CNC(C)(C)CCCC(C)C)cc13)N(C)S(=O)(=O)CC2.O=CO
CHEMBL504197,CCc1cn2c3c(cc(C(=O)N[C@@H](Cc4ccccc4)[C@H](O)CNC4CCCCC4)cc13)N(C)S(=O)(=O)CC2.O=CO
CHEMBL448945,CCc1cn2c3c(cc(C(=O)N[C@@H](Cc4ccccc4)[C@H](O)CNCc4ccccc4)cc13)N(C)S(=O)(=O)CC2.O=CO
CHEMBL446972,CCc1cn2c3c(cc(C(=O)N[C@@H](Cc4ccccc4)[C@H](O)CNCc4cccc(C(F)(F)F)c4)cc13)N(C)S(=O)(=O)CC2.O=CO
CHEMBL501068,CC(=O)O.CCNc1cc(C(=O)N[C@@H](Cc2ccccc2)[C@H](O)CNC(C)(C)CCCC(C)C)cc(N2CCCCS2(=O)=O)c1
CHEMBL454420,CCNc1cc(C(=O)N[C@@H](Cc2ccccc2)[C@H](O)CNC2CCCCC2)cc(N2CCCCS2(=O)=O)c1.O=CO
CHEMBL510865,CCNc1cc(C(=O)N[C@@H](Cc2ccccc2)[C@H](O)CNCc2ccccc2)cc(N2CCCCS2(=O)=O)c1.O=CO
CHEMBL521845,Cc1ccccc1-c1cccc(CN2CCC3(CC2)C(NC2CCCCC2)=NC(=O)N3c2cccc(F)c2)c1
CHEMBL509188,CC(C)C[C@H](NC(=O)[C@H](CC(N)=O)NC(=O)[C@@H](N)C(C)C)[C@@H](O)C[C@@H](C)C(=O)N[C@@H](C)C(=O)N[C@@H](CCC(=O)O)C(=O)N[C@@H](Cc1ccccc1)C(=O)O
CHEMBL78946,CC(C)C[C@H](NC(=O)[C@H](CC(N)=O)NC(=O)[C@@H](NC(=O)[C@@H](N)CCC(=O)O)C(C)C)[C@@H](O)C[C@@H](C)C(=O)N[C@@H](C)C(=O)N[C@@H](CCC(=O)O)C(=O)N[C@@H](Cc1ccccc1)C(=O)O
CHEMBL445804,CSCC[C@H](NC(=O)[C@@H](NC(=O)OC(C)(C)C)C(C)C)C(=O)N[C@@H](CC(C)C)[C@@H](O)C[C@@H](C)C(=O)N[C@H](C(=O)NCC(C)C)C(C)C
CHEMBL182892,CC(C)C[C@H](NC(=O)[C@@H]1CC(=O)NC/C=C/CCCOC(=O)N[C@@H](C(C)C)C(=O)N1)[C@@H](O)C[C@@H](C)C(=O)N[C@H](C(=O)NCc1ccccc1)C(C)C
CHEMBL448008,Cc1cc(C)n(COC(=O)N[C@@H](CS(C)(=O)=O)C(=O)N[C@@H](CC(C)C)[C@@H](O)C[C@@H](C)C(=O)N[C@H](C(=O)NCC(C)C)C(C)C)n1
CHEMBL449300,Cc1nc(COC(=O)N[C@@H](CS(C)(=O)=O)C(=O)N[C@@H](CC(C)C)[C@@H](O)C[C@@H](C)C(=O)N[C@H](C(=O)NCC(C)C)C(C)C)c(C)o1
CHEMBL443909,CC(C)[C@H](NC(=O)C[C@H](O)[C@H](COCc1ccccc1)NC(=O)c1cc(C(=O)N[C@H](C)c2ccccc2)cc(N(C)S(C)(=O)=O)c1)C(=O)NCc1ccc(C(=O)O)cc1
CHEMBL506759,CC(C)[C@H](NC(=O)C[C@H](O)[C@H](COCc1cc(F)cc(F)c1)NC(=O)c1cc(C(=O)N[C@H](C)c2ccccc2)cc(N(C)S(C)(=O)=O)c1)C(=O)NCc1ccc(C(=O)O)cc1
CHEMBL444121,CC(C)[C@H](NC(=O)C[C@H](O)[C@H](COc1ccccc1)NC(=O)c1cc(C(=O)N[C@H](C)c2ccccc2)cc(N(C)S(C)(=O)=O)c1)C(=O)NCc1ccc(C(=O)O)cc1
CHEMBL450491,CC(C)[C@H](NC(=O)C[C@H](O)[C@H](COc1cc(F)cc(F)c1)NC(=O)c1cc(C(=O)N[C@H](C)c2ccccc2)cc(N(C)S(C)(=O)=O)c1)C(=O)NCc1ccc(C(=O)O)cc1
CHEMBL455548,COC(=O)c1ccc(CNC(=O)[C@@H](NC(=O)C[C@H](O)[C@H](COc2cc(F)cc(F)c2)NC(=O)c2cc(C(=O)N[C@H](C)c3ccccc3)cc(N(C)S(C)(=O)=O)c2)C(C)C)cc1
CHEMBL500251,CC(C)[C@H](NC(=O)C[C@H](O)[C@H](COc1cc(F)cc(F)c1)NC(=O)c1cc(C(=O)N[C@H](C)c2ccccc2)cc(N(C)S(C)(=O)=O)c1)C(=O)Nc1ccc(C(=O)O)cc1
CHEMBL445085,CC(C)[C@H](NC(=O)C[C@H](O)[C@H](COc1cc(F)cc(F)c1)NC(=O)c1cc(C(=O)N[C@H](C)c2ccccc2)cc(N(C)S(C)(=O)=O)c1)C(=O)NCc1ccccc1
CHEMBL464887,CC(C)[C@H](NC(=O)C[C@H](O)[C@H](COCc1ccccc1)NC(=O)c1cc(C(=O)N[C@H](C)c2ccccc2)cc(N(C)S(C)(=O)=O)c1)C(=O)Nc1cc(C(=O)O)cc(C(=O)O)c1
CHEMBL504140,CC(C)[C@H](NC(=O)C[C@H](O)[C@H](COCc1cc(F)cc(F)c1)NC(=O)c1cc(C(=O)N[C@H](C)c2ccccc2)cc(N(C)S(C)(=O)=O)c1)C(=O)Nc1cc(C(=O)O)cc(C(=O)O)c1
CHEMBL500876,CC(C)[C@H](NC(=O)C[C@H](O)[C@H](COc1cc(F)cc(F)c1)NC(=O)c1cc(C(=O)N[C@H](C)c2ccccc2)cc(N(C)S(C)(=O)=O)c1)C(=O)Nc1cc(C(=O)O)cc(C(=O)O)c1
CHEMBL508810,COC(=O)c1cc(NC(=O)[C@@H](NC(=O)C[C@H](O)[C@H](COc2cc(F)cc(F)c2)NC(=O)c2cc(C(=O)N[C@H](C)c3ccccc3)cc(N(C)S(C)(=O)=O)c2)C(C)C)cc(C(=O)OC)c1
CHEMBL399839,O=C(N[C@@H](Cc1ccccc1)[C@H](O)C(=O)Nc1cccc(-c2nn[nH]n2)c1)c1cccc(C(=O)N2COC[C@@H]2c2ccccc2)n1
CHEMBL399840,CS(=O)(=O)Oc1cc(C(=O)N[C@@H](Cc2ccccc2)[C@H](O)C(=O)Nc2cccc(-c3nn[nH]n3)c2)nc(C(=O)N2COC[C@@H]2c2ccccc2)c1
CHEMBL448015,O=C(N[C@@H](Cc1ccccc1)[C@H](O)C(=O)Nc1cccc(-c2nn[nH]n2)c1)c1cc(Cl)cc(C(=O)N2COC[C@@H]2c2ccccc2)n1
CHEMBL445281,O=C(N[C@@H](Cc1ccccc1)[C@H](O)C(=O)Nc1cccc(-c2nn[nH]n2)c1)c1cc(Br)cc(C(=O)N2COC[C@@H]2c2ccccc2)n1
CHEMBL504917,O=C(N[C@@H](Cc1ccccc1)[C@H](O)C(=O)Nc1cccc(-c2nn[nH]n2)c1)c1cc(I)cc(C(=O)N2COC[C@@H]2c2ccccc2)n1
CHEMBL501242,O=C(N[C@@H](Cc1ccccc1)[C@H](O)C(=O)Nc1cccc(-c2nn[nH]n2)c1)c1cc(Cl)cc(C(=O)N2COC[C@@H]2c2ccc(F)cc2)n1
CHEMBL453211,O=C(N[C@@H](Cc1ccccc1)[C@H](O)C(=O)Nc1cccc(-c2nn[nH]n2)c1)c1cc(Br)cc(C(=O)N2COC[C@@H]2c2ccc(F)cc2)n1
CHEMBL507541,O=C(N[C@@H](Cc1ccccc1)[C@H](O)C(=O)Nc1cccc(-c2nn[nH]n2)c1)c1cc(I)cc(C(=O)N2COC[C@@H]2c2ccc(F)cc2)n1
CHEMBL400043,O=C(N[C@@H](Cc1ccccc1)[C@H](O)C(=O)Nc1cccc(-c2nn[nH]n2)c1)c1cc(=O)cc(C(=O)N2COC[C@@H]2c2ccccc2)o1
CHEMBL78946,CC(C)C[C@H](NC(=O)[C@H](CC(N)=O)NC(=O)[C@@H](NC(=O)[C@@H](N)CCC(=O)O)C(C)C)[C@@H](O)C[C@@H](C)C(=O)N[C@@H](C)C(=O)N[C@@H](CCC(=O)O)C(=O)N[C@@H](Cc1ccccc1)C(=O)O
CHEMBL498966,C[C@@H](NC(=O)c1cc(C(=O)N[C@@H](Cc2ccccc2)[C@H](O)CNCCC2CCN(Cc3ccccc3)CC2)cc(N(C)S(C)(=O)=O)c1)c1ccc(F)cc1
CHEMBL502172,C[C@@H](NC(=O)c1cc(C(=O)N[C@@H](Cc2ccccc2)[C@H](O)CNC2CCN(Cc3ccccc3)CC2)cc(N(C)S(C)(=O)=O)c1)c1ccccc1
CHEMBL510269,C[C@@H](NC(=O)c1cc(C(=O)N[C@@H](Cc2ccccc2)[C@H](O)CNCCC2CCN(Cc3ccccc3)CC2)cc(N(C)S(C)(=O)=O)c1)c1ccccc1
CHEMBL533064,CCc1cn2c3c(cc(C(=O)N[C@@H](Cc4ccccc4)[C@H](O)CNC4CC4)cc13)N(CC)S(=O)(=O)CC2
CHEMBL558582,CCc1cn2c3c(cc(C(=O)N[C@@H](Cc4ccccc4)[C@H](O)CNC4CCCCC4)cc13)N(CC)S(=O)(=O)CC2
CHEMBL537300,CCc1cn2c3c(cc(C(=O)N[C@@H](Cc4ccccc4)[C@H](O)CNC4CCOCC4)cc13)N(CC(F)(F)F)S(=O)(=O)CC2
CHEMBL553387,CCc1cn2c3c(cc(C(=O)N[C@@H](Cc4ccccc4)[C@H](O)CNC4CCOCC4)cc13)N(C(C)C)S(=O)(=O)CC2
CHEMBL562555,CCc1cn2c3c(cc(C(=O)N[C@@H](Cc4ccccc4)[C@H](O)CNC4CCOCC4)cc13)N(CC)S(=O)(=O)CC2
CHEMBL540685,CCc1cn2c3c(cc(C(=O)N[C@@H](Cc4ccccc4)[C@H](O)CNCc4cccc(OC)c4)cc13)NS(=O)(=O)CC2
CHEMBL562554,CCc1cn2c3c(cc(C(=O)N[C@@H](Cc4ccccc4)[C@H](O)CNC)cc13)N(C)S(=O)(=O)CC2
CHEMBL561961,CCc1cn2c3c(cc(C(=O)N[C@@H](Cc4ccccc4)[C@H](O)CNC4CCCCC4)cc13)N(C)S(=O)(=O)CC2
CHEMBL541757,CCc1cn2c3c(cc(C(=O)N[C@@H](Cc4ccccc4)[C@H](O)CNC(C)(C)CCCC(C)C)cc13)N(C)S(=O)(=O)CC2
CHEMBL535008,CCc1cn2c3c(cc(C(=O)N[C@@H](Cc4ccccc4)[C@H](O)CNC(C)(C)CCCC(C)C)cc13)N(C)S(=O)(=O)C2
CHEMBL539436,CCc1cn2c3c(cc(C(=O)N[C@@H](Cc4ccccc4)[C@H](O)CNCc4cccc(OC)c4)cc13)N(C)S(=O)(=O)CC2
CHEMBL523193,CCc1cn2c3c(cc(C(=O)N[C@@H](Cc4ccccc4)[C@H](O)CNC4CC4)cc13)N(C)S(=O)(=O)CC2
CHEMBL560894,CCNc1cc(C(=O)N[C@@H](Cc2ccccc2)[C@H](O)CNCCC(F)(F)F)cc2c1CCCS(=O)(=O)N2C
CHEMBL560092,CCc1cn2c3c(cc(C(=O)N[C@@H](Cc4ccccc4)[C@H](O)CNCCC(F)(F)F)cc13)N(C)S(=O)(=O)CC2
CHEMBL560612,CCc1cn2c3c(cc(C(=O)N[C@@H](Cc4ccccc4)[C@H](O)CNC4CCOCC4)cc13)N(C)S(=O)(=O)CC2
CHEMBL553699,CCNc1cc(C(=O)N[C@@H](Cc2ccccc2)[C@H](O)CNCc2cccc(C(F)(F)F)c2)cc2c1CCCS(=O)(=O)N2C
CHEMBL3707011,CCN1CCN2CCS(=O)(=O)N(C)c3cc(C(=O)N[C@@H](Cc4ccccc4)[C@H](O)CNCc4cccc(C(F)(F)F)c4)cc1c32
CHEMBL554349,CCc1cn2c3c(cc(C(=O)N[C@@H](Cc4ccccc4)[C@H](O)CNCc4cccc(C(F)(F)F)c4)cc13)N(C)S(=O)(=O)CC2
CHEMBL401473,CCNc1cc(C(=O)N[C@@H](Cc2ccccc2)[C@H](O)CNCc2cccc(C(F)(F)F)c2)cc(N2CCCCS2(=O)=O)c1
CHEMBL533064,CCc1cn2c3c(cc(C(=O)N[C@@H](Cc4ccccc4)[C@H](O)CNC4CC4)cc13)N(CC)S(=O)(=O)CC2
CHEMBL558582,CCc1cn2c3c(cc(C(=O)N[C@@H](Cc4ccccc4)[C@H](O)CNC4CCCCC4)cc13)N(CC)S(=O)(=O)CC2
CHEMBL537300,CCc1cn2c3c(cc(C(=O)N[C@@H](Cc4ccccc4)[C@H](O)CNC4CCOCC4)cc13)N(CC(F)(F)F)S(=O)(=O)CC2
CHEMBL553387,CCc1cn2c3c(cc(C(=O)N[C@@H](Cc4ccccc4)[C@H](O)CNC4CCOCC4)cc13)N(C(C)C)S(=O)(=O)CC2
CHEMBL562555,CCc1cn2c3c(cc(C(=O)N[C@@H](Cc4ccccc4)[C@H](O)CNC4CCOCC4)cc13)N(CC)S(=O)(=O)CC2
CHEMBL540685,CCc1cn2c3c(cc(C(=O)N[C@@H](Cc4ccccc4)[C@H](O)CNCc4cccc(OC)c4)cc13)NS(=O)(=O)CC2
CHEMBL553938,CCc1cn2c3c(cc(C(=O)N[C@@H](Cc4ccccc4)[C@H](O)CNc4ccc(OC)cc4)cc13)NS(=O)(=O)CCC2
CHEMBL562554,CCc1cn2c3c(cc(C(=O)N[C@@H](Cc4ccccc4)[C@H](O)CNC)cc13)N(C)S(=O)(=O)CC2
CHEMBL561838,CCc1cn2c3c(cc(C(=O)N[C@@H](Cc4ccccc4)[C@H](O)CNC)cc13)N(C)S(=O)(=O)C2
CHEMBL561961,CCc1cn2c3c(cc(C(=O)N[C@@H](Cc4ccccc4)[C@H](O)CNC4CCCCC4)cc13)N(C)S(=O)(=O)CC2
CHEMBL537797,CCc1cn2c3c(cc(C(=O)N[C@@H](Cc4ccccc4)[C@H](O)CNC4CCCCC4)cc13)N(C)S(=O)(=O)C2
CHEMBL541757,CCc1cn2c3c(cc(C(=O)N[C@@H](Cc4ccccc4)[C@H](O)CNC(C)(C)CCCC(C)C)cc13)N(C)S(=O)(=O)CC2
CHEMBL535008,CCc1cn2c3c(cc(C(=O)N[C@@H](Cc4ccccc4)[C@H](O)CNC(C)(C)CCCC(C)C)cc13)N(C)S(=O)(=O)C2
CHEMBL539436,CCc1cn2c3c(cc(C(=O)N[C@@H](Cc4ccccc4)[C@H](O)CNCc4cccc(OC)c4)cc13)N(C)S(=O)(=O)CC2
CHEMBL556747,CCc1cn2c3c(cc(C(=O)N[C@@H](Cc4ccccc4)[C@H](O)CNCc4cccc(OC)c4)cc13)N(C)S(=O)(=O)C2
CHEMBL3707005,CCNc1cc(C(=O)N[C@@H](Cc2ccccc2)[C@H](O)CNC2CC2)cc2c1CCCS(=O)(=O)N2C
CHEMBL523193,CCc1cn2c3c(cc(C(=O)N[C@@H](Cc4ccccc4)[C@H](O)CNC4CC4)cc13)N(C)S(=O)(=O)CC2
CHEMBL561021,CCNc1cc(C(=O)N[C@@H](Cc2ccccc2)[C@H](O)CNC2CC2)cc(N2CCCCS2(=O)=O)c1
CHEMBL560894,CCNc1cc(C(=O)N[C@@H](Cc2ccccc2)[C@H](O)CNCCC(F)(F)F)cc2c1CCCS(=O)(=O)N2C
CHEMBL560092,CCc1cn2c3c(cc(C(=O)N[C@@H](Cc4ccccc4)[C@H](O)CNCCC(F)(F)F)cc13)N(C)S(=O)(=O)CC2
CHEMBL564712,CCNc1cc(C(=O)N[C@@H](Cc2ccccc2)[C@H](O)CNC2CCOCC2)cc2c1CCCS(=O)(=O)N2C
CHEMBL560612,CCc1cn2c3c(cc(C(=O)N[C@@H](Cc4ccccc4)[C@H](O)CNC4CCOCC4)cc13)N(C)S(=O)(=O)CC2
CHEMBL560497,CCNc1cc(C(=O)N[C@@H](Cc2ccccc2)[C@H](O)CNC2CCOCC2)cc(N2CCCCS2(=O)=O)c1
CHEMBL553699,CCNc1cc(C(=O)N[C@@H](Cc2ccccc2)[C@H](O)CNCc2cccc(C(F)(F)F)c2)cc2c1CCCS(=O)(=O)N2C
CHEMBL3707011,CCN1CCN2CCS(=O)(=O)N(C)c3cc(C(=O)N[C@@H](Cc4ccccc4)[C@H](O)CNCc4cccc(C(F)(F)F)c4)cc1c32
CHEMBL554349,CCc1cn2c3c(cc(C(=O)N[C@@H](Cc4ccccc4)[C@H](O)CNCc4cccc(C(F)(F)F)c4)cc13)N(C)S(=O)(=O)CC2
CHEMBL401473,CCNc1cc(C(=O)N[C@@H](Cc2ccccc2)[C@H](O)CNCc2cccc(C(F)(F)F)c2)cc(N2CCCCS2(=O)=O)c1
CHEMBL558471,CCn1cc2c3c(cc(C(=O)N[C@@H](Cc4ccccc4)C(=O)CNC4CCOCC4)cc31)N(C)S(=O)(=O)CC2
CHEMBL540757,CCn1cc2c3c(cc(C(=O)N[C@@H](Cc4ccccc4)[C@H](O)CNCC(F)F)cc31)N(C)S(=O)(=O)CC2
CHEMBL562487,CCn1cc2c3c(cc(C(=O)N[C@@H](Cc4ccccc4)[C@H](O)CNCCF)cc31)N(C)S(=O)(=O)CC2
CHEMBL562703,CCc1cn2c3c(cc(C(=O)N[C@@H](Cc4ccccc4)[C@H](O)CNCCF)cc13)N(C)S(=O)(=O)CC2
CHEMBL558273,CCCNC[C@@H](O)[C@H](Cc1ccccc1)NC(=O)c1cc2c3c(cn(CC)c3c1)CCS(=O)(=O)N2C
CHEMBL523193,CCc1cn2c3c(cc(C(=O)N[C@@H](Cc4ccccc4)[C@H](O)CNC4CC4)cc13)N(C)S(=O)(=O)CC2
CHEMBL550208,CCn1cc2c3c(cc(C(=O)N[C@@H](Cc4ccccc4)[C@H](O)CNC4CC4)cc31)N(C)S(=O)(=O)CC2
CHEMBL534410,CCNC[C@@H](O)[C@H](Cc1ccccc1)NC(=O)c1cc2c3c(c1)c(CC)cn3CCS(=O)(=O)N2C
CHEMBL549458,CCNC[C@@H](O)[C@H](Cc1ccccc1)NC(=O)c1cc2c3c(cn(CC)c3c1)CCS(=O)(=O)N2C
CHEMBL562290,C#CCNC[C@@H](O)[C@H](Cc1ccccc1)NC(=O)c1cc2c3c(c1)c(CC)cn3CCS(=O)(=O)N2C
CHEMBL554281,C#CCNC[C@@H](O)[C@H](Cc1ccccc1)NC(=O)c1cc2c3c(cn(CC)c3c1)CCS(=O)(=O)N2C
CHEMBL556660,CCc1cn2c3c(cc(C(=O)N[C@@H](Cc4ccccc4)[C@H](O)CN[C@H](C)CC)cc13)N(C)S(=O)(=O)CC2
CHEMBL556453,CC[C@@H](C)NC[C@@H](O)[C@H](Cc1ccccc1)NC(=O)c1cc2c3c(cn(CC)c3c1)CCS(=O)(=O)N2C
CHEMBL560092,CCc1cn2c3c(cc(C(=O)N[C@@H](Cc4ccccc4)[C@H](O)CNCCC(F)(F)F)cc13)N(C)S(=O)(=O)CC2
CHEMBL564530,CCn1cc2c3c(cc(C(=O)N[C@@H](Cc4ccccc4)[C@H](O)CNCCC(F)(F)F)cc31)N(C)S(=O)(=O)CC2
CHEMBL560612,CCc1cn2c3c(cc(C(=O)N[C@@H](Cc4ccccc4)[C@H](O)CNC4CCOCC4)cc13)N(C)S(=O)(=O)CC2
CHEMBL559355,CCn1cc2c3c(cc(C(=O)N[C@@H](Cc4ccccc4)[C@H](O)CNC4CCOCC4)cc31)N(C)S(=O)(=O)CC2
CHEMBL558471,CCn1cc2c3c(cc(C(=O)N[C@@H](Cc4ccccc4)C(=O)CNC4CCOCC4)cc31)N(C)S(=O)(=O)CC2
CHEMBL523193,CCc1cn2c3c(cc(C(=O)N[C@@H](Cc4ccccc4)[C@H](O)CNC4CC4)cc13)N(C)S(=O)(=O)CC2
CHEMBL560151,CCn1cc2c3c(cc(C(=O)N[C@@H](Cc4ccccc4)[C@H](O)CNc4ccccc4)cc31)N(C)S(=O)(=O)CC2
CHEMBL540758,CCn1cc2c3c(cc(C(=O)N[C@@H](Cc4ccccc4)[C@H](O)CNCC(F)(F)F)cc31)N(C)S(=O)(=O)CC2
CHEMBL540757,CCn1cc2c3c(cc(C(=O)N[C@@H](Cc4ccccc4)[C@H](O)CNCC(F)F)cc31)N(C)S(=O)(=O)CC2
CHEMBL563114,CCn1cc2c3c(cc(C(=O)N[C@@H](Cc4ccccc4)[C@H](O)CNCC(F)(F)C(F)(F)F)cc31)N(C)S(=O)(=O)CC2
CHEMBL562487,CCn1cc2c3c(cc(C(=O)N[C@@H](Cc4ccccc4)[C@H](O)CNCCF)cc31)N(C)S(=O)(=O)CC2
CHEMBL562703,CCc1cn2c3c(cc(C(=O)N[C@@H](Cc4ccccc4)[C@H](O)CNCCF)cc13)N(C)S(=O)(=O)CC2
CHEMBL558273,CCCNC[C@@H](O)[C@H](Cc1ccccc1)NC(=O)c1cc2c3c(cn(CC)c3c1)CCS(=O)(=O)N2C
CHEMBL556087,CCc1cn2c3c(cc(C(=O)N[C@@H](Cc4ccccc4)[C@H](O)CNC4CC4)cc13)OS(=O)(=O)CC2
CHEMBL559954,CCc1cn2c3c(cc(C(=O)N[C@@H](Cc4ccccc4)[C@H](O)CNCC4CCOCC4)cc13)OS(=O)(=O)CC2
CHEMBL554146,CCc1cn2c3c(cc(C(=O)N[C@@H](Cc4ccccc4)[C@H](O)CNCc4cccc(C(F)(F)F)c4)cc13)OS(=O)(=O)CC2
CHEMBL554349,CCc1cn2c3c(cc(C(=O)N[C@@H](Cc4ccccc4)[C@H](O)CNCc4cccc(C(F)(F)F)c4)cc13)N(C)S(=O)(=O)CC2
CHEMBL550208,CCn1cc2c3c(cc(C(=O)N[C@@H](Cc4ccccc4)[C@H](O)CNC4CC4)cc31)N(C)S(=O)(=O)CC2
CHEMBL534410,CCNC[C@@H](O)[C@H](Cc1ccccc1)NC(=O)c1cc2c3c(c1)c(CC)cn3CCS(=O)(=O)N2C
CHEMBL549458,CCNC[C@@H](O)[C@H](Cc1ccccc1)NC(=O)c1cc2c3c(cn(CC)c3c1)CCS(=O)(=O)N2C
CHEMBL562290,C#CCNC[C@@H](O)[C@H](Cc1ccccc1)NC(=O)c1cc2c3c(c1)c(CC)cn3CCS(=O)(=O)N2C
CHEMBL554281,C#CCNC[C@@H](O)[C@H](Cc1ccccc1)NC(=O)c1cc2c3c(cn(CC)c3c1)CCS(=O)(=O)N2C
CHEMBL556660,CCc1cn2c3c(cc(C(=O)N[C@@H](Cc4ccccc4)[C@H](O)CN[C@H](C)CC)cc13)N(C)S(=O)(=O)CC2
CHEMBL556453,CC[C@@H](C)NC[C@@H](O)[C@H](Cc1ccccc1)NC(=O)c1cc2c3c(cn(CC)c3c1)CCS(=O)(=O)N2C
CHEMBL560092,CCc1cn2c3c(cc(C(=O)N[C@@H](Cc4ccccc4)[C@H](O)CNCCC(F)(F)F)cc13)N(C)S(=O)(=O)CC2
CHEMBL564530,CCn1cc2c3c(cc(C(=O)N[C@@H](Cc4ccccc4)[C@H](O)CNCCC(F)(F)F)cc31)N(C)S(=O)(=O)CC2
CHEMBL560612,CCc1cn2c3c(cc(C(=O)N[C@@H](Cc4ccccc4)[C@H](O)CNC4CCOCC4)cc13)N(C)S(=O)(=O)CC2
CHEMBL559355,CCn1cc2c3c(cc(C(=O)N[C@@H](Cc4ccccc4)[C@H](O)CNC4CCOCC4)cc31)N(C)S(=O)(=O)CC2
CHEMBL551980,CCCN(CCC)C(=O)c1cccc(C(=O)N[C@@H](Cc2cc(F)cc(F)c2)[C@H](O)CNCc2cccc(OC)c2)c1
CHEMBL538636,CCCN(CCC)C(=O)c1cc(C(C)=O)cc(C(=O)N[C@@H](Cc2cc(F)cc(F)c2)[C@H](O)CNCc2cccc(OC)c2)c1
CHEMBL540729,CCCN(CCC)C(=O)c1cc(C(=O)N[C@@H](Cc2cc(F)cc(F)c2)[C@H](O)CNCc2cccc(OC)c2)cc(/C(C)=N\O)c1
CHEMBL555517,CCCN(CCC)C(=O)c1cc(C(=O)N[C@@H](Cc2cc(F)cc(F)c2)[C@H](O)CNCc2cccc(OC)c2)cc(/C(C)=N\OC)c1
CHEMBL541736,C=CCO/N=C(/C)c1cc(C(=O)N[C@@H](Cc2cc(F)cc(F)c2)[C@H](O)CNCc2cccc(OC)c2)cc(C(=O)N(CCC)CCC)c1
CHEMBL540730,CCCN(CCC)C(=O)c1cc(C(=O)N[C@@H](Cc2cc(F)cc(F)c2)[C@H](O)CNCc2cccc(OC)c2)cc(/C(C)=N\OCC(C)C)c1
CHEMBL539972,CCCN(CCC)C(=O)c1cc(C(=O)N[C@@H](Cc2cc(F)cc(F)c2)[C@H](O)CNCc2cccc(OC)c2)cc(/C(C)=N\OCc2ccccc2)c1
CHEMBL539973,CCCN(CCC)C(=O)c1cc(C(=O)N[C@@H](Cc2cc(F)cc(F)c2)[C@H](O)CNCc2cccc(OC)c2)cc(C(C)O)c1
CHEMBL552743,CCCN(CCC)C(=O)c1cc(CC(C)O)cc(C(=O)N[C@@H](Cc2cc(F)cc(F)c2)[C@H](O)CNCc2cccc(OC)c2)c1
CHEMBL539465,CCCN(CCC)C(=O)c1cc(CCO)cc(C(=O)N[C@@H](Cc2cc(F)cc(F)c2)[C@H](O)CNCc2cccc(OC)c2)c1
CHEMBL553456,CCCN(CCC)C(=O)c1cc(C(=O)N[C@@H](Cc2cc(F)cc(F)c2)[C@H](O)CNCc2cccc(OC)c2)cc(C(C)N)c1
CHEMBL539466,CCCN(CCC)C(=O)c1cc(C(=O)N[C@@H](Cc2cc(F)cc(F)c2)[C@H](O)CNCc2cccc(OC)c2)cc(C(C)NC(C)=O)c1
CHEMBL541170,COc1cccc(CNC[C@@H](O)[C@H](Cc2cc(F)cc(F)c2)NC(=O)c2cccc(C(=O)N[C@H](C)c3ccccc3)c2)c1
CHEMBL538637,COc1cccc(CNC[C@@H](O)[C@H](Cc2cc(F)cc(F)c2)NC(=O)c2cc(C(C)=O)cc(C(=O)N[C@H](C)c3ccccc3)c2)c1
CHEMBL553457,COc1cccc(CNC[C@@H](O)[C@H](Cc2cc(F)cc(F)c2)NC(=O)c2cc(C(=O)N[C@H](C)c3ccccc3)cc(C(C)O)c2)c1
CHEMBL558938,CO/N=C(/C)c1cc(C(=O)N[C@@H](Cc2cc(F)cc(F)c2)[C@H](O)CNCc2cccc(OC)c2)cc(C(=O)N[C@H](C)c2ccccc2)c1
CHEMBL553424,C=CCO/N=C(/C)c1cc(C(=O)N[C@@H](Cc2cc(F)cc(F)c2)[C@H](O)CNCc2cccc(OC)c2)cc(C(=O)N[C@H](C)c2ccccc2)c1
CHEMBL555435,COc1cccc(CNC[C@@H](O)[C@H](Cc2cc(F)cc(F)c2)NC(=O)c2cccc(C(=O)NC(C)c3ccc(F)cc3)c2)c1
CHEMBL541976,COc1cccc(CNC[C@@H](O)[C@H](Cc2cc(F)cc(F)c2)NC(=O)c2cc(C(C)=O)cc(C(=O)NC(C)c3ccc(F)cc3)c2)c1
CHEMBL556626,COc1cccc(CNC[C@@H](O)[C@H](Cc2cc(F)cc(F)c2)NC(=O)c2cc(C(=O)NC(C)c3ccc(F)cc3)cc(C(C)O)c2)c1
CHEMBL539467,CO/N=C(/C)c1cc(C(=O)NC(C)c2ccc(F)cc2)cc(C(=O)N[C@@H](Cc2cc(F)cc(F)c2)[C@H](O)CNCc2cccc(OC)c2)c1
CHEMBL555518,C=CCO/N=C(/C)c1cc(C(=O)NC(C)c2ccc(F)cc2)cc(C(=O)N[C@@H](Cc2cc(F)cc(F)c2)[C@H](O)CNCc2cccc(OC)c2)c1
CHEMBL550643,COc1cccc(CNC[C@@H](O)[C@H](Cc2cc(F)cc(F)c2)NC(=O)c2cccc(N3CCCCS3(=O)=O)c2)c1
CHEMBL555519,COc1cccc(CNC[C@@H](O)[C@H](Cc2cc(F)cc(F)c2)NC(=O)c2cc(C(C)=O)cc(N3CCCCS3(=O)=O)c2)c1
CHEMBL541977,COc1cccc(CNC[C@@H](O)[C@H](Cc2cc(F)cc(F)c2)NC(=O)c2cc(C(C)O)cc(N3CCCCS3(=O)=O)c2)c1
CHEMBL557352,COc1cccc(CNC[C@@H](O)[C@H](Cc2cc(F)cc(F)c2)NC(=O)c2cc(/C(C)=N\O)cc(N3CCCCS3(=O)=O)c2)c1
CHEMBL541020,CO/N=C(/C)c1cc(C(=O)N[C@@H](Cc2cc(F)cc(F)c2)[C@H](O)CNCc2cccc(OC)c2)cc(N2CCCCS2(=O)=O)c1
CHEMBL558946,CCCO/N=C(/C)c1cc(C(=O)N[C@@H](Cc2cc(F)cc(F)c2)[C@H](O)CNCc2cccc(OC)c2)cc(N2CCCCS2(=O)=O)c1
CHEMBL552744,C=CCO/N=C(/C)c1cc(C(=O)N[C@@H](Cc2cc(F)cc(F)c2)[C@H](O)CNCc2cccc(OC)c2)cc(N2CCCCS2(=O)=O)c1
CHEMBL541738,COc1cccc(CNC[C@@H](O)[C@H](Cc2cc(F)cc(F)c2)NC(=O)c2cc(/C(C)=N\OCc3ccccc3)cc(N3CCCCS3(=O)=O)c2)c1
CHEMBL563604,COc1cccc(CNC[C@@H](O)[C@H](Cc2cc(F)cc(F)c2)NC(=O)c2cccc(N(C)S(C)(=O)=O)c2)c1
CHEMBL550753,COc1cccc(CNC[C@@H](O)[C@H](Cc2cc(F)cc(F)c2)NC(=O)c2cc(C(C)=O)cc(N(C)S(C)(=O)=O)c2)c1
CHEMBL560711,COc1cccc(CNC[C@@H](O)[C@H](Cc2cc(F)cc(F)c2)NC(=O)c2cc(C(C)O)cc(N(C)S(C)(=O)=O)c2)c1
CHEMBL540731,COc1cccc(CNC[C@@H](O)[C@H](Cc2cc(F)cc(F)c2)NC(=O)c2cc(/C(C)=N\O)cc(N(C)S(C)(=O)=O)c2)c1
CHEMBL553612,CO/N=C(\C)c1cc(C(=O)N[C@@H](Cc2cc(F)cc(F)c2)[C@H](O)CNCc2cccc(OC)c2)cc(N(C)S(C)(=O)=O)c1
CHEMBL558894,CCCO/N=C(/C)c1cc(C(=O)N[C@@H](Cc2cc(F)cc(F)c2)[C@H](O)CNCc2cccc(OC)c2)cc(N(C)S(C)(=O)=O)c1
CHEMBL552323,C=CCO/N=C(/C)c1cc(C(=O)N[C@@H](Cc2cc(F)cc(F)c2)[C@H](O)CNCc2cccc(OC)c2)cc(N(C)S(C)(=O)=O)c1
CHEMBL71151,COc1cccc(CNC[C@@H](O)[C@H](Cc2cc(F)cc(F)c2)NC(=O)c2cc(/C(C)=N\OCC(C)C)cc(N(C)S(C)(=O)=O)c2)c1
CHEMBL550271,COc1cccc(CNC[C@@H](O)[C@H](Cc2cc(F)cc(F)c2)NC(=O)c2cc(/C(C)=N\OCc3ccccc3)cc(N(C)S(C)(=O)=O)c2)c1
CHEMBL539653,COc1cccc(CNC[C@@H](O)[C@H](Cc2cc(F)cc(F)c2)NC(=O)c2cccc(N(c3ccccc3)S(C)(=O)=O)c2)c1
CHEMBL541172,COc1cccc(CNC[C@@H](O)[C@H](Cc2cc(F)cc(F)c2)NC(=O)c2cc(C(C)=O)cc(N(c3ccccc3)S(C)(=O)=O)c2)c1
CHEMBL553458,COc1cccc(CNC[C@@H](O)[C@H](Cc2cc(F)cc(F)c2)NC(=O)c2cc(/C(C)=N\O)cc(N(c3ccccc3)S(C)(=O)=O)c2)c1
CHEMBL539975,CO/N=C(\C)c1cc(C(=O)N[C@@H](Cc2cc(F)cc(F)c2)[C@H](O)CNCc2cccc(OC)c2)cc(N(c2ccccc2)S(C)(=O)=O)c1
CHEMBL541739,CCCO/N=C(/C)c1cc(C(=O)N[C@@H](Cc2cc(F)cc(F)c2)[C@H](O)CNCc2cccc(OC)c2)cc(N(c2ccccc2)S(C)(=O)=O)c1
CHEMBL557343,C=CCO/N=C(/C)c1cc(C(=O)N[C@@H](Cc2cc(F)cc(F)c2)[C@H](O)CNCc2cccc(OC)c2)cc(N(c2ccccc2)S(C)(=O)=O)c1
CHEMBL539468,COc1cccc(CNC[C@@H](O)[C@H](Cc2cc(F)cc(F)c2)NC(=O)c2cc(/C(C)=N/OCC(C)C)cc(N(c3ccccc3)S(C)(=O)=O)c2)c1
CHEMBL555916,COc1cccc(CNC[C@@H](O)[C@H](Cc2cc(F)cc(F)c2)NC(=O)c2cc(/C(C)=N\OCc3ccccc3)cc(N(c3ccccc3)S(C)(=O)=O)c2)c1
CHEMBL539976,CCCN(CCC)C(=O)c1cc(Oc2ccccc2)cc(C(=O)N[C@@H](Cc2cc(F)cc(F)c2)[C@H](O)CNCc2cccc(OC)c2)c1
CHEMBL539654,CCCN(CCC)C(=O)c1cc(Oc2ccc(OC)cc2)cc(C(=O)N[C@@H](Cc2cc(F)cc(F)c2)[C@H](O)CNCc2cccc(OC)c2)c1
CHEMBL557278,CCCN(CCC)C(=O)c1cc(Oc2ccccc2OC)cc(C(=O)N[C@@H](Cc2cc(F)cc(F)c2)[C@H](O)CNCc2cccc(OC)c2)c1
CHEMBL557554,CCCN(CCC)C(=O)c1cc(Oc2ccc(F)cc2)cc(C(=O)N[C@@H](Cc2cc(F)cc(F)c2)[C@H](O)CNCc2cccc(OC)c2)c1
CHEMBL557267,CCCN(CCC)C(=O)c1cc(Sc2ccccc2)cc(C(=O)N[C@@H](Cc2cc(F)cc(F)c2)[C@H](O)CNCc2cccc(OC)c2)c1
CHEMBL553571,CCCN(CCC)C(=O)c1cc(Sc2ccc(OC)cc2)cc(C(=O)N[C@@H](Cc2cc(F)cc(F)c2)[C@H](O)CNCc2cccc(OC)c2)c1
CHEMBL555436,CCCN(CCC)C(=O)c1cc(C(=O)N[C@@H](Cc2cc(F)cc(F)c2)[C@H](O)CNCc2cccc(OC)c2)cc(S(=O)(=O)c2ccccc2)c1
CHEMBL558542,CCCN(CCC)C(=O)c1cc(C(=O)N[C@@H](Cc2cc(F)cc(F)c2)[C@H](O)CNCc2cccc(OC)c2)cc(S(=O)(=O)c2ccc(OC)cc2)c1
CHEMBL551980,CCCN(CCC)C(=O)c1cccc(C(=O)N[C@@H](Cc2cc(F)cc(F)c2)[C@H](O)CNCc2cccc(OC)c2)c1
CHEMBL538636,CCCN(CCC)C(=O)c1cc(C(C)=O)cc(C(=O)N[C@@H](Cc2cc(F)cc(F)c2)[C@H](O)CNCc2cccc(OC)c2)c1
CHEMBL540729,CCCN(CCC)C(=O)c1cc(C(=O)N[C@@H](Cc2cc(F)cc(F)c2)[C@H](O)CNCc2cccc(OC)c2)cc(/C(C)=N\O)c1
CHEMBL555517,CCCN(CCC)C(=O)c1cc(C(=O)N[C@@H](Cc2cc(F)cc(F)c2)[C@H](O)CNCc2cccc(OC)c2)cc(/C(C)=N\OC)c1
CHEMBL541736,C=CCO/N=C(/C)c1cc(C(=O)N[C@@H](Cc2cc(F)cc(F)c2)[C@H](O)CNCc2cccc(OC)c2)cc(C(=O)N(CCC)CCC)c1
CHEMBL539973,CCCN(CCC)C(=O)c1cc(C(=O)N[C@@H](Cc2cc(F)cc(F)c2)[C@H](O)CNCc2cccc(OC)c2)cc(C(C)O)c1
CHEMBL552743,CCCN(CCC)C(=O)c1cc(CC(C)O)cc(C(=O)N[C@@H](Cc2cc(F)cc(F)c2)[C@H](O)CNCc2cccc(OC)c2)c1
CHEMBL539465,CCCN(CCC)C(=O)c1cc(CCO)cc(C(=O)N[C@@H](Cc2cc(F)cc(F)c2)[C@H](O)CNCc2cccc(OC)c2)c1
CHEMBL539466,CCCN(CCC)C(=O)c1cc(C(=O)N[C@@H](Cc2cc(F)cc(F)c2)[C@H](O)CNCc2cccc(OC)c2)cc(C(C)NC(C)=O)c1
CHEMBL541170,COc1cccc(CNC[C@@H](O)[C@H](Cc2cc(F)cc(F)c2)NC(=O)c2cccc(C(=O)N[C@H](C)c3ccccc3)c2)c1
CHEMBL538637,COc1cccc(CNC[C@@H](O)[C@H](Cc2cc(F)cc(F)c2)NC(=O)c2cc(C(C)=O)cc(C(=O)N[C@H](C)c3ccccc3)c2)c1
CHEMBL553457,COc1cccc(CNC[C@@H](O)[C@H](Cc2cc(F)cc(F)c2)NC(=O)c2cc(C(=O)N[C@H](C)c3ccccc3)cc(C(C)O)c2)c1
CHEMBL558938,CO/N=C(/C)c1cc(C(=O)N[C@@H](Cc2cc(F)cc(F)c2)[C@H](O)CNCc2cccc(OC)c2)cc(C(=O)N[C@H](C)c2ccccc2)c1
CHEMBL555435,COc1cccc(CNC[C@@H](O)[C@H](Cc2cc(F)cc(F)c2)NC(=O)c2cccc(C(=O)NC(C)c3ccc(F)cc3)c2)c1
CHEMBL541976,COc1cccc(CNC[C@@H](O)[C@H](Cc2cc(F)cc(F)c2)NC(=O)c2cc(C(C)=O)cc(C(=O)NC(C)c3ccc(F)cc3)c2)c1
CHEMBL556626,COc1cccc(CNC[C@@H](O)[C@H](Cc2cc(F)cc(F)c2)NC(=O)c2cc(C(=O)NC(C)c3ccc(F)cc3)cc(C(C)O)c2)c1
CHEMBL539467,CO/N=C(/C)c1cc(C(=O)NC(C)c2ccc(F)cc2)cc(C(=O)N[C@@H](Cc2cc(F)cc(F)c2)[C@H](O)CNCc2cccc(OC)c2)c1
CHEMBL550643,COc1cccc(CNC[C@@H](O)[C@H](Cc2cc(F)cc(F)c2)NC(=O)c2cccc(N3CCCCS3(=O)=O)c2)c1
CHEMBL555519,COc1cccc(CNC[C@@H](O)[C@H](Cc2cc(F)cc(F)c2)NC(=O)c2cc(C(C)=O)cc(N3CCCCS3(=O)=O)c2)c1
CHEMBL541977,COc1cccc(CNC[C@@H](O)[C@H](Cc2cc(F)cc(F)c2)NC(=O)c2cc(C(C)O)cc(N3CCCCS3(=O)=O)c2)c1
CHEMBL557352,COc1cccc(CNC[C@@H](O)[C@H](Cc2cc(F)cc(F)c2)NC(=O)c2cc(/C(C)=N\O)cc(N3CCCCS3(=O)=O)c2)c1
CHEMBL558946,CCCO/N=C(/C)c1cc(C(=O)N[C@@H](Cc2cc(F)cc(F)c2)[C@H](O)CNCc2cccc(OC)c2)cc(N2CCCCS2(=O)=O)c1
CHEMBL563604,COc1cccc(CNC[C@@H](O)[C@H](Cc2cc(F)cc(F)c2)NC(=O)c2cccc(N(C)S(C)(=O)=O)c2)c1
CHEMBL560711,COc1cccc(CNC[C@@H](O)[C@H](Cc2cc(F)cc(F)c2)NC(=O)c2cc(C(C)O)cc(N(C)S(C)(=O)=O)c2)c1
CHEMBL553612,CO/N=C(\C)c1cc(C(=O)N[C@@H](Cc2cc(F)cc(F)c2)[C@H](O)CNCc2cccc(OC)c2)cc(N(C)S(C)(=O)=O)c1
CHEMBL558894,CCCO/N=C(/C)c1cc(C(=O)N[C@@H](Cc2cc(F)cc(F)c2)[C@H](O)CNCc2cccc(OC)c2)cc(N(C)S(C)(=O)=O)c1
CHEMBL539653,COc1cccc(CNC[C@@H](O)[C@H](Cc2cc(F)cc(F)c2)NC(=O)c2cccc(N(c3ccccc3)S(C)(=O)=O)c2)c1
CHEMBL553458,COc1cccc(CNC[C@@H](O)[C@H](Cc2cc(F)cc(F)c2)NC(=O)c2cc(/C(C)=N\O)cc(N(c3ccccc3)S(C)(=O)=O)c2)c1
CHEMBL539975,CO/N=C(\C)c1cc(C(=O)N[C@@H](Cc2cc(F)cc(F)c2)[C@H](O)CNCc2cccc(OC)c2)cc(N(c2ccccc2)S(C)(=O)=O)c1
CHEMBL541739,CCCO/N=C(/C)c1cc(C(=O)N[C@@H](Cc2cc(F)cc(F)c2)[C@H](O)CNCc2cccc(OC)c2)cc(N(c2ccccc2)S(C)(=O)=O)c1
CHEMBL557343,C=CCO/N=C(/C)c1cc(C(=O)N[C@@H](Cc2cc(F)cc(F)c2)[C@H](O)CNCc2cccc(OC)c2)cc(N(c2ccccc2)S(C)(=O)=O)c1
CHEMBL555916,COc1cccc(CNC[C@@H](O)[C@H](Cc2cc(F)cc(F)c2)NC(=O)c2cc(/C(C)=N\OCc3ccccc3)cc(N(c3ccccc3)S(C)(=O)=O)c2)c1
CHEMBL557554,CCCN(CCC)C(=O)c1cc(Oc2ccc(F)cc2)cc(C(=O)N[C@@H](Cc2cc(F)cc(F)c2)[C@H](O)CNCc2cccc(OC)c2)c1
CHEMBL553571,CCCN(CCC)C(=O)c1cc(Sc2ccc(OC)cc2)cc(C(=O)N[C@@H](Cc2cc(F)cc(F)c2)[C@H](O)CNCc2cccc(OC)c2)c1
CHEMBL555436,CCCN(CCC)C(=O)c1cc(C(=O)N[C@@H](Cc2cc(F)cc(F)c2)[C@H](O)CNCc2cccc(OC)c2)cc(S(=O)(=O)c2ccccc2)c1
CHEMBL221597,CCCN(CCC)C(=O)c1cc(C)cc(C(=O)N[C@@H](Cc2cc(F)cc(F)c2)[C@H](O)CNCc2cccc(OC)c2)c1
CHEMBL221597,CCCN(CCC)C(=O)c1cc(C)cc(C(=O)N[C@@H](Cc2cc(F)cc(F)c2)[C@H](O)CNCc2cccc(OC)c2)c1
CHEMBL221597,CCCN(CCC)C(=O)c1cc(C)cc(C(=O)N[C@@H](Cc2cc(F)cc(F)c2)[C@H](O)CNCc2cccc(OC)c2)c1
CHEMBL221597,CCCN(CCC)C(=O)c1cc(C)cc(C(=O)N[C@@H](Cc2cc(F)cc(F)c2)[C@H](O)CNCc2cccc(OC)c2)c1
CHEMBL558488,CC(C)c1ccc2c(c1)[C@@H](NC[C@@H](O)[C@@H]1C[C@H](C)CCCCCCCCC(=O)N(C)[C@@H](C)C(=O)N1)CC(C)(C)O2
CHEMBL564010,CC(C)c1cccc(CNC[C@@H](O)[C@@H]2C[C@H](C)CCCCCCCCC(=O)N(C)[C@@H](C)C(=O)N2)c1
CHEMBL461602,CCCCNC(=O)[C@H](C)C[C@H](O)[C@@H]1C[C@H](C)CCCCCCCCC(=O)N(C)[C@@H](C)C(=O)N1
CHEMBL490305,CCCCNC(=O)[C@H](C)C[C@H](O)[C@@H]1C[C@H](C)CCCCCCCCC(=O)N[C@@H](C)C(=O)N1
CHEMBL564010,CC(C)c1cccc(CNC[C@@H](O)[C@@H]2C[C@H](C)CCCCCCCCC(=O)N(C)[C@@H](C)C(=O)N2)c1
CHEMBL390456,CC(C)C[C@H](NC(=O)[C@@H](N)CCC(=O)O)C(=O)N[C@@H](CC(=O)O)C(=O)N[C@@H](CC(C)C)[C@@H](O)C[C@@H](C)C(=O)N[C@H](C(=O)N[C@@H](CCC(=O)O)C(=O)N[C@@H](Cc1ccccc1)C(=O)O)C(C)C
CHEMBL538647,CC(C)C[C@H](NC(=O)[C@@H](N)CCC(=O)O)C(=O)N[C@@H](CC(=O)O)C(=O)N[C@@H](CC(C)C)P(=O)(O)C[C@@H](C)C(=O)N[C@H](C(=O)N[C@@H](CCC(=O)O)C(=O)N[C@@H](Cc1ccccc1)C(=O)O)C(C)C
CHEMBL556143,CC(CP(=O)(O)C1CCCCCC[C@H](NC(=O)[C@@H](N)CCC(=O)O)C(=O)N[C@@H](CC(=O)O)C(=O)N1)C(=O)N[C@H](C(=O)N[C@@H](CCC(=O)O)C(=O)N[C@@H](Cc1ccccc1)C(=O)O)C(C)C
CHEMBL556143,CC(CP(=O)(O)C1CCCCCC[C@H](NC(=O)[C@@H](N)CCC(=O)O)C(=O)N[C@@H](CC(=O)O)C(=O)N1)C(=O)N[C@H](C(=O)N[C@@H](CCC(=O)O)C(=O)N[C@@H](Cc1ccccc1)C(=O)O)C(C)C
CHEMBL554781,C[C@@H](NC(=O)c1cc(NC(=O)CCC(O)(CCc2ccccc2)C(=O)N[C@H]2c3ccccc3C[C@H]2O)cc(N(C)S(C)(=O)=O)c1)c1ccccc1
CHEMBL540414,CC(C)[C@H](NC(=O)C(O)(CCC(=O)Nc1cc(C(=O)N[C@H](C)c2ccccc2)cc(N(C)S(C)(=O)=O)c1)CCc1ccccc1)C(=O)Nc1ccccc1
CHEMBL540414,CC(C)[C@H](NC(=O)C(O)(CCC(=O)Nc1cc(C(=O)N[C@H](C)c2ccccc2)cc(N(C)S(C)(=O)=O)c1)CCc1ccccc1)C(=O)Nc1ccccc1
CHEMBL578437,O=C(Nc1ccncc1)c1ccc2c(c1)Nc1ccccc1NC2=O
CHEMBL572940,O=C(Nc1ccc(F)cc1)c1ccc2c(c1)Nc1ccccc1NC2=O
CHEMBL573162,O=C(Nc1ncc(-c2ccc(F)cc2)[nH]1)c1ccc2c(c1)Nc1ccccc1NC2=O
CHEMBL575326,O=C(Nc1nc2ccncc2[nH]1)c1ccc2c(c1)Nc1ccccc1NC2=O
CHEMBL568035,O=C(Nc1nc2ccc(F)cc2[nH]1)c1ccc2c(c1)Nc1ccccc1NC2=O
CHEMBL591428,C[C@@H](NC(=O)c1cc(NS(C)(=O)=O)cc(C(=O)N[C@@H](Cc2ccccc2)[C@@H](O)CNC2CC2)c1)c1ccc(F)cc1
CHEMBL78946,CC(C)C[C@H](NC(=O)[C@H](CC(N)=O)NC(=O)[C@@H](NC(=O)[C@@H](N)CCC(=O)O)C(C)C)[C@@H](O)C[C@@H](C)C(=O)N[C@@H](C)C(=O)N[C@@H](CCC(=O)O)C(=O)N[C@@H](Cc1ccccc1)C(=O)O
CHEMBL78946,CC(C)C[C@H](NC(=O)[C@H](CC(N)=O)NC(=O)[C@@H](NC(=O)[C@@H](N)CCC(=O)O)C(C)C)[C@@H](O)C[C@@H](C)C(=O)N[C@@H](C)C(=O)N[C@@H](CCC(=O)O)C(=O)N[C@@H](Cc1ccccc1)C(=O)O
CHEMBL401587,CCCOc1ccc(-c2ccc(-c3ccccc3Cl)n2CC(=O)/N=C(/N)NCCCO)cc1
CHEMBL566978,CCOc1ccc(C2(c3cccc(-c4cccnc4F)c3)N=C(N)N3CCCN=C32)cc1OCC
CHEMBL566968,NC1=NC(c2cccc(-c3cccnc3F)c2)(c2ccc3c(c2)OCCO3)C2=NCCCN12
CHEMBL583608,NC1=NC(c2cccc(-c3cccnc3F)c2)(c2ccc3c(c2)OCO3)C2=NCCCN12
CHEMBL584288,NC1=NC(c2ccc(OC(F)(F)F)cc2)(c2cccc(-c3cccnc3F)c2)C2=NCCCN12
CHEMBL583888,NC1=NC(c2ccc(OC(F)(F)F)cc2)(c2cccc(CCC3CC3)c2)C2=NCCCN12
CHEMBL584288,NC1=NC(c2ccc(OC(F)(F)F)cc2)(c2cccc(-c3cccnc3F)c2)C2=NCCCN12
CHEMBL584521,NC1=NC(c2ccc(OC(F)(F)F)cc2)(c2cccc(-c3cncnc3)c2)C2=NCCCN12
CHEMBL565914,NC1=NC(c2ccc(OC(F)(F)F)cc2)(c2cccc(-c3cccnc3F)c2)C2=NCCCCN12
CHEMBL567430,NC1=NC(c2ccc(OC(F)(F)F)cc2)(c2cccc(-c3cccnc3F)c2)C2=NOCCN12
CHEMBL566112,NC1=NC(c2ccc(OC(F)(F)F)cc2)(c2cccc(-c3cccnc3F)c2)C2=NCCN12
CHEMBL576258,NC1=N[C@](c2ccc(OC(F)(F)F)cc2)(c2cccc(-c3cccnc3F)c2)C2=NCCCN12
CHEMBL566548,CC1(C)CN2C(N)=NC(c3ccc(OC(F)(F)F)cc3)(c3cccc(-c4cccnc4F)c3)C2=N1
CHEMBL582045,NC1=N[C@](c2ccc(OC(F)(F)F)cc2)(c2cccc(-c3cncnc3)c2)C2=NCCCN12
CHEMBL568960,NC1=NC(c2ccc(OC(F)(F)F)cc2)(c2cccc(-c3cccnc3F)c2)/C2=N/CCCCCN12
CHEMBL584267,COc1ccc(C2(c3cccc(-c4cccnc4F)c3)N=C(N)N3CCCN=C32)cc1
CHEMBL582828,COc1ccc(C2(c3cccc(-c4cncnc4)c3)N=C(N)N3CCCN=C32)cc1
CHEMBL565914,NC1=NC(c2ccc(OC(F)(F)F)cc2)(c2cccc(-c3cccnc3F)c2)C2=NCCCCN12
CHEMBL566112,NC1=NC(c2ccc(OC(F)(F)F)cc2)(c2cccc(-c3cccnc3F)c2)C2=NCCN12
CHEMBL584521,NC1=NC(c2ccc(OC(F)(F)F)cc2)(c2cccc(-c3cncnc3)c2)C2=NCCCN12
CHEMBL567430,NC1=NC(c2ccc(OC(F)(F)F)cc2)(c2cccc(-c3cccnc3F)c2)C2=NOCCN12
CHEMBL576258,NC1=N[C@](c2ccc(OC(F)(F)F)cc2)(c2cccc(-c3cccnc3F)c2)C2=NCCCN12
CHEMBL582045,NC1=N[C@](c2ccc(OC(F)(F)F)cc2)(c2cccc(-c3cncnc3)c2)C2=NCCCN12
CHEMBL572692,COc1ccc(COC[C@@H](C[C@H](O)[C@H](COc2cc(F)cc(F)c2)NC(=O)c2cc(C(=O)N[C@H](C)c3ccccc3)cc(N(C)S(C)(=O)=O)c2)OC)cc1
CHEMBL572773,CO[C@@H](COCc1ccccc1)C[C@H](O)[C@H](COc1cc(F)cc(F)c1)NC(=O)c1cc(C(=O)N[C@H](C)c2ccccc2)cc(N(C)S(C)(=O)=O)c1
CHEMBL573106,CO[C@H](C[C@H](O)[C@H](COc1cc(F)cc(F)c1)NC(=O)c1cc(C(=O)N[C@H](C)c2ccccc2)cc(N(C)S(C)(=O)=O)c1)C(=O)N[C@H](C(=O)NCc1ccccc1)C(C)C
CHEMBL583875,CCC[C@H]1CN(Cc2ccc(CN3C(=N)NC(CCC4CCCCC4)(CC4CCCCC4)C3=O)cc2)C(=O)N1
CHEMBL567688,COc1ccc(C2(c3ccc(F)c(-c4cncnc4)c3)N=C(N)N(C)C2=O)cc1C
CHEMBL566011,COc1ccc(C2(c3cccc(-c4cccnc4F)c3)N=C(N)N(C)C2=O)cc1C
CHEMBL567477,COc1ccc([C@@]2(c3ccc(F)c(-c4cccnc4F)c3)N=C(N)N(C)C2=O)cc1C
CHEMBL585128,COc1ccc([C@]2(C34CC5CC(CC(C5)C3)C4)N=C(N)N(C)C2=O)cc1
CHEMBL568115,CN1C(=O)[C@@](c2ccc(OC(F)(F)F)cc2)(c2ccc(F)c(-c3cncnc3)c2)N=C1N
CHEMBL566200,COc1ccc(C2(c3cccc(-c4cccnc4)c3)N=C(N)N(C)C2=O)cc1C
CHEMBL566406,CCOc1cc(C2(c3cccc(-c4cccnc4)c3)N=C(N)N(C)C2=O)ccc1OC
CHEMBL566638,COc1ccc(C2(c3cccc(-c4cccnc4)c3)N=C(N)N(C)C2=O)cc1OC1CCCC1
CHEMBL566223,COc1ccc(C2(c3cccc(-c4cccnc4)c3)N=C(N)N(C)C2=O)cc1F
CHEMBL565996,COc1ccc(C2(c3cccc(-c4cccnc4)c3)N=C(N)N(C)C2=O)cc1Cl
CHEMBL585289,COc1ccc(C2(c3cccc(-c4cccnc4)c3)N=C(N)N(C)C2=O)cc1C(F)(F)F
CHEMBL568114,COc1ccc(C2(c3cccc(-c4cccnc4)c3)N=C(N)N(C)C2=O)cc1C#N
CHEMBL584917,CN1C(=O)C(c2cccc(-c3cccnc3)c2)(c2ccc3c(c2)OCCO3)N=C1N
CHEMBL566012,COc1ccc(C2(c3cccc(-c4cncnc4)c3)N=C(N)N(C)C2=O)cc1C
CHEMBL585506,CN1C(=O)C(c2ccc(OC(F)(F)F)cc2)(c2ccc(F)c(-c3cncnc3)c2)N=C1N
CHEMBL571320,COc1ccc([C@]2(C34CC5CC(CC(C5)C3)C4)N=C(N)N(C)C2=O)cc1C
CHEMBL566011,COc1ccc(C2(c3cccc(-c4cccnc4F)c3)N=C(N)N(C)C2=O)cc1C
CHEMBL584926,COc1ccc(C2(c3ccc(F)c(-c4cccnc4F)c3)N=C(N)N(C)C2=O)cc1C
CHEMBL567477,COc1ccc([C@@]2(c3ccc(F)c(-c4cccnc4F)c3)N=C(N)N(C)C2=O)cc1C
CHEMBL567688,COc1ccc(C2(c3ccc(F)c(-c4cncnc4)c3)N=C(N)N(C)C2=O)cc1C
CHEMBL584694,COc1ccc(C2(C34CC5CC(CC(C5)C3)C4)N=C(N)N(C)C2=O)cc1
CHEMBL585128,COc1ccc([C@]2(C34CC5CC(CC(C5)C3)C4)N=C(N)N(C)C2=O)cc1
CHEMBL565790,COc1ccc(C2(c3cccc(-c4cccnc4)c3)N=C(N)N(C)C2=O)cc1C1CCCC1
CHEMBL584926,COc1ccc(C2(c3ccc(F)c(-c4cccnc4F)c3)N=C(N)N(C)C2=O)cc1C
CHEMBL568115,CN1C(=O)[C@@](c2ccc(OC(F)(F)F)cc2)(c2ccc(F)c(-c3cncnc3)c2)N=C1N
CHEMBL566407,CCCOc1cc(C2(c3cccc(-c4cccnc4)c3)N=C(N)N(C)C2=O)ccc1OC
CHEMBL584694,COc1ccc(C2(C34CC5CC(CC(C5)C3)C4)N=C(N)N(C)C2=O)cc1
CHEMBL571320,COc1ccc([C@]2(C34CC5CC(CC(C5)C3)C4)N=C(N)N(C)C2=O)cc1C
CHEMBL567485,COc1ccc(C2(C34CC5CC(CC(C5)C3)C4)N=C(N)N(C)C2=O)cc1OC
CHEMBL566403,COc1ccc(C2(c3cccc(-c4cccnc4)c3)N=C(N)N(C)C2=O)cc1OC
CHEMBL567061,CCCCOc1cc(C2(c3cccc(-c4cccnc4)c3)N=C(N)N(C)C2=O)ccc1OC
CHEMBL567687,COc1ccc(C2(c3cccc(-c4cccnc4)c3)N=C(N)N(C)C2=O)cc1OC(C)C
CHEMBL566012,COc1ccc(C2(c3cccc(-c4cncnc4)c3)N=C(N)N(C)C2=O)cc1C
CHEMBL585506,CN1C(=O)C(c2ccc(OC(F)(F)F)cc2)(c2ccc(F)c(-c3cncnc3)c2)N=C1N
CHEMBL566200,COc1ccc(C2(c3cccc(-c4cccnc4)c3)N=C(N)N(C)C2=O)cc1C
CHEMBL565996,COc1ccc(C2(c3cccc(-c4cccnc4)c3)N=C(N)N(C)C2=O)cc1Cl
CHEMBL565995,COc1ccc(C2(c3ccc(C)c(-c4cccnc4)c3)N=C(N)N(C)C2=O)cc1C
CHEMBL584284,COc1ccc(C2(C34CC5CC(CC(C5)C3)C4)N=C(N)N(C)C2=O)cc1C
CHEMBL566633,CN1C(=O)C(c2ccc(OC(F)(F)F)cc2)(c2cc(F)cc(-c3cncnc3)c2)N=C1N
CHEMBL584284,COc1ccc(C2(C34CC5CC(CC(C5)C3)C4)N=C(N)N(C)C2=O)cc1C
CHEMBL567485,COc1ccc(C2(C34CC5CC(CC(C5)C3)C4)N=C(N)N(C)C2=O)cc1OC
CHEMBL565995,COc1ccc(C2(c3ccc(C)c(-c4cccnc4)c3)N=C(N)N(C)C2=O)cc1C
CHEMBL585289,COc1ccc(C2(c3cccc(-c4cccnc4)c3)N=C(N)N(C)C2=O)cc1C(F)(F)F
CHEMBL584109,CCc1cc(C2(C34CC5CC(CC(C5)C3)C4)N=C(N)N(C)C2=O)ccc1OC
CHEMBL566414,CN1C(=O)C(c2cccc(-c3cccnc3)c2)(c2ccc3c(c2)CCO3)N=C1N
CHEMBL566415,CN1C(=O)C(c2cccc(-c3cccnc3)c2)(c2ccc3c(c2)OCO3)N=C1N
CHEMBL567258,CN1C(=O)C(c2ccc(OC(F)(F)F)cc2)(c2cccc(-c3cccnc3F)c2)N=C1N
CHEMBL78946,CC(C)C[C@H](NC(=O)[C@H](CC(N)=O)NC(=O)[C@@H](NC(=O)[C@@H](N)CCC(=O)O)C(C)C)[C@@H](O)C[C@@H](C)C(=O)N[C@@H](C)C(=O)N[C@@H](CCC(=O)O)C(=O)N[C@@H](Cc1ccccc1)C(=O)O
CHEMBL3707022,COc1ccc2c(c1F)CCC2(Cc1ccc(C(F)(F)F)cc1)c1cn(C)c(N)n1
CHEMBL572313,CC(=O)N[C@@H](Cc1cc(F)cc(F)c1)[C@H](O)CNC1(c2cccc(-n3cccn3)c2)CCCOC1
CHEMBL572081,CC(=O)N[C@@H](Cc1cc(F)cc(F)c1)[C@H](O)CNC1(c2cccc(-n3cccn3)c2)CCCCC1
CHEMBL570556,CC(=O)N[C@@H](Cc1cc(F)cc(F)c1)[C@H](O)CNC1(c2cccc(C(C)(C)C)c2)CCOCC1
CHEMBL571833,CC(=O)N[C@@H](Cc1cc(F)cc(F)c1)[C@H](O)CNC1(c2cccc(C(C)(C)C)c2)CCCC1
CHEMBL571860,CC(=O)N[C@@H](Cc1cc(F)cc(F)c1)[C@H](O)CNC1(c2cccc(C(C)(C)C)c2)CCCCC1
CHEMBL570298,CC(=O)N[C@@H](Cc1cc(F)cc(F)c1)[C@H](O)CNC1(c2cccc(C(C)(C)C)c2)CCNC(=O)C1
CHEMBL570298,CC(=O)N[C@@H](Cc1cc(F)cc(F)c1)[C@H](O)CNC1(c2cccc(C(C)(C)C)c2)CCNC(=O)C1
CHEMBL566810,CC(=O)N[C@@H](Cc1cc(F)cc(F)c1)[C@H](O)CNC1(c2cccc(C(C)(C)C)c2)CCC(=O)NC1
CHEMBL566826,CC(=O)N[C@@H](Cc1cc(F)cc(F)c1)[C@H](O)CNC1(c2cccc(C(C)(C)C)c2)CCC(=O)CC1
CHEMBL570745,CC(=O)N[C@@H](Cc1cc(F)cc(F)c1)[C@H](O)CN[C@]1(c2cccc(C(C)(C)C)c2)CC[C@@H](O)CC1
CHEMBL569609,CC(=O)N[C@@H](Cc1cc(F)cc(F)c1)[C@H](O)CN[C@]1(c2cccc(C(C)(C)C)c2)CC[C@@H](CO)CC1
CHEMBL584547,C=C1CCC(NC[C@@H](O)[C@H](Cc2cc(F)cc(F)c2)NC(C)=O)(c2cccc(C(C)(C)C)c2)CN1
