target,smiles_a,smiles_b,ddg
cdk2,[H][O][C]([H])([H])[C]1=[C]([H])[C]([H])=[C]([H])[C]([N]([H])[C]2=[N][C]([O][C]([H])([H])[C]3([H])[C]([H])([H])[C]([H])([H])[C]([H])([H])[C]([H])([H])[C]3([H])[H])=[C]3[N]=[C]([H])[N]([H])[C]3=[N]2)=[C]1[H],[H][C]1=[N][C]2=[C]([O][C]([H])([H])[C]3([H])[C]([H])([H])[C]([H])([H])[C]([H])([H])[C]([H])([H])[C]3([H])[H])[N]=[C]([N]([H])[C]3=[C]([H])[C]([H])=[C]([H])[C]([H])=[C]3[H])[N]=[C]2[N]1[H],0.5252980939629435
cdk2,[H]c1c(c(c(c(c1[H])Cl)[H])N([H])c2nc3c(c(n2)OC([H])([H])C4(C(C(C(C(C4([H])[H])([H])[H])([H])[H])([H])[H])([H])[H])[H])N=C(N3[H])[H])[H],[H][C]1=[N][C]2=[C]([O][C]([H])([H])[C]3([H])[C]([H])([H])[C]([H])([H])[C]([H])([H])[C]([H])([H])[C]3([H])[H])[N]=[C]([N]([H])[C]3=[C]([H])[C]([H])=[C]([H])[C]([Br])=[C]3[H])[N]=[C]2[N]1[H],0.6428199991234465
cdk2,[H][C]1=[N][C]2=[C]([O][C]([H])([H])[C]3([H])[C]([H])([H])[C]([H])([H])[C]([H])([H])[C]([H])([H])[C]3([H])[H])[N]=[C]([N]([H])[C]3=[C]([H])[C]([H])=[C]([H])[C]([H])=[C]3[H])[N]=[C]2[N]1[H],[H]c1c(c(c(c(c1[H])Cl)[H])N([H])c2nc3c(c(n2)OC([H])([H])C4(C(C(C(C(C4([H])[H])([H])[H])([H])[H])([H])[H])([H])[H])[H])N=C(N3[H])[H])[H],0.5119774199389475
cdk2,[H][C]1=[N][C]2=[C]([O][C]([H])([H])[C]3([H])[C]([H])([H])[C]([H])([H])[C]([H])([H])[C]([H])([H])[C]3([H])[H])[N]=[C]([N]([H])[C]3=[C]([H])[C]([S](=[O])(=[O])[N]([H])[H])=[C]([H])[C]([H])=[C]3[H])[N]=[C]2[N]1[H],[H][C]1=[N][C]2=[C]([O][C]([H])([H])[C]3([H])[C]([H])([H])[C]([H])([H])[C]([H])([H])[C]([H])([H])[C]3([H])[H])[N]=[C]([N]([H])[C]3=[C]([H])[C]([H])=[C]([H])[C]([S][C]([H])([H])[H])=[C]3[H])[N]=[C]2[N]1[H],1.2401266676008147
cdk2,[H][C]1=[N][C]2=[C]([O][C]([H])([H])[C]3([H])[C]([H])([H])[C]([H])([H])[C]([H])([H])[C]([H])([H])[C]3([H])[H])[N]=[C]([N]([H])[C]3=[C]([H])[C]([H])=[C]([H])[C]([O][C]([H])([H])[H])=[C]3[H])[N]=[C]2[N]1[H],[H][C]1=[N][C]2=[C]([O][C]([H])([H])[C]3([H])[C]([H])([H])[C]([H])([H])[C]([H])([H])[C]([H])([H])[C]3([H])[H])[N]=[C]([N]([H])[C]3=[C]([H])[C]([H])=[C]([H])[C]([Br])=[C]3[H])[N]=[C]2[N]1[H],0.7881776167370056
cdk2,[H][C]1=[N][C]2=[C]([O][C]([H])([H])[C]3([H])[C]([H])([H])[C]([H])([H])[C]([H])([H])[C]([H])([H])[C]3([H])[H])[N]=[C]([N]([H])[C]3=[C]([H])[C]([H])=[C]([H])[C]([H])=[C]3[H])[N]=[C]2[N]1[H],[H][C]1=[N][C]2=[C]([O][C]([H])([H])[C]3([H])[C]([H])([H])[C]([H])([H])[C]([H])([H])[C]([H])([H])[C]3([H])[H])[N]=[C]([N]([H])[C]3=[C]([H])[C]([H])=[C]([C](=[O])[N]([H])[H])[C]([H])=[C]3[H])[N]=[C]2[N]1[H],-1.6120189019656888
cdk2,[H][O][C]([H])([H])[C]1=[C]([H])[C]([H])=[C]([H])[C]([N]([H])[C]2=[N][C]([O][C]([H])([H])[C]3([H])[C]([H])([H])[C]([H])([H])[C]([H])([H])[C]([H])([H])[C]3([H])[H])=[C]3[N]=[C]([H])[N]([H])[C]3=[N]2)=[C]1[H],[H][C]1=[N][C]2=[C]([O][C]([H])([H])[C]3([H])[C]([H])([H])[C]([H])([H])[C]([H])([H])[C]([H])([H])[C]3([H])[H])[N]=[C]([N]([H])[C]3=[C]([H])[C]([H])=[C]([H])[C]([Br])=[C]3[H])[N]=[C]2[N]1[H],1.6800955130253374
cdk2,[H][C]1=[N][C]2=[C]([O][C]([H])([H])[C]3([H])[C]([H])([H])[C]([H])([H])[C]([H])([H])[C]([H])([H])[C]3([H])[H])[N]=[C]([N]([H])[C]3=[C]([H])[C]([H])=[C]([O][C]([H])([H])[H])[C]([H])=[C]3[H])[N]=[C]2[N]1[H],[H][C]1=[N][C]2=[C]([O][C]([H])([H])[C]3([H])[C]([H])([H])[C]([H])([H])[C]([H])([H])[C]([H])([H])[C]3([H])[H])[N]=[C]([N]([H])[C]3=[C]([H])[C]([H])=[C]([H])[C]([H])=[C]3[H])[N]=[C]2[N]1[H],0.23739195920439293
cdk2,[H][O][C]1=[C]([H])[C]([H])=[C]([N]([H])[C]2=[N][C]([O][C]([H])([H])[C]3([H])[C]([H])([H])[C]([H])([H])[C]([H])([H])[C]([H])([H])[C]3([H])[H])=[C]3[N]=[C]([H])[N]([H])[C]3=[N]2)[C]([H])=[C]1[H],[H][C]1=[N][C]2=[C]([O][C]([H])([H])[C]3([H])[C]([H])([H])[C]([H])([H])[C]([H])([H])[C]([H])([H])[C]3([H])[H])[N]=[C]([N]([H])[C]3=[C]([H])[C]([H])=[C]([H])[C]([H])=[C]3[H])[N]=[C]2[N]1[H],1.5674114131718007
cdk2,[H][C]1=[N][C]2=[C]([O][C]([H])([H])[C]3([H])[C]([H])([H])[C]([H])([H])[C]([H])([H])[C]([H])([H])[C]3([H])[H])[N]=[C]([N]([H])[C]3=[C]([H])[C]([H])=[C]([H])[C]([S][C]([H])([H])[H])=[C]3[H])[N]=[C]2[N]1[H],[H][C]1=[N][C]2=[C]([O][C]([H])([H])[C]3([H])[C]([H])([H])[C]([H])([H])[C]([H])([H])[C]([H])([H])[C]3([H])[H])[N]=[C]([N]([H])[C]3=[C]([H])[C]([H])=[C]([H])[C]([Br])=[C]3[H])[N]=[C]2[N]1[H],0.8220725561440956
cdk2,[H][C]1=[N][C]2=[C]([O][C]([H])([H])[C]3([H])[C]([H])([H])[C]([H])([H])[C]([H])([H])[C]([H])([H])[C]3([H])[H])[N]=[C]([N]([H])[C]3=[C]([H])[C]([H])=[C]([H])[C]([H])=[C]3[H])[N]=[C]2[N]1[H],[H][C]1=[N][C]2=[C]([O][C]([H])([H])[C]3([H])[C]([H])([H])[C]([H])([H])[C]([H])([H])[C]([H])([H])[C]3([H])[H])[N]=[C]([N]([H])[C]3=[C]([H])[C]([H])=[C]([H])[C]([S][C]([H])([H])[H])=[C]3[H])[N]=[C]2[N]1[H],0.3327248629182984
cdk2,[H][O][C]1=[C]([H])[C]([H])=[C]([N]([H])[C]2=[N][C]([O][C]([H])([H])[C]3([H])[C]([H])([H])[C]([H])([H])[C]([H])([H])[C]([H])([H])[C]3([H])[H])=[C]3[N]=[C]([H])[N]([H])[C]3=[N]2)[C]([H])=[C]1[H],[H][C]1=[N][C]2=[C]([O][C]([H])([H])[C]3([H])[C]([H])([H])[C]([H])([H])[C]([H])([H])[C]([H])([H])[C]3([H])[H])[N]=[C]([N]([H])[C]3=[C]([H])[C]([H])=[C]([O][C]([H])([H])[H])[C]([H])=[C]3[H])[N]=[C]2[N]1[H],1.3300194539674077
cdk2,[H][C]1=[N][C]2=[C]([O][C]([H])([H])[C]3([H])[C]([H])([H])[C]([H])([H])[C]([H])([H])[C]([H])([H])[C]3([H])[H])[N]=[C]([N]([H])[C]3=[C]([H])[C]([H])=[C]([H])[C]([H])=[C]3[H])[N]=[C]2[N]1[H],[H][C]1=[N][C]2=[C]([O][C]([H])([H])[C]3([H])[C]([H])([H])[C]([H])([H])[C]([H])([H])[C]([H])([H])[C]3([H])[H])[N]=[C]([N]([H])[C]3=[C]([H])[C]([H])=[C]([H])[C]([O][C]([H])([H])[H])=[C]3[H])[N]=[C]2[N]1[H],0.3666198023253884
cdk2,[H][C]1=[N][C]2=[C]([O][C]([H])([H])[C]3([H])[C]([H])([H])[C]([H])([H])[C]([H])([H])[C]([H])([H])[C]3([H])[H])[N]=[C]([N]([H])[C]3=[C]([H])[C]([S](=[O])(=[O])[N]([H])[H])=[C]([H])[C]([H])=[C]3[H])[N]=[C]2[N]1[H],[H][C]1=[N][C]2=[C]([O][C]([H])([H])[C]3([H])[C]([H])([H])[C]([H])([H])[C]([H])([H])[C]([H])([H])[C]3([H])[H])[N]=[C]([N]([H])[C]3=[C]([H])[C]([H])=[C]([H])[C]([H])=[C]3[H])[N]=[C]2[N]1[H],0.9074018046825163
cdk2,[H][C]1=[N][C]2=[C]([O][C]([H])([H])[C]3([H])[C]([H])([H])[C]([H])([H])[C]([H])([H])[C]([H])([H])[C]3([H])[H])[N]=[C]([N]([H])[C]3=[C]([H])[C]([H])=[C]([H])[C]([Br])=[C]3[H])[N]=[C]2[N]1[H],[H][C]1=[N][C]2=[C]([O][C]([H])([H])[C]3([H])[C]([H])([H])[C]([H])([H])[C]([H])([H])[C]([H])([H])[C]3([H])[H])[N]=[C]([N]([H])[C]3=[C]([H])[C]([H])=[C]([C](=[O])[N]([H])[H])[C]([H])=[C]3[H])[N]=[C]2[N]1[H],-2.7668163210280827
cdk8,[H][C]1=[N][N]([C]([H])([H])[H])[C]([H])=[C]1[C]1=[C]([H])[C]([H])=[C]([C]([H])([H])[C]2=[N][N]([H])[C]3=[C]2[C]([H])=[C]([C](=[O])[N]([H])[H])[C]([H])=[C]3[H])[C]([H])=[C]1[H],[H][C]1=[N][N]([C]([H])([H])[H])[C]([H])=[C]1[C]1=[C]([H])[C]([H])=[C]([C]([H])([H])[C]2=[N][N]([H])[C]3=[C]2[C]([H])=[C]([C](=[O])[N]([H])[C]2([H])[C]([H])([H])[C]2([H])[H])[C]([H])=[C]3[H])[C]([H])=[C]1[H],-1.55427602269876
cdk8,[H][C]1=[N][N]([C]([H])([H])[H])[C]([H])=[C]1[C]1=[C]([H])[C]([H])=[C]([C]([H])([H])[C]2=[N][N]([H])[C]3=[C]2[C]([H])=[C]([C](=[O])[N]([H])[H])[C]([H])=[C]3[H])[C]([H])=[C]1[H],[H][C]1=[N][N]([C]([H])([H])[H])[C]([H])=[C]1[C]1=[C]([H])[C]([H])=[C]([C]([H])([H])[C]2=[N][N]([H])[C]3=[C]2[C]([H])=[C]([N]2[C]([H])([H])[C]([H])([H])[O][C]([H])([H])[C]2([H])[H])[C]([H])=[C]3[H])[C]([H])=[C]1[H],3.3258240708471627
cdk8,[H][C]1=[N][N]([C]([H])([H])[H])[C]([H])=[C]1[C]1=[C]([H])[C]([H])=[C]([C]([H])([H])[C]2=[N][N]([H])[C]3=[C]2[C]([H])=[C]([C](=[O])[N]([H])[H])[C]([H])=[C]3[H])[C]([H])=[C]1[H],[H][C]1=[C]([H])[C]([C]([H])([H])[C]2=[N][N]([H])[C]3=[C]2[C]([H])=[C]([C](=[O])[N]([H])[C]([H])([H])[H])[C]([H])=[C]3[H])=[C]([H])[C]([C]([H])([H])[H])=[C]1[H],0.2581436162559019
cdk8,[H][O][C]1([H])[C]([H])([H])[N]([C](=[O])[C]2=[C]([H])[C]3=[C]([C]([H])=[C]2[H])[N]([H])[N]=[C]3[C]([H])([H])[C]2=[C]([H])[C]([H])=[C]([C]3=[C]([H])[N]([C]([H])([H])[H])[N]=[C]3[H])[C]([H])=[C]2[H])[C]1([H])[H],[H][C]1=[N][N]([C]([H])([H])[H])[C]([H])=[C]1[C]1=[C]([H])[C]([H])=[C]([C]([H])([H])[C]2=[N][N]([H])[C]3=[C]2[C]([H])=[C]([C](=[O])[N]2[C]([H])([H])[C]([F])([F])[C]2([H])[H])[C]([H])=[C]3[H])[C]([H])=[C]1[H],0.33185216224570446
cdk8,[H][C]1=[N][N]([C]([H])([H])[H])[C]([H])=[C]1[C]1=[C]([H])[C]([H])=[C]([C]([H])([H])[C]2=[N][N]([H])[C]3=[C]2[C]([H])=[C]([C](=[O])[N]2[C]([H])([H])[C]([H])([O][C]([H])([H])[H])[C]2([H])[H])[C]([H])=[C]3[H])[C]([H])=[C]1[H],[H][C]1=[N][N]([C]([H])([H])[H])[C]([H])=[C]1[C]1=[C]([H])[C]([H])=[C]([C]([H])([H])[C]2=[N][N]([H])[C]3=[C]2[C]([H])=[C]([C](=[O])[N]2[C]([H])([H])[C]([F])([F])[C]2([H])[H])[C]([H])=[C]3[H])[C]([H])=[C]1[H],0.09141135313756266
cdk8,[H][C]1=[N][N]([C]([H])([H])[H])[C]([H])=[C]1[C]1=[C]([H])[C]([H])=[C]([C]([H])([H])[C]2=[N][N]([H])[C]3=[C]2[C]([H])=[C]([C](=[O])[N]([H])[H])[C]([H])=[C]3[H])[C]([H])=[C]1[H],[H][C]1=[N][N]([C]([H])([H])[H])[C]([H])=[C]1[C]1=[C]([H])[C]([H])=[C]([C]([H])([H])[C]2=[N][N]([H])[C]3=[C]2[C]([H])=[C]([C](=[O])[N]2[C]([H])([H])[C]([H])([O][C]([H])([H])[H])[C]2([H])[H])[C]([H])=[C]3[H])[C]([H])=[C]1[H],-1.7248714916626646
cdk8,[H][C]1=[N][N]([C]([H])([H])[H])[C]([H])=[C]1[C]1=[C]([H])[C]([H])=[C]([C]([H])([H])[C]2=[N][N]([H])[C]3=[C]2[C]([H])=[C]([C](=[O])[N]2[C]([H])([H])[C]([H])([H])[C]([H])([H])[C]2([H])[H])[C]([H])=[C]3[H])[C]([H])=[C]1[H],[H][C]1=[N][N]([C]([H])([H])[H])[C]([H])=[C]1[C]1=[C]([H])[C]([H])=[C]([C]([H])([H])[C]2=[N][N]([H])[C]3=[C]2[C]([H])=[C]([C](=[O])[N]2[C]([H])([H])[C]([H])([H])[C]([F])([F])[C]2([H])[H])[C]([H])=[C]3[H])[C]([H])=[C]1[H],0.1323241259293262
cdk8,[H][O][C@]1([H])[C]([H])([H])[N]([C](=[O])[C]2=[C]([H])[C]3=[C]([C]([H])=[C]2[H])[N]([H])[N]=[C]3[C]([H])([H])[C]2=[C]([H])[C]([H])=[C]([C]3=[C]([H])[N]([C]([H])([H])[H])[N]=[C]3[H])[C]([H])=[C]2[H])[C]([H])([H])[C]1([H])[H],[H][O][C]1=[C]([C](=[O])[N]2[C]([H])([H])[C]([H])([H])[C@]([H])([O][H])[C]2([H])[H])[C]([H])=[C]2[C]([C]([H])([H])[C]3=[C]([H])[C]([H])=[C]([H])[C]([C]([H])([H])[H])=[C]3[H])=[N][N]([H])[C]2=[C]1[H],0.41103627807205
cdk8,[H][O][C@]1([H])[C]([H])([H])[N]([C](=[O])[C]2=[C]([H])[C]3=[C]([C]([H])=[C]2[H])[N]([H])[N]=[C]3[C]([H])([H])[C]2=[C]([H])[C]([H])=[C]([C]3=[C]([H])[N]([C]([H])([H])[H])[N]=[C]3[H])[C]([H])=[C]2[H])[C]([H])([H])[C]1([H])[H],[H][C]1=[N][N]([C]([H])([H])[H])[C]([H])=[C]1[C]1=[C]([H])[C]([H])=[C]([C]([H])([H])[C]2=[N][N]([H])[C]3=[C]2[C]([H])=[C]([C](=[O])[N]2[C]([H])([H])[C]([H])([H])[C]([H])([H])[C]2([H])[H])[C]([H])=[C]3[H])[C]([H])=[C]1[H],0.1705954689639082
cdk8,[H][C]1=[N][N]([C]([H])([H])[H])[C]([H])=[C]1[C]1=[C]([H])[C]([H])=[C]([C]([H])([H])[C]2=[N][N]([H])[C]3=[C]2[C]([H])=[C]([C](=[O])[N]([H])[H])[C]([H])=[C]3[H])[C]([H])=[C]1[H],[H][O][C]([C]([H])([H])[H])([C]([H])([H])[H])[C]([H])([H])[N]1[N]=[C]([H])[C]([C]2=[C]([H])[C]([H])=[C]([C]([H])([H])[C]3=[N][N]([H])[C]4=[C]3[C]([H])=[C]([C](=[O])[N]([H])[C]([H])([H])[H])[C]([H])=[C]4[H])[C]([H])=[C]2[H])=[C]1[H],-1.1432397446267117
cdk8,[H][C]1=[N][N]([C]([H])([H])[H])[C]([H])=[C]1[C]1=[C]([H])[C]([H])=[C]([C]([H])([H])[C]2=[N][N]([H])[C]3=[C]2[C]([H])=[C]([C](=[O])[N]([H])[C]([H])([H])[H])[C]([H])=[C]3[H])[C]([H])=[C]1[H],[H][C]1=[N][N]([C]([H])([H])[H])[C]2=[C]1[C]([H])=[C]([H])[C]([C]([H])([H])[C]1=[N][N]([H])[C]3=[C]1[C]([H])=[C]([C](=[O])[N]([H])[C]([H])([H])[H])[C]([H])=[C]3[H])=[C]2[H],1.7355564654257538
cdk8,[H][C]1=[N][N]([C]([H])([H])[H])[C]([H])=[C]1[C]1=[C]([H])[C]([H])=[C]([C]([H])([H])[C]2=[N][N]([H])[C]3=[C]2[C]([H])=[C]([C](=[O])[N]([H])[C]([H])([H])[H])[C]([H])=[C]3[H])[C]([H])=[C]1[H],[H][C]1=[N][N]([C]([H])([H])[H])[C]([H])=[C]1[C]1=[C]([H])[C]([H])=[C]([C]([H])([H])[C]2=[N][N]([H])[C]3=[C]2[C]([H])=[C]([N]([H])[C](=[O])[C]([H])([H])[H])[C]([H])=[C]3[H])[C]([H])=[C]1[H],0.3909326579283672
cdk8,[H][C]1=[N][N]([C]([H])([H])[H])[C]([H])=[C]1[C]1=[C]([H])[C]([H])=[C]([C]([H])([H])[C]2=[N][N]([H])[C]3=[C]2[C]([H])=[C]([C](=[O])[N]([H])[C]([H])([H])[H])[C]([H])=[C]3[H])[C]([H])=[C]1[H],[H][C]1=[C]([H])[C]([C]([H])([H])[C]2=[N][N]([H])[C]3=[C]2[C]([H])=[C]([C](=[O])[N]([H])[C]([H])([H])[H])[C]([H])=[C]3[H])=[C]([H])[C]([C]([H])([H])[H])=[C]1[H],1.439654703917192
cdk8,[H][C]1=[N][N]([C]([H])([H])[H])[C]([H])=[C]1[C]1=[C]([H])[C]([H])=[C]([C]([H])([H])[C]2=[N][N]([H])[C]3=[C]2[C]([H])=[C]([C](=[O])[N]([H])[C]([H])([H])[H])[C]([H])=[C]3[H])[C]([H])=[C]1[H],[H][C]1=[N][N]([C]([H])([H])[H])[C]([H])=[C]1[C]1=[C]([H])[C]([H])=[C]([C]([H])([H])[C]2=[N][N]([H])[C]3=[C]2[C]([H])=[C]([S](=[O])(=[O])[N]([H])[C]2([H])[C]([H])([H])[C]2([H])[H])[C]([H])=[C]3[H])[C]([H])=[C]1[H],1.473549643324283
cdk8,[H][C]1=[N][N]([C]([H])([H])[H])[C]([H])=[C]1[C]1=[C]([H])[C]([H])=[C]([C]([H])([H])[C]2=[N][N]([H])[C]3=[C]2[C]([H])=[C]([C](=[O])[N]([H])[H])[C]([H])=[C]3[H])[C]([H])=[C]1[H],[H][C]1=[N][N]([C]([H])([H])[H])[C]([H])=[C]1[C]1=[C]([H])[C]([H])=[C]([C]([H])([H])[C]2=[N][N]([H])[C]3=[C]2[C]([H])=[C]([N]2[C](=[O])[C]([H])([H])[C]([H])([H])[C]2([H])[H])[C]([H])=[C]3[H])[C]([H])=[C]1[H],-0.6623581264104299
cdk8,[H][C]1=[N][N]([C]([H])([H])[H])[C]([H])=[C]1[C]1=[C]([H])[C]([H])=[C]([C]([H])([H])[C]2=[N][N]([H])[C]3=[C]2[C]([H])=[C]([C](=[O])[N]([H])[H])[C]([H])=[C]3[H])[C]([H])=[C]1[H],[H][C]1=[N][N]([C]([H])([H])[H])[C]([H])=[C]1[C]1=[C]([H])[C]([H])=[C]([C]([H])([H])[C]2=[N][N]([H])[C]3=[C]2[C]([H])=[C]([S](=[O])(=[O])[N]([H])[C]2([H])[C]([H])([H])[C]2([H])[H])[C]([H])=[C]3[H])[C]([H])=[C]1[H],0.29203855566299275
cdk8,[H][C]1=[N][N]([C]([H])([H])[H])[C]([H])=[C]1[C]1=[C]([H])[C]([H])=[C]([C]([H])([H])[C]2=[N][N]([H])[C]3=[C]2[C]([H])=[C]([N]2[C]([H])([H])[C]([H])([H])[O][C]([H])([H])[C]2([H])[H])[C]([H])=[C]3[H])[C]([H])=[C]1[H],[H][C]1=[N][N]([C]([H])([H])[H])[C]([H])=[C]1[C]1=[C]([H])[C]([H])=[C]([C]([H])([H])[C]2=[N][N]([H])[C]3=[C]2[C]([H])=[C]([C](=[O])[N]([H])[C]([H])([H])[H])[C]([H])=[C]3[H])[C]([H])=[C]1[H],-4.507335158508453
cdk8,[H][C]1=[N][N]([C]([H])([H])[H])[C]([H])=[C]1[C]1=[C]([H])[C]([H])=[C]([C]([H])([H])[C]2=[N][N]([H])[C]3=[C]2[C]([H])=[C]([C](=[O])[N]([H])[H])[C]([H])=[C]3[H])[C]([H])=[C]1[H],[H][C]1=[N][N]([C]([H])([H])[H])[C]([H])=[C]1[C]1=[C]([H])[C]([H])=[C]([C]([H])([H])[C]2=[N][N]([H])[C]3=[C]2[C]([H])=[C]([N]([H])[C]([H])([H])[C]([H])([H])[N]([H])[C](=[O])[C]([H])([H])[H])[C]([H])=[C]3[H])[C]([H])=[C]1[H],1.0802161723999983
cdk8,[H][C]1=[N][N]([C]([H])([H])[H])[C]([H])=[C]1[C]1=[C]([H])[C]([H])=[C]([C]([H])([H])[C]2=[N][N]([H])[C]3=[C]2[C]([H])=[C]([C](=[O])[N]2[C]([H])([H])[C]([H])([H])[N]([H])[C]([H])([H])[C]2([H])[H])[C]([H])=[C]3[H])[C]([H])=[C]1[H],[H][C]1=[N][N]([C]([H])([H])[H])[C]([H])=[C]1[C]1=[C]([H])[C]([H])=[C]([C]([H])([H])[C]2=[N][N]([H])[C]3=[C]2[C]([H])=[C]([C](=[O])[N]2[C]([H])([H])[C]([H])([H])[C]([H])([H])[C]([H])([H])[C]2([H])[H])[C]([H])=[C]3[H])[C]([H])=[C]1[H],-0.09141135313756266
cdk8,[H][O][C@]1([H])[C]([H])([H])[N]([C](=[O])[C]2=[C]([H])[C]3=[C]([C]([H])=[C]2[H])[N]([H])[N]=[C]3[C]([H])([H])[C]2=[C]([H])[C]([H])=[C]([C]3=[C]([H])[N]([C]([H])([H])[H])[N]=[C]3[H])[C]([H])=[C]2[H])[C]([H])([H])[C]1([H])[H],[H][C]1=[N][N]([C]([H])([H])[H])[C]([H])=[C]1[C]1=[C]([H])[C]([H])=[C]([C]([H])([H])[C]2=[N][N]([H])[C]3=[C]2[C]([H])=[C]([C](=[O])[N]([H])[H])[C]([H])=[C]3[H])[C]([H])=[C]1[H],2.1359077697347146
cdk8,[H][C]1=[N][N]([C]([H])([H])[H])[C]([H])=[C]1[C]1=[C]([H])[C]([H])=[C]([C]([H])([H])[C]2=[N][N]([H])[C]3=[C]2[C]([H])=[C]([C](=[O])[N]([H])[H])[C]([H])=[C]3[H])[C]([H])=[C]1[H],[H][O][C]1([H])[C]([H])([H])[N]([C](=[O])[C]2=[C]([H])[C]3=[C]([C]([H])=[C]2[H])[N]([H])[N]=[C]3[C]([H])([H])[C]2=[C]([H])[C]([H])=[C]([C]3=[C]([H])[N]([C]([H])([H])[H])[N]=[C]3[H])[C]([H])=[C]2[H])[C]1([H])[H],-1.9653123007708064
cdk8,[H][O][C@]1([H])[C]([H])([H])[N]([C](=[O])[C]2=[C]([H])[C]3=[C]([C]([H])=[C]2[H])[N]([H])[N]=[C]3[C]([H])([H])[C]2=[C]([H])[C]3=[C]([C]([H])=[C]2[H])[N]([C]([H])([H])[H])[N]=[C]3[H])[C]([H])([H])[C]1([H])[H],[H][O][C]1=[C]([C](=[O])[N]2[C]([H])([H])[C]([H])([H])[C@]([H])([O][H])[C]2([H])[H])[C]([H])=[C]2[C]([C]([H])([H])[C]3=[C]([H])[C]([H])=[C]([H])[C]([C]([H])([H])[H])=[C]3[H])=[N][N]([H])[C]2=[C]1[H],0.2404408091081418
cdk8,[H][C]1=[N][N]([C]([H])([H])[H])[C]([H])=[C]1[C]1=[C]([H])[C]([H])=[C]([C]([H])([H])[C]2=[N][N]([H])[C]3=[C]2[C]([H])=[C]([C]2=[C]([H])[N]([C]([H])([H])[H])[C]([H])=[N]2)[C]([H])=[C]3[H])[C]([H])=[C]1[H],[H][C]1=[N][N]([C]([H])([H])[H])[C]([H])=[C]1[C]1=[C]([H])[C]([H])=[C]([C]([H])([H])[C]2=[N][N]([H])[C]3=[C]2[C]([H])=[C]([N]2[C](=[O])[C]([H])([H])[C]([H])([H])[C]2([H])[H])[C]([H])=[C]3[H])[C]([H])=[C]1[H],-0.4585016037224552
cdk8,[H][C]1=[N][N]([C]([H])([H])[H])[C]2=[C]1[C]([H])=[C]([C]([H])([H])[C]1=[N][N]([H])[C]3=[C]1[C]([H])=[C]([C](=[O])[N]([H])[C]([H])([H])[H])[C]([H])=[C]3[H])[C]([H])=[C]2[H],[H][O][C]1([H])[C]([H])([H])[N]([C](=[O])[C]2=[C]([H])[C]3=[C]([C]([H])=[C]2[H])[N]([H])[N]=[C]3[C]([H])([H])[C]2=[C]([H])[C]3=[C]([C]([H])=[C]2[H])[N]([C]([H])([H])[H])[N]=[C]3[H])[C]1([H])[H],-0.5433604040013726
cdk8,[H][O][C]1([H])[C]([H])([H])[N]([C](=[O])[C]2=[C]([H])[C]3=[C]([C]([H])=[C]2[H])[N]([H])[N]=[C]3[C]([H])([H])[C]2=[C]([H])[C]([H])=[C]([C]3=[C]([H])[N]([C]([H])([H])[H])[N]=[C]3[H])[C]([H])=[C]2[H])[C]1([H])[H],[H][C]1=[N][N]([C]([H])([H])[H])[C]([H])=[C]1[C]1=[C]([H])[C]([H])=[C]([C]([H])([H])[C]2=[N][N]([H])[C]3=[C]2[C]([H])=[C]([C](=[O])[N]2[C]([H])([H])[C]([H])([O][C]([H])([H])[H])[C]2([H])[H])[C]([H])=[C]3[H])[C]([H])=[C]1[H],0.2404408091081418
cdk8,[H][O][C@]1([H])[C]([H])([H])[N]([C](=[O])[C]2=[C]([H])[C]3=[C]([C]([H])=[C]2[H])[N]([H])[N]=[C]3[C]([H])([H])[C]2=[C]([H])[C]3=[C]([C]([H])=[C]2[H])[N]([C]([H])([H])[H])[N]=[C]3[H])[C]([H])([H])[C]1([H])[H],[H][C]1=[N][N]([C]([H])([H])[H])[C]2=[C]1[C]([H])=[C]([C]([H])([H])[C]1=[N][N]([H])[C]3=[C]1[C]([H])=[C]([C](=[O])[N]1[C]([H])([H])[C]([H])([H])[C]([F])([F])[C]1([H])[H])[C]([H])=[C]3[H])[C]([H])=[C]2[H],-0.41103627807204823
cdk8,[H][C]1=[N][N]([C]([H])([H])[H])[C]([H])=[C]1[C]1=[C]([H])[C]([H])=[C]([C]([H])([H])[C]2=[N][N]([H])[C]3=[C]2[C]([H])=[C]([C](=[O])[N]2[C]([H])([H])[C]([H])([H])[C]([H])([H])[C]2([H])[H])[C]([H])=[C]3[H])[C]([H])=[C]1[H],[H][O][C]1=[C]([C](=[O])[N]2[C]([H])([H])[C]([H])([H])[C@]([H])([O][H])[C]2([H])[H])[C]([H])=[C]2[C]([C]([H])([H])[C]3=[C]([H])[C]([H])=[C]([H])[C]([C]([H])([H])[H])=[C]3[H])=[N][N]([H])[C]2=[C]1[H],0.2404408091081418
cdk8,[H][C]1=[N][N]([C]([H])([H])[H])[C]([H])=[C]1[C]1=[C]([H])[C]([H])=[C]([C]([H])([H])[C]2=[N][N]([H])[C]3=[C]2[C]([H])=[C]([C](=[O])[N]2[C]([H])([H])[C]([H])([H])[N]([H])[C]([H])([H])[C]2([H])[H])[C]([H])=[C]3[H])[C]([H])=[C]1[H],[H][C]1=[N][N]([C]([H])([H])[H])[C]([H])=[C]1[C]1=[C]([H])[C]([H])=[C]([C]([H])([H])[C]2=[N][N]([H])[C]3=[C]2[C]([H])=[C]([C](=[O])[N]2[C]([H])([H])[C]([H])([H])[O][C]([H])([H])[C]2([H])[H])[C]([H])=[C]3[H])[C]([H])=[C]1[H],-0.33185216224570446
cdk8,[H][C]1=[N][N]([C]([H])([H])[H])[C]([H])=[C]1[C]1=[C]([H])[C]([H])=[C]([C]([H])([H])[C]2=[N][N]([H])[C]3=[C]2[C]([H])=[C]([C]2=[C]([H])[N]([C]([H])([H])[H])[C]([H])=[N]2)[C]([H])=[C]3[H])[C]([H])=[C]1[H],[H][C]1=[N][N]([C]([H])([H])[H])[C]([H])=[C]1[C]1=[C]([H])[C]([H])=[C]([C]([H])([H])[C]2=[N][N]([H])[C]3=[C]2[C]([H])=[C]([C]2=[N][C]([H])=[C]([H])[N]2[C]([H])([H])[H])[C]([H])=[C]3[H])[C]([H])=[C]1[H],-0.5283469438666906
cdk8,[H][C]1=[N][N]([C]([H])([H])[H])[C]([H])=[C]1[C]1=[C]([H])[C]([H])=[C]([C]([H])([H])[C]2=[N][N]([H])[C]3=[C]2[C]([H])=[C]([C](=[O])[N]2[C]([H])([H])[C]([H])([H])[C]([H])([H])[C]([H])([H])[C]2([H])[H])[C]([H])=[C]3[H])[C]([H])=[C]1[H],[H][C]1=[N][N]([C]([H])([H])[H])[C]([H])=[C]1[C]1=[C]([H])[C]([H])=[C]([C]([H])([H])[C]2=[N][N]([H])[C]3=[C]2[C]([H])=[C]([C](=[O])[N]2[C]([H])([H])[C]([H])([H])[O][C]([H])([H])[C]2([H])[H])[C]([H])=[C]3[H])[C]([H])=[C]1[H],-0.2404408091081418
cdk8,[H][C]1=[C]([H])[C]([C]([H])([H])[C]2=[N][N]([H])[C]3=[C]2[C]([H])=[C]([C](=[O])[N]([H])[C]([H])([H])[H])[C]([H])=[C]3[H])=[C]([H])[C]([C]([H])([H])[H])=[C]1[H],[H][C]1=[C]([H])[C]2=[C]([C]([C]([H])([H])[C]([H])([C]([H])([H])[H])[C]([H])([H])[H])=[N][N]2[H])[C]([H])=[C]1[C](=[O])[N]([H])[C]([H])([H])[H],0.94737884868875
cdk8,[H][C]1=[C]([H])[C]([C]([H])([H])[C]2=[N][N]([H])[C]3=[C]2[C]([H])=[C]([C](=[O])[N]([H])[C]([H])([H])[H])[C]([H])=[C]3[H])=[C]([H])[C]([O][C]([H])([H])[H])=[C]1[O][C]([H])([H])[H],[H][C]1=[C]([H])[C]2=[C]([C]([C]([H])([H])[C]([H])([C]([H])([H])[H])[C]([H])([H])[H])=[N][N]2[H])[C]([H])=[C]1[C](=[O])[N]([H])[C]([H])([H])[H],-0.646751962578227
cdk8,[H][C]1=[N][N]([C]([H])([H])[H])[C]([H])=[C]1[C]1=[C]([H])[C]([H])=[C]([C]([H])([H])[C]2=[N][N]([H])[C]3=[C]2[C]([H])=[C]([C](=[O])[N]2[C]([H])([H])[C]([H])([H])[C]([H])([H])[C]([H])([H])[C]2([H])[H])[C]([H])=[C]3[H])[C]([H])=[C]1[H],[H][C]1=[N][N]([C]([H])([H])[H])[C]([H])=[C]1[C]1=[C]([H])[C]([H])=[C]([C]([H])([H])[C]2=[N][N]([H])[C]3=[C]2[C]([H])=[C]([C](=[O])[N]([H])[H])[C]([H])=[C]3[H])[C]([H])=[C]1[H],1.7248714916626646
cdk8,[H][O][C]1([H])[C]([H])([H])[N]([C](=[O])[C]2=[C]([H])[C]3=[C]([C]([H])=[C]2[H])[N]([H])[N]=[C]3[C]([H])([H])[C]2=[C]([H])[C]3=[C]([C]([H])=[C]2[H])[N]([C]([H])([H])[H])[N]=[C]3[H])[C]1([H])[H],[H][C]1=[N][N]([C]([H])([H])[H])[C]2=[C]1[C]([H])=[C]([C]([H])([H])[C]1=[N][N]([H])[C]3=[C]1[C]([H])=[C]([C](=[O])[N]1[C]([H])([H])[C]([H])([O][C]([H])([H])[H])[C]1([H])[H])[C]([H])=[C]3[H])[C]([H])=[C]2[H],0.33185216224570446
cdk8,[H][C]1=[N][N]([C]([H])([H])[H])[C]([H])=[C]1[C]1=[C]([H])[C]([H])=[C]([C]([H])([H])[C]2=[N][N]([H])[C]3=[C]2[C]([H])=[C]([C](=[O])[N]2[C]([H])([H])[C]([H])([H])[C]([H])([H])[C]2([H])[H])[C]([H])=[C]3[H])[C]([H])=[C]1[H],[H][C]1=[N][N]([C]([H])([H])[H])[C]([H])=[C]1[C]1=[C]([H])[C]([H])=[C]([C]([H])([H])[C]2=[N][N]([H])[C]3=[C]2[C]([H])=[C]([C](=[O])[N]([H])[H])[C]([H])=[C]3[H])[C]([H])=[C]1[H],1.9653123007708064
cdk8,[H][C]1=[C]([H])[C]([C]([H])([H])[C]2=[N][N]([H])[C]3=[C]2[C]([H])=[C]([C](=[O])[N]([H])[C]([H])([H])[H])[C]([H])=[C]3[H])=[C]([H])[C]([C]([H])([H])[H])=[C]1[H],[H][C]1=[N][N]([C]([H])([H])[H])[C]2=[C]1[C]([H])=[C]([H])[C]([C]([H])([H])[C]1=[N][N]([H])[C]3=[C]1[C]([H])=[C]([C](=[O])[N]([H])[C]([H])([H])[H])[C]([H])=[C]3[H])=[C]2[H],0.29590176150856173
cdk8,[H][C]1=[N][N]([C]([H])([H])[H])[C]([H])=[C]1[C]1=[C]([H])[C]([H])=[C]([C]([H])([H])[C]2=[N][N]([H])[C]3=[C]2[C]([H])=[C]([C](=[O])[N]([H])[H])[C]([H])=[C]3[H])[C]([H])=[C]1[H],[H][C]1=[N][N]([C]([H])([H])[H])[C]([H])=[C]1[C]1=[C]([H])[C]([H])=[C]([C]([H])([H])[C]2=[N][N]([H])[C]3=[C]2[C]([H])=[C]([C](=[O])[N]([H])[C]([H])([H])[H])[C]([H])=[C]3[H])[C]([H])=[C]1[H],-1.1815110876612902
cdk8,[H][C]1=[N][N]([C]([H])([H])[H])[C]([H])=[C]1[C]1=[C]([H])[C]([H])=[C]([C]([H])([H])[C]2=[N][N]([H])[C]3=[C]2[C]([H])=[C]([C](=[O])[N]([H])[H])[C]([H])=[C]3[H])[C]([H])=[C]1[H],[H][C]1=[N][N]([C]([H])([H])[H])[C]([H])=[C]1[C]1=[C]([H])[C]([H])=[C]([C]([H])([H])[C]2=[N][N]([H])[C]3=[C]2[C]([H])=[C]([N]([H])[C](=[O])[C]([H])([H])[H])[C]([H])=[C]3[H])[C]([H])=[C]1[H],-0.790578429732923
cdk8,[H][C]1=[N][N]([C]([H])([H])[H])[C]([H])=[C]1[C]1=[C]([H])[C]([H])=[C]([C]([H])([H])[C]2=[N][N]([H])[C]3=[C]2[C]([H])=[C]([N]([H])[C]([H])([H])[C]([H])([H])[N]([H])[C](=[O])[C]([H])([H])[H])[C]([H])=[C]3[H])[C]([H])=[C]1[H],[H][C]1=[N][N]([C]([H])([H])[H])[C]([H])=[C]1[C]1=[C]([H])[C]([H])=[C]([C]([H])([H])[C]2=[N][N]([H])[C]3=[C]2[C]([H])=[C]([N]([H])[C](=[O])[C]([H])([H])[H])[C]([H])=[C]3[H])[C]([H])=[C]1[H],-1.8707946021329214
cdk8,[H][C]1=[N][N]([C]([H])([H])[H])[C]([H])=[C]1[C]1=[C]([H])[C]([H])=[C]([C]([H])([H])[C]2=[N][N]([H])[C]3=[C]2[C]([H])=[C]([N]([H])[S](=[O])(=[O])[C]([H])([H])[H])[C]([H])=[C]3[H])[C]([H])=[C]1[H],[H][C]1=[N][N]([C]([H])([H])[H])[C]([H])=[C]1[C]1=[C]([H])[C]([H])=[C]([C]([H])([H])[C]2=[N][N]([H])[C]3=[C]2[C]([H])=[C]([N]([H])[C](=[O])[C]([H])([H])[H])[C]([H])=[C]3[H])[C]([H])=[C]1[H],-0.5474360214190153
cdk8,[H][C]1=[N][N]([C]([H])([H])[H])[C]2=[C]1[C]([H])=[C]([C]([H])([H])[C]1=[N][N]([H])[C]3=[C]1[C]([H])=[C]([C](=[O])[N]([H])[C]([H])([H])[H])[C]([H])=[C]3[H])[C]([H])=[C]2[H],[H][C]1=[C]([H])[C]([C]([H])([H])[C]2=[N][N]([H])[C]3=[C]2[C]([H])=[C]([C](=[O])[N]([H])[C]([H])([H])[H])[C]([H])=[C]3[H])=[C]([H])[C]([C]([H])([H])[H])=[C]1[H],1.6800955130253357
cdk8,[H][C]1=[N][N]([C]([H])([H])[H])[C]([H])=[C]1[C]1=[C]([H])[C]([H])=[C]([C]([H])([H])[C]2=[N][N]([H])[C]3=[C]2[C]([H])=[C]([C]2=[N][C]([H])=[C]([H])[N]2[C]([H])([H])[H])[C]([H])=[C]3[H])[C]([H])=[C]1[H],[H][C]1=[N][N]([C]([H])([H])[H])[C]([H])=[C]1[C]1=[C]([H])[C]([H])=[C]([C]([H])([H])[C]2=[N][N]([H])[C]3=[C]2[C]([H])=[C]([N]2[C](=[O])[C]([H])([H])[C]([H])([H])[C]2([H])[H])[C]([H])=[C]3[H])[C]([H])=[C]1[H],0.06984534014423538
cdk8,[H][C]1=[N][N]([C]([H])([H])[H])[C]([H])=[C]1[C]1=[C]([H])[C]([H])=[C]([C]([H])([H])[C]2=[N][N]([H])[C]3=[C]2[C]([H])=[C]([C](=[O])[N]2[C]([H])([H])[C]([H])([H])[O][C]([H])([H])[C]2([H])[H])[C]([H])=[C]3[H])[C]([H])=[C]1[H],[H][C]1=[N][N]([C]([H])([H])[H])[C]([H])=[C]1[C]1=[C]([H])[C]([H])=[C]([C]([H])([H])[C]2=[N][N]([H])[C]3=[C]2[C]([H])=[C]([C](=[O])[N]([H])[H])[C]([H])=[C]3[H])[C]([H])=[C]1[H],1.9653123007708064
cdk8,[H][O][C]1([H])[C]([H])([H])[N]([C](=[O])[C]2=[C]([H])[C]3=[C]([C]([H])=[C]2[H])[N]([H])[N]=[C]3[C]([H])([H])[C]2=[C]([H])[C]([H])=[C]([C]3=[C]([H])[N]([C]([H])([H])[H])[N]=[C]3[H])[C]([H])=[C]2[H])[C]1([H])[H],[H][O][C]1([H])[C]([H])([H])[N]([C](=[O])[C]2=[C]([H])[C]3=[C]([C]([H])=[C]2[H])[N]([H])[N]=[C]3[C]([H])([H])[C]2=[C]([H])[C]3=[C]([C]([H])=[C]2[H])[N]([C]([H])([H])[H])[N]=[C]3[H])[C]1([H])[H],0.0
cdk8,[H][C]1=[C]([H])[C]([C]([H])([H])[C]2=[N][N]([H])[C]3=[C]2[C]([H])=[C]([C](=[O])[N]([H])[C]([H])([H])[H])[C]([H])=[C]3[H])=[C]([H])[C]([C]([H])([H])[H])=[C]1[H],[H][C]1=[C]([H])[C]([C]([H])([H])[C]2=[N][N]([H])[C]3=[C]2[C]([H])=[C]([C](=[O])[N]([H])[C]([H])([H])[H])[C]([H])=[C]3[H])=[C]([H])[C]([O][C]([H])([H])[H])=[C]1[O][C]([H])([H])[H],1.594130811266977
cdk8,[H][C]1=[N][N]([C]([H])([H])[H])[C]([H])=[C]1[C]1=[C]([H])[C]([H])=[C]([C]([H])([H])[C]2=[N][N]([H])[C]3=[C]2[C]([H])=[C]([N]2[C](=[O])[C]([H])([H])[C]([H])([H])[C]2([H])[H])[C]([H])=[C]3[H])[C]([H])=[C]1[H],[H][C]1=[N][N]([C]([H])([H])[H])[C]([H])=[C]1[C]1=[C]([H])[C]([H])=[C]([C]([H])([H])[C]2=[N][N]([H])[C]3=[C]2[C]([H])=[C]([C](=[O])[N]([H])[C]([H])([H])[H])[C]([H])=[C]3[H])[C]([H])=[C]1[H],-0.5191529612508603
cmet,[H][C]1=[C]([H])[C]([c]2[c]([H])[c]([F])[c]([H])[c]([F])[c]2[H])=[N][N]([C]([H])([H])[c]2[c]([H])[c]([H])[c]([H])[c]([N]([H])[C](=[O])[O][C]([H])([H])[C]([H])([H])[H])[c]2[H])[C]1=[O],[H][C]1=[C]([C]([H])([H])[H])[O][C]([c]2[c]([H])[c]([H])[c]([H])[c]([C]([H])([H])[N]3[N]=[C]([c]4[c]([H])[c]([F])[c]([H])[c]([F])[c]4[H])[C]([H])=[C]([H])[C]3=[O])[c]2[H])=[N]1,0.5433604040013744
cmet,[H][C]1=[C]([H])[C]([c]2[c]([H])[c]([F])[c]([H])[c]([F])[c]2[H])=[N][N]([C]([H])([H])[c]2[c]([H])[c]([H])[c]([H])[c](-[c]3[n][c]([H])[c]([C]([H])([H])[H])[c]([H])[n]3)[c]2[H])[C]1=[O],[H][C]1=[C]([H])[C]([c]2[c]([H])[c]([H])[c]([H])[c]([C]#[N])[c]2[H])=[N][N]([C]([H])([H])[c]2[c]([H])[c]([H])[c]([H])[c](-[c]3[n][c]([H])[c]([O][C]([H])([H])[C]([H])([H])[N]4[C]([H])([H])[C]([H])([H])[O][C]([H])([H])[C]4([H])[H])[c]([H])[n]3)[c]2[H])[C]1=[O],-2.187505516289562
cmet,[H][C]1=[C]([H])[C]([c]2[c]([H])[c]([F])[c]([H])[c]([F])[c]2[H])=[N][N]([C]([H])([H])[c]2[c]([H])[c]([H])[c]([H])[c]([N]([H])[C](=[O])[O][C]([H])([H])[C]([H])([H])[H])[c]2[H])[C]1=[O],[H][C]1=[C]([H])[C]([c]2[c]([H])[c]([F])[c]([H])[c]([F])[c]2[H])=[N][N]([C]([H])([H])[c]2[c]([H])[c]([H])[c]([H])[c]([N]([H])[C](=[O])[O][C]([H])([H])[H])[c]2[H])[C]1=[O],0.2404408091081418
cmet,[H][C]1=[C]([H])[C]([c]2[c]([H])[c]([F])[c]([H])[c]([F])[c]2[H])=[N][N]([C]([H])([H])[c]2[c]([H])[c]([H])[c]([H])[c]([N]([H])[C](=[O])[O][C]([H])([H])[C]([H])([H])[H])[c]2[H])[C]1=[O],[H][C]1=[C]([H])[C]([c]2[c]([H])[c]([H])[c]([H])[c]([C]#[N])[c]2[H])=[N][N]([C]([H])([H])[c]2[c]([H])[c]([H])[c]([H])[c](-[c]3[n][c]([H])[c]([O][C]([H])([H])[C]([H])([H])[N]4[C]([H])([H])[C]([H])([H])[O][C]([H])([H])[C]4([H])[H])[c]([H])[n]3)[c]2[H])[C]1=[O],-3.1419021983629847
cmet,[H][C]1=[C]([H])[C]([c]2[c]([H])[c]([F])[c]([H])[c]([F])[c]2[H])=[N][N]([C]([H])([H])[c]2[c]([H])[c]([H])[c]([H])[c]([N]([H])[C](=[O])[O][C]([H])([H])[C]([H])([H])[H])[c]2[H])[C]1=[O],[H][C]1=[C]([H])[C]([c]2[c]([H])[c]([F])[c]([H])[c]([F])[c]2[H])=[N][N]([C]([H])([H])[c]2[c]([H])[c]([H])[c]([H])[c](-[c]3[n][c]([H])[c]([C]([H])([H])[H])[c]([H])[n]3)[c]2[H])[C]1=[O],-0.9543966820734227
cmet,[H][C]1=[C]([H])[C]([c]2[c]([H])[c]([F])[c]([H])[c]([F])[c]2[H])=[N][N]([C]([H])([H])[c]2[c]([H])[c]([H])[c]([H])[c]([N]([H])[C](=[O])[O][C]([H])([H])[H])[c]2[H])[C]1=[O],[H][C]1=[C]([C]([H])([H])[H])[O][C]([c]2[c]([H])[c]([H])[c]([H])[c]([C]([H])([H])[N]3[N]=[C]([c]4[c]([H])[c]([F])[c]([H])[c]([F])[c]4[H])[C]([H])=[C]([H])[C]3=[O])[c]2[H])=[N]1,0.3029195948932326
cmet,[H][C]1=[C]([H])[C]([c]2[c]([H])[c]([F])[c]([H])[c]([F])[c]2[H])=[N][N]([C]([H])([H])[c]2[c]([H])[c]([H])[c]([H])[c]([N]([H])[C](=[O])[O][C]([H])([H])[H])[c]2[H])[C]1=[O],[H][C]1=[C]([H])[C]([c]2[c]([H])[c]([F])[c]([H])[c]([F])[c]2[H])=[N][N]([C]([H])([H])[c]2[c]([H])[c]([H])[c]([H])[c](-[c]3[n][c]([H])[c]([C]([H])([H])[H])[c]([H])[n]3)[c]2[H])[C]1=[O],-1.1948374911815645
eg5,[H][C]1=[C]([H])[C]([H])=[C]([C@]2([H])[N]([H])[C]3=[C]([H])[C]([H])=[C]([C]([C]([H])([H])[H])([C]([H])([H])[H])[C]([H])([H])[H])[C]([H])=[C]3[C@@]3([H])[O][C]([H])([H])[C]([H])([H])[C]([H])([H])[C@]32[H])[S]1,[H][C]1=[C]([H])[C]([H])=[C]([C@]2([H])[N]([H])[C]3=[C]([H])[C]([H])=[C]([C]([C]([H])([H])[H])([C]([H])([H])[H])[C]([H])([H])[H])[C]([H])=[C]3[C@@]3([H])[O][C@@]([H])([C]([H])([H])[N+]([H])([H])[C]([H])([H])[H])[C]([H])([H])[C]([H])([H])[C@]32[H])[S]1,-0.9543966820734209
eg5,[H][C]1=[C]([H])[C]([H])=[C]([C@]2([H])[N]([H])[C]3=[C]([H])[C]([H])=[C]([C]([H])([H])[H])[C]([H])=[C]3[C@@]3([H])[O][C]([H])([H])[C]([H])([H])[C]([H])([H])[C@]32[H])[C]([H])=[C]1[H],[H][C]1=[C]([H])[C]([H])=[C]([C@]2([H])[N]([H])[C]3=[C]([H])[C]([H])=[C]([Cl])[C]([H])=[C]3[C@@]3([H])[O][C]([H])([H])[C]([H])([H])[C]([H])([H])[C@]32[H])[C]([H])=[C]1[H],0.3196249249344838
eg5,[H][C]1=[C]([H])[C]([H])=[C]([C@]2([H])[N]([H])[C]3=[C]([H])[C]([H])=[C]([C]([C]([H])([H])[H])([C]([H])([H])[H])[C]([H])([H])[H])[C]([H])=[C]3[C@@]3([H])[O][C]([H])([H])[C]([H])([H])[C]([H])([H])[C@]32[H])[C]([H])=[C]1[H],[H][C]1=[C]([H])[C]([H])=[C]([C@]2([H])[N]([H])[C]3=[C]([H])[C]([H])=[C]([C]([C]([H])([H])[H])([C]([H])([H])[H])[C]([H])([H])[H])[C]([H])=[C]3[C@@]3([H])[O][C]([H])([H])[C]([H])([H])[C]([H])([H])[C@]32[H])[S]1,-0.9301892393229103
eg5,[H][C]1=[C]([H])[C]([H])=[C]([C@]2([H])[N]([H])[C]3=[C]([H])[C]([H])=[C]([C]([F])([F])[F])[C]([H])=[C]3[C@@]3([H])[O][C@@]([H])([C]([H])([H])[N]([C]([H])([H])[H])[S](=[O])(=[O])[C]([H])([H])[C]([H])([H])[C]([H])([H])[N+]([H])([H])[H])[C]([H])([H])[C]([H])([H])[C@]32[H])[C]([H])=[C]1[H],[H][C]1=[C]([H])[C]([H])=[C]([C@]2([H])[N]([H])[C]3=[C]([H])[C]([H])=[C]([C]([F])([F])[F])[C]([H])=[C]3[C@@]3([H])[O][C@@]([H])([C]([H])([H])[N+]([H])([H])[H])[C]([H])([H])[C]([H])([H])[C@]32[H])[C]([H])=[C]1[H],0.6225445198277164
eg5,[H][C]1=[C]([H])[C]([H])=[C]([C@]2([H])[N]([H])[C]3=[C]([H])[C]([H])=[C]([C]([F])([F])[F])[C]([H])=[C]3[C@@]3([H])[O][C@@]([H])([C]([H])([H])[N+]([H])([H])[H])[C]([H])([H])[C]([H])([H])[C@]32[H])[C]([H])=[C]1[H],[H][C]1=[C]([H])[C]([H])=[C]([C@]2([H])[N]([H])[C]3=[C]([H])[C]([H])=[C]([C]([C]([H])([H])[H])([C]([H])([H])[H])[C]([H])([H])[H])[C]([H])=[C]3[C@@]3([H])[O][C@@]([H])([C]([H])([H])[N+]([H])([H])[C]([H])([H])[H])[C]([H])([H])[C]([H])([H])[C@]32[H])[C]([H])=[C]1[H],-0.9543966820734209
eg5,[H][C]1=[C]([H])[C]([H])=[C]([C@]2([H])[N]([H])[C]3=[C]([H])[C]([H])=[C]([C]([H])([C]([H])([H])[H])[C]([H])([H])[H])[C]([H])=[C]3[C@@]3([H])[O][C@@]([H])([C]([H])([H])[N]([H])[S](=[O])(=[O])[C]([H])([H])[C]([H])([H])[C]([H])([H])[N+]([H])([C]([H])([H])[H])[C]([H])([H])[H])[C]([H])([H])[C]([H])([H])[C@]32[H])[C]([H])=[C]1[H],[H][C]1=[C]([H])[C]([H])=[C]([C@]2([H])[N]([H])[C]3=[C]([H])[C]([H])=[C]([C]([C]([H])([H])[H])([C]([H])([H])[H])[C]([H])([H])[H])[C]([H])=[C]3[C@@]3([H])[O][C@@]([H])([C]([H])([H])[N+]([H])([H])[C]([H])([H])[H])[C]([H])([H])[C]([H])([H])[C@]32[H])[C]([H])=[C]1[H],0.41103627807204823
eg5,[H][C]1=[C]([H])[C]([H])=[C]([C@]2([H])[N]([H])[C]3=[C]([H])[C]([H])=[C]([C]([C]([H])([H])[H])([C]([H])([H])[H])[C]([H])([H])[H])[C]([H])=[C]3[C@@]3([H])[O][C@@]([H])([C]([H])([H])[N+]([H])([H])[C]([H])([H])[H])[C]([H])([H])[C]([H])([H])[C@]32[H])[C]([H])=[C]1[H],[H][C]1=[C]([H])[C]([H])=[C]([C@]2([H])[N]([H])[C]3=[C]([F])[C]([H])=[C]([Br])[C]([H])=[C]3[C@@]3([H])[O][C@@]([H])([C]([H])([H])[N+]([H])([H])[C]([H])([H])[H])[C]([H])([H])[C]([H])([H])[C@]32[H])[C]([H])=[C]1[H],-0.1705954689639082
eg5,[H][C]1=[C]([H])[C]([H])=[C]([C@]2([H])[N]([H])[C]3=[C]([H])[C]([H])=[C]([C]([C]([H])([H])[H])([C]([H])([H])[H])[C]([H])([H])[H])[C]([H])=[C]3[C@@]3([H])[O][C@@]([H])([C]([H])([H])[N+]([H])([H])[C]([H])([H])[H])[C]([H])([H])[C]([H])([H])[C@]32[H])[C]([H])=[C]1[H],[H][C]1=[C]([H])[C]([C@]2([H])[N]([H])[C]3=[C]([H])[C]([H])=[C]([C]([F])([F])[F])[C]([H])=[C]3[C@@]3([H])[O][C@@]([H])([C]([H])([H])[N+]([H])([H])[C]([H])([H])[H])[C]([H])([H])[C]([H])([H])[C@]32[H])=[C]([H])[C]([H])=[C]1[F],1.5857701491099299
eg5,[H][C]1=[C]([H])[C]([H])=[C]([C@]2([H])[N]([H])[C]3=[C]([F])[C]([H])=[C]([Br])[C]([H])=[C]3[C@@]3([H])[O][C@@]([H])([C]([H])([H])[N]([H])[C](=[O])[C]([H])([H])[C]([H])([H])[C]([H])([H])[N+]([H])([C]([H])([H])[H])[C]([H])([H])[H])[C]([H])([H])[C]([H])([H])[C@]32[H])[C]([H])=[C]1[H],[H][O][C]([H])([H])[C]([H])([H])[N+]([H])([H])[C]([H])([H])[C@]1([H])[O][C@]2([H])[C]3=[C]([H])[C]([Cl])=[C]([H])[C]([F])=[C]3[N]([H])[C@@]([H])([C]3=[C]([H])[C]([H])=[C]([H])[C]([H])=[C]3[H])[C@]2([H])[C]([H])([H])[C]1([H])[H],0.19952803631637828
eg5,[H][O][C]([H])([H])[C]([H])([H])[N+]([H])([H])[C]([H])([H])[C@]1([H])[O][C@]2([H])[C]3=[C]([H])[C]([Cl])=[C]([H])[C]([F])=[C]3[N]([H])[C@@]([H])([C]3=[C]([H])[C]([H])=[C]([H])[C]([H])=[C]3[H])[C@]2([H])[C]([H])([H])[C]1([H])[H],[H][C]1=[C]([H])[C]([H])=[C]([C@]2([H])[N]([H])[C]3=[C]([F])[C]([H])=[C]([Br])[C]([H])=[C]3[C@@]3([H])[O][C@@]([H])([C]([H])([H])[N+]([H])([H])[C]([H])([H])[C]([H])([H])[N]([H])[C](=[O])[C]([H])([H])[H])[C]([H])([H])[C]([H])([H])[C@]32[H])[C]([H])=[C]1[H],-0.09141135313756266
eg5,[H][C]1=[N][N]([C]([H])([H])[C@]2([H])[O][C@]3([H])[C]4=[C]([H])[C]([C]([F])([F])[F])=[C]([H])[C]([H])=[C]4[N]([H])[C@@]([H])([C]4=[C]([H])[C]([H])=[C]([H])[C]([H])=[C]4[H])[C@]3([H])[C]([H])([H])[C]2([H])[H])[C]([H])=[N]1,[H][C]1=[C]([H])[C]([H])=[C]([C@]2([H])[N]([H])[C]3=[C]([H])[C]([H])=[C]([C]([C]([H])([H])[H])([C]([H])([H])[H])[C]([H])([H])[H])[C]([H])=[C]3[C@@]3([H])[O][C]([H])([H])[C]([H])([H])[C]([H])([H])[C@]32[H])[C]([H])=[C]1[H],1.7764692382175156
eg5,[H][C]1=[C]([H])[C]([H])=[C]([C@]2([H])[N]([H])[C]3=[C]([H])[C]([H])=[C]([C]([C]([H])([H])[H])([C]([H])([H])[H])[C]([H])([H])[H])[C]([H])=[C]3[C@@]3([H])[O][C]([H])([H])[C]([H])([H])[C]([H])([H])[C@]32[H])[C]([H])=[C]1[H],[H][C]1=[C]([H])[C]([C@]2([H])[N]([H])[C]3=[C]([H])[C]([H])=[C]([C]([C]([H])([H])[H])([C]([H])([H])[H])[C]([H])([H])[H])[C]([H])=[C]3[C@@]3([H])[O][C]([H])([H])[C]([H])([H])[C]([H])([H])[C@]32[H])=[C]([H])[S]1,0.0
eg5,[H][O][C]([H])([H])[C]([H])([H])[N@@+]([H])([C]([H])([H])[C]([H])([H])[H])[C]([H])([H])[C@]1([H])[O][C@]2([H])[C]3=[C]([H])[C]([C]([C]([H])([H])[H])([C]([H])([H])[H])[C]([H])([H])[H])=[C]([H])[C]([H])=[C]3[N]([H])[C@@]([H])([C]3=[C]([H])[C]([H])=[C]([H])[C]([H])=[C]3[H])[C@]2([H])[C]([H])([H])[C]1([H])[H],[H][C]1=[C]([H])[C]([H])=[C]([C@]2([H])[N]([H])[C]3=[C]([H])[C]([H])=[C]([C]([C]([H])([H])[H])([C]([H])([H])[H])[C]([H])([H])[H])[C]([H])=[C]3[C@@]3([H])[O][C@@]([H])([C]([H])([H])[N+]([H])([H])[C]([H])([H])[H])[C]([H])([H])[C]([H])([H])[C@]32[H])[C]([H])=[C]1[H],-0.9239797585016021
eg5,[H][O][C]([H])([H])[C]([H])([H])[C]([H])([H])[N]([H])[C](=[O])[N]([H])[C]([H])([H])[C@]1([H])[O][C@]2([H])[C]3=[C]([H])[C]([C]([F])([F])[F])=[C]([H])[C]([H])=[C]3[N]([H])[C@@]([H])([C]3=[C]([H])[C]([H])=[C]([H])[C]([H])=[C]3[H])[C@]2([H])[C]([H])([H])[C]1([H])[H],[H][C]1=[C]([H])[C]([H])=[C]([C@]2([H])[N]([H])[C]3=[C]([H])[C]([H])=[C]([C]([C]([H])([H])[H])([C]([H])([H])[H])[C]([H])([H])[H])[C]([H])=[C]3[C@@]3([H])[O][C]([H])([H])[C]([H])([H])[C]([H])([H])[C@]32[H])[C]([H])=[C]1[H],1.41703070670032
eg5,[H][C]1=[C]([H])[C]([H])=[C]([C@]2([H])[N]([H])[C]3=[C]([H])[C]([H])=[C]([C]([F])([F])[F])[C]([H])=[C]3[C@@]3([H])[O][C@@]([H])([C]([H])([H])[N+]([H])([H])[H])[C]([H])([H])[C]([H])([H])[C@]32[H])[C]([H])=[C]1[H],[H][C]1=[C]([H])[C]([H])=[C]([C@]2([H])[N]([H])[C]3=[C]([H])[C]([H])=[C]([C]([F])([F])[F])[C]([H])=[C]3[C@@]3([H])[O][C@@]([H])([C]([H])([H])[N]([H])[C](=[O])[O][C]([H])([H])[C]([H])([H])[N+]([H])([C]([H])([H])[H])[C]([H])([H])[H])[C]([H])([H])[C]([H])([H])[C@]32[H])[C]([H])=[C]1[H],-0.21150824175566818
eg5,[H][C]1=[C]([H])[C]([H])=[C]([C@]2([H])[N]([H])[C]3=[C]([H])[C]([H])=[C]([C]([F])([F])[F])[C]([H])=[C]3[C@@]3([H])[O][C@@]([H])([C]([H])([H])[N]([H])[C](=[O])[O][C]([H])([H])[C]([H])([H])[N+]([H])([C]([H])([H])[H])[C]([H])([H])[H])[C]([H])([H])[C]([H])([H])[C@]32[H])[C]([H])=[C]1[H],[H][C]1=[C]([H])[C]([H])=[C]([C@]2([H])[N]([H])[C]3=[C]([H])[C]([H])=[C]([C]([F])([F])[F])[C]([H])=[C]3[C@@]3([H])[O][C@@]([H])([C]([H])([H])[N]([H])[C](=[O])[N]([H])[C]([H])([H])[C]([H])([H])[N+]([H])([C]([H])([H])[H])[C]([H])([H])[H])[C]([H])([H])[C]([H])([H])[C@]32[H])[C]([H])=[C]1[H],-0.33185216224570624
eg5,[H][O][C]1=[C]([H])[C]([H])=[C]([C@]2([H])[N]([H])[C]3=[C]([H])[C]([H])=[C]([C]([C]([H])([H])[H])([C]([H])([H])[H])[C]([H])([H])[H])[C]([H])=[C]3[C@@]3([H])[O][C]([H])([H])[C]([H])([H])[C]([H])([H])[C@]32[H])[C]([H])=[C]1[F],[H][C]1=[C]([H])[C]([H])=[C]([C@]2([H])[N]([H])[C]3=[C]([H])[C]([H])=[C]([C]([C]([H])([H])[H])([C]([H])([H])[H])[C]([H])([H])[H])[C]([H])=[C]3[C@@]3([H])[O][C]([H])([H])[C]([H])([H])[C]([H])([H])[C@]32[H])[C]([H])=[C]1[H],1.1588870904444164
eg5,[H][O][C]1=[C]([H])[C]([H])=[C]([C@]2([H])[N]([H])[C]3=[C]([H])[C]([H])=[C]([C]([C]([H])([H])[H])([C]([H])([H])[H])[C]([H])([H])[H])[C]([H])=[C]3[C@@]3([H])[O][C]([H])([H])[C]([H])([H])[C]([H])([H])[C@]32[H])[C]([H])=[C]1[H],[H][O][C]1=[C]([H])[C]([H])=[C]([C@]2([H])[N]([H])[C]3=[C]([H])[C]([H])=[C]([C]([C]([H])([H])[H])([C]([H])([H])[H])[C]([H])([H])[H])[C]([H])=[C]3[C@@]3([H])[O][C]([H])([H])[C]([H])([H])[C]([H])([H])[C@]32[H])[C]([H])=[C]1[F],-0.41103627807204823
eg5,[H][C]1=[C]([H])[C]([H])=[C]([C@]2([H])[N]([H])[C]3=[C]([H])[C]([H])=[C]([C]([C]([H])([H])[H])([C]([H])([H])[H])[C]([H])([H])[H])[C]([H])=[C]3[C@@]3([H])[O][C]([H])([H])[C]([H])([H])[C]([H])([H])[C@]32[H])[C]([H])=[C]1[H],[H][C]1=[C]([H])[C]([H])=[C]([C@]2([H])[N]([H])[C]3=[C]([H])[C]([H])=[C]([C]([H])([H])[H])[C]([H])=[C]3[C@@]3([H])[O][C]([H])([H])[C]([H])([H])[C]([H])([H])[C@]32[H])[C]([H])=[C]1[H],0.7428884403177527
eg5,[H][C]1=[C]([H])[C]([H])=[C]([C@]2([H])[N]([H])[C]3=[C]([H])[C]([H])=[C]([C]([C]([H])([H])[H])([C]([H])([H])[H])[C]([H])([H])[H])[C]([H])=[C]3[C@@]3([H])[O][C]([H])([H])[C]([H])([H])[C]([H])([H])[C@]32[H])[S]1,[H][C]1=[C]([H])[C]([C@]2([H])[N]([H])[C]3=[C]([H])[C]([H])=[C]([C]([C]([H])([H])[H])([C]([H])([H])[H])[C]([H])([H])[H])[C]([H])=[C]3[C@@]3([H])[O][C]([H])([H])[C]([H])([H])[C]([H])([H])[C@]32[H])=[C]([H])[S]1,0.9301892393229103
eg5,[H][C]1=[C]([H])[C]([H])=[C]([C@]2([H])[N]([H])[C]3=[C]([H])[C]([H])=[C]([C]([F])([F])[F])[C]([H])=[C]3[C@@]3([H])[O][C@@]([H])([C]([H])([H])[N]([H])[S](=[O])(=[O])[C]([H])([H])[C]([H])([H])[N+]([H])([H])[C]([H])([H])[H])[C]([H])([H])[C]([H])([H])[C@]32[H])[C]([H])=[C]1[H],[H][O][C]1=[C]([H])[C]([H])=[C]([C@]2([H])[N]([H])[C]3=[C]([H])[C]([H])=[C]([C]([F])([F])[F])[C]([H])=[C]3[C@@]3([H])[O][C@@]([H])([C]([H])([H])[N+]([H])([H])[C]([H])([H])[H])[C]([H])([H])[C]([H])([H])[C@]32[H])[C]([H])=[C]1[H],0.0
eg5,[H][C]1=[C]([H])[C]([H])=[C]([C@]2([H])[N]([H])[C]3=[C]([H])[C]([H])=[C]([C]([F])([F])[F])[C]([H])=[C]3[C@@]3([H])[O][C@@]([H])([C]([H])([H])[N+]([H])([H])[H])[C]([H])([H])[C]([H])([H])[C@]32[H])[C]([H])=[C]1[H],[H][C]1=[C]([H])[C]([H])=[C]([C@]2([H])[N]([H])[C]3=[C]([H])[C]([H])=[C]([C]([C]([H])([H])[H])([C]([H])([H])[H])[C]([H])([H])[H])[C]([H])=[C]3[C@@]3([H])[O][C]([H])([H])[C]([H])([H])[C]([H])([H])[C@]32[H])[C]([H])=[C]1[H],1.0625133652522365
eg5,[H][O][C]1=[C]([H])[C]([H])=[C]([C@]2([H])[N]([H])[C]3=[C]([H])[C]([H])=[C]([C]([F])([F])[F])[C]([H])=[C]3[C@@]3([H])[O][C@@]([H])([C]([H])([H])[N+]([H])([H])[C]([H])([H])[H])[C]([H])([H])[C]([H])([H])[C@]32[H])[C]([H])=[C]1[H],[H][C]1=[C]([H])[C]([H])=[C]([N]([C]([H])([H])[C]([H])([H])[N+]([H])([H])[H])[C]([H])([H])[C@]2([H])[O][C@]3([H])[C]4=[C]([H])[C]([C]([F])([F])[F])=[C]([H])[C]([H])=[C]4[N]([H])[C@@]([H])([C]4=[C]([H])[C]([H])=[C]([H])[C]([H])=[C]4[H])[C@]3([H])[C]([H])([H])[C]2([H])[H])[C]([H])=[C]1[H],0.9239797585016021
eg5,[H][C]1=[C]([H])[C]([H])=[C]([C@]2([H])[N]([H])[C]3=[C]([H])[C]([H])=[C]([C]([H])([C]([H])([H])[H])[C]([H])([H])[H])[C]([H])=[C]3[C@@]3([H])[O][C@@]([H])([C]([H])([H])[N]([H])[S](=[O])(=[O])[C]([H])([H])[C]([H])([H])[C]([H])([H])[N+]([H])([C]([H])([H])[H])[C]([H])([H])[H])[C]([H])([H])[C]([H])([H])[C@]32[H])[C]([H])=[C]1[H],[H][C]1=[C]([H])[C]([H])=[C]([C@]2([H])[N]([H])[C]3=[C]([H])[C]([H])=[C]([C]([F])([F])[F])[C]([H])=[C]3[C@@]3([H])[O][C@@]([H])([C]([H])([H])[N+]([H])([H])[H])[C]([H])([H])[C]([H])([H])[C@]32[H])[C]([H])=[C]1[H],1.365432960145469
eg5,[H][C]1=[C]([H])[C]([H])=[C]([C@]2([H])[N]([H])[C]3=[C]([F])[C]([H])=[C]([Br])[C]([H])=[C]3[C@@]3([H])[O][C@@]([H])([C]([H])([H])[N+]([H])([H])[C]([H])([H])[H])[C]([H])([H])[C]([H])([H])[C@]32[H])[C]([H])=[C]1[H],[H][O][C]([H])([H])[C]([H])([H])[N+]([H])([H])[C]([H])([H])[C@]1([H])[O][C@]2([H])[C]3=[C]([H])[C]([Cl])=[C]([H])[C]([F])=[C]3[N]([H])[C@@]([H])([C]3=[C]([H])[C]([H])=[C]([H])[C]([H])=[C]3[H])[C@]2([H])[C]([H])([H])[C]1([H])[H],0.5024476312096127
eg5,[H][C]1=[C]([H])[C]([C@]2([H])[N]([H])[C]3=[C]([H])[C]([H])=[C]([C]([C]([H])([H])[H])([C]([H])([H])[H])[C]([H])([H])[H])[C]([H])=[C]3[C@@]3([H])[O][C]([H])([H])[C]([H])([H])[C]([H])([H])[C@]32[H])=[C]([H])[S]1,[H][C]1=[C]([H])[C]([H])=[C]([C@]2([H])[N]([H])[C]3=[C]([H])[C]([H])=[C]([C]([C]([H])([H])[H])([C]([H])([H])[H])[C]([H])([H])[H])[C]([H])=[C]3[C@@]3([H])[O][C@@]([H])([C]([H])([H])[N+]([H])([H])[C]([H])([H])[H])[C]([H])([H])[C]([H])([H])[C@]32[H])[S]1,-1.8845859213963312
eg5,[H][C]1=[C]([H])[C]([H])=[C]([C@]2([H])[N]([H])[C]3=[C]([F])[C]([H])=[C]([Br])[C]([H])=[C]3[C@@]3([H])[O][C@@]([H])([C]([H])([H])[N+]([H])([H])[C]([H])([H])[H])[C]([H])([H])[C]([H])([H])[C@]32[H])[C]([H])=[C]1[H],[H][C]1=[C]([H])[C]([H])=[C]([C@]2([H])[N]([H])[C]3=[C]([F])[C]([H])=[C]([Br])[C]([H])=[C]3[C@@]3([H])[O][C@@]([H])([C]([H])([H])[N+]([H])([H])[C]([H])([H])[C]([H])([H])[N]([H])[C](=[O])[C]([H])([H])[H])[C]([H])([H])[C]([H])([H])[C@]32[H])[C]([H])=[C]1[H],0.41103627807205
eg5,[H][C]1=[C]([H])[C]([H])=[C]([C@]2([H])[N]([H])[C]3=[C]([H])[C]([H])=[C]([C]([C]([H])([H])[H])([C]([H])([H])[H])[C]([H])([H])[H])[C]([H])=[C]3[C@@]3([H])[O][C]([H])([H])[C]([H])([H])[C]([H])([H])[C@]32[H])[C]([H])=[C]1[H],[H][C]1=[C]([H])[C]([H])=[C]([C@]2([H])[N]([H])[C]3=[C]([H])[C]([H])=[C]([C]([C]([H])([H])[H])([C]([H])([H])[H])[C]([H])([H])[H])[C]([H])=[C]3[C@@]3([H])[O][C@@]([H])([C]([H])([H])[N+]([H])([H])[C]([H])([H])[H])[C]([H])([H])[C]([H])([H])[C@]32[H])[C]([H])=[C]1[H],-2.0169100473256574
eg5,[H][C]1=[C]([H])[C]([H])=[C]([C@]2([H])[N]([H])[C]3=[C]([H])[C]([H])=[C]([C]([F])([F])[F])[C]([H])=[C]3[C@@]3([H])[O][C@@]([H])([C]([H])([H])[N+]([H])([H])[H])[C]([H])([H])[C]([H])([H])[C@]32[H])[C]([H])=[C]1[H],[H][C]1=[C]([H])[C]([H])=[C]([N]([C]([H])([H])[C]([H])([H])[N+]([H])([H])[H])[C]([H])([H])[C@]2([H])[O][C@]3([H])[C]4=[C]([H])[C]([C]([F])([F])[F])=[C]([H])[C]([H])=[C]4[N]([H])[C@@]([H])([C]4=[C]([H])[C]([H])=[C]([H])[C]([H])=[C]4[H])[C@]3([H])[C]([H])([H])[C]2([H])[H])[C]([H])=[C]1[H],-0.0304169235718188
eg5,[H][C]1=[C]([H])[C]([H])=[C]([C@]2([H])[N]([H])[C]3=[C]([F])[C]([H])=[C]([Cl])[C]([H])=[C]3[C@@]3([H])[O][C@@]([H])([C]([H])([H])[N]([H])[S](=[O])(=[O])[C]([H])([H])[C]([H])([H])[N+]([H])([C]([H])([H])[H])[C]([H])([H])[H])[C]([H])([H])[C]([H])([H])[C@]32[H])[C]([H])=[C]1[H],[H][C]1=[C]([H])[C]([H])=[C]([C@]2([H])[N]([H])[C]3=[C]([F])[C]([H])=[C]([Br])[C]([H])=[C]3[C@@]3([H])[O][C@@]([H])([C]([H])([H])[N+]([H])([H])[C]([H])([H])[H])[C]([H])([H])[C]([H])([H])[C@]32[H])[C]([H])=[C]1[H],0.24044080910814003
eg5,[H][O][C]1=[C]([H])[C]([H])=[C]([C@]2([H])[N]([H])[C]3=[C]([H])[C]([H])=[C]([C]([C]([H])([H])[H])([C]([H])([H])[H])[C]([H])([H])[H])[C]([H])=[C]3[C@@]3([H])[O][C]([H])([H])[C]([H])([H])[C]([H])([H])[C@]32[H])[C]([H])=[C]1[H],[H][C]1=[N][N]([C]([H])([H])[C@]2([H])[O][C@]3([H])[C]4=[C]([H])[C]([C]([F])([F])[F])=[C]([H])[C]([H])=[C]4[N]([H])[C@@]([H])([C]4=[C]([H])[C]([H])=[C]([H])[C]([H])=[C]4[H])[C@]3([H])[C]([H])([H])[C]2([H])[H])[C]([H])=[N]1,-1.0286184258451474
eg5,[H][C]1=[C]([H])[C]([H])=[C]([C@]2([H])[N]([H])[C]3=[C]([F])[C]([H])=[C]([Br])[C]([H])=[C]3[C@@]3([H])[O][C@@]([H])([C]([H])([H])[N]([H])[C](=[O])[C]([H])([H])[C]([H])([H])[C]([H])([H])[N+]([H])([C]([H])([H])[H])[C]([H])([H])[H])[C]([H])([H])[C]([H])([H])[C@]32[H])[C]([H])=[C]1[H],[H][C]1=[C]([H])[C]([H])=[C]([C@]2([H])[N]([H])[C]3=[C]([F])[C]([H])=[C]([Br])[C]([H])=[C]3[C@@]3([H])[O][C@@]([H])([C]([H])([H])[N+]([H])([H])[C]([H])([H])[H])[C]([H])([H])[C]([H])([H])[C@]32[H])[C]([H])=[C]1[H],-0.3029195948932344
eg5,[H][C]1=[C]([H])[C]([H])=[C]([C@]2([H])[N]([H])[C]3=[C]([H])[C]([H])=[C]([C]([C]([H])([H])[H])([C]([H])([H])[H])[C]([H])([H])[H])[C]([H])=[C]3[C@@]3([H])[O][C@@]([H])([C]([H])([H])[N+]([H])([H])[C]([H])([H])[H])[C]([H])([H])[C]([H])([H])[C@]32[H])[C]([H])=[C]1[H],[H][C]1=[C]([H])[C]([H])=[C]([C@]2([H])[N]([H])[C]3=[C]([H])[C]([H])=[C]([C]4([H])[C]([H])([H])[C]4([H])[H])[C]([H])=[C]3[C@@]3([H])[O][C@@]([H])([C]([H])([H])[N+]([H])([H])[C]([H])([H])[H])[C]([H])([H])[C]([H])([H])[C@]32[H])[C]([H])=[C]1[H],0.5998793406253373
eg5,[H][C]1=[C]([H])[C]([H])=[C]([C@]2([H])[N]([H])[C]3=[C]([H])[C]([H])=[C]([C]([F])([F])[F])[C]([H])=[C]3[C@@]3([H])[O][C@@]([H])([C]([H])([H])[N]([H])[S](=[O])(=[O])[C]([H])([H])[C]([H])([H])[N+]([H])([H])[C]([H])([H])[H])[C]([H])([H])[C]([H])([H])[C@]32[H])[C]([H])=[C]1[H],[H][C]1=[C]([H])[C]([H])=[C]([C@]2([H])[N]([H])[C]3=[C]([F])[C]([H])=[C]([Cl])[C]([H])=[C]3[C@@]3([H])[O][C@@]([H])([C]([H])([H])[N]([H])[S](=[O])(=[O])[C]([H])([H])[C]([H])([H])[N+]([H])([C]([H])([H])[H])[C]([H])([H])[H])[C]([H])([H])[C]([H])([H])[C@]32[H])[C]([H])=[C]1[H],-0.41103627807204823
eg5,[H][O][C]1=[C]([H])[C]([H])=[C]([C@]2([H])[N]([H])[C]3=[C]([H])[C]([H])=[C]([C]([C]([H])([H])[H])([C]([H])([H])[H])[C]([H])([H])[H])[C]([H])=[C]3[C@@]3([H])[O][C]([H])([H])[C]([H])([H])[C]([H])([H])[C@]32[H])[C]([H])=[C]1[H],[H][O][C]([H])([H])[C]([H])([H])[C]([H])([H])[N]([H])[C](=[O])[N]([H])[C]([H])([H])[C@]1([H])[O][C@]2([H])[C]3=[C]([H])[C]([C]([F])([F])[F])=[C]([H])[C]([H])=[C]3[N]([H])[C@@]([H])([C]3=[C]([H])[C]([H])=[C]([H])[C]([H])=[C]3[H])[C@]2([H])[C]([H])([H])[C]1([H])[H],-0.6691798943279519
eg5,[H][C]1=[C]([H])[C]([H])=[C]([C@]2([H])[N]([H])[C]3=[C]([H])[C]([H])=[C]([C]([F])([F])[F])[C]([H])=[C]3[C@@]3([H])[O][C@@]([H])([C]([H])([H])[N+]([H])([H])[H])[C]([H])([H])[C]([H])([H])[C@]32[H])[C]([H])=[C]1[H],[H][C]1=[C]([H])[C]([H])=[C]([C@]2([H])[N]([H])[C]3=[C]([H])[C]([H])=[C]([C]([F])([F])[F])[C]([H])=[C]3[C@@]3([H])[O][C@@]([H])([C]([H])([H])[N]([H])[C](=[O])[N]([H])[C]([H])([H])[C]([H])([H])[N+]([H])([C]([H])([H])[H])[C]([H])([H])[H])[C]([H])([H])[C]([H])([H])[C@]32[H])[C]([H])=[C]1[H],-0.5433604040013744
eg5,[H][O][C]1=[C]([H])[C]([H])=[C]([C@]2([H])[N]([H])[C]3=[C]([H])[C]([H])=[C]([C]([F])([F])[F])[C]([H])=[C]3[C@@]3([H])[O][C@@]([H])([C]([H])([H])[N+]([H])([H])[C]([H])([H])[H])[C]([H])([H])[C]([H])([H])[C@]32[H])[C]([H])=[C]1[H],[H][C]1=[C]([H])[C]([C@]2([H])[N]([H])[C]3=[C]([H])[C]([H])=[C]([C]([F])([F])[F])[C]([H])=[C]3[C@@]3([H])[O][C@@]([H])([C]([H])([H])[N+]([H])([H])[C]([H])([H])[H])[C]([H])([H])[C]([H])([H])[C@]32[H])=[C]([H])[C]([H])=[C]1[F],1.5857701491099299
eg5,[H][C]1=[C]([H])[C]([H])=[C]([C@]2([H])[N]([H])[C]3=[C]([H])[C]([H])=[C]([C]4([H])[C]([H])([H])[C]4([H])[H])[C]([H])=[C]3[C@@]3([H])[O][C@@]([H])([C]([H])([H])[N+]([H])([H])[C]([H])([H])[H])[C]([H])([H])[C]([H])([H])[C@]32[H])[C]([H])=[C]1[H],[H][C]1=[C]([H])[C]([H])=[C]([C@]2([H])[N]([H])[C]3=[C]([F])[C]([H])=[C]([Br])[C]([H])=[C]3[C@@]3([H])[O][C@@]([H])([C]([H])([H])[N+]([H])([H])[C]([H])([H])[H])[C]([H])([H])[C]([H])([H])[C@]32[H])[C]([H])=[C]1[H],-0.7704748095892455
eg5,[H][C]1=[C]([H])[C]([H])=[C]([C@]2([H])[N]([H])[C]3=[C]([H])[C]([H])=[C]([C]([C]([H])([H])[H])([C]([H])([H])[H])[C]([H])([H])[H])[C]([H])=[C]3[C@@]3([H])[O][C]([H])([H])[C]([H])([H])[C]([H])([H])[C@]32[H])[C]([H])=[C]1[H],[H][C]1=[C]([H])[C]([H])=[C]([C@]2([H])[N]([H])[C]3=[C]([H])[C]([H])=[C]([Cl])[C]([H])=[C]3[C@@]3([H])[O][C]([H])([H])[C]([H])([H])[C]([H])([H])[C@]32[H])[C]([H])=[C]1[H],1.0625133652522365
eg5,[H][O][C]1=[C]([H])[C]([H])=[C]([C@]2([H])[N]([H])[C]3=[C]([H])[C]([H])=[C]([C]([F])([F])[F])[C]([H])=[C]3[C@@]3([H])[O][C@@]([H])([C]([H])([H])[N+]([H])([H])[C]([H])([H])[H])[C]([H])([H])[C]([H])([H])[C@]32[H])[C]([H])=[C]1[H],[H][C]1=[C]([H])[C]([H])=[C]([C@]2([H])[N]([H])[C]3=[C]([H])[C]([H])=[C]([C]([F])([F])[F])[C]([H])=[C]3[C@@]3([H])[O][C@@]([H])([C]([H])([H])[N+]([H])([H])[H])[C]([H])([H])[C]([H])([H])[C@]32[H])[C]([H])=[C]1[H],0.9543966820734209
eg5,[H][O][C]1=[C]([H])[C]([H])=[C]([C@]2([H])[N]([H])[C]3=[C]([H])[C]([H])=[C]([C]([F])([F])[F])[C]([H])=[C]3[C@@]3([H])[O][C@@]([H])([C]([H])([H])[N+]([H])([H])[C]([H])([H])[H])[C]([H])([H])[C]([H])([H])[C@]32[H])[C]([H])=[C]1[H],[H][C]1=[C]([H])[C]([H])=[C]([C@]2([H])[N]([H])[C]3=[C]([H])[C]([H])=[C]([C]([F])([F])[F])[C]([H])=[C]3[C@@]3([H])[O][C@@]([H])([C]([H])([H])[N]([C]([H])([H])[H])[S](=[O])(=[O])[C]([H])([H])[C]([H])([H])[C]([H])([H])[N+]([H])([H])[H])[C]([H])([H])[C]([H])([H])[C@]32[H])[C]([H])=[C]1[H],0.33185216224570446
eg5,[H][C]1=[C]([H])[C]([H])=[C]([C@]2([H])[N]([H])[C]3=[C]([H])[C]([H])=[C]([C]([F])([F])[F])[C]([H])=[C]3[C@@]3([H])[O][C@@]([H])([C]([H])([H])[N]([H])[S](=[O])(=[O])[C]([H])([H])[C]([H])([H])[N+]([H])([H])[C]([H])([H])[H])[C]([H])([H])[C]([H])([H])[C@]32[H])[C]([H])=[C]1[H],[H][C]1=[C]([H])[C]([H])=[C]([C@]2([H])[N]([H])[C]3=[C]([H])[C]([H])=[C]([C]([F])([F])[F])[C]([H])=[C]3[C@@]3([H])[O][C@@]([H])([C]([H])([H])[N+]([H])([H])[H])[C]([H])([H])[C]([H])([H])[C@]32[H])[C]([H])=[C]1[H],0.9543966820734209
eg5,[H][O][C]1=[C]([H])[C]([H])=[C]([C@]2([H])[N]([H])[C]3=[C]([H])[C]([H])=[C]([C]([C]([H])([H])[H])([C]([H])([H])[H])[C]([H])([H])[H])[C]([H])=[C]3[C@@]3([H])[O][C]([H])([H])[C]([H])([H])[C]([H])([H])[C@]32[H])[C]([H])=[C]1[H],[H][C]1=[C]([H])[C]([H])=[C]([C@]2([H])[N]([H])[C]3=[C]([H])[C]([H])=[C]([C]([C]([H])([H])[H])([C]([H])([H])[H])[C]([H])([H])[H])[C]([H])=[C]3[C@@]3([H])[O][C]([H])([H])[C]([H])([H])[C]([H])([H])[C@]32[H])[C]([H])=[C]1[H],0.7478508123723682
hif2a,[H][O][C@@]1([H])[C]2=[C]([C]([O][C]3=[C]([H])[C]([Cl])=[C]([H])[C]([C]#[N])=[C]3[H])=[C]([H])[C]([H])=[C]2[S](=[O])(=[O])[C]([H])([H])[H])[C]([H])([H])[C]1([F])[F],[H][O][C@@]1([H])[C]2=[C]([C]([O][C]3=[C]([H])[C]([Cl])=[C]([H])[C]([C]#[N])=[C]3[H])=[C]([H])[C]([H])=[C]2[S](=[O])(=[O])[C]([H])([H])[F])[C]([H])([H])[C]1([F])[F],-0.32617747779312545
hif2a,[H][O][C@@]1([H])[C]2=[C]([C]([O][C]3=[C]([H])[C]([F])=[C]([H])[C]([Cl])=[C]3[H])=[C]([H])[C]([H])=[C]2[S](=[O])(=[O])[C]([H])([F])[F])[C]([H])([H])[C]1([H])[H],[H][C]1=[C]([F])[C]([H])=[C]([O][C]2=[C]([H])[C]([H])=[C]([S](=[O])(=[O])[C]([H])([F])[F])[C]3=[C]2[C](=[O])[O][C]3([H])[H])[C]([H])=[C]1[Cl],3.752466512751412
hif2a,[H][O][C]([H])([H])[C]1=[C]([Cl])[C]([O][C]2=[C]([H])[C]([F])=[C]([H])[C]([C]#[N])=[C]2[H])=[C]([H])[C]([H])=[C]1[S](=[O])(=[O])[C]([H])([F])[F],[H][C]1=[C]([F])[C]([H])=[C]([O][C]2=[C]([H])[C]([H])=[C]([S](=[O])(=[O])[C]([H])([F])[F])[C]([Cl])=[C]2[C]#[N])[C]([H])=[C]1[C]#[N],-1.62743978224694
hif2a,[H][O][C]([H])([H])[C]1=[C]([C]([H])([F])[F])[C]([O][C]2=[C]([H])[C]([F])=[C]([H])[C]([Cl])=[C]2[H])=[C]([H])[C]([H])=[C]1[S](=[O])(=[O])[C]([H])([H])[H],[H][O][C]([H])([H])[C]1=[C]([Cl])[C]([O][C]2=[C]([H])[C]([F])=[C]([H])[C]([Cl])=[C]2[H])=[C]([H])[C]([H])=[C]1[S](=[O])(=[O])[C]([H])([F])[F],-0.47792400610023655
hif2a,[H][O][C@@]1([H])[C]2=[C]([C]([O][C]3=[C]([H])[C]([F])=[C]([H])[C]([C]#[N])=[C]3[H])=[C]([H])[C]([H])=[C]2[S](=[O])(=[O])[C]([H])([F])[F])[C]([H])([H])[C]1([H])[H],[H][C]1=[C]([F])[C]([H])=[C]([O][C]2=[C]([H])[C]([H])=[C]([S](=[O])(=[O])[C]([H])([F])[F])[C]([Cl])=[C]2[C]#[N])[C]([H])=[C]1[C]#[N],-0.06247878578509081
hif2a,[H][O][C@@]1([H])[C]2=[C]([C]([O][C]3=[C]([H])[C]([Cl])=[C]([H])[N]=[C]3[H])=[C]([H])[C]([H])=[C]2[S](=[O])(=[O])[C]([H])([F])[F])[C]([H])([H])[C]1([F])[F],[H][O][C@@]1([H])[C]2=[C]([C]([O][C]3=[C]([H])[N]([C]([H])([H])[H])[N]=[C]3[H])=[C]([H])[C]([H])=[C]2[S](=[O])(=[O])[C]([F])([F])[F])[C]([H])([H])[C]1([F])[F],0.6235660532414027
hif2a,[H][O][C@@]1([H])[C]2=[C]([C]([O][C]3=[C]([H])[C]([F])=[C]([H])[C]([C]#[N])=[C]3[H])=[C]([H])[C]([H])=[C]2[S](=[O])(=[O])[C]([H])([F])[F])[C]([H])([H])[C]1([H])[H],[H][O][C@@]1([H])[C]2=[C]([C]([O][C]3=[C]([H])[C]([F])=[C]([H])[C]([Cl])=[C]3[H])=[C]([H])[C]([H])=[C]2[S](=[O])(=[O])[C]([H])([F])[F])[C]([H])([H])[C]1([H])[H],-0.8220725561440947
hif2a,[H][C]1=[C]([H])[C]([C]#[N])=[C]([H])[C]([O][C]2=[C]([H])[C]([H])=[C]([S](=[O])(=[O])[C]([H])([F])[F])[C]([C]([H])([H])[H])=[C]2[C]#[N])=[C]1[H],[H][C]1=[C]([F])[C]([H])=[C]([O][C]2=[C]([H])[C]([H])=[C]([S](=[O])(=[O])[C]([H])([F])[F])[C]([Cl])=[C]2[C]#[N])[C]([H])=[C]1[C]#[N],-1.7248714916626664
hif2a,[H][O][C@@]1([H])[C]2=[C]([C]([O][C]3=[C]([H])[C]([F])=[C]([H])[C]([C]#[N])=[C]3[H])=[C]([H])[C]([H])=[C]2[S](=[O])(=[O])[C]([H])([F])[F])[C]([H])([H])[C]1([H])[H],[H][O][C]([H])([H])[C]1=[C]([Cl])[C]([O][C]2=[C]([H])[C]([F])=[C]([H])[C]([C]#[N])=[C]2[H])=[C]([H])[C]([H])=[C]1[S](=[O])(=[O])[C]([H])([F])[F],1.5649609964618492
hif2a,[H][O][C@@]1([H])[C]2=[C]([C]([O][C]3=[C]([H])[C]([Cl])=[C]([H])[C]([C]#[N])=[C]3[H])=[C]([H])[C]([H])=[C]2[S](=[O])(=[O])[C]([H])([H])[H])[C]([H])([H])[C]1([F])[F],[H][O][C@@]1([H])[C]2=[C]([C]([O][C]3=[C]([H])[C]([F])=[C]([H])[C]([F])=[C]3[H])=[C]([H])[C]([H])=[C]2[C]#[N])[C]([H])([H])[C]1([F])[F],0.17627015341648367
hif2a,[H][O][C@@]1([H])[C]2=[C]([C]([O][C]3=[C]([H])[C]([F])=[C]([H])[C]([F])=[C]3[H])=[C]([H])[C]([H])=[C]2[S](=[O])(=[O])[N]([H])[H])[C]([H])([H])[C]1([F])[F],[H][O][C@@]1([H])[C]2=[C]([C]([O][C]3=[C]([H])[C]([F])=[C]([H])[C]([F])=[C]3[H])=[C]([H])[C]([H])=[C]2[S](=[O])(=[O])[N]([H])[C]([H])([H])[H])[C]([H])([H])[C]1([F])[F],0.4304806430060797
hif2a,[H][O][C]([H])([H])[C]1=[C]([Cl])[C]([O][C]2=[C]([H])[C]([H])=[C]([H])[C]([C]#[N])=[C]2[H])=[C]([H])[C]([H])=[C]1[S](=[O])(=[O])[C]([H])([F])[F],[H][C]1=[C]([H])[C]([C]#[N])=[C]([H])[C]([O][C]2=[C]([H])[C]([H])=[C]([S](=[O])(=[O])[C]([H])([F])[F])[C]([C]([H])([H])[H])=[C]2[C]#[N])=[C]1[H],-0.1430090996924136
hif2a,[H][O][C@@]1([H])[C]2=[C]([C]([O][C]3=[C]([H])[C]([F])=[C]([H])[C]([C]#[N])=[C]3[H])=[C]([H])[C]([H])=[C]2[S](=[O])(=[O])[C]([H])([H])[H])[C]([H])([H])[C]1([F])[F],[H][O][C@@]1([H])[C]2=[C]([C]([O][C]3=[C]([H])[C]([F])=[C]([H])[C]([F])=[C]3[H])=[C]([H])[C]([H])=[C]2[C]#[N])[C]([H])([H])[C]1([F])[F],0.8392621655099308
hif2a,[H][O][C]([H])([H])[C]1=[C]([C]([H])([F])[F])[C]([O][C]2=[C]([H])[C]([F])=[C]([H])[C]([Cl])=[C]2[H])=[C]([H])[C]([H])=[C]1[S](=[O])(=[O])[C]([H])([H])[H],[H][C]1=[C]([F])[C]([H])=[C]([O][C]2=[C]([H])[C]([H])=[C]([S](=[O])(=[O])[C]([H])([H])[H])[C]([C]([H])([H])[H])=[C]2[C]#[N])[C]([H])=[C]1[Cl],-0.38777839517215185
hif2a,[H][O][C]([H])([H])[C]1=[C]([C]#[N])[C]([O][C]2=[C]([H])[C]([F])=[C]([H])[C]([Cl])=[C]2[H])=[C]([H])[C]([H])=[C]1[S](=[O])(=[O])[C]([H])([F])[F],[H][C]1=[C]([F])[C]([H])=[C]([O][C]2=[C]([H])[C]([H])=[C]([S](=[O])(=[O])[C]([H])([H])[H])[C]([C]([H])([H])[H])=[C]2[C]#[N])[C]([H])=[C]1[Cl],-2.5448669878898986
hif2a,[H][O][C@@]1([H])[C]2=[C]([C]([O][C]3=[C]([H])[C]([F])=[C]([H])[C]([C]#[N])=[C]3[H])=[C]([H])[C]([H])=[C]2[S](=[O])(=[O])[N]([H])[H])[C@@]([H])([F])[C]1([F])[F],[H][O][C@@]1([H])[C]2=[C]([C]([O][C]3=[C]([H])[C]([F])=[C]([H])[C]([C]#[N])=[C]3[H])=[C]([H])[C]([H])=[C]2[S](=[O])(=[O])[N]([H])[H])[C]([H])([H])[C]1([F])[F],1.0471099018151033
hif2a,[H][O][C@@]1([H])[C]2=[C]([C]([O][C]3=[C]([H])[C]([F])=[C]([H])[C]([Cl])=[C]3[H])=[C]([H])[C]([H])=[C]2[S](=[O])(=[O])[C]([H])([H])[F])[C]([H])([H])[C]1([H])[H],[H][O][C@@]1([H])[C]2=[C]([C]([O][C]3=[C]([H])[C]([F])=[C]([H])[C]([F])=[C]3[H])=[C]([H])[C]([H])=[C]2[S](=[O])(=[O])[N]([H])[C]([H])([H])[H])[C]([H])([H])[C]1([F])[F],-0.13613764389518934
hif2a,[H][O][C@@]1([H])[C]2=[C]([C]([O][C]3=[C]([H])[C]([F])=[C]([H])[C]([C]#[N])=[C]3[H])=[C]([H])[C]([H])=[C]2[S](=[O])(=[O])[C]([F])([F])[F])[C]([H])([H])[C@@]1([H])[F],[H][C]1=[C]([F])[C]([H])=[C]([O][C]2=[C]([H])[C]([H])=[C]([S](=[O])(=[O])[C]([F])([F])[F])[C]3=[C]2[C]([H])([H])[C]([F])([F])[C@@]3([H])[N]([H])[H])[C]([H])=[C]1[C]#[N],0.19297548345773485
hif2a,[H][O][C@@]1([H])[C]2=[C]([C]([O][C]3=[C]([H])[C]([F])=[C]([H])[C]([C]#[N])=[C]3[H])=[C]([H])[C]([H])=[C]2[S](=[O])(=[O])[C]([H])([F])[F])[C]([H])([H])[C]1([H])[H],[H][O][C@@]1([H])[C]2=[C]([C]([O][C]3=[C]([H])[C]([H])=[C]([H])[C]([C]#[N])=[C]3[H])=[C]([H])[C]([H])=[C]2[S](=[O])(=[O])[C]([H])([F])[F])[C]([H])([H])[C]1([H])[H],0.7677732103834778
hif2a,[H][O][C@@]1([H])[C]2=[C]([C]([O][C]3=[C]([H])[N]=[C]([H])[C]([C]#[N])=[C]3[H])=[C]([H])[C]([H])=[C]2[S](=[O])(=[O])[C]([F])([F])[F])[C]([H])([H])[C]1([F])[F],[H][O][C@@]1([H])[C]2=[C]([C]([O][C]3=[C]([H])[C]([Cl])=[C]([H])[N]=[C]3[H])=[C]([H])[C]([H])=[C]2[S](=[O])(=[O])[C]([H])([F])[F])[C]([H])([H])[C]1([F])[F],-0.16028216553576868
hif2a,[H][O][C@@]1([H])[C]2=[C]([C]([O][C]3=[C]([H])[C]([F])=[C]([H])[C]([C]#[N])=[C]3[H])=[C]([H])[C]([H])=[C]2[S](=[O])(=[O])[C]([H])([H])[H])[C]([H])([H])[C]1([F])[F],[H][O][C@@]1([H])[C]2=[C]([C]([O][C]3=[C]([H])[C]([F])=[C]([H])[C]([C]#[N])=[C]3[H])=[C]([H])[C]([H])=[C]2[S](=[O])(=[O])[N]([H])[C]([H])([H])[H])[C]([H])([H])[C]1([F])[F],1.4618066853376472
hif2a,[H][C]1=[C]([F])[C]([H])=[C]([O][C]2=[C]([H])[C]([H])=[C]([S](=[O])(=[O])[C]([H])([F])[F])[C]([Cl])=[C]2[C]#[N])[C]([H])=[C]1[C]#[N],[H][C]1=[C]([F])[C]([H])=[C]([O][C]2=[C]([H])[C]([H])=[C]([S](=[O])(=[O])[C]([H])([H])[H])[C]([C]([H])([H])[H])=[C]2[C]#[N])[C]([H])=[C]1[Cl],0.8695378817945016
hif2a,[H][C]1=[C]([F])[C]([H])=[C]([O][C]2=[C]([H])[C]([H])=[C]([S](=[O])(=[O])[C]([F])([F])[F])[C]3=[C]2[C]([H])([H])[C]([F])([F])[C@@]3([H])[N]([H])[H])[C]([H])=[C]1[C]#[N],[H][O][C@@]1([H])[C]2=[C]([C]([O][C]3=[C]([H])[N]=[C]([H])[C]([C]#[N])=[C]3[H])=[C]([H])[C]([H])=[C]2[S](=[O])(=[O])[C]([F])([F])[F])[C]([H])([H])[C]1([F])[F],0.443098140285322
hif2a,[H][O][C@@]1([H])[C]2=[C]([C]([O][C]3=[C]([H])[C]([F])=[C]([H])[C]([C]#[N])=[C]3[H])=[C]([H])[C]([H])=[C]2[S](=[O])(=[O])[N]([H])[H])[C]([H])([H])[C]1([F])[F],[H][O][C@@]1([H])[C]2=[C]([C]([O][C]3=[C]([H])[C]([F])=[C]([H])[C]([F])=[C]3[H])=[C]([H])[C]([H])=[C]2[S](=[O])(=[O])[N]([H])[H])[C]([H])([H])[C]1([F])[F],-0.9622511015361823
hif2a,[H][O][C@@]1([H])[C]2=[C]([C]([O][C]3=[C]([H])[C]([F])=[C]([H])[C]([C]#[N])=[C]3[H])=[C]([H])[C]([H])=[C]2[S](=[O])(=[O])[N]([H])[H])[C]([H])([H])[C]1([F])[F],[H][C]1=[C]([F])[C]([H])=[C]([O][C]2=[C]([H])[C]([H])=[C]([S](=[O])(=[O])[C]([H])([H])[H])[C]3=[C]2[C]([H])([H])[C]([F])([F])[C@@]3([H])[N]([H])[H])[C]([H])=[C]1[C]#[N],0.47740360238100976
hif2a,[H][O][C@@]1([H])[C]2=[C]([C]([O][C]3=[C]([H])[C]([F])=[C]([H])[C]([C]#[N])=[C]3[H])=[C]([H])[C]([H])=[C]2[S](=[O])(=[O])[C]([H])([F])[F])[C]([H])([H])[C]1([F])[F],[H][C]1=[C]([F])[C]([H])=[C]([O][C]2=[C]([H])[C]([H])=[C]([S](=[O])(=[O])[C]([F])([F])[F])[C]3=[C]2[C]([H])([H])[C]([F])([F])[C@@]3([H])[N]([H])[H])[C]([H])=[C]1[C]#[N],0.4808816182162836
hif2a,[H][O][C@@]1([H])[C]2=[C]([C]([O][C]3=[C]([H])[C]([Cl])=[C]([H])[C]([C]#[N])=[C]3[H])=[C]([H])[C]([H])=[C]2[S](=[O])(=[O])[C]([H])([H])[F])[C]([H])([H])[C]1([F])[F],[H][O][C@@]1([H])[C]2=[C]([C]([O][C]3=[C]([H])[C]([F])=[C]([H])[C]([C]#[N])=[C]3[H])=[C]([H])[C]([H])=[C]2[S](=[O])(=[O])[C]([H])([H])[Cl])[C]([H])([H])[C]1([F])[F],0.07422174377172475
hif2a,[H][O][C@@]1([H])[C]2=[C]([C]([O][C]3=[C]([H])[C]([F])=[C]([H])[C]([C]#[N])=[C]3[H])=[C]([H])[C]([H])=[C]2[S](=[O])(=[O])[C]([H])([H])[H])[C]([H])([H])[C]1([F])[F],[H][O][C@@]1([H])[C]2=[C]([C]([O][C]3=[C]([H])[C]([F])=[C]([H])[C]([C]#[N])=[C]3[H])=[C]([H])[C]([H])=[C]2[S](=[O])(=[O])[C]([H])([H])[Cl])[C]([H])([H])[C]1([F])[F],0.41103627807204646
hif2a,[H][O][C@@]1([H])[C]2=[C]([C]([O][C]3=[C]([H])[C]([F])=[C]([H])[C]([C]#[N])=[C]3[H])=[C]([H])[C]([H])=[C]2[S](=[O])(=[O])[C]([H])([H])[H])[C@@]([H])([F])[C@@]1([H])[F],[H][O][C@@]1([H])[C]2=[C]([C]([O][C]3=[C]([H])[C]([F])=[C]([H])[C]([C]#[N])=[C]3[H])=[C]([H])[C]([H])=[C]2[S](=[O])(=[O])[N]([H])[H])[C@@]([H])([F])[C@@]1([H])[F],1.091445932604712
hif2a,[H][O][C]([H])([H])[C]1=[C]([Cl])[C]([O][C]2=[C]([H])[C]([F])=[C]([H])[C]([C]#[N])=[C]2[H])=[C]([H])[C]([H])=[C]1[S](=[O])(=[O])[C]([H])([F])[F],[H][O][C]([H])([H])[C]1=[C]([Cl])[C]([O][C]2=[C]([H])[C]([F])=[C]([H])[C]([Cl])=[C]2[H])=[C]([H])[C]([H])=[C]1[S](=[O])(=[O])[C]([H])([F])[F],-0.848047511380523
hif2a,[H][O][C@@]1([H])[C]2=[C]([C]([O][C]3=[C]([H])[C]([F])=[C]([H])[C]([C]#[N])=[C]3[H])=[C]([H])[C]([H])=[C]2[S](=[O])(=[O])[C]([H])([H])[H])[C@@]([H])([F])[C@@]1([H])[F],[H][O][C@@]1([H])[C]2=[C]([C]([O][C]3=[C]([H])[C]([F])=[C]([H])[C]([C]#[N])=[C]3[H])=[C]([H])[C]([H])=[C]2[S](=[O])(=[O])[N]([H])[H])[C@@]([H])([F])[C]1([F])[F],0.15558200882922257
hif2a,[H][O][C@@]1([H])[C]2=[C]([C]([O][C]3=[C]([H])[C]([F])=[C]([H])[C]([F])=[C]3[H])=[C]([H])[C]([H])=[C]2[S](=[O])(=[O])[C]([H])([F])[F])[C]([H])([H])[C@@]1([H])[O][H],[H][O][C@@]1([H])[C]2=[C]([C]([O][C]3=[C]([H])[C]([Cl])=[C]([H])[N]=[C]3[H])=[C]([H])[C]([H])=[C]2[S](=[O])(=[O])[C]([H])([F])[F])[C]([H])([H])[C]1([F])[F],-3.2185247551306295
hif2a,[H][O][C@@]1([H])[C]2=[C]([C]([O][C]3=[C]([H])[N]=[C]([H])[C]([C]#[N])=[C]3[H])=[C]([H])[C]([H])=[C]2[S](=[O])(=[O])[C]([F])([F])[F])[C]([H])([H])[C]1([F])[F],[H][O][C@@]1([H])[C]2=[C]([C]([O][C]3=[C]([H])[N]([C]([H])([H])[H])[N]=[C]3[H])=[C]([H])[C]([H])=[C]2[S](=[O])(=[O])[C]([F])([F])[F])[C]([H])([H])[C]1([F])[F],0.463283887705634
hif2a,[H][O][C@@]1([H])[C]2=[C]([C]([O][C]3=[C]([H])[C]([F])=[C]([H])[C]([C]#[N])=[C]3[H])=[C]([H])[C]([H])=[C]2[S](=[O])(=[O])[N]([H])[H])[C@@]([H])([F])[C@@]1([H])[F],[H][O][C@@]1([H])[C]2=[C]([C]([O][C]3=[C]([H])[C]([F])=[C]([H])[C]([C]#[N])=[C]3[H])=[C]([H])[C]([H])=[C]2[S](=[O])(=[O])[N]([H])[H])[C@@]([H])([F])[C]1([F])[F],-0.9358639237754893
hif2a,[H][O][C@@]1([H])[C]2=[C]([C]([O][C]3=[C]([H])[C]([F])=[C]([H])[C]([Cl])=[C]3[H])=[C]([H])[C]([H])=[C]2[S](=[O])(=[O])[C]([H])([H])[F])[C]([H])([H])[C]1([H])[H],[H][C]1=[C]([F])[C]([H])=[C]([O][C]2=[C]([H])[C]([H])=[C]([S](=[O])(=[O])[C]([H])([F])[F])[C]3=[C]2[C](=[O])[O][C]3([H])[H])[C]([H])=[C]1[Cl],2.534371138669953
hif2a,[H][O][C@@]1([H])[C]2=[C]([C]([O][C]3=[C]([H])[C]([F])=[C]([H])[C]([C]#[N])=[C]3[H])=[C]([H])[C]([H])=[C]2[S](=[O])(=[O])[C]([H])([H])[H])[C]([H])([H])[C@@]1([H])[F],[H][O][C@@]1([H])[C]2=[C]([C]([O][C]3=[C]([H])[C]([F])=[C]([H])[C]([C]#[N])=[C]3[H])=[C]([H])[C]([H])=[C]2[S](=[O])(=[O])[C]([H])([H])[H])[C]([H])([H])[C]1([F])[F],-0.9882916214805082
hif2a,[H][O][C]([H])([H])[C]1=[C]([C]([H])([F])[F])[C]([O][C]2=[C]([H])[C]([F])=[C]([H])[C]([Cl])=[C]2[H])=[C]([H])[C]([H])=[C]1[S](=[O])(=[O])[C]([H])([H])[H],[H][C]1=[C]([F])[C]([H])=[C]([O][C]2=[C]([H])[C]([H])=[C]([S](=[O])(=[O])[C]([F])([F])[F])[C]([H])=[C]2[C]([H])([F])[F])[C]([H])=[C]1[Cl],-0.8142181366813315
hif2a,[H][O][C@@]1([H])[C]2=[C]([C]([O][C]3=[C]([H])[C]([F])=[C]([H])[C]([C]#[N])=[C]3[H])=[C]([H])[C]([H])=[C]2[S](=[O])(=[O])[C]([H])([H])[H])[C]([H])([H])[C@@]1([H])[F],[H][O][C@@]1([H])[C]2=[C]([C]([O][C]3=[C]([H])[C]([F])=[C]([H])[C]([C]#[N])=[C]3[H])=[C]([H])[C]([H])=[C]2[S](=[O])(=[O])[C]([H])([H])[H])[C@@]([H])([F])[C@@]1([H])[F],-0.8919178962883301
hif2a,[H][O][C]([H])([H])[C]1=[C]([Cl])[C]([O][C]2=[C]([H])[C]([F])=[C]([H])[C]([Cl])=[C]2[H])=[C]([H])[C]([H])=[C]1[S](=[O])(=[O])[C]([H])([F])[F],[H][O][C]([H])([H])[C]1=[C]([Cl])[C]([O][C]2=[C]([H])[C]([H])=[C]([H])[C]([C]#[N])=[C]2[H])=[C]([H])[C]([H])=[C]1[S](=[O])(=[O])[C]([H])([F])[F],1.088488320488663
hif2a,[H][O][C@@]1([H])[C]2=[C]([C]([O][C]3=[C]([H])[C]([F])=[C]([H])[C]([C]#[N])=[C]3[H])=[C]([H])[C]([H])=[C]2[S](=[O])(=[O])[C]([H])([F])[F])[C]([H])([H])[C]1([F])[F],[H][O][C@@]1([H])[C]2=[C]([C]([O][C]3=[C]([H])[C]([F])=[C]([H])[C]([C]#[N])=[C]3[H])=[C]([H])[C]([H])=[C]2[S](=[O])(=[O])[C]([H])([F])[F])[C]([H])([H])[C]1([H])[H],0.5433604040013744
hif2a,[H][O][C@@]1([H])[C]2=[C]([C]([O][C]3=[C]([H])[C]([F])=[C]([H])[C]([C]#[N])=[C]3[H])=[C]([H])[C]([H])=[C]2[S](=[O])(=[O])[C]([F])([F])[F])[C]([H])([H])[C]1([H])[H],[H][O][C@@]1([H])[C]2=[C]([C]([O][C]3=[C]([H])[C]([F])=[C]([H])[C]([C]#[N])=[C]3[H])=[C]([H])[C]([H])=[C]2[S](=[O])(=[O])[C]([F])([F])[F])[C]([H])([H])[C@@]1([H])[F],-0.08485880027892101
hif2a,[H][O][C@@]1([H])[C]2=[C]([C]([O][C]3=[C]([H])[C]([F])=[C]([H])[C]([F])=[C]3[H])=[C]([H])[C]([H])=[C]2[S](=[O])(=[O])[C]([H])([F])[F])[C]([H])([H])[C@@]1([H])[O][H],[H][O][C@@]1([H])[C]2=[C]([C]([O][C]3=[C]([H])[C]([F])=[C]([H])[C]([Cl])=[C]3[H])=[C]([H])[C]([H])=[C]2[S](=[O])(=[O])[C]([H])([H])[F])[C]([H])([H])[C]1([H])[H],-3.0428391261577277
hif2a,[H][O][C@@]1([H])[C]2=[C]([C]([O][C]3=[C]([H])[C]([F])=[C]([H])[C]([C]#[N])=[C]3[H])=[C]([H])[C]([H])=[C]2[S](=[O])(=[O])[C]([F])([F])[F])[C]([H])([H])[C]1([H])[H],[H][O][C@@]1([H])[C]2=[C]([C]([O][C]3=[C]([H])[C]([H])=[C]([H])[C]([C]#[N])=[C]3[H])=[C]([H])[C]([H])=[C]2[S](=[O])(=[O])[C]([H])([F])[F])[C]([H])([H])[C]1([H])[H],0.9383686793473824
hif2a,[H][O][C@@]1([H])[C]2=[C]([C]([O][C]3=[C]([H])[C]([F])=[C]([H])[C]([C]#[N])=[C]3[H])=[C]([H])[C]([H])=[C]2[S](=[O])(=[O])[C]([H])([H])[H])[C]([H])([H])[C]1([F])[F],[H][O][C@@]1([H])[C]2=[C]([C]([O][C]3=[C]([H])[C]([F])=[C]([H])[C]([C]#[N])=[C]3[H])=[C]([H])[C]([H])=[C]2[S](=[O])(=[O])[C]([H])([F])[F])[C]([H])([H])[C]1([F])[F],-0.03595040073714806
hif2a,[H][O][C@@]1([H])[C]2=[C]([C]([O][C]3=[C]([H])[C]([F])=[C]([H])[C]([C]#[N])=[C]3[H])=[C]([H])[C]([H])=[C]2[S](=[O])(=[O])[C]([H])([H])[H])[C]([H])([H])[C]1([F])[F],[H][C]1=[C]([F])[C]([H])=[C]([O][C]2=[C]([H])[C]([H])=[C]([S](=[O])(=[O])[C]([H])([H])[H])[C]3=[C]2[C]([H])([H])[C]([F])([F])[C@@]3([H])[N]([H])[H])[C]([H])=[C]1[C]#[N],1.7764692382175138
hif2a,[H][O][C@@]1([H])[C]2=[C]([C]([O][C]3=[C]([H])[C]([Cl])=[C]([H])[C]([C]#[N])=[C]3[H])=[C]([H])[C]([H])=[C]2[S](=[O])(=[O])[C]([H])([H])[H])[C]([H])([H])[C]1([F])[F],[H][O][C@@]1([H])[C]2=[C]([C]([O][C]3=[C]([H])[C]([F])=[C]([H])[C]([C]#[N])=[C]3[H])=[C]([H])[C]([H])=[C]2[S](=[O])(=[O])[N]([H])[H])[C]([H])([H])[C]1([F])[F],0.6360736237430569
hif2a,[H][O][C@@]1([H])[C]2=[C]([C]([O][C]3=[C]([H])[C]([F])=[C]([H])[C]([C]#[N])=[C]3[H])=[C]([H])[C]([H])=[C]2[S](=[O])(=[O])[C]([H])([H])[H])[C]([H])([H])[C]1([F])[F],[H][O][C@@]1([H])[C]2=[C]([C]([O][C]3=[C]([H])[C]([F])=[C]([H])[C]([C]#[N])=[C]3[H])=[C]([H])[C]([H])=[C]2[S](=[O])(=[O])[N]([H])[H])[C@@]([H])([F])[C]1([F])[F],0.2519557340214007
hif2a,[H][O][C@@]1([H])[C]2=[C]([C]([O][C]3=[C]([H])[C]([F])=[C]([H])[C]([C]#[N])=[C]3[H])=[C]([H])[C]([H])=[C]2[S](=[O])(=[O])[C]([H])([H])[H])[C]([H])([H])[C]1([F])[F],[H][O][C@@]1([H])[C]2=[C]([C]([O][C]3=[C]([H])[C]([F])=[C]([H])[C]([C]#[N])=[C]3[H])=[C]([H])[C]([H])=[C]2[S](=[O])(=[O])[N]([H])[H])[C]([H])([H])[C]1([F])[F],1.299065635836504
hif2a,[H][O][C@@]1([H])[C]2=[C]([C]([O][C]3=[C]([H])[C]([F])=[C]([H])[C]([C]#[N])=[C]3[H])=[C]([H])[C]([H])=[C]2[S](=[O])(=[O])[N]([H])[C]([H])([H])[H])[C]([H])([H])[C]1([F])[F],[H][O][C@@]1([H])[C]2=[C]([C]([O][C]3=[C]([H])[C]([F])=[C]([H])[C]([C]#[N])=[C]3[H])=[C]([H])[C]([H])=[C]2[S](=[O])(=[O])[N]([H])[H])[C]([H])([H])[C]1([F])[F],-0.1627410495011432
hif2a,[H][O][C@@]1([H])[C]2=[C]([C]([O][C]3=[C]([H])[C]([F])=[C]([H])[C]([C]#[N])=[C]3[H])=[C]([H])[C]([H])=[C]2[S](=[O])(=[O])[C]([H])([H])[C]([H])([H])[H])[C]([H])([H])[C]1([F])[F],[H][O][C@@]1([H])[C]2=[C]([C]([O][C]3=[C]([H])[C]([F])=[C]([H])[C]([C]#[N])=[C]3[H])=[C]([H])[C]([H])=[C]2[S](=[O])(=[O])[C]([H])([H])[Cl])[C]([H])([H])[C]1([F])[F],-0.4769930796924111
hif2a,[H][O][C@@]1([H])[C]2=[C]([C]([O][C]3=[C]([H])[C]([F])=[C]([H])[C]([C]#[N])=[C]3[H])=[C]([H])[C]([H])=[C]2[S](=[O])(=[O])[C]([H])([H])[H])[C]([H])([H])[C]1([F])[F],[H][O][C@@]1([H])[C]2=[C]([C]([O][C]3=[C]([H])[C]([F])=[C]([H])[C]([C]#[N])=[C]3[H])=[C]([H])[C]([H])=[C]2[S](=[O])(=[O])[C]([H])([H])[C]([H])([H])[H])[C]([H])([H])[C]1([F])[F],0.8880293577644576
mcl1,[H]c1c(c(c2c(c(c(c(c2c1[H])[H])[H])OC([H])([H])C([H])([H])C([H])([H])C3=C(N(c4c3c(c(c(c4[H])[H])[H])[H])[H])C(=O)[O-])[H])[H])[H],[H]c1c(c(c(c(c1[H])[H])OC([H])([H])C([H])([H])C([H])([H])C2=C(N(c3c2c(c(c(c3[H])[H])[H])[H])[H])C(=O)[O-])[H])[H],0.91348390928166
mcl1,[H]c1c(c(c2c(c1[H])C(=C(N2C([H])([H])[H])C(=O)[O-])C([H])([H])C([H])([H])C([H])([H])Oc3c(c(c(c(c3[H])C([H])([H])[H])Cl)C([H])([H])[H])[H])[H])[H],[H]c1c(c(c2c(c1[H])C(=C(S2)C(=O)[O-])C([H])([H])C([H])([H])C([H])([H])Oc3c(c(c(c(c3[H])C([H])([H])[H])Cl)C([H])([H])[H])[H])[H])[H],0.34119093792781285
mcl1,[H]c1c(c2c(c(c1[H])Cl)C(=C(N2[H])C(=O)[O-])C([H])([H])C([H])([H])C([H])([H])Oc3c(c(c(c(c3[H])C([H])([H])[H])Cl)C([H])([H])[H])[H])[H],[H]c1c(c2c(c(c1[H])Cl)C(=C(N2[H])C(=O)[O-])C([H])([H])C([H])([H])C([H])([H])Oc3c(c(c(c(c3[H])C([H])([H])[H])Cl)[H])[H])[H],0.9617632364325654
mcl1,[H]c1c(c(c2c(c1[H])C(=C(N2[H])C(=O)[O-])C([H])([H])C([H])([H])C([H])([H])Oc3c(c(c(c(c3[H])[H])C(F)(F)F)[H])[H])[H])[H],[H]c1c(c(c2c(c1[H])C(=C(N2[H])C(=O)[O-])C([H])([H])C([H])([H])C([H])([H])Oc3c(c(c(c(c3[H])[H])C([H])([H])[H])[H])[H])[H])[H],0.2846720013038482
mcl1,[H]c1c(c(c2c(c1[H])C(=C(N2[H])C(=O)[O-])C([H])([H])C([H])([H])C([H])([H])Oc3c(c(c4c(c3[H])c(c(c(n4)[H])[H])[H])[H])[H])[H])[H],[H]c1c(c(c2c(c1[H])C(=C(N2[H])C(=O)[O-])C([H])([H])C([H])([H])C([H])([H])Oc3c(c(c(c(c3C([H])([H])[H])[H])[H])[H])[H])[H])[H],-0.8415169210781288
mcl1,[H]c1c(c(c2c(c1[H])C(=C(N2[H])C(=O)[O-])C([H])([H])C([H])([H])C([H])([H])Oc3c(c(c4c(c3[H])c(c(c(n4)[H])[H])[H])[H])[H])[H])[H],[H]c1c(c(c(c(c1[H])[H])OC([H])([H])C([H])([H])C([H])([H])C2=C(N(c3c2c(c(c(c3[H])[H])[H])[H])[H])C(=O)[O-])[H])[H],-0.33906928986851703
mcl1,[H]c1c(c2c(c(c1[H])Cl)SC(=C2C([H])([H])C([H])([H])C([H])([H])Oc3c(c(c(c(c3[H])C([H])([H])[H])Cl)C([H])([H])[H])[H])C(=O)[O-])[H],[H]c1c(c(c2c(c1[H])C(=C(S2)C(=O)[O-])C([H])([H])C([H])([H])C([H])([H])Oc3c(c(c(c(c3[H])C([H])([H])[H])Cl)C([H])([H])[H])[H])[H])[H],-0.5050890609667924
mcl1,[H]c1c(c(c2c(c1[H])C(=C(N2[H])C(=O)[O-])C([H])([H])C([H])([H])C([H])([H])Oc3c(c(c(c4c3C(=C(N4[H])[H])[H])[H])[H])[H])[H])[H],[H]c1c(c(c2c(c1[H])C(=C(N2[H])C(=O)[O-])C([H])([H])C([H])([H])C([H])([H])Oc3c(c(c(c(c3[H])[H])C([H])([H])[H])[H])[H])[H])[H],0.079184115826342
mcl1,[H]c1c(c(c2c(c1[H])C(=C(N2[H])C(=O)[O-])C([H])([H])C([H])([H])C([H])([H])Oc3c(c(c(c(c3[H])C([H])([H])[H])Cl)C([H])([H])[H])[H])[H])[H],[H]c1c(c(c2c(c1[H])C(=C(O2)C(=O)[O-])C([H])([H])C([H])([H])C([H])([H])Oc3c(c(c(c(c3[H])C([H])([H])[H])Cl)C([H])([H])[H])[H])[H])[H],1.3654329601454682
mcl1,[H]c1c(c(c(c2c1C(=C(N2[H])C(=O)[O-])C([H])([H])C([H])([H])C([H])([H])Oc3c(c(c(c(c3[H])C([H])([H])[H])Cl)C([H])([H])[H])[H])[H])Cl)[H],[H]c1c(c(c(c2c1C(=C(N2C([H])([H])[H])C(=O)[O-])C([H])([H])C([H])([H])C([H])([H])Oc3c(c(c(c(c3[H])C([H])([H])[H])Cl)C([H])([H])[H])[H])[H])Cl)[H],0.5540453777644636
mcl1,[H]c1c(c(c2c(c1[H])C(=C(N2[H])C(=O)[O-])C([H])([H])C([H])([H])C([H])([H])Oc3c(c(c(c(c3[H])[H])C([H])([H])[H])[H])[H])[H])[H],[H]c1c(c(c(c(c1[H])[H])OC([H])([H])C([H])([H])C([H])([H])C2=C(N(c3c2c(c(c(c3[H])[H])[H])[H])[H])C(=O)[O-])[H])[H],0.46417628817503154
mcl1,[H]c1c(c(c2c(c1[H])C(=C(N2[H])C(=O)[O-])C([H])([H])C([H])([H])C([H])([H])Oc3c(c(c(c(c3[H])C([H])([H])[H])Cl)[H])[H])[H])[H],[H]c1c(c(c(c2c1C(=C(N2[H])C(=O)[O-])C([H])([H])C([H])([H])C([H])([H])Oc3c(c(c(c(c3[H])C([H])([H])[H])Cl)[H])[H])[H])Cl)[H],-0.41103627807204646
mcl1,[H]c1c(c2c(c(c1[H])Cl)SC(=C2C([H])([H])C([H])([H])C([H])([H])Oc3c(c(c(c(c3[H])C([H])([H])[H])Cl)C([H])([H])[H])[H])C(=O)[O-])[H],[H]c1c(c(c(c2c1C(=C(S2)C(=O)[O-])C([H])([H])C([H])([H])C([H])([H])Oc3c(c(c(c(c3[H])C([H])([H])[H])Cl)C([H])([H])[H])[H])[H])Cl)[H],-0.6514770871801883
mcl1,[H]c1c(c(c2c(c1[H])C(=C(N2[H])C(=O)[O-])C([H])([H])C([H])([H])C([H])([H])Oc3c(c(c(c(c3[H])C([H])([H])C([H])([H])[H])Cl)[H])[H])[H])[H],[H]c1c(c(c2c(c1[H])C(=C(N2[H])C(=O)[O-])C([H])([H])C([H])([H])C([H])([H])Oc3c(c(c(c(c3[H])[H])Cl)[H])[H])[H])[H],1.2969338180822154
mcl1,[H]c1c(c(c2c(c1[H])C(=C(N2[H])C(=O)[O-])C([H])([H])C([H])([H])C([H])([H])Oc3c(c(c(c(c3[H])[H])C(F)(F)F)[H])[H])[H])[H],[H]c1c(c(c(c(c1[H])[H])OC([H])([H])C([H])([H])C([H])([H])C2=C(N(c3c2c(c(c(c3[H])[H])[H])[H])[H])C(=O)[O-])[H])[H],0.7488482894788797
mcl1,[H]c1c(c(c2c(c1[H])C(=C(N2[H])C(=O)[O-])C([H])([H])C([H])([H])C([H])([H])Oc3c(c(c(c(c3[H])C([H])([H])C([H])([H])[H])Cl)[H])[H])[H])[H],[H]c1c(c(c2c(c1[H])C(=C(N2[H])C(=O)[O-])C([H])([H])C([H])([H])C([H])([H])Oc3c(c(c(c(c3[H])C([H])([H])[H])Cl)[H])[H])[H])[H],-0.6302962641971561
mcl1,[H]c1c(c(c2c(c1[H])C(=C(N2[H])C(=O)[O-])C([H])([H])C([H])([H])C([H])([H])Oc3c(c(c(c(c3[H])C([H])([H])[H])[H])[H])[H])[H])[H],[H]c1c(c(c(c(c1[H])[H])OC([H])([H])C([H])([H])C([H])([H])C2=C(N(c3c2c(c(c(c3[H])[H])[H])[H])[H])C(=O)[O-])[H])[H],1.7277020459629924
mcl1,[H]c1c(c(c2c(c1[H])C(=C(S2)C(=O)[O-])C([H])([H])C([H])([H])C([H])([H])Oc3c(c(c(c(c3[H])C([H])([H])[H])Cl)C([H])([H])[H])[H])[H])[H],[H]c1c(c(c2c(c1[H])C(=C(O2)C(=O)[O-])C([H])([H])C([H])([H])C([H])([H])Oc3c(c(c(c(c3[H])C([H])([H])[H])Cl)C([H])([H])[H])[H])[H])[H],1.327161617110888
mcl1,[H]c1c(c(c2c(c1[H])C(=C(S2)C(=O)[O-])C([H])([H])C([H])([H])C([H])([H])Oc3c(c(c(c(c3[H])C([H])([H])[H])Cl)C([H])([H])[H])[H])[H])[H],[H]c1c(c2c(c(c1[H])Cl)C(=C(S2)C(=O)[O-])C([H])([H])C([H])([H])C([H])([H])Oc3c(c(c(c(c3[H])C([H])([H])[H])Cl)C([H])([H])[H])[H])[H],0.8312665387599214
mcl1,[H]c1c(c(c2c(c1[H])C(=C(N2[H])C(=O)[O-])C([H])([H])C([H])([H])C([H])([H])Oc3c(c(c(c(c3[H])C([H])([H])[H])Cl)[H])[H])[H])[H],[H]c1c(c2c(c(c1[H])Cl)C(=C(N2[H])C(=O)[O-])C([H])([H])C([H])([H])C([H])([H])Oc3c(c(c(c(c3[H])C([H])([H])[H])Cl)[H])[H])[H],0.44881975600300983
mcl1,[H]c1c(c(c2c(c1[H])C(=C(N2[H])C(=O)[O-])C([H])([H])C([H])([H])C([H])([H])Oc3c(c(c(c(c3[H])C([H])([H])[H])Cl)C([H])([H])[H])[H])[H])[H],[H]c1c(c(c2c(c1[H])C(=C(S2)C(=O)[O-])C([H])([H])C([H])([H])C([H])([H])Oc3c(c(c(c(c3[H])C([H])([H])[H])Cl)C([H])([H])[H])[H])[H])[H],0.03827134303458024
mcl1,[H]c1c(c(c2c(c1[H])C(=C(N2[H])C(=O)[O-])C([H])([H])C([H])([H])C([H])([H])Oc3c(c(c(c(c3[H])[H])Cl)[H])[H])[H])[H],[H]c1c(c(c(c(c1[H])[H])OC([H])([H])C([H])([H])C([H])([H])C2=C(N(c3c2c(c(c(c3[H])[H])[H])[H])[H])C(=O)[O-])[H])[H],0.7548686457570426
mcl1,[H]c1c(c(c2c(c1[H])C(=C(N2[H])C(=O)[O-])C([H])([H])C([H])([H])C([H])([H])Oc3c(c(c(c(c3C([H])([H])[H])[H])[H])[H])[H])[H])[H],[H]c1c(c(c(c(c1[H])[H])OC([H])([H])C([H])([H])C([H])([H])C2=C(N(c3c2c(c(c(c3[H])[H])[H])[H])[H])C(=O)[O-])[H])[H],0.5024476312096118
mcl1,[H]c1c(c2c(c(c1[H])Cl)C(=C(S2)C(=O)[O-])C([H])([H])C([H])([H])C([H])([H])Oc3c(c(c(c(c3[H])C([H])([H])[H])Cl)C([H])([H])[H])[H])[H],[H]c1c(c(c(c2c1C(=C(S2)C(=O)[O-])C([H])([H])C([H])([H])C([H])([H])Oc3c(c(c(c(c3[H])C([H])([H])[H])Cl)C([H])([H])[H])[H])[H])Cl)[H],-0.9776545649733173
mcl1,[H]c1c(c(c2c(c1[H])C(=C(N2[H])C(=O)[O-])C([H])([H])C([H])([H])C([H])([H])Oc3c(c(c(c(c3[H])C([H])([H])[H])Cl)C([H])([H])[H])[H])[H])[H],[H]c1c(c2c(c(c1[H])Cl)C(=C(N2[H])C(=O)[O-])C([H])([H])C([H])([H])C([H])([H])Oc3c(c(c(c(c3[H])C([H])([H])[H])Cl)C([H])([H])[H])[H])[H],-0.372764935037468
mcl1,[H]c1c(c(c2c(c1[H])C(=C(N2[H])C(=O)[O-])C([H])([H])C([H])([H])C([H])([H])Oc3c(c(c(c(c3[H])C([H])([H])[H])Cl)C([H])([H])[H])[H])[H])[H],[H]c1c(c(c2c(c1[H])C(=C(N2[H])C(=O)[O-])C([H])([H])C([H])([H])C([H])([H])Oc3c(c(c(c(c3[H])C([H])([H])[H])Cl)[H])[H])[H])[H],0.14017854539208763
mcl1,[H]c1c(c(c2c(c1[H])C(=C(N2[H])C(=O)[O-])C([H])([H])C([H])([H])C([H])([H])Oc3c(c(c(c(c3[H])C(F)(F)F)[H])[H])[H])[H])[H],[H]c1c(c(c2c(c1[H])C(=C(N2[H])C(=O)[O-])C([H])([H])C([H])([H])C([H])([H])Oc3c(c(c(c(c3[H])C([H])([H])[H])[H])[H])[H])[H])[H],0.06595680162036288
mcl1,[H]c1c(c(c2c(c1[H])C(=C(N2[H])C(=O)[O-])C([H])([H])C([H])([H])C([H])([H])Oc3c(c(c(c(c3[H])C([H])([H])[H])Cl)[H])[H])[H])[H],[H]c1c(c(c2c(c1[H])C(=C(N2[H])C(=O)[O-])C([H])([H])C([H])([H])C([H])([H])Oc3c(c(c(c(c3[H])C([H])([H])[H])[H])[H])[H])[H])[H],0.9543966820734218
mcl1,[H]c1c(c(c2c(c1[H])C(=C(N2[H])C(=O)[O-])C([H])([H])C([H])([H])C([H])([H])Oc3c(c(c4c(c3[H])C(C(C4([H])[H])([H])[H])([H])[H])[H])[H])[H])[H],[H]c1c(c(c(c(c1[H])[H])OC([H])([H])C([H])([H])C([H])([H])C2=C(N(c3c2c(c(c(c3[H])[H])[H])[H])[H])C(=O)[O-])[H])[H],1.476947933426712
mcl1,[H]c1c(c(c(c2c1C(=C(N2[H])C(=O)[O-])C([H])([H])C([H])([H])C([H])([H])Oc3c(c(c(c(c3[H])C([H])([H])[H])Cl)C([H])([H])[H])[H])[H])Cl)[H],[H]c1c(c(c(c2c1C(=C(N2[H])C(=O)[O-])C([H])([H])C([H])([H])C([H])([H])Oc3c(c(c(c(c3[H])C([H])([H])[H])Cl)[H])[H])[H])Cl)[H],0.7351366959483148
mcl1,[H]c1c(c(c2c(c1[H])C(=C(N2[H])C(=O)[O-])C([H])([H])C([H])([H])C([H])([H])Oc3c(c(c(c(c3[H])C(F)(F)F)[H])[H])[H])[H])[H],[H]c1c(c(c(c(c1[H])[H])OC([H])([H])C([H])([H])C([H])([H])C2=C(N(c3c2c(c(c(c3[H])[H])[H])[H])[H])C(=O)[O-])[H])[H],1.7936588475833553
mcl1,[H]c1c(c(c2c(c1[H])C(=C(N2C([H])([H])[H])C(=O)[O-])C([H])([H])C([H])([H])C([H])([H])Oc3c(c(c(c(c3[H])C([H])([H])[H])Cl)C([H])([H])[H])[H])[H])[H],[H]c1c(c(c(c2c1C(=C(N2C([H])([H])[H])C(=O)[O-])C([H])([H])C([H])([H])C([H])([H])Oc3c(c(c(c(c3[H])C([H])([H])[H])Cl)C([H])([H])[H])[H])[H])Cl)[H],-0.14902945597057737
mcl1,[H]c1c(c(c2c(c(c(c(c2c1[H])[H])[H])OC([H])([H])C([H])([H])C([H])([H])C3=C(N(c4c3c(c(c(c4[H])[H])[H])[H])[H])C(=O)[O-])[H])[H])[H],[H]c1c(c(c2c(c1[H])C(=C(N2[H])C(=O)[O-])C([H])([H])C([H])([H])C([H])([H])Oc3c(c(c(c(c3C([H])([H])[H])[H])[H])[H])[H])[H])[H],0.41103627807204823
mcl1,[H]c1c(c(c2c(c1[H])C(=C(N2[H])C(=O)[O-])C([H])([H])C([H])([H])C([H])([H])Oc3c(c(c4c(c3[H])C(C(C4([H])[H])([H])[H])([H])[H])[H])[H])[H])[H],[H]c1c(c(c2c(c1[H])C(=C(N2[H])C(=O)[O-])C([H])([H])C([H])([H])C([H])([H])Oc3c(c(c(c(c3C([H])([H])[H])[H])[H])[H])[H])[H])[H],0.9745003022171002
mcl1,[H]c1c(c(c2c(c1[H])C(=C(N2C([H])([H])[H])C(=O)[O-])C([H])([H])C([H])([H])C([H])([H])Oc3c(c(c(c(c3[H])C([H])([H])[H])Cl)C([H])([H])[H])[H])[H])[H],[H]c1c(c(c2c(c1[H])C(=C(N2[H])C(=O)[O-])C([H])([H])C([H])([H])C([H])([H])Oc3c(c(c(c(c3[H])C([H])([H])[H])Cl)C([H])([H])[H])[H])[H])[H],0.3029195948932326
mcl1,[H]c1c(c(c2c(c1[H])C(=C(N2[H])C(=O)[O-])C([H])([H])C([H])([H])C([H])([H])Oc3c(c(c(c4c3C(=C(N4[H])[H])[H])[H])[H])[H])[H])[H],[H]c1c(c(c(c(c1[H])[H])OC([H])([H])C([H])([H])C([H])([H])C2=C(N(c3c2c(c(c(c3[H])[H])[H])[H])[H])C(=O)[O-])[H])[H],0.5433604040013735
p38,[H][C]1=[N][C]([N]([H])[C]2([H])[C]([H])([H])[C]([H])([H])[O][C]([H])([H])[C]2([H])[H])=[N][C]2=[C]1[C]([H])=[C]([O][C]1=[C]([H])[C]([H])=[C]([F])[C]([H])=[C]1[H])[C](=[O])[N]2[C]([H])([H])[H],[H][C]1=[N][C]([N]([H])[C]2([H])[C]([H])([H])[C]([H])([H])[O][C]([H])([H])[C]2([H])[H])=[N][C]2=[C]1[C]([H])=[C]([O][C]1=[C]([H])[C]([H])=[C]([H])[C]([H])=[C]1[H])[C](=[O])[N]2[C]([H])([H])[H],1.2004583863466074
p38,[H][C]1=[N][C]([N]([H])[C]([H])([H])[C]([H])([H])[S](=[O])(=[O])[C]([H])([H])[H])=[N][C]2=[C]1[C]([H])=[C]([O][C]1=[C]([F])[C]([H])=[C]([F])[C]([H])=[C]1[H])[C](=[O])[N]2[C]([H])([H])[H],[H][C]1=[N][C]([N]([H])[C]([H])([H])[H])=[N][C]2=[C]1[C]([H])=[C]([O][C]1=[C]([F])[C]([H])=[C]([F])[C]([H])=[C]1[H])[C](=[O])[N]2[C]([H])([H])[H],0.09103134671635793
p38,[H][C]1=[N][C]([N]([H])[C]2([H])[C]([H])([H])[C]([H])([H])[O][C]([H])([H])[C]2([H])[H])=[N][C]2=[C]1[C]([H])=[C]([C]([H])([H])[C]1=[C]([H])[C]([H])=[C]([H])[C]([H])=[C]1[F])[C](=[O])[N]2[C]([H])([H])[H],[H][C]1=[N][C]([N]([H])[C]2([H])[C]([H])([H])[C]([H])([H])[O][C]([H])([H])[C]2([H])[H])=[N][C]2=[C]1[C]([H])=[C]([C]([H])([H])[C]1=[C]([H])[C]([H])=[C]([F])[C]([H])=[C]1[F])[C](=[O])[N]2[C]([H])([H])[H],-0.028932567352473626
p38,[H][O][C]([H])([H])[C]([H])([H])[C]([H])([H])[N]1[C](=[O])[C]([O][C]2=[C]([H])[C]([H])=[C]([F])[C]([H])=[C]2[F])=[C]([H])[C]2=[C]1[N]=[C]([N]([H])[C]1([H])[C]([H])([H])[C]([H])([H])[O][C]([H])([H])[C]1([H])[H])[N]=[C]2[H],[H][C]1=[N][C]([N]([H])[C]2([H])[C]([H])([H])[C]([H])([H])[O][C]([H])([H])[C]2([H])[H])=[N][C]2=[C]1[C]([H])=[C]([O][C]1=[C]([H])[C]([H])=[C]([H])[C]([F])=[C]1[H])[C](=[O])[N]2[C]([H])([H])[H],3.376383158310002
p38,[H][O][C]([H])([H])[C@@]([H])([O][H])[C]([H])([H])[N]1[C](=[O])[C]([O][C]2=[C]([H])[C]([H])=[C]([F])[C]([H])=[C]2[F])=[C]([H])[C]2=[C]1[N]=[C]([N]([H])[C]1([H])[C]([H])([H])[C]([H])([H])[O][C]([H])([H])[C]1([H])[H])[N]=[C]2[H],[H][C]1=[N][C]([N]([H])[C]2([H])[C]([H])([H])[C]([H])([H])[O][C]([H])([H])[C]2([H])[H])=[N][C]2=[C]1[C]([H])=[C]([O][C]1=[C]([F])[C]([H])=[C]([F])[C]([H])=[C]1[H])[C](=[O])[N]2[C]([H])([H])[C]([H])([H])[S](=[O])(=[O])[C]([H])([H])[H],0.6225445198277164
p38,[H][O][C]([C]([H])([H])[H])([C]([H])([H])[H])[C]([H])([H])[N]1[C](=[O])[C]([O][C]2=[C]([F])[C]([H])=[C]([F])[C]([H])=[C]2[H])=[C]([H])[C]2=[C]1[N]=[C]([N]([H])[C]1([H])[C]([H])([H])[C]([H])([H])[O][C]([H])([H])[C]1([H])[H])[N]=[C]2[H],[H][C]1=[N][C]([N]([H])[C]2([H])[C]([H])([H])[C]([H])([H])[O][C]([H])([H])[C]2([H])[H])=[N][C]2=[C]1[C]([H])=[C]([O][C]1=[C]([F])[C]([H])=[C]([F])[C]([H])=[C]1[H])[C](=[O])[N]2[C]([H])([H])[C]([H])([H])[H],-1.473549643324283
p38,[H][C]1=[N][C]([N]([H])[C]([H])([C]([H])([H])[H])[C]([H])([H])[H])=[N][C]2=[C]1[C]([H])=[C]([O][C]1=[C]([F])[C]([H])=[C]([F])[C]([H])=[C]1[H])[C](=[O])[N]2[C]([H])([H])[H],[H][O][C]([H])([H])[C]([N]([H])[C]1=[N][C]2=[C]([C]([H])=[N]1)[C]([H])=[C]([O][C]1=[C]([F])[C]([H])=[C]([F])[C]([H])=[C]1[H])[C](=[O])[N]2[C]([H])([H])[H])([C]([H])([H])[H])[C]([H])([H])[H],1.086720808002747
p38,[H][C]1=[N][C]([N]([H])[C]2([H])[C]([H])([H])[C]([H])([H])[O][C]([H])([H])[C]2([H])[H])=[N][C]2=[C]1[C]([H])=[C]([O][C]1=[C]([H])[C]([H])=[C]([F])[C]([H])=[C]1[H])[C](=[O])[N]2[C]([H])([H])[H],[H][C]1=[N][C]([N]([H])[C]2([H])[C]([H])([H])[C]([H])([H])[O][C]([H])([H])[C]2([H])[H])=[N][C]2=[C]1[C]([H])=[C]([S][C]1=[C]([H])[C]([H])=[C]([H])[C]([H])=[C]1[F])[C](=[O])[N]2[C]([H])([H])[H],1.2277904129163648
p38,[H][C]1=[N][C]([N]([H])[C]2([H])[C]([H])([H])[C]([H])([H])[O][C]([H])([H])[C]2([H])[H])=[N][C]2=[C]1[C]([H])=[C]([O][C]1=[C]([F])[C]([H])=[C]([F])[C]([H])=[C]1[H])[C](=[O])[N]2[H],[H][C]1=[N][C]([N]([H])[C]2([H])[C]([H])([H])[C]([H])([H])[O][C]([H])([H])[C]2([H])[H])=[N][C]2=[C]1[C]([H])=[C]([O][C]1=[C]([F])[C]([H])=[C]([H])[C]([H])=[C]1[H])[C](=[O])[N]2[C]([H])([H])[H],-0.10811668317881384
p38,[H][O][C]([H])([H])[C]([H])([N]([H])[C]1=[N][C]2=[C]([C]([H])=[N]1)[C]([H])=[C]([O][C]1=[C]([F])[C]([H])=[C]([F])[C]([H])=[C]1[H])[C](=[O])[N]2[C]([H])([H])[H])[C]([H])([H])[O][H],[H][O][C]([H])([H])[C]([N]([H])[C]1=[N][C]2=[C]([C]([H])=[N]1)[C]([H])=[C]([O][C]1=[C]([F])[C]([H])=[C]([F])[C]([H])=[C]1[H])[C](=[O])[N]2[C]([H])([H])[H])([C]([H])([H])[H])[C]([H])([H])[H],-1.0933254904381489
p38,[H][O][C]([H])([H])[C]([H])([H])[C]([H])([H])[N]1[C](=[O])[C]([O][C]2=[C]([H])[C]([H])=[C]([F])[C]([H])=[C]2[F])=[C]([H])[C]2=[C]1[N]=[C]([N]([H])[C]1([H])[C]([H])([H])[C]([H])([H])[O][C]([H])([H])[C]1([H])[H])[N]=[C]2[H],[H][C]1=[N][C]([N]([H])[C]2([H])[C]([H])([H])[C]([H])([H])[O][C]([H])([H])[C]2([H])[H])=[N][C]2=[C]1[C]([H])=[C]([O][C]1=[C]([F])[C]([H])=[C]([F])[C]([H])=[C]1[H])[C](=[O])[N]2[C]1([H])[C]([H])([H])[C]1([H])[H],0.8919178962883301
p38,[H][C]1=[N][C]([N]([H])[C]2([H])[C]([H])([H])[C]([H])([H])[O][C]([H])([H])[C]2([H])[H])=[N][C]2=[C]1[C]([H])=[C]([O][C]1=[C]([F])[C]([H])=[C]([F])[C]([H])=[C]1[H])[C](=[O])[N]2[C]1([H])[C]([H])([H])[C]1([H])[H],[H][C]1=[N][C]([N]([H])[C]2([H])[C]([H])([H])[C]([H])([H])[O][C]([H])([H])[C]2([H])[H])=[N][C]2=[C]1[C]([H])=[C]([O][C]1=[C]([H])[C]([H])=[C]([H])[C]([F])=[C]1[H])[C](=[O])[N]2[C]([H])([H])[H],2.484465262021672
p38,[H][C]1=[N][C]([N]([H])[C]2([H])[C]([H])([H])[C]([H])([H])[N]([C](=[O])[C]([H])([H])[H])[C]([H])([H])[C]2([H])[H])=[N][C]2=[C]1[C]([H])=[C]([O][C]1=[C]([F])[C]([H])=[C]([F])[C]([H])=[C]1[H])[C](=[O])[N]2[C]([H])([H])[H],[H][C]1=[N][C]([N]([H])[C]([H])([H])[H])=[N][C]2=[C]1[C]([H])=[C]([O][C]1=[C]([F])[C]([H])=[C]([F])[C]([H])=[C]1[H])[C](=[O])[N]2[C]([H])([H])[H],3.2974842071922073
p38,[H][C]1=[N][C]([N]([H])[C]2([H])[C]([H])([H])[C]([H])([H])[O][C]([H])([H])[C]2([H])[H])=[N][C]2=[C]1[C]([H])=[C]([O][C]1=[C]([F])[C]([H])=[C]([F])[C]([H])=[C]1[H])[C](=[O])[N]2[C]([H])([H])[C]([H])([H])[H],[H][C]1=[N][C]([N]([H])[C]([H])([H])[H])=[N][C]2=[C]1[C]([H])=[C]([O][C]1=[C]([F])[C]([H])=[C]([F])[C]([H])=[C]1[H])[C](=[O])[N]2[C]([H])([H])[H],3.2974842071922073
p38,[H][C]1=[N][C]([N]([H])[C]2([H])[C]([H])([H])[C]([H])([H])[O][C]([H])([H])[C]2([H])[H])=[N][C]2=[C]1[C]([H])=[C]([O][C]1=[C]([F])[C]([H])=[C]([F])[C]([H])=[C]1[H])[C](=[O])[N]2[C]([H])([H])[H],[H][O][C]1([H])[C]([H])([H])[C]([H])([H])[C]([H])([N]([H])[C]2=[N][C]3=[C]([C]([H])=[N]2)[C]([H])=[C]([O][C]2=[C]([F])[C]([H])=[C]([F])[C]([H])=[C]2[H])[C](=[O])[N]3[C]([H])([H])[H])[C]([H])([H])[C]1([H])[H],-0.5433604040013726
p38,[H][O][C]([H])([H])[C]([H])([H])[C]([H])([N]([H])[C]1=[N][C]([H])=[C]2[C](=[N]1)[N]([C]([H])([H])[H])[C](=[O])[C]([O][C]1=[C]([F])[C]([H])=[C]([F])[C]([H])=[C]1[H])=[C]2[H])[C]([H])([H])[C]([H])([H])[O][H],[H][C]1=[N][C]([N]([H])[C]([H])([C]([H])([H])[H])[C]([H])([H])[H])=[N][C]2=[C]1[C]([H])=[C]([O][C]1=[C]([F])[C]([H])=[C]([F])[C]([H])=[C]1[H])[C](=[O])[N]2[C]([H])([H])[H],-0.7428884403177527
p38,[H][C]1=[N][C]([N]([H])[C]2([H])[C]([H])([H])[C]([H])([H])[O][C]([H])([H])[C]2([H])[H])=[N][C]2=[C]1[C]([H])=[C]([O][C]1=[C]([F])[C]([H])=[C]([F])[C]([H])=[C]1[H])[C](=[O])[N]2[C]([H])([H])[H],[H][C]1=[N][C]([N]([H])[C]2([H])[C]([H])([H])[C]([H])([H])[O][C]([H])([H])[C]2([H])[H])=[N][C]2=[C]1[C]([H])=[C]([O][C]1=[C]([F])[C]([H])=[C]([F])[C]([H])=[C]1[H])[C](=[O])[N]2[C]([H])([H])[C]#[N],-0.9543966820734209
p38,[H][C]1=[N][C]([N]([H])[C]2([H])[C]([H])([H])[C]([H])([H])[O][C]([H])([H])[C]2([H])[H])=[N][C]2=[C]1[C]([H])=[C]([O][C]1=[C]([F])[C]([H])=[C]([F])[C]([H])=[C]1[H])[C](=[O])[N]2[C]([H])([H])[H],[H][C]1=[N][C]([N]([H])[C]2([H])[C]([H])([H])[C]([H])([H])[S](=[O])(=[O])[C]([H])([H])[C]2([H])[H])=[N][C]2=[C]1[C]([H])=[C]([O][C]1=[C]([F])[C]([H])=[C]([F])[C]([H])=[C]1[H])[C](=[O])[N]2[C]([H])([H])[H],0.24044080910814358
p38,[H][C]1=[N][C]([N]([H])[C]2([H])[C]([H])([H])[C]([H])([H])[O][C]([H])([H])[C]2([H])[H])=[N][C]2=[C]1[C]([H])=[C]([O][C]1=[C]([F])[C]([H])=[C]([F])[C]([H])=[C]1[H])[C](=[O])[N]2[C]([H])([H])[H],[H][C]1=[N][C]([N]([H])[C]2([H])[C]([H])([H])[C]([H])([H])[O][C]([H])([H])[C]2([H])[H])=[N][C]2=[C]1[C]([H])=[C]([O][C]1=[C]([F])[C]([H])=[C]([F])[C]([H])=[C]1[H])[C](=[O])[N]2[H],0.3485574922869574
p38,[H][O][C]([H])([H])[C@@]([H])([O][H])[C]([H])([H])[N]1[C](=[O])[C]([O][C]2=[C]([H])[C]([H])=[C]([F])[C]([H])=[C]2[F])=[C]([H])[C]2=[C]1[N]=[C]([N]([H])[C]1([H])[C]([H])([H])[C]([H])([H])[O][C]([H])([H])[C]1([H])[H])[N]=[C]2[H],[H][O][C]([H])([H])[C]([H])([H])[C]([H])([H])[N]1[C](=[O])[C]([O][C]2=[C]([H])[C]([H])=[C]([F])[C]([H])=[C]2[F])=[C]([H])[C]2=[C]1[N]=[C]([N]([H])[C]1([H])[C]([H])([H])[C]([H])([H])[O][C]([H])([H])[C]1([H])[H])[N]=[C]2[H],-0.7428884403177527
p38,[H][C]1=[N][C]([N]([H])[C]2([H])[C]([H])([H])[C]([H])([H])[O][C]([H])([H])[C]2([H])[H])=[N][C]2=[C]1[C]([H])=[C]([O][C]1=[C]([F])[C]([H])=[C]([F])[C]([H])=[C]1[H])[C](=[O])[N]2[C]([H])([H])[C]([H])([H])[C]([H])([H])[S](=[O])(=[O])[C]([H])([H])[H],[H][C]1=[N][C]([N]([H])[C]2([H])[C]([H])([H])[C]([H])([H])[O][C]([H])([H])[C]2([H])[H])=[N][C]2=[C]1[C]([H])=[C]([O][C]1=[C]([H])[C]([H])=[C]([H])[C]([F])=[C]1[H])[C](=[O])[N]2[C]([H])([H])[H],2.724906071129812
p38,[H][C]1=[N][C]([N]([H])[C]2([H])[C]([H])([H])[C]([H])([H])[O][C]([H])([H])[C]2([H])[H])=[N][C]2=[C]1[C]([H])=[C]([O][C]1=[C]([F])[C]([H])=[C]([F])[C]([H])=[C]1[H])[C](=[O])[N]2[C]([H])([H])[C]([H])([H])[H],[H][C]1=[N][C]([N]([H])[C]2([H])[C]([H])([H])[C]([H])([H])[S](=[O])(=[O])[C]([H])([H])[C]2([H])[H])=[N][C]2=[C]1[C]([H])=[C]([O][C]1=[C]([F])[C]([H])=[C]([F])[C]([H])=[C]1[H])[C](=[O])[N]2[C]([H])([H])[H],1.605873769253611
p38,[H][C]1=[N][C]([N]([H])[C]2([H])[C]([H])([H])[C]([H])([H])[O][C]([H])([H])[C]2([H])[H])=[N][C]2=[C]1[C]([H])=[C]([O][C]1=[C]([F])[C]([H])=[C]([F])[C]([H])=[C]1[H])[C](=[O])[N]2[C]([H])([H])[H],[H][C]1=[N][C]([N]([H])[C]([H])([H])[H])=[N][C]2=[C]1[C]([H])=[C]([O][C]1=[C]([F])[C]([H])=[C]([F])[C]([H])=[C]1[H])[C](=[O])[N]2[C]([H])([H])[H],1.93205124704674
p38,[H][O][C]([H])([H])[C]([H])([H])[C]([H])([H])[N]1[C](=[O])[C]([O][C]2=[C]([H])[C]([H])=[C]([F])[C]([H])=[C]2[F])=[C]([H])[C]2=[C]1[N]=[C]([N]([H])[C]1([H])[C]([H])([H])[C]([H])([H])[O][C]([H])([H])[C]1([H])[H])[N]=[C]2[H],[H][C]1=[N][C]([N]([H])[C]2([H])[C]([H])([H])[C]([H])([H])[O][C]([H])([H])[C]2([H])[H])=[N][C]2=[C]1[C]([H])=[C]([O][C]1=[C]([F])[C]([H])=[C]([F])[C]([H])=[C]1[H])[C](=[O])[N]2[C]([H])([H])[C]([H])([H])[C]([H])([H])[S](=[O])(=[O])[C]([H])([H])[H],0.65147708718019
p38,[H][C]1=[N][C]([N]([H])[C]([H])([C]([H])([H])[H])[C]([H])([H])[H])=[N][C]2=[C]1[C]([H])=[C]([O][C]1=[C]([F])[C]([H])=[C]([F])[C]([H])=[C]1[H])[C](=[O])[N]2[C]([H])([H])[H],[H][O][C]([H])([H])[C]([H])([N]([H])[C]1=[N][C]2=[C]([C]([H])=[N]1)[C]([H])=[C]([O][C]1=[C]([F])[C]([H])=[C]([F])[C]([H])=[C]1[H])[C](=[O])[N]2[C]([H])([H])[H])[C]([H])([H])[O][H],2.180046298440896
p38,[H][C]1=[N][C]([N]([H])[C]2([H])[C]([H])([H])[C]([H])([H])[O][C]([H])([H])[C]2([H])[H])=[N][C]2=[C]1[C]([H])=[C]([O][C]1=[C]([H])[C]([H])=[C]([H])[C]([F])=[C]1[H])[C](=[O])[N]2[C]([H])([H])[H],[H][C]1=[N][C]([N]([H])[C]2([H])[C]([H])([H])[C]([H])([H])[O][C]([H])([H])[C]2([H])[H])=[N][C]2=[C]1[C]([H])=[C]([C]([H])([H])[C]1=[C]([H])[C]([H])=[C]([F])[C]([H])=[C]1[F])[C](=[O])[N]2[C]([H])([H])[H],-1.5999139200924866
p38,[H][O][C]([C]([H])([H])[H])([C]([H])([H])[H])[C]([H])([H])[N]1[C](=[O])[C]([O][C]2=[C]([F])[C]([H])=[C]([F])[C]([H])=[C]2[H])=[C]([H])[C]2=[C]1[N]=[C]([N]([H])[C]1([H])[C]([H])([H])[C]([H])([H])[O][C]([H])([H])[C]1([H])[H])[N]=[C]2[H],[H][C]1=[N][C]([N]([H])[C]2([H])[C]([H])([H])[C]([H])([H])[O][C]([H])([H])[C]2([H])[H])=[N][C]2=[C]1[C]([H])=[C]([O][C]1=[C]([F])[C]([H])=[C]([F])[C]([H])=[C]1[H])[C](=[O])[N]2[C]([H])([H])[H],-0.10811668317881562
p38,[H][C]1=[N][C]([N]([H])[C]2([H])[C]([H])([H])[C]([H])([H])[O][C]([H])([H])[C]2([H])[H])=[N][C]2=[C]1[C]([H])=[C]([O][C]1=[C]([F])[C]([H])=[C]([F])[C]([H])=[C]1[H])[C](=[O])[N]2[C]([H])([H])[C]([H])([H])[H],[H][O][C]1([H])[C]([H])([H])[C]([H])([H])[C]([H])([N]([H])[C]2=[N][C]3=[C]([C]([H])=[N]2)[C]([H])=[C]([O][C]2=[C]([F])[C]([H])=[C]([F])[C]([H])=[C]2[H])[C](=[O])[N]3[C]([H])([H])[H])[C]([H])([H])[C]1([H])[H],0.8220725561440947
p38,[H][C]1=[N][C]([N]([H])[C]2([H])[C]([H])([H])[C]([H])([H])[O][C]([H])([H])[C]2([H])[H])=[N][C]2=[C]1[C]([H])=[C]([O][C]1=[C]([F])[C]([H])=[C]([H])[C]([H])=[C]1[H])[C](=[O])[N]2[C]([H])([H])[H],[H][C]1=[N][C]([N]([H])[C]2([H])[C]([H])([H])[C]([H])([H])[O][C]([H])([H])[C]2([H])[H])=[N][C]2=[C]1[C]([H])=[C]([O][C]1=[C]([H])[C]([H])=[C]([H])[C]([H])=[C]1[H])[C](=[O])[N]2[C]([H])([H])[H],1.1595456135548439
p38,[H][C]1=[N][C]([N]([H])[C]2([H])[C]([H])([H])[C]([H])([H])[O][C]([H])([H])[C]2([H])[H])=[N][C]2=[C]1[C]([H])=[C]([O][C]1=[C]([H])[C]([H])=[C]([H])[C]([H])=[C]1[H])[C](=[O])[N]2[C]([H])([H])[H],[H][C]1=[N][C]([N]([H])[C]2([H])[C]([H])([H])[C]([H])([H])[O][C]([H])([H])[C]2([H])[H])=[N][C]2=[C]1[C]([H])=[C]([O][C]1=[C]([H])[C]([H])=[C]([H])[C]([F])=[C]1[H])[C](=[O])[N]2[C]([H])([H])[H],1.0220000535735938
p38,[H][O][C]([H])([H])[C]([H])([H])[C]([H])([H])[N]1[C](=[O])[C]([O][C]2=[C]([H])[C]([H])=[C]([F])[C]([H])=[C]2[F])=[C]([H])[C]2=[C]1[N]=[C]([N]([H])[C]1([H])[C]([H])([H])[C]([H])([H])[O][C]([H])([H])[C]1([H])[H])[N]=[C]2[H],[H][C]1=[N][C]([N]([H])[C]2([H])[C]([H])([H])[C]([H])([H])[O][C]([H])([H])[C]2([H])[H])=[N][C]2=[C]1[C]([H])=[C]([O][C]1=[C]([F])[C]([H])=[C]([F])[C]([H])=[C]1[H])[C](=[O])[N]2[C]([H])([H])[C]([H])([H])[H],-0.41103627807204646
p38,[H][C]1=[N][C]([N]([H])[C]2([H])[C]([H])([H])[C]([H])([H])[O][C]([H])([H])[C]2([H])[H])=[N][C]2=[C]1[C]([H])=[C]([O][C]1=[C]([F])[C]([H])=[C]([F])[C]([H])=[C]1[H])[C](=[O])[N]2[C]([H])([H])[C]#[N],[H][C]1=[N][C]([N]([H])[C]2([H])[C]([H])([H])[C]([H])([H])[O][C]([H])([H])[C]2([H])[H])=[N][C]2=[C]1[C]([H])=[C]([O][C]1=[C]([F])[C]([H])=[C]([F])[C]([H])=[C]1[H])[C](=[O])[N]2[C]([H])([H])[C]([H])([H])[H],-0.41103627807204646
p38,[H][C]1=[N][N]([C]([H])([H])[C@]([H])([N]([H])[C]2=[N][C]([H])=[C]3[C](=[N]2)[N]([C]([H])([H])[H])[C](=[O])[C]([O][C]2=[C]([F])[C]([H])=[C]([F])[C]([H])=[C]2[H])=[C]3[H])[C]([H])([H])[H])[N]=[N]1,[H][C]1=[N][C]([N]([H])[C]([H])([H])[H])=[N][C]2=[C]1[C]([H])=[C]([O][C]1=[C]([F])[C]([H])=[C]([F])[C]([H])=[C]1[H])[C](=[O])[N]2[C]([H])([H])[H],1.8755323104227752
p38,[H][C]1=[N][C]([N]([H])[C]([H])([C]([H])([H])[H])[C]([H])([H])[H])=[N][C]2=[C]1[C]([H])=[C]([O][C]1=[C]([F])[C]([H])=[C]([F])[C]([H])=[C]1[H])[C](=[O])[N]2[C]([H])([H])[H],[H][C]1=[N][C]([N]([H])[C]([H])([H])[C]([H])([H])[S](=[O])(=[O])[C]([H])([H])[H])=[N][C]2=[C]1[C]([H])=[C]([O][C]1=[C]([F])[C]([H])=[C]([F])[C]([H])=[C]1[H])[C](=[O])[N]2[C]([H])([H])[H],2.3843803043317546
p38,[H][O][C]([C]([H])([H])[H])([C]([H])([H])[H])[C]([H])([H])[N]([H])[C]1=[N][C]2=[C]([C]([H])=[N]1)[C]([H])=[C]([O][C]1=[C]([F])[C]([H])=[C]([F])[C]([H])=[C]1[H])[C](=[O])[N]2[C]([H])([H])[H],[H][C]1=[N][C]([N]([H])[C]([H])([H])[H])=[N][C]2=[C]1[C]([H])=[C]([O][C]1=[C]([F])[C]([H])=[C]([F])[C]([H])=[C]1[H])[C](=[O])[N]2[C]([H])([H])[H],0.8041014838933656
p38,[H][O][C]([H])([H])[C]([H])([H])[C]([H])([H])[N]1[C](=[O])[C]([O][C]2=[C]([H])[C]([H])=[C]([F])[C]([H])=[C]2[F])=[C]([H])[C]2=[C]1[N]=[C]([N]([H])[C]1([H])[C]([H])([H])[C]([H])([H])[O][C]([H])([H])[C]1([H])[H])[N]=[C]2[H],[H][C]1=[N][C]([N]([H])[C]2([H])[C]([H])([H])[C]([H])([H])[O][C]([H])([H])[C]2([H])[H])=[N][C]2=[C]1[C]([H])=[C]([O][C]1=[C]([F])[C]([H])=[C]([F])[C]([H])=[C]1[H])[C](=[O])[N]2[C]([H])([H])[C]([H])([H])[S](=[O])(=[O])[C]([H])([H])[H],1.365432960145469
p38,[H][O][C]([H])([H])[C@@]([H])([O][H])[C]([H])([H])[N]1[C](=[O])[C]([O][C]2=[C]([H])[C]([H])=[C]([F])[C]([H])=[C]2[F])=[C]([H])[C]2=[C]1[N]=[C]([N]([H])[C]1([H])[C]([H])([H])[C]([H])([H])[O][C]([H])([H])[C]1([H])[H])[N]=[C]2[H],[H][C]1=[N][C]([N]([H])[C]2([H])[C]([H])([H])[C]([H])([H])[O][C]([H])([H])[C]2([H])[H])=[N][C]2=[C]1[C]([H])=[C]([O][C]1=[C]([H])[C]([H])=[C]([H])[C]([F])=[C]1[H])[C](=[O])[N]2[C]([H])([H])[H],2.6334947179922494
p38,[H][C]1=[N][C]([N]([H])[C@@]2([H])[C]([H])([H])[O][C]([H])([H])[C]2([H])[H])=[N][C]2=[C]1[C]([H])=[C]([O][C]1=[C]([F])[C]([H])=[C]([F])[C]([H])=[C]1[H])[C](=[O])[N]2[C]([H])([H])[H],[H][C]1=[N][C]([N]([H])[C]([H])([H])[H])=[N][C]2=[C]1[C]([H])=[C]([O][C]1=[C]([F])[C]([H])=[C]([F])[C]([H])=[C]1[H])[C](=[O])[N]2[C]([H])([H])[H],1.2611297949325166
p38,[H][C]1=[N][C]([N]([H])[C]([H])([C]([H])([H])[H])[C]([H])([H])[H])=[N][C]2=[C]1[C]([H])=[C]([O][C]1=[C]([F])[C]([H])=[C]([F])[C]([H])=[C]1[H])[C](=[O])[N]2[C]([H])([H])[H],[H][O][C]([C]([H])([H])[H])([C]([H])([H])[H])[C]([H])([H])[N]([H])[C]1=[N][C]2=[C]([C]([H])=[N]1)[C]([H])=[C]([O][C]1=[C]([F])[C]([H])=[C]([F])[C]([H])=[C]1[H])[C](=[O])[N]2[C]([H])([H])[H],1.671310167154747
p38,[H][C]1=[N][C]([N]([H])[C]2([H])[C]([H])([H])[C]([H])([H])[O][C]([H])([H])[C]2([H])[H])=[N][C]2=[C]1[C]([H])=[C]([O][C]1=[C]([H])[C]([H])=[C]([H])[C]([F])=[C]1[H])[C](=[O])[N]2[C]([H])([H])[H],[H][C]1=[N][C]([N]([H])[C]2([H])[C]([H])([H])[C]([H])([H])[O][C]([H])([H])[C]2([H])[H])=[N][C]2=[C]1[C]([H])=[C]([C]([H])([H])[C]1=[C]([H])[C]([H])=[C]([H])[C]([H])=[C]1[F])[C](=[O])[N]2[C]([H])([H])[H],-1.570981352740013
p38,[H][C]1=[N][C]([N]([H])[C]2([H])[C]([H])([H])[C]([H])([H])[O][C]([H])([H])[C]2([H])[H])=[N][C]2=[C]1[C]([H])=[C]([O][C]1=[C]([F])[C]([H])=[C]([F])[C]([H])=[C]1[H])[C](=[O])[N]2[C]([H])([H])[H],[H][C]1=[N][C]([N]([H])[C]2([H])[C]([H])([H])[C]([H])([H])[O][C]([H])([H])[C]2([H])[H])=[N][C]2=[C]1[C]([H])=[C]([O][C]1=[C]([H])[C]([H])=[C]([F])[C]([H])=[C]1[H])[C](=[O])[N]2[C]([H])([H])[H],0.19952803631638005
p38,[H][C]1=[N][C]([N]([H])[C]2([H])[C]([H])([H])[C]([H])([H])[O][C]([H])([H])[C]2([H])[H])=[N][C]2=[C]1[C]([H])=[C]([O][C]1=[C]([H])[C]([H])=[C]([H])[C]([H])=[C]1[H])[C](=[O])[N]2[C]([H])([H])[H],[H][C]1=[N][C]([N]([H])[C]2([H])[C]([H])([H])[C]([H])([H])[O][C]([H])([H])[C]2([H])[H])=[N][C]2=[C]1[C]([H])=[C]([S][C]1=[C]([H])[C]([H])=[C]([H])[C]([H])=[C]1[F])[C](=[O])[N]2[C]([H])([H])[H],0.027332026569757417
p38,[H][C]1=[N][C]([N]([H])[C]2([H])[C]([H])([H])[C]([H])([H])[O][C]([H])([H])[C]2([H])[H])=[N][C]2=[C]1[C]([H])=[C]([O][C]1=[C]([F])[C]([H])=[C]([F])[C]([H])=[C]1[H])[C](=[O])[N]2[C]([H])([H])[H],[H][C]1=[N][C]([N]([H])[C]2([H])[C]([H])([H])[C]([H])([H])[N]([C](=[O])[C]([H])([H])[H])[C]([H])([H])[C]2([H])[H])=[N][C]2=[C]1[C]([H])=[C]([O][C]1=[C]([F])[C]([H])=[C]([F])[C]([H])=[C]1[H])[C](=[O])[N]2[C]([H])([H])[H],-1.3654329601454673
p38,[H][C]1=[N][N]([C]([H])([H])[C@]([H])([N]([H])[C]2=[N][C]([H])=[C]3[C](=[N]2)[N]([C]([H])([H])[H])[C](=[O])[C]([O][C]2=[C]([F])[C]([H])=[C]([F])[C]([H])=[C]2[H])=[C]3[H])[C]([H])([H])[H])[N]=[N]1,[H][C]1=[N][C]([N]([H])[C]([H])([C]([H])([H])[H])[C]([H])([H])[H])=[N][C]2=[C]1[C]([H])=[C]([O][C]1=[C]([F])[C]([H])=[C]([F])[C]([H])=[C]1[H])[C](=[O])[N]2[C]([H])([H])[H],-0.5998793406253373
p38,[H][C]1=[N][C]([N]([H])[C@@]2([H])[C]([H])([H])[O][C]([H])([H])[C]2([H])[H])=[N][C]2=[C]1[C]([H])=[C]([O][C]1=[C]([F])[C]([H])=[C]([F])[C]([H])=[C]1[H])[C](=[O])[N]2[C]([H])([H])[H],[H][C]1=[N][C]([N]([H])[C]([H])([C]([H])([H])[H])[C]([H])([H])[H])=[N][C]2=[C]1[C]([H])=[C]([O][C]1=[C]([F])[C]([H])=[C]([F])[C]([H])=[C]1[H])[C](=[O])[N]2[C]([H])([H])[H],-1.214281856115596
pde2,CCCOc1cc(cnc1)c2nnc3n2c4cc(ccc4nc3C)CN5CCOCC5,Cc1c2nnc(n2c3cc(ccc3n1)CN4CCOCC4)c5cc(cnc5)OC,-0.5456000000000003
pde2,Cc1c2nnc(n2c3cc(ccc3n1)CN4CCOCC4)c5cc(cnc5)OCC6CC6,Cc1c2nnc(n2c3cc(ccc3n1)CN4CCOCC4)c5cc(cnc5)OC,-0.09548000000000023
pde2,Cc1c(cccn1)c2nnc3n2c4cc(ccc4nc3C)CN5CCOCC5,Cc1c2nnc(n2c3cc(ccc3n1)CN4CCOCC4)c5cc(cnc5)OC(C)C,1.5958799999999993
pde2,Cc1c(cccn1)c2nnc3n2c4cc(ccc4nc3C)CN5CCOCC5,Cc1c2nnc(n2c3cc(ccc3n1)CN4CCOCC4)c5cc(cnc5)OC,-0.4501200000000001
pde2,CCCOc1ccc(c(c1)c2nnc3n2c4cc(ccc4nc3C)CN5CCOCC5)Cl,Cc1c2nnc(n2c3cc(ccc3n1)CN4CCOCC4)c5cc(ccc5Cl)OC,-0.04092000000000162
pde2,Cc1c(cccn1)c2nnc3n2c4cc(ccc4nc3C)CN5CCOCC5,Cc1c2nnc(n2c3cc(ccc3n1)CN4CCOCC4)c5ccccc5Cl,-1.3367200000000015
pde2,Cc1c2nnc(n2c3cc(ccc3n1)CN4CCOCC4)c5cc(cnc5)OCCOC,Cc1c2nnc(n2c3cc(ccc3n1)CN4CCOCC4)c5cc(cnc5)OC,-1.25488
pde2,CCOc1ccc(c(c1)c2nnc3n2c4cc(ccc4nc3C)CN5CCOCC5)Cl,Cc1c2nnc(n2c3cc(ccc3n1)CN4CCOCC4)c5cc(ccc5Cl)OC(C)C,-0.736559999999999
pde2,Cc1c2nnc(n2c3cc(ccc3n1)CN4CCOCC4)c5ccccc5Cl,Cc1c2nnc(n2c3cc(ccc3n1)CN4CCOCC4)c5c(cccc5Cl)F,-0.19096000000000046
pde2,CCOc1ccc(c(c1)c2nnc3n2c4cc(ccc4nc3C)CN5CCOCC5)Cl,Cc1c2nnc(n2c3cc(ccc3n1)CN4CCOCC4)c5ccccc5Cl,-0.4910399999999999
pde2,Cc1c2nnc(n2c3cc(ccc3n1)CN4CCOCC4)c5cc(cnc5)OCCF,Cc1c2nnc(n2c3cc(ccc3n1)CN4CCOCC4)c5cc(cnc5)OC,-0.7501999999999995
pde2,CCCOc1ccc(c(c1)c2nnc3n2c4cc(ccc4nc3C)CN5CCOCC5)Cl,Cc1c2nnc(n2c3cc(ccc3n1)CN4CCOCC4)c5cc(ccc5Cl)OC(C)C,-0.7638400000000001
pde2,CCCCOc1cc(cnc1)c2nnc3n2c4cc(ccc4nc3C)CN5CCOCC5,Cc1c2nnc(n2c3cc(ccc3n1)CN4CCOCC4)c5cc(cnc5)OCCCF,1.2957999999999998
pde2,Cc1c(cccn1)c2nnc3n2c4cc(ccc4nc3C)CN5CCOCC5,Cc1c2nnc(n2c3cc(ccc3n1)CN4CCOCC4)c5cc(cnc5)CCOC,0.736559999999999
pde2,Cc1c2nnc(n2c3cc(ccc3n1)CN4CCOCC4)c5c(cccc5Cl)F,Cc1c2nnc(n2c3cc(ccc3n1)CN4CCOCC4)c5ccc(cc5Cl)F,0.9411600000000018
pde2,Cc1c2nnc(n2c3cc(ccc3n1)CN4CCOCC4)c5cc(cnc5)OCCOC,Cc1c2nnc(n2c3cc(ccc3n1)CN4CCOCC4)c5cc(cnc5)OC(C)C,0.7911199999999994
pde2,Cc1c2nnc(n2c3cc(ccc3n1)CN4CCOCC4)c5cc(cnc5)CCOC,Cc1c2nnc(n2c3cc(ccc3n1)CN4CCOCC4)c5cc(cnc5)CCCOC,0.2318800000000003
pde2,CCCCOc1cc(cnc1Cl)c2nnc3n2c4cc(ccc4nc3C)CN5CCOCC5,CCCOc1cc(cnc1)c2nnc3n2c4cc(ccc4nc3C)CN5CCOCC5,-0.8047599999999999
pde2,CCCCOc1ccc(c(c1)c2nnc3n2c4cc(ccc4nc3C)CN5CCOCC5)Cl,Cc1c2nnc(n2c3cc(ccc3n1)CN4CCOCC4)c5cc(ccc5Cl)OC,-0.16368000000000116
pde2,Cc1c2nnc(n2c3cc(ccc3n1)CN4CCOCC4)c5ccccc5Cl,Cc1c2nnc(n2c3cc(ccc3n1)CN4CCOCC4)c5cc(ccc5Cl)OC,0.4773999999999994
pde2,CCCOc1cc(cnc1)c2nnc3n2c4cc(ccc4nc3C)CN5CCOCC5,Cc1c2nnc(n2c3cc(ccc3n1)CN4CCOCC4)c5cc(cnc5)OCCCF,0.4501199999999983
pde2,Cc1c2nnc(n2c3cc(ccc3n1)CN4CCOCC4)c5cc(cnc5)OCCF,Cc1c2nnc(n2c3cc(ccc3n1)CN4CCOCC4)c5cc(cnc5)OC(C)C,1.2957999999999998
pde2,CCCCOc1cc(cnc1Cl)c2nnc3n2c4cc(ccc4nc3C)CN5CCOCC5,CCCCOc1cc(cnc1)c2nnc3n2c4cc(ccc4nc3C)CN5CCOCC5,-1.6504400000000015
pde2,Cc1c2nnc(n2c3cc(ccc3n1)CN4CCOCC4)c5ccccc5Cl,Cc1c2nnc(n2c3cc(ccc3n1)CN4CCOCC4)c5ccc(cc5Cl)F,0.7502000000000013
pde2,CCCCOc1ccc(c(c1)c2nnc3n2c4cc(ccc4nc3C)CN5CCOCC5)Cl,CCOc1ccc(c(c1)c2nnc3n2c4cc(ccc4nc3C)CN5CCOCC5)Cl,-0.15004000000000062
pde2,Cc1c2nnc(n2c3cc(ccc3n1)CN4CCOCC4)c5ccccc5Cl,Cc1c2nnc(n2c3cc(ccc3n1)CN4CCOCC4)c5cc(cnc5)OC,0.8866000000000014
pde2,CCCOc1cc(cnc1)c2nnc3n2c4cc(ccc4nc3C)CN5CCOCC5,Cc1c2nnc(n2c3cc(ccc3n1)CN4CCOCC4)c5cc(cnc5)OC(C)C,1.500399999999999
pde2,Cc1c(cccn1)c2nnc3n2c4cc(ccc4nc3C)CN5CCOCC5,CCOCc1cc(cnc1)c2nnc3n2c4cc(ccc4nc3C)CN5CCOCC5,0.08183999999999969
pfkfb3,[H][C]1=[N][C]2=[C]([N]=[C]1[H])[C]([C]1=[C]([H])[C]([H])=[C]([N]([H])[H])[C]([H])=[C]1[H])=[C]([H])[C]([N]([H])[C]1=[C]([H])[N]=[C]([H])[C]([H])=[C]1[S](=[O])(=[O])[C]([H])([H])[H])=[C]2[H],[H][C]1=[N][C]2=[C]([N]=[C]1[H])[C]([C]1=[C]([H])[C]([H])=[C]([Br])[C]([H])=[C]1[H])=[C]([H])[C]([N]([H])[C]1=[C]([H])[N]=[C]([H])[C]([H])=[C]1[S](=[O])(=[O])[C]([H])([H])[H])=[C]2[H],-2.0161343768422686
pfkfb3,[H][C]1=[N][C]2=[C]([H])[C]([N]([H])[C]3=[C]([S](=[O])(=[O])[C]([H])([H])[H])[C]([H])=[C]([H])[C]([H])=[C]3[H])=[C]([H])[C]([C]3=[C]([H])[C]([H])=[C]4[C]([H])=[C]([H])[N]([C]([H])([H])[H])[C]4=[C]3[H])=[C]2[N]=[C]1[H],[H][C]1=[N][C]2=[C]([H])[C]([N]([H])[C]3=[C]([S](=[O])(=[O])[C]([H])([H])[H])[C]([H])=[C]([H])[N]=[C]3[H])=[C]([H])[C]([C]3=[C]([H])[C]4=[C]([C]([H])=[C]3[H])[C]([H])=[C]([H])[N]4[C]([H])([H])[H])=[C]2[N]=[C]1[H],-0.4932178729007344
pfkfb3,[H][C]1=[N][C]2=[C]([H])[C]([N]([H])[C]3=[C]([S](=[O])(=[O])[C]([H])([H])[H])[C]([H])=[C]([H])[N]=[C]3[H])=[C]([H])[C]([C]3=[C]([H])[C]4=[C]([C]([H])=[C]3[H])[C]([H])=[C]([H])[N]4[C]([H])([H])[H])=[C]2[N]=[C]1[H],[H][C]1=[N][C]2=[C]([N]=[C]1[H])[C]([C]1=[C]([H])[C]3=[N][O][N]=[C]3[C]([H])=[C]1[H])=[C]([H])[C]([N]([H])[C]1=[C]([S](=[O])(=[O])[C]([H])([H])[H])[C]([H])=[C]([H])[N]=[C]1[H])=[C]2[H],2.4491974381929493
pfkfb3,[H][C]1=[N][C]2=[C]([N]=[C]1[H])[C]([C]1=[C]([H])[C]([H])=[C]3[C]([H])=[C]([H])[N]([C]([H])([H])[H])[C]3=[C]1[H])=[C]([H])[C]([N]([H])[C]1=[C]([C](=[O])[N]([H])[H])[C]([H])=[C]([H])[N]=[C]1[H])=[C]2[H],[H][C]1=[N][C]2=[C]([H])[C]([N]([H])[C]3=[C]([H])[N]=[C]([H])[C]([H])=[C]3[H])=[C]([H])[C]([C]3=[C]([H])[C]([H])=[C]4[C]([H])=[C]([H])[N]([C]([H])([H])[H])[C]4=[C]3[H])=[C]2[N]=[C]1[H],2.059702377950857
pfkfb3,[H][C]1=[N][C]2=[C]([N]=[C]1[H])[C]([C]1=[C]([H])[C]([H])=[C]([H])[C]([N]([H])[H])=[C]1[H])=[C]([H])[C]([N]([H])[C]1=[C]([H])[N]=[C]([H])[C]([H])=[C]1[S](=[O])(=[O])[C]([H])([H])[H])=[C]2[H],[H][C]1=[N][C]2=[C]([N]=[C]1[H])[C]([C]1=[C]([H])[C]([H])=[C]([Br])[C]([H])=[C]1[H])=[C]([H])[C]([N]([H])[C]1=[C]([H])[N]=[C]([H])[C]([H])=[C]1[S](=[O])(=[O])[C]([H])([H])[H])=[C]2[H],-2.753564527472683
pfkfb3,[H][C]1=[N][C]2=[C]([N]=[C]1[H])[C]([C]1=[C]([H])[C]([C]([H])([H])[H])=[C]3[C]([H])=[C]([H])[N]([C]([H])([H])[H])[C]3=[C]1[H])=[C]([H])[C]([N]([H])[C]1=[C]([H])[N]=[C]([H])[C]([H])=[C]1[S](=[O])(=[O])[C]([H])([H])[H])=[C]2[H],[H][C]1=[N][C]2=[C]([H])[C]([N]([H])[C]3=[C]([S](=[O])(=[O])[C]([H])([H])[H])[C]([H])=[C]([H])[N]=[C]3[H])=[C]([H])[C]([C]3=[C]([H])[C]4=[C]([C]([H])=[C]3[H])[C]([H])=[C]([H])[N]4[C]([H])([H])[H])=[C]2[N]=[C]1[H],0.4272838697655974
pfkfb3,[H][C]1=[N][C]2=[C]([H])[C]([H])=[C]([C]3=[C]([H])[C]([N]([H])[C]4=[C]([S](=[O])(=[O])[C]([H])([H])[H])[C]([H])=[C]([H])[N]=[C]4[H])=[C]([H])[C]4=[C]3[N]=[C]([H])[C]([H])=[N]4)[C]([H])=[C]2[S]1,[H][C]1=[N][C]2=[C]([N]=[C]1[H])[C]([C]1=[C]([H])[C]3=[N][S][N]=[C]3[C]([H])=[C]1[H])=[C]([H])[C]([N]([H])[C]1=[C]([S](=[O])(=[O])[C]([H])([H])[H])[C]([H])=[C]([H])[N]=[C]1[H])=[C]2[H],0.8613890964780904
pfkfb3,[H][C]1=[N][C]2=[C]([H])[C]([N]([H])[C]3=[C]([H])[N]=[C]([H])[C]([H])=[C]3[S](=[O])(=[O])[C]([H])([H])[H])=[C]([H])[C]([C]3=[C]([H])[C]([F])=[C]4[C]([H])=[C]([H])[N]([C]([H])([H])[H])[C]4=[C]3[H])=[C]2[N]=[C]1[H],[H][C]1=[N][C]2=[C]([H])[C]([N]([H])[C]3=[C]([S](=[O])(=[O])[C]([H])([H])[H])[C]([H])=[C]([H])[N]=[C]3[H])=[C]([H])[C]([C]3=[C]([H])[C]4=[C]([C]([H])=[C]3[H])[C]([H])=[C]([H])[N]4[C]([H])([H])[H])=[C]2[N]=[C]1[H],0.4971292099098328
pfkfb3,[H][C]1=[N][C]2=[C]([N]=[C]1[H])[C]([C]1=[C]([H])[C]([H])=[C]3[C]([H])=[C]([H])[N]([C]([H])([H])[H])[C]3=[C]1[H])=[C]([H])[C]([N]([H])[C]1=[C]([C](=[O])[N]([H])[H])[C]([H])=[C]([H])[C]([H])=[C]1[H])=[C]2[H],[H][C]1=[N][C]2=[C]([H])[C]([N]([H])[C]3=[C]([H])[C]([H])=[C]([H])[C]([H])=[C]3[H])=[C]([H])[C]([C]3=[C]([H])[C]4=[C]([C]([H])=[C]3[H])[C]([H])=[C]([H])[N]4[C]([H])([H])[H])=[C]2[N]=[C]1[H],1.620059573125321
pfkfb3,[H][C]1=[N][C]2=[C]([N]=[C]1[H])[C]([C]1=[C]([H])[C]([H])=[C]([H])[C]([O][C]([F])([F])[F])=[C]1[H])=[C]([H])[C]([N]([H])[C]1=[C]([H])[N]=[C]([H])[C]([H])=[C]1[S](=[O])(=[O])[C]([H])([H])[H])=[C]2[H],[H][C]1=[N][C]2=[C]([N]=[C]1[H])[C]([C]1=[C]([H])[C]([H])=[C]([H])[C]([N]([H])[H])=[C]1[H])=[C]([H])[C]([N]([H])[C]1=[C]([H])[N]=[C]([H])[C]([H])=[C]1[S](=[O])(=[O])[C]([H])([H])[H])=[C]2[H],0.19035574701473035
pfkfb3,[H][C]1=[N][C]2=[C]([H])[C]([N]([H])[C]3=[C]([H])[N]=[C]([H])[C]([H])=[C]3[S](=[O])(=[O])[C]([H])([H])[H])=[C]([H])[C]([C]3=[C]([H])[C]([H])=[C]([C]([H])([H])[C]([H])([H])[H])[C]([H])=[C]3[H])=[C]2[N]=[C]1[H],[H][C]1=[N][C]2=[C]([N]=[C]1[H])[C]([C]1=[C]([H])[C]([H])=[C]([N]([H])[H])[C]([H])=[C]1[H])=[C]([H])[C]([N]([H])[C]1=[C]([H])[N]=[C]([H])[C]([H])=[C]1[S](=[O])(=[O])[C]([H])([H])[H])=[C]2[H],0.39950642684643967
pfkfb3,[H][C]1=[N][C]2=[C]([N]=[C]1[H])[C]([C]1=[C]([H])[C]3=[N][S][N]=[C]3[C]([H])=[C]1[H])=[C]([H])[C]([N]([H])[C]1=[C]([S](=[O])(=[O])[C]([H])([H])[H])[C]([H])=[C]([H])[N]=[C]1[H])=[C]2[H],[H][C]1=[N][C]2=[C]([N]=[C]1[H])[C]([C]1=[C]([H])[C]([H])=[C]([H])[C]([Br])=[C]1[H])=[C]([H])[C]([N]([H])[C]1=[C]([H])[N]=[C]([H])[C]([H])=[C]1[S](=[O])(=[O])[C]([H])([H])[H])=[C]2[H],0.5644627047385296
pfkfb3,[H][C]1=[N][C]2=[C]([N]=[C]1[H])[C]([C]1=[C]([H])[C]([H])=[C]([H])[C]([Br])=[C]1[H])=[C]([H])[C]([N]([H])[C]1=[C]([H])[N]=[C]([H])[C]([H])=[C]1[S](=[O])(=[O])[C]([H])([H])[H])=[C]2[H],[H][C]1=[N][C]2=[C]([N]=[C]1[H])[C]([C]1=[C]([H])[C]([H])=[C]([H])[C]([N]([H])[H])=[C]1[H])=[C]([H])[C]([N]([H])[C]1=[C]([H])[N]=[C]([H])[C]([H])=[C]1[S](=[O])(=[O])[C]([H])([H])[H])=[C]2[H],0.8008583580578019
pfkfb3,[H][C]1=[N][C]2=[C]([N]=[C]1[H])[C]([C]1=[C]([H])[C]3=[N][O][N]=[C]3[C]([H])=[C]1[H])=[C]([H])[C]([N]([H])[C]1=[C]([S](=[O])(=[O])[C]([H])([H])[H])[C]([H])=[C]([H])[N]=[C]1[H])=[C]2[H],[H][C]1=[N][C]2=[C]([N]=[C]1[H])[C]([C]1=[C]([H])[C]([H])=[C]([H])[C]([Br])=[C]1[H])=[C]([H])[C]([N]([H])[C]1=[C]([H])[N]=[C]([H])[C]([H])=[C]1[S](=[O])(=[O])[C]([H])([H])[H])=[C]2[H],-0.3061929907705663
pfkfb3,[H][C]1=[N][C]2=[C]([N]=[C]1[H])[C]([C]1=[C]([H])[C]([H])=[C]3[S][C]([H])=[C]([C]([H])([H])[H])[C]3=[C]1[H])=[C]([H])[C]([N]([H])[C]1=[C]([S](=[O])(=[O])[C]([H])([H])[H])[C]([H])=[C]([H])[N]=[C]1[H])=[C]2[H],[H][C]1=[N][C]2=[C]([H])[C]([C]3=[C]([H])[C]([N]([H])[C]4=[C]([H])[N]=[C]([H])[C]([H])=[C]4[S](=[O])(=[O])[C]([H])([H])[H])=[C]([H])[C]4=[C]3[N]=[C]([H])[C]([H])=[N]4)=[C]([H])[C]([H])=[C]2[S]1,1.2277904129163648
pfkfb3,[H][C]1=[N][C]2=[C]([N]=[C]1[H])[C]([C]1=[C]([H])[C]([H])=[C]3[C]([H])=[C]([H])[N]([C]([H])([H])[H])[C]3=[C]1[H])=[C]([H])[C]([N]([H])[C]1=[C]([H])[N]=[C]([H])[C]([H])=[C]1[C](=[O])[N]([H])[C]1([H])[C]([H])([H])[C]([H])([H])[O][C]([H])([H])[C]1([H])[H])=[C]2[H],[H][C]1=[N][C]2=[C]([H])[C]([N]([H])[C]3=[C]([H])[N]=[C]([H])[C]([H])=[C]3[H])=[C]([H])[C]([C]3=[C]([H])[C]([H])=[C]4[C]([H])=[C]([H])[N]([C]([H])([H])[H])[C]4=[C]3[H])=[C]2[N]=[C]1[H],2.0844142869163944
pfkfb3,[H][C]1=[N][C]2=[C]([N]=[C]1[H])[C]([C]1=[C]([H])[C]([H])=[C]([O][C]([H])([H])[H])[C]([H])=[C]1[H])=[C]([H])[C]([N]([H])[C]1=[C]([H])[N]=[C]([H])[C]([H])=[C]1[S](=[O])(=[O])[C]([H])([H])[H])=[C]2[H],[H][C]1=[N][C]2=[C]([H])[C]([N]([H])[C]3=[C]([H])[N]=[C]([H])[C]([H])=[C]3[S](=[O])(=[O])[C]([H])([H])[H])=[C]([H])[C]([C]3=[C]([H])[C]([H])=[C]([C]([H])([H])[C]([H])([H])[H])[C]([H])=[C]3[H])=[C]2[N]=[C]1[H],-0.3273766693039235
pfkfb3,[H][C]1=[N][C]2=[C]([H])[C]([N]([H])[C]3=[C]([H])[N]=[C]([H])[C]([H])=[C]3[H])=[C]([H])[C]([C]3=[C]([H])[C]([H])=[C]4[C]([H])=[C]([H])[N]([C]([H])([H])[H])[C]4=[C]3[H])=[C]2[N]=[C]1[H],[H][C]1=[N][C]2=[C]([H])[C]([N]([H])[C]3=[C]([H])[N]=[C]([H])[C]([H])=[C]3[O][C]([H])([H])[H])=[C]([H])[C]([C]3=[C]([H])[C]([H])=[C]4[C]([H])=[C]([H])[N]([C]([H])([H])[H])[C]4=[C]3[H])=[C]2[N]=[C]1[H],-1.3691980521589135
pfkfb3,[H][C]1=[N][C]2=[C]([H])[C]([N]([H])[C]3=[C]([H])[N]=[C]([H])[C]([H])=[C]3[S](=[O])(=[O])[C]([H])([H])[H])=[C]([H])[C]([C]3=[C]([H])[C]([H])=[C]([C]([H])([H])[C]([H])([H])[H])[C]([H])=[C]3[H])=[C]2[N]=[C]1[H],[H][C]1=[N][C]2=[C]([N]=[C]1[H])[C]([C]1=[C]([H])[C]([H])=[C]([Br])[C]([H])=[C]1[H])=[C]([H])[C]([N]([H])[C]1=[C]([H])[N]=[C]([H])[C]([H])=[C]1[S](=[O])(=[O])[C]([H])([H])[H])=[C]2[H],-1.616627949995829
pfkfb3,[H][C]1=[N][C]2=[C]([H])[C]([N]([H])[C]3=[C]([S](=[O])(=[O])[C]([H])([H])[H])[C]([H])=[C]([H])[C]([H])=[C]3[H])=[C]([H])[C]([C]3=[C]([H])[C]([H])=[C]4[C]([H])=[C]([H])[N]([C]([H])([H])[H])[C]4=[C]3[H])=[C]2[N]=[C]1[H],[H][C]1=[N][C]2=[C]([N]=[C]1[H])[C]([C]1=[C]([H])[C]([H])=[C]3[C]([H])=[C]([H])[N]([C]([H])([H])[H])[C]3=[C]1[H])=[C]([H])[C]([N]([H])[C]1=[C]([C](=[O])[N]([H])[H])[C]([H])=[C]([H])[C]([H])=[C]1[H])=[C]2[H],0.4769930796924111
pfkfb3,[H][C]1=[N][C]2=[C]([H])[C]([N]([H])[C]3=[C]([S](=[O])(=[O])[C]([H])([H])[H])[C]([H])=[C]([H])[N]=[C]3[H])=[C]([H])[C]([C]3=[C]([H])[C]4=[C]([C]([H])=[C]3[H])[C]([H])=[C]([H])[N]4[C]([H])([H])[H])=[C]2[N]=[C]1[H],[H][C]1=[N][C]2=[C]([H])[C]([N]([H])[C]3=[C]([H])[N]=[C]([H])[C]([H])=[C]3[H])=[C]([H])[C]([C]3=[C]([H])[C]([H])=[C]4[C]([H])=[C]([H])[N]([C]([H])([H])[H])[C]4=[C]3[H])=[C]2[N]=[C]1[H],2.2262774925324367
pfkfb3,[H][C]1=[N][C]2=[C]([N]=[C]1[H])[C]([C]1=[C]([H])[C]([N]([C]([H])([H])[H])[C]([H])([H])[H])=[C]([H])[C]([H])=[C]1[H])=[C]([H])[C]([N]([H])[C]1=[C]([H])[N]=[C]([H])[C]([H])=[C]1[S](=[O])(=[O])[C]([H])([H])[H])=[C]2[H],[H][C]1=[N][C]2=[C]([N]=[C]1[H])[C]([C]1=[C]([H])[C]([H])=[C]([H])[C]([N]([H])[H])=[C]1[H])=[C]([H])[C]([N]([H])[C]1=[C]([H])[N]=[C]([H])[C]([H])=[C]1[S](=[O])(=[O])[C]([H])([H])[H])=[C]2[H],1.562615574814993
pfkfb3,[H][C]1=[N][C]2=[C]([N]=[C]1[H])[C]([C]1=[C]([H])[C]([H])=[C]3[C]([H])=[C]([H])[N]([C]([H])([F])[F])[C]3=[C]1[H])=[C]([H])[C]([N]([H])[C]1=[C]([H])[N]=[C]([H])[C]([H])=[C]1[S](=[O])(=[O])[C]([H])([H])[H])=[C]2[H],[H][C]1=[N][C]2=[C]([H])[C]([N]([H])[C]3=[C]([S](=[O])(=[O])[C]([H])([H])[H])[C]([H])=[C]([H])[N]=[C]3[H])=[C]([H])[C]([C]3=[C]([H])[C]4=[C]([C]([H])=[C]3[H])[C]([H])=[C]([H])[N]4[C]([H])([H])[H])=[C]2[N]=[C]1[H],0.33587251662803297
pfkfb3,[H][C]1=[N][C]2=[C]([N]=[C]1[H])[C]([C]1=[C]([H])[C]([H])=[C]3[C]([H])=[C]([H])[N]([C]([H])([H])[H])[C]3=[C]1[H])=[C]([H])[C]([N]([H])[C]1=[C]([C](=[O])[N]([H])[H])[C]([H])=[C]([H])[N]=[C]1[H])=[C]2[H],[H][C]1=[N][C]2=[C]([H])[C]([N]([H])[C]3=[C]([H])[C]([H])=[C]([H])[C]([H])=[C]3[H])=[C]([H])[C]([C]3=[C]([H])[C]4=[C]([C]([H])=[C]3[H])[C]([H])=[C]([H])[N]4[C]([H])([H])[H])=[C]2[N]=[C]1[H],2.4236954111368867
pfkfb3,[H][C]1=[N][C]2=[C]([H])[C]([N]([H])[C]3=[C]([C]#[N])[C]([H])=[C]([H])[N]=[C]3[H])=[C]([H])[C]([C]3=[C]([H])[C]([H])=[C]4[C]([H])=[C]([H])[N]([C]([H])([H])[H])[C]4=[C]3[H])=[C]2[N]=[C]1[H],[H][C]1=[N][C]2=[C]([H])[C]([N]([H])[C]3=[C]([H])[N]=[C]([H])[C]([H])=[C]3[H])=[C]([H])[C]([C]3=[C]([H])[C]([H])=[C]4[C]([H])=[C]([H])[N]([C]([H])([H])[H])[C]4=[C]3[H])=[C]2[N]=[C]1[H],0.6930604469483095
pfkfb3,[H][C]1=[N][C]2=[C]([H])[C]([N]([H])[C]3=[C]([H])[C]([H])=[C]([H])[C]([H])=[C]3[H])=[C]([H])[C]([C]3=[C]([H])[C]4=[C]([C]([H])=[C]3[H])[C]([H])=[C]([H])[N]4[C]([H])([H])[H])=[C]2[N]=[C]1[H],[H][C]1=[N][C]2=[C]([H])[C]([N]([H])[C]3=[C]([H])[N]=[C]([H])[C]([H])=[C]3[H])=[C]([H])[C]([C]3=[C]([H])[C]([H])=[C]4[C]([H])=[C]([H])[N]([C]([H])([H])[H])[C]4=[C]3[H])=[C]2[N]=[C]1[H],-0.3639930331860297
pfkfb3,[H][C]1=[N][C]2=[C]([N]=[C]1[H])[C]([C]1=[C]([H])[C]([H])=[C]3[O][C]([H])([H])[C]([H])([H])[O][C]3=[C]1[H])=[C]([H])[C]([N]([H])[C]1=[C]([H])[N]=[C]([H])[C]([H])=[C]1[S](=[O])(=[O])[C]([H])([H])[H])=[C]2[H],[H][C]1=[N][C]2=[C]([N]=[C]1[H])[C]([C]1=[C]([H])[C]([H])=[C]([H])[C]([Br])=[C]1[H])=[C]([H])[C]([N]([H])[C]1=[C]([H])[N]=[C]([H])[C]([H])=[C]1[S](=[O])(=[O])[C]([H])([H])[H])=[C]2[H],0.11760767206152245
pfkfb3,[H][C]1=[N][C]2=[C]([H])[C]([N]([H])[C]3=[C]([S](=[O])(=[O])[C]([H])([H])[H])[C]([H])=[C]([H])[N]=[C]3[H])=[C]([H])[C]([C]3=[C]([H])[C]4=[C]([C]([H])=[C]3[H])[C]([H])=[C]([H])[N]4[C]([H])([H])[H])=[C]2[N]=[C]1[H],[H][C]1=[N][C]2=[C]([N]=[C]1[H])[C]([C]1=[C]([H])[C]([H])=[C]3[C]([H])=[C]([H])[N]([C]([H])([H])[C]([H])([H])[H])[C]3=[C]1[H])=[C]([H])[C]([N]([H])[C]1=[C]([H])[N]=[C]([H])[C]([H])=[C]1[S](=[O])(=[O])[C]([H])([H])[H])=[C]2[H],-0.256688400801691
pfkfb3,[H][C]1=[N][C]2=[C]([N]=[C]1[H])[C]([C]1=[C]([H])[C]([H])=[C]([O][C]([H])([H])[H])[C]([H])=[C]1[H])=[C]([H])[C]([N]([H])[C]1=[C]([H])[N]=[C]([H])[C]([H])=[C]1[S](=[O])(=[O])[C]([H])([H])[H])=[C]2[H],[H][C]1=[N][C]2=[C]([N]=[C]1[H])[C]([C]1=[C]([H])[C]([H])=[C]([Br])[C]([H])=[C]1[H])=[C]([H])[C]([N]([H])[C]1=[C]([H])[N]=[C]([H])[C]([H])=[C]1[S](=[O])(=[O])[C]([H])([H])[H])=[C]2[H],-1.9440046192997524
pfkfb3,[H][C]1=[N][C]2=[C]([N]=[C]1[H])[C]([C]1=[C]([H])[C]([H])=[C]([H])[C]([O][C]([H])([H])[H])=[C]1[H])=[C]([H])[C]([N]([H])[C]1=[C]([H])[N]=[C]([H])[C]([H])=[C]1[S](=[O])(=[O])[C]([H])([H])[H])=[C]2[H],[H][C]1=[N][C]2=[C]([N]=[C]1[H])[C]([C]1=[C]([H])[C]([H])=[C]([H])[C]([N]([H])[H])=[C]1[H])=[C]([H])[C]([N]([H])[C]1=[C]([H])[N]=[C]([H])[C]([H])=[C]1[S](=[O])(=[O])[C]([H])([H])[H])=[C]2[H],1.320097705789987
pfkfb3,[H][C]1=[N][C]2=[C]([H])[C]([N]([H])[C]3=[C]([H])[N]=[C]([H])[C]([H])=[C]3[S](=[O])(=[O])[C]([H])([H])[H])=[C]([H])[C]([C]3=[C]([H])[C]([F])=[C]4[C]([H])=[C]([H])[N]([C]([H])([H])[H])[C]4=[C]3[H])=[C]2[N]=[C]1[H],[H][C]1=[N][C]2=[C]([N]=[C]1[H])[C]([C]1=[C]([H])[C]([C]([H])([H])[H])=[C]3[C]([H])=[C]([H])[N]([C]([H])([H])[H])[C]3=[C]1[H])=[C]([H])[C]([N]([H])[C]1=[C]([H])[N]=[C]([H])[C]([H])=[C]1[S](=[O])(=[O])[C]([H])([H])[H])=[C]2[H],0.06984534014423538
pfkfb3,[H][C]1=[N][C]2=[C]([H])[C]([N]([H])[C]3=[C]([S](=[O])(=[O])[C]([H])([H])[H])[C]([H])=[C]([H])[N]=[C]3[H])=[C]([H])[C]([C]3=[C]([H])[C]4=[C]([C]([H])=[C]3[H])[C]([H])=[C]([H])[N]4[C]([H])([H])[H])=[C]2[N]=[C]1[H],[H][C]1=[N][C]2=[C]([N]=[C]1[H])[C]([C]1=[C]([H])[C]([H])=[C]3[O][C]([H])=[C]([C]([H])([H])[H])[C]3=[C]1[H])=[C]([H])[C]([N]([H])[C]1=[C]([S](=[O])(=[O])[C]([H])([H])[H])[C]([H])=[C]([H])[N]=[C]1[H])=[C]2[H],-0.16527704766412832
pfkfb3,[H][C]1=[N][C]2=[C]([N]=[C]1[H])[C]([C]1=[C]([H])[C]([H])=[C]3[C]([H])=[C]([H])[N]([C]([H])([H])[H])[C]3=[C]1[H])=[C]([H])[C]([N]([H])[C]1=[C]([H])[C]([H])=[C]([H])[C]([H])=[C]1[C]#[N])=[C]2[H],[H][C]1=[N][C]2=[C]([H])[C]([N]([H])[C]3=[C]([H])[N]=[C]([H])[C]([H])=[C]3[H])=[C]([H])[C]([C]3=[C]([H])[C]([H])=[C]4[C]([H])=[C]([H])[N]([C]([H])([H])[H])[C]4=[C]3[H])=[C]2[N]=[C]1[H],0.9562762399068587
pfkfb3,[H][C]1=[N][C]2=[C]([H])[C]([N]([H])[C]3=[C]([H])[C]([H])=[C]([H])[C]([H])=[C]3[H])=[C]([H])[C]([C]3=[C]([H])[C]4=[C]([C]([H])=[C]3[H])[C]([H])=[C]([H])[N]4[C]([H])([H])[H])=[C]2[N]=[C]1[H],[H][C]1=[N][C]2=[C]([H])[C]([N]([H])[C]3=[C]([H])[N]=[C]([H])[C]([H])=[C]3[O][C]([H])([H])[H])=[C]([H])[C]([C]3=[C]([H])[C]([H])=[C]4[C]([H])=[C]([H])[N]([C]([H])([H])[H])[C]4=[C]3[H])=[C]2[N]=[C]1[H],-1.7331910853449433
pfkfb3,[H][C]1=[N][C]2=[C]([N]=[C]1[H])[C]([C]1=[C]([H])[C]([H])=[C]3[C]([H])=[C]([H])[N]([C]([H])([F])[F])[C]3=[C]1[H])=[C]([H])[C]([N]([H])[C]1=[C]([H])[N]=[C]([H])[C]([H])=[C]1[S](=[O])(=[O])[C]([H])([H])[H])=[C]2[H],[H][C]1=[N][C]2=[C]([N]=[C]1[H])[C]([C]1=[C]([H])[C]([H])=[C]3[C]([H])=[C]([H])[N]([C]([H])([H])[C]([H])([H])[H])[C]3=[C]1[H])=[C]([H])[C]([N]([H])[C]1=[C]([H])[N]=[C]([H])[C]([H])=[C]1[S](=[O])(=[O])[C]([H])([H])[H])=[C]2[H],0.079184115826342
pfkfb3,[H][C]1=[N][C]2=[C]([N]=[C]1[H])[C]([C]1=[C]([H])[C]([N]([C]([H])([H])[H])[C]([H])([H])[H])=[C]([H])[C]([H])=[C]1[H])=[C]([H])[C]([N]([H])[C]1=[C]([H])[N]=[C]([H])[C]([H])=[C]1[S](=[O])(=[O])[C]([H])([H])[H])=[C]2[H],[H][C]1=[N][C]2=[C]([N]=[C]1[H])[C]([C]1=[C]([H])[C]([H])=[C]([H])[C]([O][C]([H])([H])[H])=[C]1[H])=[C]([H])[C]([N]([H])[C]1=[C]([H])[N]=[C]([H])[C]([H])=[C]1[S](=[O])(=[O])[C]([H])([H])[H])=[C]2[H],0.24251786902500605
pfkfb3,[H][C]1=[N][C]2=[C]([N]=[C]1[H])[C]([C]1=[C]([H])[C]([H])=[C]3[C]([H])=[C]([H])[N]([C]([H])([H])[H])[C]3=[C]1[H])=[C]([H])[C]([N]([H])[C]1=[C]([H])[N]=[C]([H])[C]([H])=[C]1[C](=[O])[N]([H])[C]1([H])[C]([H])([H])[C]([H])([H])[O][C]([H])([H])[C]1([H])[H])=[C]2[H],[H][C]1=[N][C]2=[C]([N]=[C]1[H])[C]([C]1=[C]([H])[C]([H])=[C]3[C]([H])=[C]([H])[N]([C]([H])([H])[H])[C]3=[C]1[H])=[C]([H])[C]([N]([H])[C]1=[C]([C](=[O])[N]([H])[H])[C]([H])=[C]([H])[N]=[C]1[H])=[C]2[H],0.024711908965537432
pfkfb3,[H][C]1=[N][C]2=[C]([N]=[C]1[H])[C]([C]1=[C]([H])[C]([H])=[C]3[O][C]([H])([H])[C]([H])([H])[C]3=[C]1[H])=[C]([H])[C]([N]([H])[C]1=[C]([H])[N]=[C]([H])[C]([H])=[C]1[S](=[O])(=[O])[C]([H])([H])[H])=[C]2[H],[H][C]1=[N][C]2=[C]([N]=[C]1[H])[C]([C]1=[C]([H])[C]([H])=[C]([H])[C]([Br])=[C]1[H])=[C]([H])[C]([N]([H])[C]1=[C]([H])[N]=[C]([H])[C]([H])=[C]1[S](=[O])(=[O])[C]([H])([H])[H])=[C]2[H],1.1364760250614925
pfkfb3,[H][C]1=[N][C]2=[C]([H])[C]([H])=[C]([C]3=[C]([H])[C]([N]([H])[C]4=[C]([S](=[O])(=[O])[C]([H])([H])[H])[C]([H])=[C]([H])[N]=[C]4[H])=[C]([H])[C]4=[C]3[N]=[C]([H])[C]([H])=[N]4)[C]([H])=[C]2[S]1,[H][C]1=[N][C]2=[C]([N]=[C]1[H])[C]([C]1=[C]([H])[C]3=[N][O][N]=[C]3[C]([H])=[C]1[H])=[C]([H])[C]([N]([H])[C]1=[C]([S](=[O])(=[O])[C]([H])([H])[H])[C]([H])=[C]([H])[N]=[C]1[H])=[C]2[H],1.7320447919871862
pfkfb3,[H][C]1=[N][C]2=[C]([H])[C]([C]3=[C]([H])[C]([N]([H])[C]4=[C]([H])[N]=[C]([H])[C]([H])=[C]4[S](=[O])(=[O])[C]([H])([H])[H])=[C]([H])[C]4=[C]3[N]=[C]([H])[C]([H])=[N]4)=[C]([H])[C]([H])=[C]2[S]1,[H][C]1=[N][C]2=[C]([N]=[C]1[H])[C]([C]1=[C]([H])[C]3=[N][O][N]=[C]3[C]([H])=[C]1[H])=[C]([H])[C]([N]([H])[C]1=[C]([S](=[O])(=[O])[C]([H])([H])[H])[C]([H])=[C]([H])[N]=[C]1[H])=[C]2[H],1.7977203510127593
pfkfb3,[H][C]1=[N][C]2=[C]([N]=[C]1[H])[C]([C]1=[C]([H])[C]([H])=[C]([H])[C]([S][C]([H])([H])[H])=[C]1[H])=[C]([H])[C]([N]([H])[C]1=[C]([H])[N]=[C]([H])[C]([H])=[C]1[S](=[O])(=[O])[C]([H])([H])[H])=[C]2[H],[H][C]1=[N][C]2=[C]([N]=[C]1[H])[C]([C]1=[C]([H])[C]([H])=[C]([H])[C]([N]([H])[H])=[C]1[H])=[C]([H])[C]([N]([H])[C]1=[C]([H])[N]=[C]([H])[C]([H])=[C]1[S](=[O])(=[O])[C]([H])([H])[H])=[C]2[H],1.270403652683875
pfkfb3,[H][C]1=[N][C]2=[C]([N]=[C]1[H])[C]([C]1=[C]([H])[C]([H])=[C]3[S][C]([H])=[C]([C]([H])([H])[H])[C]3=[C]1[H])=[C]([H])[C]([N]([H])[C]1=[C]([S](=[O])(=[O])[C]([H])([H])[H])[C]([H])=[C]([H])[N]=[C]1[H])=[C]2[H],[H][C]1=[N][C]2=[C]([N]=[C]1[H])[C]([C]1=[C]([H])[C]([H])=[C]3[O][C]([H])=[C]([C]([H])([H])[H])[C]3=[C]1[H])=[C]([H])[C]([N]([H])[C]1=[C]([S](=[O])(=[O])[C]([H])([H])[H])[C]([H])=[C]([H])[N]=[C]1[H])=[C]2[H],0.41103627807204646
pfkfb3,[H][C]1=[N][C]2=[C]([N]=[C]1[H])[C]([C]1=[C]([H])[C]([H])=[C]([H])[C]([Br])=[C]1[H])=[C]([H])[C]([N]([H])[C]1=[C]([H])[N]=[C]([H])[C]([H])=[C]1[S](=[O])(=[O])[C]([H])([H])[H])=[C]2[H],[H][C]1=[N][C]2=[C]([N]=[C]1[H])[C]([C]1=[C]([H])[C]([H])=[C]([Br])[C]([H])=[C]1[H])=[C]([H])[C]([N]([H])[C]1=[C]([H])[N]=[C]([H])[C]([H])=[C]1[S](=[O])(=[O])[C]([H])([H])[H])=[C]2[H],-1.9527061694148813
pfkfb3,[H][C]1=[N][C]2=[C]([N]=[C]1[H])[C]([C]1=[C]([H])[C]([H])=[C]([H])[C]([O][C]([F])([F])[F])=[C]1[H])=[C]([H])[C]([N]([H])[C]1=[C]([H])[N]=[C]([H])[C]([H])=[C]1[S](=[O])(=[O])[C]([H])([H])[H])=[C]2[H],[H][C]1=[N][C]2=[C]([N]=[C]1[H])[C]([C]1=[C]([H])[C]([H])=[C]([H])[C]([S][C]([H])([H])[H])=[C]1[H])=[C]([H])[C]([N]([H])[C]1=[C]([H])[N]=[C]([H])[C]([H])=[C]1[S](=[O])(=[O])[C]([H])([H])[H])=[C]2[H],-1.0800479056691445
pfkfb3,[H][C]1=[N][C]2=[C]([N]=[C]1[H])[C]([C]1=[C]([H])[C]([H])=[C]3[C]([H])=[C]([H])[N]([C]([H])([H])[H])[C]3=[C]1[H])=[C]([H])[C]([N]([H])[C]1=[C]([H])[C]([H])=[C]([H])[C]([H])=[C]1[C]#[N])=[C]2[H],[H][C]1=[N][C]2=[C]([H])[C]([N]([H])[C]3=[C]([C]#[N])[C]([H])=[C]([H])[N]=[C]3[H])=[C]([H])[C]([C]3=[C]([H])[C]([H])=[C]4[C]([H])=[C]([H])[N]([C]([H])([H])[H])[C]4=[C]3[H])=[C]2[N]=[C]1[H],0.26321579295854924
ptp1b,[H]c1c(c(c(c(c1[H])N([H])C([H])([H])C2(C(C(N(C(C2([H])[H])([H])[H])C(=O)OC([H])([H])[H])([H])[H])([H])[H])[H])[H])C3=C(C(=C(S3)C(=O)[O-])OC([H])([H])C(=O)[O-])Br)[H],[H]c1c(c(c(c(c1[H])N([H])[H])[H])C2=C(C(=C(S2)C(=O)[O-])OC([H])([H])C(=O)[O-])Br)[H],0.8730364170159239
ptp1b,[H]c1c(c(c(c(c1[H])N([H])C2(C(C(OC(C2([H])[H])([H])[H])([H])[H])([H])[H])[H])[H])C3=C(C(=C(S3)C(=O)[O-])OC([H])([H])C(=O)[O-])Br)[H],[H]c1c(c(c(c(c1[H])N([H])[H])[H])C2=C(C(=C(S2)C(=O)[O-])OC([H])([H])C(=O)[O-])Br)[H],1.0091740609111133
ptp1b,[H]c1c(c(c(c(c1[H])N([H])C2(C(C(C(C(C(C2([H])[H])([H])[H])([H])[H])([H])[H])([H])[H])([H])[H])[H])[H])C3=C(C(=C(S3)C(=O)[O-])OC([H])([H])C(=O)[O-])Br)[H],[H]c1c(c(c(c(c1[H])OC([H])([H])[H])[H])C2=C(C(=C(S2)C(=O)[O-])OC([H])([H])C(=O)[O-])Br)[H],2.079388833110749
ptp1b,[H]c1c(c(c(c(c1[H])N([H])[H])[H])C2=C(C(=C(S2)C(=O)[O-])OC([H])([H])C(=O)[O-])Br)[H],[H]c1c(c(c(c(c1[H])N([H])C(=O)OC([H])([H])[H])[H])C2=C(C(=C(S2)C(=O)[O-])OC([H])([H])C(=O)[O-])Br)[H],0.09637372519218079
ptp1b,[H]c1c(c(c(c(c1[H])N([H])[H])[H])C2=C(C(=C(S2)C(=O)[O-])OC([H])([H])C(=O)[O-])Br)[H],[H]c1c(c(c(c(c1[H])OC([H])([H])[H])[H])C2=C(C(=C(S2)C(=O)[O-])OC([H])([H])C(=O)[O-])Br)[H],0.5074100032642281
ptp1b,[H]c1c(c(c(c(c1[H])[H])C([H])([H])S(=O)(=O)N2C(C(C(C(C2([H])[H])([H])[H])([H])N([H])c3c(c(c(c(c3[H])C4=C(C(=C(S4)C(=O)[O-])OC([H])([H])C(=O)[O-])Br)[H])[H])[H])([H])[H])([H])[H])[H])[H],[H]c1c(c(c(c(c1[H])N([H])C2(C(C(N(C(C2([H])[H])([H])[H])S(=O)(=O)C([H])([H])[H])([H])[H])([H])[H])[H])[H])C3=C(C(=C(S3)C(=O)[O-])OC([H])([H])C(=O)[O-])Br)[H],1.421951896769432
ptp1b,[H]c1c(c(c(c(c1[H])[H])C(=O)N([H])c2c(c(c(c(c2[H])C3=C(C(=C(S3)C(=O)[O-])OC([H])([H])C(=O)[O-])Br)[H])[H])[H])[H])[H],[H]c1c(c(c(c(c1[H])OC([H])([H])[H])[H])C2=C(C(=C(S2)C(=O)[O-])OC([H])([H])C(=O)[O-])Br)[H],0.3821037107195737
ptp1b,[H]c1c(c(c(c(c1[H])N([H])C2(C(C(C(C(C(C2([H])[H])([H])[H])([H])[H])([H])[H])([H])[H])([H])[H])[H])[H])C3=C(C(=C(S3)C(=O)[O-])OC([H])([H])C(=O)[O-])Br)[H],[H]c1c(c(c(c(c1[H])N([H])[H])[H])C2=C(C(=C(S2)C(=O)[O-])OC([H])([H])C(=O)[O-])Br)[H],1.571978829846521
ptp1b,[H]c1c(c(c(c(c1[H])N([H])C2(C(C(OC(C2([H])[H])([H])[H])([H])[H])([H])[H])[H])[H])C3=C(C(=C(S3)C(=O)[O-])OC([H])([H])C(=O)[O-])Br)[H],[H]c1c(c(c(c(c1[H])OC([H])([H])[H])[H])C2=C(C(=C(S2)C(=O)[O-])OC([H])([H])C(=O)[O-])Br)[H],1.5165840641753414
ptp1b,[H]c1c(c(c(c(c1[H])N([H])C([H])([H])C2(C(C(C(C(C2([H])[H])([H])[H])([H])[H])([H])[H])([H])[H])[H])[H])C3=C(C(=C(S3)C(=O)[O-])OC([H])([H])C(=O)[O-])Br)[H],[H]c1c(c(c(c(c1[H])N([H])[H])[H])C2=C(C(=C(S2)C(=O)[O-])OC([H])([H])C(=O)[O-])Br)[H],1.2690592349532883
ptp1b,[H]c1c(c(c(c(c1[H])N([H])C([H])([H])C2(C(C(N(C(C2([H])[H])([H])[H])C(=O)OC([H])([H])[H])([H])[H])([H])[H])[H])[H])C3=C(C(=C(S3)C(=O)[O-])OC([H])([H])C(=O)[O-])Br)[H],[H]c1c(c(c(c(c1[H])OC([H])([H])[H])[H])C2=C(C(=C(S2)C(=O)[O-])OC([H])([H])C(=O)[O-])Br)[H],1.380446420280152
ptp1b,[H]c1c(c(c(c(c1[H])N([H])C2(C(C(N(C(C2([H])[H])([H])[H])S(=O)(=O)C([H])([H])[H])([H])[H])([H])[H])[H])[H])C3=C(C(=C(S3)C(=O)[O-])OC([H])([H])C(=O)[O-])Br)[H],[H]c1c(c(c(c(c1[H])[H])C([H])([H])S(=O)(=O)N2C(C(C(C(C2([H])[H])([H])[H])([H])N([H])c3c(c(c(c(c3[H])C4=C(C(=C(S4)C(=O)[O-])OC([H])([H])C(=O)[O-])[H])[H])[H])[H])([H])[H])([H])[H])[H])[H],2.263310705594927
ptp1b,[H]c1c(c(c(c(c1[H])[H])C([H])([H])S(=O)(=O)N2C(C(C(C(C2([H])[H])([H])[H])([H])N([H])c3c(c(c(c(c3[H])C4=C(C(=C(S4)C(=O)[O-])OC([H])([H])C(=O)[O-])Br)[H])[H])[H])([H])[H])([H])[H])[H])[H],[H]c1c(c(c(c(c1[H])[H])C([H])([H])S(=O)(=O)N2C(C(C(C(C2([H])[H])([H])[H])([H])N([H])c3c(c(c(c(c3[H])C4=C(C(=C(S4)C(=O)[O-])OC([H])([H])C(=O)[O-])C([H])([H])[H])[H])[H])[H])([H])[H])([H])[H])[H])[H],0.41103627807204646
ptp1b,[H]c1c(c(c(c(c1[H])[H])C([H])([H])S(=O)(=O)N2C(C(C(C(C2([H])[H])([H])[H])([H])N([H])c3c(c(c(c(c3[H])C4=C(C(=C(S4)C(=O)[O-])OC([H])([H])C(=O)[O-])C([H])([H])[H])[H])[H])[H])([H])[H])([H])[H])[H])[H],[H]c1c(c(c(c(c1[H])N([H])C2(C(C(N(C(C2([H])[H])([H])[H])S(=O)(=O)C([H])([H])[H])([H])[H])([H])[H])[H])[H])C3=C(C(=C(S3)C(=O)[O-])OC([H])([H])C(=O)[O-])Br)[H],1.0109156186973856
ptp1b,[H]c1c(c(c(c(c1[H])[H])C([H])([H])S(=O)(=O)N2C(C(C(C(C2([H])[H])([H])[H])([H])N([H])c3c(c(c(c(c3[H])C4=C(C(=C(S4)C(=O)[O-])OC([H])([H])C(=O)[O-])Br)[H])[H])[H])([H])[H])([H])[H])[H])[H],[H]c1c(c(c(c(c1[H])[H])C([H])([H])S(=O)(=O)N2C(C(C(C(C2([H])[H])([H])[H])([H])N([H])c3c(c(c(c(c3[H])C4=C(C(=C(S4)C(=O)[O-])OC([H])([H])C(=O)[O-])[H])[H])[H])[H])([H])[H])([H])[H])[H])[H],3.685262602364359
ptp1b,[H]c1c(c(c(c(c1[H])N([H])C2(C(C(N(C(C2([H])[H])([H])[H])C(=O)C([H])([H])[H])([H])[H])([H])[H])[H])[H])C3=C(C(=C(S3)C(=O)[O-])OC([H])([H])C(=O)[O-])Br)[H],[H]c1c(c(c(c(c1[H])[H])S(=O)(=O)N2C(C(C(C(C2([H])[H])([H])[H])([H])N([H])c3c(c(c(c(c3[H])C4=C(C(=C(S4)C(=O)[O-])OC([H])([H])C(=O)[O-])Br)[H])[H])[H])([H])[H])([H])[H])[H])[H],-0.7351366959483148
ptp1b,[H]c1c(c(c(c(c1[H])N([H])C(=O)N([H])C([H])(C([H])([H])[H])C([H])([H])[H])[H])C2=C(C(=C(S2)C(=O)[O-])OC([H])([H])C(=O)[O-])Br)[H],[H]c1c(c(c(c(c1[H])N([H])C(=O)C([H])([H])C([H])([H])[H])[H])C2=C(C(=C(S2)C(=O)[O-])OC([H])([H])C(=O)[O-])Br)[H],-0.028932567352473626
ptp1b,[H]c1c(c(c(c(c1[H])N([H])C(=O)C([H])([H])C([H])([H])[H])[H])C2=C(C(=C(S2)C(=O)[O-])OC([H])([H])C(=O)[O-])Br)[H],[H]c1c(c(c(c(c1[H])N([H])C(=O)OC([H])([H])[H])[H])C2=C(C(=C(S2)C(=O)[O-])OC([H])([H])C(=O)[O-])Br)[H],0.0
ptp1b,[H]c1c(c(c(c(c1[H])N([H])C2(C(C(C(C2([H])[H])([H])[H])([H])[H])([H])[H])[H])[H])C3=C(C(=C(S3)C(=O)[O-])OC([H])([H])C(=O)[O-])Br)[H],[H]c1c(c(c(c(c1[H])N([H])[H])[H])C2=C(C(=C(S2)C(=O)[O-])OC([H])([H])C(=O)[O-])Br)[H],0.8730364170159239
ptp1b,[H]c1c(c(c(c(c1[H])[H])C([H])([H])S(=O)(=O)N2C(C(C(C(C2([H])[H])([H])[H])([H])N([H])c3c(c(c(c(c3[H])C4=C(C(=C(S4)C(=O)[O-])OC([H])([H])C(=O)[O-])Cl)[H])[H])[H])([H])[H])([H])[H])[H])[H],[H]c1c(c(c(c(c1[H])[H])S(=O)(=O)N2C(C(C(C(C2([H])[H])([H])[H])([H])N([H])c3c(c(c(c(c3[H])C4=C(C(=C(S4)C(=O)[O-])OC([H])([H])C(=O)[O-])Br)[H])[H])[H])([H])[H])([H])[H])[H])[H],2.6050464299643608
ptp1b,[H]c1c(c(c(c(c1[H])[H])C([H])([H])Oc2c(c(c(c(c2[H])C3=C(C(=C(S3)C(=O)[O-])OC([H])([H])C(=O)[O-])Br)[H])[H])[H])[H])[H],[H]c1c(c(c(c(c1[H])N([H])[H])[H])C2=C(C(=C(S2)C(=O)[O-])OC([H])([H])C(=O)[O-])Br)[H],0.5433604040013735
ptp1b,[H]c1c(c(c(c(c1[H])[H])C([H])([H])S(=O)(=O)N2C(C(C(C(C2([H])[H])([H])[H])([H])N([H])c3c(c(c(c(c3[H])C4=C(C(=C(S4)C(=O)[O-])OC([H])([H])C(=O)[O-])Cl)[H])[H])[H])([H])[H])([H])[H])[H])[H],[H]c1c(c(c(c(c1[H])N([H])[H])[H])C2=C(C(=C(S2)C(=O)[O-])OC([H])([H])C(=O)[O-])Br)[H],4.639659284437781
ptp1b,[H]c1c(c(c(c(c1[H])OC([H])([H])[H])[H])C2=C(C(=C(S2)C(=O)[O-])OC([H])([H])C(=O)[O-])Br)[H],[H]c1c(c(c(c(c1[H])[H])C([H])([H])N([H])c2c(c(c(c(c2[H])C3=C(C(=C(S3)C(=O)[O-])OC([H])([H])C(=O)[O-])Br)[H])[H])[H])[H])[H],-1.2698009486209676
ptp1b,[H]c1c(c(c(c(c1[H])N([H])C2(C(C(C(C(C2([H])[H])([H])[H])([H])[H])([H])[H])([H])[H])[H])[H])C3=C(C(=C(S3)C(=O)[O-])OC([H])([H])C(=O)[O-])Br)[H],[H]c1c(c(c(c(c1[H])N([H])[H])[H])C2=C(C(=C(S2)C(=O)[O-])OC([H])([H])C(=O)[O-])Br)[H],1.2401266676008147
ptp1b,[H]c1c(c(c(c(c1[H])N([H])[H])[H])C2=C(C(=C(S2)C(=O)[O-])OC([H])([H])C(=O)[O-])Br)[H],[H]c1c(c(c(c(c1[H])N([H])S(=O)(=O)c2c(c(c(c(c2[H])[H])F)[H])[H])[H])C3=C(C(=C(S3)C(=O)[O-])OC([H])([H])C(=O)[O-])Br)[H],-0.8015040202572754
ptp1b,[H]c1c(c(c(c(c1[H])[H])C([H])([H])Oc2c(c(c(c(c2[H])C3=C(C(=C(S3)C(=O)[O-])OC([H])([H])C(=O)[O-])Br)[H])[H])[H])[H])[H],[H]c1c(c(c(c(c1[H])OC([H])([H])[H])[H])C2=C(C(=C(S2)C(=O)[O-])OC([H])([H])C(=O)[O-])Br)[H],1.0507704072656017
ptp1b,[H]c1c(c(c(c(c1[H])N([H])C(=O)C([H])([H])C([H])([H])[H])[H])C2=C(C(=C(S2)C(=O)[O-])OC([H])([H])C(=O)[O-])Br)[H],[H]c1c(c(c(c(c1[H])N([H])S(=O)(=O)c2c(c(c(c(c2[H])[H])F)[H])[H])[H])C3=C(C(=C(S3)C(=O)[O-])OC([H])([H])C(=O)[O-])Br)[H],-0.8978777454494562
ptp1b,[H]c1c(c(c(c(c1[H])N([H])C2(C(C(N(C(C2([H])[H])([H])[H])S(=O)(=O)C([H])([H])[H])([H])[H])([H])[H])[H])[H])C3=C(C(=C(S3)C(=O)[O-])OC([H])([H])C(=O)[O-])Br)[H],[H]c1c(c(c(c(c1[H])[H])S(=O)(=O)N2C(C(C(C(C2([H])[H])([H])[H])([H])N([H])c3c(c(c(c(c3[H])C4=C(C(=C(S4)C(=O)[O-])OC([H])([H])C(=O)[O-])Br)[H])[H])[H])([H])[H])([H])[H])[H])[H],0.1323241259293262
ptp1b,[H]c1c(c(c(c(c1[H])N([H])[H])[H])C2=C(C(=C(S2)C(=O)[O-])OC([H])([H])C(=O)[O-])Br)[H],[H]c1c(c(c(c(c1[H])N([H])C(=O)N([H])C([H])(C([H])([H])[H])C([H])([H])[H])[H])C2=C(C(=C(S2)C(=O)[O-])OC([H])([H])C(=O)[O-])Br)[H],0.12530629254465442
ptp1b,[H]c1c(c(c(c(c1[H])N([H])C2(C(C(N(C(C2([H])[H])([H])[H])C(=O)C([H])([H])[H])([H])[H])([H])[H])[H])[H])C3=C(C(=C(S3)C(=O)[O-])OC([H])([H])C(=O)[O-])Br)[H],[H]c1c(c(c(c(c1[H])N([H])[H])[H])C2=C(C(=C(S2)C(=O)[O-])OC([H])([H])C(=O)[O-])Br)[H],1.2994761585251053
ptp1b,[H]c1c(c(c(c(c1[H])N([H])[H])[H])C2=C(C(=C(S2)C(=O)[O-])OC([H])([H])C(=O)[O-])Br)[H],[H]c1c(c(c(c(c1[H])[H])C(=O)N([H])c2c(c(c(c(c2[H])C3=C(C(=C(S3)C(=O)[O-])OC([H])([H])C(=O)[O-])Br)[H])[H])[H])[H])[H],0.12530629254465442
ptp1b,[H]c1c(c(c(c(c1[H])[H])C([H])([H])S(=O)(=O)N2C(C(C(C(C2([H])[H])([H])[H])([H])N([H])c3c(c(c(c(c3[H])C4=C(C(=C(S4)C(=O)[O-])OC([H])([H])C(=O)[O-])Br)[H])[H])[H])([H])[H])([H])[H])[H])[H],[H]c1c(c(c(c(c1[H])N([H])C2(C(C(N(C(C2([H])[H])([H])[H])C(=O)C([H])([H])[H])([H])[H])([H])[H])[H])[H])C3=C(C(=C(S3)C(=O)[O-])OC([H])([H])C(=O)[O-])Br)[H],2.289412718647073
ptp1b,[H]c1c(c(c(c(c1[H])N([H])C2(C(C(N(C(C2([H])[H])([H])[H])S(=O)(=O)C([H])([H])[H])([H])[H])([H])[H])[H])[H])C3=C(C(=C(S3)C(=O)[O-])OC([H])([H])C(=O)[O-])Br)[H],[H]c1c(c(c(c(c1[H])N([H])C2(C(C(N(C(C2([H])[H])([H])[H])C(=O)C([H])([H])[H])([H])[H])([H])[H])[H])[H])C3=C(C(=C(S3)C(=O)[O-])OC([H])([H])C(=O)[O-])Br)[H],0.867460821877641
ptp1b,[H]c1c(c(c(c(c1[H])N([H])[H])[H])C2=C(C(=C(S2)C(=O)[O-])OC([H])([H])C(=O)[O-])Br)[H],[H]c1c(c(c(c(c1[H])[H])C([H])([H])N([H])c2c(c(c(c(c2[H])C3=C(C(=C(S3)C(=O)[O-])OC([H])([H])C(=O)[O-])Br)[H])[H])[H])[H])[H],-0.7623909453567395
ptp1b,[H]c1c(c(c(c(c1[H])N([H])[H])[H])C2=C(C(=C(S2)C(=O)[O-])OC([H])([H])C(=O)[O-])Br)[H],[H]c1c(c(c(c(c1[H])N([H])C(=O)C([H])([H])C([H])([H])[H])[H])C2=C(C(=C(S2)C(=O)[O-])OC([H])([H])C(=O)[O-])Br)[H],0.09637372519218079
ptp1b,[H]c1c(c(c(c(c1[H])N([H])C2(C(C(C(C(C2([H])[H])([H])[H])([H])[H])([H])[H])([H])[H])[H])[H])C3=C(C(=C(S3)C(=O)[O-])OC([H])([H])C(=O)[O-])Br)[H],[H]c1c(c(c(c(c1[H])OC([H])([H])[H])[H])C2=C(C(=C(S2)C(=O)[O-])OC([H])([H])C(=O)[O-])Br)[H],1.7475366708650428
shp2,[H][C]1=[C]([Cl])[S][C]([c]2[c]([H])[n][c]([N]3[C]([H])([H])[C]([H])([H])[C]([C]([H])([H])[H])([N+]([H])([H])[H])[C]([H])([H])[C]3([H])[H])[n][c]2[N]([H])[H])=[C]1[H],[H][C]1=[C]([c]2[n][c]([H])[c]([N]3[C]([H])([H])[C]([H])([H])[C]([C]([H])([H])[H])([N+]([H])([H])[H])[C]([H])([H])[C]3([H])[H])[n][c]2[N]([H])[H])[C]([H])([H])[C]([H])([H])[C]([H])([H])[C]1([H])[H],0.5936041497923306
shp2,[H][c]1[n][c](-[c]2[c]([H])[c]([H])[c]([H])[c]([Cl])[c]2[Cl])[c]([N]([H])[H])[n][c]1[N]1[C]([H])([H])[C]([H])([H])[C]([H])([C]([H])([H])[N+]([H])([H])[H])[C]([H])([H])[C]1([H])[H],[H][c]1[n][c](-[c]2[c]([H])[c]([H])[c]([H])[c]([Cl])[c]2[Cl])[c]([N]([H])[H])[n][c]1[N]1[C]([H])([H])[C@]([H])([C]([H])([H])[H])[N+]([H])([H])[C@]([H])([C]([H])([H])[H])[C]1([H])[H],0.27580630103574144
shp2,[H][c]1[n][c]([N]2[C]([H])([H])[C@]([H])([C]([H])([H])[H])[N+]([H])([H])[C@]([H])([C]([H])([H])[H])[C]2([H])[H])[n][c]([N]([H])[H])[c]1-[c]1[c]([H])[c]([H])[c]([H])[c]([Cl])[c]1[Cl],[H][c]1[n][c]([N]2[C]([H])([H])[C@]([H])([C]([H])([H])[H])[N+]([H])([H])[C@]([H])([C]([H])([H])[H])[C]2([H])[H])[n][c]([N]([H])[H])[c]1-[c]1[c]([H])[c]([H])[c]([H])[c]([Cl])[c]1[H],1.2513564278055274
shp2,[H][c]1[n][c](-[c]2[c]([H])[c]([H])[c]([H])[c]([Cl])[c]2[Cl])[c]([N]([H])[H])[n][c]1[N]1[C]([H])([H])[C]([H])([H])[C]([C]([H])([H])[H])([C]([H])([H])[N+]([H])([H])[H])[C]([H])([H])[C]1([H])[H],[H][c]1[n][c](-[c]2[c]([H])[c]([H])[c]([H])[c]([Cl])[c]2[Cl])[c]([N]([H])[H])[n][c]1[N]1[C]([H])([H])[C]([H])([H])[C]([H])([C]([H])([H])[N+]([H])([H])[H])[C]([H])([H])[C]1([H])[H],0.9190311901458212
shp2,[H][c]1[n][c](-[c]2[c]([H])[c]([H])[c]([H])[c]([Cl])[c]2[Cl])[c]([N]([H])[H])[n][c]1[N]1[C]([H])([H])[C]([H])([H])[C]([C]([H])([H])[H])([N+]([H])([H])[H])[C]([H])([H])[C]1([H])[H],[H][c]1[n][c]([N]2[C]([H])([H])[C]([H])([H])[C]([C]([H])([H])[H])([N+]([H])([H])[H])[C]([H])([H])[C]2([H])[H])[c]([H])[n][c]1-[c]1[c]([H])[c]([H])[c]([H])[c]([Cl])[c]1[Cl],2.6006261550313265
shp2,[H][c]1[n][c](-[c]2[c]([H])[c]([H])[c]([H])[c]([Cl])[c]2[Cl])[c]([N]([H])[H])[n][c]1[N]1[C]([H])([H])[C]([H])([H])[C]([C]([H])([H])[H])([C]([H])([H])[N+]([H])([H])[H])[C]([H])([H])[C]1([H])[H],[H][c]1[n][c](-[c]2[c]([H])[c]([H])[c]([H])[c]([Cl])[c]2[Cl])[c]([N]([H])[H])[n][c]1[N]1[C]([H])([H])[C]([H])([H])[C]([C]([H])([H])[H])([N+]([H])([H])[H])[C]([H])([H])[C]1([H])[H],-0.040355703704294754
shp2,[H][c]1[n][c]([N]2[C]([H])([H])[C]([H])([H])[C]([H])([N+]([H])([H])[H])[C]([H])([H])[C]2([H])[H])[n][c]([N]([H])[H])[c]1-[c]1[c]([H])[c]([H])[c]([H])[c]([Cl])[c]1[Cl],[H][c]1[n][c]([N]2[C]([H])([H])[C@]([H])([C]([H])([H])[H])[N+]([H])([H])[C@]([H])([C]([H])([H])[H])[C]2([H])[H])[n][c]([N]([H])[H])[c]1-[c]1[c]([H])[c]([H])[c]([H])[c]([Cl])[c]1[Cl],1.3179676344950622
shp2,[H][c]1[n][c](-[c]2[c]([H])[c]([H])[c]([H])[c]([Cl])[c]2[Cl])[c]([N]([H])[H])[n][c]1[N]1[C]([H])([H])[C]([H])([H])[C]([C]([H])([H])[H])([N+]([H])([H])[H])[C]([H])([H])[C]1([H])[H],[H][C]1=[C]([c]2[n][c]([H])[c]([N]3[C]([H])([H])[C]([H])([H])[C]([C]([H])([H])[H])([N+]([H])([H])[H])[C]([H])([H])[C]3([H])[H])[n][c]2[N]([H])[H])[C]([H])([H])[C]([H])([H])[C]([H])([H])[C]1([H])[H],2.1317169395714206
shp2,[H][c]1[n][c]([N]2[C]([H])([H])[C]([H])([H])[C]([C]([H])([H])[H])([N+]([H])([H])[H])[C]([H])([H])[C]2([H])[H])[c]([H])[n][c]1-[c]1[c]([H])[c]([H])[c]([H])[c]([Cl])[c]1[Cl],[H][c]1[n][c](-[c]2[c]([H])[c]([H])[c]([H])[c]([Cl])[c]2[Cl])[c]([N]([H])[C]([H])([H])[H])[n][c]1[N]1[C]([H])([H])[C]([H])([H])[C]([C]([H])([H])[H])([N+]([H])([H])[H])[C]([H])([H])[C]1([H])[H],0.8008917331610625
shp2,[H][c]1[c]([H])[c]([Cl])[c]([Cl])[c](-[c]2[n][c]([C]([H])([H])[H])[c]([N]3[C]([H])([H])[C]([H])([H])[C]([C]([H])([H])[H])([N+]([H])([H])[H])[C]([H])([H])[C]3([H])[H])[n][c]2[N]([H])[H])[c]1[H],[H][c]1[c]([H])[c]([Cl])[c]([Cl])[c](-[c]2[n][c]([C]#[N])[c]([N]3[C]([H])([H])[C]([H])([H])[C]([C]([H])([H])[H])([N+]([H])([H])[H])[C]([H])([H])[C]3([H])[H])[n][c]2[N]([H])[H])[c]1[H],0.20748788737333967
shp2,[H][c]1[n][c]([N]2[C]([H])([H])[C]([H])([H])[C]([C]([H])([H])[H])([N+]([H])([H])[H])[C]([H])([H])[C]2([H])[H])[n][c]([N]([H])[H])[c]1-[c]1[c]([H])[c]([H])[c]([H])[c]([C]([H])([H])[H])[c]1[Cl],[H][O][c]1[c]([H])[c]([Cl])[c]([Cl])[c](-[c]2[c]([H])[n][c]([N]3[C]([H])([H])[C]([H])([H])[C]([C]([H])([H])[H])([N+]([H])([H])[H])[C]([H])([H])[C]3([H])[H])[n][c]2[N]([H])[H])[c]1[H],-0.7937326924891401
shp2,[H][O][c]1[c]([H])[c]([Cl])[c]([Cl])[c](-[c]2[c]([H])[n][c]([N]3[C]([H])([H])[C]([H])([H])[C]([C]([H])([H])[H])([N+]([H])([H])[H])[C]([H])([H])[C]3([H])[H])[n][c]2[N]([H])[H])[c]1[H],[H][c]1[n][c]([N]2[C]([H])([H])[C]([H])([H])[C]([C]([H])([H])[H])([N+]([H])([H])[H])[C]([H])([H])[C]2([H])[H])[n][c]([N]([H])[H])[c]1-[c]1[c]([H])[c]([O][C]([H])([H])[H])[c]([H])[c]([Cl])[c]1[Cl],1.50748118653991
shp2,[H][C]1=[C]([Cl])[S][C]([c]2[c]([H])[n][c]([N]3[C]([H])([H])[C]([H])([H])[C]([C]([H])([H])[H])([N+]([H])([H])[H])[C]([H])([H])[C]3([H])[H])[n][c]2[N]([H])[H])=[C]1[H],[H][c]1[c]([H])[c]([Cl])[c]([Cl])[c](-[c]2[n][n][c]([N]3[C]([H])([H])[C]([H])([H])[C]([C]([H])([H])[H])([N+]([H])([H])[H])[C]([H])([H])[C]3([H])[H])[n][c]2[N]([H])[H])[c]1[H],-0.9420420685400348
shp2,[H][c]1[n][c](-[c]2[c]([H])[c]([H])[c]([H])[c]([Cl])[c]2[Cl])[c]([N]([H])[H])[n][c]1[N]1[C]([H])([H])[C]([H])([H])[C]([H])([C]([H])([H])[N+]([H])([H])[H])[C]([H])([H])[C]1([H])[H],[H][c]1[n][c](-[c]2[c]([H])[c]([H])[c]([H])[c]([Cl])[c]2[Cl])[c]([N]([H])[H])[n][c]1[N]1[C]([H])([H])[C]([H])([H])[C]([C]([H])([H])[H])([N+]([H])([H])[H])[C]([H])([H])[C]1([H])[H],-0.959386893850116
shp2,[H][C]1=[C]([c]2[c]([H])[n][c]([N]3[C]([H])([H])[C]([H])([H])[C]([C]([H])([H])[H])([N+]([H])([H])[H])[C]([H])([H])[C]3([H])[H])[n][c]2[N]([H])[H])[S][C]([C]([H])([H])[H])=[C]1[H],[H][C]1=[C]([c]2[n][c]([H])[c]([N]3[C]([H])([H])[C]([H])([H])[C]([C]([H])([H])[H])([N+]([H])([H])[H])[C]([H])([H])[C]3([H])[H])[n][c]2[N]([H])[H])[C]([H])([H])[C]([H])([H])[C]([H])([H])[C]1([H])[H],0.5788092035968972
shp2,[H][c]1[n][c]([N]2[C]([H])([H])[C]([H])([H])[C]([H])([N+]([H])([H])[H])[C]([H])([H])[C]2([H])[H])[n][c]([N]([H])[H])[c]1-[c]1[c]([H])[c]([H])[c]([H])[c]([Cl])[c]1[Cl],[H][c]1[n][c]([N]2[C]([H])([H])[C]([H])([H])[C]([H])([N+]([H])([C]([H])([H])[H])[C]([H])([H])[H])[C]([H])([H])[C]2([H])[H])[n][c]([N]([H])[H])[c]1-[c]1[c]([H])[c]([H])[c]([H])[c]([Cl])[c]1[Cl],0.9543966820734218
shp2,[H][c]1[c]([H])[c]([Cl])[c]([Cl])[c](-[c]2[n][c]([C]([H])([H])[H])[c]([N]3[C]([H])([H])[C]([H])([H])[C]([C]([H])([H])[H])([N+]([H])([H])[H])[C]([H])([H])[C]3([H])[H])[n][c]2[N]([H])[H])[c]1[H],[H][C]1=[C]([c]2[n][c]([H])[c]([N]3[C]([H])([H])[C]([H])([H])[C]([C]([H])([H])[H])([N+]([H])([H])[H])[C]([H])([H])[C]3([H])[H])[n][c]2[N]([H])[H])[C]([H])([H])[C]([H])([H])[C]([H])([H])[C]1([H])[H],1.4556984192066587
shp2,[H][c]1[n][c]([N]2[C]([H])([H])[C]([H])([H])[C]([C]([H])([H])[H])([N+]([H])([H])[H])[C]([H])([H])[C]2([H])[H])[n][c]([N]([H])[H])[c]1-[c]1[c]([H])[c]([H])[c]([H])[c]([Cl])[c]1[Cl],[H][c]1[n][c](-[c]2[c]([H])[c]([H])[c]([H])[c]([Cl])[c]2[Cl])[c]([N]([H])[H])[n][c]1[N]1[C]([H])([H])[C]([H])([H])[C@@]([H])([C]([H])([H])[N+]([H])([H])[H])[C]1([H])[H],-0.7907369646890867
shp2,[H][c]1[n][c](-[c]2[c]([H])[c]([H])[c]([H])[c]([Cl])[c]2[Cl])[c]([N]([H])[H])[n][c]1[N]1[C]([H])([H])[C]([H])([H])[C]([C]([H])([H])[H])([N+]([H])([H])[H])[C]([H])([H])[C]1([H])[H],[H][c]1[c]([H])[c]([Cl])[c]([Cl])[c](-[c]2[n][c]([C]#[N])[c]([N]3[C]([H])([H])[C]([H])([H])[C]([C]([H])([H])[H])([N+]([H])([H])[H])[C]([H])([H])[C]3([H])[H])[n][c]2[N]([H])[H])[c]1[H],0.8835064077381016
shp2,[H][c]1[n][c](-[c]2[c]([H])[c]([H])[c]([H])[c]([Cl])[c]2[Cl])[c]([N]([H])[H])[n][c]1[N]1[C]([H])([H])[C]([H])([H])[C]([C]([H])([H])[H])([N+]([H])([H])[H])[C]([H])([H])[C]1([H])[H],[H][C]1=[C]([H])[N]([H])[c]2[c]1[c]([H])[c]([H])[c]([H])[c]2-[c]1[n][c]([H])[c]([N]2[C]([H])([H])[C]([H])([H])[C]([C]([H])([H])[H])([N+]([H])([H])[H])[C]([H])([H])[C]2([H])[H])[n][c]1[N]([H])[H],1.2964222436435868
shp2,[H][c]1[n][c](-[c]2[c]([H])[c]([H])[c]([H])[c]([Cl])[c]2[Cl])[c]([N]([H])[H])[n][c]1[N]1[C]([H])([H])[C]([H])([H])[C]([C]([H])([H])[H])([N+]([H])([H])[H])[C]([H])([H])[C]1([H])[H],[H][c]1[c]([H])[c]([Cl])[c]([Cl])[c](-[c]2[n][c]([Cl])[c]([N]3[C]([H])([H])[C]([H])([H])[C]([C]([H])([H])[H])([N+]([H])([H])[H])[C]([H])([H])[C]3([H])[H])[n][c]2[N]([H])[H])[c]1[H],1.0131891039102445
shp2,[H][c]1[n][c]([N]2[C]([H])([H])[C]([H])([H])[C]([C]([H])([H])[H])([N+]([H])([H])[H])[C]([H])([H])[C]2([H])[H])[n][c]([N]([H])[H])[c]1-[c]1[c]([H])[c]([H])[c]([H])[c]([Cl])[c]1[Cl],[H][O][c]1[c]([H])[c]([Cl])[c]([Cl])[c](-[c]2[c]([H])[n][c]([N]3[C]([H])([H])[C]([H])([H])[C]([C]([H])([H])[H])([N+]([H])([H])[H])[C]([H])([H])[C]3([H])[H])[n][c]2[N]([H])[H])[c]1[H],-0.08115749535129702
shp2,[H][C]1=[C]([c]2[c]([H])[n][c]([N]3[C]([H])([H])[C]([H])([H])[C]([C]([H])([H])[H])([N+]([H])([H])[H])[C]([H])([H])[C]3([H])[H])[n][c]2[N]([H])[H])[S][C]([C]([H])([H])[H])=[C]1[H],[H][c]1[c]([H])[c]([Cl])[c]([Cl])[c](-[c]2[n][n][c]([N]3[C]([H])([H])[C]([H])([H])[C]([C]([H])([H])[H])([N+]([H])([H])[H])[C]([H])([H])[C]3([H])[H])[n][c]2[N]([H])[H])[c]1[H],-0.9568370147354681
shp2,[H][c]1[c]([H])[c]([Cl])[c]([Cl])[c](-[c]2[n][c]([Cl])[c]([N]3[C]([H])([H])[C]([H])([H])[C]([C]([H])([H])[H])([N+]([H])([H])[H])[C]([H])([H])[C]3([H])[H])[n][c]2[N]([H])[H])[c]1[H],[H][c]1[n][c](-[c]2[c]([H])[c]([H])[c]([H])[c]([Cl])[c]2[Cl])[c]([N]([H])[C]([H])([H])[H])[n][c]1[N]1[C]([H])([H])[C]([H])([H])[C]([C]([H])([H])[H])([N+]([H])([H])[H])[C]([H])([H])[C]1([H])[H],2.3883287842821446
shp2,[H][c]1[n][c]([N]2[C]([H])([H])[C]([H])([H])[C]([C]([H])([H])[H])([N+]([H])([H])[H])[C]([H])([H])[C]2([H])[H])[n][c]([N]([H])[H])[c]1-[c]1[c]([H])[c]([H])[c]([H])[c]([Cl])[c]1[Cl],[H][C]1=[C]([c]2[n][c]([H])[c]([N]3[C]([H])([H])[C]([H])([H])[C]([C]([H])([H])[H])([N+]([H])([H])[H])[C]([H])([H])[C]3([H])[H])[n][c]2[N]([H])[H])[C]([H])([H])[C]([H])([H])[C]([H])([H])[C]1([H])[H],1.366581072798402
shp2,[H][c]1[n][c]([N]2[C]([H])([H])[C]([H])([H])[C]([C]([H])([H])[H])([N+]([H])([H])[H])[C]([H])([H])[C]2([H])[H])[n][c]([N]([H])[H])[c]1-[c]1[c]([H])[c]([H])[c]([H])[c]([C]([H])([H])[H])[c]1[Cl],[H][C]1=[C]([c]2[n][c]([H])[c]([N]3[C]([H])([H])[C]([H])([H])[C]([C]([H])([H])[H])([N+]([H])([H])[H])[C]([H])([H])[C]3([H])[H])[n][c]2[N]([H])[H])[C]([H])([H])[C]([H])([H])[C]([H])([H])[C]1([H])[H],0.6540058756605589
shp2,[H][c]1[n][c](-[c]2[c]([H])[c]([H])[c]([H])[c]([Cl])[c]2[Cl])[c]([N]([H])[H])[n][c]1[N]1[C]([H])([H])[C]([H])([H])[C]([C]([H])([H])[H])([N+]([H])([H])[H])[C]([H])([H])[C]1([H])[H],[H][c]1[c]([H])[c]([Cl])[c]([Cl])[c](-[c]2[n][c]([C]([H])([H])[H])[c]([N]3[C]([H])([H])[C]([H])([H])[C]([C]([H])([H])[H])([N+]([H])([H])[H])[C]([H])([H])[C]3([H])[H])[n][c]2[N]([H])[H])[c]1[H],0.676018520364762
shp2,[H][c]1[n][c]([N]2[C]([H])([H])[C]([H])([H])[C]([H])([N+]([H])([H])[H])[C]([H])([H])[C]2([H])[H])[n][c]([N]([H])[H])[c]1-[c]1[c]([H])[c]([H])[c]([H])[c]([Cl])[c]1[Cl],[H][c]1[n][c](-[c]2[c]([H])[c]([H])[c]([H])[c]([Cl])[c]2[Cl])[c]([N]([H])[H])[n][c]1[N]1[C]([H])([H])[C]([H])([H])[C@@]([H])([C]([H])([H])[N+]([H])([H])[H])[C]1([H])[H],-1.7497128200961978
shp2,[H][c]1[n][c]([N]2[C]([H])([H])[C]([H])([H])[C]([H])([N+]([H])([H])[H])[C]([H])([H])[C]2([H])[H])[n][c]([N]([H])[H])[c]1-[c]1[c]([H])[c]([H])[c]([H])[c]([Cl])[c]1[Cl],[H][c]1[n][c]([N]2[C]([H])([H])[C]([H])([H])[C]([C]([H])([H])[H])([N+]([H])([H])[H])[C]([H])([H])[C]2([H])[H])[n][c]([N]([H])[H])[c]1-[c]1[c]([H])[c]([H])[c]([H])[c]([C]([H])([H])[H])[c]1[Cl],-0.24640065826926794
shp2,[H][C]1=[C]([H])[N]([H])[c]2[c]1[c]([H])[c]([H])[c]([H])[c]2-[c]1[n][c]([H])[c]([N]2[C]([H])([H])[C]([H])([H])[C]([C]([H])([H])[H])([N+]([H])([H])[H])[C]([H])([H])[C]2([H])[H])[n][c]1[N]([H])[H],[H][C]1=[C]([c]2[n][c]([H])[c]([N]3[C]([H])([H])[C]([H])([H])[C]([C]([H])([H])[H])([N+]([H])([H])[H])[C]([H])([H])[C]3([H])[H])[n][c]2[N]([H])[H])[C]([H])([H])[C]([H])([H])[C]([H])([H])[C]1([H])[H],0.8352946959278338
shp2,[H][c]1[c]([H])[c]([Cl])[c]([Cl])[c](-[c]2[n][c]([Br])[c]([N]3[C]([H])([H])[C]([H])([H])[C]([C]([H])([H])[H])([N+]([H])([H])[H])[C]([H])([H])[C]3([H])[H])[n][c]2[N]([H])[H])[c]1[H],[H][c]1[n][c](-[c]2[c]([H])[c]([H])[c]([H])[c]([Cl])[c]2[Cl])[c]([N]([H])[C]([H])([H])[H])[n][c]1[N]1[C]([H])([H])[C]([H])([H])[C]([C]([H])([H])[H])([N+]([H])([H])[H])[C]([H])([H])[C]1([H])[H],2.887257117328506
shp2,[H][c]1[n][c]([N]2[C]([H])([H])[C]([H])([H])[C]([H])([N+]([H])([H])[H])[C]([H])([H])[C]2([H])[H])[n][c]([N]([H])[H])[c]1-[c]1[c]([H])[c]([H])[c]([H])[c]([Cl])[c]1[Cl],[H][c]1[n][c]([N]2[C]([H])([H])[C@]([H])([C]([H])([H])[H])[N+]([H])([H])[C@]([H])([C]([H])([H])[H])[C]2([H])[H])[n][c]([N]([H])[H])[c]1-[c]1[c]([H])[c]([H])[c]([H])[c]([Cl])[c]1[H],2.5693240623005895
shp2,[H][C]1=[C]([Cl])[S][C]([c]2[c]([H])[n][c]([N]3[C]([H])([H])[C]([H])([H])[C]([C]([H])([H])[H])([N+]([H])([H])[H])[C]([H])([H])[C]3([H])[H])[n][c]2[N]([H])[H])=[C]1[H],[H][C]1=[C]([c]2[c]([H])[n][c]([N]3[C]([H])([H])[C]([H])([H])[C]([C]([H])([H])[H])([N+]([H])([H])[H])[C]([H])([H])[C]3([H])[H])[n][c]2[N]([H])[H])[S][C]([C]([H])([H])[H])=[C]1[H],0.014794946195433312
shp2,[H][c]1[n][c]([N]2[C]([H])([H])[C]([H])([H])[C]([C]([H])([H])[H])([N+]([H])([H])[H])[C]([H])([H])[C]2([H])[H])[n][c]([N]([H])[H])[c]1-[c]1[c]([H])[c]([H])[c]([H])[c]([Cl])[c]1[Cl],[H][c]1[n][c]([N]2[C]([H])([H])[C]([H])([H])[C]([C]([H])([H])[H])([N+]([H])([H])[H])[C]([H])([H])[C]2([H])[H])[n][c]([N]([H])[H])[c]1-[c]1[c]([H])[c]([H])[c]([H])[c]([C]([H])([H])[H])[c]1[Cl],0.7125751971378431
shp2,[H][c]1[n][c](-[c]2[c]([H])[c]([H])[c]([H])[c]([Cl])[c]2[Cl])[c]([N]([H])[H])[n][c]1[N]1[C]([H])([H])[C]([H])([H])[C]([C]([H])([H])[H])([N+]([H])([H])[H])[C]([H])([H])[C]1([H])[H],[H][c]1[n][c](-[c]2[c]([H])[c]([H])[c]([H])[c]([Cl])[c]2[Cl])[c]([N]([H])[H])[n][c]1[N]1[C]([H])([H])[C@]([H])([C]([H])([H])[H])[N+]([H])([H])[C@]([H])([C]([H])([H])[H])[C]1([H])[H],1.2351931948858574
shp2,[H][c]1[n][c]([N]2[C]([H])([H])[C]([H])([H])[C]([H])([N+]([H])([H])[H])[C]([H])([H])[C]2([H])[H])[n][c]([N]([H])[H])[c]1-[c]1[c]([H])[c]([H])[c]([H])[c]([Cl])[c]1[Cl],[H][c]1[n][c]([N]2[C]([H])([H])[C]([H])([H])[C]([C]([H])([H])[H])([N+]([H])([H])[H])[C]([H])([H])[C]2([H])[H])[n][c]([N]([H])[H])[c]1-[c]1[c]([H])[c]([H])[c]([H])[c]([Cl])[c]1[Cl],-0.958975855407111
shp2,[H][c]1[n][c](-[c]2[c]([H])[c]([H])[c]([H])[c]([Cl])[c]2[Cl])[c]([N]([H])[H])[n][c]1[N]1[C]([H])([H])[C]([H])([H])[C]([C]([H])([H])[H])([N+]([H])([H])[H])[C]([H])([H])[C]1([H])[H],[H][c]1[c]([H])[c]([Cl])[c]([Cl])[c](-[c]2[n][c]([Br])[c]([N]3[C]([H])([H])[C]([H])([H])[C]([C]([H])([H])[H])([N+]([H])([H])[H])[C]([H])([H])[C]3([H])[H])[n][c]2[N]([H])[H])[c]1[H],0.5142607708638831
syk,[H][C]1=[N][N]([H])[c]2[c]([H])[c]([C]3=[C]([H])[N]4[C](=[N][C]([H])=[C]4[H])[C]([N]([H])[c]4[c]([H])[c]([H])[c]([O][C]([H])([H])[H])[c]([O][C]([H])([H])[H])[c]4[H])=[N]3)[c]([H])[c]([H])[c]21,[H][C]1=[N][N]([C]([H])([H])[H])[c]2[c]([H])[c]([C]3=[C]([H])[N]4[C](=[N][C]([H])=[C]4[H])[C]([N]([H])[c]4[c]([H])[c]([H])[c]([O][C]([H])([H])[H])[c]([O][C]([H])([H])[H])[c]4[H])=[N]3)[c]([H])[c]([H])[c]21,0.6965367300180993
syk,[H][C]1=[C]([H])[N]([H])[C]([c]2[c]([H])[c]([H])[c]([N]([H])[C](=[O])[c]3[c]([H])[c]([H])[c]([H])[c]([C]4=[C]([H])[N]5[C](=[N][C]([H])=[C]5[H])[C]([N]([H])[c]5[c]([H])[c]([H])[c]([O][C]([H])([H])[H])[c]([O][C]([H])([H])[H])[c]5[H])=[N]4)[c]3[H])[c]([H])[c]2[H])=[N]1,[H][C]1=[N][N]([H])[C]([H])=[C]1[c]1[c]([H])[c]([H])[c]([N]([H])[C](=[O])[c]2[c]([H])[c]([H])[c]([H])[c]([C]3=[C]([H])[N]4[C](=[N][C]([H])=[C]4[H])[C]([N]([H])[c]4[c]([H])[c]([H])[c]([O][C]([H])([H])[H])[c]([O][C]([H])([H])[H])[c]4[H])=[N]3)[c]2[H])[c]([H])[c]1[H],-0.2404408091081418
syk,[H][C]1=[N][N]([H])[c]2[c]([H])[c]([C]3=[C]([H])[N]4[C](=[N][C]([H])=[C]4[H])[C]([N]([H])[c]4[c]([H])[c]([H])[c]([H])[c]([H])[c]4[H])=[N]3)[c]([H])[c]([H])[c]21,[H][O][C]([H])([H])[C]([H])([H])[N]([c]1[c]([H])[c]([H])[c]([N]([H])[C]2=[N][C]([c]3[c]([H])[c]([H])[c]4[c]([c]3[H])[N]([H])[N]=[C]4[H])=[C]([H])[N]3[C]2=[N][C]([H])=[C]3[H])[c]([H])[c]1[H])[C]([H])([H])[H],-0.7473304086531432
syk,[H][C]1=[N][N]([H])[c]2[c]([H])[c]([C]3=[C]([H])[N]4[C](=[N][C]([H])=[C]4[H])[C]([N]([H])[c]4[c]([H])[c]([H])[c]([N]5[C]([H])([H])[C]([H])([H])[S](=[O])(=[O])[C]([H])([H])[C]5([H])[H])[c]([H])[c]4[H])=[N]3)[c]([H])[c]([H])[c]21,[H][C]1=[N][N]([H])[c]2[c]([H])[c]([C]3=[C]([H])[N]4[C](=[N][C]([H])=[C]4[H])[C]([N]([H])[c]4[c]([H])[c]([H])[c]([H])[c]([H])[c]4[H])=[N]3)[c]([H])[c]([H])[c]21,1.5100534738729472
syk,[H][C]1=[C]([H])[N]2[C](=[N]1)[C]([N]([H])[c]1[c]([H])[c]([H])[c]([O][C]([H])([H])[H])[c]([O][C]([H])([H])[H])[c]1[H])=[N][C]([c]1[c]([H])[c]([H])[c]3[c]([c]1[H])[N]([H])[C]([H])=[C]3[H])=[C]2[H],[H][C]1=[C]([H])[N]2[C](=[N]1)[C]([N]([H])[c]1[c]([H])[c]([H])[c]([O][C]([H])([H])[H])[c]([O][C]([H])([H])[H])[c]1[H])=[N][C]([c]1[c]([H])[c]([H])[c]3[c]([c]1[H])[C]([H])=[C]([H])[N]3[H])=[C]2[H],0.6869966851377622
syk,[H][C]1=[C]([H])[N]2[C](=[N]1)[C]([N]([H])[c]1[c]([H])[c]([H])[c]([O][C]([H])([H])[H])[c]([O][C]([H])([H])[H])[c]1[H])=[N][C]([c]1[c]([H])[c]([H])[c]([H])[c]([C](=[O])[N]([H])[H])[c]1[H])=[C]2[H],[H][C]1=[C]([H])[N]2[C](=[N]1)[C]([N]([H])[c]1[c]([H])[c]([H])[c]([O][C]([H])([H])[H])[c]([O][C]([H])([H])[H])[c]1[H])=[N][C]([c]1[c]([H])[c]([C](=[O])[N]([H])[H])[c]([H])[c]([H])[c]1[C]([H])([H])[H])=[C]2[H],1.6868785804003146
syk,[H][C]1=[N][N]([H])[c]2[c]([H])[c]([C]3=[C]([H])[N]4[C](=[N][C]([H])=[C]4[H])[C]([N]([H])[c]4[c]([H])[c]([H])[c]([N]5[C]([H])([H])[C]([H])([H])[O][C]([H])([H])[C]5([H])[H])[c]([H])[c]4[H])=[N]3)[c]([H])[c]([H])[c]21,[H][C]1=[N][N]([H])[c]2[c]([H])[c]([C]3=[C]([H])[N]4[C](=[N][C]([H])=[C]4[H])[C]([N]([H])[c]4[c]([H])[c]([H])[c]([H])[c]([H])[c]4[H])=[N]3)[c]([H])[c]([H])[c]21,0.7395786642837034
syk,[H][C]1=[C]([H])[N]2[C](=[N]1)[C]([N]([H])[c]1[c]([H])[c]([H])[c]([O][C]([H])([H])[H])[c]([O][C]([H])([H])[H])[c]1[H])=[N][C]([c]1[c]([H])[c]([H])[c]3[c]([c]1[H])[N]([H])[C]([H])=[C]3[H])=[C]2[H],[H][C]1=[N][c]2[c]([H])[c]([H])[c]([C]3=[C]([H])[N]4[C](=[N][C]([H])=[C]4[H])[C]([N]([H])[c]4[c]([H])[c]([H])[c]([O][C]([H])([H])[H])[c]([O][C]([H])([H])[H])[c]4[H])=[N]3)[c]([H])[c]2[N]1[H],0.5024476312096109
syk,[H][C]1=[N][N]([H])[c]2[c]([H])[c]([C]3=[C]([H])[N]4[C](=[N][C]([H])=[C]4[H])[C]([N]([H])[c]4[c]([H])[c]([H])[c]([H])[c]([H])[c]4[H])=[N]3)[c]([H])[c]([H])[c]21,[H][C]1=[N][N]([H])[c]2[c]([H])[c]([C]3=[C]([H])[N]4[C](=[N][C]([H])=[C]4[H])[C]([N]([H])[c]4[c]([H])[c]([H])[c]([O][C]([H])([H])[H])[c]([H])[c]4[H])=[N]3)[c]([H])[c]([H])[c]21,-0.7960976009076681
syk,[H][C]1=[C]([H])[N]2[C](=[N]1)[C]([N]([H])[c]1[c]([H])[c]([H])[c]([O][C]([H])([H])[H])[c]([O][C]([H])([H])[H])[c]1[H])=[N][C]([c]1[c]([H])[c]([H])[c]3[c]([c]1[H])[C]([H])=[C]([H])[N]3[H])=[C]2[H],[H][C]1=[C]([H])[N]2[C](=[N]1)[C]([N]([H])[c]1[c]([H])[c]([H])[c]([O][C]([H])([H])[H])[c]([O][C]([H])([H])[H])[c]1[H])=[N][C]([c]1[c]([H])[c]([H])[c]3[c]([c]1[H])[N]([H])[N]=[N]3)=[C]2[H],0.2264872241438951
syk,[H][C]1=[C]([H])[N]2[C](=[N]1)[C]([N]([H])[c]1[c]([H])[c]([H])[c]([O][C]([H])([H])[H])[c]([O][C]([H])([H])[H])[c]1[H])=[N][C]([c]1[c]([H])[c]([H])[c]([H])[c]([C](=[O])[N]([H])[c]3[c]([H])[c]([H])[c]([H])[c]([C](=[O])[O-])[c]3[H])[c]1[H])=[C]2[H],[H][C]1=[C]([H])[N]2[C](=[N]1)[C]([N]([H])[c]1[c]([H])[c]([H])[c]([C]([C]([H])([H])[H])([C]([H])([H])[H])[C]([H])([H])[H])[c]([H])[c]1[H])=[N][C]([c]1[c]([H])[c]([H])[c]([H])[c]([N]([H])[C](=[O])[c]3[c]([H])[c]([H])[c]([C](=[O])[O-])[c]([H])[c]3[H])[c]1[H])=[C]2[H],1.1790832439424221
syk,[H][C]1=[C]([H])[N]2[C](=[N]1)[C]([N]([H])[c]1[c]([H])[c]([H])[c]([O][C]([H])([H])[H])[c]([O][C]([H])([H])[H])[c]1[H])=[N][C]([c]1[c]([H])[c]([H])[c]3[c]([c]1[H])[N]([H])[C](=[O])[C]([H])([H])[O]3)=[C]2[H],[H][C]1=[C]([H])[N]2[C](=[N]1)[C]([N]([H])[c]1[c]([H])[c]([H])[c]([O][C]([H])([H])[H])[c]([O][C]([H])([H])[H])[c]1[H])=[N][C]([c]1[c]([H])[c]([H])[c]3[c]([c]1[H])[O][C]([H])([H])[C](=[O])[N]3[H])=[C]2[H],1.586658538789198
syk,[H][C]1=[C]([H])[N]2[C](=[N]1)[C]([N]([H])[c]1[c]([H])[c]([H])[c]([O][C]([H])([H])[H])[c]([O][C]([H])([H])[H])[c]1[H])=[N][C]([c]1[c]([H])[c]([H])[c]([O][C]([H])([H])[H])[c]([C](=[O])[N]([H])[H])[c]1[H])=[C]2[H],[H][C]1=[C]([H])[N]2[C](=[N]1)[C]([N]([H])[c]1[c]([H])[c]([H])[c]([O][C]([H])([H])[H])[c]([O][C]([H])([H])[H])[c]1[H])=[N][C]([c]1[c]([H])[c]([H])[c]([H])[c]([C](=[O])[N]([H])[H])[c]1[H])=[C]2[H],-0.1910272270851543
syk,[H][C]1=[N][N]([H])[c]2[c]([H])[c]([C]3=[C]([H])[N]4[C](=[N][C]([H])=[C]4[H])[C]([N]([H])[c]4[c]([H])[c]([H])[c]([C]5([H])[C]([H])([H])[C]([H])([H])[O][C]([H])([H])[C]5([H])[H])[c]([H])[c]4[H])=[N]3)[c]([H])[c]([H])[c]21,[H][C]1=[N][N]([H])[c]2[c]([H])[c]([C]3=[C]([H])[N]4[C](=[N][C]([H])=[C]4[H])[C]([N]([H])[c]4[c]([H])[c]([H])[c]([H])[c]([H])[c]4[H])=[N]3)[c]([H])[c]([H])[c]21,1.1583666867251914
syk,[H][C]1=[N][N]([H])[c]2[c]([H])[c]([C]3=[C]([H])[N]4[C](=[N][C]([H])=[C]4[H])[C]([N]([H])[c]4[c]([H])[c]([H])[c]([H])[c]([O][C]([H])([H])[H])[c]4[H])=[N]3)[c]([H])[c]([H])[c]21,[H][C]1=[N][N]([H])[c]2[c]([H])[c]([C]3=[C]([H])[N]4[C](=[N][C]([H])=[C]4[H])[C]([N]([H])[c]4[c]([H])[c]([H])[c]([N]5[C]([H])([H])[C]([H])([H])[O][C]([H])([H])[C]5([H])[H])[c]([O][C]([H])([H])[H])[c]4[H])=[N]3)[c]([H])[c]([H])[c]21,-1.755900702330699
syk,[H][C]1=[C]([H])[N]2[C](=[N]1)[C]([N]([H])[c]1[c]([H])[c]([H])[c]([O][C]([H])([H])[H])[c]([O][C]([H])([H])[H])[c]1[H])=[N][C]([c]1[c]([H])[c]([H])[c]([H])[c]([C](=[O])[N]([H])[c]3[c]([H])[c]([H])[c]([C](=[O])[O][C]([H])([H])[H])[c]([H])[c]3[H])[c]1[H])=[C]2[H],[H][C]1=[C]([H])[N]2[C](=[N]1)[C]([N]([H])[c]1[c]([H])[c]([H])[c]([O][C]([H])([H])[H])[c]([O][C]([H])([H])[H])[c]1[H])=[N][C]([c]1[c]([H])[c]([H])[c]([H])[c]([C](=[O])[N]([H])[H])[c]1[H])=[C]2[H],0.34289531191982014
syk,[H][C]1=[C]([H])[N]2[C](=[N]1)[C]([N]([H])[c]1[c]([H])[c]([H])[c]([O][C]([H])([H])[H])[c]([O][C]([H])([H])[H])[c]1[H])=[N][C]([c]1[c]([H])[c]([H])[c]3[c]([c]1[H])[N]([H])[C]([H])([H])[C]([H])([H])[O]3)=[C]2[H],[H][C]1=[C]([H])[N]2[C](=[N]1)[C]([N]([H])[c]1[c]([H])[c]([H])[c]([O][C]([H])([H])[H])[c]([O][C]([H])([H])[H])[c]1[H])=[N][C]([c]1[c]([H])[c]([H])[c]3[c]([c]1[H])[O][C]([H])([H])[C](=[O])[N]3[H])=[C]2[H],1.1628690810211175
syk,[H][C]1=[N][N]([H])[c]2[c]([H])[c]([C]3=[C]([H])[N]4[C](=[N][C]([H])=[C]4[H])[C]([N]([H])[c]4[c]([H])[c]([H])[c]([N]5[C]([H])([H])[C]([H])([H])[O][C]([H])([H])[C]([H])([H])[C]5([H])[H])[c]([H])[c]4[H])=[N]3)[c]([H])[c]([H])[c]21,[H][C]1=[N][N]([H])[c]2[c]([H])[c]([C]3=[C]([H])[N]4[C](=[N][C]([H])=[C]4[H])[C]([N]([H])[c]4[c]([H])[c]([H])[c]([H])[c]([H])[c]4[H])=[N]3)[c]([H])[c]([H])[c]21,0.0881015771035134
syk,[H][C]1=[N][N]([H])[c]2[c]([H])[c]([C]3=[C]([H])[N]4[C](=[N][C]([H])=[C]4[H])[C]([N]([H])[c]4[c]([H])[c]([H])[c]([N]5[C]([H])([H])[C]([H])([H])[S](=[O])(=[O])[C]([H])([H])[C]5([H])[H])[c]([H])[c]4[H])=[N]3)[c]([H])[c]([H])[c]21,[H][C]1=[N][N]([H])[c]2[c]([H])[c]([C]3=[C]([H])[N]4[C](=[N][C]([H])=[C]4[H])[C]([N]([H])[c]4[c]([H])[c]([H])[c]([H])[c]([O][C]([H])([H])[H])[c]4[H])=[N]3)[c]([H])[c]([H])[c]21,0.8290903895287691
syk,[H][C]1=[N][N]([H])[c]2[c]([H])[c]([C]3=[C]([H])[N]4[C](=[N][C]([H])=[C]4[H])[C]([N]([H])[c]4[c]([H])[c]([H])[c]([H])[c]([O][C]([H])([H])[H])[c]4[H])=[N]3)[c]([H])[c]([H])[c]21,[H][C]1=[N][N]([H])[c]2[c]([H])[c]([C]3=[C]([H])[N]4[C](=[N][C]([H])=[C]4[H])[C]([N]([H])[c]4[c]([H])[c]([H])[c]([O][C]([H])([H])[H])[c]([O][C]([H])([H])[H])[c]4[H])=[N]3)[c]([H])[c]([H])[c]21,-0.4774036023810133
syk,[H][C]1=[C]([H])[N]2[C](=[N]1)[C]([N]([H])[c]1[c]([H])[c]([H])[c]([O][C]([H])([H])[H])[c]([O][C]([H])([H])[H])[c]1[H])=[N][C]([c]1[c]([H])[c]([H])[c]([C](=[O])[N]([H])[H])[c]([H])[c]1[H])=[C]2[H],[H][C]1=[C]([H])[N]2[C](=[N]1)[C]([N]([H])[c]1[c]([H])[c]([H])[c]([O][C]([H])([H])[H])[c]([O][C]([H])([H])[H])[c]1[H])=[N][C]([c]1[c]([H])[c]([H])[c]([C](=[O])[N]([H])[H])[c]([H])[c]1[C]([H])([H])[H])=[C]2[H],1.0993171452256068
syk,[H][C]1=[C]([H])[N]2[C](=[N]1)[C]([N]([H])[c]1[c]([H])[c]([H])[c]([O][C]([H])([H])[H])[c]([O][C]([H])([H])[H])[c]1[H])=[N][C]([c]1[c]([H])[c]([H])[c]3[c]([c]1[H])[N]([H])[C]([H])=[C]3[H])=[C]2[H],[H][C]1=[N][N]([H])[c]2[c]([H])[c]([C]3=[C]([H])[N]4[C](=[N][C]([H])=[C]4[H])[C]([N]([H])[c]4[c]([H])[c]([H])[c]([O][C]([H])([H])[H])[c]([O][C]([H])([H])[H])[c]4[H])=[N]3)[c]([H])[c]([H])[c]21,0.20265733117717843
syk,[H][C]1=[C]([H])[N]2[C](=[N]1)[C]([N]([H])[c]1[c]([H])[c]([H])[c]([O][C]([H])([H])[H])[c]([O][C]([H])([H])[H])[c]1[H])=[N][C]([c]1[c]([H])[c]([H])[c]3[c]([c]1[H])[C]([H])=[C]([H])[N]3[H])=[C]2[H],[H][C]1=[N][N]([H])[c]2[c]([H])[c]([H])[c]([C]3=[C]([H])[N]4[C](=[N][C]([H])=[C]4[H])[C]([N]([H])[c]4[c]([H])[c]([H])[c]([O][C]([H])([H])[H])[c]([O][C]([H])([H])[H])[c]4[H])=[N]3)[c]([H])[c]21,0.11269585651250402
syk,[H][C]1=[C]([H])[N]2[C](=[N]1)[C]([N]([H])[c]1[c]([H])[c]([H])[c]([O][C]([H])([H])[H])[c]([O][C]([H])([H])[H])[c]1[H])=[N][C]([c]1[c]([H])[c]([H])[c]([F])[c]([C](=[O])[N]([H])[H])[c]1[H])=[C]2[H],[H][C]1=[C]([H])[N]2[C](=[N]1)[C]([N]([H])[c]1[c]([H])[c]([H])[c]([O][C]([H])([H])[H])[c]([O][C]([H])([H])[H])[c]1[H])=[N][C]([c]1[c]([H])[c]([H])[c]([H])[c]([C](=[O])[N]([H])[H])[c]1[H])=[C]2[H],-0.5394085196976608
syk,[H][C]1=[C]([H])[N]2[C](=[N]1)[C]([N]([H])[c]1[c]([H])[c]([H])[c]([O][C]([H])([H])[H])[c]([O][C]([H])([H])[H])[c]1[H])=[N][C]([c]1[c]([H])[c]([H])[c]([H])[c]([C](=[O])[N]([H])[c]3[c]([H])[c]([H])[c]([C](=[O])[N-][S](=[O])(=[O])[C]([H])([H])[H])[c]([H])[c]3[H])[c]1[H])=[C]2[H],[H][C]1=[C]([H])[N]2[C](=[N]1)[C]([N]([H])[c]1[c]([H])[c]([H])[c]([O][C]([H])([H])[H])[c]([O][C]([H])([H])[H])[c]1[H])=[N][C]([c]1[c]([H])[c]([H])[c]([H])[c]([C](=[O])[N]([H])[c]3[c]([H])[c]([H])[c]([C](=[O])[O-])[c]([H])[c]3[H])[c]1[H])=[C]2[H],-0.5709467732728672
syk,[H][C]1=[N][N]([H])[C]([c]2[c]([H])[c]([H])[c]([N]([H])[C](=[O])[c]3[c]([H])[c]([H])[c]([H])[c]([C]4=[C]([H])[N]5[C](=[N][C]([H])=[C]5[H])[C]([N]([H])[c]5[c]([H])[c]([H])[c]([O][C]([H])([H])[H])[c]([O][C]([H])([H])[H])[c]5[H])=[N]4)[c]3[H])[c]([H])[c]2[H])=[C]1[H],[H][C]1=[N][N]([H])[C]([H])=[C]1[c]1[c]([H])[c]([H])[c]([N]([H])[C](=[O])[c]2[c]([H])[c]([H])[c]([H])[c]([C]3=[C]([H])[N]4[C](=[N][C]([H])=[C]4[H])[C]([N]([H])[c]4[c]([H])[c]([H])[c]([O][C]([H])([H])[H])[c]([O][C]([H])([H])[H])[c]4[H])=[N]3)[c]2[H])[c]([H])[c]1[H],-0.036584286420168866
syk,[H][C]1=[C]([H])[N]2[C](=[N]1)[C]([N]([H])[c]1[c]([H])[c]([H])[c]([O][C]([H])([H])[H])[c]([O][C]([H])([H])[H])[c]1[H])=[N][C]([c]1[c]([H])[c]([H])[c]([H])[c]([C](=[O])[N]([H])[c]3[c]([H])[c]([H])[c]([C]([H])([H])[C](=[O])[O-])[c]([H])[c]3[H])[c]1[H])=[C]2[H],[H][C]1=[C]([H])[N]2[C](=[N]1)[C]([N]([H])[c]1[c]([H])[c]([H])[c]([O][C]([H])([H])[H])[c]([O][C]([H])([H])[H])[c]1[H])=[N][C]([c]1[c]([H])[c]([H])[c]([H])[c]([C](=[O])[N]([H])[c]3[c]([H])[c]([H])[c]([H])[c]([C](=[O])[O-])[c]3[H])[c]1[H])=[C]2[H],0.7297101202044196
syk,[H][C]1=[C]([H])[N]2[C](=[N]1)[C]([N]([H])[c]1[c]([H])[c]([H])[c]([O][C]([H])([H])[H])[c]([O][C]([H])([H])[H])[c]1[H])=[N][C]([c]1[c]([H])[c]([H])[c]3[c]([c]1[H])[N]([H])[C](=[O])[C]([H])([H])[O]3)=[C]2[H],[H][C]1=[C]([H])[N]2[C](=[N]1)[C]([N]([H])[c]1[c]([H])[c]([H])[c]([O][C]([H])([H])[H])[c]([O][C]([H])([H])[H])[c]1[H])=[N][C]([c]1[c]([H])[c]([H])[c]3[c]([c]1[H])[N]([H])[C]([H])([H])[C]([H])([H])[O]3)=[C]2[H],0.4237894577680805
syk,[H][C]1=[C]([H])[N]2[C](=[N]1)[C]([N]([H])[c]1[c]([H])[c]([H])[c]([O][C]([H])([H])[H])[c]([O][C]([H])([H])[H])[c]1[H])=[N][C]([c]1[c]([H])[c]([H])[c]([H])[c]([C](=[O])[N]([H])[c]3[c]([H])[c]([H])[c]([C](=[O])[O-])[c]([H])[c]3[H])[c]1[H])=[C]2[H],[H][C]1=[C]([H])[N]2[C](=[N]1)[C]([N]([H])[c]1[c]([H])[c]([H])[c]([O][C]([H])([H])[H])[c]([O][C]([H])([H])[H])[c]1[H])=[N][C]([c]1[c]([H])[c]([H])[c]([H])[c]([C](=[O])[N]([H])[c]3[c]([H])[c]([H])[c]([H])[c]([C](=[O])[O-])[c]3[H])[c]1[H])=[C]2[H],1.3997199656825448
syk,[H][C]1=[N][N]([H])[c]2[c]([H])[c]([C]3=[C]([H])[N]4[C](=[N][C]([H])=[C]4[H])[C]([N]([H])[c]4[c]([H])[c]([H])[c]([N]5[C]([H])([H])[C]([H])([H])[O][C]([H])([H])[C]5([H])[H])[c]([O][C]([H])([H])[H])[c]4[H])=[N]3)[c]([H])[c]([H])[c]21,[H][C]1=[N][N]([H])[c]2[c]([H])[c]([C]3=[C]([H])[N]4[C](=[N][C]([H])=[C]4[H])[C]([N]([H])[c]4[c]([H])[c]([H])[c]([N]5[C]([H])([H])[C]([H])([H])[O][C]([H])([H])[C]5([H])[H])[c]([H])[c]4[H])=[N]3)[c]([H])[c]([H])[c]21,1.6972851223911736
syk,[H][C]1=[C]([H])[N]2[C](=[N]1)[C]([N]([H])[c]1[c]([H])[c]([H])[c]([O][C]([H])([H])[H])[c]([O][C]([H])([H])[H])[c]1[H])=[N][C]([c]1[c]([H])[c]([H])[c]3[c]([c]1[H])[N]([H])[N]=[N]3)=[C]2[H],[H][C]1=[N][N]([H])[c]2[c]([H])[c]([H])[c]([C]3=[C]([H])[N]4[C](=[N][C]([H])=[C]4[H])[C]([N]([H])[c]4[c]([H])[c]([H])[c]([O][C]([H])([H])[H])[c]([O][C]([H])([H])[H])[c]4[H])=[N]3)[c]([H])[c]21,-0.11379136763139108
syk,[H][C]1=[C]([H])[N]2[C](=[N]1)[C]([N]([H])[c]1[c]([H])[c]([H])[c]([O][C]([H])([H])[H])[c]([O][C]([H])([H])[H])[c]1[H])=[N][C]([c]1[c]([H])[c]([H])[c]3[c]([c]1[H])[N]([H])[C]([H])=[C]3[H])=[C]2[H],[H][C]1=[C]([H])[N]2[C](=[N]1)[C]([N]([H])[c]1[c]([H])[c]([H])[c]([O][C]([H])([H])[H])[c]([O][C]([H])([H])[H])[c]1[H])=[N][C]([c]1[c]([H])[c]([H])[c]3[c]([c]1[H])[N]([H])[N]=[N]3)=[C]2[H],0.9134839092816573
syk,[H][C]1=[C]([H])[N]2[C](=[N]1)[C]([N]([H])[c]1[c]([H])[c]([H])[c]([O][C]([H])([H])[H])[c]([O][C]([H])([H])[H])[c]1[H])=[N][C]([c]1[c]([H])[c]([H])[c]([C]([H])([H])[H])[c]([C](=[O])[N]([H])[H])[c]1[H])=[C]2[H],[H][C]1=[C]([H])[N]2[C](=[N]1)[C]([N]([H])[c]1[c]([H])[c]([H])[c]([O][C]([H])([H])[H])[c]([O][C]([H])([H])[H])[c]1[H])=[N][C]([c]1[c]([H])[c]([H])[c]([H])[c]([C](=[O])[N]([H])[H])[c]1[H])=[C]2[H],-0.025693549520777736
syk,[H][C]1=[C]([H])[N]2[C](=[N]1)[C]([N]([H])[c]1[c]([H])[c]([H])[c]([O][C]([H])([H])[H])[c]([O][C]([H])([H])[H])[c]1[H])=[N][C]([c]1[c]([H])[c]([H])[c]([C](=[O])[N]([H])[H])[c]([H])[c]1[H])=[C]2[H],[H][C]1=[C]([H])[N]2[C](=[N]1)[C]([N]([H])[c]1[c]([H])[c]([H])[c]([O][C]([H])([H])[H])[c]([O][C]([H])([H])[H])[c]1[H])=[N][C]([c]1[c]([H])[c]([H])[c]([C](=[O])[N]([H])[H])[c]([C]([H])([H])[H])[c]1[H])=[C]2[H],0.7631196765376771
syk,[H][C]1=[C]([H])[N]2[C](=[N]1)[C]([N]([H])[c]1[c]([H])[c]([H])[c]([O][C]([H])([H])[H])[c]([O][C]([H])([H])[H])[c]1[H])=[N][C]([c]1[c]([H])[c]([H])[c]([H])[c]([C](=[O])[N]([H])[c]3[c]([H])[c]([H])[c]([C](=[O])[O-])[c]([H])[c]3[H])[c]1[H])=[C]2[H],[H][C]1=[C]([H])[N]2[C](=[N]1)[C]([N]([H])[c]1[c]([H])[c]([H])[c]([C]([C]([H])([H])[H])([C]([H])([H])[H])[C]([H])([H])[H])[c]([H])[c]1[H])=[N][C]([c]1[c]([H])[c]([H])[c]([H])[c]([N]([H])[C](=[O])[c]3[c]([H])[c]([H])[c]([C](=[O])[O-])[c]([H])[c]3[H])[c]1[H])=[C]2[H],2.578803209624967
syk,[H][C]1=[C]([H])[N]2[C](=[N]1)[C]([N]([H])[c]1[c]([H])[c]([H])[c]([O][C]([H])([H])[H])[c]([O][C]([H])([H])[H])[c]1[H])=[N][C]([c]1[c]([H])[c]([H])[c]([C](=[O])[N]([H])[H])[c]([H])[c]1[H])=[C]2[H],[H][C]1=[C]([H])[N]2[C](=[N]1)[C]([N]([H])[c]1[c]([H])[c]([H])[c]([O][C]([H])([H])[H])[c]([O][C]([H])([H])[H])[c]1[H])=[N][C]([c]1[c]([H])[c]([H])[c]([C](=[O])[N]([H])[H])[c]([O][C]([H])([H])[H])[c]1[H])=[C]2[H],0.17559971807090413
syk,[H][C]1=[C]([H])[N]2[C](=[N]1)[C]([N]([H])[c]1[c]([H])[c]([H])[c]([O][C]([H])([H])[H])[c]([O][C]([H])([H])[H])[c]1[H])=[N][C]([c]1[c]([H])[c]([H])[c]([F])[c]([C](=[O])[N]([H])[H])[c]1[H])=[C]2[H],[H][C]1=[C]([H])[N]2[C](=[N]1)[C]([N]([H])[c]1[c]([H])[c]([H])[c]([O][C]([H])([H])[H])[c]([O][C]([H])([H])[H])[c]1[H])=[N][C]([c]1[c]([H])[c]([H])[c]([H])[c]([C](=[O])[N]([H])[C]([H])([H])[H])[c]1[H])=[C]2[H],-0.17383510950212866
syk,[H][C]1=[C]([H])[N]2[C](=[N]1)[C]([N]([H])[c]1[c]([H])[c]([H])[c]([O][C]([H])([H])[H])[c]([O][C]([H])([H])[H])[c]1[H])=[N][C]([c]1[c]([H])[c]([H])[c]([H])[c]([C](=[O])[N]([H])[H])[c]1[H])=[C]2[H],[H][C]1=[C]([H])[N]2[C](=[N]1)[C]([N]([H])[c]1[c]([H])[c]([H])[c]([O][C]([H])([H])[H])[c]([O][C]([H])([H])[H])[c]1[H])=[N][C]([c]1[c]([H])[c]([H])[c]3[c]([c]1[H])[N]([H])[C]([H])([H])[C]([H])([H])[O]3)=[C]2[H],-1.0389189329675972
syk,[H][C]1=[C]([H])[N]2[C](=[N]1)[C]([N]([H])[c]1[c]([H])[c]([H])[c]([O][C]([H])([H])[H])[c]([O][C]([H])([H])[H])[c]1[H])=[N][C]([c]1[c]([H])[c]([H])[c]([O][C]([H])([H])[H])[c]([C](=[O])[N]([H])[H])[c]1[H])=[C]2[H],[H][C]1=[C]([H])[N]2[C](=[N]1)[C]([N]([H])[c]1[c]([H])[c]([H])[c]([O][C]([H])([H])[H])[c]([O][C]([H])([H])[H])[c]1[H])=[N][C]([c]1[c]([H])[c]([H])[c]([H])[c]([C](=[O])[N]([H])[C]([H])([H])[H])[c]1[H])=[C]2[H],0.17454618311037784
syk,[H][C]1=[C]([H])[N]2[C](=[N]1)[C]([N]([H])[c]1[c]([H])[c]([H])[c]([O][C]([H])([H])[H])[c]([O][C]([H])([H])[H])[c]1[H])=[N][C]([c]1[c]([H])[c]([H])[c]3[c]([c]1[H])[N]([H])[C]([H])([H])[C]([H])([H])[O]3)=[C]2[H],[H][C]1=[C]([H])[N]2[C](=[N]1)[C]([N]([H])[c]1[c]([H])[c]([H])[c]([O][C]([H])([H])[H])[c]([O][C]([H])([H])[H])[c]1[H])=[N][C]([c]1[c]([H])[c]([H])[c]([C](=[O])[N]([H])[H])[c]([H])[c]1[H])=[C]2[H],0.7863192636022145
syk,[H][C]1=[C]([H])[N]2[C](=[N]1)[C]([N]([H])[c]1[c]([H])[c]([H])[c]([O][C]([H])([H])[H])[c]([O][C]([H])([H])[H])[c]1[H])=[N][C]([c]1[c]([H])[c]([H])[c]([C]([H])([H])[H])[c]([C](=[O])[N]([H])[H])[c]1[H])=[C]2[H],[H][C]1=[C]([H])[N]2[C](=[N]1)[C]([N]([H])[c]1[c]([H])[c]([H])[c]([O][C]([H])([H])[H])[c]([O][C]([H])([H])[H])[c]1[H])=[N][C]([c]1[c]([H])[c]([H])[c]([C](=[O])[N]([H])[H])[c]([H])[c]1[H])=[C]2[H],-0.27829321888616043
syk,[H][C]1=[N][N]([H])[c]2[c]([H])[c]([C]3=[C]([H])[N]4[C](=[N][C]([H])=[C]4[H])[C]([N]([H])[c]4[c]([H])[c]([H])[c]([H])[c]([O][C]([H])([H])[H])[c]4[H])=[N]3)[c]([H])[c]([H])[c]21,[H][O][C]1([C]([H])([H])[H])[C]([H])([H])[N]([c]2[c]([H])[c]([H])[c]([N]([H])[C]3=[N][C]([c]4[c]([H])[c]([H])[c]5[c]([c]4[H])[N]([H])[N]=[C]5[H])=[C]([H])[N]4[C]3=[N][C]([H])=[C]4[H])[c]([H])[c]2[H])[C]1([H])[H],-0.46200013894387837
syk,[H][C]1=[C]([H])[N]2[C](=[N]1)[C]([N]([H])[c]1[c]([H])[c]([H])[c]([O][C]([H])([H])[H])[c]([O][C]([H])([H])[H])[c]1[H])=[N][C]([c]1[c]([H])[c]([C](=[O])[N]([H])[H])[c]([H])[c]([H])[c]1[C]([H])([H])[H])=[C]2[H],[H][C]1=[N][N]([C]([H])([H])[H])[c]2[c]([H])[c]([H])[c]([C]3=[C]([H])[N]4[C](=[N][C]([H])=[C]4[H])[C]([N]([H])[c]4[c]([H])[c]([H])[c]([O][C]([H])([H])[H])[c]([O][C]([H])([H])[H])[c]4[H])=[N]3)[c]([H])[c]21,-1.8409308297668439
syk,[H][C]1=[C]([H])[N]2[C](=[N]1)[C]([N]([H])[c]1[c]([H])[c]([H])[c]([O][C]([H])([H])[H])[c]([O][C]([H])([H])[H])[c]1[H])=[N][C]([c]1[c]([H])[c]([H])[c]([C](=[O])[N]([H])[H])[c]([C]([H])([H])[H])[c]1[H])=[C]2[H],[H][C]1=[C]([H])[N]2[C](=[N]1)[C]([N]([H])[c]1[c]([H])[c]([H])[c]([O][C]([H])([H])[H])[c]([O][C]([H])([H])[H])[c]1[H])=[N][C]([c]1[c]([H])[c]([H])[c]([C](=[O])[N]([H])[H])[c]([H])[c]1[C]([H])([H])[H])=[C]2[H],0.33619746868792966
syk,[H][C]1=[C]([H])[N]2[C](=[N]1)[C]([N]([H])[c]1[c]([H])[c]([H])[c]([O][C]([H])([H])[H])[c]([O][C]([H])([H])[H])[c]1[H])=[N][C]([c]1[c]([H])[c]([H])[c]([H])[c]([C](=[O])[N]([H])[H])[c]1[H])=[C]2[H],[H][C]1=[C]([H])[N]2[C](=[N]1)[C]([N]([H])[c]1[c]([H])[c]([H])[c]([O][C]([H])([H])[H])[c]([O][C]([H])([H])[H])[c]1[H])=[N][C]([c]1[c]([H])[c]([H])[c]([H])[c]([C](=[O])[N]([H])[c]3[c]([H])[c]([H])[c]([C](=[O])[N]([H])[H])[c]([H])[c]3[H])[c]1[H])=[C]2[H],-1.091664792175381
syk,[H][C]1=[C]([H])[N]2[C](=[N]1)[C]([N]([H])[c]1[c]([H])[c]([H])[c]([O][C]([H])([H])[H])[c]([O][C]([H])([H])[H])[c]1[H])=[N][C]([c]1[c]([H])[c]([H])[c]([H])[c]([C](=[O])[N]([H])[c]3[c]([H])[c]([H])[c]([C]4=[N][N]=[N][N-]4)[c]([H])[c]3[H])[c]1[H])=[C]2[H],[H][C]1=[C]([H])[N]2[C](=[N]1)[C]([N]([H])[c]1[c]([H])[c]([H])[c]([O][C]([H])([H])[H])[c]([O][C]([H])([H])[H])[c]1[H])=[N][C]([c]1[c]([H])[c]([H])[c]([H])[c]([C](=[O])[N]([H])[c]3[c]([H])[c]([H])[c]([H])[c]([C](=[O])[O-])[c]3[H])[c]1[H])=[C]2[H],1.0558875979975486
syk,[H][C]1=[C]([H])[N]2[C](=[N]1)[C]([N]([H])[c]1[c]([H])[c]([H])[c]([O][C]([H])([H])[H])[c]([O][C]([H])([H])[H])[c]1[H])=[N][C]([c]1[c]([H])[c]([C](=[O])[N]([H])[H])[c]([H])[c]([H])[c]1[C]([H])([H])[H])=[C]2[H],[H][C]1=[C]([H])[N]2[C](=[N]1)[C]([N]([H])[c]1[c]([H])[c]([H])[c]([O][C]([H])([H])[H])[c]([O][C]([H])([H])[H])[c]1[H])=[N][C]([c]1[c]([H])[c]([H])[c]([H])[c]([C](=[O])[N]([H])[C]([H])([H])[H])[c]1[H])=[C]2[H],-1.3213051702047824
syk,[H][C]1=[N][N]([H])[c]2[c]([H])[c]([C]3=[C]([H])[N]4[C](=[N][C]([H])=[C]4[H])[C]([N]([H])[c]4[c]([H])[c]([H])[c]([H])[c]([O][C]([H])([H])[H])[c]4[H])=[N]3)[c]([H])[c]([H])[c]21,[H][O][C]1([C]([H])([H])[H])[C]([H])([H])[C]([H])([H])[N]([c]2[c]([H])[c]([H])[c]([N]([H])[C]3=[N][C]([c]4[c]([H])[c]([H])[c]5[c]([c]4[H])[N]([H])[N]=[C]5[H])=[C]([H])[N]4[C]3=[N][C]([H])=[C]4[H])[c]([H])[c]2[H])[C]([H])([H])[C]1([H])[H],-1.069531198636911
syk,[H][C]1=[N][N]([H])[c]2[c]([H])[c]([C]3=[C]([H])[N]4[C](=[N][C]([H])=[C]4[H])[C]([N]([H])[c]4[c]([H])[c]([H])[c]([H])[c]([H])[c]4[H])=[N]3)[c]([H])[c]([H])[c]21,[H][O][C]1([C]([H])([H])[H])[C]([H])([H])[N]([c]2[c]([H])[c]([H])[c]([N]([H])[C]3=[N][C]([c]4[c]([H])[c]([H])[c]5[c]([c]4[H])[N]([H])[N]=[C]5[H])=[C]([H])[N]4[C]3=[N][C]([H])=[C]4[H])[c]([H])[c]2[H])[C]1([H])[H],-1.1429632232880564
syk,[H][C]1=[N][N]([H])[c]2[c]([H])[c]([C]3=[C]([H])[N]4[C](=[N][C]([H])=[C]4[H])[C]([N]([H])[c]4[c]([H])[c]([H])[c]([H])[c]([H])[c]4[H])=[N]3)[c]([H])[c]([H])[c]21,[H][O][C]1([C]([H])([H])[H])[C]([H])([H])[C]([H])([H])[N]([c]2[c]([H])[c]([H])[c]([N]([H])[C]3=[N][C]([c]4[c]([H])[c]([H])[c]5[c]([c]4[H])[N]([H])[N]=[C]5[H])=[C]([H])[N]4[C]3=[N][C]([H])=[C]4[H])[c]([H])[c]2[H])[C]([H])([H])[C]1([H])[H],-1.750494282981089
syk,[H][C]1=[C]([H])[N]2[C](=[N]1)[C]([N]([H])[c]1[c]([H])[c]([H])[c]([O][C]([H])([H])[H])[c]([O][C]([H])([H])[H])[c]1[H])=[N][C]([c]1[c]([H])[c]([H])[c]([H])[c]([C](=[O])[N]([H])[c]3[c]([H])[c]([H])[c]([C]([H])([H])[C](=[O])[O-])[c]([H])[c]3[H])[c]1[H])=[C]2[H],[H][C]1=[C]([H])[N]2[C](=[N]1)[C]([N]([H])[c]1[c]([H])[c]([H])[c]([O][C]([H])([H])[H])[c]([O][C]([H])([H])[H])[c]1[H])=[N][C]([c]1[c]([H])[c]([H])[c]([H])[c]([C](=[O])[N]([H])[c]3[c]([H])[c]([H])[c]([C](=[O])[O-])[c]([H])[c]3[H])[c]1[H])=[C]2[H],-0.6700098454781251
syk,[H][C]1=[N][c]2[c]([H])[c]([H])[c]([C]3=[C]([H])[N]4[C](=[N][C]([H])=[C]4[H])[C]([N]([H])[c]4[c]([H])[c]([H])[c]([O][C]([H])([H])[H])[c]([O][C]([H])([H])[H])[c]4[H])=[N]3)[c]([H])[c]2[N]1[H],[H][C]1=[C]([H])[N]2[C](=[N]1)[C]([N]([H])[c]1[c]([H])[c]([H])[c]([O][C]([H])([H])[H])[c]([O][C]([H])([H])[H])[c]1[H])=[N][C]([c]1[c]([H])[c]([H])[c]3[c]([c]1[H])[C]([H])=[C]([H])[N]3[H])=[C]2[H],0.18454905392815135
syk,[H][C]1=[C]([H])[N]2[C](=[N]1)[C]([N]([H])[c]1[c]([H])[c]([H])[c]([O][C]([H])([H])[H])[c]([O][C]([H])([H])[H])[c]1[H])=[N][C]([c]1[c]([H])[c]([H])[c]([C](=[O])[N]([H])[H])[c]([F])[c]1[H])=[C]2[H],[H][C]1=[C]([H])[N]2[C](=[N]1)[C]([N]([H])[c]1[c]([H])[c]([H])[c]([O][C]([H])([H])[H])[c]([O][C]([H])([H])[H])[c]1[H])=[N][C]([c]1[c]([H])[c]([H])[c]([C](=[O])[N]([H])[H])[c]([H])[c]1[H])=[C]2[H],-0.02941098609564996
syk,[H][C]1=[N][N]([H])[c]2[c]([H])[c]([C]3=[C]([H])[N]4[C](=[N][C]([H])=[C]4[H])[C]([N]([H])[c]4[c]([H])[c]([H])[c]([H])[c]([O][C]([H])([H])[H])[c]4[H])=[N]3)[c]([H])[c]([H])[c]21,[H][C]1=[N][N]([H])[c]2[c]([H])[c]([C]3=[C]([H])[N]4[C](=[N][C]([H])=[C]4[H])[C]([N]([H])[c]4[c]([H])[c]([H])[c]([H])[c]([H])[c]4[H])=[N]3)[c]([H])[c]([H])[c]21,0.6809630843441781
syk,[H][C]1=[N][N]([H])[C]([H])=[C]1[c]1[c]([H])[c]([H])[c]([N]([H])[C](=[O])[c]2[c]([H])[c]([H])[c]([H])[c]([C]3=[C]([H])[N]4[C](=[N][C]([H])=[C]4[H])[C]([N]([H])[c]4[c]([H])[c]([H])[c]([O][C]([H])([H])[H])[c]([O][C]([H])([H])[H])[c]4[H])=[N]3)[c]2[H])[c]([H])[c]1[H],[H][C]1=[C]([H])[N]2[C](=[N]1)[C]([N]([H])[c]1[c]([H])[c]([H])[c]([O][C]([H])([H])[H])[c]([O][C]([H])([H])[H])[c]1[H])=[N][C]([c]1[c]([H])[c]([H])[c]([H])[c]([C](=[O])[N]([H])[H])[c]1[H])=[C]2[H],0.5346716038667605
syk,[H][C]1=[C]([H])[N]2[C](=[N]1)[C]([N]([H])[c]1[c]([H])[c]([H])[c]([O][C]([H])([H])[H])[c]([O][C]([H])([H])[H])[c]1[H])=[N][C]([c]1[c]([H])[c]([H])[c]([C]([H])([H])[H])[c]([C](=[O])[N]([H])[H])[c]1[H])=[C]2[H],[H][C]1=[C]([H])[N]2[C](=[N]1)[C]([N]([H])[c]1[c]([H])[c]([H])[c]([O][C]([H])([H])[H])[c]([O][C]([H])([H])[H])[c]1[H])=[N][C]([c]1[c]([H])[c]([H])[c]([H])[c]([C](=[O])[N]([H])[C]([H])([H])[H])[c]1[H])=[C]2[H],0.3398798606747544
syk,[H][C]1=[C]([H])[N]([H])[C]([c]2[c]([H])[c]([H])[c]([N]([H])[C](=[O])[c]3[c]([H])[c]([H])[c]([H])[c]([C]4=[C]([H])[N]5[C](=[N][C]([H])=[C]5[H])[C]([N]([H])[c]5[c]([H])[c]([H])[c]([O][C]([H])([H])[H])[c]([O][C]([H])([H])[H])[c]5[H])=[N]4)[c]3[H])[c]([H])[c]2[H])=[N]1,[H][C]1=[N][N]([H])[C]([c]2[c]([H])[c]([H])[c]([N]([H])[C](=[O])[c]3[c]([H])[c]([H])[c]([H])[c]([C]4=[C]([H])[N]5[C](=[N][C]([H])=[C]5[H])[C]([N]([H])[c]5[c]([H])[c]([H])[c]([O][C]([H])([H])[H])[c]([O][C]([H])([H])[H])[c]5[H])=[N]4)[c]3[H])[c]([H])[c]2[H])=[C]1[H],-0.20385652268797294
syk,[H][C]1=[C]([H])[N]2[C](=[N]1)[C]([N]([H])[c]1[c]([H])[c]([H])[c]([O][C]([H])([H])[H])[c]([O][C]([H])([H])[H])[c]1[H])=[N][C]([c]1[c]([H])[c]([H])[c]([H])[c]([C](=[O])[N]([H])[H])[c]1[H])=[C]2[H],[H][C]1=[N][N]([C]([H])([H])[H])[c]2[c]([H])[c]([H])[c]([C]3=[C]([H])[N]4[C](=[N][C]([H])=[C]4[H])[C]([N]([H])[c]4[c]([H])[c]([H])[c]([O][C]([H])([H])[H])[c]([O][C]([H])([H])[H])[c]4[H])=[N]3)[c]([H])[c]21,-0.15405224936652928
syk,[H][C]1=[C]([H])[N]2[C](=[N]1)[C]([N]([H])[c]1[c]([H])[c]([H])[c]([O][C]([H])([H])[H])[c]([O][C]([H])([H])[H])[c]1[H])=[N][C]([c]1[c]([H])[c]([H])[c]([C](=[O])[N]([H])[H])[c]([F])[c]1[H])=[C]2[H],[H][C]1=[C]([H])[N]2[C](=[N]1)[C]([N]([H])[c]1[c]([H])[c]([H])[c]([O][C]([H])([H])[H])[c]([O][C]([H])([H])[H])[c]1[H])=[N][C]([c]1[c]([H])[c]([H])[c]([C](=[O])[N]([H])[H])[c]([O][C]([H])([H])[H])[c]1[H])=[C]2[H],0.14618873197525417
syk,[H][C]1=[C]([H])[N]([H])[C]([c]2[c]([H])[c]([H])[c]([N]([H])[C](=[O])[c]3[c]([H])[c]([H])[c]([H])[c]([C]4=[C]([H])[N]5[C](=[N][C]([H])=[C]5[H])[C]([N]([H])[c]5[c]([H])[c]([H])[c]([O][C]([H])([H])[H])[c]([O][C]([H])([H])[H])[c]5[H])=[N]4)[c]3[H])[c]([H])[c]2[H])=[N]1,[H][C]1=[C]([H])[N]2[C](=[N]1)[C]([N]([H])[c]1[c]([H])[c]([H])[c]([O][C]([H])([H])[H])[c]([O][C]([H])([H])[H])[c]1[H])=[N][C]([c]1[c]([H])[c]([H])[c]([H])[c]([C](=[O])[N]([H])[H])[c]1[H])=[C]2[H],0.2942307947586187
syk,[H][C]1=[N][N]([C]([H])([H])[H])[c]2[c]([H])[c]([H])[c]([C]3=[C]([H])[N]4[C](=[N][C]([H])=[C]4[H])[C]([N]([H])[c]4[c]([H])[c]([H])[c]([O][C]([H])([H])[H])[c]([O][C]([H])([H])[H])[c]4[H])=[N]3)[c]([H])[c]21,[H][C]1=[C]([H])[N]2[C](=[N]1)[C]([N]([H])[c]1[c]([H])[c]([H])[c]([O][C]([H])([H])[H])[c]([O][C]([H])([H])[H])[c]1[H])=[N][C]([c]1[c]([H])[c]([H])[c]3[c]([c]1[H])[C]([H])=[C]([H])[N]3[H])=[C]2[H],-0.5265762647368035
syk,[H][C]1=[N][N]([C]([H])([H])[H])[c]2[c]([H])[c]([C]3=[C]([H])[N]4[C](=[N][C]([H])=[C]4[H])[C]([N]([H])[c]4[c]([H])[c]([H])[c]([O][C]([H])([H])[H])[c]([O][C]([H])([H])[H])[c]4[H])=[N]3)[c]([H])[c]([H])[c]21,[H][C]1=[N][N]([H])[c]2[c]([H])[c]([C]3=[C]([H])[N]4[C](=[N][C]([H])=[C]4[H])[C]([N]([H])[c]4[c]([H])[c]([H])[c]([O][C]([H])([H])[H])[c]([H])[c]4[H])=[N]3)[c]([H])[c]([H])[c]21,-0.3342676442005761
syk,[H][C]1=[N][c]2[c]([H])[c]([H])[c]([C]3=[C]([H])[N]4[C](=[N][C]([H])=[C]4[H])[C]([N]([H])[c]4[c]([H])[c]([H])[c]([O][C]([H])([H])[H])[c]([O][C]([H])([H])[H])[c]4[H])=[N]3)[c]([H])[c]2[N]1[H],[H][C]1=[N][N]([H])[c]2[c]([H])[c]([C]3=[C]([H])[N]4[C](=[N][C]([H])=[C]4[H])[C]([N]([H])[c]4[c]([H])[c]([H])[c]([O][C]([H])([H])[H])[c]([O][C]([H])([H])[H])[c]4[H])=[N]3)[c]([H])[c]([H])[c]21,-0.29979030003243246
syk,[H][C]1=[C]([H])[N]2[C](=[N]1)[C]([N]([H])[c]1[c]([H])[c]([H])[c]([O][C]([H])([H])[H])[c]([O][C]([H])([H])[H])[c]1[H])=[N][C]([c]1[c]([H])[c]([H])[c]([H])[c]([C](=[O])[N]([H])[c]3[c]([H])[c]([H])[c]([C](=[O])[N-][S](=[O])(=[O])[C]([H])([H])[H])[c]([H])[c]3[H])[c]1[H])=[C]2[H],[H][C]1=[C]([H])[N]2[C](=[N]1)[C]([N]([H])[c]1[c]([H])[c]([H])[c]([O][C]([H])([H])[H])[c]([O][C]([H])([H])[H])[c]1[H])=[N][C]([c]1[c]([H])[c]([H])[c]([H])[c]([C](=[O])[N]([H])[c]3[c]([H])[c]([H])[c]([H])[c]([C](=[O])[O-])[c]3[H])[c]1[H])=[C]2[H],0.8287731924096775
syk,[H][C]1=[C]([H])[N]2[C](=[N]1)[C]([N]([H])[c]1[c]([H])[c]([H])[c]([O][C]([H])([H])[H])[c]([O][C]([H])([H])[H])[c]1[H])=[N][C]([c]1[c]([H])[c]([H])[c]([H])[c]([C](=[O])[N]([H])[H])[c]1[H])=[C]2[H],[H][C]1=[C]([H])[N]2[C](=[N]1)[C]([N]([H])[c]1[c]([H])[c]([H])[c]([O][C]([H])([H])[H])[c]([O][C]([H])([H])[H])[c]1[H])=[N][C]([c]1[c]([H])[c]([H])[c]([C](=[O])[N]([H])[H])[c]([H])[c]1[H])=[C]2[H],-0.2525996693653827
syk,[H][C]1=[C]([H])[N]2[C](=[N]1)[C]([N]([H])[c]1[c]([H])[c]([H])[c]([O][C]([H])([H])[H])[c]([O][C]([H])([H])[H])[c]1[H])=[N][C]([c]1[c]([H])[c]([H])[c]([H])[c]([C](=[O])[N]([H])[c]3[c]([H])[c]([H])[c]([C](=[O])[O][C]([H])([H])[H])[c]([H])[c]3[H])[c]1[H])=[C]2[H],[H][C]1=[C]([H])[N]2[C](=[N]1)[C]([N]([H])[c]1[c]([H])[c]([H])[c]([O][C]([H])([H])[H])[c]([O][C]([H])([H])[H])[c]1[H])=[N][C]([c]1[c]([H])[c]([H])[c]([H])[c]([C](=[O])[N]([H])[c]3[c]([H])[c]([H])[c]([C](=[O])[N]([H])[H])[c]([H])[c]3[H])[c]1[H])=[C]2[H],-0.7487694802555609
thrombin,CCc1cccc(CNC(=O)[C@@H]2CCCN2C(=O)[C@H](N)Cc2ccccc2)c1,N[C@H](Cc1ccccc1)C(=O)N1CCC[C@H]1C(=O)NCc1cccc(C(F)(F)F)c1,0.6351976334658369
thrombin,N[C@H](Cc1ccccc1)C(=O)N1CCC[C@H]1C(=O)NCc1cccc(Cl)c1,Cc1ccc(Cl)cc1CNC(=O)[C@@H]1CCCN1C(=O)[C@H](N)Cc1ccccc1,0.21806079461431338
thrombin,COc1cccc(CNC(=O)[C@@H]2CCCN2C(=O)[C@H](N)Cc2ccccc2)c1,N[C@H](Cc1ccccc1)C(=O)N1CCC[C@H]1C(=O)NCc1cccc(CO)c1,1.6324435891893296
thrombin,N[C@H](Cc1ccccc1)C(=O)N1CCC[C@H]1C(=O)NCc1ccc(CO)cc1,N[C@H](Cc1ccccc1)C(=O)N1CCC[C@H]1C(=O)NCc1ccccc1,-0.6674815786858579
thrombin,COc1ccc(Cl)cc1CNC(=O)[C@@H]1CCCN1C(=O)[C@H](N)Cc1ccccc1,N[C@H](Cc1ccccc1)C(=O)N1CCC[C@H]1C(=O)NCc1cc(Cl)ccc1Cl,-0.8919178962883301
thrombin,N[C@H](Cc1ccccc1)C(=O)N1CCC[C@H]1C(=O)NCc1cccc(F)c1,Nc1cccc(CNC(=O)[C@@H]2CCCN2C(=O)[C@H](N)Cc2ccccc2)c1,0.7745143347466508
thrombin,N[C@H](Cc1ccccc1)C(=O)N1CCC[C@H]1C(=O)NCc1cccc(I)c1,N[C@H](Cc1ccccc1)C(=O)N1CCC[C@H]1C(=O)NCc1cccc(Br)c1,0.021566012993329053
thrombin,N[C@H](Cc1ccccc1)C(=O)N1CCC[C@H]1C(=O)NCc1cc(Cl)ccc1Cl,Cc1ccc(Cl)cc1CNC(=O)[C@@H]1CCCN1C(=O)[C@H](N)Cc1ccccc1,0.8695378817945016
thrombin,N[C@H](Cc1ccccc1)C(=O)N1CCC[C@H]1C(=O)NCc1cccc(Cl)c1,N[C@H](Cc1ccccc1)C(=O)N1CCC[C@H]1C(=O)NCc1cccc(O)c1,1.9605009153497255
thrombin,N[C@H](Cc1ccccc1)C(=O)N1CCC[C@H]1C(=O)NCc1cc(Cl)ccc1Cl,N[C@H](Cc1ccccc1)C(=O)N1CCC[C@H]1C(=O)NCc1ccccc1Cl,1.892765361420806
thrombin,Cc1cccc(CNC(=O)[C@@H]2CCCN2C(=O)[C@H](N)Cc2ccccc2)c1,CCc1cccc(CNC(=O)[C@@H]2CCCN2C(=O)[C@H](N)Cc2ccccc2)c1,0.8611856310446306
thrombin,N[C@H](Cc1ccccc1)C(=O)N1CCC[C@H]1C(=O)NCc1ccccc1,N[C@H](Cc1ccccc1)C(=O)N1CCC[C@H]1C(=O)NCc1ccc(Cl)cc1,-0.6125778986661023
thrombin,Nc1cccc(CNC(=O)[C@@H]2CCCN2C(=O)[C@H](N)Cc2ccccc2)c1,N[C@H](Cc1ccccc1)C(=O)N1CCC[C@H]1C(=O)NCc1cccc(O)c1,-0.6514770871801883
thrombin,N[C@H](Cc1ccccc1)C(=O)N1CCC[C@H]1C(=O)NCc1cc(Cl)ccc1F,Cc1ccc(Cl)cc1CNC(=O)[C@@H]1CCCN1C(=O)[C@H](N)Cc1ccccc1,-0.38777839517215185
thrombin,COc1cccc(CNC(=O)[C@@H]2CCCN2C(=O)[C@H](N)Cc2ccccc2)c1,N[C@H](Cc1ccccc1)C(=O)N1CCC[C@H]1C(=O)NCc1cccc(O)c1,0.009741492166176258
thrombin,N[C@H](Cc1ccccc1)C(=O)N1CCC[C@H]1C(=O)NCc1cccc([N+](=O)[O-])c1,Nc1cccc(CNC(=O)[C@@H]2CCCN2C(=O)[C@H](N)Cc2ccccc2)c1,0.31225198045470304
thrombin,N[C@H](Cc1ccccc1)C(=O)N1CCC[C@H]1C(=O)NCc1cccc(Br)c1,N[C@H](Cc1ccccc1)C(=O)N1CCC[C@H]1C(=O)NCc1cccc(O)c1,1.2874578151762082
thrombin,Cc1cccc(CNC(=O)[C@@H]2CCCN2C(=O)[C@H](N)Cc2ccccc2)c1,Nc1cccc(CNC(=O)[C@@H]2CCCN2C(=O)[C@H](N)Cc2ccccc2)c1,1.4820646614234727
thrombin,N[C@H](Cc1ccccc1)C(=O)N1CCC[C@H]1C(=O)NCc1cccc(CO)c1,N[C@H](Cc1ccccc1)C(=O)N1CCC[C@H]1C(=O)NCc1cccc(C(F)(F)F)c1,-0.9569064067559703
thrombin,COc1ccc(Cl)cc1CNC(=O)[C@@H]1CCCN1C(=O)[C@H](N)Cc1ccccc1,N[C@H](Cc1ccccc1)C(=O)N1CCC[C@H]1C(=O)NCc1cc(Cl)ccc1O,0.2800832510194393
thrombin,N[C@H](Cc1ccccc1)C(=O)N1CCC[C@H]1C(=O)NCc1cc(Cl)ccc1O,N[C@H](Cc1ccccc1)C(=O)N1CCC[C@H]1C(=O)NCc1cc(Cl)ccc1Cl,-1.1720011473077694
thrombin,N[C@H](Cc1ccccc1)C(=O)N1CCC[C@H]1C(=O)NCc1cccc(Cl)c1,Cc1cccc(CNC(=O)[C@@H]2CCCN2C(=O)[C@H](N)Cc2ccccc2)c1,1.129913341106441
thrombin,NC(=[NH2+])c1ccc(CNC(=O)[C@@H]2CCCN2C(=O)[C@H](N)Cc2ccccc2)cc1,N[C@H](Cc1ccccc1)C(=O)N1CCC[C@H]1C(=O)NCc1ccccc1,4.7073924228831645
thrombin,N[C@H](Cc1ccccc1)C(=O)N1CCC[C@H]1C(=O)NCc1cc(Cl)ccc1F,N[C@H](Cc1ccccc1)C(=O)N1CCC[C@H]1C(=O)NCc1cc(Cl)ccc1Cl,-1.2573162769666535
thrombin,N[C@H](Cc1ccccc1)C(=O)N1CCC[C@H]1C(=O)NCc1ccc(CO)cc1,N[C@H](Cc1ccccc1)C(=O)N1CCC[C@H]1C(=O)NCc1ccc(Cl)cc1,-1.2800594773519602
thrombin,N[C@H](Cc1ccccc1)C(=O)N1CCC[C@H]1C(=O)NCc1ccccc1Cl,N[C@H](Cc1ccccc1)C(=O)N1CCC[C@H]1C(=O)NCc1ccccc1,1.2087532922087476
thrombin,NC(=[NH2+])c1ccc(CNC(=O)[C@@H]2CCCN2C(=O)[C@H](N)Cc2ccccc2)cc1,N[C@H](Cc1ccccc1)C(=O)N1CCC[C@H]1C(=O)NCc1ccc(CO)cc1,5.374874001569022
thrombin,N[C@H](Cc1ccccc1)C(=O)N1CCC[C@H]1C(=O)NCc1cccc(F)c1,N[C@H](Cc1ccccc1)C(=O)N1CCC[C@H]1C(=O)NCc1cccc(O)c1,0.1230372475664625
thrombin,N[C@H](Cc1ccccc1)C(=O)N1CCC[C@H]1C(=O)NCc1cccc([N+](=O)[O-])c1,N[C@H](Cc1ccccc1)C(=O)N1CCC[C@H]1C(=O)NCc1ccccc1,0.15031554437415462
thrombin,N[C@H](Cc1ccccc1)C(=O)N1CCC[C@H]1C(=O)NCc1cccc(Cl)c1,N[C@H](Cc1ccccc1)C(=O)N1CCC[C@H]1C(=O)NCc1cccc(I)c1,0.6514770871801883
tnks2,[H][O][C]([c]1[c]([H])[c]([H])[c]([C]2=[N][c]3[c]([F])[c]([H])[c]([H])[c]([H])[c]3[C](=[O])[N]2[H])[c]([H])[c]1[H])([C]([H])([H])[H])[C]([H])([H])[H],[H][O][C]([c]1[c]([H])[c]([H])[c]([C]2=[N][c]3[c]([F])[c]([H])[c]([H])[c]([F])[c]3[C](=[O])[N]2[H])[c]([H])[c]1[H])([C]([H])([H])[H])[C]([H])([H])[H],0.17059546896390465
tnks2,[H][O][C]([H])([H])[C]([H])([H])[O][C]([c]1[c]([H])[c]([H])[c]([C]2=[N][c]3[c]([c]([H])[c]([F])[c]([H])[c]3[C]([H])([H])[H])[C](=[O])[N]2[H])[c]([H])[c]1[H])([C]([H])([H])[H])[C]([H])([H])[H],[H][O][C]([H])([H])[C]([H])([H])[O][C]([c]1[c]([H])[c]([H])[c]([C]2=[N][c]3[c]([H])[c]([H])[c]([F])[c]([H])[c]3[C](=[O])[N]2[H])[c]([H])[c]1[H])([C]([H])([H])[H])[C]([H])([H])[H],1.3245201873537074
tnks2,[H][O][C]([c]1[c]([H])[c]([H])[c]([C]2=[N][c]3[c]([H])[c]([H])[c]([F])[c]([F])[c]3[C](=[O])[N]2[H])[c]([H])[c]1[H])([C]([H])([H])[H])[C]([H])([H])[H],[H][O][C]([c]1[c]([H])[c]([H])[c]([C]2=[N][c]3[c]([H])[c]([H])[c]([H])[c]([F])[c]3[C](=[O])[N]2[H])[c]([H])[c]1[H])([C]([H])([H])[H])[C]([H])([H])[H],0.6105643143884283
tnks2,[H][c]1[c]([H])[c]([C]2([H])[C]([H])([H])[C]([H])([H])[N+]([H])([C]([H])([H])[H])[C]([H])([H])[C]2([H])[H])[c]([H])[c]([H])[c]1[C]1=[N][c]2[c]([c]([H])[c]([F])[c]([H])[c]2[C]([H])([H])[H])[C](=[O])[N]1[H],[H][c]1[c]([H])[c]2[c]([c]([H])[c]1[F])[C](=[O])[N]([H])[C]([c]1[c]([H])[c]([H])[c]([N]3[C]([H])([H])[C]([H])([H])[N+]([H])([C]([H])([H])[H])[C]([H])([H])[C]3([H])[H])[c]([H])[c]1[H])=[N]2,1.0059944286282718
tnks2,[H][O][C]([c]1[c]([H])[c]([H])[c]([C]2=[N][c]3[c]([F])[c]([H])[c]([H])[c]([H])[c]3[C](=[O])[N]2[H])[c]([H])[c]1[H])([C]([H])([H])[H])[C]([H])([H])[H],[H][O][C]([c]1[c]([H])[c]([H])[c]([C]2=[N][c]3[c]([Cl])[c]([H])[c]([H])[c]([H])[c]3[C](=[O])[N]2[H])[c]([H])[c]1[H])([C]([H])([H])[H])[C]([H])([H])[H],-0.5433604040013744
tnks2,[H][O][C]([c]1[c]([H])[c]([H])[c]([C]2=[N][c]3[c]([H])[c]([H])[c]([F])[c]([H])[c]3[C](=[O])[N]2[H])[c]([H])[c]1[H])([C]([H])([H])[H])[C]([H])([H])[H],[H][c]1[c]([H])[c]2[c]([c]([H])[c]1[F])[C](=[O])[N]([H])[C]([c]1[c]([H])[c]([H])[c]([C]([O][C]([H])([H])[C]([H])([H])[O][C]([H])([H])[H])([C]([H])([H])[H])[C]([H])([H])[H])[c]([H])[c]1[H])=[N]2,0.3821037107195746
tnks2,[H][c]1[c]([H])[c]([C]2([H])[C]([H])([H])[C]([H])([H])[N+]([H])([H])[C]([H])([H])[C]2([H])[H])[c]([H])[c]([H])[c]1[C]1=[N][c]2[c]([c]([H])[c]([F])[c]([H])[c]2[C]([H])([H])[H])[C](=[O])[N]1[H],[H][c]1[c]([H])[c]([H])[c]([C]2=[N][c]3[c]([H])[c]([H])[c]([H])[c]([H])[c]3[C](=[O])[N]2[H])[c]([H])[c]1[H],3.9424087415137503
tnks2,[H][c]1[c]([H])[c]([H])[c]2[c]([c]1[H])[N]=[C]([c]1[c]([H])[c]([H])[c]([C]([C]([H])([H])[H])([C]([H])([H])[H])[C]([H])([H])[H])[c]([H])[c]1[H])[N]([H])[C]2=[O],[H][O][C]([c]1[c]([H])[c]([H])[c]([C]2=[N][c]3[c]([H])[c]([H])[c]([H])[c]([H])[c]3[C](=[O])[N]2[H])[c]([H])[c]1[H])([C]([H])([H])[H])[C]([H])([H])[H],0.23816441475799088
tnks2,[H][O][C]([c]1[c]([H])[c]([H])[c]([C]2=[N][c]3[c]([H])[c]([H])[c]([H])[c]([H])[c]3[C](=[O])[N]2[H])[c]([H])[c]1[H])([C]([H])([H])[H])[C]([H])([H])[H],[H][O][C]([c]1[c]([H])[c]([H])[c]([C]2=[N][c]3[c]([H])[c]([H])[c]([Cl])[c]([H])[c]3[C](=[O])[N]2[H])[c]([H])[c]1[H])([C]([H])([H])[H])[C]([H])([H])[H],0.65147708718019
tnks2,[H][O][C]([c]1[c]([H])[c]([H])[c]([C]2=[N][c]3[c]([F])[c]([H])[c]([F])[c]([H])[c]3[C](=[O])[N]2[H])[c]([H])[c]1[H])([C]([H])([H])[H])[C]([H])([H])[H],[H][O][C]([c]1[c]([H])[c]([H])[c]([C]2=[N][c]3[c]([c]([H])[c]([F])[c]([H])[c]3[C]([H])([H])[H])[C](=[O])[N]2[H])[c]([H])[c]1[H])([C]([H])([H])[H])[C]([H])([H])[H],-1.7270239441166613
tnks2,[H][c]1[c]([F])[c]([H])[c]2[c]([c]1[F])[N]=[C]([c]1[c]([H])[c]([H])[c]([C]3([H])[C]([H])([H])[C]([H])([H])[N+]([H])([H])[C]([H])([H])[C]3([H])[H])[c]([H])[c]1[H])[N]([H])[C]2=[O],[H][c]1[c]([F])[c]([H])[c]2[c]([c]1[F])[N]=[C]([c]1[c]([H])[c]([H])[c]([C]3([H])[C]([H])([H])[C]([H])([H])[N+]([H])([C]([H])([H])[H])[C]([H])([H])[C]3([H])[H])[c]([H])[c]1[H])[N]([H])[C]2=[O],-0.12073418045805617
tnks2,[H][O][C]([c]1[c]([H])[c]([H])[c]([C]2=[N][c]3[c]([H])[c]([H])[c]([H])[c]([H])[c]3[C](=[O])[N]2[H])[c]([H])[c]1[H])([C]([H])([H])[H])[C]([H])([H])[H],[H][O][C]([c]1[c]([H])[c]([H])[c]([C]2=[N][c]3[c]([H])[c]([H])[c]([H])[c]([Cl])[c]3[C](=[O])[N]2[H])[c]([H])[c]1[H])([C]([H])([H])[H])[C]([H])([H])[H],0.7988146732442001
tnks2,[H][O][C]([H])([H])[C]([H])([H])[O][C]([c]1[c]([H])[c]([H])[c]([C]2=[N][c]3[c]([c]([H])[c]([F])[c]([H])[c]3[C]([H])([H])[H])[C](=[O])[N]2[H])[c]([H])[c]1[H])([C]([H])([H])[H])[C]([H])([H])[H],[H][c]1[c]([H])[c]2[c]([c]([H])[c]1[F])[C](=[O])[N]([H])[C]([c]1[c]([H])[c]([H])[c]([C]([O][C]([H])([H])[C]([H])([H])[O][C]([H])([H])[H])([C]([H])([H])[H])[C]([H])([H])[H])[c]([H])[c]1[H])=[N]2,1.5360284291093755
tnks2,[H][c]1[c]([H])[c]([H])[c]2[c]([c]1[H])[N]=[C]([c]1[c]([H])[c]([H])[c]([C]([C]([H])([H])[H])([C]([H])([H])[H])[C]([H])([H])[H])[c]([H])[c]1[H])[N]([H])[C]2=[O],[H][c]1[c]([H])[c]([H])[c]2[c]([c]1[H])[N]=[C]([c]1[c]([H])[c]([H])[c]([O][C]([H])([H])[H])[c]([H])[c]1[H])[N]([H])[C]2=[O],1.0602369709020874
tnks2,[H][O][C]([c]1[c]([H])[c]([H])[c]([C]2=[N][c]3[c]([F])[c]([H])[c]([H])[c]([F])[c]3[C](=[O])[N]2[H])[c]([H])[c]1[H])([C]([H])([H])[H])[C]([H])([H])[H],[H][O][C]([c]1[c]([H])[c]([H])[c]([C]2=[N][c]3[c]([H])[c]([H])[c]([H])[c]([F])[c]3[C](=[O])[N]2[H])[c]([H])[c]1[H])([C]([H])([H])[H])[C]([H])([H])[H],-0.38210371071957283
tnks2,[H][c]1[c]([H])[c]([C]2([H])[C]([H])([H])[C]([H])([H])[N+]([H])([H])[C]([H])([H])[C]2([H])[H])[c]([H])[c]([H])[c]1[C]1=[N][c]2[c]([c]([H])[c]([F])[c]([H])[c]2[C]([H])([H])[H])[C](=[O])[N]1[H],[H][c]1[c]([H])[c]([C]2([H])[C]([H])([H])[C]([H])([H])[N+]([H])([C]([H])([H])[H])[C]([H])([H])[C]2([H])[H])[c]([H])[c]([H])[c]1[C]1=[N][c]2[c]([c]([H])[c]([F])[c]([H])[c]2[C]([H])([H])[H])[C](=[O])[N]1[H],0.6790634564516793
tnks2,[H][c]1[c]([H])[c]([N]2[C]([H])([H])[C]([H])([H])[N+]([H])([C]([H])([H])[H])[C]([H])([H])[C]2([H])[H])[c]([H])[c]([H])[c]1[C]1=[N][c]2[c]([c]([H])[c]([F])[c]([H])[c]2[C]([H])([H])[H])[C](=[O])[N]1[H],[H][c]1[c]([H])[c]2[c]([c]([H])[c]1[F])[C](=[O])[N]([H])[C]([c]1[c]([H])[c]([H])[c]([N]3[C]([H])([H])[C]([H])([H])[N+]([H])([C]([H])([H])[H])[C]([H])([H])[C]3([H])[H])[c]([H])[c]1[H])=[N]2,1.1249921510373273
tnks2,[H][O][C]([c]1[c]([H])[c]([H])[c]([C]2=[N][c]3[c]([c]([H])[c]([F])[c]([H])[c]3[C]([H])([H])[H])[C](=[O])[N]2[H])[c]([H])[c]1[H])([C]([H])([H])[H])[C]([H])([H])[H],[H][O][C]([c]1[c]([H])[c]([H])[c]([C]2=[N][c]3[c]([H])[c]([H])[c]([F])[c]([H])[c]3[C](=[O])[N]2[H])[c]([H])[c]1[H])([C]([H])([H])[H])[C]([H])([H])[H],1.805401805569991
tnks2,[H][c]1[c]([H])[c]2[c]([c]([H])[c]1[F])[C](=[O])[N]([H])[C]([c]1[c]([H])[c]([H])[c]([C]([C]([H])([H])[H])([C]([H])([H])[H])[C]([H])([H])[H])[c]([H])[c]1[H])=[N]2,[H][O][C]([c]1[c]([H])[n][c]([C]2=[N][c]3[c]([H])[c]([H])[c]([F])[c]([H])[c]3[C](=[O])[N]2[H])[c]([H])[c]1[H])([C]([H])([H])[H])[C]([H])([H])[H],3.1251968683217353
tnks2,[H][c]1[c]([H])[c]([H])[c]([C]2=[N][c]3[c]([H])[c]([H])[c]([H])[c]([H])[c]3[C](=[O])[N]2[H])[c]([H])[c]1[H],[H][c]1[c]([H])[c]([H])[c]2[c]([c]1[H])[N]=[C]([c]1[c]([H])[c]([H])[c]([O][C]([H])([H])[H])[c]([H])[c]1[H])[N]([H])[C]2=[O],-1.3878129746392958
tnks2,[H][c]1[c]([H])[c]2[c]([c]([H])[c]1[F])[C](=[O])[N]([H])[C]([c]1[c]([H])[c]([H])[c]([C]([C]([H])([H])[H])([C]([H])([H])[H])[C]([H])([H])[H])[c]([H])[c]1[H])=[N]2,[H][O][C]([c]1[c]([H])[c]([H])[c]([C]2=[N][c]3[c]([H])[c]([H])[c]([F])[c]([H])[c]3[C](=[O])[N]2[H])[c]([H])[c]1[H])([C]([H])([H])[H])[C]([H])([H])[H],0.6347717571389389
tnks2,[H][O][C]([c]1[c]([H])[c]([H])[c]([C]2=[N][c]3[c]([Cl])[c]([H])[c]([H])[c]([H])[c]3[C](=[O])[N]2[H])[c]([H])[c]1[H])([C]([H])([H])[H])[C]([H])([H])[H],[H][O][C]([c]1[c]([H])[c]([H])[c]([C]2=[N][c]3[c]([H])[c]([H])[c]([H])[c]([H])[c]3[C](=[O])[N]2[H])[c]([H])[c]1[H])([C]([H])([H])[H])[C]([H])([H])[H],0.04746532565040695
tnks2,[H][O][C]([c]1[c]([H])[c]([H])[c]([C]2=[N][c]3[c]([H])[c]([H])[c]([H])[c]([H])[c]3[C](=[O])[N]2[H])[c]([H])[c]1[H])([C]([H])([H])[H])[C]([H])([H])[H],[H][c]1[c]([H])[c]([H])[c]([C]2=[N][c]3[c]([H])[c]([H])[c]([H])[c]([H])[c]3[C](=[O])[N]2[H])[c]([H])[c]1[H],2.2098855307833922
tnks2,[H][O][C]([c]1[c]([H])[c]([H])[c]([C]2=[N][c]3[c]([H])[c]([H])[c]([F])[c]([F])[c]3[C](=[O])[N]2[H])[c]([H])[c]1[H])([C]([H])([H])[H])[C]([H])([H])[H],[H][O][C]([c]1[c]([H])[c]([H])[c]([C]2=[N][c]3[c]([H])[c]([H])[c]([F])[c]([H])[c]3[C](=[O])[N]2[H])[c]([H])[c]1[H])([C]([H])([H])[H])[C]([H])([H])[H],0.19952803631638005
tnks2,[H][O][C]([c]1[c]([H])[c]([H])[c]([C]2=[N][c]3[c]([Cl])[c]([H])[c]([H])[c]([H])[c]3[C](=[O])[N]2[H])[c]([H])[c]1[H])([C]([H])([H])[H])[C]([H])([H])[H],[H][O][C]([c]1[c]([H])[c]([H])[c]([C]2=[N][c]3[c]([O][C]([H])([H])[H])[c]([H])[c]([H])[c]([H])[c]3[C](=[O])[N]2[H])[c]([H])[c]1[H])([C]([H])([H])[H])[C]([H])([H])[H],0.7568420252819994
tnks2,[H][O][C]([c]1[c]([H])[c]([H])[c]([C]2=[N][c]3[c]([F])[c]([H])[c]([F])[c]([H])[c]3[C](=[O])[N]2[H])[c]([H])[c]1[H])([C]([H])([H])[H])[C]([H])([H])[H],[H][O][C]([c]1[c]([H])[c]([H])[c]([C]2=[N][c]3[c]([H])[c]([H])[c]([F])[c]([H])[c]3[C](=[O])[N]2[H])[c]([H])[c]1[H])([C]([H])([H])[H])[C]([H])([H])[H],0.0783778614533297
tnks2,[H][c]1[c]([F])[c]([H])[c]2[c]([c]1[F])[N]=[C]([c]1[c]([H])[c]([H])[c]([C]3([H])[C]([H])([H])[C]([H])([H])[N+]([H])([H])[C]([H])([H])[C]3([H])[H])[c]([H])[c]1[H])[N]([H])[C]2=[O],[H][c]1[c]([H])[c]([H])[c]([C]2=[N][c]3[c]([H])[c]([H])[c]([H])[c]([H])[c]3[C](=[O])[N]2[H])[c]([H])[c]1[H],1.5738119070403354
tnks2,[H][O][C]([c]1[c]([H])[c]([H])[c]([C]2=[N][c]3[c]([H])[c]([H])[c]([F])[c]([H])[c]3[C](=[O])[N]2[H])[c]([H])[c]1[H])([C]([H])([H])[H])[C]([H])([H])[H],[H][O][C]([c]1[c]([H])[n][c]([C]2=[N][c]3[c]([H])[c]([H])[c]([F])[c]([H])[c]3[C](=[O])[N]2[H])[c]([H])[c]1[H])([C]([H])([H])[H])[C]([H])([H])[H],2.4904251111827964
tnks2,[H][O][C]([H])([H])[C]([H])([H])[O][C]([c]1[c]([H])[c]([H])[c]([C]2=[N][c]3[c]([H])[c]([H])[c]([F])[c]([H])[c]3[C](=[O])[N]2[H])[c]([H])[c]1[H])([C]([H])([H])[H])[C]([H])([H])[H],[H][O][C]([c]1[c]([H])[c]([H])[c]([C]2=[N][c]3[c]([H])[c]([H])[c]([F])[c]([H])[c]3[C](=[O])[N]2[H])[c]([H])[c]1[H])([C]([H])([H])[H])[C]([H])([H])[H],-0.17059546896390643
tnks2,[H][O][C]([c]1[c]([H])[c]([H])[c]([C]2=[N][c]3[c]([H])[c]([H])[c]([F])[c]([H])[c]3[C](=[O])[N]2[H])[c]([H])[c]1[H])([C]([H])([H])[H])[C]([H])([H])[H],[H][O][C]([c]1[c]([H])[c]([H])[c]([C]2=[N][c]3[c]([H])[c]([H])[c]([Cl])[c]([H])[c]3[C](=[O])[N]2[H])[c]([H])[c]1[H])([C]([H])([H])[H])[C]([H])([H])[H],0.778126528656939
tnks2,[H][c]1[c]([F])[c]([H])[c]2[c]([c]1[F])[N]=[C]([c]1[c]([H])[c]([H])[c]([C]3([H])[C]([H])([H])[C]([H])([H])[N+]([H])([C]([H])([H])[H])[C]([H])([H])[C]3([H])[H])[c]([H])[c]1[H])[N]([H])[C]2=[O],[H][c]1[c]([H])[c]([C]2([H])[C]([H])([H])[C]([H])([H])[N+]([H])([C]([H])([H])[H])[C]([H])([H])[C]2([H])[H])[c]([H])[c]([H])[c]1[C]1=[N][c]2[c]([c]([H])[c]([F])[c]([H])[c]2[C]([H])([H])[H])[C](=[O])[N]1[H],-1.5687991975636795
tnks2,[H][O][C]([c]1[c]([H])[c]([H])[c]([C]2=[N][c]3[c]([c]([H])[c]([H])[c]([H])[c]3[C]([H])([H])[H])[C](=[O])[N]2[H])[c]([H])[c]1[H])([C]([H])([H])[H])[C]([H])([H])[H],[H][O][C]([c]1[c]([H])[c]([H])[c]([C]2=[N][c]3[c]([O][C]([H])([H])[H])[c]([H])[c]([H])[c]([H])[c]3[C](=[O])[N]2[H])[c]([H])[c]1[H])([C]([H])([H])[H])[C]([H])([H])[H],2.030863632289904
tnks2,[H][O][C]([c]1[c]([H])[c]([H])[c]([C]2=[N][c]3[c]([H])[c]([H])[c]([H])[c]([F])[c]3[C](=[O])[N]2[H])[c]([H])[c]1[H])([C]([H])([H])[H])[C]([H])([H])[H],[H][O][C]([c]1[c]([H])[c]([H])[c]([C]2=[N][c]3[c]([H])[c]([H])[c]([H])[c]([Cl])[c]3[C](=[O])[N]2[H])[c]([H])[c]1[H])([C]([H])([H])[H])[C]([H])([H])[H],0.5144278366489008
tnks2,[H][O][C]([c]1[c]([H])[c]([H])[c]([C]2=[N][c]3[c]([c]([H])[c]([H])[c]([H])[c]3[C]([H])([H])[H])[C](=[O])[N]2[H])[c]([H])[c]1[H])([C]([H])([H])[H])[C]([H])([H])[H],[H][O][C]([c]1[c]([H])[c]([H])[c]([C]2=[N][c]3[c]([Cl])[c]([H])[c]([H])[c]([H])[c]3[C](=[O])[N]2[H])[c]([H])[c]1[H])([C]([H])([H])[H])[C]([H])([H])[H],1.2740216070079047
tnks2,[H][c]1[c]([F])[c]([H])[c]2[c]([c]1[F])[N]=[C]([c]1[c]([H])[c]([H])[c]([C]3([H])[C]([H])([H])[C]([H])([H])[N+]([H])([H])[C]([H])([H])[C]3([H])[H])[c]([H])[c]1[H])[N]([H])[C]2=[O],[H][c]1[c]([H])[c]([C]2([H])[C]([H])([H])[C]([H])([H])[N+]([H])([H])[C]([H])([H])[C]2([H])[H])[c]([H])[c]([H])[c]1[C]1=[N][c]2[c]([c]([H])[c]([F])[c]([H])[c]2[C]([H])([H])[H])[C](=[O])[N]1[H],-2.368596834473415
tnks2,[H][c]1[c]([H])[c]([N]2[C]([H])([H])[C]([H])([H])[N+]([H])([C]([H])([H])[H])[C]([H])([H])[C]2([H])[H])[c]([H])[c]([H])[c]1[C]1=[N][c]2[c]([c]([H])[c]([F])[c]([H])[c]2[C]([H])([H])[H])[C](=[O])[N]1[H],[H][c]1[c]([H])[c]([C]2([H])[C]([H])([H])[C]([H])([H])[N+]([H])([C]([H])([H])[H])[C]([H])([H])[C]2([H])[H])[c]([H])[c]([H])[c]1[C]1=[N][c]2[c]([c]([H])[c]([F])[c]([H])[c]2[C]([H])([H])[H])[C](=[O])[N]1[H],0.11899772240905548
tyk2,[H]c1c(c(c(c(c1[H])Cl)C(=O)N([H])c2c(c(nc(c2[H])N([H])C(=O)C([H])([H])[H])[H])[H])Cl)[H],[H]c1c(c(c(c(c1[H])Cl)C(=O)N([H])c2c(c(nc(c2[H])N([H])C(=O)OC([H])([H])[H])[H])[H])Cl)[H],0.3388699956303771
tyk2,[H]c1c(c(c(c(c1[H])Cl)C(=O)N([H])c2c(c(nc(c2[H])N([H])C(=O)N([H])C([H])([H])C([H])([H])[H])[H])[H])Cl)[H],[H]c1c(c(c(c(c1[H])Cl)C(=O)N([H])c2c(c(nc(c2[H])N([H])C(=O)C([H])([H])[H])[H])[H])Cl)[H],0.9926680251080011
tyk2,[H]c1c(c(c(c(c1[H])Cl)C(=O)N([H])c2c(c(nc(c2[H])N([H])C(=O)C([H])([H])[H])[H])[H])Cl)[H],[H]c1c(c(c(c(c1[H])Cl)C(=O)N([H])c2c(c(nc(c2[H])N([H])C(=O)C3(C(C(C(C3([H])[H])([H])[H])([H])[H])([H])[H])[H])[H])[H])Cl)[H],0.5433604040013744
tyk2,[H]c1c(c(c(c(c1[H])Cl)C(=O)N([H])c2c(c(nc(c2[H])N([H])C(=O)[C@@]3([C@](C3([H])[H])([H])F)[H])[H])[H])Cl)[H],[H]c1c(c(c(c(c1[H])Cl)C(=O)N([H])c2c(c(nc(c2[H])N([H])C(=O)C3(C(C3([H])[H])([H])[H])[H])[H])[H])Cl)[H],0.3868288353215359
tyk2,[H]c1c(c(c(c(c1[H])Cl)C(=O)N([H])c2c(c(nc(c2[H])N([H])C(=O)C3(C(C(C3([H])[H])([H])[H])([H])[H])[H])[H])[H])Cl)[H],[H]c1c(c(c(c(c1[H])Cl)C(=O)N([H])c2c(c(nc(c2[H])N([H])C(=O)C([H])([H])C([H])([H])[H])[H])[H])Cl)[H],-0.08609293183778632
tyk2,[H]c1c(c(c(c(c1[H])Cl)C(=O)N([H])c2c(c(nc(c2[H])N([H])C(=O)[C@@]3([C@](C3([H])[H])([H])F)[H])[H])[H])Cl)[H],[H]c1c(c(c(c(c1[H])Cl)C(=O)N([H])c2c(c(nc(c2[H])N([H])C(=O)C([H])([H])[H])[H])[H])Cl)[H],2.1632980735390515
tyk2,[H]c1c(c(c(c(c1[H])Cl)C(=O)N([H])c2c(c(nc(c2[H])N([H])C(=O)C([H])([H])[H])[H])[H])Cl)[H],[H]c1c(c(c(c(c1[H])Cl)C(=O)N([H])c2c(c(nc(c2[H])N([H])C(=O)C([H])(C([H])([H])[H])C([H])([H])[H])[H])[H])Cl)[H],1.2862488443191271
tyk2,[H]c1c(c(c(c(c1[H])Cl)C(=O)N([H])c2c(c(nc(c2[H])N([H])C(=O)C([H])([H])[H])[H])[H])Cl)[H],[H]c1c(c(c(c(c1[H])Cl)C(=O)N([H])c2c(c(nc(c2[H])N([H])C(=O)C([H])([H])C3(C(C3([H])[H])([H])[H])[H])[H])[H])Cl)[H],-0.012484671654314994
tyk2,[H]c1c(c(c(c(c1[H])Cl)C(=O)N([H])c2c(c(nc(c2[H])N([H])C(=O)C3(C(C3([H])[H])([H])[H])[H])[H])[H])Cl)[H],[H]c1c(c(c(c(c1[H])Cl)C(=O)N([H])c2c(c(nc(c2[H])N([H])C(=O)C([H])([H])[H])[H])[H])Cl)[H],1.7764692382175156
tyk2,[H]c1c(c(c(c(c1[H])Cl)C(=O)N([H])c2c(c(nc(c2[H])N([H])C(=O)C([H])([H])C([H])([H])[H])[H])[H])Cl)[H],[H]c1c(c(c(c(c1[H])Cl)C(=O)N([H])c2c(c(nc(c2[H])N([H])C(=O)C3(C(C(C(C3([H])[H])([H])[H])([H])[H])([H])[H])[H])[H])[H])Cl)[H],0.7838012131095144
tyk2,[H]c1c(c(c(c(c1[H])Cl)C(=O)N([H])c2c(c(nc(c2[H])N([H])C(=O)C3(C(C(C3([H])[H])([H])[H])([H])[H])[H])[H])[H])Cl)[H],[H]c1c(c(c(c(c1[H])Cl)C(=O)N([H])c2c(c(nc(c2[H])N([H])C(=O)C([H])([H])[H])[H])[H])Cl)[H],0.1543478772703537
tyk2,[H]c1c(c(c(c(c1[H])Cl)C(=O)N([H])c2c(c(nc(c2[H])N([H])C(=O)C([H])([H])C([H])([H])[H])[H])[H])Cl)[H],[H]c1c(c(c(c(c1[H])Cl)C(=O)N([H])c2c(c(nc(c2[H])N([H])C(=O)C([H])([H])O[H])[H])[H])Cl)[H],0.808008655860025
tyk2,[H]c1c(c(c(c(c1[H])Cl)C(=O)N([H])c2c(c(nc(c2[H])N([H])C(=O)[C@@]3([C@](C3([H])[H])([H])F)[H])[H])[H])Cl)[H],[H]c1c(c(c(c(c1[H])Cl)C(=O)N([H])c2c(c(nc(c2[H])N([H])C(=O)[C@@]3([C@](C3([H])[H])([H])C([H])([H])[H])[H])[H])[H])Cl)[H],0.7256988309519148
tyk2,[H]c1c(c(c(c(c1[H])Cl)C(=O)N([H])c2c(c(nc(c2[H])N([H])C(=O)[C@@]3([C@](C3([H])[H])([H])Cl)[H])[H])[H])Cl)[H],[H]c1c(c(c(c(c1[H])Cl)C(=O)N([H])c2c(c(nc(c2[H])N([H])C(=O)[C@@]3([C@](C3([H])[H])([H])C([H])([H])[H])[H])[H])[H])Cl)[H],0.3029195948932344
tyk2,[H]c1c(c(c(c(c1[H])Cl)C(=O)N([H])c2c(c(nc(c2[H])N([H])C(=O)N([H])C([H])([H])C([H])([H])[H])[H])[H])Cl)[H],[H]c1c(c(c(c(c1[H])Cl)C(=O)N([H])c2c(c(nc(c2[H])N([H])C(=O)OC([H])([H])[H])[H])[H])Cl)[H],1.3315380207383782
tyk2,[H]c1c(c(c(c(c1[H])Cl)C(=O)N([H])c2c(c(nc(c2[H])N([H])C(=O)C([H])([H])C([H])([H])[H])[H])[H])Cl)[H],[H]c1c(c(c(c(c1[H])Cl)C(=O)N([H])c2c(c(nc(c2[H])N([H])C(=O)C([H])(C([H])([H])[H])C([H])([H])[H])[H])[H])Cl)[H],1.5266896534272671
tyk2,[H]c1c(c(c(c(c1[H])Cl)C(=O)N([H])c2c(c(nc(c2[H])N([H])C(=O)C([H])([H])[H])[H])[H])Cl)[H],[H]c1c(c(c(c(c1[H])Cl)C(=O)N([H])c2c(c(nc(c2[H])N([H])C(=O)C([H])([H])O[H])[H])[H])Cl)[H],0.567567846751885
tyk2,[H]c1c(c(c(c(c1[H])Cl)C(=O)N([H])c2c(c(nc(c2[H])N([H])C(=O)[C@@]3([C@](C3([H])[H])([H])Cl)[H])[H])[H])Cl)[H],[H]c1c(c(c(c(c1[H])Cl)C(=O)N([H])c2c(c(nc(c2[H])N([H])C(=O)C3(C(C3([H])[H])([H])[H])[H])[H])[H])Cl)[H],-0.035950400737144506
