CHEMBL86971,CCN(C(C)C)S(=O)(=O)CC[C@@H]1O[C@@H]1[C@H](Cc1ccccc1)NC(=O)[C@@H](NC(=O)OCc1ccccc1)C(C)(C)S(C)(=O)=O
CHEMBL308649,Nc1ccc(C[C@@H]2[C@H](O)[C@@H](O)[C@@H](Cc3ccc(N)cc3)N(Cc3ccccc3)C(=O)N2Cc2ccccc2)cc1
CHEMBL108102,COC(=O)N[C@H](C(=O)N[C@@H](Cc1ccccc1)C(O)CN(Cc1ccc(F)cc1)NC(=O)[C@@H](NC(=O)OC)C(C)C)C(C)C
CHEMBL114,CC(C)(C)NC(=O)[C@@H]1C[C@@H]2CCCC[C@@H]2CN1C[C@@H](O)[C@H](Cc1ccccc1)NC(=O)[C@H](CC(N)=O)NC(=O)c1ccc2ccccc2n1
CHEMBL20143,CC(C)[C@H](NC(=O)OCc1ccccc1)C(=O)NC(Cc1ccc(OCc2ccccc2)cc1)C(=O)C(F)(F)C(=O)N[C@@H](C(=O)O)C(C)C
CHEMBL75310,Cc1ccc(CN2CCN(C[C@@H](O)[C@H](Cc3ccccc3)NC(=O)O[C@@H]3CCS(=O)(=O)[C@@H]3C(C)C)[C@H](C(=O)NC(C)(C)C)C2)cn1
CHEMBL433293,CC(C)C[C@@H]1[C@H](O)[C@@H](O)[C@@H](CC(C)C)N(CC2CC2)C(=O)N1CC1CC1
CHEMBL301213,O=C(Nc1nccs1)c1cccc(CN2C(=O)N(CC3CC3)[C@H](Cc3ccccc3)[C@H](O)[C@@H](O)[C@H]2Cc2ccccc2)c1
CHEMBL19545,CC(C)[C@H](NC(=O)OCc1ccccc1)C(=O)NC(Cc1ccc(OCc2ccccc2)cc1)C(=O)C(F)(F)C(=O)N[C@@H](C(=O)OC(C)(C)C)C(C)C
CHEMBL303625,CSc1ccc(C[C@@H]2[C@H](O)[C@@H](O)[C@@H](Cc3ccc(SC)cc3)N(Cc3ccccc3)C(=O)N2Cc2ccccc2)cc1
CHEMBL320783,COC(=O)NC(C(=O)NN(Cc1ccc(OC)cc1)C[C@H](O)[C@H](Cc1ccccc1)NC(=O)[C@H](CC(N)=O)NC(=O)c1ccc2ccccc2n1)C(C)C
CHEMBL21095,CC(C)[C@H](COCc1ccccc1)NC(=O)C(F)(F)C(=O)C(Cc1ccc(OCc2ccccc2)cc1)NC(=O)[C@@H](NC(=O)OCc1ccccc1)C(C)C
CHEMBL309346,CC(C)(C)NC(=O)[C@@H]1CN(C(=O)OCc2ccccc2)CCN1C[C@@H](O)[C@H](Cc1ccccc1)NC(=O)O[C@H]1CCOC1
CHEMBL301219,O=C(Nc1nc2ccccc2[nH]1)c1cccc(CN2C(=O)N(CC3CC3)[C@H](Cc3ccccc3)[C@H](O)[C@@H](O)[C@H]2Cc2ccccc2)c1
CHEMBL308574,CC(C)(C)NC(=O)[C@@H]1CN(Cc2ccncc2)CCN1C[C@@H](O)[C@H](Cc1ccccc1)NC(=O)O[C@H]1CCOC1
CHEMBL68317,COc1ccc(C[C@@H]2[C@H](O)[C@@H](O)[C@@H](Cc3ccc(OC)cc3)N(Cc3ccccc3)C(=O)N2Cc2ccccc2)cc1
CHEMBL304520,COc1ccccc1C[C@@H]1[C@H](O)[C@@H](O)[C@@H](Cc2ccccc2OC)N(CC2CC2)C(=O)N1CC1CC1
CHEMBL308694,O=C1N(Cc2ccc(CO)cc2)[C@H](Cc2ccc(F)cc2)[C@H](O)[C@@H](O)[C@@H](Cc2ccc(F)cc2)N1Cc1ccc(CO)cc1
CHEMBL69731,O=C1N(Cc2ccccc2)[C@H](CCc2ccccc2)[C@H](O)[C@@H](O)[C@@H](CCc2ccccc2)N1Cc1ccccc1
CHEMBL325815,COc1ccc(CN(C[C@H](O)[C@H](Cc2ccccc2)NC(=O)[C@H](CC(N)=O)NC(=O)c2ccc3ccccc3n2)NC(=O)C(NC(=O)OCc2ccccc2)C(C)C)cc1
CHEMBL108807,COC(=O)N[C@H](C(=O)N[C@@H](Cc1ccccc1)C(O)CN(CC(C)C)NC(=O)[C@@H](NC(=O)OC)C(C)C)C(C)C
CHEMBL302864,O=C1N(Cc2cccc(-c3nn[nH]n3)c2)[C@H](Cc2ccccc2)[C@H](O)[C@@H](O)[C@@H](Cc2ccccc2)N1Cc1cccc(-c2nn[nH]n2)c1
CHEMBL76460,CC(C)(C)NC(=O)[C@@H]1CN(C(=O)c2ccccn2)CCN1C[C@@H](O)[C@H](Cc1ccccc1)NC(=O)O[C@H]1CCOC1
CHEMBL262503,O=C1N(Cc2ccc(CO)cc2)[C@H](Cc2ccncc2)[C@H](O)[C@@H](O)[C@@H](Cc2ccncc2)N1Cc1ccc(CO)cc1
CHEMBL326913,COC(=O)N[C@H](C(=O)N[C@@H](Cc1ccccc1)C(O)CN(Cc1cccs1)NC(=O)[C@@H](NC(=O)OC)C(C)C)C(C)C
CHEMBL292631,O=C1N(Cc2cccc(C(=O)C(F)(F)F)c2)[C@H](Cc2ccccc2)[C@H](O)[C@@H](O)[C@@H](Cc2ccccc2)N1Cc1cccc(C(=O)C(F)(F)F)c1
CHEMBL444038,O=C1N(Cc2cccc(-c3c[nH]nn3)c2)[C@H](Cc2ccccc2)[C@H](O)[C@@H](O)[C@@H](Cc2ccccc2)N1Cc1cccc(-c2c[nH]nn2)c1
CHEMBL293654,O=C1N(Cc2cccc(-c3nc[nH]n3)c2)[C@H](Cc2ccccc2)[C@H](O)[C@@H](O)[C@@H](Cc2ccccc2)N1Cc1cccc(-c2nc[nH]n2)c1
CHEMBL5483011,CC(C)(C)NC(=O)[C@@H]1CN(Cc2cccnc2)CCN1C[C@@H](O)C[C@@H](Cc1ccccc1)C(=O)N[C@H]1c2ccccc2C[C@H]1O.O
CHEMBL19973,CC(C)NC(=O)C(F)(F)C(=O)C(Cc1ccc(OCc2ccccc2)cc1)NC(=O)[C@@H](NC(=O)OCc1ccccc1)C(C)C
CHEMBL75833,CC(C)[C@@H]1[C@H](OC(=O)N[C@@H](Cc2ccccc2)[C@H](O)CN2CCN(Cc3cccnc3)C[C@H]2C(=O)NC(C)(C)C)CCS1(=O)=O
CHEMBL552674,Cl.Cl.Nc1ccc(C[C@@H]2[C@H](O)[C@@H](O)[C@@H](Cc3ccc(N)cc3)N(Cc3ccccc3)C(=O)N2Cc2ccccc2)cc1
CHEMBL444047,COc1ccc(C[C@@H]2[C@H](O)[C@@H](O)[C@@H](Cc3ccc(OC)cc3)N(Cc3ccc(CO)cc3)C(=O)N2Cc2ccc(CO)cc2)cc1
CHEMBL317773,COC(=O)c1cc(OC)c2c(c1-c1c3c(c(OC)c(Br)c1C(=O)OC)OCO3)OCO2
CHEMBL291814,CCC(=O)c1cccc(CN2C(=O)N(Cc3cccc(C(=O)CC)c3)[C@H](Cc3ccccc3)[C@H](O)[C@@H](O)[C@H]2Cc2ccccc2)c1
CHEMBL305125,O=C1N(Cc2cccc(/C=N\O)c2)[C@H](Cc2ccccc2)[C@H](O)[C@@H](O)[C@@H](Cc2ccccc2)N1Cc1cccc(/C=N/O)c1
CHEMBL60370,O=C1N(Cc2cccnc2)[C@H](Cc2ccccc2)[C@H](O)[C@@H](O)[C@@H](Cc2ccccc2)N1Cc1cccc(-c2cc[nH]n2)c1
CHEMBL56387,CC(C)[C@H](NC(=O)OCc1ccccc1)C(=O)N[C@@H](Cc1ccccc1)[C@H](O)[C@@H](O)[C@@H](Cc1ccccc1)NC(=O)[C@H](NC(=O)OCc1ccccc1)C(C)C
CHEMBL57375,O=C(Nc1nccs1)c1cccc(CN2C(=O)N(Cc3cccc(C(=O)Nc4nccs4)c3)[C@H](Cc3ccccc3)[C@H](O)[C@@H](O)[C@H]2Cc2ccccc2)c1
CHEMBL70041,COc1ccc(C[C@@H]2[C@H](O)[C@@H](O)[C@@H](Cc3ccc(OC)cc3)N(CC3CC3)C(=O)N2CC2CC2)cc1
CHEMBL322995,CCOC(=O)NC(C(=O)N[C@@H](Cc1ccccc1)[C@H](O)CN(CC1CCCCC1)NC(=O)C(NC(=O)OC)C(C)C)C(C)C
CHEMBL304491,O=C1N(Cc2cccc(-c3cn[nH]c3)c2)[C@H](Cc2ccccc2)[C@H](O)[C@@H](O)[C@@H](Cc2ccccc2)N1Cc1cccc(-c2cn[nH]c2)c1
CHEMBL60352,Nc1cccc(CN2C(=O)N(Cc3cccc(-c4cc[nH]n4)c3)[C@H](Cc3ccccc3)[C@H](O)[C@@H](O)[C@H]2Cc2ccccc2)c1
CHEMBL307193,CC(C)[C@H](NC(=O)OCc1ccccc1)C(=O)N[C@@H](Cc1ccccc1)C(O)[C@H](Cc1ccccc1)NC(=O)[C@@H](NC(=O)OCc1ccccc1)C(C)C
CHEMBL261900,CC(C)(C)NS(=O)(=O)CC[C@@H]1O[C@@H]1[C@H](Cc1ccccc1)NC(=O)C(CC(N)=O)NC(=O)c1ccc2ccccc2n1
CHEMBL76338,Cc1cc(C)cc(CN2CCN(C[C@@H](O)[C@H](Cc3ccccc3)NC(=O)O[C@@H]3CCS(=O)(=O)[C@@H]3C(C)C)[C@H](C(=O)NC(C)(C)C)C2)c1
CHEMBL327087,COCCOC(=O)NC(C(=O)NC(Cc1ccccc1)C(O)CN(CC1CCCCC1)NC(=O)C(NC(=O)OC)C(C)C)C(C)C
CHEMBL323203,COC(=O)N[C@H](C(=O)N[C@@H](Cc1ccccc1)[C@H](O)CN(CC1CCCCC1)NC(=O)[C@@H](NC(C)=O)C(C)C)C(C)C
CHEMBL294582,O=C1N(Cc2cccc(CO)c2)[C@H](Cc2ccccc2)[C@H](O)[C@@H](O)[C@@H](Cc2ccccc2)N1Cc1cccc(-c2cc[nH]n2)c1
CHEMBL56117,O=C(Nc1nccs1)c1cccc(CN2C(=O)N(Cc3ccccc3)[C@H](Cc3ccccc3)[C@H](O)[C@@H](O)[C@H]2Cc2ccccc2)c1
CHEMBL20642,CC(C)C(C=O)NC(=O)C(F)(F)C(=O)C(Cc1ccc(OCc2ccccc2)cc1)NC(=O)[C@@H](NC(=O)OCc1ccccc1)C(C)C
CHEMBL324657,COC(=O)N[C@H](C(=O)N[C@@H](Cc1ccccc1)C(O)CN(Cc1ccc(O)cc1)NC(=O)[C@@H](NC(=O)OC)C(C)C)C(C)C
CHEMBL304410,CC(C)(C)C(=O)c1cccc(CN2C(=O)N(Cc3cccc(C(=O)C(C)(C)C)c3)[C@H](Cc3ccccc3)[C@H](O)[C@@H](O)[C@H]2Cc2ccccc2)c1
CHEMBL278084,CC(C)[C@H](COCc1ccccc1)NC(=O)C(F)(F)[C@@H](O)C(Cc1ccc(OCc2ccccc2)cc1)NC(=O)[C@@H](NC(=O)OCc1ccccc1)C(C)C
CHEMBL290576,O=C1N(Cc2ccccc2)[C@H](Cc2ccccc2)[C@H](O)[C@@H](O)[C@@H](Cc2ccccc2)N1Cc1ccccc1
CHEMBL262387,O=C1N(Cc2ccccc2)[C@H](Cc2ccc3ccccc3c2)[C@H](O)[C@@H](O)[C@@H](Cc2ccc3ccccc3c2)N1Cc1ccccc1
CHEMBL433497,COc1cccc(C[C@@H]2[C@H](O)[C@@H](O)[C@@H](Cc3cccc(OC)c3)N(Cc3ccc(CO)cc3)C(=O)N2Cc2ccc(CO)cc2)c1
CHEMBL38314,O=C1N(Cc2cccc(-c3cc[nH]n3)c2)[C@H](Cc2ccccc2)[C@H](O)[C@@H](O)[C@@H](Cc2ccccc2)N1Cc1cccc(-c2cc[nH]n2)c1
CHEMBL64300,COC(=O)c1cccc(CN2C(=O)N(Cc3cccc(-c4cc[nH]n4)c3)[C@H](Cc3ccccc3)[C@H](O)[C@@H](O)[C@H]2Cc2ccccc2)c1
CHEMBL431306,O=C1N(CC2CC2)[C@H](Cc2ccccc2)[C@H](O)[C@@H](O)[C@@H](Cc2ccccc2)N1CC1CC1
CHEMBL313237,CCN(c1ccccc1)S(=O)(=O)CC[C@@H]1O[C@@H]1[C@H](Cc1ccccc1)NC(=O)[C@@H](NC(=O)c1ccc2ccccc2n1)C(C)(C)S(C)(=O)=O
CHEMBL304327,COc1cccc(C[C@@H]2[C@H](O)[C@@H](O)[C@@H](Cc3cccc(OC)c3)N(Cc3ccccc3)C(=O)N2Cc2ccccc2)c1
CHEMBL67813,O=C1N(CC2CC2)[C@H](Cc2cccs2)[C@H](O)[C@@H](O)[C@@H](Cc2cccs2)N1CC1CC1
CHEMBL294331,O=Cc1cccc(CN2C(=O)N(Cc3cccc(C=O)c3)[C@H](Cc3ccccc3)[C@H](O)[C@@H](O)[C@H]2Cc2ccccc2)c1
CHEMBL291621,O=C1N(Cc2cccc(-c3c[nH]cn3)c2)[C@H](Cc2ccccc2)[C@H](O)[C@@H](O)[C@@H](Cc2ccccc2)N1Cc1cccc(-c2c[nH]cn2)c1
CHEMBL11266,O=C(Nc1nc2ccccc2[nH]1)c1cccc(CN2C(=O)N(Cc3cccc(C(=O)Nc4nc5ccccc5[nH]4)c3)[C@H](Cc3ccccc3)[C@H](O)[C@@H](O)[C@H]2Cc2ccccc2)c1
CHEMBL305228,O=C1N(Cc2ccccc2)[C@H](Cc2ccc(O)cc2)[C@H](O)[C@@H](O)[C@@H](Cc2ccc(O)cc2)N1Cc1ccccc1
CHEMBL68904,COc1cccc(C[C@@H]2[C@H](O)[C@@H](O)[C@@H](Cc3cccc(OC)c3)N(CC3CC3)C(=O)N2CC2CC2)c1
CHEMBL66007,O=C1N(Cc2ccccc2)[C@H](Cc2ccoc2)[C@H](O)[C@@H](O)[C@@H](Cc2ccoc2)N1Cc1ccccc1
CHEMBL308695,O=C1N(Cc2ccc(CO)cc2)[C@H](CC2CCCCC2)[C@H](O)[C@@H](O)[C@@H](CC2CCCCC2)N1Cc1ccc(CO)cc1
CHEMBL431762,O=C1N(Cc2ccc(CO)cc2)[C@H](Cc2ccc(F)c(F)c2)[C@H](O)[C@@H](O)[C@@H](Cc2ccc(F)c(F)c2)N1Cc1ccc(CO)cc1
CHEMBL323161,COC(=O)N[C@H](C(=O)N[C@@H](Cc1ccccc1)C(O)CN(Cc1ccc(C#N)cc1)NC(=O)[C@@H](NC(=O)OC)C(C)C)C(C)C
CHEMBL110557,CCOC(=O)NC(C(=O)NN(CC1CCCCC1)C[C@H](O)[C@H](Cc1ccccc1)NC(=O)[C@H](CC(N)=O)NC(=O)c1ccc2ccccc2n1)C(C)C
CHEMBL291677,O=C(Nc1ncc[nH]1)c1cccc(CN2C(=O)N(Cc3cccc(C(=O)Nc4ncc[nH]4)c3)[C@H](Cc3ccccc3)[C@H](O)[C@@H](O)[C@H]2Cc2ccccc2)c1
CHEMBL116,CC(C)CN(C[C@@H](O)[C@H](Cc1ccccc1)NC(=O)O[C@H]1CCOC1)S(=O)(=O)c1ccc(N)cc1
CHEMBL328036,CCN(c1ccccc1)S(=O)(=O)CC[C@@H]1O[C@@H]1[C@H](Cc1ccccc1)NC(=O)[C@@H](NC(=O)OCc1ccccc1)C(C)(C)S(C)(=O)=O
CHEMBL303035,O=C1N(CC2CC2)[C@H](Cc2ccc3ccccc3c2)[C@H](O)[C@@H](O)[C@@H](Cc2ccc3ccccc3c2)N1CC1CC1
CHEMBL280464,COC(=O)N[C@H](C(=O)N[C@@H](Cc1ccccc1)C(O)CN(Cc1ccc(C(F)(F)F)cc1)NC(=O)[C@@H](NC(=O)OC)C(C)C)C(C)C
CHEMBL323425,C=CCOC(=O)NC(C(=O)N[C@@H](Cc1ccccc1)[C@H](O)CN(CC1CCCCC1)NC(=O)C(NC(=O)OCC=C)C(C)C)C(C)C
CHEMBL289473,CC(=O)c1cccc(CN2C(=O)N(Cc3cccc(C(C)=O)c3)[C@H](Cc3ccccc3)[C@H](O)[C@@H](O)[C@H]2Cc2ccccc2)c1
CHEMBL304713,O=C(NCCN1CCOCC1)c1cccc(CN2C(=O)N(Cc3cccc(-c4cc[nH]n4)c3)[C@H](Cc3ccccc3)[C@H](O)[C@@H](O)[C@H]2Cc2ccccc2)c1
CHEMBL19752,CC(C)[C@H](COCc1ccccc1)NC(=O)C(F)(F)[C@H](O)C(Cc1ccc(OCc2ccccc2)cc1)NC(=O)[C@@H](NC(=O)OCc1ccccc1)C(C)C
CHEMBL283537,CC(C)[C@H](NC(=O)OCc1ccccc1)C(=O)NC(Cc1ccc(OCc2ccccc2)cc1)C(=O)C(F)(F)C(=O)N[C@@H](COCc1ccccc1)c1ccccc1
CHEMBL74629,CC(C)(C)NC(=O)[C@@H]1CN(Cc2ccccc2)CCN1C[C@@H](O)[C@H](Cc1ccccc1)NC(=O)O[C@H]1CCOC1
CHEMBL72784,CC(C)(C)NC(=O)[C@@H]1CN(CCCc2ccccc2)CCN1C[C@@H](O)[C@H](Cc1ccccc1)NC(=O)O[C@H]1CCOC1
CHEMBL308845,CC(C)[C@@H]1[C@H](OC(=O)N[C@@H](Cc2ccccc2)[C@H](O)CN2CCN(Cc3cc(Cl)cc(Cl)c3)C[C@H]2C(=O)NC(C)(C)C)CCS1(=O)=O
CHEMBL433123,CC(C)[C@@H]1[C@H](O)[C@@H](O)[C@@H](C(C)C)N(CC2CC2)C(=O)N1CC1CC1
CHEMBL21145,O=C1N(Cc2ccc(CO)cc2)[C@H](Cc2ccccc2)[C@H](O)[C@@H](O)[C@@H](Cc2ccccc2)N1Cc1ccc(CO)cc1
CHEMBL262702,CC(C)[C@H](COCc1ccccc1)NC(=O)C(F)(F)C(=O)C(Cc1ccc(OCc2ccccc2)cc1)NC(=O)[C@H](NC(=O)OCc1ccccc1)C(C)C
CHEMBL89076,CCN(C(C)C)S(=O)(=O)CC[C@@H]1O[C@@H]1[C@H](Cc1ccccc1)NC(=O)[C@@H](NC(=O)c1ccc2ccccc2n1)C(C)(C)S(C)(=O)=O
CHEMBL92097,CCN(CC(C)C)S(=O)(=O)CC[C@@H]1O[C@@H]1[C@H](Cc1ccccc1)NC(=O)[C@@H](NC(=O)OCc1ccccc1)C(C)(C)S(C)(=O)=O
CHEMBL308837,CC(C)(C)NC(=O)[C@@H]1CN(C(=O)c2ccncc2)CCN1C[C@@H](O)[C@H](Cc1ccccc1)NC(=O)O[C@H]1CCOC1
CHEMBL70210,COc1cc(C[C@@H]2[C@H](O)[C@@H](O)[C@@H](Cc3cc(OC)cc(OC)c3)N(CC3CC3)C(=O)N2CC2CC2)cc(OC)c1
CHEMBL69743,CC(C)C[C@@H]1[C@H](O)[C@@H](O)[C@@H](CC(C)C)N(Cc2ccc(CO)cc2)C(=O)N1Cc1ccc(CO)cc1
CHEMBL73225,CC(C)c1ccc(C[C@@H]2[C@H](O)[C@@H](O)[C@@H](Cc3ccc(C(C)C)cc3)N(Cc3ccccc3)C(=O)N2Cc2ccccc2)cc1
CHEMBL309582,CC(C)[C@@H]1[C@H](OC(=O)N[C@@H](Cc2ccccc2)[C@H](O)CN2CCN(Cc3cccc(O)c3)C[C@H]2C(=O)NC(C)(C)C)CCS1(=O)=O
CHEMBL434019,O=C1N(Cc2cccc(-c3ncc[nH]3)c2)[C@H](Cc2ccccc2)[C@H](O)[C@@H](O)[C@@H](Cc2ccccc2)N1Cc1cccc(-c2ncc[nH]2)c1
CHEMBL223824,Nc1cccc(CN2C(=O)N(Cc3cccc(N)c3)[C@H](Cc3ccccc3)[C@H](O)[C@@H](O)[C@H]2Cc2ccccc2)c1
CHEMBL68793,O=C1N(Cc2ccccc2)[C@H](Cc2ccccc2O)[C@H](O)[C@@H](O)[C@@H](Cc2ccccc2O)N1Cc1ccccc1
CHEMBL107559,CCOC(=O)NC(C(=O)NN(CC1CCCCC1)C[C@@H](O)[C@H](Cc1ccccc1)NC(=O)C(NC(=O)OC)C(C)C)C(C)C
CHEMBL292043,O=C1N[C@H](Cc2ccccc2)[C@H](O)[C@@H](O)[C@@H](Cc2ccccc2)N1Cc1cccc(-c2cc[nH]n2)c1
CHEMBL412862,O=C(Nc1ncc[nH]1)c1cccc(CN2C(=O)N(CC3CC3)[C@H](Cc3ccccc3)[C@H](O)[C@@H](O)[C@H]2Cc2ccccc2)c1
CHEMBL280358,CC(C)C[C@H](COCc1ccccc1)NC(=O)C(F)(F)C(=O)C(Cc1ccc(OCc2ccccc2)cc1)NC(=O)[C@@H](NC(=O)OCc1ccccc1)C(C)C
CHEMBL72487,CC(C)[C@@H]1[C@H](OC(=O)N[C@@H](Cc2ccccc2)[C@H](O)CN2CCN(Cc3ccncc3)C[C@H]2C(=O)NC(C)(C)C)CCS1(=O)=O
CHEMBL303151,CN(C)c1ccc(C[C@@H]2[C@H](O)[C@@H](O)[C@@H](Cc3ccc(N(C)C)cc3)N(Cc3ccccc3)C(=O)N2Cc2ccccc2)cc1
CHEMBL57707,CCCCN1C(=O)N(Cc2cccc(C(=O)Nc3ncc[nH]3)c2)[C@H](Cc2ccccc2)[C@H](O)[C@@H](O)[C@H]1Cc1ccccc1
CHEMBL74862,CC(C)(C)NC(=O)[C@@H]1CN(Cc2ccccc2O)CCN1C[C@@H](O)[C@H](Cc1ccccc1)NC(=O)O[C@H]1CCOC1
CHEMBL108429,COCCOC(=O)NC(C(=O)N[C@@H](Cc1ccccc1)[C@H](O)CN(CC1CCCCC1)NC(=O)C(NC(=O)OCCOC)C(C)C)C(C)C
CHEMBL431174,C/C(=N/O)c1cccc(CN2C(=O)N(Cc3cccc(/C(C)=N/O)c3)[C@H](Cc3ccccc3)[C@H](O)[C@@H](O)[C@H]2Cc2ccccc2)c1
CHEMBL21145,O=C1N(Cc2ccc(CO)cc2)[C@H](Cc2ccccc2)[C@H](O)[C@@H](O)[C@@H](Cc2ccccc2)N1Cc1ccc(CO)cc1
CHEMBL443792,Nc1cccc(C[C@@H]2[C@H](O)[C@@H](O)[C@@H](Cc3cccc(N)c3)N(Cc3ccccc3)C(=O)N2Cc2ccccc2)c1
CHEMBL321165,COC(=O)N[C@H](C(=O)N[C@@H](Cc1ccccc1)C(O)CN(Cc1ccc(OC)cc1)NC(=O)[C@@H](NC(=O)OC)C(C)C)C(C)C
CHEMBL322119,COC(=O)NC(C(=O)NN(CC1CCCCC1)C[C@H](O)[C@H](Cc1ccccc1)NC(=O)[C@H](CC(N)=O)NC(=O)c1ccc2ccccc2n1)C(C)C
CHEMBL15705,CC(C)[C@H](NC(=O)OCc1ccccc1)C(=O)NC(Cc1ccc(OCc2ccccc2)cc1)C(=O)C(F)(F)C(=O)NCc1ccccc1
CHEMBL20135,CC(C)[C@H](CCc1ccccc1)NC(=O)C(F)(F)C(=O)C(Cc1ccc(OCc2ccccc2)cc1)NC(=O)[C@@H](NC(=O)OCc1ccccc1)C(C)C
CHEMBL327222,CCN(C(C)C)S(=O)(=O)CC[C@@H]1O[C@@H]1[C@H](Cc1ccccc1)NC(=O)[C@@H](NC(=O)c1cccs1)C(C)(C)S(C)(=O)=O
CHEMBL304153,O=C1N(Cc2ccccc2)[C@H](Cc2ccncc2)[C@H](O)[C@@H](O)[C@@H](Cc2ccncc2)N1Cc1ccccc1
CHEMBL431306,O=C1N(CC2CC2)[C@H](Cc2ccccc2)[C@H](O)[C@@H](O)[C@@H](Cc2ccccc2)N1CC1CC1
CHEMBL111259,CC(C)C(NC(=O)OCc1ccccc1)C(=O)NN(CC1CCCCC1)C[C@H](O)[C@H](Cc1ccccc1)NC(=O)[C@H](CC(N)=O)NC(=O)c1ccc2ccccc2n1
CHEMBL294295,O=C1N(Cc2cccc(/C(=N/O)C(F)(F)F)c2)[C@H](Cc2ccccc2)[C@H](O)[C@@H](O)[C@@H](Cc2ccccc2)N1Cc1cccc(/C(=N\O)C(F)(F)F)c1
CHEMBL61173,O=C1N(Cc2ccc(O)cc2)[C@H](Cc2ccccc2)[C@H](O)[C@@H](O)[C@@H](Cc2ccccc2)N1Cc1cccc(-c2cc[nH]n2)c1
CHEMBL292905,O=C(Nc1ncc[nH]1)c1cccc(CN2C(=O)N(Cc3ccccc3)[C@H](Cc3ccccc3)[C@H](O)[C@@H](O)[C@H]2Cc2ccccc2)c1
CHEMBL280398,CC(C)[C@H](NC(=O)OCc1ccccc1)C(=O)NC(Cc1ccc(OCc2ccccc2)cc1)C(=O)C(F)(F)C(=O)N[C@H](COCc1ccccc1)C(C)C
CHEMBL324398,COC(=O)N[C@H](C(=O)N[C@@H](Cc1ccccc1)C(O)CN(CCC(C)C)NC(=O)[C@@H](NC(=O)OC)C(C)C)C(C)C
CHEMBL320343,COCCOCCOC(=O)NC(C(=O)N[C@@H](Cc1ccccc1)[C@H](O)CN(CC1CCCCC1)NC(=O)C(NC(=O)OCCOCCOC)C(C)C)C(C)C
CHEMBL326025,COCCOC(=O)NC(C(=O)NN(CC1CCCCC1)C[C@@H](O)[C@H](Cc1ccccc1)NC(=O)C(NC(=O)OC)C(C)C)C(C)C
CHEMBL325778,CC(C)CN(C[C@H](O)[C@H](Cc1ccccc1)NC(=O)[C@H](CC(N)=O)NC(=O)c1ccc2ccccc2n1)NC(=O)C(NC(=O)OCc1ccccc1)C(C)C
CHEMBL310485,CC(C)[C@@H]1[C@H](OC(=O)N[C@@H](Cc2ccccc2)[C@H](O)CN2CCN(Cc3ccc4ccccc4c3)C[C@H]2C(=O)NC(C)(C)C)CCS1(=O)=O
CHEMBL55586,Cc1cc(CN2CCN(C[C@@H](O)[C@H](Cc3ccccc3)NC(=O)O[C@@H]3CCS(=O)(=O)[C@@H]3C(C)C)[C@H](C(=O)NC(C)(C)C)C2)cc(Cl)n1
CHEMBL321429,CCOC(=O)NC(C(=O)N[C@@H](Cc1ccccc1)[C@H](O)CN(CC1CCCCC1)NC(=O)C(NC(=O)OCCOC)C(C)C)C(C)C
CHEMBL114,CC(C)(C)NC(=O)[C@@H]1C[C@@H]2CCCC[C@@H]2CN1C[C@@H](O)[C@H](Cc1ccccc1)NC(=O)[C@H](CC(N)=O)NC(=O)c1ccc2ccccc2n1
CHEMBL103217,COC(=O)c1c(Br)c(OC)c2c(c1-c1c3c(c(OC)c(Br)c1C(=O)OC)OCO3)OCO2
CHEMBL223824,Nc1cccc(CN2C(=O)N(Cc3cccc(N)c3)[C@H](Cc3ccccc3)[C@H](O)[C@@H](O)[C@H]2Cc2ccccc2)c1
CHEMBL163,CC(C)c1nc(CN(C)C(=O)N[C@H](C(=O)N[C@@H](Cc2ccccc2)C[C@H](O)[C@H](Cc2ccccc2)NC(=O)OCc2cncs2)C(C)C)cs1
CHEMBL328956,CC(C)(C)NS(=O)(=O)CC[C@@H]1O[C@@H]1[C@H](Cc1ccccc1)NC(=O)[C@@H](NC(=O)OCc1ccccc1)C(C)(C)S(C)(=O)=O
CHEMBL74699,CC(C)(C)NC(=O)[C@@H]1CN(Cc2ccc(O)cc2)CCN1C[C@@H](O)[C@H](Cc1ccccc1)NC(=O)O[C@H]1CCOC1
CHEMBL68086,CS(=O)(=O)c1ccc(C[C@@H]2[C@H](O)[C@@H](O)[C@@H](Cc3ccc(S(C)(=O)=O)cc3)N(Cc3ccccc3)C(=O)N2Cc2ccccc2)cc1
CHEMBL304108,COc1ccccc1C[C@@H]1[C@H](O)[C@@H](O)[C@@H](Cc2ccccc2OC)N(Cc2ccccc2)C(=O)N1Cc1ccccc1
CHEMBL431552,Cc1ccc(C)n1-c1cccc(C[C@@H]2[C@H](O)[C@@H](O)[C@@H](Cc3cccc(-n4c(C)ccc4C)c3)N(Cc3ccccc3)C(=O)N2Cc2ccccc2)c1
CHEMBL431702,O=C1N(Cc2ccccc2)[C@H](Cc2ccc3c(c2)OCO3)[C@H](O)[C@@H](O)[C@@H](Cc2ccc3c(c2)OCO3)N1Cc1ccccc1
CHEMBL303422,O=C1N(CC2CC2)[C@H](Cc2ccc(F)cc2)[C@H](O)[C@@H](O)[C@@H](Cc2ccc(F)cc2)N1CC1CC1
CHEMBL69632,O=C1N(Cc2ccccc2)[C@H](CC2CCCCC2)[C@H](O)[C@@H](O)[C@@H](CC2CCCCC2)N1Cc1ccccc1
CHEMBL421488,CSc1cccc(C[C@@H]2[C@H](O)[C@@H](O)[C@@H](Cc3cccc(SC)c3)N(Cc3ccccc3)C(=O)N2Cc2ccccc2)c1
CHEMBL302585,CN(C)c1cccc(C[C@@H]2[C@H](O)[C@@H](O)[C@@H](Cc3cccc(N(C)C)c3)N(Cc3ccccc3)C(=O)N2Cc2ccccc2)c1
CHEMBL69746,O=C1N(CC2CC2)[C@H](Cc2cccc(O)c2)[C@H](O)[C@@H](O)[C@@H](Cc2cccc(O)c2)N1CC1CC1
CHEMBL322716,COC(=O)N[C@H](C(=O)N[C@@H](Cc1ccccc1)C(O)CN(CC1CCCCC1)NC(=O)[C@@H](NC(=O)OC)C(C)C)C(C)C
CHEMBL324377,COC(=O)N[C@H](C(=O)N[C@@H](Cc1ccccc1)C(O)CN(Cc1ccc(C)cc1)NC(=O)[C@@H](NC(=O)OC)C(C)C)C(C)C
CHEMBL325561,COC(=O)N[C@H](C(=O)N[C@@H](Cc1ccccc1)C(O)CN(Cc1ccc(OC)c(OC)c1OC)NC(=O)[C@@H](NC(=O)OC)C(C)C)C(C)C
CHEMBL324630,COC(=O)NC(C(=O)NN(CC(C)C)C[C@H](O)[C@H](Cc1ccccc1)NC(=O)[C@H](CC(N)=O)NC(=O)c1ccc2ccccc2n1)C(C)C
CHEMBL304411,CCCC(=O)c1cccc(CN2C(=O)N(Cc3cccc(C(=O)CCC)c3)[C@H](Cc3ccccc3)[C@H](O)[C@@H](O)[C@H]2Cc2ccccc2)c1
CHEMBL303128,CC/C(=N/O)c1cccc(CN2C(=O)N(Cc3cccc(/C(CC)=N/O)c3)[C@H](Cc3ccccc3)[C@H](O)[C@@H](O)[C@H]2Cc2ccccc2)c1
CHEMBL264739,CC(C)CNC(=O)C(F)(F)C(=O)C(Cc1ccc(OCc2ccccc2)cc1)NC(=O)[C@@H](NC(=O)OCc1ccccc1)C(C)C
CHEMBL404933,CC(C)N(C(=O)c1ccccc1)S(=O)(=O)CC[C@@H]1O[C@@H]1[C@H](Cc1ccccc1)NC(=O)[C@@H](NC(=O)OCc1ccccc1)C(C)(C)S(C)(=O)=O
CHEMBL432252,CCOC(=O)NC(C(=O)N[C@@H](Cc1ccccc1)[C@H](O)CN(CC1CCCCC1)NC(=O)C(NC(=O)OCC)C(C)C)C(C)C
CHEMBL107701,CCOC(=O)NC(C(=O)NN(CC1CCCCC1)C[C@@H](O)[C@H](Cc1ccccc1)NC(=O)C(NC(=O)OCCOC)C(C)C)C(C)C
CHEMBL292858,CCC/C(=N/O)c1cccc(CN2C(=O)N(Cc3cccc(/C(CCC)=N/O)c3)[C@H](Cc3ccccc3)[C@H](O)[C@@H](O)[C@H]2Cc2ccccc2)c1
CHEMBL3706623,O=C(N[C@H]1c2ccccc2OC[C@H]1O)[C@H](Cc1ccccc1)C[C@H](O)CN1CCN(Cc2ccc(-c3cccnc3)o2)C[C@H]1C(=O)NCC(F)(F)F
CHEMBL3706623,O=C(N[C@H]1c2ccccc2OC[C@H]1O)[C@H](Cc1ccccc1)C[C@H](O)CN1CCN(Cc2ccc(-c3cccnc3)o2)C[C@H]1C(=O)NCC(F)(F)F
CHEMBL3706623,O=C(N[C@H]1c2ccccc2OC[C@H]1O)[C@H](Cc1ccccc1)C[C@H](O)CN1CCN(Cc2ccc(-c3cccnc3)o2)C[C@H]1C(=O)NCC(F)(F)F
CHEMBL323043,Nc1cccc(CN2C(=O)N(Cc3ccc4[nH]nc(-c5ccsc5)c4c3)[C@H](Cc3ccccc3)[C@H](O)[C@@H](O)[C@H]2Cc2ccccc2)c1
CHEMBL109377,Nc1cccc(CN2C(=O)N(Cc3ccc4[nH]nc(-c5cccc(N)c5)c4c3)[C@H](Cc3ccccc3)[C@H](O)[C@@H](O)[C@H]2Cc2ccccc2)c1
CHEMBL5483011,CC(C)(C)NC(=O)[C@@H]1CN(Cc2cccnc2)CCN1C[C@@H](O)C[C@@H](Cc1ccccc1)C(=O)N[C@H]1c2ccccc2C[C@H]1O.O
CHEMBL5483011,CC(C)(C)NC(=O)[C@@H]1CN(Cc2cccnc2)CCN1C[C@@H](O)C[C@@H](Cc1ccccc1)C(=O)N[C@H]1c2ccccc2C[C@H]1O.O
CHEMBL5483011,CC(C)(C)NC(=O)[C@@H]1CN(Cc2cccnc2)CCN1C[C@@H](O)C[C@@H](Cc1ccccc1)C(=O)N[C@H]1c2ccccc2C[C@H]1O.O
CHEMBL5483011,CC(C)(C)NC(=O)[C@@H]1CN(Cc2cccnc2)CCN1C[C@@H](O)C[C@@H](Cc1ccccc1)C(=O)N[C@H]1c2ccccc2C[C@H]1O.O
CHEMBL37383,CC(C)(C)NC(=O)[C@@H]1CN(Cc2ccc(Cl)c(Cl)c2)CCN1C[C@@H](O)C[C@@H](Cc1ccccc1)C(=O)N[C@H]1c2ccccc2C[C@H]1O
CHEMBL285836,CC(C)CN1CC(O)(CNC(=O)[C@H]2N[C@@H]([C@H](NC(=O)Cc3ccccc3)C(=O)NCc3ccccc3)SC2(C)C)C[C@H]1C(=O)NC(C)(C)C
CHEMBL3706619,O=C(N[C@H]1c2ccccc2OC[C@H]1O)[C@H](Cc1ccccc1)C[C@H](O)CN1CCN(Cc2ccc(-c3ccccn3)o2)C[C@H]1C(=O)NCC(F)(F)F
CHEMBL3706619,O=C(N[C@H]1c2ccccc2OC[C@H]1O)[C@H](Cc1ccccc1)C[C@H](O)CN1CCN(Cc2ccc(-c3ccccn3)o2)C[C@H]1C(=O)NCC(F)(F)F
CHEMBL3706619,O=C(N[C@H]1c2ccccc2OC[C@H]1O)[C@H](Cc1ccccc1)C[C@H](O)CN1CCN(Cc2ccc(-c3ccccn3)o2)C[C@H]1C(=O)NCC(F)(F)F
CHEMBL3706619,O=C(N[C@H]1c2ccccc2OC[C@H]1O)[C@H](Cc1ccccc1)C[C@H](O)CN1CCN(Cc2ccc(-c3ccccn3)o2)C[C@H]1C(=O)NCC(F)(F)F
CHEMBL163,CC(C)c1nc(CN(C)C(=O)N[C@H](C(=O)N[C@@H](Cc2ccccc2)C[C@H](O)[C@H](Cc2ccccc2)NC(=O)OCc2cncs2)C(C)C)cs1
CHEMBL82422,Nc1cccc(CN2C(=O)N(Cc3ccc4[nH]ncc4c3)[C@H](Cc3ccccc3)[C@H](O)[C@@H](O)[C@H]2Cc2ccccc2)c1
CHEMBL3706620,CC(C)(c1ccc(-c2ccncc2)o1)N1CCN(C[C@@H](O)C[C@@H](Cc2ccccc2)C(=O)N[C@H]2c3ccccc3OC[C@H]2O)[C@H](C(=O)NCC(F)(F)F)C1
CHEMBL3706620,CC(C)(c1ccc(-c2ccncc2)o1)N1CCN(C[C@@H](O)C[C@@H](Cc2ccccc2)C(=O)N[C@H]2c3ccccc3OC[C@H]2O)[C@H](C(=O)NCC(F)(F)F)C1
CHEMBL3706620,CC(C)(c1ccc(-c2ccncc2)o1)N1CCN(C[C@@H](O)C[C@@H](Cc2ccccc2)C(=O)N[C@H]2c3ccccc3OC[C@H]2O)[C@H](C(=O)NCC(F)(F)F)C1
CHEMBL3706620,CC(C)(c1ccc(-c2ccncc2)o1)N1CCN(C[C@@H](O)C[C@@H](Cc2ccccc2)C(=O)N[C@H]2c3ccccc3OC[C@H]2O)[C@H](C(=O)NCC(F)(F)F)C1
CHEMBL323449,Nc1cccc(CN2C(=O)N(Cc3ccc4[nH]nc(-c5ccc(C(F)(F)F)cc5)c4c3)[C@H](Cc3ccccc3)[C@H](O)[C@@H](O)[C@H]2Cc2ccccc2)c1
CHEMBL108932,COc1ccc(-c2[nH]nc3ccc(CN4C(=O)N(Cc5cccc(N)c5)[C@H](Cc5ccccc5)[C@H](O)[C@@H](O)[C@H]4Cc4ccccc4)cc23)cc1
CHEMBL107817,Nc1cccc(CN2C(=O)N(Cc3ccc4[nH]nc(-c5cc[nH]n5)c4c3)[C@H](Cc3ccccc3)[C@H](O)[C@@H](O)[C@H]2Cc2ccccc2)c1
CHEMBL322991,Nc1cccc(CN2C(=O)N(Cc3ccc4[nH]nc(-c5ccc(F)cc5)c4c3)[C@H](Cc3ccccc3)[C@H](O)[C@@H](O)[C@H]2Cc2ccccc2)c1
CHEMBL432101,CC(C)(C)NC(=O)[C@@H]1CN(S(C)(=O)=O)CCN1C[C@@H](O)C[C@@H](Cc1ccccc1)C(=O)N[C@H]1c2ccccc2C[C@H]1O
CHEMBL289409,CC(C)CN1CC(O)(CNC(=O)[C@@H]2N[C@@H]([C@H](NC(=O)Cc3ccccc3)C(=O)NCc3ccccc3)SC2(C)C)C[C@H]1C(=O)NC(C)(C)C
CHEMBL79236,CC(C)(c1cc2cnccc2o1)N1CCN(C[C@@H](O)C[C@@H](Cc2ccccc2)C(=O)N[C@H]2c3ccccc3OC[C@H]2O)[C@H](C(=O)NCC(F)(F)F)C1
CHEMBL79236,CC(C)(c1cc2cnccc2o1)N1CCN(C[C@@H](O)C[C@@H](Cc2ccccc2)C(=O)N[C@H]2c3ccccc3OC[C@H]2O)[C@H](C(=O)NCC(F)(F)F)C1
CHEMBL79236,CC(C)(c1cc2cnccc2o1)N1CCN(C[C@@H](O)C[C@@H](Cc2ccccc2)C(=O)N[C@H]2c3ccccc3OC[C@H]2O)[C@H](C(=O)NCC(F)(F)F)C1
CHEMBL79236,CC(C)(c1cc2cnccc2o1)N1CCN(C[C@@H](O)C[C@@H](Cc2ccccc2)C(=O)N[C@H]2c3ccccc3OC[C@H]2O)[C@H](C(=O)NCC(F)(F)F)C1
CHEMBL5483011,CC(C)(C)NC(=O)[C@@H]1CN(Cc2cccnc2)CCN1C[C@@H](O)C[C@@H](Cc1ccccc1)C(=O)N[C@H]1c2ccccc2C[C@H]1O.O
CHEMBL107648,Nc1cccc(CN2C(=O)N(Cc3ccc4[nH]nc(-c5cccc(C(F)(F)F)c5)c4c3)[C@H](Cc3ccccc3)[C@H](O)[C@@H](O)[C@H]2Cc2ccccc2)c1
CHEMBL321669,COc1cccc(-c2[nH]nc3ccc(CN4C(=O)N(Cc5cccc(N)c5)[C@H](Cc5ccccc5)[C@H](O)[C@@H](O)[C@H]4Cc4ccccc4)cc23)c1
CHEMBL114756,O=C(N[C@H]1c2ccccc2OC[C@H]1O)[C@H](Cc1ccccc1)C[C@H](O)CN1CCN(Cc2ccc(-c3ccncc3)o2)C[C@H]1C(=O)NCC(F)(F)F
CHEMBL114756,O=C(N[C@H]1c2ccccc2OC[C@H]1O)[C@H](Cc1ccccc1)C[C@H](O)CN1CCN(Cc2ccc(-c3ccncc3)o2)C[C@H]1C(=O)NCC(F)(F)F
CHEMBL114756,O=C(N[C@H]1c2ccccc2OC[C@H]1O)[C@H](Cc1ccccc1)C[C@H](O)CN1CCN(Cc2ccc(-c3ccncc3)o2)C[C@H]1C(=O)NCC(F)(F)F
CHEMBL114756,O=C(N[C@H]1c2ccccc2OC[C@H]1O)[C@H](Cc1ccccc1)C[C@H](O)CN1CCN(Cc2ccc(-c3ccncc3)o2)C[C@H]1C(=O)NCC(F)(F)F
CHEMBL108498,Nc1cccc(CN2C(=O)N(Cc3ccc4[nH]nc(-c5cccs5)c4c3)[C@H](Cc3ccccc3)[C@H](O)[C@@H](O)[C@H]2Cc2ccccc2)c1
CHEMBL1790592,CC(C)c1c[nH]c([C@H](Cc2ccccc2)C[C@H](O)[C@H](Cc2ccccc2)NC(=O)[C@@H](NC(=O)OCc2ccccc2)[C@H](C)O)n1
CHEMBL1790517,CC[C@H](C)[C@H](NC(=O)[C@H](C(C)C)[C@@H](O)[C@H](O)[C@H](CC1CCCCC1)NC(=O)c1ccccc1)C(=O)NCc1nc2ccccc2[nH]1
CHEMBL320321,CC(C)[C@H](NC(=O)N1CCN(Cc2ccccc2)CC1)C(=O)N[C@@H](Cc1ccccc1)[C@@H](O)[C@@H](O)[C@H](Cc1ccccc1)NC(=O)[C@H](NC(=O)N1CCN(Cc2ccccc2)CC1)C(C)C
CHEMBL331595,CCC(Cc1ccccc1)c1cc(O)c(C(c2cccc(NC(=O)[C@H](Cc3cn(S(=O)(=O)c4ccc(C)cc4)cn3)NC(=O)OC(C)(C)C)c2)C2CC2)c(=O)o1
CHEMBL81517,CC(C)c1c[nH]c([C@H](Cc2ccccc2)C[C@H](O)[C@H](Cc2ccccc2)NC(=O)[C@@H](NC=O)C(C)C)n1
CHEMBL121000,CC(C)(C)OC(=O)NCCC(=O)Nc1cccc(C(c2c(O)oc3ccccc3c2=O)C2CC2)c1
CHEMBL2062136,N#Cc1ccc(S(=O)(=O)Nc2cccc(C(c3c(O)c4c(oc3=O)CCCCCC4)C3CC3)c2)cc1
CHEMBL306297,CCNS(=O)(=O)Oc1cc(C(C)(C)C)c(SC2=C(O)OC(CCc3ccc(O)cc3)(C3CCCCC3)CC2=O)cc1C
CHEMBL331363,CC(C)[C@H](NC(=O)N(C)Cc1cccnc1)C(=O)N[C@@H](Cc1ccccc1)[C@@H](O)[C@@H](O)[C@H](Cc1ccccc1)NC(=O)[C@H](NC(=O)N(C)Cc1cccnc1)C(C)C
CHEMBL323955,CC(C)[C@H](NC(=O)N(C)CCc1ccccn1)C(=O)N[C@@H](Cc1ccccc1)[C@@H](O)[C@H](O)[C@H](Cc1ccccc1)NC(=O)[C@H](NC(=O)N(C)CCc1ccccn1)C(C)C
CHEMBL411507,CC(C)[C@H](NC(=O)N1CCN(C)CC1)C(=O)N[C@@H](Cc1ccccc1)[C@@H](O)[C@H](Cc1ccccc1)NC(=O)[C@H](NC(=O)OCc1ccccc1)C(C)C
CHEMBL322939,CC(C)[C@H](NS(=O)(=O)CCc1ccncc1)C(=O)N[C@@H](Cc1ccccc1)[C@@H](O)[C@H](O)[C@H](Cc1ccccc1)NC(=O)[C@H](NS(=O)(=O)CCc1ccncc1)C(C)C
CHEMBL5290878,CCC(c1cccc(NC(=O)CNC(=O)OC(C)(C)C)c1)c1c(O)c2ccccc2oc1=O
CHEMBL138828,CC(C)(C)OC(=O)N[C@@H](Cc1ccccc1)[C@@H](O)C[C@@H](Cc1ccccc1)C(=O)NC1c2ccccc2C(O)[C@@H]1O
CHEMBL430437,CC(C)c1c[nH]c([C@H](Cc2ccccc2)C[C@H](O)[C@H](Cc2ccccc2)NC(=O)[C@@H](NC(=O)OC(C)(C)C)C(C)C)n1
CHEMBL112186,CC(C)[C@H](NC(=O)OCc1cccnc1)C(=O)N[C@@H](Cc1ccccc1)C(O)[C@H](Cc1ccccc1)NC(=O)[C@H](NC(=O)OCc1cccnc1)C(C)C
CHEMBL304805,CC(C)C[C@@]1(C2=C(O)[C@](Cc3ccccc3)(C[C@H](O)[C@H](Cc3ccccc3)NC(=O)O[C@@H]3CCOC3)N=C2)N=CC([C@@H](Cc2ccccc2)C(N)=O)=C1O
CHEMBL322964,CC(C)[C@H](NC(=O)N1CCOCC1)C(=O)N[C@@H](Cc1ccccc1)[C@H](O)[C@H](O)[C@H](Cc1ccccc1)NC(=O)[C@H](NC(=O)N1CCOCC1)C(C)C
CHEMBL139804,Cc1ccc(C[C@H](C[C@H](O)[C@H](Cc2ccccc2)NC(=O)OC(C)(C)C)C(=O)NC2c3ccccc3C[C@@H]2O)cc1
CHEMBL136708,CC(C)(C)OC(=O)N[C@@H](Cc1ccccc1)[C@@H](O)C[C@@H](Cc1ccccc1)C(=O)NC1c2ccccc2OC[C@@H]1O
CHEMBL71472,CCNS(=O)(=O)Oc1cc(C(C)(C)C)c(SC2=C(O)OC(C)(CCc3ccc(O)cc3)CC2=O)cc1C
CHEMBL70502,Cc1cc(SC2=C(O)OC(C)(CCc3ccc(O)cc3)CC2=O)c(C(C)(C)C)cc1OS(=O)(=O)N1CCN(C)CC1
CHEMBL283619,O=C1Nc2ccc(Cl)cc2[C@@](C#CC2CC2)(C(F)(F)F)N1
CHEMBL419580,CC(C)[C@H](NC(=O)C1Cc2ccccc2CN1)C(=O)N[C@@H](Cc1ccccc1)C(O)[C@H](Cc1ccccc1)NC(=O)[C@H](NC(=O)C1Cc2ccccc2CN1)C(C)C
CHEMBL80098,CCC(=O)c1c[nH]c([C@H](Cc2ccccc2)C[C@H](O)[C@H](Cc2ccccc2)NC(=O)OC(C)(C)C)n1
CHEMBL111957,CC(C)[C@H](NC(=O)/C=C/c1cccnc1)C(=O)N[C@@H](Cc1ccccc1)[C@@H](O)[C@@H](O)[C@H](Cc1ccccc1)NC(=O)[C@H](NC(=O)/C=C/c1cccnc1)C(C)C
CHEMBL430891,CC(C)[C@H](NC(=O)OCc1ccccc1)C(=O)N[C@@H](Cc1ccccc1)[C@@H](O)[C@H](Cc1ccccc1)NC(=O)[C@H](NC(=O)OCc1ccccc1)C(C)C
CHEMBL290765,CC(C)(C)NC(=O)N(Cc1ccccc1)CC(O)[C@H](Cc1ccccc1)NC(=O)[C@H](CC(N)=O)NC(=O)OCc1ccccc1
CHEMBL16526,Cc1cccc(S(=O)(=O)Nc2cccc(C(c3c(O)c4c(oc3=O)CCCCCC4)C3CC3)c2)c1
CHEMBL337349,CC(C)(C)OC(=O)N[C@@H](Cc1ccccc1)[C@@H](O)C[C@@H](CCCc1ccccc1)C(=O)NC1c2ccccc2C(O)[C@@H]1O
CHEMBL70394,CC(C)(C)NC(=O)N(CC(O)[C@H](Cc1ccccc1)NC(=O)[C@H](CC(N)=O)NC(=O)OCc1ccccc1)C1CCCCC1
CHEMBL1790515,CC[C@H](C)[C@H](NC(=O)[C@H](C(C)C)C(O)[C@H](O)[C@H](CC1CCCCC1)NC(=O)c1ccccc1OCOc1ccccc1)C(=O)NCc1nc2ccccc2[nH]1
CHEMBL1790518,CC[C@H](C)[C@H](NC(=O)[C@H](C(C)C)[C@@H](O)[C@H](O)[C@H](CC1CCCCC1)NC(=O)C1CCCCC1)C(=O)NCc1ccccn1
CHEMBL320322,CC(C)[C@H](NC(=O)N1CCN(c2ccccc2)CC1)C(=O)N[C@@H](Cc1ccccc1)[C@@H](O)[C@@H](O)[C@H](Cc1ccccc1)NC(=O)[C@H](NC(=O)N1CCN(c2ccccc2)CC1)C(C)C
CHEMBL1790512,CC[C@H](C)[C@H](NC(=O)[C@H](C(C)C)[C@@H](O)[C@H](O)[C@H](CC1CCCCC1)NC(=O)c1ncccc1OCSc1ccccc1)C(=O)NCc1nc2ccccc2[nH]1
CHEMBL342365,CC(C)(C)OC(=O)N[C@@H](Cc1ccccc1)[C@@H](O)C[C@@H](Cc1c(F)c(F)c(F)c(F)c1F)C(=O)NC1c2ccccc2C[C@@H]1O
CHEMBL305204,CCNS(=O)(=O)Oc1cc(C(C)(C)C)c(SC2=C(O)OC(CCc3ccc(N)cc3)(C(C)C)CC2=O)cc1C
CHEMBL407551,CC(C)c1c[nH]c([C@H](Cc2ccccc2)C[C@H](O)[C@H](Cc2ccccc2)NC(=O)[C@@H](NC(=O)OCc2ccccc2)C(C)C)n1
CHEMBL69392,CC(C)CCN(CC(O)[C@H](Cc1ccccc1)NC(=O)[C@H](CC(N)=O)NC(=O)c1ccc2ccccc2n1)C(=O)NC(C)(C)C
CHEMBL1790516,CC[C@H](C)[C@H](NC(=O)[C@H](C(C)C)[C@@H](O)[C@H](O)[C@H](CC1CCCCC1)NC(=O)c1cccc(C)c1OCOc1ccccc1)C(=O)NCc1nc2ccccc2[nH]1
CHEMBL330915,CC(C)[C@H](NC(=O)N1CCN(Cc2ccccc2)CC1)C(=O)N[C@@H](Cc1ccccc1)[C@H](O)[C@H](O)[C@H](Cc1ccccc1)NC(=O)[C@H](NC(=O)N1CCN(Cc2ccccc2)CC1)C(C)C
CHEMBL110865,CC(C)[C@H](NS(=O)(=O)CCc1ccncc1)C(=O)N[C@@H](Cc1ccccc1)[C@H](O)[C@H](O)[C@H](Cc1ccccc1)NC(=O)[C@H](NS(=O)(=O)CCc1ccncc1)C(C)C
CHEMBL37668,Cc1cc(SC2=C(O)OC(C)(CCc3ccc(O)cc3)CC2=O)c(C(C)(C)C)cc1O
CHEMBL71153,CNS(=O)(=O)Oc1cc(C(C)(C)C)c(SC2=C(O)OC(CCc3ccc(O)cc3)(C(C)C)CC2=O)cc1C
CHEMBL71509,Cc1cc(SC2=C(O)OC(CCc3ccc(O)cc3)(C(C)C)CC2=O)c(C(C)(C)C)cc1OS(=O)(=O)N1CCN(C)CC1
CHEMBL325847,CC(C)[C@H](NC(=O)OCCN1CCOCC1)C(=O)N[C@@H](Cc1ccccc1)C(O)[C@H](Cc1ccccc1)NC(=O)[C@H](NC(=O)OCCN1CCOCC1)C(C)C
CHEMBL326053,CC(C)[C@H](NS(=O)(=O)N(C)Cc1ccccn1)C(=O)N[C@@H](Cc1ccccc1)[C@@H](O)[C@H](O)[C@H](Cc1ccccc1)NC(=O)[C@H](NS(=O)(=O)N(C)Cc1ccccn1)C(C)C
CHEMBL139756,COC(=O)C1Cc2ccccc2C1NC(=O)[C@H](Cc1ccccc1)C[C@H](O)[C@H](Cc1ccccc1)NC(=O)OC(C)(C)C
CHEMBL116,CC(C)CN(C[C@@H](O)[C@H](Cc1ccccc1)NC(=O)O[C@H]1CCOC1)S(=O)(=O)c1ccc(N)cc1
CHEMBL71980,Cc1cc(SC2=C(O)OC(CCc3ccc(O)cc3)(C3CCCCC3)CC2=O)c(C(C)(C)C)cc1OS(=O)(=O)N(C)C
CHEMBL67867,CCNS(=O)(=O)Oc1cc(C(C)(C)C)c(SC2=C(O)OC(CCc3ccccc3)(C(C)C)CC2=O)cc1C
CHEMBL80529,COc1ccc2c(O)c(C(c3cccc(NC(=O)CCNC(=O)OC(C)(C)C)c3)C3CC3)c(=O)oc2c1
CHEMBL108960,CC(C)(C)OC(=O)N[C@@H](Cc1ccccc1)[C@@H](O)C[C@@](C)(Cc1ccccc1)C(=O)N[C@H]1c2ccccc2C[C@H]1O
CHEMBL138300,CC(C)(C)OC(=O)N[C@@H](Cc1ccccc1)[C@@H](O)C[C@@H](Cc1ccc(O)cc1)C(=O)NC1c2ccccc2C[C@@H]1O
CHEMBL137925,CC(C)(C)OC(=O)NC(Cc1ccccc1)[C@@H](O)CC(CSc1ccccc1)C(=O)NC1c2ccccc2C[C@@H]1O
CHEMBL21166,CC(C)(C)OC(=O)N[C@@H](Cc1ccccc1)[C@@H](O)C[C@@H](Cc1ccccc1)C(=O)NC1CCc2ccccc21
CHEMBL70386,Cc1cc(SC2=C(O)OC(C)(CCc3ccc(O)cc3)CC2=O)c(C(C)(C)C)cc1OS(=O)(=O)N(C)C
CHEMBL71218,CCNS(=O)(=O)Oc1cc(C(C)(C)C)c(SC2=C(O)OC(CCc3ccc(O)cc3)(c3ccccc3)CC2=O)cc1C
CHEMBL122768,CCC(Cc1ccccc1)c1cc(O)c(C(c2cccc(NC(=O)[C@H](C)NC(=O)OC(C)(C)C)c2)C2CC2)c(=O)o1
CHEMBL114192,CC(C)[C@H](NC(=O)NCc1ccccn1)C(=O)N[C@@H](Cc1ccccc1)C(O)[C@H](Cc1ccccc1)NC(=O)[C@H](NC(=O)NCc1ccccn1)C(C)C
CHEMBL112412,CC(C)[C@H](NC(=O)OCCN1CCOCC1)C(=O)N[C@@H](Cc1ccccc1)[C@@H](O)[C@H](Cc1ccccc1)NC(=O)[C@H](NC(=O)OCc1ccccc1)C(C)C
CHEMBL279580,Cc1ccc(S(=O)(=O)Nc2cccc(C(c3c(O)c4c(oc3=O)CCCCCC4)C3CC3)c2)cc1
CHEMBL306421,Cc1cc(SC2=C(O)OC(CCc3ccc(N)cc3)(C(C)C)CC2=O)c(C(C)(C)C)cc1OS(=O)(=O)N(C)C
CHEMBL83739,CCC(CC)C(=O)c1c[nH]c([C@H](Cc2ccccc2)C[C@H](O)[C@H](Cc2ccccc2)NC(=O)OC(C)(C)C)n1
CHEMBL312709,CC(C)(C)OC(=O)N[C@@H](Cc1ccccc1)[C@@H](O)C[C@@H](Cc1ccccc1)c1nc(C(=O)C2CCCC2)c[nH]1
CHEMBL138336,CC(C)(C)OC(=O)N[C@@H](Cc1ccccc1)[C@@H](O)C[C@@H](Cc1ccccc1)C(=O)NC1C=CC[C@@H]1O
CHEMBL71662,Cc1cc(SC2=C(O)OC(CCc3ccc(O)cc3)(C3CCCCC3)CC2=O)c(C(C)(C)C)cc1OS(=O)(=O)N1CCN(C)CC1
CHEMBL421709,CC(C)OC(=O)N[C@H](C(=O)N[C@@H](Cc1ccccc1)[C@@H](O)C[C@@H](Cc1ccccc1)c1nc(C(C)C)c[nH]1)C(C)C
CHEMBL309773,CC(=O)N[C@@H](C(=O)N[C@@H](Cc1ccccc1)[C@@H](O)C[C@@H](Cc1ccccc1)c1nc(C(C)C)c[nH]1)C(C)C
CHEMBL71134,CC(C)(C)NC(=O)N(Cc1ccncc1)CC(O)[C@H](Cc1ccccc1)NC(=O)[C@H](CC(N)=O)NC(=O)c1ccc2ccccc2n1
CHEMBL277138,Cc1ccccc1S(=O)(=O)Nc1cccc(C(c2c(O)c3c(oc2=O)CCCCCC3)C2CC2)c1
CHEMBL433660,CC(C)(C)OC(=O)N[C@@H](Cc1ccccc1)[C@@H](O)C[C@@H](C/C=C/c1ccccc1)C(=O)NC1c2ccccc2C[C@@H]1O
CHEMBL305460,CC(C)(C)NC(=O)N(CC(O)[C@H](Cc1ccccc1)NC(=O)[C@H](CC(N)=O)NC(=O)c1ccc2ccccc2n1)C1CCCCC1
CHEMBL432806,CC(C)[C@H](NC(=O)N(C)Cc1nccs1)C(=O)N[C@@H](Cc1ccccc1)[C@@H](O)[C@@H](O)[C@H](Cc1ccccc1)NC(=O)[C@H](NC(=O)N(C)Cc1nccs1)C(C)C
CHEMBL109371,CC(C)[C@H](NC(=O)OCc1ccccn1)C(=O)N[C@@H](Cc1ccccc1)[C@@H](O)[C@H](Cc1ccccc1)NC(=O)[C@H](NC(=O)OCc1ccccc1)C(C)C
CHEMBL109221,CC(C)[C@H](NC(=O)OCc1ccncc1)C(=O)N[C@@H](Cc1ccccc1)[C@H](O)[C@H](O)[C@H](Cc1ccccc1)NC(=O)[C@H](NC(=O)OCc1ccncc1)C(C)C
CHEMBL113268,CC(C)[C@H](NC(=O)OCc1ccncc1)C(=O)N[C@@H](Cc1ccccc1)C(O)[C@H](Cc1ccccc1)NC(=O)[C@H](NC(=O)OCc1ccncc1)C(C)C
CHEMBL109220,CC(C)[C@H](NC(=O)CCc1cccnc1)C(=O)N[C@@H](Cc1ccccc1)C(O)[C@H](Cc1ccccc1)NC(=O)[C@H](NC(=O)CCc1cccnc1)C(C)C
CHEMBL112930,CC(C)[C@H](NS(=O)(=O)CCc1ccccn1)C(=O)N[C@@H](Cc1ccccc1)[C@H](O)[C@H](O)[C@H](Cc1ccccc1)NC(=O)[C@H](NS(=O)(=O)CCc1ccccn1)C(C)C
CHEMBL71928,CC(C)CN(CC(O)[C@H](Cc1ccccc1)NC(=O)[C@H](CC(N)=O)NC(=O)OCc1ccccc1)C(=O)NC(C)(C)C
CHEMBL113575,CC(C)[C@H](NC(=O)N(C)Cc1ccccn1)C(=O)N[C@@H](Cc1ccccc1)[C@@H](O)[C@@H](O)[C@H](Cc1ccccc1)NC(=O)[C@H](NC(=O)N(C)Cc1ccccn1)C(C)C
CHEMBL21226,CC(C)(C)OC(=O)N[C@@H](Cc1ccccc1)[C@@H](O)C[C@@H](Cc1ccccc1)C(=O)NC1c2ccccc2C[C@@H]1O
CHEMBL312293,Cc1cc(SC2=C(O)OC(CCc3ccc(O)cc3)(C(C)C)CC2=O)c(C(C)(C)C)cc1OS(=O)(=O)N(C)C
CHEMBL81190,CCC(C)C(=O)c1c[nH]c([C@H](Cc2ccccc2)C[C@H](O)[C@H](Cc2ccccc2)NC(=O)OC(C)(C)C)n1
CHEMBL69995,CC(C)(C)NC(=O)N(Cc1ccccc1)CC(O)[C@H](Cc1ccccc1)NC(=O)[C@H](CC(N)=O)NC(=O)c1ccc2ccccc2n1
CHEMBL1790513,CC[C@H](C)[C@H](NC(=O)[C@H](C(C)C)[C@@H](O)[C@H](O)[C@H](CC1CCCCC1)NC(=O)c1ccccc1OCSc1ccccc1)C(=O)NCc1nc2ccccc2[nH]1
CHEMBL2367848,CC(C)[C@H](NC(=O)[C@H](Cc1ccccc1)C[C@H](O)[C@H](Cc1ccccc1)NC(=O)OC(C)(C)C)C(=O)O
CHEMBL419286,CC(=O)N[C@H](C(=O)N[C@@H](Cc1ccccc1)[C@@H](O)C[C@@H](Cc1ccccc1)c1nc(C(C)C)c[nH]1)C(C)C
CHEMBL320126,CC(C)[C@H](NC(=O)c1cc2ccccc2[nH]1)C(=O)N[C@@H](Cc1ccccc1)C(O)[C@H](Cc1ccccc1)NC(=O)[C@H](NC(=O)c1cc2ccccc2[nH]1)C(C)C
CHEMBL325731,CC(C)[C@H](NS(=O)(=O)N(C)Cc1ccccn1)C(=O)N[C@@H](Cc1ccccc1)[C@H](O)[C@H](O)[C@H](Cc1ccccc1)NC(=O)[C@H](NS(=O)(=O)N(C)Cc1ccccn1)C(C)C
CHEMBL5269826,CCC(c1cccc(NC(=O)[C@H](C)NC(=O)OC(C)(C)C)c1)c1c(O)c2ccccc2oc1=O
CHEMBL120902,CCC(c1cccc(NC(=O)CCNC(=O)OC(C)(C)C)c1)c1c(O)oc2cc(OC)ccc2c1=O
CHEMBL136708,CC(C)(C)OC(=O)N[C@@H](Cc1ccccc1)[C@@H](O)C[C@@H](Cc1ccccc1)C(=O)NC1c2ccccc2OC[C@@H]1O
CHEMBL71440,Cc1cc(SC2=C(O)OC(C)(CCc3ccc(O)cc3)CC2=O)c(C(C)(C)C)cc1OS(N)(=O)=O
CHEMBL113626,CC(C)[C@H](NC(=O)/C=C/c1cccnc1)C(=O)N[C@@H](Cc1ccccc1)C(O)[C@H](Cc1ccccc1)NC(=O)[C@H](NC(=O)/C=C/c1cccnc1)C(C)C
CHEMBL110603,CC(C)[C@H](NC(=O)OCC1CCCCN1C)C(=O)N[C@@H](Cc1ccccc1)[C@@H](O)[C@H](Cc1ccccc1)NC(=O)[C@H](NC(=O)OCc1ccccc1)C(C)C
CHEMBL333611,CC(C)[C@H](NC(=O)OCCN1CCOCC1)C(=O)N[C@@H](Cc1ccccc1)[C@@H](O)[C@@H](O)[C@H](Cc1ccccc1)NC(=O)[C@H](NC(=O)OCCN1CCOCC1)C(C)C
CHEMBL320243,CC(C)[C@H](NS(=O)(=O)N(C)Cc1ccccn1)C(=O)N[C@@H](Cc1ccccc1)[C@@H](O)[C@@H](O)[C@H](Cc1ccccc1)NC(=O)[C@H](NS(=O)(=O)N(C)Cc1ccccn1)C(C)C
CHEMBL331229,CCC(Cc1ccccc1)c1cc(O)c(C(c2cccc(NC(=O)CCNC(=O)OC(C)(C)C)c2)C2CC2)c(=O)o1
CHEMBL119970,CCC(Cc1ccccc1)c1cc(O)c(C(c2cccc(NC(=O)Cc3ccncc3)c2)C2CC2)c(=O)o1
CHEMBL337315,CC(C)(C)OC(=O)N[C@@H](Cc1ccccc1)[C@@H](O)C[C@@H](Cc1ccc(C(F)(F)F)cc1)C(=O)NC1c2ccccc2C[C@@H]1O
CHEMBL136336,CC(C)(C)OC(=O)N[C@@H](Cc1ccccc1)[C@@H](O)/C=C(/Cc1ccccc1)C(=O)NC1c2ccccc2C[C@@H]1O
CHEMBL308889,CCCNS(=O)(=O)Oc1cc(C(C)(C)C)c(SC2=C(O)OC(C)(CCc3ccc(O)cc3)CC2=O)cc1C
CHEMBL70444,CCCNS(=O)(=O)Oc1cc(C(C)(C)C)c(SC2=C(O)OC(CCc3ccc(O)cc3)(C(C)C)CC2=O)cc1C
CHEMBL302289,Cc1cc(SC2=C(O)OC(CCc3ccc(O)cc3)(C(C)C)CC2=O)c(C(C)(C)C)cc1OS(=O)(=O)N1CCOCC1
CHEMBL113264,CC(C)[C@H](NC(=O)OCC1CCCN(C)C1)C(=O)N[C@@H](Cc1ccccc1)[C@@H](O)[C@H](Cc1ccccc1)NC(=O)[C@H](NC(=O)OCc1ccccc1)C(C)C
CHEMBL112569,CC(C)[C@H](NC(=O)OCCN1CCCC1)C(=O)N[C@@H](Cc1ccccc1)[C@@H](O)[C@H](Cc1ccccc1)NC(=O)[C@H](NC(=O)OCc1ccccc1)C(C)C
CHEMBL112578,CC(C)[C@H](NS(=O)(=O)CCc1ccncc1)C(=O)N[C@@H](Cc1ccccc1)[C@@H](O)[C@@H](O)[C@H](Cc1ccccc1)NC(=O)[C@H](NS(=O)(=O)CCc1ccncc1)C(C)C
CHEMBL423358,CC(C)(C)OC(=O)N[C@@H](Cc1ccccc1)[C@@H](O)C[C@@H](Cc1ccncc1)C(=O)NC1c2ccccc2C[C@@H]1O
CHEMBL437643,CC(C)(C)OC(=O)N[C@@H](Cc1ccccc1)[C@@H](O)C[C@@H](Cc1ccccc1)C(=O)N[C@@H]1CCCC[C@H]1O
CHEMBL342135,O=C(NC1c2ccccc2C[C@@H]1O)[C@H](Cc1ccccc1)CC(O)C[C@@H](Cc1ccccc1)C(=O)NC1c2ccccc2C[C@@H]1O
CHEMBL136146,O=C(N[C@@H](Cc1ccccc1)[C@@H](O)C[C@@H](Cc1ccccc1)C(=O)NC1c2ccccc2C[C@@H]1O)OC1CCOC1
CHEMBL68032,Cc1cc(SC2=C(O)OC(CCc3ccccc3)(C(C)C)CC2=O)c(C(C)(C)C)cc1OS(=O)(=O)N1CCN(C)CC1
CHEMBL112846,CC(C)[C@H](NC(=O)CN1CCOCC1)C(=O)N[C@@H](Cc1ccccc1)[C@@H](O)[C@@H](O)[C@H](Cc1ccccc1)NC(=O)[C@H](NC(=O)CN1CCOCC1)C(C)C
CHEMBL302061,CCCCNC(=O)N(CC(C)C)CC(O)[C@H](Cc1ccccc1)NC(=O)[C@H](CC(N)=O)NC(=O)c1ccc2ccccc2n1
CHEMBL105299,CC(C)(C)OC(=O)N[C@@H](Cc1ccccc1)[C@@H](O)C[C@@H](Cc1ccccc1)C(=O)N[C@@]1(C)c2ccccc2C[C@H]1O
CHEMBL2367852,C[C@@H](NC(=O)[C@H](Cc1ccccc1)C[C@H](O)[C@H](Cc1ccccc1)NC(=O)OC(C)(C)C)c1ccccc1
CHEMBL106486,CC(C)[C@H](NC(=O)OCc1ccccn1)C(=O)N[C@@H](Cc1ccccc1)C(O)[C@H](Cc1ccccc1)NC(=O)[C@H](NC(=O)OCc1ccccn1)C(C)C
CHEMBL342700,CC(C)(C)OC(=O)NC(Cc1ccccc1)[C@@H](O)CC(Cc1ccc([N+](=O)[O-])cc1)C(=O)NC1c2ccccc2C[C@@H]1O
CHEMBL277034,CC(C)(C)OC(=O)N[C@@H](Cc1ccccc1)[C@@H](O)C[C@@H](Cc1ccccc1)C(=O)NCc1ccccc1
CHEMBL263534,CC(C)[C@H](NC(=O)N(C)CCc1ccccn1)C(=O)N[C@@H](Cc1ccccc1)[C@H](O)[C@H](O)[C@H](Cc1ccccc1)NC(=O)[C@H](NC(=O)N(C)CCc1ccccn1)C(C)C
CHEMBL112546,CC(C)[C@H](NC(=O)OCc1ccncc1)C(=O)N[C@@H](Cc1ccccc1)[C@@H](O)[C@H](Cc1ccccc1)NC(=O)[C@H](NC(=O)OCc1ccccc1)C(C)C
CHEMBL305967,CC(C)(C)NC(=O)N(Cc1ccncc1)CC(O)[C@H](Cc1ccccc1)NC(=O)[C@H](CC(N)=O)NC(=O)OCc1ccccc1
CHEMBL78531,CCOC(=O)N[C@H](C(=O)N[C@@H](Cc1ccccc1)[C@@H](O)C[C@@H](Cc1ccccc1)c1nc(C(C)C)c[nH]1)C(C)C
CHEMBL289195,CC(C)C[C@H](NC(=O)[C@H](Cc1ccccc1)C[C@H](O)[C@H](Cc1ccccc1)NC(=O)OC(C)(C)C)C(=O)N[C@@H](Cc1ccccc1)C(N)=O
CHEMBL285759,Cc1cc(SC2=C(O)O[C@](CCc3ccc(N)cc3)(C(C)C)CC2=O)c(C(C)(C)C)cc1CO
CHEMBL285759,Cc1cc(SC2=C(O)O[C@](CCc3ccc(N)cc3)(C(C)C)CC2=O)c(C(C)(C)C)cc1CO
CHEMBL324747,CC(C)[C@H](NC(=O)c1ccc2ccccc2n1)C(=O)N[C@@H](Cc1ccccc1)C(O)[C@H](Cc1ccccc1)NC(=O)[C@H](NC(=O)c1ccc2ccccc2n1)C(C)C
CHEMBL317446,CC(C)(C)OC(=O)N[C@@H](Cc1ccccc1)[C@@H](O)C[C@@H](Cc1ccccc1)C(=O)N[C@@H]1c2ccccc2CC[C@H]1O
CHEMBL70986,CCNS(=O)(=O)Oc1cc(C(C)(C)C)c(SC2=C(O)OC(CCc3ccc(O)cc3)(C(C)C)CC2=O)cc1C
CHEMBL324916,CC(C)[C@H](NC(=O)CCc1cccnc1)C(=O)N[C@@H](Cc1ccccc1)[C@@H](O)[C@@H](O)[C@H](Cc1ccccc1)NC(=O)[C@H](NC(=O)CCc1cccnc1)C(C)C
CHEMBL422112,CC(C)(C)OC(=O)N[C@@H](Cc1ccccc1)[C@@H](O)C[C@H](C(=O)NC1c2ccccc2C[C@@H]1O)C(=O)c1ccccc1
CHEMBL439725,CC(C)(C)OC(=O)N[C@@H](Cc1ccccc1)[C@@H](O)C[C@@H](Cc1ccccc1)C(=O)NC1Cc2ccccc2C1
CHEMBL113554,CC(C)[C@H](NC(=O)N(C)Cc1ccccn1)C(=O)N[C@@H](Cc1ccccc1)C(O)[C@H](Cc1ccccc1)NC(=O)[C@H](NC(=O)N(C)Cc1ccccn1)C(C)C
CHEMBL109699,CC(C)[C@H](NC(=O)CCN1CCOCC1)C(=O)N[C@@H](Cc1ccccc1)[C@@H](O)[C@@H](O)[C@H](Cc1ccccc1)NC(=O)[C@H](NC(=O)CCN1CCOCC1)C(C)C
CHEMBL71108,CC(C)CN(CC(O)[C@H](Cc1ccccc1)NC(=O)[C@H](CC(N)=O)NC(=O)OCc1ccccc1)C(=O)NC(C)C
CHEMBL5268172,CCC(c1cccc(NC(=O)CCNC(=O)OC(C)(C)C)c1)c1c(O)c2ccccc2oc1=O
CHEMBL120225,CCC(Cc1ccccc1)c1cc(O)c(C(c2cccc(NC(=O)[C@H](Cc3c[nH]cn3)NC(=O)OC(C)(C)C)c2)C2CC2)c(=O)o1
CHEMBL2367850,CC(C)(C)OC(=O)N[C@@H](Cc1ccccc1)[C@@H](O)C[C@@H](Cc1ccccc1)C(=O)N[C@H](CO)c1ccccc1
CHEMBL307123,CC(C)CCN(CC(O)[C@H](Cc1ccccc1)NC(=O)[C@H](CC(N)=O)NC(=O)OCc1ccccc1)C(=O)NC(C)(C)C
CHEMBL343053,CC(C)(C)OC(=O)NC(Cc1ccccc1)[C@@H](O)CC(Cc1ccc(N)cc1)C(=O)NC1c2ccccc2C[C@@H]1O
CHEMBL138829,C=CC[C@H](C[C@H](O)[C@H](Cc1ccccc1)NC(=O)OC(C)(C)C)C(=O)NC1c2ccccc2C[C@@H]1O
CHEMBL307582,Cc1cc(SC2=C(O)OC(CCc3ccc(N)cc3)(C(C)C)CC2=O)c(C(C)(C)C)cc1OS(=O)(=O)N1CCN(C)CC1
CHEMBL113627,CC(C)[C@H](NC(=O)OCc1cccnc1)C(=O)N[C@@H](Cc1ccccc1)[C@@H](O)[C@H](Cc1ccccc1)NC(=O)[C@H](NC(=O)OCc1ccccc1)C(C)C
CHEMBL442010,CC(C)[C@H](NC(=O)N(C)CCc1ccccn1)C(=O)N[C@@H](Cc1ccccc1)[C@@H](O)[C@@H](O)[C@H](Cc1ccccc1)NC(=O)[C@H](NC(=O)N(C)CCc1ccccn1)C(C)C
CHEMBL331829,CC(C)[C@H](NC(=O)CCc1ccccn1)C(=O)N[C@@H](Cc1ccccc1)C(O)[C@H](Cc1ccccc1)NC(=O)[C@H](NC(=O)CCc1ccccn1)C(C)C
CHEMBL5285295,CCC(c1cccc(NC(=O)CCn2ccc3ccccc32)c1)c1c(O)c2ccccc2oc1=O
CHEMBL16400,O=c1c2c(oc(O)c1C(c1cccc(NS(=O)(=O)c3ccccc3)c1)C1CC1)CCCCCC2
CHEMBL79698,COC(=O)N[C@H](C(=O)N[C@@H](Cc1ccccc1)[C@@H](O)C[C@@H](Cc1ccccc1)c1nc(C(C)C)c[nH]1)C(C)C
CHEMBL305731,CC(C)CN(CC(O)[C@H](Cc1ccccc1)NC(=O)[C@H](CC(N)=O)NC(=O)c1ccc2ccccc2n1)C(=O)NC(C)(C)C
CHEMBL322804,CC(C)[C@H](NC(=O)OCc1ccncc1)C(=O)N[C@@H](Cc1ccccc1)[C@@H](O)[C@@H](O)[C@H](Cc1ccccc1)NC(=O)[C@H](NC(=O)OCc1ccncc1)C(C)C
CHEMBL70140,CC(C)C[C@@]1(C2=C(O)[C@](Cc3ccccc3)(C[C@H](O)[C@H](Cc3ccccc3)NC(=O)OC(C)(C)C)N=C2)N=CC([C@@H](Cc2ccccc2)C(N)=O)=C1O
CHEMBL71863,CC(C)[C@@H](C(=O)N[C@H]1Cc2ccccc2[C@H]1O)[C@@H](O)[C@H](O)[C@H](CC1CCCCC1)NC(=O)c1ccccc1
CHEMBL121678,COc1ccc2c(O)c(C(c3ccccc3)C3CC3)c(=O)oc2c1
CHEMBL46062,CN(C)CCOc1ccc(C[C@H](C[C@H](O)[C@H](Cc2ccccc2)NC(=O)OC(C)(C)C)C(=O)NC2c3ccccc3C[C@H]2O)cc1
CHEMBL44578,CN1CCN(CCOc2ccc(C[C@H](C[C@H](O)[C@H](Cc3ccccc3)NC(=O)OC(C)(C)C)C(=O)NC3c4ccccc4C[C@H]3O)cc2)CC1
CHEMBL264815,CNC(=O)[C@@H](NC(=O)[C@H](OCc1ccc(-c2cccc([N+](=O)[O-])c2)cc1)[C@H](O)[C@@H](O)[C@@H](OCc1ccc(-c2cccc([N+](=O)[O-])c2)cc1)C(=O)N[C@H](C(=O)NC)C(C)C)C(C)C
CHEMBL264815,CNC(=O)[C@@H](NC(=O)[C@H](OCc1ccc(-c2cccc([N+](=O)[O-])c2)cc1)[C@H](O)[C@@H](O)[C@@H](OCc1ccc(-c2cccc([N+](=O)[O-])c2)cc1)C(=O)N[C@H](C(=O)NC)C(C)C)C(C)C
CHEMBL47712,CC(C)(C)OC(=O)N[C@@H](Cc1ccccc1)[C@@H](O)C[C@@H](Cc1ccc(OCCN2CCSCC2)cc1)C(=O)NC1c2ccccc2C[C@H]1O
CHEMBL149862,COC(=O)c1ccc(CN2[C@H](COc3ccccc3)[C@H](O)[C@@H](O)[C@@H](COc3ccccc3)N(Cc3ccc(CO)cc3)S2(=O)=O)cc1
CHEMBL264184,O=S(=O)(c1ccccc1)c1c(C2=NCCN2)[nH]c2ccc(Cl)cc12
CHEMBL144409,O=S(=O)(c1ccccc1)c1c(C2=N[C@H]3CCCC[C@@H]3N2)[nH]c2ccc(Cl)cc12
CHEMBL150908,CC(C)(C)NC(=O)c1ccccc1NC[C@H](O)[C@H](Cc1ccccc1)NC(=O)[C@H](CC(N)=O)NC(=O)c1ccc2ccccc2n1
CHEMBL148371,O=S(=O)(c1ccccc1)c1c(-c2ncc[nH]2)[nH]c2ccc(Cl)cc12
CHEMBL357785,CN(C(=O)[C@H](OCc1ccccc1)[C@H](O)[C@@H](O)[C@@H](OCc1ccccc1)C(=O)N(C)C(Cc1ccccc1)C(=O)O)C(Cc1ccccc1)C(=O)O
CHEMBL295482,COCCN(CCOC)CCOc1ccc(C[C@H](C[C@H](O)[C@H](Cc2ccccc2)NC(=O)OC(C)(C)C)C(=O)NC2c3ccccc3C[C@H]2O)cc1
CHEMBL341883,CCc1nc(-c2[nH]c3ccc(Cl)cc3c2S(=O)(=O)c2ccccc2)[nH]c1CC
CHEMBL45451,CC(C)(C)OC(=O)N[C@@H](Cc1ccccc1)[C@@H](O)C[C@@H](Cc1ccc(OCc2ccccc2)cc1)C(=O)NC1c2ccccc2C[C@H]1O
CHEMBL356040,CC1(C)CN=C(c2[nH]c3ccc(Cl)cc3c2S(=O)(=O)c2ccccc2)N1
CHEMBL150907,CC(C)C(C(=O)O)N(C)C(=O)[C@@H](C[C@@H](O)[C@@H](OCc1ccccc1)C(=O)N(C)C(C(=O)O)C(C)C)OCc1ccccc1
CHEMBL150907,CC(C)C(C(=O)O)N(C)C(=O)[C@@H](C[C@@H](O)[C@@H](OCc1ccccc1)C(=O)N(C)C(C(=O)O)C(C)C)OCc1ccccc1
CHEMBL5483011,CC(C)(C)NC(=O)[C@@H]1CN(Cc2cccnc2)CCN1C[C@@H](O)C[C@@H](Cc1ccccc1)C(=O)N[C@H]1c2ccccc2C[C@H]1O.O
CHEMBL5483011,CC(C)(C)NC(=O)[C@@H]1CN(Cc2cccnc2)CCN1C[C@@H](O)C[C@@H](Cc1ccccc1)C(=O)N[C@H]1c2ccccc2C[C@H]1O.O
CHEMBL133573,COC(=O)c1ccc(CN2[C@H](COc3ccccc3)[C@H](O)[C@@H](O)[C@@H](COc3ccccc3)N(Cc3ccc(C(=O)OC)cc3)S2(=O)=O)cc1
CHEMBL147210,CCCc1[nH]c(-c2[nH]c3ccc(Cl)cc3c2S(=O)(=O)c2ccccc2)nc1C
CHEMBL144742,O=S(=O)(c1ccccc1)c1c(C2=NCCS2)[nH]c2ccc(Cl)cc12
CHEMBL340616,O=S1(=O)N(Cc2ccc(CO)cc2)[C@H](COc2ccccc2)[C@H](O)[C@@H](O)[C@@H](COc2ccccc2)N1Cc1ccc(CO)cc1
CHEMBL340616,O=S1(=O)N(Cc2ccc(CO)cc2)[C@H](COc2ccccc2)[C@H](O)[C@@H](O)[C@@H](COc2ccccc2)N1Cc1ccc(CO)cc1
CHEMBL358924,O=C(NCc1ccccc1)[C@H](OCc1ccccc1)[C@H](O)[C@@H](O)[C@@H](OCc1ccccc1)C(=O)NC1c2ccccc2C[C@H]1O
CHEMBL358924,O=C(NCc1ccccc1)[C@H](OCc1ccccc1)[C@H](O)[C@@H](O)[C@@H](OCc1ccccc1)C(=O)NC1c2ccccc2C[C@H]1O
CHEMBL752,Nc1ncnc2c1ncn2[C@@H]1O[C@H](COP(=O)(O)O)[C@@H](O)[C@H]1O
CHEMBL752,Nc1ncnc2c1ncn2[C@@H]1O[C@H](COP(=O)(O)O)[C@@H](O)[C@H]1O
CHEMBL298316,CC(C)(C)OC(=O)N[C@@H](Cc1ccccc1)[C@@H](O)C[C@@H](Cc1ccc(O)cc1)C(=O)N[C@H]1c2ccccc2C[C@H]1O
CHEMBL130998,O=S1(=O)N(Cc2ccccc2)[C@H](COc2ccccc2)[C@H](O)[C@@H](O)[C@@H](COc2ccccc2)N1Cc1ccccc1
CHEMBL45474,CC(C)(C)OC(=O)N[C@@H](Cc1ccccc1)[C@@H](O)C[C@@H](Cc1ccc(OCCCN2CCOCC2)cc1)C(=O)NC1c2ccccc2C[C@H]1O
CHEMBL3350189,CC[C@H](C)[C@H](NC(=O)[C@H](C(C)C)[C@@H](O)[C@H](O)[C@H](CC1CCCCC1)NC(=O)[C@H](Cc1c[nH]cn1)NC(=O)COc1cccc2ccccc12)C(=O)NCc1ccccn1
CHEMBL3350189,CC[C@H](C)[C@H](NC(=O)[C@H](C(C)C)[C@@H](O)[C@H](O)[C@H](CC1CCCCC1)NC(=O)[C@H](Cc1c[nH]cn1)NC(=O)COc1cccc2ccccc12)C(=O)NCc1ccccn1
CHEMBL46274,CC(C)(C)OC(=O)N[C@@H](Cc1ccccc1)[C@@H](O)C[C@@H](Cc1ccc(OCC[N+]2([O-])CCOCC2)cc1)C(=O)NC1c2ccccc2C[C@H]1O
CHEMBL295470,CC(C)(C)OC(=O)N[C@@H](Cc1ccc(O)cc1)[C@@H](O)C[C@@H](Cc1ccc(O)cc1)C(=O)NC1c2ccccc2C[C@H]1O
CHEMBL436262,CNC(=O)c1cccc(CN2[C@H](COc3ccccc3)[C@H](O)[C@@H](O)[C@@H](COc3ccccc3)N(Cc3cccc(C(=O)NC)c3)S2(=O)=O)c1
CHEMBL45457,CC(C)(C)OC(=O)N[C@@H](Cc1ccc(OCCN2CCOCC2)cc1)[C@@H](O)C[C@@H](Cc1ccccc1)C(=O)NC1c2ccccc2C[C@H]1O
CHEMBL297045,CC(C)(C)OC(=O)N[C@@H](Cc1ccc(O)cc1)[C@@H](O)C[C@@H](Cc1ccccc1)C(=O)NC1c2ccccc2C[C@H]1O
CHEMBL295414,CC(C)(C)OC(=O)N[C@@H](Cc1ccccc1)[C@@H](O)CC(Cc1ccc(OCC(=O)O)cc1)C(=O)NC1c2ccccc2C[C@H]1O
CHEMBL127045,CNC(=O)[C@@H](NC(=O)[C@H](OCc1ccc(/C=C/C(=O)OC)cc1)[C@H](O)[C@@H](O)[C@@H](OCc1ccc(/C=C/C(=O)OC)cc1)C(=O)N[C@H](C(=O)NC)C(C)C)C(C)C
CHEMBL127045,CNC(=O)[C@@H](NC(=O)[C@H](OCc1ccc(/C=C/C(=O)OC)cc1)[C@H](O)[C@@H](O)[C@@H](OCc1ccc(/C=C/C(=O)OC)cc1)C(=O)N[C@H](C(=O)NC)C(C)C)C(C)C
CHEMBL127214,CNC(=O)[C@@H](NC(=O)[C@H](OCc1ccc(-c2ccsc2)cc1)[C@H](O)[C@@H](O)[C@@H](OCc1ccc(-c2ccsc2)cc1)C(=O)N[C@H](C(=O)NC)C(C)C)C(C)C
CHEMBL127214,CNC(=O)[C@@H](NC(=O)[C@H](OCc1ccc(-c2ccsc2)cc1)[C@H](O)[C@@H](O)[C@@H](OCc1ccc(-c2ccsc2)cc1)C(=O)N[C@H](C(=O)NC)C(C)C)C(C)C
CHEMBL21145,O=C1N(Cc2ccc(CO)cc2)[C@H](Cc2ccccc2)[C@H](O)[C@@H](O)[C@@H](Cc2ccccc2)N1Cc1ccc(CO)cc1
CHEMBL21145,O=C1N(Cc2ccc(CO)cc2)[C@H](Cc2ccccc2)[C@H](O)[C@@H](O)[C@@H](Cc2ccccc2)N1Cc1ccc(CO)cc1
CHEMBL439636,O=S1(=O)N(Cc2cccc(I)c2)[C@H](COc2ccccc2)[C@H](O)[C@@H](O)[C@@H](COc2ccccc2)N1Cc1cccc(I)c1
CHEMBL416082,CC(C)(C)OC(=O)N[C@@H](Cc1ccccc1)[C@@H](O)C[C@@H](Cc1ccc(OCCN2CCS(=O)(=O)CC2)cc1)C(=O)NC1c2ccccc2C[C@H]1O
CHEMBL297673,CC(C)(C)OC(=O)N[C@@H](Cc1ccccc1)[C@@H](O)C[C@@H](Cc1ccc(OCC(=O)N2CCOCC2)cc1)C(=O)NC1c2ccccc2C[C@H]1O
CHEMBL150626,C/C(=N\O)c1cccc(CN2[C@H](COc3ccccc3)[C@H](O)[C@@H](O)[C@@H](COc3ccccc3)N(Cc3cccc(/C(C)=N/O)c3)S2(=O)=O)c1
CHEMBL150626,C/C(=N\O)c1cccc(CN2[C@H](COc3ccccc3)[C@H](O)[C@@H](O)[C@@H](COc3ccccc3)N(Cc3cccc(/C(C)=N/O)c3)S2(=O)=O)c1
CHEMBL345603,CC(C)(C)NC(=O)c1ccccc1NC[C@@H](O)[C@H](Cc1ccccc1)NC(=O)[C@H](CC(N)=O)NC(=O)OCc1ccccc1
CHEMBL149472,CCC(C)C(C(=O)O)N(C)C(=O)[C@H](OCc1ccccc1)[C@H](O)[C@@H](O)[C@@H](OCc1ccccc1)C(=O)N(C)C(C(=O)O)C(C)CC
CHEMBL149472,CCC(C)C(C(=O)O)N(C)C(=O)[C@H](OCc1ccccc1)[C@H](O)[C@@H](O)[C@@H](OCc1ccccc1)C(=O)N(C)C(C(=O)O)C(C)CC
CHEMBL163,CC(C)c1nc(CN(C)C(=O)N[C@H](C(=O)N[C@@H](Cc2ccccc2)C[C@H](O)[C@H](Cc2ccccc2)NC(=O)OCc2cncs2)C(C)C)cs1
CHEMBL163,CC(C)c1nc(CN(C)C(=O)N[C@H](C(=O)N[C@@H](Cc2ccccc2)C[C@H](O)[C@H](Cc2ccccc2)NC(=O)OCc2cncs2)C(C)C)cs1
CHEMBL296115,CC(C)(C)OC(=O)N[C@@H](Cc1ccccc1)[C@@H](O)C[C@@H](Cc1ccccc1)C(=O)N[C@H]1c2ccccc2C[C@H]1O
CHEMBL150769,O=C1N(Cc2ccc(CO)cc2)C(COc2ccccc2)[C@H](O)[C@@H](O)C(COc2ccccc2)N1Cc1ccc(CO)cc1
CHEMBL150769,O=C1N(Cc2ccc(CO)cc2)C(COc2ccccc2)[C@H](O)[C@@H](O)C(COc2ccccc2)N1Cc1ccc(CO)cc1
CHEMBL441167,CNC(=O)[C@@H](NC(=O)[C@H](OCc1ccc(CCc2ccccc2)cc1)[C@H](O)[C@@H](O)[C@@H](OCc1ccc(CCc2ccccc2)cc1)C(=O)N[C@H](C(=O)NC)C(C)C)C(C)C
CHEMBL441167,CNC(=O)[C@@H](NC(=O)[C@H](OCc1ccc(CCc2ccccc2)cc1)[C@H](O)[C@@H](O)[C@@H](OCc1ccc(CCc2ccccc2)cc1)C(=O)N[C@H](C(=O)NC)C(C)C)C(C)C
CHEMBL295013,CC(C)(C)OC(=O)N[C@@H](Cc1ccc(OCCN2CCOCC2)cc1)[C@@H](O)C[C@@H](Cc1ccc(OCCN2CCOCC2)cc1)C(=O)NC1c2ccccc2C[C@H]1O
CHEMBL148372,Cc1nc(-c2[nH]c3ccc(Cl)cc3c2S(=O)(=O)c2ccccc2)[nH]c1C
CHEMBL149528,CC(C)C(C(=O)O)N(C)C(=O)[C@H](OCc1ccccc1)[C@@H](O)[C@H](O)[C@@H](OCc1ccccc1)C(=O)N(C)C(C(=O)O)C(C)C
CHEMBL149528,CC(C)C(C(=O)O)N(C)C(=O)[C@H](OCc1ccccc1)[C@@H](O)[C@H](O)[C@@H](OCc1ccccc1)C(=O)N(C)C(C(=O)O)C(C)C
CHEMBL348047,O=C(N[C@H]1CCCC[C@@H]1NC(=O)[C@H](Cc1ccccc1)CC(O)C[C@@H](Cc1ccccc1)C(=O)N[C@H]1CCCC[C@@H]1NC(=O)c1cc2ccccc2cn1)c1cc2ccccc2cn1
CHEMBL340116,CNC(=O)[C@@H](NC(=O)[C@H](OCc1ccc(-c2nccs2)cc1)[C@H](O)[C@@H](O)[C@@H](OCc1ccc(-c2nccs2)cc1)C(=O)N[C@H](C(=O)NC)C(C)C)C(C)C
CHEMBL340116,CNC(=O)[C@@H](NC(=O)[C@H](OCc1ccc(-c2nccs2)cc1)[C@H](O)[C@@H](O)[C@@H](OCc1ccc(-c2nccs2)cc1)C(=O)N[C@H](C(=O)NC)C(C)C)C(C)C
CHEMBL264040,O=C(NC1c2ccccc2C[C@H]1O)[C@H](OCc1ccccc1)[C@H](O)[C@@H](O)[C@@H](OCc1ccccc1)C(=O)NC1c2ccccc2C[C@@H]1O
CHEMBL264040,O=C(NC1c2ccccc2C[C@H]1O)[C@H](OCc1ccccc1)[C@H](O)[C@@H](O)[C@@H](OCc1ccccc1)C(=O)NC1c2ccccc2C[C@@H]1O
CHEMBL356895,O=C(NC1c2ccccc2C[C@H]1O)[C@@H](C[C@@H](O)[C@@H](OCc1ccccc1)C(=O)NC1c2ccccc2C[C@@H]1O)OCc1ccccc1
CHEMBL356895,O=C(NC1c2ccccc2C[C@H]1O)[C@@H](C[C@@H](O)[C@@H](OCc1ccccc1)C(=O)NC1c2ccccc2C[C@@H]1O)OCc1ccccc1
CHEMBL114,CC(C)(C)NC(=O)[C@@H]1C[C@@H]2CCCC[C@@H]2CN1C[C@@H](O)[C@H](Cc1ccccc1)NC(=O)[C@H](CC(N)=O)NC(=O)c1ccc2ccccc2n1
CHEMBL114,CC(C)(C)NC(=O)[C@@H]1C[C@@H]2CCCC[C@@H]2CN1C[C@@H](O)[C@H](Cc1ccccc1)NC(=O)[C@H](CC(N)=O)NC(=O)c1ccc2ccccc2n1
CHEMBL147790,O=S(=O)(c1ccccc1)c1c(-c2nc3c([nH]2)CCCC3)[nH]c2ccc(Cl)cc12
CHEMBL149863,CC(O)C(C(=O)O)N(C)C(=O)[C@H](OCc1ccccc1)[C@H](O)[C@@H](O)[C@@H](OCc1ccccc1)C(=O)N(C)C(C(=O)O)C(C)O
CHEMBL295549,CC(C)(C)OC(=O)N[C@@H](Cc1ccccc1)[C@@H](O)C[C@@H](Cc1ccc(OCCO)cc1)C(=O)NC1c2ccccc2C[C@H]1O
CHEMBL558604,Nc1nc(-c2[nH]c3ccc(Cl)cc3c2S(=O)(=O)c2ccccc2)cs1
CHEMBL337872,O=S1(=O)N(Cc2cccc(CCO)c2)[C@H](COc2ccccc2)[C@H](O)[C@@H](O)[C@@H](COc2ccccc2)N1Cc1cccc(CCO)c1
CHEMBL253018,Cc1cnc(-c2[nH]c3ccc(Cl)cc3c2S(=O)(=O)c2ccccc2)[nH]1
CHEMBL338428,CNC(=O)[C@@H](NC(=O)[C@H](OCc1ccc(C2=C(O)C(=O)CCC2)cc1)[C@H](O)[C@@H](O)[C@@H](OCc1ccc(C2=C(O)C(=O)CCC2)cc1)C(=O)N[C@H](C(=O)NC)C(C)C)C(C)C
CHEMBL338428,CNC(=O)[C@@H](NC(=O)[C@H](OCc1ccc(C2=C(O)C(=O)CCC2)cc1)[C@H](O)[C@@H](O)[C@@H](OCc1ccc(C2=C(O)C(=O)CCC2)cc1)C(=O)N[C@H](C(=O)NC)C(C)C)C(C)C
CHEMBL295442,CC(C)(C)OC(=O)N[C@@H](Cc1ccccc1)[C@@H](O)C[C@@H](Cc1ccc(OCCN2CC[S+]([O-])CC2)cc1)C(=O)NC1c2ccccc2C[C@H]1O
CHEMBL358008,CC(C)C(C(=O)O)N(C)C(=O)[C@H](OCc1ccccc1)[C@H](O)[C@@H](O)[C@@H](OCc1ccccc1)C(=O)NC1c2ccccc2C[C@@H]1O
CHEMBL358008,CC(C)C(C(=O)O)N(C)C(=O)[C@H](OCc1ccccc1)[C@H](O)[C@@H](O)[C@@H](OCc1ccccc1)C(=O)NC1c2ccccc2C[C@@H]1O
CHEMBL127524,CNC(=O)[C@@H](NC(=O)[C@H](OCc1ccc(-c2ccccn2)cc1)[C@H](O)[C@@H](O)[C@@H](OCc1ccc(-c2ccccn2)cc1)C(=O)N[C@H](C(=O)NC)C(C)C)C(C)C
CHEMBL127524,CNC(=O)[C@@H](NC(=O)[C@H](OCc1ccc(-c2ccccn2)cc1)[C@H](O)[C@@H](O)[C@@H](OCc1ccc(-c2ccccn2)cc1)C(=O)N[C@H](C(=O)NC)C(C)C)C(C)C
CHEMBL124093,CNC(=O)[C@@H](NC(=O)[C@H](OCc1ccccc1)[C@H](O)[C@@H](O)[C@@H](OCc1ccccc1)C(=O)N[C@H](C(=O)NC)c1ccccc1)c1ccccc1
CHEMBL124093,CNC(=O)[C@@H](NC(=O)[C@H](OCc1ccccc1)[C@H](O)[C@@H](O)[C@@H](OCc1ccccc1)C(=O)N[C@H](C(=O)NC)c1ccccc1)c1ccccc1
CHEMBL345868,O=C(N[C@H]1CCCC[C@@H]1NC(=O)[C@H](Cc1ccccc1)CC(O)C[C@@H](Cc1ccccc1)C(=O)N[C@H]1CCCC[C@@H]1NC(=O)c1ccc2ccccc2n1)c1ccc2ccccc2n1
CHEMBL105459,CNC(=O)[C@@H](NC(=O)[C@H](OCc1ccccc1)[C@H](O)[C@@H](O)[C@@H](OCc1ccccc1)C(=O)N[C@H](C(=O)NC)C(C)C)C(C)C
CHEMBL105459,CNC(=O)[C@@H](NC(=O)[C@H](OCc1ccccc1)[C@H](O)[C@@H](O)[C@@H](OCc1ccccc1)C(=O)N[C@H](C(=O)NC)C(C)C)C(C)C
CHEMBL356015,CSCCC(C(=O)O)N(C)C(=O)[C@H](OCc1ccccc1)[C@H](O)[C@@H](O)[C@@H](OCc1ccccc1)C(=O)N(C)C(CCSC)C(=O)O
CHEMBL357057,CNC(=O)c1cccc(CN2[C@H](COc3ccccc3)[C@H](O)[C@@H](O)[C@@H](COc3ccccc3)N(Cc3ccccc3)S2(=O)=O)c1
CHEMBL124139,CNC(=O)[C@@H](NC(=O)[C@H](OCc1ccc(Br)cc1)[C@H](O)[C@@H](O)[C@@H](OCc1ccc(Br)cc1)C(=O)N[C@H](C(=O)NC)C(C)C)C(C)C
CHEMBL124139,CNC(=O)[C@@H](NC(=O)[C@H](OCc1ccc(Br)cc1)[C@H](O)[C@@H](O)[C@@H](OCc1ccc(Br)cc1)C(=O)N[C@H](C(=O)NC)C(C)C)C(C)C
CHEMBL584,Cc1c(O)cccc1C(=O)N[C@@H](CSc1ccccc1)[C@H](O)CN1C[C@H]2CCCC[C@H]2C[C@H]1C(=O)NC(C)(C)C
CHEMBL584,Cc1c(O)cccc1C(=O)N[C@@H](CSc1ccccc1)[C@H](O)CN1C[C@H]2CCCC[C@H]2C[C@H]1C(=O)NC(C)(C)C
CHEMBL291203,CC(C)(C)OC(=O)N[C@@H](Cc1ccccc1)[C@@H](O)C[C@@H](Cc1ccc(OCCN2CCCCC2)cc1)C(=O)NC1c2ccccc2C[C@H]1O
CHEMBL295609,CC(C)(C)OC(=O)N[C@@H](Cc1ccccc1)[C@@H](O)C[C@@H](Cc1ccc(OCCN2CCCC2)cc1)C(=O)NC1c2ccccc2C[C@H]1O
CHEMBL2062158,CC(C)(C)OC(=O)N[C@@H](Cc1ccccc1)[C@@H](O)C[C@@H](Cc1ccc(OCCN2CCOCC2)cc1)C(=O)N[C@H]1c2ccccc2C[C@H]1O
CHEMBL21145,O=C1N(Cc2ccc(CO)cc2)[C@H](Cc2ccccc2)[C@H](O)[C@@H](O)[C@@H](Cc2ccccc2)N1Cc1ccc(CO)cc1
CHEMBL319509,O=C1N(Cc2ccc3sc(O)nc3c2)[C@H](Cc2ccccc2)[C@H](O)[C@@H](O)[C@@H](Cc2ccccc2)N1Cc1ccc2sc(O)nc2c1
CHEMBL98785,O=C1N(Cc2ccc3nc(O)sc3c2)[C@H](Cc2ccccc2)[C@H](O)[C@@H](O)[C@@H](Cc2ccccc2)N1Cc1ccc2nc(O)sc2c1
CHEMBL95767,CC(C)[C@H](NC(=O)OCc1ccccc1)C(=O)N[C@@H](Cc1ccccc1)[C@@H](O)[C@H](CO)[C@H](Cc1ccccc1)NC(=O)OC(C)(C)C
CHEMBL3350207,CC[C@H](C)[C@H](NC(=O)[C@@H](C(C)C)C(O)C(O)[C@H](CC1CCCCC1)NC(=O)[C@H](Cc1c[nH]cn1)NC(=O)COc1ccccc1)C(=O)NCc1ccccn1
CHEMBL111958,CC[C@H](C)[C@H](NC(=O)[C@@H]1CCCN1C[C@@H](O)[C@H](Cc1ccccc1)NC(=O)[C@H](CC(N)=O)NC(=O)OCc1ccccc1)C(=O)N[C@H](C(=O)OC)C(C)C
CHEMBL316732,O=C1Cc2cc(CN3C(=O)N(Cc4ccc5c(c4)CC(=O)N5)[C@H](Cc4ccccc4)[C@H](O)[C@@H](O)[C@H]3Cc3ccccc3)ccc2N1
CHEMBL316939,O=C1N(Cc2ccc3c(c2)NS(=O)(=O)N3)[C@H](Cc2ccccc2)[C@H](O)[C@@H](O)[C@@H](Cc2ccccc2)N1Cc1ccc2c(c1)NS(=O)(=O)N2
CHEMBL335916,CSCC(NC(=O)c1ccc2ccccc2n1)C(=O)N[C@@H](Cc1ccccc1)[C@@H](O)CN1CCCCC1C(=O)NC(C)(C)C
CHEMBL3350200,CC[C@H](C)[C@H](NC(=O)[C@H](CC(C)C)C(O)C(O)[C@H](CC(C)C)NC(=O)[C@H](Cc1c[nH]cn1)NC(=O)COc1cccc2ccccc12)C(=O)NCc1ccccn1
CHEMBL3349847,CC(C)(C)NC(=O)[C@@H]1CCCN1C(=O)[C@@H](O)[C@H](Cc1ccccc1)NC(=O)[C@H](CC(N)=O)NC(=O)OCc1ccccc1
CHEMBL113062,CC(C)(C)OC(=O)[C@@H]1CCCN1C[C@@H](O)[C@H](Cc1ccccc1)NC(=O)[C@H](CC(N)=O)NC(=O)OCc1ccccc1
CHEMBL334985,CC(C)(C)NC(=O)[C@@H]1CCCN1C(=O)[C@@H](O)[C@H](Cc1ccccc1)NC(=O)[C@H](CC(N)=O)NC(=O)COc1ccc2ccccc2c1
CHEMBL129565,CC(C)(C)N(C[C@@H](O)[C@H](Cc1ccccc1)NC(=O)[C@H](CC(N)=O)NC(=O)c1ccc2ccccc2n1)C(=O)NCC1CCCCC1
CHEMBL337040,CC(C)(C)OC(=O)[C@@H]1CCCN1CC(O)[C@H](Cc1ccccc1)NC(=O)[C@H](CC(N)=O)NC(=O)OCc1ccccc1
CHEMBL3349496,CC[C@H](C)[C@H](NC(=O)[C@@H]1CCCN1C[C@@H](O)[C@H](Cc1ccccc1)NC(=O)[C@H](CC(N)=O)NC(=O)OCc1ccccc1)C(=O)N[C@@H](Cc1ccccc1)C(=O)OC
CHEMBL120090,CC(C)(C)NC(=O)c1ccccc1C[C@@H](O)[C@H](Cc1ccccc1)NC(=O)c1cccc(C(=O)N2CCc3ccccc3C2)c1
CHEMBL3350206,CC[C@H](C)[C@H](NC(=O)[C@@H](C(C)C)C(O)C(O)[C@H](CC(C)C)NC(=O)[C@H](Cc1c[nH]cn1)NC(=O)COc1cccc2ccccc12)C(=O)NCc1ccccn1
CHEMBL98234,CC(C)(C)[C@H](NC(=O)OCc1nc2ccccc2[nH]1)C(=O)N[C@@H](Cc1ccccc1)[C@H](O)[C@@H](CO)[C@H](Cc1ccccc1)NC(=O)[C@@H](NC(=O)OCc1nc2ccccc2[nH]1)C(C)(C)C
CHEMBL320219,O=C1N(Cc2ccc3[nH]cnc3c2)[C@H](Cc2ccccc2)[C@H](O)[C@@H](O)[C@@H](Cc2ccccc2)N1Cc1ccc2[nH]cnc2c1
CHEMBL282787,CC(C)(C)NC(=O)c1ccccc1C[C@@H](O)[C@H](Cc1ccccc1)NC(=O)[C@H](CC(N)=O)NC(=O)c1ccc2ccccc2n1
CHEMBL335881,CC(C)CNC(=O)N(C[C@@H](O)[C@H](Cc1ccccc1)NC(=O)[C@H](CC(N)=O)NC(=O)OCc1ccccc1)C(C)C
CHEMBL296115,CC(C)(C)OC(=O)N[C@@H](Cc1ccccc1)[C@@H](O)C[C@@H](Cc1ccccc1)C(=O)N[C@H]1c2ccccc2C[C@H]1O
CHEMBL132777,CC(C)(C)NC(=O)C1CCCCN1C[C@H](O)[C@H](Cc1ccccc1)NC(=O)C(CC(N)=O)NC(=O)c1ccc2ccccc2n1
CHEMBL3350196,CC[C@H](C)[C@H](NC(=O)[C@@H](C(C)C)C(O)C(O)[C@H](CC1CCCCC1)NC(=O)[C@H](Cc1c[nH]cn1)NC(=O)COc1cccc2ccccc12)C(=O)NCc1ccccn1
CHEMBL132432,CC(C)CCNC(=O)N(C[C@@H](O)[C@H](Cc1ccccc1)NC(=O)[C@H](CC(N)=O)NC(=O)c1ccc2ccccc2n1)C(C)(C)C
CHEMBL135948,CC(C)(C)OC(=O)N[C@@H](Cc1ccccc1)C(O)C[C@@H](Cc1ccccc1)C(=O)N[C@H]1c2ccccc2C[C@H]1O
CHEMBL3350215,COC(=O)[C@@H](NC(=O)[C@H](CC(C)C)NC(=O)[C@@H]1CCCN1C[C@@H](O)[C@H](Cc1ccccc1)NC(=O)[C@H](CC(N)=O)NC(=O)[C@H](CC(C)C)NC(=O)[C@H](CO)NC(C)=O)C(C)C
CHEMBL431534,CC(C)C[C@@]1(C2=C(O)[C@](Cc3ccccc3)(C[C@H](O)[C@@H](CC(=O)OC(C)(C)C)Cc3ccccc3)N=C2)N=CC([C@@H](Cc2ccccc2)C(N)=O)=C1O
CHEMBL98288,CC(C)(C)[C@H](NC(=O)OCc1nc2ccccc2[nH]1)C(=O)N[C@@H](Cc1ccccc1)[C@@H](O)[C@H](CO)[C@H](Cc1ccccc1)NC(=O)[C@@H](NC(=O)OCc1nc2ccccc2[nH]1)C(C)(C)C
CHEMBL5483011,CC(C)(C)NC(=O)[C@@H]1CN(Cc2cccnc2)CCN1C[C@@H](O)C[C@@H](Cc1ccccc1)C(=O)N[C@H]1c2ccccc2C[C@H]1O.O
CHEMBL3085516,CC(C)(C)NC(=O)[C@@H]1CCCN1C[C@H](O)[C@H](Cc1ccccc1)NC(=O)[C@H](CC(N)=O)NC(=O)OCc1ccccc1
CHEMBL3350209,CC[C@H](C)[C@H](NC(=O)[C@@H](C(C)C)C(O)C(O)[C@H](Cc1c[nH]cn1)NC(=O)COc1ccccc1)C(=O)NCc1ccccn1
CHEMBL300812,O=C(N[C@@H](Cc1ccccc1)[C@@H](O)C[C@]1(Cc2ccccc2)N=CC(C2CNC(=O)c3ccccc32)=C1O)O[C@H]1CCOC1
CHEMBL98826,O=C1N(Cc2ccc3nc(O)oc3c2)[C@H](Cc2ccccc2)[C@H](O)[C@@H](O)[C@@H](Cc2ccccc2)N1Cc1ccc2nc(O)oc2c1
CHEMBL335391,CC(C)[C@H](NC(=O)COc1cccc2ccccc12)C(=O)N[C@@H](Cc1ccccc1)[C@H](O)C(=O)N1CCC[C@H]1C(=O)NC(C)(C)C
CHEMBL2311136,CC[C@@H](C)[C@H](NC(=O)[C@@H]1CCCN1C[C@@H](O)[C@H](Cc1ccccc1)NC(=O)[C@H](CC(N)=O)NC(=O)[C@H](CC(C)C)NC(C)=O)C(=O)N[C@H](C(=O)OC)C(C)C
CHEMBL329711,Nc1nc2cc(CN3C(=O)N(Cc4ccc5[nH]c(N)nc5c4)[C@H](Cc4ccccc4)[C@H](O)[C@@H](O)[C@H]3Cc3ccccc3)ccc2[nH]1
CHEMBL3350203,CC[C@H](C)[C@H](NC(=O)[C@@H](CC1CCCCC1)C(O)C(O)[C@H](CC1CCCCC1)NC(=O)[C@H](Cc1c[nH]cn1)NC(=O)COc1cccc2ccccc12)C(=O)NCc1ccccn1
CHEMBL132036,CC(C)(C)N(C[C@@H](O)[C@H](Cc1ccccc1)NC(=O)[C@H](CC(N)=O)NC(=O)OCc1ccccc1)C(=O)NCC1CCCCC1
CHEMBL131802,CC(=O)N[C@@H](CO)C(=O)N[C@@H](CC(C)C)C(=O)N[C@@H](CC(N)=O)C(=O)N[C@@H](Cc1ccccc1)[C@H](O)CN1CCC[C@H]1C(=O)OC(C)(C)C
CHEMBL53107,CC(C)C[C@@]1(C2=C(O)[C@](Cc3ccccc3)(C[C@H](O)[C@@H](CC(=O)OC3CCOC3)Cc3ccccc3)N=C2)N=CC([C@@H](Cc2ccccc2)C(N)=O)=C1O
CHEMBL3143738,CC[C@H](C)[C@H](NC(=O)[C@@H](NC[C@H](O)[C@H](CC1CCCCC1)N(C(C)=O)C(C)(C)C)C(C)C)C(=O)NCc1ccccn1
CHEMBL3706748,Cc1ccc(C(=O)N2CCc3ccccc3C2)cc1C(=O)N[C@@H](Cc1ccccc1)[C@H](O)CN1C[C@H]2CCCC[C@H]2C[C@H]1C(=O)NC(C)(C)C
CHEMBL132945,CC(C)(C)NC(=O)[C@@H]1C[C@@H]2CCCC[C@@H]2CN1C(=O)[C@@H](O)[C@H](Cc1ccccc1)NC(=O)[C@H](CC(N)=O)NC(=O)OCc1ccccc1
CHEMBL99013,O=C1N(Cc2ccc3[nH]ccc3c2)[C@H](Cc2ccccc2)[C@H](O)[C@@H](O)[C@@H](Cc2ccccc2)N1Cc1ccc2[nH]ccc2c1
CHEMBL163243,Cc1ccc(C(=O)N(C)Cc2ccccn2)cc1C(=O)N[C@@H](Cc1ccccc1)[C@H](O)CN1C[C@H]2CCCC[C@H]2C[C@H]1C(=O)NC(C)(C)C
CHEMBL420235,CCC[C@]1(CCc2ccccc2)OC(=O)C([C@H](CC)c2cccc(NS(=O)(=O)c3ccc(C(F)(F)F)cn3)c2)=C(O)O1
CHEMBL3350218,CC[C@H](C)[C@H](NC(=O)[C@@H](Cc1ccccc1)[C@@H](O)[C@H](O)[C@H](Cc1ccccc1)NC(=O)[C@H](Cc1c[nH]cn1)NC(=O)COc1cccc2ccccc12)C(=O)NCc1ccccn1
CHEMBL3143736,CC[C@H](C)[C@H](NC(=O)[C@@H]1CCCN1C[C@H](O)[C@H](CC(C)C)NC(=O)[C@H](CC(N)=O)NC(=O)[C@H](CC(C)C)NC(C)=O)C(=O)N[C@H](C(=O)OC)C(C)C
CHEMBL441350,Nc1nc2ccc(CN3C(=O)N(Cc4ccc5nc(N)oc5c4)[C@H](Cc4ccccc4)[C@H](O)[C@@H](O)[C@H]3Cc3ccccc3)cc2o1
CHEMBL335093,CC(C)CNC(=O)N(C[C@@H](O)[C@H](Cc1ccccc1)NC(=O)[C@H](CC(N)=O)NC(=O)c1ccc2ccccc2n1)C(C)(C)C
CHEMBL93082,CC(C)(C)NC(=O)[C@@H]1CCCCN1C[C@@H](O)[C@H](Cc1ccccc1)NC(=O)[C@H](CC(N)=O)NC(=O)OCc1ccccc1
CHEMBL3085517,CC[C@H](C)[C@H](NC(=O)[C@@H](C(C)C)C(O)C(O)[C@H](CC1CCCCC1)NC(=O)CC1CCCCC1)C(=O)NCc1ccccn1
CHEMBL1790971,CC[C@H](C)[C@H](NC(=O)[C@@H]1CCCN1CC(O)[C@H](Cc1ccccc1)NC(=O)[C@H](CC(N)=O)NC(=O)OCc1ccccc1)C(=O)N[C@H](C(=O)OC)C(C)C
CHEMBL291974,CC(C)(C)OC(=O)N[C@@H](Cc1ccccc1)[C@@H](O)C[C@]1(Cc2ccccc2)N=CC(C2c3ccccc3C[C@H]2O)=C1O
CHEMBL78671,O=C1N(Cc2ccc3[nH]ncc3c2)[C@H](Cc2ccccc2)[C@H](O)[C@@H](O)[C@@H](Cc2ccccc2)N1Cc1ccc2[nH]ncc2c1
CHEMBL88964,CCCC1(CCc2ccccc2)OC(=O)C(C(CC)c2cccc(NS(=O)(=O)c3ccc(C(F)(F)F)cn3)c2)=C(O)O1
CHEMBL3350204,CC[C@H](C)[C@H](NC(=O)[C@@H](C(C)C)C(O)C(O)[C@H](CC(C)C)NC(=O)[C@H](Cc1c[nH]cn1)NC(=O)[C@H](Cc1ccccc1)NC(=O)OC(C)(C)C)C(=O)NCc1ccccn1
CHEMBL3350210,CC[C@H](C)[C@H](NC(=O)[C@@H](C(C)C)C(O)C(O)[C@H](CC1CCCCC1)NC(=O)[C@H](Cc1c[nH]cn1)NC(=O)CN)C(=O)NCc1ccccn1
CHEMBL293808,O=C(N[C@@H](Cc1ccccc1)[C@@H](O)C[C@]1(Cc2ccccc2)N=CC(C2c3ccccc3C[C@H]2O)=C1O)O[C@H]1CCOC1
CHEMBL293808,O=C(N[C@@H](Cc1ccccc1)[C@@H](O)C[C@]1(Cc2ccccc2)N=CC(C2c3ccccc3C[C@H]2O)=C1O)O[C@H]1CCOC1
CHEMBL2371783,CC[C@H](C)[C@H](NC(=O)[C@@H]1CCCN1C[C@H](O)[C@H](CC(C)C)NC(=O)[C@H](CC(N)=O)NC(=O)[C@H](CC(C)C)NC(=O)[C@H](CO)NC(C)=O)C(=O)N[C@H](C(=O)OC)C(C)C
CHEMBL163,CC(C)c1nc(CN(C)C(=O)N[C@H](C(=O)N[C@@H](Cc2ccccc2)C[C@H](O)[C@H](Cc2ccccc2)NC(=O)OCc2cncs2)C(C)C)cs1
CHEMBL90449,CCCC1(CCc2ccccc2)OC(=O)C(C(CC)c2cccc(NS(=O)(=O)c3ccccn3)c2)=C(O)O1
CHEMBL87806,CCCC1(CCc2ccccc2)OC(=O)C(C(CC)c2cccc(NS(=O)(=O)c3ccc([N+](=O)[O-])cn3)c2)=C(O)O1
CHEMBL3349662,CC(C)[C@H](NC(=O)OCc1ccccc1)C(=O)N[C@@H](Cc1ccccc1)[C@H](O)C(=O)N1CCC[C@H]1C(=O)NC(C)(C)C
CHEMBL52868,CC(C)C[C@H](NC(=O)[C@H](Cc1ccccc1)C[C@H](O)[C@@H](CC(=O)OC(C)(C)C)Cc1ccccc1)C(=O)N[C@@H](Cc1ccccc1)C(N)=O
CHEMBL330404,Nc1nc2cc(CN3C(=O)N(Cc4ccc5sc(N)nc5c4)[C@H](Cc4ccccc4)[C@H](O)[C@@H](O)[C@H]3Cc3ccccc3)ccc2s1
CHEMBL89038,CCCC1(CCc2ccccc2)OC(=O)C(C(CC)c2cccc(NS(=O)(=O)c3ccc(C#N)cc3)c2)=C(O)O1
CHEMBL3085514,CC(C)(C)NC(=O)[C@@H]1CCCCN1C(=O)[C@@H](O)[C@H](Cc1ccccc1)NC(=O)[C@H](CC(N)=O)NC(=O)OCc1ccccc1
CHEMBL134296,CC(C)(C)N(C[C@@H](O)[C@H](Cc1ccccc1)NC(=O)[C@H](CC(N)=O)NC(=O)OCc1ccccc1)C(=O)NCc1ccccc1
CHEMBL2062160,O=C(N[C@@H](Cc1ccccc1)[C@@H](O)C[C@@H](Cc1ccccc1)C(=O)N[C@H]1c2ccccc2C[C@H]1O)OC1CCOC1
CHEMBL3143731,CC[C@H](C)[C@H](NC(=O)[C@H](Cc1ccccc1)NC[C@H](O)[C@H](Cc1ccccc1)NC(=O)OC(C)(C)C)C(=O)N[C@@H](Cc1ccccc1)C(=O)OC
CHEMBL99033,O=C1N(Cc2ccc3oc(O)nc3c2)[C@H](Cc2ccccc2)[C@H](O)[C@@H](O)[C@@H](Cc2ccccc2)N1Cc1ccc2oc(O)nc2c1
CHEMBL315121,CCCC1(CCc2ccccc2)OC(=O)C(C(CC)c2cccc(NS(=O)(=O)c3ccc(C#N)cn3)c2)=C(O)O1
CHEMBL312909,CCCC1(CCc2ccccc2)OC(=O)C(C(CC)c2cccc(NS(=O)(=O)c3ccc(N)cn3)c2)=C(O)O1
CHEMBL133585,CC(C)(C)NC(=O)C1CCCCN1C[C@H](O)[C@H](Cc1ccccc1)NC(=O)C(CC#N)NC(=O)OCc1ccccc1
CHEMBL3085515,CC(C)(C)NC(=O)[C@@H]1CCCN1C(=O)C(=O)[C@H](Cc1ccccc1)NC(=O)[C@H](CC(N)=O)NC(=O)OCc1ccccc1
CHEMBL97836,O=C1Nc2ccc(CN3C(=O)N(Cc4ccc5c(c4)C(=O)C(=O)N5)[C@H](Cc4ccccc4)[C@H](O)[C@@H](O)[C@H]3Cc3ccccc3)cc2C1=O
CHEMBL3085513,CC(C)(C)NC(=O)[C@@H]1C[C@@H]2CCCC[C@@H]2CN1C(=O)[C@@H](O)[C@H](Cc1ccccc1)NC(=O)[C@H](CC(N)=O)NC(=O)c1ccc2ccccc2n1
CHEMBL317976,O=C1CNc2cc(CN3C(=O)N(Cc4ccc5c(c4)NCC(=O)N5)[C@H](Cc4ccccc4)[C@H](O)[C@@H](O)[C@H]3Cc3ccccc3)ccc2N1
CHEMBL278875,CCCCN(C[C@@H](O)[C@H](Cc1ccccc1)NC(=O)[C@H](CC(N)=O)NC(=O)c1ccc2ccccc2n1)C(=O)NCC(C)C
CHEMBL133552,CC(C)(C)N(C[C@@H](O)[C@H](Cc1ccccc1)NC(=O)[C@H](CC(N)=O)NC(=O)c1ccc2ccccc2n1)C(=O)NCc1ccccc1
CHEMBL337283,CC(C)(C)NC(=O)[C@@H]1CCCN1C(=O)[C@@H](O)[C@H](Cc1ccccc1)NC(=O)[C@H](CC(N)=O)NC(=O)c1ccc2ccccc2n1
CHEMBL109500,CC[C@H](C)[C@H](NC(=O)[C@@H]1CCCN1C[C@H](O)[C@H](Cc1ccccc1)NC(=O)[C@H](CC(N)=O)NC(=O)[C@H](CC(C)C)NC(=O)[C@H](CO)NC(C)=O)C(=O)N[C@H](C(=O)OC)C(C)C
CHEMBL320005,O=C1N(Cc2ccc3c[nH]nc3c2)[C@H](Cc2ccccc2)[C@H](O)[C@@H](O)[C@@H](Cc2ccccc2)N1Cc1ccc2c[nH]nc2c1
CHEMBL330405,O=C1N(Cc2ccc3nc(S)oc3c2)[C@H](Cc2ccccc2)[C@H](O)[C@@H](O)[C@@H](Cc2ccccc2)N1Cc1ccc2nc(S)oc2c1
CHEMBL3350197,CC[C@H](C)[C@H](NC(=O)[C@@H](CC(C)C)C(O)C(O)[C@H](CC1CCCCC1)NC(=O)[C@H](Cc1c[nH]cn1)NC(=O)COc1cccc2ccccc12)C(=O)NCc1ccccn1
CHEMBL3350212,COC(=O)[C@@H](NC(=O)[C@H](CC(C)C)NC(=O)[C@@H]1CCCN1C[C@H](O)[C@H](Cc1ccccc1)NC(=O)[C@H](CC(N)=O)NC(=O)[C@H](CC(C)C)NC(=O)[C@H](CO)NC(C)=O)C(C)C
CHEMBL3349889,CC(=O)N[C@@H](CO)C(=O)N[C@@H](CC(C)C)C(=O)N[C@@H](CC(N)=O)C(=O)N[C@@H](Cc1ccccc1)[C@@H](O)CN1CCC[C@H]1C(=O)OC(C)(C)C
CHEMBL3350211,CC[C@H](C)[C@H](NC(=O)[C@@H](C(C)C)C(O)C(O)[C@H](CC1CCCCC1)NC(=O)[C@H](Cc1c[nH]cn1)NC(=O)CO)C(=O)NCc1ccccn1
CHEMBL98878,CC(C)[C@H](NC(=O)OCc1ccccc1)C(=O)N[C@@H](Cc1ccccc1)[C@@H](O)[C@H](CO)[C@H](Cc1ccccc1)NC(=O)C(NC(=O)OCc1ccccc1)C(C)(C)C
CHEMBL318965,CC(C)(C)C(NC(=O)OCc1ccccc1)C(=O)N[C@@H](Cc1ccccc1)[C@H](CO)[C@@H](O)[C@H](Cc1ccccc1)NC(=O)[C@@H](NC(=O)OCc1ccccc1)C(C)(C)C
CHEMBL407000,CC(C)(C)[C@H](NC(=O)CCc1nc2ccccc2[nH]1)C(=O)N[C@@H](Cc1ccccc1)[C@H](O)[C@@H](CO)[C@H](Cc1ccccc1)NC(=O)[C@@H](NC(=O)CCc1nc2ccccc2[nH]1)C(C)(C)C
CHEMBL133022,CC(C)CNC(=O)N(C[C@@H](O)[C@H](Cc1ccccc1)NC(=O)[C@H](CC(N)=O)NC(=O)OCc1ccccc1)C(C)(C)C
CHEMBL133883,CC(C)(C)N(C[C@@H](O)[C@H](Cc1ccccc1)NC(=O)[C@H](CC(N)=O)NC(=O)c1ccc2ccccc2n1)C(=O)NCc1ccncc1
CHEMBL163,CC(C)c1nc(CN(C)C(=O)N[C@H](C(=O)N[C@@H](Cc2ccccc2)C[C@H](O)[C@H](Cc2ccccc2)NC(=O)OCc2cncs2)C(C)C)cs1
CHEMBL163,CC(C)c1nc(CN(C)C(=O)N[C@H](C(=O)N[C@@H](Cc2ccccc2)C[C@H](O)[C@H](Cc2ccccc2)NC(=O)OCc2cncs2)C(C)C)cs1
CHEMBL95271,Nc1nc2ccc(CN3C(=O)N(Cc4ccc5nc(N)sc5c4)[C@H](Cc4ccccc4)[C@H](O)[C@@H](O)[C@H]3Cc3ccccc3)cc2s1
CHEMBL97127,CC(C)C(NC(=O)OCc1ccccc1)C(=O)N[C@@H](Cc1ccccc1)[C@@H](CO)[C@H](O)[C@H](Cc1ccccc1)NC(=O)[C@@H](NC(=O)OCc1ccccc1)C(C)C
CHEMBL97592,CC(C)(C)C(NC(=O)OCc1ccccc1)C(=O)N[C@@H](Cc1ccccc1)[C@@H](CO)[C@H](O)[C@H](Cc1ccccc1)NC(=O)[C@@H](NC(=O)OCc1ccccc1)C(C)(C)C
CHEMBL347662,Cc1ccc(C(=O)N2CCc3ccccc3C2)cc1C(=O)N[C@@H](Cc1ccccc1)[C@H](O)Cc1ccccc1C(=O)NC(C)(C)C
CHEMBL336981,CC(C)(C)OC(=O)N[C@@H](CC(N)=O)C(=O)N[C@@H](Cc1ccccc1)C(O)C[C@@H](Cc1ccccc1)C(=O)N[C@H]1c2ccccc2C[C@H]1O
CHEMBL105976,S=C(NCCOc1nc2cc(Cl)ccc2n2cccc12)Nc1ccc(Br)cn1
CHEMBL330619,O=C1N(Cc2ccc3ncoc3c2)[C@H](Cc2ccccc2)[C@H](O)[C@@H](O)[C@@H](Cc2ccccc2)N1Cc1ccc2ncoc2c1
CHEMBL335056,CC(C)(C)N(C[C@@H](O)[C@H](Cc1ccccc1)NC(=O)[C@H](CC(N)=O)NC(=O)OCc1ccccc1)C(=O)NCc1ccncc1
CHEMBL99174,O=C1N(Cc2ccc3[nH]nnc3c2)[C@H](Cc2ccccc2)[C@H](O)[C@@H](O)[C@@H](Cc2ccccc2)N1Cc1ccc2[nH]nnc2c1
CHEMBL318851,O=C1N(Cc2ccc3scnc3c2)[C@H](Cc2ccccc2)[C@H](O)[C@@H](O)[C@@H](Cc2ccccc2)N1Cc1ccc2scnc2c1
CHEMBL97304,CC(C)(C)[C@H](NC(=O)CCc1nc2ccccc2[nH]1)C(=O)N[C@@H](Cc1ccccc1)[C@@H](O)[C@H](CO)[C@H](Cc1ccccc1)NC(=O)[C@@H](NC(=O)CCc1nc2ccccc2[nH]1)C(C)(C)C
CHEMBL3350216,CC(C)(C)OC(=O)[C@@H]1CCCN1C[C@H](O)[C@H](Cc1ccccc1)NC(=O)[C@H](CC(N)=O)NC(=O)c1ccc2ccccc2n1
CHEMBL335379,CC(C)CCNC(=O)N(C[C@@H](O)[C@H](Cc1ccccc1)NC(=O)[C@H](CC(N)=O)NC(=O)OCc1ccccc1)C(C)(C)C
CHEMBL114,CC(C)(C)NC(=O)[C@@H]1C[C@@H]2CCCC[C@@H]2CN1C[C@@H](O)[C@H](Cc1ccccc1)NC(=O)[C@H](CC(N)=O)NC(=O)c1ccc2ccccc2n1
CHEMBL335073,COC(=O)[C@@H](NC(=O)[C@H](CC(C)C)NC(=O)[C@@H]1CCCN1C[C@@H](O)[C@H](Cc1ccccc1)NC(=O)[C@H](CC(N)=O)NC(=O)OC(C)(C)C)C(C)C
CHEMBL1790969,CC[C@H](C)[C@H](NC(=O)[C@@H]1CCCN1CC(O)[C@H](Cc1ccccc1)NC(=O)[C@H](CC(N)=O)NC(=O)c1ccc2ccccc2n1)C(=O)N[C@@H](Cc1ccccc1)C(=O)OC
CHEMBL3349993,CC[C@H](C)[C@H](NC(=O)[C@@H]1CCCN1C(=O)[C@H](O)[C@H](Cc1ccccc1)NC(=O)[C@H](CC(N)=O)NC(=O)OCc1ccccc1)C(=O)N[C@H](C(=O)OC)C(C)C
CHEMBL2371768,COC(=O)[C@@H](NC(=O)[C@@H](NC(=O)CNC[C@H](O)[C@H](Cc1ccccc1)NC(=O)[C@H](C)NC(=O)[C@H](C)N)C(C)C)C(C)C
CHEMBL114,CC(C)(C)NC(=O)[C@@H]1C[C@@H]2CCCC[C@@H]2CN1C[C@@H](O)[C@H](Cc1ccccc1)NC(=O)[C@H](CC(N)=O)NC(=O)c1ccc2ccccc2n1
CHEMBL334806,CC(C)(C)NC(=O)[C@@H]1C[C@@H]2CCCC[C@@H]2CN1C[C@@H](O)[C@H](Cc1ccccc1)NC(=O)[C@H](CC(N)=O)NC(=O)OCc1ccccc1
CHEMBL3350199,CC[C@H](C)[C@H](NC(=O)[C@@H]1C[C@@H]2CCCC[C@@H]2CN1C[C@@H](O)[C@H](Cc1ccccc1)NC(=O)[C@H](CC(N)=O)NC(=O)OCc1ccccc1)C(=O)N[C@H](C(=O)OC)C(C)C
CHEMBL3085518,CC(C)(C)NC(=O)[C@@H]1CCCN1C(=O)[C@@H](O)[C@H](Cc1ccccc1)NC(=O)[C@H](CC(N)=O)NC(=O)COc1cccc2ccccc12
CHEMBL55070,NC(=O)O[C@@H]1Cc2ccccc2C1C1=C(O)[C@](Cc2ccccc2)(C[C@H](O)[C@H](Cc2ccccc2)NC(=O)O[C@H]2CCOC2)N=C1
CHEMBL55070,NC(=O)O[C@@H]1Cc2ccccc2C1C1=C(O)[C@](Cc2ccccc2)(C[C@H](O)[C@H](Cc2ccccc2)NC(=O)O[C@H]2CCOC2)N=C1
CHEMBL337053,CC(C)(C)NC(=O)[C@@H]1C[C@@H]2CCCC[C@@H]2CN1C[C@H](O)[C@H](Cc1ccccc1)NC(=O)[C@H](CC(N)=O)NC(=O)OCc1ccccc1
CHEMBL264763,NC(=O)[C@H](CCC(=O)O)NC(=O)[C@H](CCC(=O)O)NC(=O)[C@H](Cc1ccccc1)NC(=O)[C@H](O)[C@H](Cc1ccccc1)NC(=O)OCc1ccccc1
CHEMBL264763,NC(=O)[C@H](CCC(=O)O)NC(=O)[C@H](CCC(=O)O)NC(=O)[C@H](Cc1ccccc1)NC(=O)[C@H](O)[C@H](Cc1ccccc1)NC(=O)OCc1ccccc1
CHEMBL52670,CC1(C)SCN(C(=O)[C@@H](O)C[C@@H](Cc2ccccc2)C(=O)N[C@H]2c3ccccc3OC[C@H]2O)[C@@H]1C(=O)NCc1c(F)cccc1F
CHEMBL52670,CC1(C)SCN(C(=O)[C@@H](O)C[C@@H](Cc2ccccc2)C(=O)N[C@H]2c3ccccc3OC[C@H]2O)[C@@H]1C(=O)NCc1c(F)cccc1F
CHEMBL52670,CC1(C)SCN(C(=O)[C@@H](O)C[C@@H](Cc2ccccc2)C(=O)N[C@H]2c3ccccc3OC[C@H]2O)[C@@H]1C(=O)NCc1c(F)cccc1F
CHEMBL3349497,CC[C@H](C)[C@H](NC(=O)C1CCCN1C[C@@H](O)[C@H](Cc1ccccc1)NC(=O)[C@H](CC(N)=O)NC(=O)[C@H](CC(C)C)NC(=O)OC(C)(C)C)C(=O)N[C@H](C(=O)OC)C(C)C
CHEMBL52702,Cc1cccc(C)c1CNC(=O)[C@H]1N(C(=O)[C@H](O)C[C@@H](Cc2ccccc2)C(=O)N[C@H]2c3ccccc3OC[C@H]2O)CSC1(C)C
CHEMBL52702,Cc1cccc(C)c1CNC(=O)[C@H]1N(C(=O)[C@H](O)C[C@@H](Cc2ccccc2)C(=O)N[C@H]2c3ccccc3OC[C@H]2O)CSC1(C)C
CHEMBL52702,Cc1cccc(C)c1CNC(=O)[C@H]1N(C(=O)[C@H](O)C[C@@H](Cc2ccccc2)C(=O)N[C@H]2c3ccccc3OC[C@H]2O)CSC1(C)C
CHEMBL52669,Cc1cccc(Cl)c1CNC(=O)[C@H]1N(C(=O)[C@@H](O)C[C@@H](Cc2ccccc2)C(=O)N[C@H]2c3ccccc3OC[C@H]2O)CSC1(C)C
CHEMBL52669,Cc1cccc(Cl)c1CNC(=O)[C@H]1N(C(=O)[C@@H](O)C[C@@H](Cc2ccccc2)C(=O)N[C@H]2c3ccccc3OC[C@H]2O)CSC1(C)C
CHEMBL52669,Cc1cccc(Cl)c1CNC(=O)[C@H]1N(C(=O)[C@@H](O)C[C@@H](Cc2ccccc2)C(=O)N[C@H]2c3ccccc3OC[C@H]2O)CSC1(C)C
CHEMBL343608,CC(C)(C)OC(=O)N[C@H](Cc1c[nH]cn1)C(=O)Nc1cccc(C(c2c(O)c3c(oc2=O)CCCCCC3)C2CC2)c1
CHEMBL3349492,CC[C@H](C)[C@H](NC(=O)C1CCCN1C[C@@H](O)[C@H](Cc1ccccc1)NC(=O)[C@H](CC(N)=O)NC(=O)c1ccc2ccccc2n1)C(=O)N[C@@H](Cc1ccccc1)C(=O)NC
CHEMBL163435,CC(C)c1ccccc1SC1=C(O)OC(CCCC(=O)N2CCSCC2)(c2ccccc2)CC1=O
CHEMBL49870,O=C1N(Cc2ccccc2)[C@H](Cc2ccccc2)[C@H](O)CN(Cc2ccccc2)N1Cc1ccccc1
CHEMBL434266,CC(C)(C)OC(=O)NCCCC(=O)Nc1cccc(C(c2c(O)c3c(oc2=O)CCCCCC3)C2CC2)c1
CHEMBL138637,C[C@H](NC(=O)OC(C)(C)C)C(=O)Nc1cccc(C(c2c(O)c3c(oc2=O)CCCCCC3)C2CC2)c1
CHEMBL3349485,CC[C@H](C)[C@H](NC(=O)[C@@H]1CCCN1C[C@@H](O)[C@H](Cc1ccccc1)NC(=O)[C@H](CC(N)=O)NC(=O)[C@H](CC(C)C)NC(=O)[C@H](CO)NC(C)=O)C(=O)N[C@H](C(=O)OC)C(C)C
CHEMBL274027,CC(C)c1ccccc1SC1=C(O)OC(CCCC(=O)N2CCN(C(=O)OC(C)(C)C)CC2)(c2ccccc2)CC1=O
CHEMBL140074,O=C(Nc1cccc(C(c2c(O)oc3c(c2=O)CCCCCC3)C2CC2)c1)c1ccccc1
CHEMBL3349483,CC[C@H](C)[C@H](NC(=O)C1CCCN1C[C@@H](O)[C@H](Cc1ccccc1)NC(=O)[C@H](CC(N)=O)NC(=O)[C@H](CC(C)C)NC(=O)[C@H](CO)NC(C)=O)C(=O)N[C@@H](Cc1ccc2ccccc2c1)C(=O)OC
CHEMBL299884,Cc1ccnc(C)c1CNC(=O)[C@H]1N(C(=O)[C@@H](O)C[C@@H](Cc2ccccc2)C(=O)N[C@H]2c3ccccc3OC[C@H]2O)CSC1(C)C
CHEMBL299884,Cc1ccnc(C)c1CNC(=O)[C@H]1N(C(=O)[C@@H](O)C[C@@H](Cc2ccccc2)C(=O)N[C@H]2c3ccccc3OC[C@H]2O)CSC1(C)C
CHEMBL299884,Cc1ccnc(C)c1CNC(=O)[C@H]1N(C(=O)[C@@H](O)C[C@@H](Cc2ccccc2)C(=O)N[C@H]2c3ccccc3OC[C@H]2O)CSC1(C)C
CHEMBL326473,CC(C)C(=O)c1cnc([C@H](Cc2ccccc2)C[C@H](O)[C@H](Cc2ccccc2)NC(=O)[C@@H](NC(=O)OCc2ccccc2)C(C)C)[nH]1
CHEMBL108226,C=CC(C)(C)C(=O)c1c[nH]c([C@H](Cc2ccccc2)C[C@H](O)[C@H](Cc2ccccc2)NC(=O)OC(C)(C)C)n1
CHEMBL341707,O=c1c2c(oc(O)c1C(c1ccccc1)C1CC1)C(CC1CCCCO1)CCCCCC2
CHEMBL326347,COC(=O)N[C@H](C(=O)N[C@@H](Cc1ccccc1)[C@@H](O)CN(CCC(C)C)NC(=O)[C@@H](NC(=O)OC)C(C)C)C(C)C
CHEMBL139397,CCNC(=O)Nc1cccc(C(c2c(O)c3c(oc2=O)CCCCCC3)C2CC2)c1
CHEMBL324108,COC(=O)N[C@H](C(=O)N[C@@H](Cc1ccccc1)[C@@H](O)CN(Cc1ccc(-c2ccccc2)cc1)NC(=O)[C@@H](NC(=O)OC)C(C)(C)C)C(C)(C)C
CHEMBL326941,CCOC(=O)N[C@H](C(=O)NN(Cc1ccc(-c2cncs2)cc1)C[C@H](O)[C@H](Cc1ccccc1)NC(=O)[C@@H](NC(=O)OC)C(C)(C)C)C(C)C
CHEMBL300754,Cc1nsc(C)c1CNC(=O)[C@H]1N(C(=O)[C@@H](O)C[C@@H](Cc2ccccc2)C(=O)N[C@H]2c3ccccc3OC[C@H]2O)CSC1(C)C
CHEMBL300754,Cc1nsc(C)c1CNC(=O)[C@H]1N(C(=O)[C@@H](O)C[C@@H](Cc2ccccc2)C(=O)N[C@H]2c3ccccc3OC[C@H]2O)CSC1(C)C
CHEMBL300754,Cc1nsc(C)c1CNC(=O)[C@H]1N(C(=O)[C@@H](O)C[C@@H](Cc2ccccc2)C(=O)N[C@H]2c3ccccc3OC[C@H]2O)CSC1(C)C
CHEMBL3349490,CC[C@H](C)[C@H](NC(=O)C1CCCN1C[C@@H](O)[C@H](Cc1ccccc1)NC(=O)[C@H](CC(N)=O)NC(=O)[C@H](CCc1ccccc1)NC(=O)OC(C)(C)C)C(=O)N[C@H](C(=O)OC)C(C)C
CHEMBL3349491,CC[C@H](C)[C@H](NC(=O)[C@@H]1CCCN1C[C@@H](O)[C@H](Cc1ccccc1)NC(=O)[C@H](CC(N)=O)NC(=O)c1ccc2ccccc2n1)C(=O)N[C@@H](Cc1ccccc1)C(=O)OC
CHEMBL325271,COC(=O)N[C@H](C(=O)N[C@@H](Cc1ccccc1)[C@@H](O)CN(Cc1ccc(-c2nnn(C(C)(C)C)n2)cc1)NC(=O)[C@@H](NC(=O)OC)C(C)(C)C)C(C)(C)C
CHEMBL21145,O=C1N(Cc2ccc(CO)cc2)[C@H](Cc2ccccc2)[C@H](O)[C@@H](O)[C@@H](Cc2ccccc2)N1Cc1ccc(CO)cc1
CHEMBL335789,O=c1c2c(oc(O)c1C(c1ccccc1)C1CC1)C(CC1CC1)CCCCCC2
CHEMBL3349501,CC[C@H](C)[C@H](NC(=O)C1CCCN1C[C@@H](O)[C@H](Cc1ccccc1)NC(=O)[C@H](CC(N)=O)NC(=O)c1ccc2ccccc2n1)C(=O)NCCc1ccccn1
CHEMBL116229,CCC(C)[C@H](NC(=O)OC)C(=O)N[C@@H](Cc1ccccc1)[C@@H](O)CN(Cc1ccc(-c2ccccn2)cc1)NC(=O)[C@@H](NC(=O)OC)C(C)C
CHEMBL114039,COC(=O)N[C@H](C(=O)N[C@@H](Cc1ccccc1)[C@@H](O)CN(Cc1ccc(-c2nccs2)cc1)NC(=O)[C@@H](NC(=O)OC)C(C)(C)C)C(C)(C)C
CHEMBL80098,CCC(=O)c1c[nH]c([C@H](Cc2ccccc2)C[C@H](O)[C@H](Cc2ccccc2)NC(=O)OC(C)(C)C)n1
CHEMBL337760,CCC1CCCCCCc2c1oc(O)c(C(c1ccccc1)C1CC1)c2=O
CHEMBL3349484,CC[C@H](C)[C@H](NC(=O)C1CCCN1C[C@@H](O)[C@H](Cc1ccccc1)NC(=O)[C@H](CC(N)=O)NC(=O)[C@H](CC(C)C)NC(C)=O)C(=O)N[C@H](C(=O)OC)C(C)C
CHEMBL3349487,CC[C@H](C)[C@H](NC(=O)C1CCCN1C[C@@H](O)[C@H](Cc1ccccc1)NC(=O)[C@H](CC(N)=O)NC(=O)OCc1ccccc1)C(=O)N[C@@H](Cc1ccccc1)C(=O)NC
CHEMBL298393,Cc1cccc(C)c1CNC(=O)[C@H]1N(C(=O)[C@@H](O)C[C@@H](Cc2ccccc2)C(=O)N[C@H]2c3ccccc3OC[C@H]2O)CSC1(C)C
CHEMBL298393,Cc1cccc(C)c1CNC(=O)[C@H]1N(C(=O)[C@@H](O)C[C@@H](Cc2ccccc2)C(=O)N[C@H]2c3ccccc3OC[C@H]2O)CSC1(C)C
CHEMBL298393,Cc1cccc(C)c1CNC(=O)[C@H]1N(C(=O)[C@@H](O)C[C@@H](Cc2ccccc2)C(=O)N[C@H]2c3ccccc3OC[C@H]2O)CSC1(C)C
CHEMBL321654,CC(C)[C@@H](NC(=O)[C@@H](Cc1ccccc1)NCC(O)C(=O)[C@H](Cc1ccccc1)NC(=O)[C@H](C)NC(=O)OCc1ccccc1)C(=O)O
CHEMBL333386,COC(=O)N[C@H](C(=O)N[C@@H](Cc1ccccc1)[C@@H](O)CN(Cc1ccc(-c2ccccn2)cc1)NC(=O)[C@@H](NC(=O)OC)C(C)(C)C)C(C)C
CHEMBL115673,COC(=O)N[C@H](C(=O)N[C@@H](Cc1ccccc1)[C@@H](O)CN(Cc1ccc(-c2nnn(C)n2)cc1)NC(=O)[C@@H](NC(=O)OC)C(C)(C)C)C(C)(C)C
CHEMBL324601,CCN(CC)c1ccc(CN(C[C@H](O)[C@H](Cc2ccccc2)NC(=O)[C@@H](NC(=O)OC)C(C)(C)C)NC(=O)[C@@H](NC(=O)OC)C(C)(C)C)cc1
CHEMBL423618,CC(C)c1ccccc1SC1=C(O)OC(CCCCC(=O)N2CCNCC2)(c2ccccc2)CC1=O
CHEMBL419921,CCCC(=O)c1c[nH]c([C@H](Cc2ccccc2)C[C@H](O)[C@H](Cc2ccccc2)NC(=O)OC(C)(C)C)n1
CHEMBL3349500,CC[C@H](C)[C@H](NC(=O)C1CCCN1C[C@@H](O)[C@H](Cc1ccccc1)NC(=O)[C@H](CC(N)=O)NC(=O)c1ccc2ccccc2n1)C(=O)N[C@@H](Cc1ccccc1)C(=O)OC
CHEMBL3349489,CC[C@H](C)[C@H](NC(=O)C1CCCN1C[C@@H](O)[C@H](Cc1ccccc1)NC(=O)[C@H](CC(N)=O)NC(=O)[C@H](Cc1ccc2ccccc2c1)NC(=O)OC(C)(C)C)C(=O)N[C@H](C(=O)OC)C(C)C
CHEMBL423628,CC(C)c1ccccc1SC1=C(O)OC(CCCCC(=O)Nc2ccccc2)(c2ccccc2)CC1=O
CHEMBL338844,O=C1N(Cc2ccc(CO)cc2)[C@H](Cc2ccccc2)[C@H](O)CN(Cc2ccccc2)N1Cc1ccc(CO)cc1
CHEMBL139519,O=C(Cc1ccccc1)Nc1cccc(C(c2c(O)oc3c(c2=O)CCCCCC3)C2CC2)c1
CHEMBL162769,CC(C)c1ccccc1SC1=C(O)OC(CCCCC(=O)N2CCN(C(=O)OC(C)(C)C)CC2)(c2ccccc2)CC1=O
CHEMBL107849,CC(C)(C)OC(=O)N[C@@H](Cc1ccccc1)C(=O)C(O)CN[C@@H](Cc1ccccc1)C(=O)NCC(N)=O
CHEMBL340958,O=C1N(Cc2ccc(CO)cc2)[C@H](Cc2ccccc2)[C@H](O)CN(Cc2ccoc2)N1Cc1ccc(CO)cc1
CHEMBL366386,COc1cc(CN2C(=O)N(CC3CC3)N(Cc3ccccc3)C[C@@H](O)[C@H]2Cc2ccccc2)ccc1O
CHEMBL138205,O=C(Nc1cccc(C(c2c(O)oc3c(c2=O)CCCCCC3)C2CC2)c1)c1ccc(F)cc1
CHEMBL3349498,CC[C@H](C)[C@H](NC(=O)C1CCCN1C[C@@H](O)[C@H](Cc1ccccc1)NC(=O)[C@H](CC(N)=O)NC(=O)OCc1ccccc1)C(=O)N[C@H](C(=O)OC)C(C)C
CHEMBL3349495,CC[C@H](C)[C@H](NC(=O)C1CCCN1C[C@@H](O)[C@H](Cc1ccccc1)NC(=O)[C@H](CC(N)=O)NC(=O)[C@H](CC(C)C)NC(=O)[C@H](CO)NC(C)=O)C(=O)N[C@@H](CCc1ccccc1)C(=O)OC
CHEMBL114227,COC(=O)N[C@H](C(=O)NN(Cc1ccc(-c2ccccn2)cc1)C[C@H](O)[C@H](Cc1ccccc1)NC(=O)[C@@H](NC(=O)OC)C(C)(C)C)C(C)C
CHEMBL52645,Cc1ccccc1CNC(=O)[C@H]1N(C(=O)[C@@H](O)C[C@@H](Cc2ccccc2)C(=O)N[C@H]2c3ccccc3OC[C@H]2O)CSC1(C)C
CHEMBL52645,Cc1ccccc1CNC(=O)[C@H]1N(C(=O)[C@@H](O)C[C@@H](Cc2ccccc2)C(=O)N[C@H]2c3ccccc3OC[C@H]2O)CSC1(C)C
CHEMBL52645,Cc1ccccc1CNC(=O)[C@H]1N(C(=O)[C@@H](O)C[C@@H](Cc2ccccc2)C(=O)N[C@H]2c3ccccc3OC[C@H]2O)CSC1(C)C
CHEMBL343044,COCCC1CCCCCc2c1oc(O)c(C(c1ccccc1)C1CC1)c2=O
CHEMBL343163,CCCC1CCCCCCc2c1oc(O)c(C(c1ccccc1)C1CC1)c2=O
CHEMBL138135,O=c1c2c(oc(O)c1C(c1ccccc1)C1CC1)C(CC1CC1)CCCCC2
CHEMBL3349496,CC[C@H](C)[C@H](NC(=O)[C@@H]1CCCN1C[C@@H](O)[C@H](Cc1ccccc1)NC(=O)[C@H](CC(N)=O)NC(=O)OCc1ccccc1)C(=O)N[C@@H](Cc1ccccc1)C(=O)OC
CHEMBL3349502,CC[C@H](C)[C@H](NC(=O)C1CCCN1C[C@@H](O)[C@H](Cc1ccccc1)NC(=O)[C@H](CC(N)=O)NC(=O)c1ccc2ccccc2n1)C(=O)N[C@H](C(=O)OC)C(C)C
CHEMBL1163,COC(=O)N[C@H](C(=O)N[C@@H](Cc1ccccc1)[C@@H](O)CN(Cc1ccc(-c2ccccn2)cc1)NC(=O)[C@@H](NC(=O)OC)C(C)(C)C)C(C)(C)C
CHEMBL350861,CC(C)c1ccccc1SC1=C(O)OC(CCCCC(=O)O)(c2ccccc2)CC1=O
CHEMBL434808,CC(C)CCC1CCCCCCc2c1oc(O)c(C(c1ccccc1)C1CC1)c2=O
CHEMBL3349480,CC[C@H](C)[C@H](NC(=O)[C@@H]1CCCN1C[C@@H](O)[C@H](Cc1ccccc1)NC(=O)[C@H](CC(N)=O)NC(=O)OCc1ccccc1)C(=O)N[C@@H](Cc1ccccc1)C(=O)O
CHEMBL266007,COC(=O)N[C@H](C(=O)N[C@@H](Cc1ccccc1)[C@@H](O)CN(Cc1ccc(-c2ccccc2)cc1)NC(=O)[C@@H](NC(=O)OC)C(C)(C)C)C(C)C
CHEMBL164570,CC(C)c1ccccc1SC1=C(O)OC(CCCCC(=O)NCc2ccccc2)(c2ccccc2)CC1=O
CHEMBL164110,CCCCCC1(c2ccccc2)CC(=O)C(Sc2ccccc2C(C)C)=C(O)O1
CHEMBL5483011,CC(C)(C)NC(=O)[C@@H]1CN(Cc2cccnc2)CCN1C[C@@H](O)C[C@@H](Cc1ccccc1)C(=O)N[C@H]1c2ccccc2C[C@H]1O.O
CHEMBL5483011,CC(C)(C)NC(=O)[C@@H]1CN(Cc2cccnc2)CCN1C[C@@H](O)C[C@@H](Cc1ccccc1)C(=O)N[C@H]1c2ccccc2C[C@H]1O.O
CHEMBL5483011,CC(C)(C)NC(=O)[C@@H]1CN(Cc2cccnc2)CCN1C[C@@H](O)C[C@@H](Cc1ccccc1)C(=O)N[C@H]1c2ccccc2C[C@H]1O.O
CHEMBL301571,Cc1cccnc1CNC(=O)[C@H]1N(C(=O)[C@@H](O)C[C@@H](Cc2ccccc2)C(=O)N[C@H]2c3ccccc3OC[C@H]2O)CSC1(C)C
CHEMBL301571,Cc1cccnc1CNC(=O)[C@H]1N(C(=O)[C@@H](O)C[C@@H](Cc2ccccc2)C(=O)N[C@H]2c3ccccc3OC[C@H]2O)CSC1(C)C
CHEMBL301571,Cc1cccnc1CNC(=O)[C@H]1N(C(=O)[C@@H](O)C[C@@H](Cc2ccccc2)C(=O)N[C@H]2c3ccccc3OC[C@H]2O)CSC1(C)C
CHEMBL129862,COc1cccc(CN2C(=O)N(Cc3cccc(OC)c3)N(Cc3ccccc3)C[C@@H](O)[C@H]2Cc2ccccc2)c1
CHEMBL132747,CCC(c1ccccc1)c1c(O)c2c(oc1=O)CCCCCCC2
CHEMBL139434,O=c1c2c(oc(O)c1C(C1CC1)C1CC1)C(Cc1ccccc1)CCCCCC2
CHEMBL354831,O=C1N(C/C=C/c2cn[nH]c2)[C@H](Cc2ccccc2)[C@H](O)[C@@H](O)[C@@H](Cc2ccccc2)N1C/C=C/c1cn[nH]c1
CHEMBL159658,CC(C)c1ccccc1SC1=C(O)OC(CCCCC(=O)NCCc2ccccc2)(c2ccccc2)CC1=O
CHEMBL3349482,CC[C@H](C)[C@H](NC(=O)C1CCCN1C[C@@H](O)[C@H](Cc1ccccc1)NC(=O)[C@H](CC(N)=O)NC(=O)[C@H](CC(C)C)NC(=O)[C@H](CO)NC(C)=O)C(=O)N[C@@H](Cc1ccccc1)C(=O)OC
CHEMBL116165,COC(=O)N[C@H](C(=O)N[C@@H](Cc1ccccc1)[C@@H](O)CN(Cc1ccc(-c2cncs2)cc1)NC(=O)[C@@H](NC(=O)OC)C(C)(C)C)C(C)(C)C
CHEMBL351243,CC(C)c1ccccc1SC1=C(O)OC(CCCC(=O)N(C)CCc2ccccc2)(c2ccccc2)CC1=O
CHEMBL159602,CC(C)c1ccccc1SC1=C(O)OC(CCCC(=O)NCc2ccccc2)(c2ccccc2)CC1=O
CHEMBL16584,O=c1c2c(oc(O)c1C(c1ccccc1)C1CC1)CCCCCC2
CHEMBL162922,CC(C)c1ccccc1SC1=C(O)OC(CCCC(N)=O)(c2ccccc2)CC1=O
CHEMBL433270,CC1(C)SCN(C(=O)[C@@H](O)C[C@@H](Cc2ccccc2)C(=O)N[C@H]2c3ccccc3OC[C@H]2O)[C@@H]1C(=O)NCc1c(Cl)cccc1Cl
CHEMBL433270,CC1(C)SCN(C(=O)[C@@H](O)C[C@@H](Cc2ccccc2)C(=O)N[C@H]2c3ccccc3OC[C@H]2O)[C@@H]1C(=O)NCc1c(Cl)cccc1Cl
CHEMBL433270,CC1(C)SCN(C(=O)[C@@H](O)C[C@@H](Cc2ccccc2)C(=O)N[C@H]2c3ccccc3OC[C@H]2O)[C@@H]1C(=O)NCc1c(Cl)cccc1Cl
CHEMBL3349478,CC[C@H](C)[C@H](NC(=O)C1CCCN1C[C@@H](O)[C@H](Cc1ccccc1)NC(=O)[C@H](CC(N)=O)NC(=O)[C@H](Cc1c(I)cc(O)cc1I)NC(=O)OC(C)(C)C)C(=O)N[C@H](C(=O)OC)C(C)C
CHEMBL108016,CC(C)C(=O)c1c[nH]c([C@H](Cc2ccccc2)C[C@H](O)[C@H](Cc2ccccc2)NC(=O)OC(C)(C)C)n1
CHEMBL343163,CCCC1CCCCCCc2c1oc(O)c(C(c1ccccc1)C1CC1)c2=O
CHEMBL344442,O=c1c2c(oc(O)c1C(C1CC1)C1CC1)CCCCCCC2
CHEMBL113943,CCOC(=O)N[C@H](C(=O)NN(Cc1ccc(-c2ccccn2)cc1)C[C@H](O)[C@H](Cc1ccccc1)NC(=O)[C@@H](NC(=O)OC)C(C)C)C(C)C
CHEMBL163390,CC(C)c1ccccc1SC1=C(O)OC(CCCC(=O)NCCc2ccccc2)(c2ccccc2)CC1=O
CHEMBL298189,Cc1cccc(C)c1CNC(=O)[C@H]1N(C(=O)[C@@H](O)C[C@@H](Cc2ccccc2)C(=O)N[C@H]2c3ccccc3C[C@H]2O)CSC1(C)C
CHEMBL298189,Cc1cccc(C)c1CNC(=O)[C@H]1N(C(=O)[C@@H](O)C[C@@H](Cc2ccccc2)C(=O)N[C@H]2c3ccccc3C[C@H]2O)CSC1(C)C
CHEMBL298189,Cc1cccc(C)c1CNC(=O)[C@H]1N(C(=O)[C@@H](O)C[C@@H](Cc2ccccc2)C(=O)N[C@H]2c3ccccc3C[C@H]2O)CSC1(C)C
CHEMBL3349477,CC[C@H](C)[C@H](NC(=O)C1CCCN1C[C@@H](O)[C@H](Cc1ccccc1)NC(=O)[C@H](CC(N)=O)NC(=O)[C@H](CC(C)C)NC(=O)[C@H](CO)NC(C)=O)C(=O)N[C@@H](Cc1c[nH]c2ccccc12)C(=O)OC
CHEMBL167402,O=C1N(C/C=C/c2cn[nH]c2)[C@H](Cc2ccccc2)[C@H](O)[C@@H](O)[C@@H](Cc2ccccc2)N1CC1CC1
CHEMBL162317,CC(C)c1ccccc1SC1=C(O)OC(CCCCC(=O)N2CCOCC2)(c2ccccc2)CC1=O
CHEMBL424529,C#CCN1C(=O)N(CC#C)[C@H](Cc2ccccc2)[C@@H]2OC(C)(C)O[C@H]2[C@H]1Cc1ccccc1
CHEMBL3349486,CC[C@H](C)[C@H](NC(=O)C1CCCN1C[C@@H](O)[C@H](Cc1ccccc1)NC(=O)[C@H](CC(N)=O)NC(=O)[C@H](CC(C)C)NC(=O)[C@H](CO)NC(C)=O)C(=O)N[C@H](C(=O)OC)C(C)C
CHEMBL113824,COC(=O)N[C@H](C(=O)NN(Cc1ccc(-c2ccccc2)cc1)C[C@H](O)[C@H](Cc1ccccc1)NC(=O)[C@@H](NC(=O)OC)C(C)(C)C)C(C)C
CHEMBL324521,COC(=O)N[C@H](C(=O)N[C@@H](Cc1ccccc1)[C@@H](O)CN(Cc1ccc(-c2ccccn2)cc1)NC(=O)[C@@H](NC(=O)OC)C(C)C)C(C)C
CHEMBL54182,Cc1ccccc1CNC(=O)[C@H]1N(C[C@@H](O)C[C@@H](Cc2ccccc2)C(=O)N[C@H]2c3ccccc3OC[C@H]2O)CSC1(C)C
CHEMBL54182,Cc1ccccc1CNC(=O)[C@H]1N(C[C@@H](O)C[C@@H](Cc2ccccc2)C(=O)N[C@H]2c3ccccc3OC[C@H]2O)CSC1(C)C
CHEMBL54182,Cc1ccccc1CNC(=O)[C@H]1N(C[C@@H](O)C[C@@H](Cc2ccccc2)C(=O)N[C@H]2c3ccccc3OC[C@H]2O)CSC1(C)C
CHEMBL130078,O=C1N(Cc2ccc(O)cc2)[C@H](Cc2ccccc2)[C@H](O)CN(Cc2ccccc2)N1Cc1ccc(O)cc1
CHEMBL137977,CCCCC1CCCCCCc2c1oc(O)c(C(c1ccccc1)C1CC1)c2=O
CHEMBL3349493,CC[C@H](C)[C@H](NC(=O)C1CCCN1C[C@@H](O)[C@H](Cc1ccccc1)NC(=O)[C@H](CC(N)=O)NC(=O)OCc1ccccc1)C(=O)NCCc1ccccn1
CHEMBL297720,Cc1noc(C)c1CNC(=O)[C@H]1N(C(=O)[C@@H](O)C[C@@H](Cc2ccccc2)C(=O)N[C@H]2c3ccccc3OC[C@H]2O)CSC1(C)C
CHEMBL297720,Cc1noc(C)c1CNC(=O)[C@H]1N(C(=O)[C@@H](O)C[C@@H](Cc2ccccc2)C(=O)N[C@H]2c3ccccc3OC[C@H]2O)CSC1(C)C
CHEMBL297720,Cc1noc(C)c1CNC(=O)[C@H]1N(C(=O)[C@@H](O)C[C@@H](Cc2ccccc2)C(=O)N[C@H]2c3ccccc3OC[C@H]2O)CSC1(C)C
CHEMBL343811,CCC(c1ccccc1)c1c(O)c2c(oc1=O)C(Cc1ccccc1)CCCCCC2
CHEMBL3349479,CC[C@H](C)[C@H](NC(=O)C1CCCN1C[C@@H](O)[C@H](Cc1ccccc1)NC(=O)[C@H](CC(N)=O)NC(=O)[C@H](Cc1ccc(-c2ccccc2)cc1)NC(=O)OC(C)(C)C)C(=O)N[C@H](C(=O)OC)C(C)C
CHEMBL3349481,CC[C@H](C)[C@H](NC(=O)C1CCCN1C[C@@H](O)[C@H](Cc1ccccc1)NC(=O)[C@H](CC(N)=O)NC(=O)[C@H](Cc1cccc(-c2ccccc2)c1)NC(=O)OC(C)(C)C)C(=O)N[C@H](C(=O)OC)C(C)C
CHEMBL324989,CCC(C)[C@H](NC(=O)C[C@H](O)[C@H](CC1CCCCC1)NC(=O)CC1CCCN2C(=O)CCC(CN)C(=O)N12)C(=O)N[C@@H](Cc1ccccc1)C(N)=O
CHEMBL343963,C[C@@H](NC(=O)OC(C)(C)C)C(=O)Nc1cccc(C(c2c(O)c3c(oc2=O)CCCCCC3)C2CC2)c1
CHEMBL324572,CCOC(=O)N[C@H](C(=O)N[C@@H](Cc1ccccc1)[C@@H](O)CN(CC1CCCCC1)NC(=O)[C@@H](NC(=O)OCC)C(C)C)C(C)C
CHEMBL332042,COC(=O)N[C@H](C(=O)N[C@@H](Cc1ccccc1)[C@@H](O)CN(Cc1ccc(-c2ccccc2)cc1)NC(=O)[C@@H](NC(=O)OC)C(C)C)C(C)C
CHEMBL442013,COC(=O)N[C@H](C(=O)N[C@@H](Cc1ccccc1)[C@@H](O)CN(Cc1ccc(-c2cncs2)cc1)NC(=O)[C@@H](NC(=O)OC)C(C)C)C(C)C
CHEMBL443030,COc1cc(CN2C(=O)N(Cc3ccc(O)c(OC)c3)N(Cc3ccccc3)C[C@@H](O)[C@H]2Cc2ccccc2)ccc1O
CHEMBL443030,COc1cc(CN2C(=O)N(Cc3ccc(O)c(OC)c3)N(Cc3ccccc3)C[C@@H](O)[C@H]2Cc2ccccc2)ccc1O
CHEMBL443030,COc1cc(CN2C(=O)N(Cc3ccc(O)c(OC)c3)N(Cc3ccccc3)C[C@@H](O)[C@H]2Cc2ccccc2)ccc1O
CHEMBL138147,CC(C)CC1CCCCCCc2c1oc(O)c(C(c1ccccc1)C1CC1)c2=O
CHEMBL137841,CCCC(=O)Nc1cccc(C(c2c(O)c3c(oc2=O)CCCCCC3)C2CC2)c1
CHEMBL336038,CC(C)(C)OC(=O)N1CCC[C@H]1C(=O)Nc1cccc(C(c2c(O)c3c(oc2=O)CCCCCC3)C2CC2)c1
CHEMBL326513,COC(=O)N[C@H](C(=O)NN(Cc1ccc(-c2cncs2)cc1)C[C@H](O)[C@H](Cc1ccccc1)NC(=O)[C@@H](NC(=O)OC)C(C)(C)C)C(C)C
CHEMBL16359,CC(C)(C)OC(=O)NCCC(=O)Nc1cccc(C(c2c(O)c3c(oc2=O)CCCCCC3)C2CC2)c1
CHEMBL138388,CC(C)(C)OC(=O)NCC(=O)Nc1cccc(C(c2c(O)c3c(oc2=O)CCCCCC3)C2CC2)c1
CHEMBL342947,CC(C)(C)OC(=O)N[C@@H](Cc1c[nH]cn1)C(=O)Nc1cccc(C(c2c(O)c3c(oc2=O)CCCCCC3)C2CC2)c1
CHEMBL3349494,CC[C@H](C)[C@H](NC(=O)C1CCCN1C[C@@H](O)[C@H](Cc1ccccc1)NC(=O)[C@H](CC(N)=O)NC(=O)OCc1ccccc1)C(=O)N[C@@H](Cc1ccccc1)C(=O)OC
CHEMBL3349488,CC[C@H](C)[C@H](NC(=O)C1CCCN1C[C@@H](O)[C@H](Cc1ccccc1)NC(=O)[C@H](CC(N)=O)NC(=O)c1ccc2ccccc2n1)C(=O)N[C@@H](Cc1ccc2ccccc2c1)C(=O)OC
CHEMBL325900,COC(=O)N[C@H](C(=O)N[C@@H](Cc1ccccc1)[C@@H](O)CN(Cc1ccc(-c2nccs2)cc1)NC(=O)[C@@H](NC(=O)OC)C(C)(C)C)C(C)C
CHEMBL326408,COC(=O)N[C@H](C(=O)N[C@@H](Cc1ccccc1)[C@@H](O)CN(Cc1ccc(-c2cncs2)cc1)NC(=O)[C@@H](NC(=O)OC)C(C)(C)C)C(C)C
CHEMBL163941,CC(C)c1ccccc1SC1=C(O)OC(CCCCC(N)=O)(c2ccccc2)CC1=O
CHEMBL163633,CC(C)c1ccccc1SC1=C(O)OC(CCCC(=O)N2CCOCC2)(c2ccccc2)CC1=O
CHEMBL137832,OC1=C(C(c2ccccc2)C2CC2)COC2=C1CCCCCCC2
CHEMBL3349499,CC[C@H](C)[C@H](NC(=O)C1CCCN1C[C@@H](O)[C@H](Cc1ccccc1)NC(=O)[C@H](CC(N)=O)NC(=O)OCc1ccccc1)C(=O)N[C@@H](Cc1ccc2ccccc2c1)C(=O)OC
CHEMBL174307,CCC(C)[C@H](NC(=O)[C@H](C(C)C)[C@@H](O)[C@H](O)[C@H](CC1CCCCC1)NC(=O)c1ncccc1OCCOCCOC)C(=O)NCc1nc2ccccc2[nH]1
CHEMBL71913,CC(=O)N[C@@H](Cc1ccc(O)cc1)C(=O)N[C@H](C(=O)N[C@@H](Cc1ccccc1)[C@@H](O)C(=O)N[C@@H](Cc1ccc(O)cc1)C(=O)N[C@H](C(N)=O)C(C)C)C(C)C
CHEMBL1790517,CC[C@H](C)[C@H](NC(=O)[C@H](C(C)C)[C@@H](O)[C@H](O)[C@H](CC1CCCCC1)NC(=O)c1ccccc1)C(=O)NCc1nc2ccccc2[nH]1
CHEMBL105245,CC(C)[C@H](NC(=O)OCc1ccccc1)C(=O)N[C@@H](Cc1ccccc1)[C@@H](O)[C@@H](NCCc1ccccc1)C(=O)N[C@H](C(=O)NCc1ccccc1)C(C)C
CHEMBL104966,CC(C)[C@H](NC(=O)[C@H](NCc1ccccc1)[C@H](O)[C@H](Cc1ccccc1)NC(=O)[C@@H](NC(=O)OCc1ccccc1)C(C)(C)C)C(=O)NCc1ccccc1
CHEMBL3350878,CC[C@H](C)[C@H](NC(=O)[C@@H]1CCCN1C[C@H](O)[C@H](Cc1ccccc1)NC(=O)[C@H](CC(N)=O)NC(=O)OCc1ccccc1)C(=O)N[C@@H](Cc1ccccc1)C(=O)OC
CHEMBL81840,CC(C)(C)NC(=O)[C@@H]1CN(Cc2cc3cnccc3o2)CCN1C[C@@H](O)C[C@@H](Cc1ccccc1)C(=O)N[C@H]1c2ccccc2C[C@H]1O
CHEMBL322027,CC[C@H](NC(=O)OCc1ccccc1)C(=O)N[C@@H](Cc1ccccc1)[C@@H](O)[C@@H](NCc1ccccc1)C(=O)N[C@H](C(=O)NCc1ccccc1)C(C)C
CHEMBL317654,CC(C)[C@H](NC(=O)[C@H](NCc1ccccc1)[C@H](O)[C@H](Cc1ccccc1)NC(=O)[C@H](CO)NC(=O)OCc1ccccc1)C(=O)NCc1ccccc1
CHEMBL130998,O=S1(=O)N(Cc2ccccc2)[C@H](COc2ccccc2)[C@H](O)[C@@H](O)[C@@H](COc2ccccc2)N1Cc1ccccc1
CHEMBL130998,O=S1(=O)N(Cc2ccccc2)[C@H](COc2ccccc2)[C@H](O)[C@@H](O)[C@@H](COc2ccccc2)N1Cc1ccccc1
CHEMBL113062,CC(C)(C)OC(=O)[C@@H]1CCCN1C[C@@H](O)[C@H](Cc1ccccc1)NC(=O)[C@H](CC(N)=O)NC(=O)OCc1ccccc1
CHEMBL5483011,CC(C)(C)NC(=O)[C@@H]1CN(Cc2cccnc2)CCN1C[C@@H](O)C[C@@H](Cc1ccccc1)C(=O)N[C@H]1c2ccccc2C[C@H]1O.O
CHEMBL367066,CCC(C)[C@H](NC(=O)[C@H](C(C)C)[C@@H](O)[C@H](O)C(CC1CCCCC1)NC(=O)c1ncccc1OCSc1ccccc1)C(=O)NCc1nc2ccccc2[nH]1
CHEMBL430117,CC1(C)S[C@H]([C@H](NC(=O)Cc2ccccc2)C(=O)NCc2ccccc2)NC1C(=O)NCC(O)CNC(=O)[C@@H]1N[C@@H]([C@H](NC(=O)Cc2ccccc2)C(=O)NCc2ccccc2)SC1(C)C
CHEMBL369428,CCC(C)[C@H](NC(=O)[C@H](C(C)C)[C@@H](O)[C@H](O)[C@H](CC1CCCCC1)NC(=O)c1ccc(C)cc1OCCOc1ccccc1)C(=O)NCc1nc2ccccc2[nH]1
CHEMBL318389,CC(C)[C@H](NC(=O)OCc1ccccc1)C(=O)N[C@@H](Cc1ccccc1)[C@@H](O)[C@@H](NCc1ccc(Br)cc1)C(=O)N[C@H](C(=O)NCc1ccccc1)C(C)C
CHEMBL354502,O=C1N(Cc2ccc(CO)cc2)[C@H](COc2ccccc2)[C@H](O)[C@@H](O)[C@@H](COc2ccccc2)N1Cc1ccc(CO)cc1
CHEMBL354502,O=C1N(Cc2ccc(CO)cc2)[C@H](COc2ccccc2)[C@H](O)[C@@H](O)[C@@H](COc2ccccc2)N1Cc1ccc(CO)cc1
CHEMBL305458,CC(C)[C@H](NC(=O)[C@H](C)NC(=O)OCc1ccccc1)C(=O)N[C@@H](Cc1ccccc1)[C@@H](O)[C@H](O)[C@H](Cc1ccccc1)NC(=O)[C@H](N[C@@H](C)C(=O)OCc1ccccc1)C(C)C
CHEMBL305458,CC(C)[C@H](NC(=O)[C@H](C)NC(=O)OCc1ccccc1)C(=O)N[C@@H](Cc1ccccc1)[C@@H](O)[C@H](O)[C@H](Cc1ccccc1)NC(=O)[C@H](N[C@@H](C)C(=O)OCc1ccccc1)C(C)C
CHEMBL305458,CC(C)[C@H](NC(=O)[C@H](C)NC(=O)OCc1ccccc1)C(=O)N[C@@H](Cc1ccccc1)[C@@H](O)[C@H](O)[C@H](Cc1ccccc1)NC(=O)[C@H](N[C@@H](C)C(=O)OCc1ccccc1)C(C)C
CHEMBL305458,CC(C)[C@H](NC(=O)[C@H](C)NC(=O)OCc1ccccc1)C(=O)N[C@@H](Cc1ccccc1)[C@@H](O)[C@H](O)[C@H](Cc1ccccc1)NC(=O)[C@H](N[C@@H](C)C(=O)OCc1ccccc1)C(C)C
CHEMBL305458,CC(C)[C@H](NC(=O)[C@H](C)NC(=O)OCc1ccccc1)C(=O)N[C@@H](Cc1ccccc1)[C@@H](O)[C@H](O)[C@H](Cc1ccccc1)NC(=O)[C@H](N[C@@H](C)C(=O)OCc1ccccc1)C(C)C
CHEMBL305458,CC(C)[C@H](NC(=O)[C@H](C)NC(=O)OCc1ccccc1)C(=O)N[C@@H](Cc1ccccc1)[C@@H](O)[C@H](O)[C@H](Cc1ccccc1)NC(=O)[C@H](N[C@@H](C)C(=O)OCc1ccccc1)C(C)C
CHEMBL305458,CC(C)[C@H](NC(=O)[C@H](C)NC(=O)OCc1ccccc1)C(=O)N[C@@H](Cc1ccccc1)[C@@H](O)[C@H](O)[C@H](Cc1ccccc1)NC(=O)[C@H](N[C@@H](C)C(=O)OCc1ccccc1)C(C)C
CHEMBL305458,CC(C)[C@H](NC(=O)[C@H](C)NC(=O)OCc1ccccc1)C(=O)N[C@@H](Cc1ccccc1)[C@@H](O)[C@H](O)[C@H](Cc1ccccc1)NC(=O)[C@H](N[C@@H](C)C(=O)OCc1ccccc1)C(C)C
CHEMBL305458,CC(C)[C@H](NC(=O)[C@H](C)NC(=O)OCc1ccccc1)C(=O)N[C@@H](Cc1ccccc1)[C@@H](O)[C@H](O)[C@H](Cc1ccccc1)NC(=O)[C@H](N[C@@H](C)C(=O)OCc1ccccc1)C(C)C
CHEMBL1790518,CC[C@H](C)[C@H](NC(=O)[C@H](C(C)C)[C@@H](O)[C@H](O)[C@H](CC1CCCCC1)NC(=O)C1CCCCC1)C(=O)NCc1ccccn1
CHEMBL321298,CC(C)[C@H](NC(=O)OCc1ccccc1)C(=O)N[C@@H](Cc1ccccc1)[C@@H](O)[C@@H](NCc1ccccc1)C(=O)N[C@H](C(=O)OCc1nc2ccccc2[nH]1)C(C)C
CHEMBL131802,CC(=O)N[C@@H](CO)C(=O)N[C@@H](CC(C)C)C(=O)N[C@@H](CC(N)=O)C(=O)N[C@@H](Cc1ccccc1)[C@H](O)CN1CCC[C@H]1C(=O)OC(C)(C)C
CHEMBL3349889,CC(=O)N[C@@H](CO)C(=O)N[C@@H](CC(C)C)C(=O)N[C@@H](CC(N)=O)C(=O)N[C@@H](Cc1ccccc1)[C@@H](O)CN1CCC[C@H]1C(=O)OC(C)(C)C
CHEMBL323318,CCNC(=O)[C@@H](NC(=O)c1ccccc1-c1ccccc1)[C@@H]1NC(C(=O)NCCNC(=O)[C@@H]2N[C@@H]([C@H](NC(=O)c3ccccc3-c3ccccc3)C(=O)NCC)SC2(C)C)C(C)(C)S1
CHEMBL317652,CC(C)[C@H](NC(=O)OCc1ccccc1)C(=O)N[C@@H](Cc1ccccc1)[C@@H](O)[C@@H](NCCc1ccccn1)C(=O)N[C@H](C(=O)NCc1ccccc1)C(C)C
CHEMBL473072,Nc1ccn([C@@H]2C=C(F)[C@H](CO)O2)c(=O)n1
CHEMBL3351098,CC[C@H](C)[C@H](NC(=O)[C@@H]1CCCN1C[C@H](O)[C@H](Cc1ccccc1)NC(=O)[C@H](CC(N)=O)NC(=O)c1ccc2ccccc2n1)C(=O)N[C@@H](Cc1ccccc1)C(=O)OC
CHEMBL158050,Cc1ccc(S(=O)(=O)N(CC(C)C)C[C@@H](O)[C@H](Cc2ccccc2)NC(=O)O[C@H]2CO[C@H]3OCC[C@H]32)cc1
CHEMBL105752,CC(C)[C@H](NC(=O)OCc1ccccc1)C(=O)N[C@@H](Cc1ccccc1)[C@@H](O)[C@@H](NCc1ccccc1)C(=O)N[C@H](C(=O)NCCc1c[nH]c2ccccc12)C(C)C
CHEMBL21145,O=C1N(Cc2ccc(CO)cc2)[C@H](Cc2ccccc2)[C@H](O)[C@@H](O)[C@@H](Cc2ccccc2)N1Cc1ccc(CO)cc1
CHEMBL21145,O=C1N(Cc2ccc(CO)cc2)[C@H](Cc2ccccc2)[C@H](O)[C@@H](O)[C@@H](Cc2ccccc2)N1Cc1ccc(CO)cc1
CHEMBL170517,O=S1(=O)N(Cc2ccccc2)[C@H](CCc2ccccc2)[C@H](O)[C@@H](O)[C@@H](CCc2ccccc2)N1Cc1ccccc1
CHEMBL170517,O=S1(=O)N(Cc2ccccc2)[C@H](CCc2ccccc2)[C@H](O)[C@@H](O)[C@@H](CCc2ccccc2)N1Cc1ccccc1
CHEMBL319672,CC(C)[C@H](NC(=O)OCc1ccccc1)C(=O)N[C@@H](Cc1ccccc1)[C@@H](O)[C@@H](NCc1ccccc1)C(=O)N[C@H](C(=O)NCc1ccccc1)C(C)C
CHEMBL161644,COc1ccc(S(=O)(=O)N(CC(C)C)C[C@@H](O)[C@H](Cc2ccccc2)NC(=O)O[C@H]2CCSC2)cc1
CHEMBL104512,CC(C)[C@H](NC(=O)OCc1ccccc1)C(=O)N[C@@H](Cc1ccccc1)[C@@H](O)[C@@H](NCc1ccc(Cl)cc1)C(=O)N[C@H](C(=O)NCc1ccccc1)C(C)C
CHEMBL109500,CC[C@H](C)[C@H](NC(=O)[C@@H]1CCCN1C[C@H](O)[C@H](Cc1ccccc1)NC(=O)[C@H](CC(N)=O)NC(=O)[C@H](CC(C)C)NC(=O)[C@H](CO)NC(C)=O)C(=O)N[C@H](C(=O)OC)C(C)C
CHEMBL109500,CC[C@H](C)[C@H](NC(=O)[C@@H]1CCCN1C[C@H](O)[C@H](Cc1ccccc1)NC(=O)[C@H](CC(N)=O)NC(=O)[C@H](CC(C)C)NC(=O)[C@H](CO)NC(C)=O)C(=O)N[C@H](C(=O)OC)C(C)C
CHEMBL115292,CC(C)(C)OC(=O)[C@@H]1CCCN1C[C@H](O)[C@H](Cc1ccccc1)NC(=O)[C@H](CC(N)=O)NC(=O)OCc1ccccc1
CHEMBL115292,CC(C)(C)OC(=O)[C@@H]1CCCN1C[C@H](O)[C@H](Cc1ccccc1)NC(=O)[C@H](CC(N)=O)NC(=O)OCc1ccccc1
CHEMBL171148,O=C1N(Cc2ccccc2)[C@H](COc2ccccc2)[C@H](O)[C@@H](O)[C@@H](COc2ccccc2)N1Cc1ccccc1
CHEMBL171148,O=C1N(Cc2ccccc2)[C@H](COc2ccccc2)[C@H](O)[C@@H](O)[C@@H](COc2ccccc2)N1Cc1ccccc1
CHEMBL317617,CC(C)[C@H](NC(=O)[C@H](NCc1ccccc1)[C@H](O)[C@H](Cc1ccccc1)NC(=O)[C@H](Cc1c[nH]cn1)NC(=O)OCc1ccccc1)C(=O)NCc1ccccc1
CHEMBL350301,CC(C)CN(C[C@@H](O)[C@H](Cc1ccccc1)NC(=O)O[C@@H]1CCS(=O)(=O)[C@@H]1C(C)C)S(=O)(=O)c1ccc(N)cc1
CHEMBL78876,CC(C)(C)NC(=O)[C@@H]1CN(C(C)(C)c2cc3cnccc3o2)CCN1C[C@@H](O)C[C@@H](Cc1ccccc1)C(=O)N[C@H]1c2ccccc2C[C@H]1O
CHEMBL312238,CC(C)(C)NC(=O)[C@@H]1CN(C(C)(C)c2cc3cnccc3o2)CCN1C[C@@H](O)C[C@@H](Cc1ccccc1)C(=O)N[C@H]1c2ccccc2OC[C@H]1O
CHEMBL105301,CC(C)[C@H](NC(=O)[C@H](NCc1ccccc1)[C@H](O)[C@H](Cc1ccccc1)NC(=O)[C@@H](NC(=O)OCc1ccccc1)c1ccccc1)C(=O)NCc1ccccc1
CHEMBL100944,CC(C)[C@H](NC(=O)CCCCCN)C(=O)N[C@@H](Cc1ccccc1)[C@@H](O)[C@@H](NCc1ccccc1)C(=O)N[C@H](C(=O)NCc1ccccc1)C(C)C
CHEMBL107125,CC(C)[C@H](NC(=O)OCc1ccccn1)C(=O)N[C@@H](Cc1ccccc1)[C@@H](O)[C@@H](NCc1ccccc1)C(=O)N[C@H](C(=O)NCc1ccccc1)C(C)C
CHEMBL104695,CC(C)[C@H](NC(=O)OCc1ccccc1)C(=O)N[C@@H](Cc1ccccc1)[C@@H](O)[C@@H](NCc1ccccc1)C(=O)N[C@H](C(=O)NCc1ccccn1)C(C)C
CHEMBL317620,CC(C)[C@H](NC(=O)[C@H](NCc1ccccc1)[C@H](O)[C@H](Cc1ccccc1)NC(=O)[C@@H](NC(=O)N(C)Cc1nc2ccccc2[nH]1)C(C)C)C(=O)NCc1ccccc1
CHEMBL109500,CC[C@H](C)[C@H](NC(=O)[C@@H]1CCCN1C[C@H](O)[C@H](Cc1ccccc1)NC(=O)[C@H](CC(N)=O)NC(=O)[C@H](CC(C)C)NC(=O)[C@H](CO)NC(C)=O)C(=O)N[C@H](C(=O)OC)C(C)C
CHEMBL109500,CC[C@H](C)[C@H](NC(=O)[C@@H]1CCCN1C[C@H](O)[C@H](Cc1ccccc1)NC(=O)[C@H](CC(N)=O)NC(=O)[C@H](CC(C)C)NC(=O)[C@H](CO)NC(C)=O)C(=O)N[C@H](C(=O)OC)C(C)C
CHEMBL69731,O=C1N(Cc2ccccc2)[C@H](CCc2ccccc2)[C@H](O)[C@@H](O)[C@@H](CCc2ccccc2)N1Cc1ccccc1
CHEMBL469086,COc1ccc(S(=O)(=O)N(CC(C)C)C[C@@H](O)[C@H](Cc2ccccc2)NC(=O)O[C@H]2CO[C@H]3OCC[C@H]32)cc1
CHEMBL161393,C[C@H](CN1C[C@H]2CCCC[C@H]2C[C@H]1C(=O)NC(C)(C)C)[C@H](Cc1ccccc1)NC(=O)[C@H](CC(N)=O)NC(=O)c1ccc2ccccc2n1
CHEMBL319414,CC(C)C[C@H](NC(=O)OCc1ccccc1)C(=O)N[C@@H](Cc1ccccc1)[C@@H](O)[C@@H](NCc1ccccc1)C(=O)N[C@H](C(=O)NCc1ccccc1)C(C)C
CHEMBL104648,CC(C)[C@H](NC(=O)OCc1ccccc1)C(=O)N[C@@H](Cc1ccccc1)[C@@H](O)[C@@H](NCc1ccccc1)C(=O)N[C@H](C(=O)NC(C)(C)C)C(C)C
CHEMBL319419,CC(C)[C@H](NC(=O)[C@H](NCc1ccccc1)[C@H](O)[C@H](Cc1ccccc1)NC(=O)[C@H](CC(N)=O)NC(=O)OCc1ccccc1)C(=O)NCc1ccccc1
CHEMBL318803,COc1ccc(CN[C@@H](C(=O)N[C@H](C(=O)NCc2nc3ccccc3[nH]2)C(C)C)[C@H](O)[C@H](Cc2ccccc2)NC(=O)[C@@H](NC(=O)OCc2ccccc2)C(C)C)cc1
CHEMBL3349554,CC[C@H](C)[C@H](NC(=O)[C@@H]1CCCN1C[C@H](O)[C@H](Cc1ccccc1)NC(=O)[C@H](CC(N)=O)NC(=O)OC(C)(C)C)C(=O)N[C@H](C(=O)OC)C(C)C
CHEMBL311979,CC(C)(C)NC(=O)[C@@H]1CN(C(C)(C)c2cccnc2)CCN1C[C@@H](O)C[C@@H](Cc1ccccc1)C(=O)N[C@H]1c2ccccc2C[C@H]1O
CHEMBL366531,CC(C)[C@@H](C(=O)N[C@H]1c2ccccc2CC1O)[C@@H](O)[C@H](O)C(CC1CCCCC1)NC(=O)c1ccccc1OCSc1ccccc1
CHEMBL105617,CC(C)[C@H](NC(=O)OCc1ccccc1)C(=O)N[C@@H](Cc1ccccc1)[C@@H](O)[C@@H](NC1CCCCC1)C(=O)N[C@H](C(=O)NCc1ccccc1)C(C)C
CHEMBL116,CC(C)CN(C[C@@H](O)[C@H](Cc1ccccc1)NC(=O)O[C@H]1CCOC1)S(=O)(=O)c1ccc(N)cc1
CHEMBL366392,CCC(C)[C@H](NC(=O)[C@H](C(C)C)[C@@H](O)[C@H](O)[C@H](CC1CCCCC1)NC(=O)CCOCCOc1ccccc1)C(=O)NCc1nc2ccccc2[nH]1
CHEMBL104488,CC(C)[C@H](NC(=O)[C@H](NCc1ccccc1)[C@H](O)[C@H](Cc1ccccc1)NC(=O)[C@H](Cc1c[nH]c2ccccc12)NC(=O)OCc1ccccc1)C(=O)NCc1ccccc1
CHEMBL318349,CC(C)[C@H](NC(=O)[C@H](NCc1ccccc1)[C@H](O)[C@H](Cc1ccccc1)NC(=O)[C@H](CCC(N)=O)NC(=O)OCc1ccccc1)C(=O)NCc1ccccc1
CHEMBL321943,COc1ccc(CN[C@@H](C(=O)N[C@H](C(=O)NCc2nc3ccccc3[nH]2)C(C)C)[C@H](O)[C@H](Cc2ccccc2)NC(=O)[C@@H](NC(=O)C(C)Oc2ccccc2)C(C)(C)C)cc1
CHEMBL432969,CC1(C)S[C@H]([C@H](NC(=O)Cc2ccccc2)C(=O)NCC(F)(F)F)NC1C(=O)NCCNC(=O)[C@@H]1N[C@@H]([C@H](NC(=O)Cc2ccccc2)C(=O)NCC(F)(F)F)SC1(C)C
CHEMBL428804,CCC(C)[C@H](NC(=O)[C@H](C(C)C)[C@@H](O)[C@H](O)[C@H](CC1CCCCC1)NC(=O)c1ccccc1OCCOCCOC)C(=O)NCc1nc2ccccc2[nH]1
CHEMBL72129,Cc1ccc(S(=O)(=O)[C@H](C)NC(=O)N[C@H](C(=O)N[C@@H](Cc2ccccc2)[C@@H](O)C(=O)N[C@H]2Cc3ccc(cc3)OCCCNC(=O)[C@H](C(C)C)NC2=O)C(C)C)cc1
CHEMBL74166,CC(=O)N[C@@H](Cc1ccc(O)cc1)C(=O)N[C@H](C(=O)N[C@@H](Cc1ccccc1)[C@@H](O)C(=O)N[C@H]1Cc2ccc(cc2)OCCCNC(=O)[C@H](C(C)C)NC1=O)C(C)C
CHEMBL74166,CC(=O)N[C@@H](Cc1ccc(O)cc1)C(=O)N[C@H](C(=O)N[C@@H](Cc1ccccc1)[C@@H](O)C(=O)N[C@H]1Cc2ccc(cc2)OCCCNC(=O)[C@H](C(C)C)NC1=O)C(C)C
CHEMBL74166,CC(=O)N[C@@H](Cc1ccc(O)cc1)C(=O)N[C@H](C(=O)N[C@@H](Cc1ccccc1)[C@@H](O)C(=O)N[C@H]1Cc2ccc(cc2)OCCCNC(=O)[C@H](C(C)C)NC1=O)C(C)C
CHEMBL74166,CC(=O)N[C@@H](Cc1ccc(O)cc1)C(=O)N[C@H](C(=O)N[C@@H](Cc1ccccc1)[C@@H](O)C(=O)N[C@H]1Cc2ccc(cc2)OCCCNC(=O)[C@H](C(C)C)NC1=O)C(C)C
CHEMBL74166,CC(=O)N[C@@H](Cc1ccc(O)cc1)C(=O)N[C@H](C(=O)N[C@@H](Cc1ccccc1)[C@@H](O)C(=O)N[C@H]1Cc2ccc(cc2)OCCCNC(=O)[C@H](C(C)C)NC1=O)C(C)C
CHEMBL74166,CC(=O)N[C@@H](Cc1ccc(O)cc1)C(=O)N[C@H](C(=O)N[C@@H](Cc1ccccc1)[C@@H](O)C(=O)N[C@H]1Cc2ccc(cc2)OCCCNC(=O)[C@H](C(C)C)NC1=O)C(C)C
CHEMBL74166,CC(=O)N[C@@H](Cc1ccc(O)cc1)C(=O)N[C@H](C(=O)N[C@@H](Cc1ccccc1)[C@@H](O)C(=O)N[C@H]1Cc2ccc(cc2)OCCCNC(=O)[C@H](C(C)C)NC1=O)C(C)C
CHEMBL74166,CC(=O)N[C@@H](Cc1ccc(O)cc1)C(=O)N[C@H](C(=O)N[C@@H](Cc1ccccc1)[C@@H](O)C(=O)N[C@H]1Cc2ccc(cc2)OCCCNC(=O)[C@H](C(C)C)NC1=O)C(C)C
CHEMBL74166,CC(=O)N[C@@H](Cc1ccc(O)cc1)C(=O)N[C@H](C(=O)N[C@@H](Cc1ccccc1)[C@@H](O)C(=O)N[C@H]1Cc2ccc(cc2)OCCCNC(=O)[C@H](C(C)C)NC1=O)C(C)C
CHEMBL71143,CC(C)[C@@H]1NC(=O)[C@@H](NC(=O)[C@@H](O)[C@H](Cc2ccccc2)NC(=O)OC(C)(C)C)Cc2ccc(cc2)OCCCNC1=O
CHEMBL430995,CC(C)[C@@H]1NC(=O)[C@@H](NC(=O)C(=O)C(Cc2ccccc2)NC(=O)OC(C)(C)C)Cc2ccc(cc2)OCCCNC1=O
CHEMBL102431,CC(C)[C@H](NC(=O)OCc1ccccc1)C(=O)N[C@@H](Cc1ccccc1)[C@@H](O)[C@@H](NCc1cccc2ccccc12)C(=O)N[C@H](C(=O)NCc1ccccc1)C(C)C
CHEMBL104783,COc1ccc(CN[C@@H](C(=O)N[C@H](C(=O)NCc2ccccc2)C(C)C)[C@H](O)[C@H](Cc2ccccc2)NC(=O)[C@@H](NC(=O)OCc2ccccc2)C(C)C)cc1
CHEMBL64958,COc1ccc(CN[C@@H](C(=O)N[C@H](C(=O)NCc2nc3ccccc3[nH]2)C(C)C)[C@H](O)[C@H](Cc2ccccc2)NC(=O)[C@@H](NC(=O)OCc2ccccc2)C(C)(C)C)cc1
CHEMBL320212,CC(C)[C@H](NC(=O)OCc1ccccc1)C(=O)N[C@@H](Cc1ccccc1)[C@@H](O)[C@@H](Nc1ccccc1)C(=O)N[C@H](C(=O)NCc1ccccc1)C(C)C
CHEMBL105002,CCCCN[C@@H](C(=O)N[C@H](C(=O)NCc1ccccc1)C(C)C)[C@H](O)[C@H](Cc1ccccc1)NC(=O)[C@@H](NC(=O)OCc1ccccc1)C(C)C
CHEMBL105188,CC(C)[C@H](NC(=O)OCc1ccccc1)C(=O)N[C@@H](Cc1ccccc1)[C@@H](O)[C@@H](NCc1ccccc1)C(=O)N[C@@H](CC(N)=O)C(=O)NCc1ccccc1
CHEMBL322163,CC(C)[C@H](NC(=O)OCc1ccccc1)C(=O)N[C@@H](Cc1ccccc1)[C@@H](O)[C@@H](SCc1ccccc1)C(=O)N[C@H](C(=O)NCc1ccccc1)C(C)C
CHEMBL1323,CC(C)CN(C[C@@H](O)[C@H](Cc1ccccc1)NC(=O)O[C@H]1CO[C@H]2OCC[C@H]21)S(=O)(=O)c1ccc(N)cc1
CHEMBL1790800,CC[C@@H](C)[C@H](NC(=O)OCc1ccccc1)C(=O)N[C@@H](Cc1ccccc1)[C@@H](O)[C@@H](NCc1ccccc1)C(=O)N[C@H](C(=O)NCc1ccccc1)C(C)C
CHEMBL104398,CC(C)C[C@H](NC(=O)[C@H](NCc1ccccc1)[C@H](O)[C@H](Cc1ccccc1)NC(=O)[C@@H](NC(=O)OCc1ccccc1)C(C)C)C(=O)NCc1ccccc1
CHEMBL104612,CC(C)[C@H](NC(=O)OCc1ccccc1)C(=O)N[C@@H](Cc1ccccc1)[C@@H](O)[C@@H](NCc1ccc(Cl)cc1)C(=O)N[C@H](C(=O)NCc1nc2ccccc2[nH]1)C(C)C
CHEMBL319400,CCNC(=O)[C@@H](NC(=O)c1c(-c2ccccc2)noc1C)[C@@H]1NC(C(=O)NCCNC(=O)[C@@H]2N[C@@H]([C@H](NC(=O)c3c(-c4ccccc4)noc3C)C(=O)NCC)SC2(C)C)C(C)(C)S1
CHEMBL106172,CC(C)[C@H](NC(=O)c1ccc2ccccc2n1)C(=O)N[C@@H](Cc1ccccc1)[C@@H](O)[C@@H](NCc1ccccc1)C(=O)N[C@H](C(=O)NCc1ccccc1)C(C)C
CHEMBL104789,CC(C)[C@H](NC(=O)OCc1ccccc1)C(=O)N[C@@H](Cc1ccccc1)[C@@H](O)[C@@H](NCc1ccccc1)C(=O)N[C@H](C(=O)NCc1nc2ccccc2[nH]1)C(C)C
CHEMBL70388,CC(=O)N[C@@H](Cc1ccccc1)C(=O)N[C@H](C(=O)N[C@@H](Cc1ccccc1)[C@@H](O)C(=O)N[C@H]1Cc2ccc(cc2)OCCCNC(=O)[C@H](C(C)C)NC1=O)C(C)C
CHEMBL70388,CC(=O)N[C@@H](Cc1ccccc1)C(=O)N[C@H](C(=O)N[C@@H](Cc1ccccc1)[C@@H](O)C(=O)N[C@H]1Cc2ccc(cc2)OCCCNC(=O)[C@H](C(C)C)NC1=O)C(C)C
CHEMBL70388,CC(=O)N[C@@H](Cc1ccccc1)C(=O)N[C@H](C(=O)N[C@@H](Cc1ccccc1)[C@@H](O)C(=O)N[C@H]1Cc2ccc(cc2)OCCCNC(=O)[C@H](C(C)C)NC1=O)C(C)C
CHEMBL70388,CC(=O)N[C@@H](Cc1ccccc1)C(=O)N[C@H](C(=O)N[C@@H](Cc1ccccc1)[C@@H](O)C(=O)N[C@H]1Cc2ccc(cc2)OCCCNC(=O)[C@H](C(C)C)NC1=O)C(C)C
CHEMBL70388,CC(=O)N[C@@H](Cc1ccccc1)C(=O)N[C@H](C(=O)N[C@@H](Cc1ccccc1)[C@@H](O)C(=O)N[C@H]1Cc2ccc(cc2)OCCCNC(=O)[C@H](C(C)C)NC1=O)C(C)C
CHEMBL70388,CC(=O)N[C@@H](Cc1ccccc1)C(=O)N[C@H](C(=O)N[C@@H](Cc1ccccc1)[C@@H](O)C(=O)N[C@H]1Cc2ccc(cc2)OCCCNC(=O)[C@H](C(C)C)NC1=O)C(C)C
CHEMBL70388,CC(=O)N[C@@H](Cc1ccccc1)C(=O)N[C@H](C(=O)N[C@@H](Cc1ccccc1)[C@@H](O)C(=O)N[C@H]1Cc2ccc(cc2)OCCCNC(=O)[C@H](C(C)C)NC1=O)C(C)C
CHEMBL70388,CC(=O)N[C@@H](Cc1ccccc1)C(=O)N[C@H](C(=O)N[C@@H](Cc1ccccc1)[C@@H](O)C(=O)N[C@H]1Cc2ccc(cc2)OCCCNC(=O)[C@H](C(C)C)NC1=O)C(C)C
CHEMBL70388,CC(=O)N[C@@H](Cc1ccccc1)C(=O)N[C@H](C(=O)N[C@@H](Cc1ccccc1)[C@@H](O)C(=O)N[C@H]1Cc2ccc(cc2)OCCCNC(=O)[C@H](C(C)C)NC1=O)C(C)C
CHEMBL175393,CCC(C)[C@H](NC(=O)[C@H](C(C)C)[C@@H](O)[C@H](O)C(CC1CCCCC1)NC(=O)c1ccccc1OCCOCCOCCOC)C(=O)NCc1nc2ccccc2[nH]1
CHEMBL355815,COCCOCCOc1ccccc1C(=O)N[C@@H](CC1CCCCC1)[C@@H](O)[C@H](O)[C@H](C(=O)N[C@H]1c2ccccc2CC1O)C(C)C
CHEMBL105008,CC(C)[C@H](NC(=O)OCc1ccccc1)C(=O)N[C@@H](Cc1ccccc1)[C@@H](O)[C@@H](NCCc1c[nH]c2ccccc12)C(=O)N[C@H](C(=O)NCc1ccccc1)C(C)C
CHEMBL318168,CC(C)[C@H](NC(=O)CCc1nc2ccccc2[nH]1)C(=O)N[C@@H](Cc1ccccc1)[C@@H](O)[C@@H](NCc1ccccc1)C(=O)N[C@H](C(=O)NCc1ccccc1)C(C)C
CHEMBL104326,COc1ccc(CN[C@@H](C(=O)N[C@H](C(=O)NCc2nc3ccccc3[nH]2)C(C)C)[C@H](O)[C@H](Cc2ccccc2)NC(=O)[C@@H](NC(=O)CCc2ccc(O)cc2)C(C)(C)C)cc1
CHEMBL448849,Nc1nc(=O)n([C@@H]2C=C(F)[C@H](CO)O2)cc1F
CHEMBL159580,COc1ccc(S(=O)(=O)N(CC(C)C)C[C@@H](O)[C@H](Cc2ccccc2)NC(=O)O[C@H]2CCOC2)cc1
CHEMBL317653,CC(C)[C@H](NC(=O)[C@H](NCc1ccc(Cl)cc1)[C@H](O)[C@H](Cc1ccccc1)NC(=O)[C@@H](NC(=O)OCc1ccccc1)C(C)(C)C)C(=O)NCc1nc2ccccc2[nH]1
CHEMBL173255,CCC(C)[C@H](NC(=O)[C@H](C(C)C)[C@@H](O)[C@H](O)C(CC1CCCCC1)NC(=O)c1ccccc1OCSc1ccccc1)C(=O)NCc1nc2ccccc2[nH]1
CHEMBL172927,CC(C)[C@@H](C(=O)N[C@H]1c2ccccc2CC1O)[C@@H](O)[C@H](O)[C@H](CC1CCCCC1)NC(=O)c1ccccc1
CHEMBL1794835,CC(C)[C@H](NC(=O)OCc1ccccc1)C(=O)N[C@@H](Cc1ccccc1)[C@@H](O)[C@@H](NCc1ccccc1)C(=O)N[C@@H](C(=O)NCc1ccccc1)C(C)(C)C.CC(C)[C@H](NC(=O)OCc1ccccc1)C(=O)N[C@@H](Cc1ccccc1)[C@@H](O)[C@@H](NCc1ccccc1)C(=O)N[C@H](C(=O)NCc1ccccc1)C(C)(C)C
CHEMBL422718,COc1ccc(S(=O)(=O)N(CC(C)C)C[C@@H](O)[C@H](Cc2ccccc2)NC(=O)O[C@@H]2CO[C@@H]3OCCC[C@@H]32)cc1
CHEMBL18389,CC(C)(C)NC(=O)[C@@H]1C[C@@H]2CCCC[C@@H]2CN1C[C@@H](O)[C@H](Cc1ccccc1)NC(=O)O[C@H]1CCOC1
CHEMBL102328,CC(C)[C@H](NC(=O)[C@H](NCc1ccccc1)[C@H](O)[C@H](Cc1ccccc1)NC(=O)[C@H](C)NC(=O)OCc1ccccc1)C(=O)NCc1ccccc1
CHEMBL432614,CC[C@H](C)[C@H](NC(=O)[C@@H]1CCCN1CC(O)[C@H](Cc1ccccc1)NC(=O)[C@H](CC(N)=O)NC(=O)[C@H](CC(C)C)NC(=O)[C@H](CO)NC(C)=O)C(=O)N[C@H](C(=O)OC)C(C)C
CHEMBL432614,CC[C@H](C)[C@H](NC(=O)[C@@H]1CCCN1CC(O)[C@H](Cc1ccccc1)NC(=O)[C@H](CC(N)=O)NC(=O)[C@H](CC(C)C)NC(=O)[C@H](CO)NC(C)=O)C(=O)N[C@H](C(=O)OC)C(C)C
CHEMBL302958,CC(=O)N[C@@H](Cc1c[nH]c2ccccc12)C(=O)N[C@H](C(=O)N[C@@H](Cc1ccccc1)[C@@H](O)C(=O)N[C@H]1Cc2ccc(cc2)OCCCNC(=O)[C@H](C(C)C)NC1=O)C(C)C
CHEMBL302958,CC(=O)N[C@@H](Cc1c[nH]c2ccccc12)C(=O)N[C@H](C(=O)N[C@@H](Cc1ccccc1)[C@@H](O)C(=O)N[C@H]1Cc2ccc(cc2)OCCCNC(=O)[C@H](C(C)C)NC1=O)C(C)C
CHEMBL302958,CC(=O)N[C@@H](Cc1c[nH]c2ccccc12)C(=O)N[C@H](C(=O)N[C@@H](Cc1ccccc1)[C@@H](O)C(=O)N[C@H]1Cc2ccc(cc2)OCCCNC(=O)[C@H](C(C)C)NC1=O)C(C)C
CHEMBL302958,CC(=O)N[C@@H](Cc1c[nH]c2ccccc12)C(=O)N[C@H](C(=O)N[C@@H](Cc1ccccc1)[C@@H](O)C(=O)N[C@H]1Cc2ccc(cc2)OCCCNC(=O)[C@H](C(C)C)NC1=O)C(C)C
CHEMBL302958,CC(=O)N[C@@H](Cc1c[nH]c2ccccc12)C(=O)N[C@H](C(=O)N[C@@H](Cc1ccccc1)[C@@H](O)C(=O)N[C@H]1Cc2ccc(cc2)OCCCNC(=O)[C@H](C(C)C)NC1=O)C(C)C
CHEMBL302958,CC(=O)N[C@@H](Cc1c[nH]c2ccccc12)C(=O)N[C@H](C(=O)N[C@@H](Cc1ccccc1)[C@@H](O)C(=O)N[C@H]1Cc2ccc(cc2)OCCCNC(=O)[C@H](C(C)C)NC1=O)C(C)C
CHEMBL302958,CC(=O)N[C@@H](Cc1c[nH]c2ccccc12)C(=O)N[C@H](C(=O)N[C@@H](Cc1ccccc1)[C@@H](O)C(=O)N[C@H]1Cc2ccc(cc2)OCCCNC(=O)[C@H](C(C)C)NC1=O)C(C)C
CHEMBL302958,CC(=O)N[C@@H](Cc1c[nH]c2ccccc12)C(=O)N[C@H](C(=O)N[C@@H](Cc1ccccc1)[C@@H](O)C(=O)N[C@H]1Cc2ccc(cc2)OCCCNC(=O)[C@H](C(C)C)NC1=O)C(C)C
CHEMBL302958,CC(=O)N[C@@H](Cc1c[nH]c2ccccc12)C(=O)N[C@H](C(=O)N[C@@H](Cc1ccccc1)[C@@H](O)C(=O)N[C@H]1Cc2ccc(cc2)OCCCNC(=O)[C@H](C(C)C)NC1=O)C(C)C
CHEMBL102428,CC(C)[C@H](NC(=O)OC(C)(C)C)C(=O)N[C@@H](Cc1ccccc1)[C@@H](O)[C@@H](NCc1ccccc1)C(=O)N[C@H](C(=O)NCc1ccccc1)C(C)C
CHEMBL162086,COc1ccc(S(=O)(=O)N(CC(C)C)C[C@@H](O)[C@H](Cc2ccccc2)NC(=O)O[C@@H]2CCS(=O)(=O)[C@@H]2C(C)C)cc1
CHEMBL318379,CCNC(=O)[C@@H](NC(=O)Cc1ccccc1)[C@@H]1NC(C(=O)NCCNC(=O)[C@@H]2N[C@@H]([C@H](NC(=O)Cc3ccccc3)C(=O)NCC)SC2(C)C)C(C)(C)S1
CHEMBL176353,CCC(C)[C@H](NC(=O)[C@H](C(C)C)[C@@H](O)[C@H](O)[C@H](CC1CCCCC1)NC(=O)c1ccccc1OCCOc1ccccc1)C(=O)NCc1nc2ccccc2[nH]1
CHEMBL105898,CC(C)[C@H](NC(=O)OCc1ccccc1)C(=O)N[C@@H](Cc1ccccc1)[C@@H](O)[C@@H](Nc1ccc(-c2ccccc2)cc1)C(=O)N[C@H](C(=O)NCc1ccccc1)C(C)C
CHEMBL161005,COc1ccc(S(=O)(=O)N(CC(C)C)C[C@@H](O)[C@H](Cc2ccccc2)NC(=O)O[C@H]2CCS(=O)(=O)C2)cc1
CHEMBL176737,CCC(C)[C@H](NC(=O)[C@H](C(C)C)[C@@H](O)[C@H](O)C(CC1CCCCC1)NC(=O)c1ncccc1OCCOCCOCCOC)C(=O)NCc1nc2ccccc2[nH]1
CHEMBL442738,CC(C)CCN(C[C@@H](O)[C@@H]1Cc2ccc(cc2)OCCCCCC(=O)N[C@@H](C(C)C)C(=O)N1)S(=O)(=O)c1ccc(N)cc1
CHEMBL9726,CC(C)(C)OC(=O)N[C@@H](Cc1ccccc1)[C@H](O)[C@@H](O)[C@H](Cc1ccccc1)NC(=O)OC(C)(C)C
CHEMBL9618,CC(C)(C)OC(=O)N[C@@H](Cc1ccccc1)[C@@H](O)[C@H](O)[C@H](Cc1ccccc1)NC(=O)OC(C)(C)C
CHEMBL101962,COc1cc(CC(=O)N[C@H](C(=O)N[C@@H](Cc2ccccc2)[C@@H](O)[C@H](O)[C@H](Cc2ccccc2)NC(=O)[C@@H](NC(=O)Cc2cc(OC)c(OC)c(OC)c2)C(C)C)C(C)C)cc(OC)c1OC
CHEMBL15053,CC(C)(C)NC(=O)c1ccccc1CSc1c(O)cc(-c2ccccc2)oc1=O
CHEMBL1790235,CC[C@@H](C)[C@@H]1NC(=O)[C@@H](NC[C@H](Cc2ccccc2)NC(=O)OC(C)(C)C)Cc2ccc(cc2)OCCCNC1=O
CHEMBL288010,CC(C)CCN(C[C@@H](O)[C@@H]1Cc2ccc(cc2)OCCCC(=O)N[C@@H](C(C)C)C(=O)N1)S(=O)(=O)c1ccccc1
CHEMBL316766,CC(C)[C@H](NC(=O)C(O)(c1ccccc1)c1ccccc1)C(=O)N[C@@H](Cc1ccccc1)C[C@H](O)[C@H](Cc1ccccc1)NC(=O)[C@@H](NC(=O)C(O)(c1ccccc1)c1ccccc1)C(C)C
CHEMBL45135,CC(C)CCN(C[C@@H](O)[C@@H]1Cc2ccc(cc2)OCCCC(=O)N[C@@H](C(N)=O)C(=O)N1)S(=O)(=O)c1ccccc1
CHEMBL288792,CCCCCCN(C[C@@H](O)[C@@H]1Cc2ccc(cc2)OCCCCCC(=O)N[C@@H](C(C)C)C(=O)N1)S(=O)(=O)c1ccc(N)cc1
CHEMBL296992,CC(C)[C@@H]1NC(=O)CCCCCOc2ccc(cc2)C[C@@H]([C@H](O)CN(CCCCCC(=O)O)S(=O)(=O)c2ccc(N)cc2)NC1=O
CHEMBL314758,CC(C)[C@H](NC(=O)OCc1ccccc1)C(=O)N[C@@H](Cc1ccccc1)[C@H](O)[C@@H](O)[C@H](Cc1ccccc1)NC(=O)[C@H](NC(=O)OCc1ccccc1)C(C)C
CHEMBL44787,CC(C)CCN(C[C@@H](O)[C@@H]1Cc2ccc(cc2)OCCCCCC(=O)N[C@@H](C(C)C)C(=O)N1)S(=O)(=O)c1cccc([N+](=O)[O-])c1
CHEMBL442159,CC[C@H](C)[C@H](NC(=O)[C@@H](NC(=O)[C@@H]1CCCN1)C(C)C)C(=O)NCC(O)C1Cc2ccc(cc2)OCCCC(=O)NC(CC(N)=O)C(=O)N1
CHEMBL276097,CC(C)OC(=O)c1ccccc1CSc1c(O)cc(-c2ccccc2)oc1=O
CHEMBL42402,CC(=O)Nc1ccc(S(=O)(=O)N(CCC(C)C)C[C@@H](O)[C@@H]2Cc3ccc(cc3)OCCCCCC(=O)N[C@@H](C(C)C)C(=O)N2)cc1
CHEMBL103783,CC(C)[C@H](NC(=O)CC1NC(=O)NC1=O)C(=O)N[C@@H](Cc1ccccc1)[C@@H](O)[C@H](O)[C@H](Cc1ccccc1)NC(=O)[C@@H](NC(=O)CC1NC(=O)NC1=O)C(C)C
CHEMBL1790231,CC[C@@H](C)[C@@H]1NC(=O)[C@@H](NC[C@@H](O)[C@H](Cc2ccccc2)NC(=O)[C@@H](NC(=O)[C@H](CC(C)C)NC(C)=O)C(C)C)Cc2ccc(cc2)OCCCNC1=O
CHEMBL295464,CC(C)CCN(C[C@@H](O)[C@@H]1Cc2ccc(cc2)OCCCCCC(=O)N[C@@H](C(C)C)C(=O)N1)S(=O)(=O)c1ccccc1
CHEMBL314298,CC(C)[C@H](NC(=O)OCc1ccccc1)C(=O)N[C@@H](Cc1ccccc1)[C@@H](O)[C@@H](O)[C@H](Cc1ccccc1)NC(=O)[C@H](NC(=O)OCc1ccccc1)C(C)C
CHEMBL288907,CCC(C)N(C[C@@H](O)[C@@H]1Cc2ccc(cc2)OCCCCCC(=O)N[C@@H](C(C)C)C(=O)N1)S(=O)(=O)c1ccc(N)cc1
CHEMBL1790230,CC[C@@H](C)[C@@H]1NC(=O)[C@@H](NC[C@@H](O)[C@H](Cc2ccccc2)NC(=O)[C@@H](NC(=O)c2ccc3ccccc3n2)C(C)C)Cc2ccc(cc2)OCCCNC1=O
CHEMBL275554,CC(C)(C)OC(=O)N[C@@H](Cc1ccccc1)[C@H](O)[C@H](O)[C@H](Cc1ccccc1)NC(=O)OC(C)(C)C
CHEMBL14437,Cc1cc(-c2cc(O)c(SCc3ccccc3)c(=O)o2)cc(C)c1O
CHEMBL321514,CC(C)[C@H](NC(=O)Cc1csc(N)n1)C(=O)N[C@@H](Cc1ccccc1)[C@@H](O)[C@H](O)[C@H](Cc1ccccc1)NC(=O)[C@@H](NC(=O)Cc1csc(N)n1)C(C)C
CHEMBL316767,CC(C)[C@H](NC(=O)CSc1ncccn1)C(=O)N[C@@H](Cc1ccccc1)[C@@H](O)[C@H](O)[C@H](Cc1ccccc1)NC(=O)[C@@H](NC(=O)CSc1ncccn1)C(C)C
CHEMBL288400,CC(C)CCN(C[C@@H](O)[C@@H]1Cc2ccc(cc2)OCCCCCC(=O)N[C@@H](C(C)C)C(=O)N1)NC(=O)NCc1ccccc1
CHEMBL1790234,CC[C@@H](C)[C@@H]1NC(=O)[C@@H](NC[C@@H](O)[C@@H]2Cc3ccc(cc3)OCCCCC(=O)N[C@@H](C(C)C)C(=O)N2)Cc2ccc(cc2)OCCCNC1=O
CHEMBL90174,CC[C@H](C)[C@H](NC(=O)OCc1ccccc1)C(=O)N[C@@H](Cc1ccccc1)C(O)[C@H](Cc1ccccc1)NC(=O)[C@H](NC(=O)OCc1ccccc1)[C@@H](C)CC
CHEMBL419596,CC[C@@H](C)C(NC(=O)[C@H](OCc1ccccc1)[C@H](O)[C@@H](O)[C@@H](OCc1ccccc1)C(=O)NC(C(=O)NC)[C@@H](C)CC)C(=O)NC
CHEMBL45310,CC(C)CCN(C[C@@H](O)[C@@H]1Cc2ccc(cc2)OCCCCCC(=O)N[C@@H](C(C)C)C(=O)N1)NC(=O)NC(C)(C)C
CHEMBL42715,COc1ccc(CCN(C[C@@H](O)[C@@H]2Cc3ccc(cc3)OCCCCCC(=O)N[C@@H](C(C)C)C(=O)N2)S(=O)(=O)c2ccc(N)cc2)cc1
CHEMBL1790238,CC[C@@H](C)[C@@H]1NC(=O)[C@@H](NC[C@@H](O)[C@H](Cc2ccccc2)NC(=O)c2cccc(C)c2)Cc2ccc(cc2)OCCCNC1=O
CHEMBL295472,O=C1N(Cc2ccc3ccccc3c2)C(Cc2ccccc2)P(=O)(O)C(Cc2ccccc2)N1Cc1ccc2ccccc2c1
CHEMBL267447,CCCc1cc(=O)oc2c3c(c4c(c12)OC(C)(C)C=C4)O[C@H](C)[C@@H](C)[C@@H]3O
CHEMBL14592,O=C(OC1CCCC1)c1ccccc1CSc1c(O)oc(-c2ccccc2)cc1=O
CHEMBL14751,Cc1cc(C)cc(-c2cc(O)c(SCc3ccccc3)c(=O)o2)c1
CHEMBL296937,CC(C)CCN(C[C@@H](O)[C@@H]1Cc2ccc(cc2)OCCCCCC(=O)N[C@@H](C(C)C)C(=O)N1)S(=O)(=O)c1ccc2ccccc2c1
CHEMBL297171,CC(C)[C@@H]1NC(=O)CCCCCOc2ccc(cc2)C[C@@H]([C@H](O)CN(CCc2ccccc2)S(=O)(=O)c2ccc(N)cc2)NC1=O
CHEMBL443519,CC(C)(C)N(CC(O)C1Cc2ccc(cc2)OCCCC(=O)NC(CC(N)=O)C(=O)N1)C(=O)C1CCCCN1
CHEMBL2311105,CC(=O)N[C@H](C(=O)N[C@@H](Cc1ccccc1)C(O)[C@H](Cc1ccccc1)NC(=O)[C@@H](NC(C)=O)C(C)C)C(C)C
CHEMBL46967,CC(C)CCN(C[C@@H](O)[C@@H]1Cc2ccc(cc2)OCCCCCC(=O)N[C@@H](C(C)C)C(=O)N1)S(=O)(=O)c1cccc2cccnc12
CHEMBL105459,CNC(=O)[C@@H](NC(=O)[C@H](OCc1ccccc1)[C@H](O)[C@@H](O)[C@@H](OCc1ccccc1)C(=O)N[C@H](C(=O)NC)C(C)C)C(C)C
CHEMBL105459,CNC(=O)[C@@H](NC(=O)[C@H](OCc1ccccc1)[C@H](O)[C@@H](O)[C@@H](OCc1ccccc1)C(=O)N[C@H](C(=O)NC)C(C)C)C(C)C
CHEMBL124093,CNC(=O)[C@@H](NC(=O)[C@H](OCc1ccccc1)[C@H](O)[C@@H](O)[C@@H](OCc1ccccc1)C(=O)N[C@H](C(=O)NC)c1ccccc1)c1ccccc1
CHEMBL432178,O=C1N(Cc2ccc(CO)cc2)C(Cc2ccccc2)P(=O)(O)C(Cc2ccccc2)N1Cc1ccc(CO)cc1
CHEMBL288008,CC(C)[C@@H]1NC(=O)CCCCCOc2ccc(cc2)C[C@@H]([C@H](O)CN(C2CCCC2)S(=O)(=O)c2ccc(N)cc2)NC1=O
CHEMBL296936,CC(C)CCN(C[C@@H](O)[C@@H]1Cc2ccc(cc2)OCCCCCC(=O)N[C@@H](C(C)C)C(=O)N1)NC(=O)NC1CCCCC1
CHEMBL1790229,CC[C@@H](C)[C@@H]1NC(=O)[C@@H](NC[C@@H](O)[C@H](Cc2ccccc2)NC(=O)[C@H](C(C)C)N2CCCC2=O)Cc2ccc(cc2)OCCCNC1=O
CHEMBL1790237,CC[C@@H](C)[C@@H]1NC(=O)[C@@H](NC[C@@H](O)[C@H](Cc2ccccc2)NC(=O)OC2CCOC2)Cc2ccc(cc2)OCCCNC1=O
CHEMBL88255,CC(=O)N[C@H](C(=O)N[C@H](C(=O)N[C@@H](Cc1ccccc1)C(O)[C@H](Cc1ccccc1)NC(=O)[C@H](NC(=O)[C@H](NC(C)=O)C(C)C)C(C)C)C(C)C)C(C)C
CHEMBL430891,CC(C)[C@H](NC(=O)OCc1ccccc1)C(=O)N[C@@H](Cc1ccccc1)[C@@H](O)[C@H](Cc1ccccc1)NC(=O)[C@H](NC(=O)OCc1ccccc1)C(C)C
CHEMBL431476,O=C(N[C@@H]1c2ccccc2C[C@@H]1O)[C@H](OCc1ccccc1)[C@H](O)[C@@H](O)[C@@H](OCc1ccccc1)C(=O)N[C@H]1c2ccccc2C[C@H]1O
CHEMBL124770,CNC(=O)[C@H](Cc1ccccc1)NC(=O)[C@H](OCc1ccccc1)[C@H](O)[C@@H](O)[C@@H](OCc1ccccc1)C(=O)N[C@@H](Cc1ccccc1)C(=O)NC
CHEMBL99725,Cc1nc(C)c(C(=O)N[C@H](C(=O)N[C@@H](Cc2ccccc2)C[C@H](O)[C@H](Cc2ccccc2)NC(=O)[C@@H](NC(=O)c2sc(C)nc2C)C(C)C)C(C)C)s1
CHEMBL1790236,CC[C@@H](C)[C@@H]1NC(=O)[C@@H](NC[C@@H](O)[C@H](Cc2ccccc2)NC(=O)OC(C)(C)C)Cc2ccc(cc2)OCCCNC1=O
CHEMBL333286,CNC(=O)C(NC(=O)[C@H](OCc1ccccc1)[C@H](O)[C@@H](O)[C@@H](OCc1ccccc1)C(=O)NC(C(=O)NC)c1cccc(F)c1)c1cccc(F)c1
CHEMBL288836,CC(C)CCN(C[C@@H](O)[C@@H]1Cc2ccc(cc2)OCCCCC(=O)N[C@@H](C(C)C)C(=O)N1)S(=O)(=O)c1ccccc1
CHEMBL83462,CC(C)[C@H](NC(=O)OCc1ccccc1)C(=O)N[C@@H](Cc1ccccc1)[C@@H](O)[C@H](O)[C@H](Cc1ccccc1)NC(=O)[C@H](NC(=O)OCc1ccccc1)C(C)C
CHEMBL121254,COc1ccc(S(=O)(=O)N(CC2CCCC2)C[C@@H](O)CN(CCc2ccccc2)C(=O)Cc2cccc(O)c2C)cc1
CHEMBL332849,COc1ccc(S(=O)(=O)N(CC2CCCC2)C[C@@H](O)CN(CCc2ccccc2)C(=O)CC2CCCC(NS(N)(=O)=O)C2)cc1
CHEMBL321250,CC(C)[C@@H]1NC(=O)[C@@H]([C@H](O)[C@H](Cc2ccccc2)NC(=O)OC(C)(C)C)NCc2ccc(cc2)OCCOCCOCCNC1=O
CHEMBL316256,CC(C)CCCCN1C(=O)N(CCCCC(C)C)[C@H](Cc2ccccc2)[C@H](O)[C@@H](O)[C@H]1Cc1ccccc1
CHEMBL314944,O=C1N(Cc2cccc(C(F)(F)F)c2)[C@H](Cc2ccccc2)[C@H](O)[C@@H](O)[C@@H](Cc2ccccc2)N1Cc1cccc(C(F)(F)F)c1
CHEMBL85059,Cc1cc(C)cc(S(=O)(=O)c2c(C(N)=O)[nH]c3ccc(Cl)cc23)c1
CHEMBL290336,N#CN=C1N(Cc2ccc(C#N)cc2)[C@H](Cc2ccccc2)[C@H](O)[C@@H](O)[C@@H](Cc2ccccc2)N1Cc1ccc(C#N)cc1
CHEMBL342772,N=C(NO)c1cccc(CN2C(=O)N(Cc3cccc(/C(N)=N/O)c3)[C@H](CCc3ccccc3)[C@H]2CCc2ccccc2)c1
CHEMBL413390,CC(C)[C@H](NC(=O)[C@H](Cc1cccc2ccccc12)CS(=O)(=O)C(C)(C)C)C(=O)N[C@H](Cc1ccccc1)P(N)(=O)[C@@H](Cc1ccccc1)NC(=O)[C@@H](NC(=O)[C@H](Cc1cccc2ccccc12)CS(=O)(=O)C(C)(C)C)C(C)C
CHEMBL293860,CC(C)(C)c1c(SC2=C(O)OC(CCc3ccccc3)(c3ccccc3)CC2=O)oc2ccccc12
CHEMBL293860,CC(C)(C)c1c(SC2=C(O)OC(CCc3ccccc3)(c3ccccc3)CC2=O)oc2ccccc12
CHEMBL332804,COc1ccc(S(=O)(=O)N(CC2CCCC2)C[C@@H](O)CN(CCc2ccccc2)C(=O)Cc2cccc(NS(N)(=O)=O)c2)cc1
CHEMBL315177,O=C1N(Cc2ccncc2)[C@H](Cc2ccccc2)[C@H](O)[C@@H](O)[C@@H](Cc2ccccc2)N1Cc1ccncc1
CHEMBL85771,O=C1N(Cc2ccc(F)cc2)[C@H](Cc2ccccc2)[C@H](O)[C@@H](O)[C@@H](Cc2ccccc2)N1Cc1ccc(F)cc1
CHEMBL87919,O=C1N(Cc2ccc(Br)cc2)[C@H](Cc2ccccc2)[C@H](O)[C@@H](O)[C@@H](Cc2ccccc2)N1Cc1ccc(Br)cc1
CHEMBL320800,CC(C)[C@H](NC(=O)OCc1ccccc1)C(=O)N[C@@H](Cc1ccccc1)[C@@H](O)[C@H]1NCc2ccc(cc2)OCCOCCNC(=O)[C@H](C(C)C)NC1=O
CHEMBL285417,O=C1N(Cc2cccc(CO)c2)[C@H](Cc2ccccc2)[C@H](O)[C@@H](O)[C@@H](Cc2ccccc2)N1Cc1cccc(CO)c1
CHEMBL413390,CC(C)[C@H](NC(=O)[C@H](Cc1cccc2ccccc12)CS(=O)(=O)C(C)(C)C)C(=O)N[C@H](Cc1ccccc1)P(N)(=O)[C@@H](Cc1ccccc1)NC(=O)[C@@H](NC(=O)[C@H](Cc1cccc2ccccc12)CS(=O)(=O)C(C)(C)C)C(C)C
CHEMBL120843,COc1ccc(S(=O)(=O)N(CC2CCCC2)C[C@@H](O)CN(CCc2ccccc2)C(=O)OCc2cncs2)cc1
CHEMBL86959,O=C1N(Cc2ccc3ccccc3c2)[C@H](Cc2ccccc2)[C@H](O)[C@@H](O)[C@@H](Cc2ccccc2)N1CC1CC1
CHEMBL315300,O=C1N(Cc2ccncc2)[C@H](Cc2ccccc2)[C@H](O)[C@@H](O)[C@@H](Cc2ccccc2)N1Cc1ccc2ccccc2c1
CHEMBL84217,Cc1ccc(S(=O)(=O)c2c(C(N)=O)[nH]c3ccc(Cl)cc23)cc1
CHEMBL36118,N#CN=C1N(CC2CC2)[C@H](Cc2ccccc2)[C@H](O)[C@@H](O)[C@@H](Cc2ccccc2)N1CC1CC1
CHEMBL405765,O=C1N(Cc2ccc([N+](=O)[O-])cc2)[C@H](Cc2ccccc2)[C@H](O)[C@@H](O)[C@@H](Cc2ccccc2)N1Cc1ccc([N+](=O)[O-])cc1
CHEMBL358558,COC(=O)c1cccc(CN2C(=O)N(Cc3cccc(C(=O)OC)c3)[C@H](CCc3ccccc3)[C@H]2[C@@H](O)Cc2ccccc2)c1
CHEMBL146829,O=C1N(Cc2cccc(CO)c2)[C@H](CCc2ccccc2)[C@@H](CCc2ccccc2)N1Cc1cccc(CO)c1
CHEMBL112199,CC(C)[C@H](NC(=O)OCc1ccccc1)C(=O)N[C@@H](Cc1ccccc1)[C@@H](O)[C@H]1NCc2ccc(cc2)OCCCCNC(=O)[C@H](C(C)C)NC1=O
CHEMBL325739,COc1ccc(CN[C@@H](C(=O)NC2c3ccccc3C[C@H]2O)[C@H](O)[C@H](Cc2ccccc2)NC(=O)[C@@H](NC(=O)OCc2ccccc2)C(C)C)cc1
CHEMBL431306,O=C1N(CC2CC2)[C@H](Cc2ccccc2)[C@H](O)[C@@H](O)[C@@H](Cc2ccccc2)N1CC1CC1
CHEMBL405657,CC(C)(C)NC(=O)[C@@H]1C[C@@H]2CCC[C@@H]2CN1C[C@@H](O)[C@H](Cc1ccccc1)NC(=O)O[C@H]1CCOC1
CHEMBL276077,C[C@H]1[C@@H](OC(=O)N[C@@H](Cc2ccccc2)[C@H](O)CN2C[C@H]3CCC[C@H]3C[C@H]2C(=O)NC(C)(C)C)CCS1(=O)=O
CHEMBL110585,CC(C)[C@H](NC(=O)OCc1ccccc1)C(=O)N[C@@H](Cc1ccccc1)[C@@H](O)[C@H]1NCc2cccc(c2)OCCOCCOCCNC(=O)[C@H](C(C)C)NC1=O
CHEMBL32143,N#CN=C1N(Cc2ccccc2)[C@H](Cc2ccccc2)[C@H](O)[C@@H](O)[C@@H](Cc2ccccc2)N1Cc1ccccc1
CHEMBL292791,CC(C)(C)c1oc2ccccc2c1SC1=C(O)OC(CCc2ccccc2)(c2ccccc2)CC1=O
CHEMBL292791,CC(C)(C)c1oc2ccccc2c1SC1=C(O)OC(CCc2ccccc2)(c2ccccc2)CC1=O
CHEMBL121146,COc1ccc(S(=O)(=O)N(CC2CCCC2)C[C@@H](O)CN(CCc2ccccc2)C(=O)OCc2ccccc2)cc1
CHEMBL279793,CC(C)(C)NC(=O)[C@@H]1C[C@@H]2CCC[C@@H]2CN1C[C@@H](O)[C@H](Cc1ccccc1)NC(=O)O[C@H]1CCS(=O)(=O)C1
CHEMBL284491,CC(C)CCN1C(=O)N(CCC(C)C)[C@H](Cc2ccccc2)[C@H](O)[C@@H](O)[C@H]1Cc1ccccc1
CHEMBL315439,O=C1N(Cc2ccccn2)[C@H](Cc2ccccc2)[C@H](O)[C@@H](O)[C@@H](Cc2ccccc2)N1Cc1ccccn1
CHEMBL333216,Cc1ccc2ccccc2c1N1C(=O)N(c2c(C)ccc3ccccc23)[C@H](Cc2ccccc2)[C@H](O)[C@@H](O)[C@H]1Cc1ccccc1
CHEMBL285498,N#CN=C1N(Cc2cccc(C#N)c2)[C@H](Cc2ccccc2)[C@H](O)[C@@H](O)[C@@H](Cc2ccccc2)N1Cc1cccc(C#N)c1
CHEMBL284472,CCCCN1C(=O)N(CCCC)[C@H](Cc2ccccc2)[C@H](O)[C@@H](O)[C@H]1Cc1ccccc1
CHEMBL124003,COc1ccc(S(=O)(=O)N(CC2CCCC2)C[C@@H](O)CN(CCc2ccccc2)C(=O)N[C@H](C(=O)OCc2ccccc2)C(C)C)cc1
CHEMBL326070,CC(C)[C@@H]1NC(=O)[C@@H]([C@H](O)[C@H](Cc2ccccc2)NC(=O)OC(C)(C)C)NCc2ccc(cc2)OCCCCNC1=O
CHEMBL109450,CC(C)[C@H](NC(=O)OCc1ccccc1)C(=O)N[C@@H](Cc1ccccc1)[C@@H](O)[C@H]1NCc2ccc(cc2)OCCOCCOCCOCCNC(=O)[C@H](C(C)C)NC1=O
CHEMBL420054,CCCCCN1C(=O)N(CCCCC)[C@H](Cc2ccccc2)[C@H](O)[C@@H](O)[C@H]1Cc1ccccc1
CHEMBL85294,O=C1N(Cc2cccc(I)c2)[C@H](Cc2ccccc2)[C@H](O)[C@@H](O)[C@@H](Cc2ccccc2)N1Cc1cccc(I)c1
CHEMBL284491,CC(C)CCN1C(=O)N(CCC(C)C)[C@H](Cc2ccccc2)[C@H](O)[C@@H](O)[C@H]1Cc1ccccc1
CHEMBL415040,O=C1N(Cc2cccc([N+](=O)[O-])c2)[C@H](Cc2ccccc2)[C@H](O)[C@@H](O)[C@@H](Cc2ccccc2)N1Cc1cccc([N+](=O)[O-])c1
CHEMBL277725,CC(C)(C)NC(=O)[C@@H]1C[C@@H]2CCCC[C@@H]2CN1C[C@@H](O)[C@H](Cc1ccccc1)NC(=O)O[C@H]1CCSC1
CHEMBL17494,CCC[C@H]1[C@@H](OC(=O)N[C@@H](Cc2ccccc2)[C@H](O)CN2C[C@H]3CCCC[C@H]3C[C@H]2C(=O)NC(C)(C)C)CCS1(=O)=O
CHEMBL261340,CC(C)[C@H]1[C@@H](OC(=O)N[C@@H](Cc2ccccc2)[C@H](O)CN2C[C@H]3CCCC[C@H]3C[C@H]2C(=O)NC(C)(C)C)CCS1(=O)=O
CHEMBL320774,CC(C)[C@@H]1NC(=O)[C@@H]([C@H](O)[C@H](Cc2ccccc2)NC(=O)O[C@H]2CCOC2)NCc2ccc(cc2)OCCOCCNC1=O
CHEMBL284314,C=CCN1C(=O)N(CC=C)[C@H](Cc2ccccc2)[C@H](O)[C@@H](O)[C@H]1Cc1ccccc1
CHEMBL61755,CCc1c(SC2=C(O)OC(CCc3ccccc3)(c3ccccc3)CC2=O)sc2ccccc12
CHEMBL277801,C[C@@H]1[C@H](OC(=O)N[C@@H](Cc2ccccc2)[C@H](O)CN2C[C@H]3CCCC[C@H]3C[C@H]2C(=O)NC(C)(C)C)CCS1(=O)=O
CHEMBL279372,CCCC[C@@H]1[C@H](OC(=O)N[C@@H](Cc2ccccc2)[C@H](O)CN2C[C@H]3CCCC[C@H]3C[C@H]2C(=O)NC(C)(C)C)CCS1(=O)=O
CHEMBL305923,NC(=O)C[C@H](NC(=O)c1ccc2ccccc2n1)C(=O)NC(Cc1ccccc1)[C@@H](O)CCC(=O)NC(c1cccc(C(F)(F)F)c1)c1cc2ccccc2[nH]1
CHEMBL313599,C=COCCN1C(=O)N(CCOC=C)[C@H](Cc2ccccc2)[C@H](O)[C@@H](O)[C@H]1Cc1ccccc1
CHEMBL313008,C#CCN1C(=O)N(CC#C)[C@H](Cc2ccccc2)[C@H](O)[C@@H](O)[C@H]1Cc1ccccc1
CHEMBL87142,O=C1N(Cc2ccccc2F)[C@H](Cc2ccccc2)[C@H](O)[C@@H](O)[C@@H](Cc2ccccc2)N1Cc1ccccc1F
CHEMBL285180,CCCCN1C(=NC#N)N(CCCC)[C@H](Cc2ccccc2)[C@H](O)[C@@H](O)[C@H]1Cc1ccccc1
CHEMBL286393,CC(C)=CCN1C(=O)N(CC=C(C)C)[C@H](Cc2ccccc2)[C@H](O)[C@@H](O)[C@H]1Cc1ccccc1
CHEMBL21145,O=C1N(Cc2ccc(CO)cc2)[C@H](Cc2ccccc2)[C@H](O)[C@@H](O)[C@@H](Cc2ccccc2)N1Cc1ccc(CO)cc1
CHEMBL147267,O=C1N(Cc2cccc(CO)c2)[C@H](Cc2ccccc2)CC[C@@H](Cc2ccccc2)N1Cc1cccc(CO)c1
CHEMBL333037,COc1ccc(S(=O)(=O)N(CC2CCCC2)C[C@@H](O)CN(CCc2ccccc2)C(=O)OCc2ccncc2)cc1
