mol_id,smiles,target
CHEMBL15928,COc1ccc(NC(=O)c2ccc(-c3ccc(-c4noc(C)n4)cc3C)cc2)cc1N1CCN(C)CC1,CHEMBL214
CHEMBL321818,Cc1ccccc1N1CCN(C(=O)COc2ccc3[nH]cc(CCN)c3c2)CC1.O=C(O)/C=C/C(=O)O,CHEMBL214
CHEMBL87187,Nc1cccc(-c2ccc(CCN3CCN(c4cccc5cccnc45)CC3)cc2)n1,CHEMBL214
CHEMBL292759,COc1ccc(NS(=O)(=O)c2ccc(Br)cc2)cc1N1CCN(C)CC1,CHEMBL214
CHEMBL325359,COc1ccc(NC(=O)N2CCN(c3cccc4c3CCCC4)CC2)cc1N1CCN(C)CC1.O=C(O)/C=C/C(=O)O,CHEMBL214
CHEMBL108722,COc1cccc(N2CCN(C(=O)Nc3ccc(OC)c(N4CCN(C)CC4)c3)CC2)c1.O=C(O)/C=C/C(=O)O,CHEMBL214
CHEMBL300209,CN(C)CCc1c[nH]c2ccc(Cc3nnn[nH]3)cc12,CHEMBL214
CHEMBL54265,CN(C)CCc1c[nH]c2ccc(-n3cncn3)cc12,CHEMBL214
CHEMBL53764,Cc1nccn1-c1ccc2[nH]cc(CCN(C)C)c2c1,CHEMBL214
CHEMBL53128,CN(C)CCc1c[nH]c2ccc(Cc3nnnn3C)cc12,CHEMBL214
CHEMBL53467,CN(C)CCc1c[nH]c2ccc(Cn3ncnn3)cc12,CHEMBL214
CHEMBL52912,CN(C)CCc1c[nH]c2ccc(Cn3ccnc3)cc12,CHEMBL214
CHEMBL54103,CN(C)CCc1c[nH]c2ccc(Cc3nncn3C)cc12,CHEMBL214
CHEMBL52264,CN(C)CCc1c[nH]c2ccc(Cc3ncnn3C)cc12,CHEMBL214
CHEMBL905,CN(C)CCc1c[nH]c2ccc(Cn3cncn3)cc12,CHEMBL214
CHEMBL53485,CN(C)CCc1c[nH]c2ccc(Cn3cnnn3)cc12,CHEMBL214
CHEMBL50834,CCn1nnnc1Cc1ccc2[nH]cc(CCN(C)C)c2c1,CHEMBL214
CHEMBL25924,CN1CCc2cccc3c2[C@H]1Cc1cccc(-c2ccccc2)c1-3,CHEMBL214
CHEMBL53349,Cc1nccn1Cc1ccc2[nH]cc(CCN(C)C)c2c1,CHEMBL214
CHEMBL50837,CN(C)CCc1c[nH]c2ccc(Cn3ccnn3)cc12,CHEMBL214
CHEMBL39243,CN(C)CCc1c[nH]c2ccc(Cc3nc(N)no3)cc12,CHEMBL214
CHEMBL531,CCCN1C[C@H](CSC)C[C@@H]2c3cccc4[nH]cc(c34)C[C@H]21,CHEMBL214
CHEMBL157138,CCN(CC)C(=O)N[C@H]1C=C2c3cccc4[nH]cc(c34)C[C@H]2N(C)C1,CHEMBL214
CHEMBL419792,CN[C@@H]1Cc2cccc3[nH]c(=O)n(c23)C1,CHEMBL214
CHEMBL493,CC(C)C[C@H]1C(=O)N2CCC[C@H]2[C@]2(O)O[C@](NC(=O)[C@@H]3C=C4c5cccc6[nH]c(Br)c(c56)C[C@H]4N(C)C3)(C(C)C)C(=O)N12,CHEMBL214
CHEMBL422344,CN(C)[C@@H]1Cc2cccc3nc(O)n(c23)C1,CHEMBL214
CHEMBL434665,CCCN[C@@H]1Cc2cccc3nc(O)n(c23)C1,CHEMBL214
CHEMBL1744038,CCCN(CC1CC1)[C@H]1CCc2ccc3[nH]c(C(N)=O)cc3c2C1,CHEMBL214
CHEMBL1744089,CCCN[C@@H]1CCc2ccc3[nH]c(C(N)=O)cc3c2C1,CHEMBL214
CHEMBL1788325,CCCN[C@H]1CCc2ccc3[nH]c(C(N)=O)cc3c2C1,CHEMBL214
CHEMBL1788192,CCCN(CC1CC1)[C@@H]1CCc2ccc3[nH]c(C(N)=O)cc3c2C1,CHEMBL214
CHEMBL26998,CCCN(CCC)[C@@H]1CCc2cccc(O)c2C1,CHEMBL214
CHEMBL49,O=C1CC2(CCCC2)CC(=O)N1CCCCN1CCN(c2ncccn2)CC1,CHEMBL214
CHEMBL1788190,CCCN(CCC)[C@H]1CCc2ccc3[nH]c(C(N)=O)cc3c2C1,CHEMBL214
CHEMBL1744088,CCCN(CCCCN1C(=O)CC(C)(C)CC1=O)[C@@H]1CCc2ccc3[nH]c(C#N)cc3c2C1,CHEMBL214
CHEMBL1788324,CCCN(CCCCN1C(=O)CC(C)(C)CC1=O)[C@H]1CCc2ccc3[nH]c(C#N)cc3c2C1,CHEMBL214
CHEMBL1744037,CCCN(CCCCN1C(=O)CC(C)(C)CC1=O)[C@@H]1CCc2ccc3[nH]c(C(N)=O)cc3c2C1,CHEMBL214
CHEMBL71920,CCCN(CCC)[C@@H]1CCc2ccc3[nH]c(C#N)cc3c2C1,CHEMBL214
CHEMBL1744035,CCCN(CCC)[C@H]1CCc2ccc3[nH]c(C#N)cc3c2C1,CHEMBL214
CHEMBL1744036,CCCN(CCC)[C@@H]1CCc2ccc3[nH]c(C(N)=O)cc3c2C1,CHEMBL214
CHEMBL1788191,CCCN(CCCCN1C(=O)CC(C)(C)CC1=O)[C@H]1CCc2ccc3[nH]c(C(N)=O)cc3c2C1,CHEMBL214
CHEMBL280955,C=CCN1CC[C@H]2c3cccc(OC)c3CC[C@H]21,CHEMBL214
CHEMBL135974,O[C@H]1[C@@H](NC[C@H]2COc3ccccc3O2)CC[C@@H]1Oc1ccccc1,CHEMBL214
CHEMBL2112713,COc1cccc(OC)c1O[C@@H]1CCC(NCC2COc3ccccc3O2)C1O,CHEMBL214
CHEMBL2112711,COc1ccccc1O[C@@H]1CCC(NCC2COc3ccccc3O2)C1O,CHEMBL214
CHEMBL13647,COc1ccccc1N1CCN(CCN2C(=O)CC3(CCCC3)CC2=O)CC1,CHEMBL214
CHEMBL416519,COc1cccc2c1C1CCN(CCc3ccccc3)[C@H]1CC2,CHEMBL214
CHEMBL134428,O[C@@H]1[C@H](NC[C@@H]2COc3ccccc3O2)CC[C@H]1Oc1ccccc1,CHEMBL214
CHEMBL286006,C=CCN1CC[C@@H]2c3ccccc3CC[C@H]21,CHEMBL214
CHEMBL132378,O[C@H]1[C@@H](NC[C@@H]2COc3ccccc3O2)CC[C@@H]1Oc1ccccc1,CHEMBL214
CHEMBL273614,CCCN1[C@@H]2CCc3cccc(OC)c3C2C[C@@H]1C,CHEMBL214
CHEMBL24532,COc1cccc2c1CC[C@@H]1[C@@H]2CCN1CC1CC1,CHEMBL214
CHEMBL280137,CCCN1CC[C@@H]2c3cccc(OC)c3CC[C@H]21,CHEMBL214
CHEMBL10561,CCCN1[C@H](C)CC2c3c(cccc3OC)CC[C@H]21,CHEMBL214
CHEMBL10570,C=CCN1CCC2c3cccc(OC)c3CC[C@H]21,CHEMBL214
CHEMBL418705,C=CCN1CCC2c3c(cccc3OC)CC[C@@H]21,CHEMBL214
CHEMBL24222,C=CCN1CC[C@@H]2c3cccc(OC)c3CC[C@H]21,CHEMBL214
CHEMBL9980,CCCN1CCC2c3c(O)cccc3CCC21,CHEMBL214
CHEMBL10677,CCCN1CCC2c3c(cccc3OC)CCC21,CHEMBL214
CHEMBL287134,C=CCN1CC[C@H]2c3c(O)cccc3CC[C@H]21,CHEMBL214
CHEMBL56,CCCN(CCC)C1CCc2cccc(O)c2C1,CHEMBL214
CHEMBL283738,C=CCN1CC[C@@H]2c3c(O)cccc3CC[C@H]21,CHEMBL214
CHEMBL2112713,COc1cccc(OC)c1O[C@@H]1CCC(NCC2COc3ccccc3O2)C1O,CHEMBL214
CHEMBL10408,C=CCN1CCC2c3cccc(O)c3CC[C@H]21,CHEMBL214
CHEMBL25418,C=CCN1CC[C@H]2c3ccccc3CC[C@H]21,CHEMBL214
CHEMBL284585,CCCN1CC[C@H]2c3c(cccc3OC)CC[C@H]21,CHEMBL214
CHEMBL25554,COc1cccc(OC)c1OCCNCC1COc2ccccc2O1,CHEMBL214
CHEMBL568290,CCCN1CC[C@@H]2c3c(cccc3OC)CC[C@@H]21,CHEMBL214
CHEMBL567001,CCCN1CC[C@@H]2c3c(O)cccc3CC[C@@H]21,CHEMBL214
CHEMBL135973,O[C@@H]1[C@H](NC[C@H]2COc3ccccc3O2)CC[C@H]1Oc1ccccc1,CHEMBL214
CHEMBL2112711,COc1ccccc1O[C@@H]1CCC(NCC2COc3ccccc3O2)C1O,CHEMBL214
CHEMBL25690,CCCN1CC[C@H]2c3ccccc3CC[C@H]21,CHEMBL214
CHEMBL56,CCCN(CCC)C1CCc2cccc(O)c2C1,CHEMBL214
CHEMBL24496,CCCN1CC[C@@H]2c3ccccc3CC[C@H]21,CHEMBL214
CHEMBL26118,C=CCN1CC[C@H]2c3c(cccc3OC)CC[C@H]21,CHEMBL214
CHEMBL25483,C=CCN1CC[C@@H]2c3cccc(O)c3CC[C@H]21,CHEMBL214
CHEMBL286205,C=CCN1CC[C@@H]2c3c(cccc3OC)CC[C@H]21,CHEMBL214
CHEMBL430332,CCCN1CC[C@H]2c3c(O)cccc3CC[C@H]21,CHEMBL214
CHEMBL29433,COc1ccc(NS(=O)(=O)c2sc3ccc(Cl)cc3c2C)cc1N1CCN2CCC[C@H]2C1,CHEMBL214
CHEMBL282971,COc1ccc(NS(=O)(=O)c2sc3ccc(Cl)cc3c2C)cc1N1CCN2CCC[C@@H]2C1,CHEMBL214
CHEMBL116940,COc1cc(Br)c2occ3c2c1[C@H](CN)CC3,CHEMBL214
CHEMBL263881,CCN(CC)C(=O)[C@@H]1C=C2c3cccc4[nH]cc(c34)C[C@H]2N(C)C1,CHEMBL214
CHEMBL97450,CCCCCCCCCOc1ccc2[nH]cc(CCN)c2c1,CHEMBL214
CHEMBL348890,O=C1Nc2ccc(Cl)c3c2C1(CCCCN1CC=C(c2ccc(Cl)cc2)CC1)CCC3,CHEMBL214
CHEMBL39,NCCc1c[nH]c2ccc(O)cc12,CHEMBL214
CHEMBL12157,CCCN(CCC)C1Cc2cccc3nc(S)n(c23)C1,CHEMBL214
CHEMBL1202409,Cl.NC1Cc2cccc3nc(O)n(c23)C1,CHEMBL214
CHEMBL37462,CN(C)CCc1c[nH]c2ccc(Cc3nc(N)ns3)cc12,CHEMBL214
CHEMBL12021,CCCCN(CCC)C1Cc2cccc3nc(O)n(c23)C1,CHEMBL214
CHEMBL12515,CCCN(CCC)C1Cc2cccc3c2n(c(=O)n3C)C1,CHEMBL214
CHEMBL39331,COc1ccc(Cc2noc(-c3ccc4[nH]cc(CCN)c4c3)n2)cc1,CHEMBL214
CHEMBL1794999,CCCN(CCC)C1Cc2cccc3ccn(c23)C1.O=C(O)/C=C/C(=O)O,CHEMBL214
CHEMBL18710,CN(C)CCc1coc2ccc(C(N)=O)cc12,CHEMBL214
CHEMBL290587,CN(C)CCc1c[nH]c2ccc(CCc3nc(N)no3)cc12,CHEMBL214
CHEMBL273711,Oc1nc2cccc3c2n1CC(N(CC1CC1)CC1CC1)C3,CHEMBL214
CHEMBL288821,NCCc1c[nH]c2ccc(-c3nc(Cc4ccccc4)no3)cc12,CHEMBL214
CHEMBL1202413,CCCNC1Cc2cccc3nc(O)n(c23)C1.Cl,CHEMBL214
CHEMBL11896,CCCN(CCC)C1Cc2cccc3c2N(C1)C(=O)C3,CHEMBL214
CHEMBL1744080,Br.CCCN(CCC)[C@@H]1Cc2cccc3nc(O)n(c23)C1,CHEMBL214
CHEMBL1202415,CCCN(CCC)C1Cc2cccc3c2N(CC(=O)N3)C1.Cl,CHEMBL214
CHEMBL1794997,CCCN(CCC)C1Cc2cccc3c2N(CC3)C1.O=C(O)/C=C/C(=O)O,CHEMBL214
CHEMBL11577,CCCN(CCC)C1Cc2cccc3c2N(C1)C(=O)CC3,CHEMBL214
CHEMBL36497,Cc1noc(-c2ccc3[nH]cc(CCN)c3c2)n1,CHEMBL214
CHEMBL37317,NCCc1c[nH]c2ccc(Cc3nc(N)no3)cc12,CHEMBL214
CHEMBL289489,CC(=O)Nc1ccc(Cc2noc(-c3ccc4[nH]cc(CCN)c4c3)n2)cc1,CHEMBL214
CHEMBL39317,CS(=O)(=O)Nc1ccc(Cc2noc(-c3ccc4[nH]cc(CCN)c4c3)n2)cc1,CHEMBL214
CHEMBL1202412,Cl.Oc1nc2cccc3c2n1CC(NCC1CC1)C3,CHEMBL214
CHEMBL273867,CCCN(CCC)C1Cc2cccc3c2N(C1)C(=O)NC3,CHEMBL214
CHEMBL19114,NCCc1coc2ccc(C(N)=O)cc12,CHEMBL214
CHEMBL18840,NCCc1c[nH]c2ccc(C(N)=O)cc12,CHEMBL214
CHEMBL1202416,CCCN(CCC)C1Cc2cccc3c2N(C1)C(=O)OC3.Cl,CHEMBL214
CHEMBL49,O=C1CC2(CCCC2)CC(=O)N1CCCCN1CCN(c2ncccn2)CC1,CHEMBL214
CHEMBL269419,CCCN(CCC)C1Cc2cccc3ccc(=O)n(c23)C1,CHEMBL214
CHEMBL1202407,CCCN(CCC)C1Cc2cccc3nc(O)n(c23)C1.Cl,CHEMBL214
CHEMBL38482,NCCc1c[nH]c2ccc(-c3nc(C4CC4)no3)cc12,CHEMBL214
CHEMBL1202410,C=CCNC1Cc2cccc3nc(O)n(c23)C1.Cl,CHEMBL214
CHEMBL268274,CCCN(CCC)C1Cc2cccc3c2N(C1)C(=O)CN3,CHEMBL214
CHEMBL267107,CCCN(CCC)C1Cc2cccc3nc(SC)n(c23)C1,CHEMBL214
CHEMBL39636,NCCc1c[nH]c2ccc(CCc3nc(Cc4ccccc4)no3)cc12,CHEMBL214
CHEMBL39243,CN(C)CCc1c[nH]c2ccc(Cc3nc(N)no3)cc12,CHEMBL214
CHEMBL1794998,CCCN(CCC)C1Cc2cccc3c2N(CCC3)C1.O=C(O)/C=C/C(=O)O,CHEMBL214
CHEMBL18928,NCCC1COc2ccc(C(N)=O)cc21,CHEMBL214
CHEMBL1794795,CCCN(CCC)C1Cc2cccc3c2N(C1)C(=O)CO3.O=C(O)/C=C/C(=O)O,CHEMBL214
CHEMBL15270,Cc1nc(Cl)c(Sc2ccc(Cl)cc2)c(NC2CCN(Cc3ccccc3)CC2)n1,CHEMBL214
CHEMBL274047,O=C1[C@@H]2[C@H]3CC[C@H](C3)[C@@H]2C(=O)N1CCCCN1CCN(c2ncccn2)CC1,CHEMBL214
CHEMBL278751,CCCN(CCC)[C@@H]1CCc2c(OC)cccc2[C@@H]1C,CHEMBL214
CHEMBL24161,C=CCN1C[C@H]2c3c(cccc3OC)CC[C@H]21,CHEMBL214
CHEMBL24978,CCCN(CCC)[C@@H]1Cc2cccc3ccc(=O)n(c23)C1,CHEMBL214
CHEMBL281819,CCCN1CC[C@H]2c3c(cccc3OC)CC[C@@H]21,CHEMBL214
CHEMBL13647,COc1ccccc1N1CCN(CCN2C(=O)CC3(CCCC3)CC2=O)CC1,CHEMBL214
CHEMBL80173,C[C@H]1C[C@H](c2cc3cc(F)ccc3s2)CCN1C[C@H](O)COc1cccc2[nH]ccc12,CHEMBL214
CHEMBL80173,C[C@H]1C[C@H](c2cc3cc(F)ccc3s2)CCN1C[C@H](O)COc1cccc2[nH]ccc12,CHEMBL214
CHEMBL284585,CCCN1CC[C@H]2c3c(cccc3OC)CC[C@H]21,CHEMBL214
CHEMBL76747,COc1cccc2sc([C@@H]3CCN(C[C@H](O)COc4cccc5[nH]ccc45)[C@@H](C)C3)cc12,CHEMBL214
CHEMBL76747,COc1cccc2sc([C@@H]3CCN(C[C@H](O)COc4cccc5[nH]ccc45)[C@@H](C)C3)cc12,CHEMBL214
CHEMBL311701,C[C@H]1C[C@H](c2cc3ccccc3s2)CCN1C[C@H](O)COc1cccc2[nH]ccc12,CHEMBL214
CHEMBL311701,C[C@H]1C[C@H](c2cc3ccccc3s2)CCN1C[C@H](O)COc1cccc2[nH]ccc12,CHEMBL214
CHEMBL281859,C=CCN1CC[C@H]2c3cccc(OC)c3CC[C@@H]21,CHEMBL214
CHEMBL25357,CCCN1[C@@H]2CCc3cccc(O)c3[C@@H]2C[C@@H]1C,CHEMBL214
CHEMBL79543,Cc1cc(C)c2cc([C@@H]3CCN(C[C@H](O)COc4cccc5[nH]ccc45)[C@@H](C)C3)sc2c1,CHEMBL214
CHEMBL309666,O[C@H](COc1cccc2[nH]ccc12)CN1[C@@H]2CC[C@H]1C[C@H](c1cc3ccccc3s1)C2,CHEMBL214
CHEMBL309666,O[C@H](COc1cccc2[nH]ccc12)CN1[C@@H]2CC[C@H]1C[C@H](c1cc3ccccc3s1)C2,CHEMBL214
CHEMBL26118,C=CCN1CC[C@H]2c3c(cccc3OC)CC[C@H]21,CHEMBL214
CHEMBL286376,COc1cccc2c1[C@@H]1CCN(CCc3ccccc3)[C@@H]1CC2,CHEMBL214
CHEMBL11170,C=CCN1CC[C@@H]2Cc3c(cccc3OC)C[C@H]21,CHEMBL214
CHEMBL10048,C=CCN1CCC2c3c(O)cccc3CCC21,CHEMBL214
CHEMBL10570,C=CCN1CCC2c3cccc(OC)c3CC[C@H]21,CHEMBL214
CHEMBL285774,C=CCN1C[C@H]2c3c(O)cccc3CC[C@H]21,CHEMBL214
CHEMBL78450,C[C@H]1C[C@H](c2cc3c(F)cccc3s2)CCN1C[C@H](O)COc1cccc2[nH]ccc12,CHEMBL214
CHEMBL78450,C[C@H]1C[C@H](c2cc3c(F)cccc3s2)CCN1C[C@H](O)COc1cccc2[nH]ccc12,CHEMBL214
CHEMBL280955,C=CCN1CC[C@H]2c3cccc(OC)c3CC[C@H]21,CHEMBL214
CHEMBL27399,CCCN(CCC)[C@@H]1Cc2cccc3c2N(CC(=O)N3)C1,CHEMBL214
CHEMBL11066,CCCN1CC[C@@H]2Cc3c(O)cccc3C[C@H]21,CHEMBL214
CHEMBL278285,C=CCN1CCC2Cc3c(O)cccc3C[C@H]21,CHEMBL214
CHEMBL11170,C=CCN1CC[C@@H]2Cc3c(cccc3OC)C[C@H]21,CHEMBL214
CHEMBL11771,Oc1cccc2c1C[C@H]1CCN(CC3CC3)[C@@H]1C2,CHEMBL214
CHEMBL416924,CCCN1[C@H](C)C[C@H]2c3c(cccc3OC)CC[C@H]21,CHEMBL214
CHEMBL25418,C=CCN1CC[C@H]2c3ccccc3CC[C@H]21,CHEMBL214
CHEMBL80618,C[C@H]1C[C@H](c2cc3ccc(Cl)cc3s2)CCN1C[C@H](O)COc1cccc2[nH]ccc12,CHEMBL214
CHEMBL80618,C[C@H]1C[C@H](c2cc3ccc(Cl)cc3s2)CCN1C[C@H](O)COc1cccc2[nH]ccc12,CHEMBL214
CHEMBL1202479,C=CCN1CC[C@H]2Cc3cccc(OC)c3C[C@@H]21.Cl,CHEMBL214
CHEMBL24575,C=CCN1CC[C@H]2c3cccc(O)c3CC[C@@H]21,CHEMBL214
CHEMBL25483,C=CCN1CC[C@@H]2c3cccc(O)c3CC[C@H]21,CHEMBL214
CHEMBL287134,C=CCN1CC[C@H]2c3c(O)cccc3CC[C@H]21,CHEMBL214
CHEMBL24532,COc1cccc2c1CC[C@@H]1[C@@H]2CCN1CC1CC1,CHEMBL214
CHEMBL24161,C=CCN1C[C@H]2c3c(cccc3OC)CC[C@H]21,CHEMBL214
CHEMBL78405,COc1ccc2cc([C@@H]3CCN(C[C@H](O)COc4cccc5[nH]ccc45)[C@@H](C)C3)sc2c1,CHEMBL214
CHEMBL78405,COc1ccc2cc([C@@H]3CCN(C[C@H](O)COc4cccc5[nH]ccc45)[C@@H](C)C3)sc2c1,CHEMBL214
CHEMBL285873,C=CCN1CC[C@H]2c3cccc(O)c3CC[C@H]21,CHEMBL214
CHEMBL285774,C=CCN1C[C@H]2c3c(O)cccc3CC[C@H]21,CHEMBL214
CHEMBL430332,CCCN1CC[C@H]2c3c(O)cccc3CC[C@H]21,CHEMBL214
CHEMBL24222,C=CCN1CC[C@@H]2c3cccc(OC)c3CC[C@H]21,CHEMBL214
CHEMBL78202,C[C@H]1C[C@@H](c2cc3cc(F)ccc3s2)CCN1C[C@H](O)COc1cccc2[nH]ccc12,CHEMBL214
CHEMBL78202,C[C@H]1C[C@@H](c2cc3cc(F)ccc3s2)CCN1C[C@H](O)COc1cccc2[nH]ccc12,CHEMBL214
CHEMBL26118,C=CCN1CC[C@H]2c3c(cccc3OC)CC[C@H]21,CHEMBL214
CHEMBL11388,CCCN1CC[C@@H]2Cc3c(cccc3OC)C[C@H]21,CHEMBL214
CHEMBL310883,COc1cccc2sc([C@H]3CCN(C[C@H](O)COc4cccc5[nH]ccc45)[C@@H](C)C3)cc12,CHEMBL214
CHEMBL310883,COc1cccc2sc([C@H]3CCN(C[C@H](O)COc4cccc5[nH]ccc45)[C@@H](C)C3)cc12,CHEMBL214
CHEMBL80777,C[C@H]1C[C@H](c2cc3c(C(F)(F)F)cccc3s2)CCN1C[C@H](O)COc1cccc2[nH]ccc12,CHEMBL214
CHEMBL11365,C=CCN1CC[C@@H]2Cc3cccc(OC)c3C[C@@H]21,CHEMBL214
CHEMBL11880,COc1cccc2c1C[C@H]1CCN(Cc3ccccc3)[C@@H]1C2,CHEMBL214
CHEMBL158941,CN(C)CCc1c[nH]c2ccc(CS(=O)(=O)N(C)Cc3ccc(CN(C)S(=O)(=O)Cc4ccc5[nH]cc(CCN(C)C)c5c4)cc3)cc12,CHEMBL214
CHEMBL79151,C[C@H]1C[C@H](c2cc3cc(Cl)ccc3s2)CCN1C[C@H](O)COc1cccc2[nH]ccc12,CHEMBL214
CHEMBL79151,C[C@H]1C[C@H](c2cc3cc(Cl)ccc3s2)CCN1C[C@H](O)COc1cccc2[nH]ccc12,CHEMBL214
CHEMBL430332,CCCN1CC[C@H]2c3c(O)cccc3CC[C@H]21,CHEMBL214
CHEMBL25690,CCCN1CC[C@H]2c3ccccc3CC[C@H]21,CHEMBL214
CHEMBL26181,CCCN(CCC)[C@@H]1Cc2cccc3nc(O)n(c23)C1,CHEMBL214
CHEMBL308388,COc1cccc2sc([C@H]3CCN(C[C@H](O)COc4cccc5[nH]ccc45)[C@H](C)C3)cc12,CHEMBL214
CHEMBL308388,COc1cccc2sc([C@H]3CCN(C[C@H](O)COc4cccc5[nH]ccc45)[C@H](C)C3)cc12,CHEMBL214
CHEMBL311964,Cc1cccc2sc([C@@H]3CCN(C[C@H](O)COc4cccc5[nH]ccc45)[C@@H](C)C3)cc12,CHEMBL214
CHEMBL311964,Cc1cccc2sc([C@@H]3CCN(C[C@H](O)COc4cccc5[nH]ccc45)[C@@H](C)C3)cc12,CHEMBL214
CHEMBL309396,C[C@H]1C[C@H](c2cc3ccc(F)cc3s2)CCN1C[C@H](O)COc1cccc2[nH]ccc12,CHEMBL214
CHEMBL309396,C[C@H]1C[C@H](c2cc3ccc(F)cc3s2)CCN1C[C@H](O)COc1cccc2[nH]ccc12,CHEMBL214
CHEMBL2051769,CCCN1CC[C@H]2c3cccc(OC)c3CC[C@@H]21,CHEMBL214
CHEMBL276825,C=CCN1CCC2c3cccc(OC)c3CC[C@@H]21,CHEMBL214
CHEMBL275480,COc1cccc2c1C[C@H]1CCN[C@@H]1C2,CHEMBL214
CHEMBL11386,CCCN1[C@@H](C)C[C@@H]2Cc3cccc(OC)c3C[C@@H]21,CHEMBL214
CHEMBL24129,C=CCN1CCC2Cc3c(cccc3OC)C[C@H]21,CHEMBL214
CHEMBL531,CCCN1C[C@H](CSC)C[C@@H]2c3cccc4[nH]cc(c34)C[C@H]21,CHEMBL214
CHEMBL430332,CCCN1CC[C@H]2c3c(O)cccc3CC[C@H]21,CHEMBL214
CHEMBL26118,C=CCN1CC[C@H]2c3c(cccc3OC)CC[C@H]21,CHEMBL214
CHEMBL285341,CCN(CC)C(=O)N[C@@H]1C[C@@H]2c3cccc4c3C(=CC4)C[C@H]2N(C)C1,CHEMBL214
CHEMBL11386,CCCN1[C@@H](C)C[C@@H]2Cc3cccc(OC)c3C[C@@H]21,CHEMBL214
CHEMBL25359,CCCN1CCC2Cc3c(O)cccc3C[C@H]21,CHEMBL214
CHEMBL284585,CCCN1CC[C@H]2c3c(cccc3OC)CC[C@H]21,CHEMBL214
CHEMBL11388,CCCN1CC[C@@H]2Cc3c(cccc3OC)C[C@H]21,CHEMBL214
CHEMBL430332,CCCN1CC[C@H]2c3c(O)cccc3CC[C@H]21,CHEMBL214
CHEMBL284585,CCCN1CC[C@H]2c3c(cccc3OC)CC[C@H]21,CHEMBL214
CHEMBL24622,CCCN1[C@@H]2CCc3cccc(OC)c3[C@@H]2C[C@@H]1C,CHEMBL214
CHEMBL25013,Cc1[nH]c2cccc3c2c1C[C@@H]1C3C[C@H](NC(=O)C(C)(C)C)CN1C,CHEMBL214
CHEMBL11066,CCCN1CC[C@@H]2Cc3c(O)cccc3C[C@H]21,CHEMBL214
CHEMBL26118,C=CCN1CC[C@H]2c3c(cccc3OC)CC[C@H]21,CHEMBL214
CHEMBL307874,COc1cccc2sc([C@@H]3CCN(C[C@H](O)COc4cccc5[nH]ccc45)[C@H](C)C3)cc12,CHEMBL214
CHEMBL307874,COc1cccc2sc([C@@H]3CCN(C[C@H](O)COc4cccc5[nH]ccc45)[C@H](C)C3)cc12,CHEMBL214
CHEMBL26181,CCCN(CCC)[C@@H]1Cc2cccc3nc(O)n(c23)C1,CHEMBL214
CHEMBL11365,C=CCN1CC[C@@H]2Cc3cccc(OC)c3C[C@@H]21,CHEMBL214
CHEMBL24496,CCCN1CC[C@@H]2c3ccccc3CC[C@H]21,CHEMBL214
CHEMBL305833,C[C@H]1C[C@H](c2cc3cccc(F)c3s2)CCN1C[C@H](O)COc1cccc2[nH]ccc12,CHEMBL214
CHEMBL305833,C[C@H]1C[C@H](c2cc3cccc(F)c3s2)CCN1C[C@H](O)COc1cccc2[nH]ccc12,CHEMBL214
CHEMBL281248,CCCN(CCC)[C@@H]1Cc2cccc3nc(S)n(c23)C1,CHEMBL214
CHEMBL284585,CCCN1CC[C@H]2c3c(cccc3OC)CC[C@H]21,CHEMBL214
CHEMBL287134,C=CCN1CC[C@H]2c3c(O)cccc3CC[C@H]21,CHEMBL214
CHEMBL286006,C=CCN1CC[C@@H]2c3ccccc3CC[C@H]21,CHEMBL214
CHEMBL278814,CCCN1[C@H](C)C[C@H]2c3c(O)cccc3CC[C@H]21,CHEMBL214
CHEMBL286205,C=CCN1CC[C@@H]2c3c(cccc3OC)CC[C@H]21,CHEMBL214
CHEMBL280137,CCCN1CC[C@@H]2c3cccc(OC)c3CC[C@H]21,CHEMBL214
CHEMBL283738,C=CCN1CC[C@@H]2c3c(O)cccc3CC[C@H]21,CHEMBL214
CHEMBL1185,CN(C)CCc1c[nH]c2ccc(C[C@H]3COC(=O)N3)cc12,CHEMBL214
CHEMBL310063,COc1ccc2sc([C@@H]3CCN(C[C@H](O)COc4cccc5[nH]ccc45)[C@@H](C)C3)cc2c1OC,CHEMBL214
CHEMBL310063,COc1ccc2sc([C@@H]3CCN(C[C@H](O)COc4cccc5[nH]ccc45)[C@@H](C)C3)cc2c1OC,CHEMBL214
CHEMBL421328,COc1cccc2sc([C@@H]3C[C@H]4CC[C@@H](C3)N4C[C@H](O)COc3cccc4[nH]ccc34)cc12,CHEMBL214
CHEMBL421328,COc1cccc2sc([C@@H]3C[C@H]4CC[C@@H](C3)N4C[C@H](O)COc3cccc4[nH]ccc34)cc12,CHEMBL214
CHEMBL24110,CCCN(CCC)[C@@H]1Cc2cccc3c2N(C1)C(=O)NC3,CHEMBL214
CHEMBL11363,C=CCN1CC[C@@H]2Cc3c(O)cccc3C[C@H]21,CHEMBL214
CHEMBL79205,C[C@@H]1C[C@@H](c2cc3cc(F)ccc3s2)CCN1C[C@H](O)COc1cccc2[nH]ccc12,CHEMBL214
CHEMBL79205,C[C@@H]1C[C@@H](c2cc3cc(F)ccc3s2)CCN1C[C@H](O)COc1cccc2[nH]ccc12,CHEMBL214
CHEMBL278091,CCCN1CCC2Cc3c(cccc3OC)C[C@H]21,CHEMBL214
CHEMBL267769,COc1cccc2c1C[C@H]1CCN(CC3CC3)[C@@H]1C2,CHEMBL214
CHEMBL25074,CN1C[C@@H](NC(=O)C(C)(C)C)CC2c3cccc4[nH]c(Cl)c(c34)C[C@H]21,CHEMBL214
CHEMBL283956,CCCN1C[C@H]2c3c(cccc3OC)CC[C@H]21,CHEMBL214
CHEMBL11363,C=CCN1CC[C@@H]2Cc3c(O)cccc3C[C@H]21,CHEMBL214
CHEMBL10289,C=CCN1CCC2c3cccc(O)c3CCC21,CHEMBL214
CHEMBL309304,C[C@@H]1C[C@H](c2cc3cc(F)ccc3s2)CCN1C[C@H](O)COc1cccc2[nH]ccc12,CHEMBL214
CHEMBL309304,C[C@@H]1C[C@H](c2cc3cc(F)ccc3s2)CCN1C[C@H](O)COc1cccc2[nH]ccc12,CHEMBL214
CHEMBL273412,C=CCN1CCC2c3c(cccc3OC)CCC21,CHEMBL214
CHEMBL279207,C=CCN1CC[C@H]2c3c(cccc3OC)CC[C@@H]21,CHEMBL214
CHEMBL24523,CCCN1CC[C@H]2c3c(O)cccc3CC[C@@H]21,CHEMBL214
CHEMBL11770,C=CCN1CC[C@@H]2Cc3cccc(OC)c3C[C@H]21,CHEMBL214
CHEMBL24110,CCCN(CCC)[C@@H]1Cc2cccc3c2N(C1)C(=O)NC3,CHEMBL214
CHEMBL148860,COc1cccc2c1O[C@@H](CN1[C@@H]3CC[C@H]1C[C@](O)(c1csc4ccccc14)C3)CO2,CHEMBL214
CHEMBL148860,COc1cccc2c1O[C@@H](CN1[C@@H]3CC[C@H]1C[C@](O)(c1csc4ccccc14)C3)CO2,CHEMBL214
CHEMBL148860,COc1cccc2c1O[C@@H](CN1[C@@H]3CC[C@H]1C[C@](O)(c1csc4ccccc14)C3)CO2,CHEMBL214
CHEMBL352234,COc1cccc(N2CCN(C(=O)COc3ccc4[nH]cc(CCN)c4c3)CC2)c1,CHEMBL214
CHEMBL352234,COc1cccc(N2CCN(C(=O)COc3ccc4[nH]cc(CCN)c4c3)CC2)c1,CHEMBL214
CHEMBL69125,CCCN1CCC2c3c(cccc3C(N)=O)CCC21,CHEMBL214
CHEMBL150050,COc1cccc2c1O[C@@H](CN1C3C=C(n4ccc5cc(F)ccc54)CC1CC3)CO2,CHEMBL214
CHEMBL120272,NCCc1c[nH]c2ccc(OCCCC(=O)N3CCN(c4ccc([N+](=O)[O-])cc4)CC3)cc12,CHEMBL214
CHEMBL117157,CS(=O)(=O)NCc1ccc(N2CCN(C(=O)COc3ccc4[nH]cc(CCN)c4c3)CC2)cc1,CHEMBL214
CHEMBL113752,O[C@H](COc1cccc2[nH]ccc12)CN1CC[C@@H](c2ccc(F)cc2)[C@H](COc2ccc3c(c2)OCO3)C1,CHEMBL214
CHEMBL151786,CCOc1cccc2c1O[C@@H](CN1[C@@H]3CC[C@H]1C[C@](O)(c1ccc4ccccc4c1)C3)CO2,CHEMBL214
CHEMBL147477,CCOc1cccc2c1O[C@@H](CN1[C@@H]3CC[C@H]1C[C@](O)(c1ccccc1)C3)CO2,CHEMBL214
CHEMBL349003,CCCN1CC[C@H]2c3c(cccc3C(N)=O)CC[C@H]21,CHEMBL214
CHEMBL435279,COc1cccc2c1O[C@@H](CN1[C@@H]3CC[C@H]1C[C@](O)(c1cccc(C(F)(F)F)c1)C3)CO2,CHEMBL214
CHEMBL444794,OC(CNCCCCCCN1CC[C@H](c2ccc(F)cc2)[C@@H](COc2ccc3c(c2)OCO3)C1)COc1cccc2[nH]ccc12,CHEMBL214
CHEMBL332063,NCCc1c[nH]c2ccc(OCC(=O)N3CCN(c4ccccc4CN)CC3)cc12,CHEMBL214
CHEMBL7143,COc1ccc2[nH]c(C)c(CCN(C)C)c2c1,CHEMBL214
CHEMBL344745,CCOc1cccc2c1O[C@@H](CN1[C@@H]3CC[C@H]1C[C@](O)(c1csc4ccccc14)C3)CO2,CHEMBL214
CHEMBL116444,OC(CNCCCCCCN1CC[C@H](c2ccc(F)cc2)[C@@H](COc2ccc3c(c2)OCO3)C1)COc1cccc2ccccc12,CHEMBL214
CHEMBL334323,NCCc1c[nH]c2ccc(OCC(=O)N3CCN(c4ccc([N+](=O)[O-])cc4)CC3)cc12,CHEMBL214
CHEMBL143512,NCCc1c[nH]c2ccc(OS(=O)(=O)C(F)(F)F)cc12,CHEMBL214
CHEMBL120514,NCCc1c[nH]c2ccc(OCCCCCC(=O)N3CCN(c4ccc(N)cc4)CC3)cc12,CHEMBL214
CHEMBL114893,OC(CNCCC(Oc1ccc(C(F)(F)F)cc1)c1ccccc1)COc1ccccc1C1CCCC1,CHEMBL214
CHEMBL421064,NCCc1c[nH]c2ccc(OCC(=O)N3CCN(c4ccccc4)CC3)cc12,CHEMBL214
CHEMBL421064,NCCc1c[nH]c2ccc(OCC(=O)N3CCN(c4ccccc4)CC3)cc12,CHEMBL214
CHEMBL1203216,CN(C)S(=O)(=O)Nc1ccc(N2CCN(C(=O)COc3ccc4[nH]cc(CCN)c4c3)CC2)cc1.Cl.O,CHEMBL214
CHEMBL421950,COc1ccccc1[C@]1(O)C[C@H]2CC[C@@H](C1)N2C[C@H]1COc2cccc(OC)c2O1,CHEMBL214
CHEMBL149888,CCOc1cccc2c1O[C@@H](CN1[C@@H]3CC[C@H]1C[C@](O)(c1cccc(C(F)(F)F)c1)C3)CO2,CHEMBL214
CHEMBL117972,CCN(CC)C(=O)[C@@]1(c2ccccc2)C[C@H]1CNCC(O)COc1cccc2[nH]ccc12,CHEMBL214
CHEMBL326088,O[C@@H](COc1cccc2[nH]ccc12)CN1CC[C@@H](c2ccc(F)cc2)[C@H](COc2ccc3c(c2)OCO3)C1,CHEMBL214
CHEMBL421064,NCCc1c[nH]c2ccc(OCC(=O)N3CCN(c4ccccc4)CC3)cc12,CHEMBL214
CHEMBL151266,COc1cccc2c1O[C@@H](CN1[C@@H]3CC[C@H]1C[C@](O)(c1ccccc1)C3)CO2,CHEMBL214
CHEMBL151266,COc1cccc2c1O[C@@H](CN1[C@@H]3CC[C@H]1C[C@](O)(c1ccccc1)C3)CO2,CHEMBL214
CHEMBL151266,COc1cccc2c1O[C@@H](CN1[C@@H]3CC[C@H]1C[C@](O)(c1ccccc1)C3)CO2,CHEMBL214
CHEMBL117269,O[C@H](CNCC[C@H](Oc1ccc(C(F)(F)F)cc1)c1ccccc1)COc1cccc2ccccc12,CHEMBL214
CHEMBL120055,Cc1ccccc1N1CCN(C(=O)COc2ccc3[nH]cc(CCN)c3c2)CC1,CHEMBL214
CHEMBL120055,Cc1ccccc1N1CCN(C(=O)COc2ccc3[nH]cc(CCN)c3c2)CC1,CHEMBL214
CHEMBL334193,NCCc1c[nH]c2ccc(OCC(=O)N3CCN(c4ccc(NC(=O)c5ccccc5)cc4)CC3)cc12,CHEMBL214
CHEMBL1185,CN(C)CCc1c[nH]c2ccc(C[C@H]3COC(=O)N3)cc12,CHEMBL214
CHEMBL113960,O[C@H](CNCC[C@H](Oc1ccc(C(F)(F)F)cc1)c1ccccc1)COc1cccc2[nH]ccc12,CHEMBL214
CHEMBL117405,CC(C)NC[C@H](O)COc1cccc2[nH]ccc12,CHEMBL214
CHEMBL331240,CC(=O)Nc1ccc(N2CCN(C(=O)COc3ccc4[nH]cc(CCN)c4c3)CC2)cc1,CHEMBL214
CHEMBL121499,NCCc1c[nH]c2ccc(OCC(=O)N3CCN(c4ccc(CN)cc4)CC3)cc12,CHEMBL214
CHEMBL146751,COc1cccc2c1O[C@@H](CN1[C@@H]3CC[C@H]1C[C@](O)(c1ccc4ccccc4c1)C3)CO2,CHEMBL214
CHEMBL146751,COc1cccc2c1O[C@@H](CN1[C@@H]3CC[C@H]1C[C@](O)(c1ccc4ccccc4c1)C3)CO2,CHEMBL214
CHEMBL146751,COc1cccc2c1O[C@@H](CN1[C@@H]3CC[C@H]1C[C@](O)(c1ccc4ccccc4c1)C3)CO2,CHEMBL214
CHEMBL116809,O[C@@H](CNCC[C@H](Oc1ccc(C(F)(F)F)cc1)c1ccccc1)COc1cccc2[nH]ccc12,CHEMBL214
CHEMBL143967,CCCN(CCC)CCc1c[nH]c2ccc(OS(=O)(=O)C(F)(F)F)cc12,CHEMBL214
CHEMBL121207,NCCc1c[nH]c2ccc(OCCCCCC(=O)N3CCN(c4ccc([N+](=O)[O-])cc4)CC3)cc12,CHEMBL214
CHEMBL115003,OC(CNCCC(Oc1ccc(C(F)(F)F)cc1)c1ccccc1)COc1cccc2[nH]ccc12,CHEMBL214
CHEMBL116626,O[C@@H](CNCC[C@H](Oc1ccc(C(F)(F)F)cc1)c1ccccc1)COc1cccc2ccccc12,CHEMBL214
CHEMBL160581,NCCc1c[nH]c2ccc(OCC(=O)N3CCN(c4cccc5ccccc45)CC3)cc12,CHEMBL214
CHEMBL160581,NCCc1c[nH]c2ccc(OCC(=O)N3CCN(c4cccc5ccccc45)CC3)cc12,CHEMBL214
CHEMBL39,NCCc1c[nH]c2ccc(O)cc12,CHEMBL214
CHEMBL143767,CN(C)CCc1c[nH]c2ccc(OS(=O)(=O)C(F)(F)F)cc12,CHEMBL214
CHEMBL120055,Cc1ccccc1N1CCN(C(=O)COc2ccc3[nH]cc(CCN)c3c2)CC1,CHEMBL214
CHEMBL116314,NCCc1c[nH]c2ccc(OCCCCC(=O)N3CCN(c4ccc(N)cc4)CC3)cc12,CHEMBL214
CHEMBL120480,CS(=O)(=O)NCc1ccccc1N1CCN(C(=O)COc2ccc3[nH]cc(CCN)c3c2)CC1,CHEMBL214
CHEMBL56,CCCN(CCC)C1CCc2cccc(O)c2C1,CHEMBL214
CHEMBL267615,CCc1[nH]c2ccc(OC)cc2c1CCN(C)C,CHEMBL214
CHEMBL348708,COc1cccc2c1O[C@@H](CN1C3C=C(c4cccc5cccnc45)CC1CC3)CO2,CHEMBL214
CHEMBL143510,CCN(CC)CCc1c[nH]c2ccc(OS(=O)(=O)C(F)(F)F)cc12,CHEMBL214
CHEMBL324289,NCCc1c[nH]c2ccc(OCCCCC(=O)N3CCN(c4ccc([N+](=O)[O-])cc4)CC3)cc12,CHEMBL214
CHEMBL355953,COc1cccc2c1O[C@@H](CN1[C@@H]3CC[C@H]1C[C@](O)(c1ccccn1)C3)CO2,CHEMBL214
CHEMBL357985,CCOc1cccc2c1O[C@@H](CN1[C@@H]3CC[C@H]1C[C@](O)(c1ccccn1)C3)CO2,CHEMBL214
CHEMBL905,CN(C)CCc1c[nH]c2ccc(Cn3cncn3)cc12,CHEMBL214
CHEMBL349003,CCCN1CC[C@H]2c3c(cccc3C(N)=O)CC[C@H]21,CHEMBL214
CHEMBL344127,COc1ccc(CNC(=O)/C=C/c2ccc3[nH]cc(CCN(C)C)c3c2)cc1,CHEMBL214
CHEMBL121901,CS(=O)(=O)Nc1ccc(N2CCN(C(=O)COc3ccc4[nH]cc(CCN)c4c3)CC2)cc1,CHEMBL214
CHEMBL331037,CS(=O)(=O)Nc1ccc(N2CCN(C(=O)CCCCCOc3ccc4[nH]cc(CCN)c4c3)CC2)cc1,CHEMBL214
CHEMBL69273,CCCN1CCC2c3c(cccc3C(N)=O)CC[C@@H]21,CHEMBL214
CHEMBL119927,N#Cc1ccccc1N1CCN(C(=O)COc2ccc3[nH]cc(CCN)c3c2)CC1,CHEMBL214
CHEMBL69326,O=C(NCCN1CCN(c2cccc3c2OCC(CO)O3)CC1)c1ccc(F)cc1,CHEMBL214
CHEMBL332142,NCCc1c[nH]c2ccc(OCC(=O)N3CCN(c4ccccc4[N+](=O)[O-])CC3)cc12,CHEMBL214
CHEMBL431211,c1ccc2c(c1)CCC(CNCCCCNC1=NCCCN1)O2,CHEMBL214
CHEMBL422243,c1cnc(NCCCNCC2CCc3ccccc3O2)nc1,CHEMBL214
CHEMBL88207,c1ccc(NCCCNCC2CCc3ccccc3O2)nc1,CHEMBL214
CHEMBL278751,CCCN(CCC)[C@@H]1CCc2c(OC)cccc2[C@@H]1C,CHEMBL214
CHEMBL90443,CC(C)/N=C(\N)NNCCCNCC1CCc2ccccc2O1,CHEMBL214
CHEMBL88784,c1ccc2c(c1)CCC(CNCCCCCNC1=NCCCN1)O2,CHEMBL214
CHEMBL275964,O=C(N[C@@H](Cc1ccccc1)CN1CCN(c2nsnc2Cl)CC1)C1CCCCC1,CHEMBL214
CHEMBL89427,c1ccc2c(c1)CCC(CNCCCNc1nccs1)O2,CHEMBL214
CHEMBL10793,CN(C(=O)C1CCCCC1)[C@H](Cc1ccccc1)CN1CCN(c2nsnc2Cl)CC1,CHEMBL214
CHEMBL88676,c1ccc2c(c1)CCC(CNCCCNC1=NCCCN1)O2,CHEMBL214
CHEMBL312845,CC(C)/N=C(\NC#N)NCCCNCC1CCc2ccccc2O1,CHEMBL214
CHEMBL10603,COc1nsnc1N1CCN(C[C@@H](Cc2ccccc2)N(C)C(=O)c2ccccc2)CC1,CHEMBL214
CHEMBL328107,CCCN1CC[C@H]2c3c(ccc4ccoc34)CC[C@H]21,CHEMBL214
CHEMBL96735,CCCN(CCC)C1CCc2c(ccc3ccoc23)C1,CHEMBL214
CHEMBL88208,c1ccc2c(c1)CCC(CNCCCNC1=NCCN1)O2,CHEMBL214
CHEMBL91596,COc1ccc2c(c1)OC(CNCCCNC1=NCCCN1)CC2,CHEMBL214
CHEMBL314738,c1ccc2c(c1)CCC(CNCCCNC1=NCCCN1)C2,CHEMBL214
CHEMBL89878,CCc1ccc2c(c1)OC(CNCCCNC1=NCCCN1)CC2,CHEMBL214
CHEMBL88212,c1ccc2c(c1)CC[C@@H](CNCCCNC1=NCCCN1)O2,CHEMBL214
CHEMBL88240,c1ccc2c(c1)CC[C@H](CNCCCNC1=NCCCN1)O2,CHEMBL214
CHEMBL90981,O=C1CCCN=C(NCCCNCC2CCc3ccccc3O2)N1,CHEMBL214
CHEMBL314548,CCCN(CCC)C1CCc2ccc3occc3c2C1,CHEMBL214
CHEMBL91154,c1ccc2c(c1)CC(CNCCCNC1=NCCCN1)O2,CHEMBL214
CHEMBL329207,c1ccc2c(c1)CCC(CNCCCNc1ccncn1)O2,CHEMBL214
CHEMBL91123,c1ccc2c(c1)CCC(CNCCCNC1=NCCCC1)O2,CHEMBL214
CHEMBL88152,c1ccc2c(c1)CCC(CNCCCNc1cnccn1)O2,CHEMBL214
CHEMBL89007,Clc1ccc(NCCCNCC2CCc3ccccc3O2)nn1,CHEMBL214
CHEMBL93186,CCCN(CCC)C1CCc2ccc3ccoc3c2C1,CHEMBL214
CHEMBL56,CCCN(CCC)C1CCc2cccc(O)c2C1,CHEMBL214
CHEMBL313490,c1cnc(NCCNCC2CCc3ccccc3O2)nc1,CHEMBL214
CHEMBL430332,CCCN1CC[C@H]2c3c(O)cccc3CC[C@H]21,CHEMBL214
CHEMBL10796,COc1nsnc1N1CCN(C[C@@H](Cc2ccccc2)N(C)C(=O)C2CCCCC2)CC1,CHEMBL214
CHEMBL266393,COc1nsnc1N1CCN(C[C@@H](Cc2cccnc2)NC(=O)C2(C)CCCCC2)CC1,CHEMBL214
CHEMBL90405,Fc1ccc2c(c1)CCC(CNCCCNC1=NCCCN1)O2,CHEMBL214
CHEMBL285755,CCCN(CCC)C1CCc2ccc(O)cc2C1,CHEMBL214
CHEMBL88783,c1ccc2c(c1)CCC(CNCCNC1=NCCCN1)O2,CHEMBL214
CHEMBL88283,COc1cccc2c1OC(CNCCCNC1=NCCCN1)CC2,CHEMBL214
CHEMBL89448,c1ccc2c(c1)OCC(CNCCCNC1=NCCCN1)O2,CHEMBL214
CHEMBL433002,CCCN(CCC)[C@@H]1CCc2c(ccc3ccoc23)[C@@H]1C,CHEMBL214
CHEMBL25236,COc1ccccc1N1CCN(CCCCNC(=O)c2ccc3ccccc3c2)CC1,CHEMBL214
CHEMBL143352,COc1ccccc1N1CCN(CCCCNC(=O)c2cccn3nccc23)CC1,CHEMBL214
CHEMBL141419,COc1ccccc1N1CCN(CCCCNC(=O)c2cc3ccccc3[te]2)CC1,CHEMBL214
CHEMBL342060,COc1ccccc1N1CCN(CCCCNC(=O)c2ccn3nccc3c2)CC1,CHEMBL214
CHEMBL337531,O=C(NCCCCN1CCN(c2cccc(Cl)c2Cl)CC1)c1cc2ccccc2[te]1,CHEMBL214
CHEMBL336930,COc1ccccc1N1CCN(CCCCNC(=O)c2ccc3ccnn3c2)CC1,CHEMBL214
CHEMBL315772,CN(C)CC1CC2c3ccccc3Cc3ccc(Cl)cc3N2O1,CHEMBL214
CHEMBL423735,COc1ccccc1N1CCN(CCCCNC(=O)c2cnn3ccccc23)CC1,CHEMBL214
CHEMBL424294,COc1ccccc1N1CCN(CCCCNC(=O)c2cc3ccccc3s2)CC1,CHEMBL214
CHEMBL344677,COc1ccccc1N1CCN(CCCCNC(=O)c2cccc3ccnn23)CC1,CHEMBL214
CHEMBL142020,COc1ccccc1N1CCN(CCCCNC(=O)c2cc3ccccn3n2)CC1,CHEMBL214
CHEMBL124444,COc1ccccc1N1CCN(CCCCNC(=O)c2cc3ccccc3o2)CC1,CHEMBL214
CHEMBL147901,NCCc1c[nH]c2ccc(OCCNC(=O)COc3ccc4[nH]cc(CCN)c4c3)cc12,CHEMBL214
CHEMBL53,CN1CCc2cccc3c2[C@H]1Cc1ccc(O)c(O)c1-3,CHEMBL214
CHEMBL22778,CCCN(CCC)[C@H]1CCc2c(F)ccc(O)c2C1,CHEMBL214
CHEMBL27132,C[C@H]1c2cccc3c2-c2c1ccc1c2[C@@H](C3)N(C)CC1,CHEMBL214
CHEMBL282375,CC(=O)N[C@@H]1c2cccc3c2-c2c1ccc1c2[C@@H](C3)N(C)CC1,CHEMBL214
CHEMBL39,NCCc1c[nH]c2ccc(O)cc12,CHEMBL214
CHEMBL357830,NCCc1c[nH]c2ccc(OCC(=O)N3CCC(C4CCN(C(=O)COc5ccc6[nH]cc(CCN)c6c5)CC4)CC3)cc12,CHEMBL214
CHEMBL281924,CO[C@]1(C)c2cccc3c2-c2c1ccc1c2[C@@H](C3)N(C)CC1,CHEMBL214
CHEMBL280804,CCO[C@@]1(CC)c2cccc3c2-c2c1ccc1c2[C@@H](C3)N(C)CC1,CHEMBL214
CHEMBL424128,NCCc1c[nH]c2ccc(OCCCCCCOc3ccc4[nH]cc(CCN)c4c3)cc12,CHEMBL214
CHEMBL284586,CN1CCc2ccc3c4c2[C@H]1Cc1cccc(c1-4)C3,CHEMBL214
CHEMBL26998,CCCN(CCC)[C@@H]1CCc2cccc(O)c2C1,CHEMBL214
CHEMBL342323,NCCc1c[nH]c2ccc(OCCCCCCNS(=O)(=O)c3ccc(-c4ccc(S(=O)(=O)NCCCCCCOc5ccc6[nH]cc(CCN)c6c5)cc4)cc3)cc12,CHEMBL214
CHEMBL281357,CN1CCc2cccc3c2[C@H]1Cc1ccccc1-3,CHEMBL214
CHEMBL281048,CN1CCc2ccc3c4c2[C@H]1Cc1cccc(c1-4)[C@H]3N,CHEMBL214
CHEMBL144397,NCCc1c[nH]c2ccc(OCC(=O)NCCCNC(=O)COc3ccc4[nH]cc(CCN)c4c3)cc12,CHEMBL214
CHEMBL27940,Cc1cccc2c1-c1cccc3c1[C@@H](C2)N(C)CC3,CHEMBL214
CHEMBL356277,NCCc1c[nH]c2ccc(OCC(=O)Nc3ccc(NC(=O)COc4ccc5[nH]cc(CCN)c5c4)cc3)cc12,CHEMBL214
CHEMBL148314,NCCc1c[nH]c2ccc(OCc3ccccc3COc3ccc4[nH]cc(CCN)c4c3)cc12,CHEMBL214
CHEMBL553331,Cl.Cl.Cn1c(=O)c2c(ncn2CCCN2CCN(C(c3ccc(F)cc3)c3ccc(F)cc3)CC2)n(C)c1=O,CHEMBL214
CHEMBL305660,CC(C)(C)c1ccc(C(=O)CCCN2CCC(OC(c3ccccc3)c3ccccc3)CC2)cc1,CHEMBL214
CHEMBL343196,NCCc1c[nH]c2ccc(OCCOc3ccc4[nH]cc(CCN)c4c3)cc12,CHEMBL214
CHEMBL331240,CC(=O)Nc1ccc(N2CCN(C(=O)COc3ccc4[nH]cc(CCN)c4c3)CC2)cc1,CHEMBL214
CHEMBL147851,NCCc1c[nH]c2ccc(OCCN3CCN(C(=O)COc4ccc5[nH]cc(CCN)c5c4)CC3)cc12,CHEMBL214
CHEMBL148022,NCCc1c[nH]c2ccc(OCc3cccc(COc4ccc5[nH]cc(CCN)c5c4)c3)cc12,CHEMBL214
CHEMBL146720,NCCc1c[nH]c2ccc(OCC(=O)N3CCN(C(=O)COc4ccc5[nH]cc(CCN)c5c4)CC3)cc12,CHEMBL214
CHEMBL144030,NCCc1c[nH]c2ccc(OCc3ccc(COc4ccc5[nH]cc(CCN)c5c4)cc3)cc12,CHEMBL214
CHEMBL147677,NCCc1c[nH]c2ccc(OCCNC(=O)NCCOc3ccc4[nH]cc(CCN)c4c3)cc12,CHEMBL214
CHEMBL281554,CCO[C@]1(CC)c2cccc3c2-c2c1ccc1c2[C@@H](C3)N(C)CC1,CHEMBL214
CHEMBL144128,NCCc1c[nH]c2ccc(OCCN3CCN(CCOc4ccc5[nH]cc(CCN)c5c4)CC3)cc12,CHEMBL214
CHEMBL357478,NCCc1c[nH]c2ccc(OCC(=O)Nc3ccc(N4CCN(C(=O)COc5ccc6[nH]cc(CCN)c6c5)CC4)cc3)cc12,CHEMBL214
CHEMBL282863,C[C@@H]1c2cccc3c2-c2c1ccc1c2[C@@H](C3)N(C)CC1,CHEMBL214
CHEMBL338611,Cn1c(=O)c2c(ncn2CCCN2CCC(C(c3ccccc3)c3ccccc3)CC2)n(C)c1=O.O=C(O)/C=C/C(=O)O,CHEMBL214
CHEMBL281923,CO[C@@]1(C)c2cccc3c2-c2c1ccc1c2[C@@H](C3)N(C)CC1,CHEMBL214
CHEMBL359124,[N-]=[N+]=Nc1cccc(CCN2CCN(c3cccc(C(F)(F)F)c3)CC2)c1,CHEMBL214
CHEMBL359124,[N-]=[N+]=Nc1cccc(CCN2CCN(c3cccc(C(F)(F)F)c3)CC2)c1,CHEMBL214
CHEMBL359124,[N-]=[N+]=Nc1cccc(CCN2CCN(c3cccc(C(F)(F)F)c3)CC2)c1,CHEMBL214
CHEMBL359124,[N-]=[N+]=Nc1cccc(CCN2CCN(c3cccc(C(F)(F)F)c3)CC2)c1,CHEMBL214
CHEMBL138989,C[C@@H]1C[C@@H](C)N1C(=O)[C@@H]1C=C2c3cccc4[nH]cc(c34)CC2N(C)C1,CHEMBL214
CHEMBL49,O=C1CC2(CCCC2)CC(=O)N1CCCCN1CCN(c2ncccn2)CC1,CHEMBL214
CHEMBL27429,COc1ccccc1N1CCN(CCCCN2C(=O)CC3(CCCC3)CC2=O)CC1,CHEMBL214
CHEMBL47419,CC(CCCN1C(=O)CC2(CCCC2)CC1=O)N1CCN(c2ccc(F)cc2)CC1,CHEMBL214
CHEMBL153174,Nc1ccc(CCN2CCN(c3cccc(C(F)(F)F)c3)CC2)cc1I,CHEMBL214
CHEMBL153174,Nc1ccc(CCN2CCN(c3cccc(C(F)(F)F)c3)CC2)cc1I,CHEMBL214
CHEMBL153174,Nc1ccc(CCN2CCN(c3cccc(C(F)(F)F)c3)CC2)cc1I,CHEMBL214
CHEMBL153174,Nc1ccc(CCN2CCN(c3cccc(C(F)(F)F)c3)CC2)cc1I,CHEMBL214
CHEMBL46095,O=C1CC2(CCCC2)CC(=O)N1CCC(O)CN1CCN(c2ccc(F)cc2)CC1,CHEMBL214
CHEMBL276031,CCCN(CCC)C1Cc2c[nH]c3ccc(C(C)=O)c(c23)C1,CHEMBL214
CHEMBL142936,CCN(CC)CCc1c[nH]c2ccccc12,CHEMBL214
CHEMBL49586,CC(CCCN1C(=O)CC(C)(C)CC1=O)N1CCN(c2ncc(F)cn2)CC1,CHEMBL214
CHEMBL47497,COc1ccccc1N1CCN(CC(O)CCN2C(=O)CC3(CCCC3)CC2=O)CC1,CHEMBL214
CHEMBL342986,CCN(CC)CCc1c[nH]c2ccc(OC)cc12,CHEMBL214
CHEMBL342986,CCN(CC)CCc1c[nH]c2ccc(OC)cc12,CHEMBL214
CHEMBL39,NCCc1c[nH]c2ccc(O)cc12,CHEMBL214
CHEMBL39,NCCc1c[nH]c2ccc(O)cc12,CHEMBL214
CHEMBL39,NCCc1c[nH]c2ccc(O)cc12,CHEMBL214
CHEMBL39,NCCc1c[nH]c2ccc(O)cc12,CHEMBL214
CHEMBL39,NCCc1c[nH]c2ccc(O)cc12,CHEMBL214
CHEMBL39,NCCc1c[nH]c2ccc(O)cc12,CHEMBL214
CHEMBL155615,[N-]=[N+]=Nc1ccc(CCN2CCN(c3cccc(C(F)(F)F)c3)CC2)cc1I,CHEMBL214
CHEMBL155615,[N-]=[N+]=Nc1ccc(CCN2CCN(c3cccc(C(F)(F)F)c3)CC2)cc1I,CHEMBL214
CHEMBL155615,[N-]=[N+]=Nc1ccc(CCN2CCN(c3cccc(C(F)(F)F)c3)CC2)cc1I,CHEMBL214
CHEMBL155615,[N-]=[N+]=Nc1ccc(CCN2CCN(c3cccc(C(F)(F)F)c3)CC2)cc1I,CHEMBL214
CHEMBL284820,CCCN(CCC)C1CCc2ccccc2C1,CHEMBL214
CHEMBL49575,CC1(C)CC(=O)N(CCCCN2CCN(c3ncc(F)cn3)CC2)C(=O)C1,CHEMBL214
CHEMBL143031,CN(C)CCc1c[nH]c2cc(F)cc(O)c12,CHEMBL214
CHEMBL444612,CCN(CC)CCc1c[nH]c2cc(F)ccc12,CHEMBL214
CHEMBL296254,O=C1CC2(CCCC2)CC(=O)N1CCCCN1CCN(c2ccccc2)CC1,CHEMBL214
CHEMBL281720,O=C1c2ccccc2C(=O)N1CCCCN1CCN(c2ncccn2)CC1,CHEMBL214
CHEMBL337590,COc1cc2c(CCN(C)C)c[nH]c2cc1F,CHEMBL214
CHEMBL49489,CC(CCCN1C(=O)c2ccccc2C1=O)N1CCN(c2ncc(F)cn2)CC1,CHEMBL214
CHEMBL263881,CCN(CC)C(=O)[C@@H]1C=C2c3cccc4[nH]cc(c34)C[C@H]2N(C)C1,CHEMBL214
CHEMBL284092,CC1(C)CC(=O)N(CCCCN2CCN(c3ncccn3)CC2)C(=O)C1,CHEMBL214
CHEMBL423045,Nc1cccc(CCN2CCN(c3cccc(C(F)(F)F)c3)CC2)c1,CHEMBL214
CHEMBL423045,Nc1cccc(CCN2CCN(c3cccc(C(F)(F)F)c3)CC2)c1,CHEMBL214
CHEMBL423045,Nc1cccc(CCN2CCN(c3cccc(C(F)(F)F)c3)CC2)c1,CHEMBL214
CHEMBL423045,Nc1cccc(CCN2CCN(c3cccc(C(F)(F)F)c3)CC2)c1,CHEMBL214
CHEMBL143202,CCN(CC)CCc1c[nH]c2cccc(O)c12,CHEMBL214
CHEMBL297099,CC(CCCN1C(=O)CC2(CCCC2)CC1=O)N1CCN(c2ncccn2)CC1,CHEMBL214
CHEMBL56,CCCN(CCC)C1CCc2cccc(O)c2C1,CHEMBL214
CHEMBL142368,CN(C)CCc1c[nH]c2c(F)ccc(O)c12,CHEMBL214
CHEMBL44837,O=C1CC2(CCCC2)CC(=O)N1CCCCN1CCN(c2ncc(F)cn2)CC1,CHEMBL214
CHEMBL343755,C[C@H]1C[C@H](C)N1C(=O)[C@@H]1C=C2c3cccc4[nH]cc(c34)CC2N(C)C1,CHEMBL214
CHEMBL142862,COc1ccc2[nH]cc(CCN(C)C)c2c1F,CHEMBL214
CHEMBL49432,O=C1CC2(CCCC2)CC(=O)N1CCCCN1CCN(c2ccc(F)cc2)CC1,CHEMBL214
CHEMBL46075,CC(CCCN1C(=O)CC2(CCCC2)CC1=O)N1CCN(c2ncc(F)cn2)CC1,CHEMBL214
CHEMBL137781,C[C@@H]1C[C@H](C)N1C(=O)[C@@H]1C=C2c3cccc4[nH]cc(c34)CC2N(C)C1,CHEMBL214
CHEMBL50492,CCc1ccc2[nH]cc(CCN(C)C)c2c1,CHEMBL214
CHEMBL326667,CCCCCCCCOc1ccc2[nH]cc(CCN)c2c1,CHEMBL214
CHEMBL111376,CCCCCOc1ccc2[nH]cc(CCN)c2c1,CHEMBL214
CHEMBL57176,C#Cc1c[nH]c(CN2CCN(c3ccccc3)CC2)c1,CHEMBL214
CHEMBL109526,CCCOc1ccc2[nH]cc(CCN)c2c1,CHEMBL214
CHEMBL8165,COc1ccc2[nH]cc(CCN)c2c1,CHEMBL214
CHEMBL326667,CCCCCCCCOc1ccc2[nH]cc(CCN)c2c1,CHEMBL214
CHEMBL107617,CC(C)(C)CCCCCCCOc1ccc2[nH]cc(CCN)c2c1,CHEMBL214
CHEMBL321190,CCCCCCCCC(=O)Oc1ccc2[nH]cc(CCN(C)C)c2c1,CHEMBL214
CHEMBL320079,CCCCCCCOc1ccc2[nH]cc(CCN)c2c1,CHEMBL214
CHEMBL107511,CCc1ccc2[nH]cc(CCN)c2c1,CHEMBL214
CHEMBL110317,CC(=O)c1ccc2[nH]cc(CCN)c2c1,CHEMBL214
CHEMBL57546,O=C1CC2(CCCC2)CC(=O)N1CCN1CCN(c2ccc(F)cc2)CC1,CHEMBL214
CHEMBL298595,O=C1CC2(CCCC2)CC(=O)N1CCN1CCCN(c2ccccc2Cl)CC1,CHEMBL214
CHEMBL39,NCCc1c[nH]c2ccc(O)cc12,CHEMBL214
CHEMBL39,NCCc1c[nH]c2ccc(O)cc12,CHEMBL214
CHEMBL18840,NCCc1c[nH]c2ccc(C(N)=O)cc12,CHEMBL214
CHEMBL294829,CC1CN(c2ccccc2[N+](=O)[O-])CCN1CCN1C(=O)CC2(CCCC2)CC1=O,CHEMBL214
CHEMBL31115,COc1ccc2[nH]cc(CC(C)N)c2c1,CHEMBL214
CHEMBL31115,COc1ccc2[nH]cc(CC(C)N)c2c1,CHEMBL214
CHEMBL56869,O=C1CC2(CCCC2)CC(=O)N1CCN1CCN(c2ccccc2Br)CC1,CHEMBL214
CHEMBL57540,COc1ccccc1N1CCN(CCN2C=CC3(CCCC3)CC2=O)CC1,CHEMBL214
CHEMBL292686,O=C1CC2(CCCC2)CC(=O)N1CCN1CCC(c2ccccc2)CC1,CHEMBL214
CHEMBL299454,O=C1CC2(CCCC2)CCN1CCN1CCN(c2ccccc2Cl)CC1,CHEMBL214
CHEMBL2112882,CC(C)C[C@H]1C(=O)N[C@@H](Cc2ccccc2)[C@]2(O)O[C@@](C)(NC(=O)[C@@H]3C=C4c5cccc6[nH]cc(c56)C[C@H]4N(C)C3)C(=O)N12,CHEMBL214
CHEMBL2112882,CC(C)C[C@H]1C(=O)N[C@@H](Cc2ccccc2)[C@]2(O)O[C@@](C)(NC(=O)[C@@H]3C=C4c5cccc6[nH]cc(c56)C[C@H]4N(C)C3)C(=O)N12,CHEMBL214
CHEMBL146942,NCCCC1(CCCN)CCc2cccc(O)c2C1,CHEMBL214
CHEMBL58476,Cc1ccc(F)c(N2CCN(CCN3C(=O)CC4(CCCC4)CC3=O)CC2)c1,CHEMBL214
CHEMBL13647,COc1ccccc1N1CCN(CCN2C(=O)CC3(CCCC3)CC2=O)CC1,CHEMBL214
CHEMBL85,Cc1nc2n(c(=O)c1CCN1CCC(c3noc4cc(F)ccc34)CC1)CCCC2,CHEMBL214
CHEMBL418854,COc1ccccc1N1CCC(CNCC2COc3ccc(Cl)cc3O2)CC1,CHEMBL214
CHEMBL293539,O=C1CC2(CCCC2)CC(=O)N1CCN1CCN(c2cc(F)ccc2Cl)CC1,CHEMBL214
CHEMBL291908,Cc1ccccc1N1CCN(CCN2C(=O)CC3(CCCC3)CC2=O)CC1,CHEMBL214
CHEMBL56805,O=C1CC2(CCCC2)CC(=O)N1CCN1CCN(c2ccccc2C(F)(F)F)CC1,CHEMBL214
CHEMBL55647,O=C1CC2(CCCC2)CC(=O)N1CCN1CCN(c2ccccc2[N+](=O)[O-])CC1,CHEMBL214
CHEMBL301224,O=C1CC2(CCCC2)CCN1CCN1CCN(c2cc(Cl)ccc2Cl)CC1,CHEMBL214
CHEMBL56438,O=C1CC2(CCCC2)CC(=O)N1CCN1CCN(c2cc(Cl)ccc2Cl)CC1,CHEMBL214
CHEMBL56804,O=C1CC2(CCCC2)CC(=O)N1CCN1CCN(c2ccccc2C2CC2)CC1,CHEMBL214
CHEMBL263881,CCN(CC)C(=O)[C@@H]1C=C2c3cccc4[nH]cc(c34)C[C@H]2N(C)C1,CHEMBL214
CHEMBL57593,O=C1CC2(CCCC2)CC(=O)N1CCN1CCN(c2ccccc2Cl)CC1,CHEMBL214
CHEMBL56899,O=C1CC2(CCCC2)CC(=O)N1CCN1CCN(c2cc(Br)ccc2Br)CC1,CHEMBL214
CHEMBL59262,O=C1CC2(CCCC2)CC(=O)N1CCCCN1CCN(c2cc(Cl)ccc2Cl)CC1,CHEMBL214
CHEMBL56,CCCN(CCC)C1CCc2cccc(O)c2C1,CHEMBL214
CHEMBL836,CCOc1ccccc1OCCN[C@H](C)Cc1ccc(OC)c(S(N)(=O)=O)c1,CHEMBL214
CHEMBL440118,O=C1CC2(CCCC2)CC(=O)N1CCN1CCC(c2cc(Cl)ccc2Cl)CC1,CHEMBL214
CHEMBL299253,O=C1CC2(C=CN1CCN1CCN(c3ccccc3Cl)CC1)CCCC2,CHEMBL214
CHEMBL300152,CC(CN1CCN(c2cc(Cl)ccc2Cl)CC1)N1C(=O)CC2(CCCC2)CC1=O,CHEMBL214
CHEMBL58930,CN(CCOc1ccccc1Cl)CCN1C(=O)CC2(CCCC2)CC1=O,CHEMBL214
CHEMBL191971,CN1CCN(c2cc3c(cc2Cl)CCN3C(=O)Nc2ccc(-c3ccncc3)c3ccccc23)CC1,CHEMBL214
CHEMBL57317,CCC1(C)CC(=O)N(CCN2CCN(c3cc(Cl)ccc3Cl)CC2)C(=O)C1,CHEMBL214
CHEMBL292366,O=C1CC2(C=CN1CCN1CCN(c3cc(Cl)ccc3Cl)CC1)CCCC2,CHEMBL214
CHEMBL708,O=C1Cc2cc(CCN3CCN(c4nsc5ccccc45)CC3)c(Cl)cc2N1,CHEMBL214
CHEMBL27173,NCCc1c[nH]c2ccc3c(c12)CCCO3,CHEMBL214
CHEMBL57168,COc1ccc(N2CCN(CCN3C(=O)CC4(CCCC4)CC3=O)CC2)cc1,CHEMBL214
CHEMBL299691,O=C1CC2(CCCC2)CC(=O)N1CCN1CCN(c2ccccc2F)CC1,CHEMBL214
CHEMBL431354,Cc1ccc(C)c(N2CCN(CCN3C(=O)CC4(CCCC4)CC3=O)CC2)c1,CHEMBL214
CHEMBL57859,COc1ccccc1N1CCN(CCN2CCC3(CCCC3)CC2=O)CC1,CHEMBL214
CHEMBL39,NCCc1c[nH]c2ccc(O)cc12,CHEMBL214
CHEMBL39,NCCc1c[nH]c2ccc(O)cc12,CHEMBL214
CHEMBL57747,O=C1CC2(CCCC2)CC(=O)N1CCN1CCN(c2cccc(C(F)(F)F)c2)CC1,CHEMBL214
CHEMBL59315,O=C1CC2(CCCC2)CC(=O)N1CCN1CCN(c2ccccc2O)CC1,CHEMBL214
CHEMBL56150,O=C1CC2(CCCC2)CC(=O)N1CCN1CCN(c2ccc(Cl)c(Cl)c2)CC1,CHEMBL214
CHEMBL55654,Cc1ccc(Cl)cc1N1CCN(CCN2C(=O)CC3(CCCC3)CC2=O)CC1,CHEMBL214
CHEMBL56403,CC1(C)CC(=O)N(CCN2CCN(c3ccccc3Cl)CC2)C(=O)C1,CHEMBL214
CHEMBL294235,O=C1CCCC(=O)N1CCN1CCN(c2cc(Cl)ccc2Cl)CC1,CHEMBL214
CHEMBL57364,O=C1CC2(CCCC2)CC(=O)N1CCN1CCN(c2cccc(Cl)c2)CC1,CHEMBL214
CHEMBL57999,O=C1CC2(CCCC2)CC(=O)N1CCN1CCN(c2cccc(Cl)c2Cl)CC1,CHEMBL214
CHEMBL293980,O=C1CC2(CCCC2)CC(=O)N1CCN1CCN(c2ccc(Cl)cc2Cl)CC1,CHEMBL214
CHEMBL56292,O=C1CC2(CCCC2)CC(=O)N1CCN1CCC(c2ccccc2Cl)CC1,CHEMBL214
CHEMBL57882,O=C1CC2(CCCC2)CC(=O)N1CCN1CCN(c2cc(C(F)(F)F)ccc2F)CC1,CHEMBL214
CHEMBL309106,CC(C)Oc1ccccc1N1CCN(C[C@@H](O)CNC(=O)c2ccc3c(c2)C(=O)N(c2ccc(N(C)C)cc2)C3=O)CC1,CHEMBL214
CHEMBL333784,CC1CCN(CC[C@H]2CCCN2S(=O)(=O)c2ccc(Cl)c(Cl)c2)CC1,CHEMBL214
CHEMBL275854,CC(N)Cc1c[nH]c2ccc(O)cc12,CHEMBL214
CHEMBL275854,CC(N)Cc1c[nH]c2ccc(O)cc12,CHEMBL214
CHEMBL60583,CC(C)Oc1ccccc1N1CCN(CCN2C(=O)CC3(CCCC3)CC2=O)CC1,CHEMBL214
CHEMBL301019,COc1cccc(N2CCN(CCN3C(=O)CC4(CCCC4)CC3=O)CC2)c1,CHEMBL214
CHEMBL131736,CC(N)Cc1cn(C)c2ccc3c(c12)CCCO3,CHEMBL214
CHEMBL56878,CCOC(=O)c1ccccc1N1CCN(CCN2C(=O)CC3(CCCC3)CC2=O)CC1,CHEMBL214
CHEMBL59149,Cc1ccc(Cl)c(N2CCN(CCN3C(=O)CC4(CCCC4)CC3=O)CC2)c1,CHEMBL214
CHEMBL431943,O=C1CC2(CCCCC2)CC(=O)N1CCN1CCN(c2ccccc2Cl)CC1,CHEMBL214
CHEMBL293968,O=C1CC2(CCCC2)CC(=O)N1CCN1CCN(c2ccccc2)CC1,CHEMBL214
CHEMBL57868,N#Cc1ccc(Cl)cc1N1CCN(CCN2C(=O)CC3(CCCC3)CC2=O)CC1,CHEMBL214
CHEMBL417939,COc1ccccc1OCCN(C)CCN1C(=O)CC2(CCCC2)CC1=O,CHEMBL214
CHEMBL134519,COc1cc(C[C@@H](C)N)c(OC)cc1I,CHEMBL214
CHEMBL299022,N#Cc1ccccc1N1CCN(CCN2C(=O)CC3(CCCC3)CC2=O)CC1,CHEMBL214
CHEMBL56851,O=C1CC2(CCCC2)CC(=O)N1CCN1CCN(c2c(Cl)cccc2Cl)CC1,CHEMBL214
CHEMBL556313,O=C1CC2(CCCC2)CC(=O)N1CCN1CCN(c2cc(F)ccc2F)CC1,CHEMBL214
CHEMBL293111,O=C1CC2(CCCCC2)CC(=O)N1CCN1CCN(c2cc(Cl)ccc2Cl)CC1,CHEMBL214
CHEMBL293734,Clc1ccccc1N1CCN(CCN2CCC3(CCCC3)CC2)CC1,CHEMBL214
CHEMBL432713,O=C(/C=C/c1ccc(Cl)c(Cl)c1)NCCCCCN1CCC(c2c[nH]c3ccc(O)cc23)CC1,CHEMBL214
CHEMBL275480,COc1cccc2c1C[C@H]1CCN[C@@H]1C2,CHEMBL214
CHEMBL11365,C=CCN1CC[C@@H]2Cc3cccc(OC)c3C[C@@H]21,CHEMBL214
CHEMBL267769,COc1cccc2c1C[C@H]1CCN(CC3CC3)[C@@H]1C2,CHEMBL214
CHEMBL11066,CCCN1CC[C@@H]2Cc3c(O)cccc3C[C@H]21,CHEMBL214
CHEMBL51118,C=CCN1CCN(c2nc3sccc3n3cccc23)CC1,CHEMBL214
CHEMBL56,CCCN(CCC)C1CCc2cccc(O)c2C1,CHEMBL214
CHEMBL63790,c1cc2c(N3CCN(Cc4ccc5c(c4)OCO5)CC3)nc3ccsc3n2c1,CHEMBL214
CHEMBL11170,C=CCN1CC[C@@H]2Cc3c(cccc3OC)C[C@H]21,CHEMBL214
CHEMBL11363,C=CCN1CC[C@@H]2Cc3c(O)cccc3C[C@H]21,CHEMBL214
CHEMBL64948,CCCN1CCN(c2nc3ccsc3n3cccc23)CC1,CHEMBL214
CHEMBL68390,FC(F)(F)c1cccc(N2CCN(c3nc4ccsc4n4cccc34)CC2)c1,CHEMBL214
CHEMBL56,CCCN(CCC)C1CCc2cccc(O)c2C1,CHEMBL214
CHEMBL11771,Oc1cccc2c1C[C@H]1CCN(CC3CC3)[C@@H]1C2,CHEMBL214
CHEMBL11388,CCCN1CC[C@@H]2Cc3c(cccc3OC)C[C@H]21,CHEMBL214
CHEMBL11066,CCCN1CC[C@@H]2Cc3c(O)cccc3C[C@H]21,CHEMBL214
CHEMBL11386,CCCN1[C@@H](C)C[C@@H]2Cc3cccc(OC)c3C[C@@H]21,CHEMBL214
CHEMBL553794,CNC(=O)Cn1c2c(c3ccccc31)CCN(CCCCC13CCCc4cccc(c41)NC3=O)C2,CHEMBL214
CHEMBL261977,C(=C/c1ccccc1)\CN1CCN(c2nc3ccsc3n3cccc23)CC1,CHEMBL214
CHEMBL11388,CCCN1CC[C@@H]2Cc3c(cccc3OC)C[C@H]21,CHEMBL214
CHEMBL65736,c1cc2c(N3CCN(CC4CC4)CC3)nc3ccsc3n2c1,CHEMBL214
CHEMBL11170,C=CCN1CC[C@@H]2Cc3c(cccc3OC)C[C@H]21,CHEMBL214
CHEMBL65974,CN1CCN(c2nc3ccsc3n3cccc23)CC1,CHEMBL214
CHEMBL62274,C=CCN1CCN(c2nc3ccsc3n3cccc23)CC1,CHEMBL214
CHEMBL293879,CCOC(=O)CN1CCN(c2nc3ccsc3n3cccc23)CC1,CHEMBL214
CHEMBL301765,c1cc2c(N3CCNCC3)nc3ccsc3n2c1,CHEMBL214
CHEMBL27403,CN1CCN(c2nc3cc(C(F)(F)F)ccc3n3cccc23)CC1,CHEMBL214
CHEMBL302225,CN1CCN(c2nc3sccc3n3cccc23)CC1,CHEMBL214
CHEMBL11880,COc1cccc2c1C[C@H]1CCN(Cc3ccccc3)[C@@H]1C2,CHEMBL214
CHEMBL49,O=C1CC2(CCCC2)CC(=O)N1CCCCN1CCN(c2ncccn2)CC1,CHEMBL214
CHEMBL49,O=C1CC2(CCCC2)CC(=O)N1CCCCN1CCN(c2ncccn2)CC1,CHEMBL214
CHEMBL11770,C=CCN1CC[C@@H]2Cc3cccc(OC)c3C[C@H]21,CHEMBL214
CHEMBL63713,FC(F)(F)c1ccccc1CCN1CCN(c2nc3ccsc3n3cccc23)CC1,CHEMBL214
CHEMBL421328,COc1cccc2sc([C@@H]3C[C@H]4CC[C@@H](C3)N4C[C@H](O)COc3cccc4[nH]ccc34)cc12,CHEMBL214
CHEMBL129682,COc1cccc2sc([C@@H]3C[C@H]4CC[C@@H](C3)N4C[C@H](O)COc3cccc4[nH]c(C(N)=O)cc34)cc12,CHEMBL214
CHEMBL126396,COc1cccc2sc([C@@H]3CCN(C[C@H](O)COc4cccc5[nH]c(C)cc45)[C@H](C)C3)cc12,CHEMBL214
CHEMBL129453,COc1cccc2sc([C@@H]3C[C@H]4CC[C@@H](C3)N4C[C@H](O)COc3cccc4[nH]c(C)cc34)cc12,CHEMBL214
CHEMBL128,CNS(=O)(=O)Cc1ccc2[nH]cc(CCN(C)C)c2c1,CHEMBL214
CHEMBL158402,CN(C)CCSc1cccc(C2CCCCC2)n1,CHEMBL214
CHEMBL158973,CN(C)CCSC(C)(C)C,CHEMBL214
CHEMBL128866,COc1cc(OC)c2cc([C@@H]3CCN(C[C@H](O)COc4cccc5[nH]c(C)cc45)[C@@H](C)C3)sc2c1,CHEMBL214
CHEMBL434440,Cc1cc2c(OC[C@@H](O)CN3CC[C@@H](c4cc5ccc(F)cc5s4)C[C@@H]3C)cccc2[nH]1,CHEMBL214
CHEMBL129238,Cc1cc2c(OC[C@@H](O)CN3CC[C@@H](c4cc5cc(F)ccc5s4)C[C@@H]3C)cccc2[nH]1,CHEMBL214
CHEMBL338777,COc1cccc2sc([C@H]3CCN(C[C@H](O)COc4cccc5oc(C)cc45)[C@H](C)C3)cc12,CHEMBL214
CHEMBL129233,COc1cccc2sc([C@H]3C[C@H]4CC[C@@H](C3)N4C[C@H](O)COc3cccc4[nH]c(C)cc34)cc12,CHEMBL214
CHEMBL130238,COc1cccc2sc([C@H]3CCN(C[C@H](O)COc4cccc5[nH]c(C(N)=O)cc45)[C@H](C)C3)cc12,CHEMBL214
CHEMBL129477,Cc1cc2c(OC[C@@H](O)CN3CC[C@H](c4cc5cccc(F)c5s4)C[C@@H]3C)cccc2[nH]1,CHEMBL214
CHEMBL357034,CNCCc1c[nH]c2ccc(C(C)(C)C)cc12,CHEMBL214
CHEMBL129053,COc1cccc2sc([C@@H]3CCN(C[C@H](O)COc4cccc5[nH]c(C)cc45)[C@@H](C)C3)cc12,CHEMBL214
CHEMBL338298,COc1cccc2sc([C@H]3CCN(C[C@H](O)COc4cccc5[nH]c(C)cc45)[C@H](C)C3)cc12,CHEMBL214
CHEMBL350166,CN(C)CCSc1nc(-c2ccncc2)cs1,CHEMBL214
CHEMBL161765,CN(C)CCSc1cccc(-c2ccccc2)n1,CHEMBL214
CHEMBL338712,Cc1cc2c(OC[C@@H](O)CN3CC[C@@H](c4cc5cccc(F)c5s4)C[C@H]3C)cccc2[nH]1,CHEMBL214
CHEMBL158285,CN(C)CCSc1cccc(Br)n1,CHEMBL214
CHEMBL339086,COc1ccc2cc([C@@H]3CCN(C[C@H](O)COc4cccc5[nH]c(C)cc45)[C@@H](C)C3)sc2c1,CHEMBL214
CHEMBL129605,Cc1cc(C)c2cc([C@@H]3CCN(C[C@H](O)COc4cccc5[nH]c(C)cc45)[C@@H](C)C3)sc2c1,CHEMBL214
CHEMBL125349,COc1cccc2sc(C3CCN(C[C@H](O)COc4cccc5[nH]c(C)cc45)C(C)(C)C3)cc12,CHEMBL214
CHEMBL1278,CNS(=O)(=O)CCc1ccc2[nH]cc(C3CCN(C)CC3)c2c1,CHEMBL214
CHEMBL125349,COc1cccc2sc(C3CCN(C[C@H](O)COc4cccc5[nH]c(C)cc45)C(C)(C)C3)cc12,CHEMBL214
CHEMBL345803,CN(C)CCSc1nc(-c2ccccc2)cs1,CHEMBL214
CHEMBL543741,COc1ccccc1N1CCN(CCN2C(=O)CC3(CCCC3)CC2=O)CC1.Cl.Cl,CHEMBL214
CHEMBL440525,Cc1cc2c(OC[C@@H](O)CN3CC[C@@H](c4cc5cc(Cl)ccc5s4)C[C@@H]3C)cccc2[nH]1,CHEMBL214
CHEMBL131370,Cc1cc2c(OC[C@@H](O)CN3CC[C@@H](c4cc5c(C)cccc5s4)C[C@@H]3C)cccc2[nH]1,CHEMBL214
CHEMBL129082,Cc1cc2c(OC[C@@H](O)CN3CC[C@@H](c4cc5c(F)cccc5s4)C[C@@H]3C)cccc2[nH]1,CHEMBL214
CHEMBL159143,CN(C)CCSc1cccc(C2(O)CCCCC2)n1,CHEMBL214
CHEMBL340374,Cc1cc2c(OC[C@@H](O)CN3CC[C@H](c4cc5cccc(F)c5s4)C[C@H]3C)cccc2[nH]1,CHEMBL214
CHEMBL421660,Cc1cc2c(OC[C@@H](O)CN3CC[C@@H](c4cc5ccccc5s4)C[C@@H]3C)cccc2[nH]1,CHEMBL214
CHEMBL339577,COc1cccc2sc([C@@H]3CCN(C[C@H](O)COc4cccc5[nH]c(C(N)=O)cc45)[C@H](C)C3)cc12,CHEMBL214
CHEMBL338372,COc1cccc2sc([C@@H]3CCN(C[C@H](O)COc4cccc5oc(C)cc45)[C@H](C)C3)cc12,CHEMBL214
CHEMBL129433,COc1cccc2sc([C@@H]3CCN(C[C@H](O)COc4cccc5[nH]c(C(N)=O)cc45)[C@@H](C)C3)cc12,CHEMBL214
CHEMBL1279,CN[C@@H]1CCc2[nH]c3ccc(C(N)=O)cc3c2C1,CHEMBL214
CHEMBL905,CN(C)CCc1c[nH]c2ccc(Cn3cncn3)cc12,CHEMBL214
CHEMBL75642,CN1CCC[C@@H]1Cc1c[nH]c2ccc(-n3cnc4cc(C#N)ccc43)cc12,CHEMBL214
CHEMBL129650,COc1cccc2sc([C@@H]3CCN(C[C@H](O)COc4cccc5oc(C)cc45)[C@@H](C)C3)cc12,CHEMBL214
CHEMBL39,NCCc1c[nH]c2ccc(O)cc12,CHEMBL214
CHEMBL338632,Cc1cc2c(OC[C@@H](O)CN3CC[C@@H](c4cc5cccc(F)c5s4)C[C@@H]3C)cccc2[nH]1,CHEMBL214
CHEMBL311976,O=C1c2ccccc2S(=O)(=O)N1CCN1CCN(c2cccc3c2OCCO3)CC1,CHEMBL214
CHEMBL1742477,O=C(NCCN1CCN(c2cccc3c2OC[C@H](CO)O3)CC1)c1ccc(F)cc1,CHEMBL214
CHEMBL81118,O=C(CCCN1CCN(c2cccc3c2OCCO3)CC1)c1ccc(F)cc1,CHEMBL214
CHEMBL81118,O=C(CCCN1CCN(c2cccc3c2OCCO3)CC1)c1ccc(F)cc1,CHEMBL214
CHEMBL81095,O=C(NCCCCN1CCN(c2cccc3c2OCCO3)CC1)c1ccc(F)cc1,CHEMBL214
CHEMBL81095,O=C(NCCCCN1CCN(c2cccc3c2OCCO3)CC1)c1ccc(F)cc1,CHEMBL214
CHEMBL81728,O=C(NCCN1CCN(c2cccc3c2OCCO3)CC1)c1ccc(F)cc1,CHEMBL214
CHEMBL81728,O=C(NCCN1CCN(c2cccc3c2OCCO3)CC1)c1ccc(F)cc1,CHEMBL214
CHEMBL77395,Fc1ccc2[nH]c(CN3CCN(c4ccccn4)CC3)cc2c1,CHEMBL214
CHEMBL81728,O=C(NCCN1CCN(c2cccc3c2OCCO3)CC1)c1ccc(F)cc1,CHEMBL214
CHEMBL82215,O=C(CCCN1CCN(c2cccc3c2OCCO3)CC1)c1ccccc1,CHEMBL214
CHEMBL82215,O=C(CCCN1CCN(c2cccc3c2OCCO3)CC1)c1ccccc1,CHEMBL214
CHEMBL311015,O=C1c2ccccc2C(=O)N1CCCCN1CCN(c2cccc3c2OCCO3)CC1,CHEMBL214
CHEMBL311015,O=C1c2ccccc2C(=O)N1CCCCN1CCN(c2cccc3c2OCCO3)CC1,CHEMBL214
CHEMBL316960,CC1CN(c2cccc3c2OCCO3)CC(C)N1CCNC(=O)c1ccc(F)cc1,CHEMBL214
CHEMBL8412,O=C1c2ccccc2S(=O)(=O)N1CCCCN1CCN(c2ncccn2)CC1,CHEMBL214
CHEMBL311275,c1ccc(CCCCN2CCN(c3cccc4c3OCCO4)CC2)cc1,CHEMBL214
CHEMBL311275,c1ccc(CCCCN2CCN(c3cccc4c3OCCO4)CC2)cc1,CHEMBL214
CHEMBL125989,Cc1c(-c2ccccc2)oc2c(C(=O)NCCCN3CCN(c4ccccc4OCc4no[n+]([O-])c4C#N)CC3)cccc2c1=O,CHEMBL214
CHEMBL14499,COc1ccc2c(c1)C(CN1CCC3(CC1)C(=O)NCN3c1ccccc1)CCO2,CHEMBL214
CHEMBL129053,COc1cccc2sc([C@@H]3CCN(C[C@H](O)COc4cccc5[nH]c(C)cc45)[C@@H](C)C3)cc12,CHEMBL214
CHEMBL14349,COc1cccc2c1C(CN1CCC3(CC1)C(=O)NCN3c1ccccc1)CCO2,CHEMBL214
CHEMBL300115,O[C@H](COc1cccc2[nH]ccc12)CN1CCC(c2cc3ccccc3s2)CC1,CHEMBL214
CHEMBL57494,COc1ccc2sc(C3CCN(C[C@H](O)COc4cccc5[nH]ccc45)CC3)cc2c1,CHEMBL214
CHEMBL2112352,Cc1cc2c(OC[C@@H](O)CN3CC[C@@H](c4cccc5occc45)C[C@@H]3C)cccc2[nH]1,CHEMBL214
CHEMBL11425,O=C1CC2(CCCC2)CC(=O)N1CCCCNCC1COc2ccccc2C1,CHEMBL214
CHEMBL310045,Oc1nc2cccc(N3CCN(Cc4cccc(-c5ccsc5)c4)CC3)c2o1,CHEMBL214
CHEMBL80230,Oc1nc2cccc(N3CCN(Cc4ccc(O)c(-c5ccccc5)c4)CC3)c2o1,CHEMBL214
CHEMBL76990,Oc1nc2cccc(N3CCN(Cc4cncc(-c5ccccc5)c4)CC3)c2o1,CHEMBL214
CHEMBL11265,COc1cccc2c1CC1(CCCN1CCCCN1C(=O)CC3(CCCC3)CC1=O)CO2,CHEMBL214
CHEMBL421660,Cc1cc2c(OC[C@@H](O)CN3CC[C@@H](c4cc5ccccc5s4)C[C@@H]3C)cccc2[nH]1,CHEMBL214
CHEMBL301272,Oc1cccc2cc(C3CCN(C[C@H](O)COc4cccc5[nH]ccc45)CC3)sc12,CHEMBL214
CHEMBL56191,Cc1ccc2cc(C3CCN(C[C@H](O)COc4cccc5[nH]c(C)cc45)CC3)sc2c1,CHEMBL214
CHEMBL305834,Cc1cccc(-c2cccc(CN3CCN(c4cccc5nc(O)oc45)CC3)c2)c1,CHEMBL214
CHEMBL308345,Oc1nc2cccc(N3CCN(Cc4cc(-c5ccc(F)cc5)ccn4)CC3)c2o1,CHEMBL214
CHEMBL2112353,COc1cccc2ccc([C@@H]3CCN(C[C@H](O)COc4cccc5[nH]c(C)cc45)[C@@H](C)C3)cc12,CHEMBL214
CHEMBL313023,Cc1cc2c(OC[C@H](O)CN3CC[C@@H](c4cccc5sccc45)C[C@@H]3C)cccc2[nH]1,CHEMBL214
CHEMBL299485,Cc1c(C2CCN(C[C@H](O)COc3cccc4[nH]ccc34)CC2)sc2ccccc12,CHEMBL214
CHEMBL56156,Cc1cccc2sc(C3CCN(C[C@H](O)COc4cccc5[nH]ccc45)CC3)cc12,CHEMBL214
CHEMBL57385,COc1cccc2cc(C3CCN(C[C@H](O)COc4cccc5[nH]ccc45)CC3)sc12,CHEMBL214
CHEMBL55874,Oc1ccc2cc(C3CCN(C[C@H](O)COc4cccc5[nH]ccc45)CC3)sc2c1,CHEMBL214
CHEMBL77934,Oc1nc2cccc(N3CCN(Cc4cccc(-c5cccc(Cl)c5)c4)CC3)c2o1,CHEMBL214
CHEMBL60748,Cc1ccc2cc(C3CCN(C[C@H](O)COc4cccc5[nH]ccc45)CC3)sc2c1,CHEMBL214
CHEMBL305920,O=C1COc2c(cccc2N2CCN(Cc3cccc(-c4ccccc4)c3)CC2)N1,CHEMBL214
CHEMBL306634,Cn1c(=O)oc2c(N3CCN(Cc4cccc(-c5ccccc5)c4)CC3)cccc21,CHEMBL214
CHEMBL80156,N#Cc1cccc(-c2cccc(CN3CCN(c4cccc5nc(O)oc45)CC3)c2)c1,CHEMBL214
CHEMBL327227,O[C@@H](COc1cccc2[nH]ccc12)CN1CCC(c2cc3ccccc3s2)CC1,CHEMBL214
CHEMBL14867,COc1ccc2c(c1)OCCC2CNCCCc1ccccc1,CHEMBL214
CHEMBL57296,O[C@H](COc1cccc2[nH]ccc12)CN1CCC(c2cc3c(Cl)cccc3s2)CC1,CHEMBL214
CHEMBL125365,Cc1c(-c2ccccc2)oc2c(C(=O)NCCCN3CCN(c4ccccc4OCc4no[n+]([O-])c4C(N)=O)CC3)cccc2c1=O,CHEMBL214
CHEMBL2112355,Cc1cc2c(OC[C@@H](O)CN3CC[C@@H](c4ccc5c(C)csc5c4)C[C@@H]3C)cccc2[nH]1,CHEMBL214
CHEMBL2112354,Cc1cc2c(OC[C@@H](O)CN3CC[C@@H](c4ccc5ccoc5c4)C[C@@H]3C)cccc2[nH]1,CHEMBL214
CHEMBL57411,COc1ccc2c(C)c(C3CCN(C[C@H](O)COc4cccc5[nH]ccc45)CC3)sc2c1,CHEMBL214
CHEMBL301677,O[C@H](COc1cccc2[nH]ccc12)CN1CCC(c2cc3c(F)cccc3s2)CC1,CHEMBL214
CHEMBL294880,Cc1cc2c(OC[C@@H](O)CN3CCC(c4cc5c(C)cccc5s4)CC3)cccc2[nH]1,CHEMBL214
CHEMBL75621,Oc1nc2cccc(N3CCN(Cc4cccc(-c5cccs5)c4)CC3)c2o1,CHEMBL214
CHEMBL58377,COc1ccccc1N1CCN(CCNC(=O)c2ccc(F)cc2)CC1,CHEMBL214
CHEMBL540039,Cl.c1ccc(C2=NC[C@H](CN3CCN(c4ccccc4)CC3)N2)cc1,CHEMBL214
CHEMBL77472,c1ccc(-c2cccc(CN3CCN(c4cccc5c4OCCO5)CC3)c2)cc1,CHEMBL214
CHEMBL314163,Cc1cc2c(OC[C@H](O)CN3CC[C@@H](c4ccc5sccc5c4)C[C@@H]3C)cccc2[nH]1,CHEMBL214
CHEMBL277757,COc1ccc2c(c1)C(CNCCCc1ccccc1)CCO2,CHEMBL214
CHEMBL56795,COc1cccc2sc(C3CCN(C[C@H](O)COc4cccc5[nH]ccc45)CC3)cc12,CHEMBL214
CHEMBL54890,Cc1c(C2CCN(C[C@H](O)COc3cccc4[nH]ccc34)CC2)sc2ccc(F)cc12,CHEMBL214
CHEMBL309215,COc1cccc(-c2cccc(CN3CCN(c4cccc5nc(O)oc45)CC3)c2)c1,CHEMBL214
CHEMBL2112350,Cc1cc2c(OC[C@@H](O)CN3CC[C@@H](c4ccc5ccccc5c4)C[C@@H]3C)cccc2[nH]1,CHEMBL214
CHEMBL416523,COc1cccc2c1CC(CNCCCCN1C(=O)CC3(CCCC3)CC1=O)CO2,CHEMBL214
CHEMBL11262,CCCN(CCC)CC1COc2cccc(OC)c2C1,CHEMBL214
CHEMBL293126,O[C@H](COc1cccc2[nH]ccc12)CN1CCC(c2cc3ccc(Cl)cc3s2)CC1,CHEMBL214
CHEMBL78058,O=C(NCCN1CCN(c2cccc3nc(O)oc23)CC1)c1ccc(F)cc1,CHEMBL214
CHEMBL218166,O=c1[nH]c2cccc(N3CCN(Cc4cccc(-c5ccccc5)c4)CC3)c2o1,CHEMBL214
CHEMBL310048,c1ccc(-c2cccc(CN3CCN(c4cccc5c4OCCN5)CC3)c2)cc1,CHEMBL214
CHEMBL301661,CC(C)Oc1ccc2cc(C3CCN(C[C@H](O)COc4cccc5[nH]ccc45)CC3)sc2c1,CHEMBL214
CHEMBL57277,COc1ccc2cc(C3CCN(C[C@H](O)COc4cccc5[nH]ccc45)CC3)sc2c1,CHEMBL214
CHEMBL2112358,Cc1cc2c(OC[C@@H](O)CN3CC[C@@H](c4ccc5ccsc5c4)C[C@@H]3C)cccc2[nH]1,CHEMBL214
CHEMBL419275,Oc1nc2cccc(N3CCN(Cc4cccc(-c5ccc(F)cc5)n4)CC3)c2o1,CHEMBL214
CHEMBL56147,O[C@H](COc1cccc2[nH]ccc12)CN1CCC(c2cc3cc(F)ccc3s2)CC1,CHEMBL214
CHEMBL300340,COc1cccc2sc(C3CCN(C[C@H](O)COc4cccc5[nH]c(C)cc45)CC3)cc12,CHEMBL214
CHEMBL59437,Cc1cc(C)c2cc(C3CCN(C[C@H](O)COc4cccc5[nH]c(C)cc45)CC3)sc2c1,CHEMBL214
CHEMBL2112357,Cc1cc2c(OC[C@@H](O)CN3CC[C@@H](c4cccc5ccsc45)C[C@@H]3C)cccc2[nH]1,CHEMBL214
CHEMBL329583,Cc1cc2c(OC[C@H](O)CN3CC[C@@H](c4ccc5occc5c4)C[C@@H]3C)cccc2[nH]1,CHEMBL214
CHEMBL56303,O[C@H](COc1cccc2[nH]ccc12)CN1CCC(c2cc3cc(Cl)ccc3s2)CC1,CHEMBL214
CHEMBL417782,Cc1cc2c(OC[C@@H](O)CN3CCC(c4cc5c(F)cccc5s4)CC3)cccc2[nH]1,CHEMBL214
CHEMBL42,CN1CCN(C2=Nc3cc(Cl)ccc3Nc3ccccc32)CC1,CHEMBL214
CHEMBL308875,c1ccc(-c2cccc(CN3CCN(c4cccc5ccoc45)CC3)c2)cc1,CHEMBL214
CHEMBL92262,O[C@@H](COc1cccc2[nH]ccc12)CN1CCC(c2csc3ccccc23)CC1,CHEMBL214
CHEMBL275247,COc1cccc2c1OCCC2CNCCCc1ccccc1,CHEMBL214
CHEMBL293065,Cc1cc2c(OC[C@@H](O)CN3CCC(c4cc5cc(F)ccc5s4)CC3)cccc2[nH]1,CHEMBL214
CHEMBL85,Cc1nc2n(c(=O)c1CCN1CCC(c3noc4cc(F)ccc34)CC1)CCCC2,CHEMBL214
CHEMBL338608,Cc1c(-c2ccccc2)oc2c(C(=O)NCCCN3CCN(c4ccccc4OCc4no[n+]([O-])c4C)CC3)cccc2c1=O,CHEMBL214
CHEMBL308476,c1ccc(-c2cccc(CN3CCN(c4cccc5c4CCCN5)CC3)c2)cc1,CHEMBL214
CHEMBL306830,Oc1nc2cccc(N3CCN(Cc4cccc(-c5ccc(F)cc5)c4)CC3)c2o1,CHEMBL214
CHEMBL278865,COc1ccccc1N1CCN(CCCNC(=O)c2cccc3c(=O)c(C)c(-c4ccccc4)oc23)CC1,CHEMBL214
CHEMBL56601,O[C@H](COc1cccc2[nH]ccc12)CN1CCC(c2cc3ccc(F)cc3s2)CC1,CHEMBL214
CHEMBL297742,Cc1cc2c(OC[C@@H](O)CN3CCC(c4cc5ccc(F)cc5s4)CC3)cccc2[nH]1,CHEMBL214
CHEMBL77334,Oc1nc2cccc(N3CCN(Cc4cc(-c5ccccc5)ccc4F)CC3)c2o1,CHEMBL214
CHEMBL292187,Fc1ccc(-c2ccc(CN3CCN(c4cccc5ccoc45)CC3)[nH]2)cc1,CHEMBL214
CHEMBL300763,CC(C)Oc1cccc2sc(C3CCN(C[C@H](O)COc4cccc5[nH]ccc45)CC3)cc12,CHEMBL214
CHEMBL2112356,Cc1cc2c(OC[C@@H](O)CN3CC[C@@H](c4ccc5scc(C)c5c4)C[C@@H]3C)cccc2[nH]1,CHEMBL214
CHEMBL78241,c1ccc(-c2cccc(CN3CCN(c4cccc5c4OCO5)CC3)c2)cc1,CHEMBL214
CHEMBL420016,N#Cc1ccccc1-c1cccc(CN2CCN(c3cccc4nc(O)oc34)CC2)c1,CHEMBL214
CHEMBL338029,Cc1c(-c2ccccc2)oc2c(C(=O)NCCCN3CCN(c4ccccc4OCCCO[N+](=O)[O-])CC3)cccc2c1=O,CHEMBL214
CHEMBL11592,CCCN(CCCCN1C(=O)CC2(CCCC2)CC1=O)C1COc2cccc(OC)c2C1,CHEMBL214
CHEMBL74805,Oc1nc2cccc(N3CCN(Cc4ccnc(-c5ccc(F)cc5)c4)CC3)c2o1,CHEMBL214
CHEMBL418802,COC(=O)c1cc2c3c(ccc2[nH]1)OCC(CN1CCC(n2c(O)nc4ccccc42)CC1)O3,CHEMBL214
CHEMBL542405,Cl.N=C(N)N/N=C/c1c[nH]c2ccc(O)cc12,CHEMBL214
CHEMBL320880,NC(=O)c1cc2c3c(ccc2[nH]1)OCC(CN1CCC2(CC1)C(=O)NCN2c1ccccc1)O3,CHEMBL214
CHEMBL97596,O=S(=O)(Nc1ccc2nccc(N3CCNCC3)c2c1)c1ccc2c(Cl)cccc2c1,CHEMBL214
CHEMBL102175,CCCCOC(=O)c1cc2c3c(ccc2[nH]1)OCC(CN1CCC2(CC1)C(=O)NCN2c1ccccc1)O3,CHEMBL214
CHEMBL101535,N#Cc1cc2c3c(ccc2[nH]1)OCC(CN1CCC2(CC1)C(=O)NCN2c1ccccc1)O3,CHEMBL214
CHEMBL317433,O=C1NCN(c2ccccc2)C12CCN(CC1COc3ccc4[nH]ccc4c3O1)CC2,CHEMBL214
CHEMBL318018,Cc1sc2ccc(Cl)cc2c1S(=O)(=O)Nc1ccc2nccc(N3CCNCC3)c2c1,CHEMBL214
CHEMBL6621,CCCCCNC(=N)N/N=C/c1c[nH]c2ccc(O)cc12,CHEMBL214
CHEMBL318166,O=C(OCc1ccccc1)c1cc2c3c(ccc2[nH]1)OCC(CN1CCC2(CC1)C(=O)NCN2c1ccccc1)O3,CHEMBL214
CHEMBL103983,O=C(NCCCc1ccccc1)c1cc2c3c(ccc2[nH]1)OCC(CNCCCc1ccccc1)O3,CHEMBL214
CHEMBL320173,COC(=O)c1cc2c3c(ccc2[nH]1)OCC(CN1CCC2(CC1)C(=O)NCN2c1ccccc1)O3,CHEMBL214
CHEMBL323088,O=C1NCN(c2ccccc2)C12CCN(CC1COc3ccc4[nH]c(CO)cc4c3O1)CC2,CHEMBL214
CHEMBL319023,CCOC(=O)C1CCN(CC2COc3ccc4[nH]c(C(=O)OC)cc4c3O2)CC1,CHEMBL214
CHEMBL318374,COC(=O)c1cc2c3c(ccc2[nH]1)OCC(CNCCCc1ccccc1)O3,CHEMBL214
CHEMBL106283,O=C(O)c1cc2c3c(ccc2[nH]1)OCC(CN1CCC2(CC1)C(=O)NCN2c1ccccc1)O3,CHEMBL214
CHEMBL101483,COC(=O)c1cc2c3c(ccc2[nH]1)OCC(CN1CCC(Nc2ccccc2)(C(N)=O)CC1)O3,CHEMBL214
CHEMBL60318,Cn1c(=O)sc2cc(CCN3CCN(c4ccc(F)cc4)CC3)ccc21,CHEMBL214
CHEMBL293923,COc1ccccc1N1CCN(CCc2ccc3c(c2)sc(=O)n3C)CC1,CHEMBL214
CHEMBL64878,COc1ccccc1N1CCN(CCCCc2ccc3nc(O)sc3c2)CC1,CHEMBL214
CHEMBL60447,Cn1c(=O)sc2cc(CCN3CCN(c4ccccc4O)CC3)ccc21,CHEMBL214
CHEMBL42,CN1CCN(C2=Nc3cc(Cl)ccc3Nc3ccccc32)CC1,CHEMBL214
CHEMBL103772,c1ccc(-c2nc(CN3CCN(c4ncccn4)CC3)c[nH]2)cc1,CHEMBL214
CHEMBL60885,COc1ccccc1N1CCN(CCc2ccc3nc(O)sc3c2)CC1,CHEMBL214
CHEMBL64610,CN1C(=O)COc2cc(CCCCN3CCN(c4cccc(C(F)(F)F)c4)CC3)ccc21,CHEMBL214
CHEMBL292935,COc1ccccc1N1CCN(CCCc2ccc3nc(O)sc3c2)CC1,CHEMBL214
CHEMBL61869,Oc1nc2ccc(CCN3CCN(c4ccccc4O)CC3)cc2s1,CHEMBL214
CHEMBL64167,Cn1c(=O)sc2cc(CCN3CCN(c4ccccc4)CC3)ccc21,CHEMBL214
CHEMBL59637,Oc1nc2ccc(CCN3CCN(c4ccccc4)CC3)cc2s1,CHEMBL214
CHEMBL61818,Cn1c(=O)sc2cc(CCCCN3CCN(c4cccc(C(F)(F)F)c4)CC3)ccc21,CHEMBL214
CHEMBL60047,CN1C(=O)COc2cc(CCN3CCN(c4cccc(C(F)(F)F)c4)CC3)ccc21,CHEMBL214
CHEMBL418499,Cn1c(=O)sc2cc(CCN3CCN(c4cccc(C(F)(F)F)c4)CC3)ccc21,CHEMBL214
CHEMBL61819,COc1ccccc1N1CCN(CCCCc2ccc3c(c2)sc(=O)n3C)CC1,CHEMBL214
CHEMBL64845,Oc1nc2ccc(CCCCN3CCN(c4cccc(C(F)(F)F)c4)CC3)cc2s1,CHEMBL214
CHEMBL294730,COc1ccccc1N1CCN(CCCc2ccc3c(c2)sc(=O)n3C)CC1,CHEMBL214
CHEMBL304438,COc1ccccc1N1CCN(CCc2ccc3c(c2)OCC(=O)N3C)CC1,CHEMBL214
CHEMBL59823,COc1ccccc1N1CCN(CCCCc2ccc3c(c2)OCC(=O)N3C)CC1,CHEMBL214
CHEMBL45101,O=C(c1ccc(Cl)c(Cl)c1)N1CCC(CNCc2cccc(-c3cc[nH]n3)n2)CC1,CHEMBL214
CHEMBL46984,CCNc1nc(CNCC2(F)CCN(C(=O)c3ccc(F)c(Cl)c3)CC2)ccc1C,CHEMBL214
CHEMBL297138,O=C(c1ccc(Cl)c(Cl)c1)N1CCC(CNCc2cccc(-c3cnco3)n2)CC1,CHEMBL214
CHEMBL47013,Cc1ccc(CNCC2(F)CCN(C(=O)c3ccc(Cl)c(Cl)c3)CC2)nc1,CHEMBL214
CHEMBL159160,CCCN[C@@H]1[C@H](CCC)Cc2cccc(O)c2[C@@H]1CCC,CHEMBL214
CHEMBL158623,C=CCN[C@@H]1CCc2cccc(OC)c2[C@H]1CC=C,CHEMBL214
CHEMBL46467,O=C(c1ccc(Cl)c(Cl)c1)N1CCC(CNCc2cccc(-c3nccs3)n2)CC1,CHEMBL214
CHEMBL159483,O=C1N[C@@H](Cc2ccc3[nH]cc(CCN4CC[C@@H](CNCc5ccccc5)C4)c3c2)CO1,CHEMBL214
CHEMBL46512,O=C(c1ccc(Cl)c(Cl)c1)N1CCC(F)(CNCc2cccc(-c3nccs3)n2)CC1,CHEMBL214
CHEMBL297208,N#CC1(CNCc2cccc(-n3cccn3)n2)CCN(C(=O)c2ccc(Cl)c(Cl)c2)CC1,CHEMBL214
CHEMBL46539,O=C(c1ccc(F)c(Cl)c1)N1CCC(F)(CNCc2cccc(-c3cc[nH]n3)n2)CC1,CHEMBL214
CHEMBL158791,C=CC[C@H]1c2c(cccc2OC)CC[C@H]1NCCC,CHEMBL214
CHEMBL158749,C=CCN[C@@H]1CCc2cccc(OC)c2[C@@H]1CC=C,CHEMBL214
CHEMBL349418,C=CC[C@@H]1c2c(cccc2OC)CC[C@H]1NCC1CC1,CHEMBL214
CHEMBL45048,CCN(CC)c1nc(CNCC2(F)CCN(C(=O)c3ccc(F)c(Cl)c3)CC2)ccc1C,CHEMBL214
CHEMBL160070,C[C@H](NC[C@@H]1CCN(CCc2c[nH]c3ccc(C[C@H]4COC(=O)N4)cc23)C1)c1ccccc1,CHEMBL214
CHEMBL409417,CCCN[C@@H]1[C@H](CCC)Cc2cccc(OC)c2[C@@H]1CCC,CHEMBL214
CHEMBL158582,C=CCN[C@@H]1CCc2cccc(OC)c2[C@@H]1CO,CHEMBL214
CHEMBL298260,O=C(c1ccc(Cl)c(Cl)c1)N1CCC(CNCc2cccc(N3CCC3)n2)CC1,CHEMBL214
CHEMBL295025,O=C(c1ccc(Cl)c(Cl)c1)N1CCC(CNCc2cccc(-n3cccn3)n2)CC1,CHEMBL214
CHEMBL43097,O=C(c1ccc(Cl)c(Cl)c1)N1CC=C(CNCc2cccc(-n3cccn3)n2)CC1,CHEMBL214
CHEMBL42766,CN(C)c1cccc(CNCC2(F)CCN(C(=O)c3cccc(Cl)c3)CC2)n1,CHEMBL214
CHEMBL45336,Cc1ccc(CNCC2(F)CCN(C(=O)c3ccc(F)c(Cl)c3)CC2)nc1N(C)C,CHEMBL214
CHEMBL42994,CN(C)c1cccc(CNCC2CCN(C(=O)c3ccc(Cl)c(Cl)c3)CC2)n1,CHEMBL214
CHEMBL161153,CCCN[C@@H]1CCc2cccc(OC)c2[C@H]1CC1CC1,CHEMBL214
CHEMBL162189,C=CCN[C@@H]1CCc2cccc(OC)c2[C@@H]1CC1CC1,CHEMBL214
CHEMBL158482,C=CCN[C@@H]1CCc2cccc(OC)c2[C@H]1CC1CC1,CHEMBL214
CHEMBL158210,C=CCN[C@@H]1CCc2cccc(O)c2[C@@H]1CC=C,CHEMBL214
CHEMBL348067,C=CCN(CCC)[C@@H]1CCc2cccc(OC)c2C1=C,CHEMBL214
CHEMBL440854,O=C(c1ccc(Cl)c(Cl)c1)N1CCC(F)(CNCc2cccc(-n3cccn3)n2)CC1,CHEMBL214
CHEMBL45094,O=C(c1ccc(Cl)c(Cl)c1)N1CCC(CF)(CNCc2cccc(-n3cccn3)n2)CC1,CHEMBL214
CHEMBL42042,Cc1ccc(CNCC2(F)CCN(C(=O)c3ccc(F)c(Cl)c3)CC2)nc1-n1cccn1,CHEMBL214
CHEMBL42545,Cc1ccc(CNCC2(F)CCN(C(=O)c3ccc(F)c(Cl)c3)CC2)nc1-c1cc[nH]n1,CHEMBL214
CHEMBL44118,CNc1cccc(CNCC2(F)CCN(C(=O)c3ccc(Cl)c(Cl)c3)CC2)n1,CHEMBL214
CHEMBL45423,O=C(c1ccc(Cl)c(Cl)c1)N1CCC(F)(CNCc2cccc(N3CCC3)n2)CC1,CHEMBL214
CHEMBL45334,CNc1cccc(CNCC2(F)CCN(C(=O)c3ccc(F)c(Cl)c3)CC2)n1,CHEMBL214
CHEMBL158283,C=CC[C@H]1c2c(cccc2OC)CC[C@H]1NCC1CC1,CHEMBL214
CHEMBL288244,O=C(c1ccc(Cl)c(Cl)c1)N1CCC(F)(CNCc2cccc(-c3cccs3)n2)CC1,CHEMBL214
CHEMBL45305,Cc1ccc(CNCC2(F)CCN(C(=O)c3ccc(F)c(Cl)c3)CC2)nc1,CHEMBL214
CHEMBL56,CCCN(CCC)C1CCc2cccc(O)c2C1,CHEMBL214
CHEMBL161561,COc1cccc2c1[C@H](CC1CC1)[C@H](NCC1CC1)CC2,CHEMBL214
CHEMBL44159,O=C(c1ccc(F)c(Cl)c1)N1CCC(F)(CNCc2cccc(-n3cccn3)n2)CC1,CHEMBL214
CHEMBL352897,CCCN[C@@H]1CCc2cccc(OC)c2[C@@H]1CC1CC1,CHEMBL214
CHEMBL44659,O=C(c1ccc(Cl)c(Cl)c1)N1CCC(F)(CNCc2cccc(-c3cnco3)n2)CC1,CHEMBL214
CHEMBL44841,O=C(c1ccc(Cl)c(Cl)c1)N1CCC(O)(CNCc2cccc(-n3cccn3)n2)CC1,CHEMBL214
CHEMBL46971,CN(C)c1cccc(CNCC2(F)CCN(C(=O)c3ccc(Cl)c(Cl)c3)CC2)n1,CHEMBL214
CHEMBL295662,Cc1ccc(C(=O)N2CCC(F)(CNCc3cccc(N(C)C)n3)CC2)cc1Cl,CHEMBL214
CHEMBL159566,CCCN[C@@H]1CCc2cccc(OC)c2[C@@H]1CCC,CHEMBL214
CHEMBL42393,O=C(c1ccc(F)c(Cl)c1)N1CCC(F)(CNCc2cccc(-c3ccco3)n2)CC1,CHEMBL214
CHEMBL45422,CNc1nc(CNCC2(F)CCN(C(=O)c3ccc(F)c(Cl)c3)CC2)ccc1C,CHEMBL214
CHEMBL347700,C=CC[C@H]1c2c(O)cccc2CC[C@H]1NCCC,CHEMBL214
CHEMBL351782,CCCN[C@@H]1CCc2cccc(O)c2[C@@H]1CCC,CHEMBL214
CHEMBL160096,C=CC[C@H]1c2c(cccc2OC)CC[C@H]1N(CCC)CCC,CHEMBL214
CHEMBL44904,CNc1cccc(CNCC2CCN(C(=O)c3ccc(Cl)c(Cl)c3)CC2)n1,CHEMBL214
CHEMBL296289,Cc1cc(CNCC2(F)CCN(C(=O)c3ccc(F)c(Cl)c3)CC2)nc(N(C)C)c1,CHEMBL214
CHEMBL420965,c1ccc(CNC[C@@H]2CCN(CCc3c[nH]c4ccc(-n5cnnc5)cc34)C2)cc1,CHEMBL214
CHEMBL157755,C=CCN[C@@H]1CCc2ccccc2[C@@H]1CC=C,CHEMBL214
CHEMBL43146,O=C(c1ccc(Cl)c(Cl)c1)N1CCC(F)(CNCc2cccc(-c3ccco3)n2)CC1,CHEMBL214
CHEMBL46379,Cc1ccc(N(C)C)nc1CNCC1(F)CCN(C(=O)c2ccc(F)c(Cl)c2)CC1,CHEMBL214
CHEMBL159561,C=CCN[C@@H]1CCc2cccc(OC)c2[C@@H]1C(=O)OC,CHEMBL214
CHEMBL345118,C=CC[C@H]1Cc2cccc(OC)c2C[C@@H]1NCCC,CHEMBL214
CHEMBL42294,O=C(c1ccc(Cl)c(Cl)c1)N1CCC(CNCc2cccc(-c3ccco3)n2)CC1,CHEMBL214
CHEMBL161617,CCCN[C@@H]1CCc2cccc(OC)c2[C@@H]1CO,CHEMBL214
CHEMBL42618,O=C(c1ccc(Cl)c(Cl)c1)N1CCC(CNCc2cccc(-c3cccs3)n2)CC1,CHEMBL214
CHEMBL360319,CN(C)c1cccc(CNCC2(F)CCN(C(=O)c3ccc(F)c(Cl)c3)CC2)n1,CHEMBL214
CHEMBL161264,C=CC[C@H]1c2ccccc2CC[C@H]1NCCC,CHEMBL214
CHEMBL158508,C=CC[C@@H]1c2c(cccc2OC)CC[C@H]1NCCC,CHEMBL214
CHEMBL161780,CNS(=O)(=O)Cc1ccc2[nH]cc(CCN3CC[C@@H](CNCc4ccccc4)C3)c2c1,CHEMBL214
CHEMBL46582,O=C(c1ccc(Cl)c(Cl)c1)N1CCC(F)(CNCc2cccc(-c3cc[nH]n3)n2)CC1,CHEMBL214
CHEMBL3144354,S=c1[nH]ncn1[C@@H]1O[C@H](COCc2ccccc2)[C@@H](OCc2ccccc2)[C@H]1OCc1ccccc1,CHEMBL214
CHEMBL161095,CCCN(C)[C@@H]1CCc2cccc(OC)c2[C@@H]1CO,CHEMBL214
CHEMBL288992,CCNc1cccc(CNCC2(F)CCN(C(=O)c3ccc(F)c(Cl)c3)CC2)n1,CHEMBL214
CHEMBL39,NCCc1c[nH]c2ccc(O)cc12,CHEMBL214
CHEMBL318604,C1=C(c2c[nH]c3ccccc23)CCN(CCOc2cccc3ncccc23)C1,CHEMBL214
CHEMBL92139,CN(C)CCc1cccc2c1ccn2S(=O)(=O)c1ccccc1,CHEMBL214
CHEMBL318738,C1=C(c2c[nH]c3ncccc23)CCN(CCOc2cccc3c2OCCO3)C1,CHEMBL214
CHEMBL106481,Fc1ccc2[nH]cc(CC3CCN(CCOc4cccc5c4OCCO5)CC3)c2c1,CHEMBL214
CHEMBL105390,Fc1ccc2[nH]cc(C3=CCN(CCOc4cccc5c4OCCO5)CC3)c2c1,CHEMBL214
CHEMBL31217,CN1CCN(c2cccc3ccc(OCCOc4ccc5[nH]cc(CCN)c5c4)cc23)CC1,CHEMBL214
CHEMBL104229,C1=C(c2c[nH]c3ncccc23)CCN(CCOc2cccc3[nH]ccc23)C1,CHEMBL214
CHEMBL104229,C1=C(c2c[nH]c3ncccc23)CCN(CCOc2cccc3[nH]ccc23)C1,CHEMBL214
CHEMBL104229,C1=C(c2c[nH]c3ncccc23)CCN(CCOc2cccc3[nH]ccc23)C1,CHEMBL214
CHEMBL105204,Fc1ccc2c(C3=CCN(CCOc4cccc5c4OCCO5)CC3)c[nH]c2c1,CHEMBL214
CHEMBL104144,C1=C(c2c[nH]c3ccccc23)CCN(CCOc2cccc3c2OCCO3)C1,CHEMBL214
CHEMBL104144,C1=C(c2c[nH]c3ccccc23)CCN(CCOc2cccc3c2OCCO3)C1,CHEMBL214
CHEMBL104144,C1=C(c2c[nH]c3ccccc23)CCN(CCOc2cccc3c2OCCO3)C1,CHEMBL214
CHEMBL282950,CN1CCN(c2cccc3ccc(OCC(=O)Nc4ccc(NC(=O)COc5ccc6[nH]cc(CCN)c6c5)cc4)cc23)CC1,CHEMBL214
CHEMBL442391,C1=C(c2c[nH]c3ncccc23)CCN(CCOc2cccc3ncccc23)C1,CHEMBL214
CHEMBL442391,C1=C(c2c[nH]c3ncccc23)CCN(CCOc2cccc3ncccc23)C1,CHEMBL214
CHEMBL442391,C1=C(c2c[nH]c3ncccc23)CCN(CCOc2cccc3ncccc23)C1,CHEMBL214
CHEMBL285402,CN1CCN(c2cccc3ccc(OCC(=O)N4CCN(C(=O)COc5ccc6cccc(N7CCN(C)CC7)c6c5)CC4)cc23)CC1,CHEMBL214
CHEMBL56,CCCN(CCC)C1CCc2cccc(O)c2C1,CHEMBL214
CHEMBL1185,CN(C)CCc1c[nH]c2ccc(C[C@H]3COC(=O)N3)cc12,CHEMBL214
CHEMBL125745,NCCc1cccc2c1ccn2S(=O)(=O)c1ccccc1,CHEMBL214
CHEMBL322915,Fc1ccc2c(C3CCN(CCOc4cccc5c4OCCO5)CC3)c[nH]c2c1,CHEMBL214
CHEMBL277120,c1ccc2c(N3CCNCC3)cccc2c1,CHEMBL214
CHEMBL421027,C1=C(c2c[nH]c3ccccc23)CCN(CCOc2cccc3[nH]ccc23)C1,CHEMBL214
CHEMBL421027,C1=C(c2c[nH]c3ccccc23)CCN(CCOc2cccc3[nH]ccc23)C1,CHEMBL214
CHEMBL421027,C1=C(c2c[nH]c3ccccc23)CCN(CCOc2cccc3[nH]ccc23)C1,CHEMBL214
CHEMBL30831,CN1CCN(c2cccc3ccc(OCCOc4ccc5cccc(N6CCN(C)CC6)c5c4)cc23)CC1,CHEMBL214
CHEMBL29951,CCCN(CCC)C1CCc2cccc(OCCCCCCOc3cccc4c3CC(N(CCC)CCC)CC4)c2C1,CHEMBL214
CHEMBL139505,COc1cccc2c(CCCN3CCN(c4ccccn4)CC3)cccc12,CHEMBL214
CHEMBL321133,COc1cccc(C(=O)Nc2ccc3[nH]cc(C4CCN(C)CC4)c3n2)c1,CHEMBL214
CHEMBL51137,O[C@H]1c2ccccc2C[C@H]1N1CC=C(c2cccc3c2OCCO3)CC1,CHEMBL214
CHEMBL104496,CN1CCC(c2c[nH]c3ccc(NC(=O)c4ccc(Cl)cc4Cl)nc23)CC1,CHEMBL214
CHEMBL105958,CN1CCC(c2c[nH]c3ccc(NC(=O)c4ccncc4)nc23)CC1,CHEMBL214
CHEMBL49206,O[C@@H]1c2cc(F)ccc2C[C@H]1N1CCN(c2cccc3c2OCCO3)CC1,CHEMBL214
CHEMBL300100,O[C@@H]1c2ccc(F)cc2C[C@H]1N1CCN(c2cccc3c2OCCO3)CC1,CHEMBL214
CHEMBL300100,O[C@@H]1c2ccc(F)cc2C[C@H]1N1CCN(c2cccc3c2OCCO3)CC1,CHEMBL214
CHEMBL51457,O[C@@H]1c2ccc(F)cc2C[C@H]1N1CCC(c2cccc3c2OCCO3)CC1,CHEMBL214
CHEMBL301518,O[C@H]1c2ccc(F)cc2C[C@H]1N1CCN(c2cccc3c2OCCC3)CC1,CHEMBL214
CHEMBL320198,CN1CCC(c2c[nH]c3cnc(NC(=O)c4ccc(F)cc4)nc23)CC1,CHEMBL214
CHEMBL104026,CC(=O)Nc1cc2c(C3CCN(C)CC3)c[nH]c2cn1,CHEMBL214
CHEMBL321562,COc1ccccc1C(=O)Nc1ccc2[nH]cc(C3CCN(C)CC3)c2n1,CHEMBL214
CHEMBL301806,Cc1ccc2c(c1)[C@@H](O)[C@H](N1CCC(c3cccc4c3OCCO4)CC1)C2,CHEMBL214
CHEMBL105025,Cc1ccccc1C(=O)Nc1ccc2[nH]cc(C3CCN(C)CC3)c2n1,CHEMBL214
CHEMBL297017,O[C@@H]1c2ccc(F)cc2C[C@H]1N1CCC(c2cc(F)cc3c2OCCC3)CC1,CHEMBL214
CHEMBL2112774,COc1cccc(C2CCC(NCCOc3ccccn3)CC2)c1,CHEMBL214
CHEMBL56,CCCN(CCC)C1CCc2cccc(O)c2C1,CHEMBL214
CHEMBL49113,O[C@H]1c2ccc(F)cc2C[C@H]1N1CCN(c2cccc3c2OCCO3)CC1,CHEMBL214
CHEMBL419547,CN1CCC(c2c[nH]c3ccc(NC(=O)c4cccc(C#N)c4)nc23)CC1,CHEMBL214
CHEMBL47433,O[C@@H]1c2cc(F)ccc2C[C@H]1N1CCC(c2cccc3c2OCCO3)CC1,CHEMBL214
CHEMBL412357,OCC1COc2c(cc(Cl)cc2N2CCN([C@@H]3Cc4cc(F)ccc4[C@H]3O)CC2)O1,CHEMBL214
CHEMBL2112779,COc1cccc(C2CCC(N3CCN(c4ccccc4OC)CC3)CC2)c1,CHEMBL214
CHEMBL105118,CN1CCC(c2c[nH]c3ccc(NC(=O)c4cccc([N+](=O)[O-])c4)nc23)CC1,CHEMBL214
CHEMBL103503,CN1CCC(c2c[nH]c3cnc(NC(=O)c4ccc(F)cc4)cc23)CC1,CHEMBL214
CHEMBL103550,CN1CCC(c2c[nH]c3ccc(NC(=O)c4cccc(F)c4)nc23)CC1,CHEMBL214
CHEMBL416283,O[C@H]1c2ccccc2C[C@H]1N1CCN(c2cccc3c2OCCO3)CC1,CHEMBL214
CHEMBL298096,COc1ccc2c(c1)[C@@H](O)[C@H](N1CCN(c3cccc4c3OCCO4)CC1)C2,CHEMBL214
CHEMBL104384,CN1CCC(c2c[nH]c3ccc(NC(=O)c4ccccc4F)nc23)CC1,CHEMBL214
CHEMBL48876,O[C@@H]1c2cc(F)c(F)cc2C[C@H]1N1CCC(c2cccc3c2OCCO3)CC1,CHEMBL214
CHEMBL444590,COc1cccc2c1CCCC2CCCN1CCN(c2ccccn2)CC1,CHEMBL214
CHEMBL2112778,COc1cccc(C2CCC(N3CCN(c4ccccn4)CC3)CC2)c1,CHEMBL214
CHEMBL104692,CN1CCC(c2c[nH]c3ccc(NC(=O)c4ccc([N+](=O)[O-])cc4)nc23)CC1,CHEMBL214
CHEMBL298363,O=[N+]([O-])c1ccc2c(c1)[C@@H](O)[C@H](N1CCN(c3cccc4c3OCCO4)CC1)C2,CHEMBL214
CHEMBL138109,COc1cccc2c(CCCNCCOc3ccccn3)cccc12,CHEMBL214
CHEMBL48767,O[C@@H]1c2cc3c(cc2C[C@H]1N1CCC(c2cccc4c2OCCO4)CC1)OCO3,CHEMBL214
CHEMBL297925,O[C@@H]1c2ccc(F)cc2C[C@H]1N1CCN(c2cc(Cl)cc3c2OCCO3)CC1,CHEMBL214
CHEMBL344432,COc1cccc2c1CCCC2CCCNCCOc1ccccn1,CHEMBL214
CHEMBL105743,CN1CCC(c2c[nH]c3ccc(NC(=O)c4ccccc4)nc23)CC1,CHEMBL214
CHEMBL299817,O[C@@H]1c2ccc(F)cc2C[C@H]1N1CCN(c2cccc3c2OCCC3)CC1,CHEMBL214
CHEMBL49247,c1ccc2c(c1)CC(N1CCN(c3cccc4c3OCCO4)CC1)C2,CHEMBL214
CHEMBL103424,CC(=O)Nc1ccc2[nH]cc(C3CCN(C)CC3)c2c1,CHEMBL214
CHEMBL298279,COc1ccc2c(c1)C[C@@H](N1CCN(c3cccc4c3OCCO4)CC1)[C@@H]2O,CHEMBL214
CHEMBL300100,O[C@@H]1c2ccc(F)cc2C[C@H]1N1CCN(c2cccc3c2OCCO3)CC1,CHEMBL214
CHEMBL49455,O[C@H]1c2ccc(F)cc2C[C@H]1N1CCC(c2cccc3c2OCCO3)CC1,CHEMBL214
CHEMBL420101,Cc1ccc(C(=O)Nc2ccc3[nH]cc(C4CCN(C)CC4)c3n2)cc1,CHEMBL214
CHEMBL410530,O=[N+]([O-])c1ccc2c(c1)[C@@H](O)[C@H](N1CCC(c3cccc4c3OCCO4)CC1)C2,CHEMBL214
CHEMBL298855,COc1ccc2c(c1)[C@@H](O)[C@H](N1CCC(c3cccc4c3OCCO4)CC1)C2,CHEMBL214
CHEMBL300739,O[C@@H]1c2ccc(F)cc2C[C@H]1N1CC=C(c2cccc3c2OCCO3)CC1,CHEMBL214
CHEMBL103479,CN1CCC(c2c[nH]c3ccc(NC(=O)c4ccc(F)cc4)nc23)CC1,CHEMBL214
CHEMBL50119,O[C@@H]1c2ccccc2C[C@H]1N1CCC(c2cccc3c2OCCO3)CC1,CHEMBL214
CHEMBL113238,COc1cccc2c1N1CCN(C)C[C@H]1c1ccccc1C2,CHEMBL214
CHEMBL49006,O[C@@H]1c2ccc(F)cc2C[C@H]1N1CC=C(c2cccc3c2SCCC3)CC1,CHEMBL214
CHEMBL307364,N=C(N)N/N=C/c1c[nH]c2ccc(O)cc12,CHEMBL214
CHEMBL104484,CN1CCC(c2c[nH]c3ccc(NC(=O)c4ccc(C#N)cc4)nc23)CC1,CHEMBL214
CHEMBL298279,COc1ccc2c(c1)C[C@@H](N1CCN(c3cccc4c3OCCO4)CC1)[C@@H]2O,CHEMBL214
CHEMBL31354,COc1ccccc1N1CCN(CCN(C(=O)C2CCCCC2)c2ccccn2)CC1,CHEMBL214
CHEMBL101690,CN1CCC(c2c[nH]c3ccc(NC(=O)c4ccc(F)cc4)cc23)CC1,CHEMBL214
CHEMBL49838,COc1cc2c(cc1OC)[C@@H](O)[C@H](N1CCC(c3cccc4c3OCCO4)CC1)C2,CHEMBL214
CHEMBL321343,CN1CCC(c2c[nH]c3ccc(NC(=O)c4ccccc4[N+](=O)[O-])nc23)CC1,CHEMBL214
CHEMBL105722,CN1CCC(c2c[nH]c3ccc(NC(=O)c4ccccn4)nc23)CC1,CHEMBL214
CHEMBL299405,O[C@@H]1c2ccccc2C[C@H]1N1CCN(c2cccc3c2OCCO3)CC1,CHEMBL214
CHEMBL298279,COc1ccc2c(c1)C[C@@H](N1CCN(c3cccc4c3OCCO4)CC1)[C@@H]2O,CHEMBL214
CHEMBL48370,COc1ccc2c(c1)[C@H](O)[C@H](N1CCN(c3cccc4c3OCCO4)CC1)C2,CHEMBL214
CHEMBL48713,O[C@@H]1c2ccc(F)cc2C[C@H]1N1CCC(c2cccc3c2OCC3)CC1,CHEMBL214
CHEMBL45966,O[C@@H]1c2ccc(F)cc2C[C@H]1N1CCC(c2cccc3c2OCCC3)CC1,CHEMBL214
CHEMBL50903,O[C@@H]1c2cc(F)c(F)cc2C[C@H]1N1CCN(c2cccc3c2OCCO3)CC1,CHEMBL214
CHEMBL51882,Cc1ccc2c(c1)C[C@@H](N1CCC(c3cccc4c3OCCO4)CC1)[C@@H]2O,CHEMBL214
CHEMBL49497,O[C@@H]1c2ccccc2C[C@H]1N1CC=C(c2cccc3c2OCCO3)CC1,CHEMBL214
CHEMBL300709,COc1ccc2c(c1)C[C@@H](N1CCN(c3cccc4c3OCCO4)CC1)[C@H]2O,CHEMBL214
CHEMBL449406,Cc1cccc(C(=O)Nc2ccc3[nH]cc(C4CCN(C)CC4)c3n2)c1,CHEMBL214
CHEMBL120927,CN1CCc2ccc3cnc4cccc5c4c3c2[C@H]1C5,CHEMBL214
CHEMBL339980,Cc1[nH]c2cccc(NC(=O)c3ccc(F)cc3)c2c1CCN(C)C,CHEMBL214
CHEMBL43297,COc1ccccc1N1CCN(CCN(C(=O)c2ccc(F)c(C)c2)c2ccccn2)CC1,CHEMBL214
CHEMBL43297,COc1ccccc1N1CCN(CCN(C(=O)c2ccc(F)c(C)c2)c2ccccn2)CC1,CHEMBL214
CHEMBL43297,COc1ccccc1N1CCN(CCN(C(=O)c2ccc(F)c(C)c2)c2ccccn2)CC1,CHEMBL214
CHEMBL253319,CN1CCc2ccc3c(=O)[nH]c4cccc5c4c3c2[C@H]1C5,CHEMBL214
CHEMBL53,CN1CCc2cccc3c2[C@H]1Cc1ccc(O)c(O)c1-3,CHEMBL214
CHEMBL122453,CN1CCc2ccc3ncc4cccc5c4c3c2[C@H]1C5,CHEMBL214
CHEMBL284586,CN1CCc2ccc3c4c2[C@H]1Cc1cccc(c1-4)C3,CHEMBL214
CHEMBL38413,COc1ccccc1N1CCN(CCN(C(=O)C2CCC(F)CC2)c2ccccn2)CC1,CHEMBL214
CHEMBL38413,COc1ccccc1N1CCN(CCN(C(=O)C2CCC(F)CC2)c2ccccn2)CC1,CHEMBL214
CHEMBL31354,COc1ccccc1N1CCN(CCN(C(=O)C2CCCCC2)c2ccccn2)CC1,CHEMBL214
CHEMBL111065,CCc1cccc(OC[C@@H](O)CN2CCC3(CC2)OCc2c3ccc3ccccc23)c1,CHEMBL214
CHEMBL111065,CCc1cccc(OC[C@@H](O)CN2CCC3(CC2)OCc2c3ccc3ccccc23)c1,CHEMBL214
CHEMBL277120,c1ccc2c(N3CCNCC3)cccc2c1,CHEMBL214
CHEMBL430332,CCCN1CC[C@H]2c3c(O)cccc3CC[C@H]21,CHEMBL214
CHEMBL114452,OC(COCc1ccccc1)CN1CCC2(CC1)OCc1c2ccc2ccccc12,CHEMBL214
CHEMBL114452,OC(COCc1ccccc1)CN1CCC2(CC1)OCc1c2ccc2ccccc12,CHEMBL214
CHEMBL78785,COc1ccccc1N1CCN(CCCNc2cc(-c3ccccc3)nn(C)c2=O)CC1,CHEMBL214
CHEMBL354668,O=C1c2ccccc2C(=O)N1CCCCN1CCn2c(cc3ccccc32)C1,CHEMBL214
CHEMBL80599,COc1ccc(Cl)cc1N1CCN(CCCNc2c(C(C)=O)c(C)nn(C)c2=O)CC1,CHEMBL214
CHEMBL78874,CCC(=O)c1c(-c2ccccc2)nn(C)c(=O)c1NCCN1CCN(c2ccccc2OC)CC1,CHEMBL214
CHEMBL129661,COc1ccc2ccc(N3CCNCC3)cc2c1,CHEMBL214
CHEMBL165364,O=C(c1cccc(CN2CCc3c([nH]c4ccccc34)C2)c1)N1CCc2ccccc21,CHEMBL214
CHEMBL61440,CC(C)Oc1ccccc1N1CCN(Cc2cccc(C(=O)N3CCc4ccccc43)c2)CC1,CHEMBL214
CHEMBL423642,O=C(c1cccc(CN2CCN3c4ccccc4OCC3C2)c1)N1CCc2ccccc21,CHEMBL214
CHEMBL56183,CCCN1CCC[C@@H]2c3cc(O)ccc3CC[C@H]21,CHEMBL214
CHEMBL165718,COc1cccc2c1C1CCN(CCCN3C(=O)c4ccccc4S3(=O)=O)C[C@H]1C2,CHEMBL214
CHEMBL80132,COc1ccccc1N1CCN(CCNc2cc(C)nn(C)c2=O)CC1,CHEMBL214
CHEMBL420959,COc1ccc(Cl)cc1N1CCN(CCCCNc2c(C(C)=O)c(C)nn(C)c2=O)CC1,CHEMBL214
CHEMBL299231,C=CCN1CCN(c2nc3cccnc3n3cccc23)CC1,CHEMBL214
CHEMBL56,CCCN(CCC)C1CCc2cccc(O)c2C1,CHEMBL214
CHEMBL129813,CN1CCN(c2cccc3ccc(OCC(=O)N4CCN(c5cccc6c5OCCO6)CC4)cc23)CC1,CHEMBL214
CHEMBL112841,OC(COc1cc(F)cc2c1OCCC2)CN1CCC2(CC1)OCc1c2ccc2ccccc12,CHEMBL214
CHEMBL27403,CN1CCN(c2nc3cc(C(F)(F)F)ccc3n3cccc23)CC1,CHEMBL214
CHEMBL423632,O=C(c1cccc(CN2CCc3c([nH]c4ccccc34)C2)c1)N1CCCCC1,CHEMBL214
CHEMBL113326,c1ccc(CCCCN2CCC3(CC2)OCc2c3ccc3ccccc23)cc1,CHEMBL214
CHEMBL54914,CN1CCN(c2nc3cccnc3n3cccc23)CC1,CHEMBL214
CHEMBL2112660,CN1CCN(c2cccc3ccc(OCC(=O)N4CCN(c5ccccc5C#N)CC4)cc23)CC1,CHEMBL214
CHEMBL349003,CCCN1CC[C@H]2c3c(cccc3C(N)=O)CC[C@H]21,CHEMBL214
CHEMBL326751,O[C@H](COc1ccccc1)CN1CCC2(CC1)OCc1c2ccc2ccccc12,CHEMBL214
CHEMBL326751,O[C@H](COc1ccccc1)CN1CCC2(CC1)OCc1c2ccc2ccccc12,CHEMBL214
CHEMBL80730,COc1ccccc1N1CCN(CCNc2c(C(=O)C(C)C)c(-c3ccccc3)nn(C)c2=O)CC1,CHEMBL214
CHEMBL128699,Cc1cc(C)c(N2CCN(C(=O)COc3ccc4cccc(N5CCN(C)CC5)c4c3)CC2)c(C)c1,CHEMBL214
CHEMBL311479,COc1ccccc1N1CCN(CCNc2cc(-c3ccccc3)nn(C)c2=O)CC1,CHEMBL214
CHEMBL420205,CC(=O)c1c(-c2ccccc2)nn(C)c(=O)c1NCCN1CCN(c2ccccc2F)CC1,CHEMBL214
CHEMBL10085,CC(C)Oc1ccccc1N1CCN(Cc2cccc(C(=O)N3CCCCC3)c2)CC1,CHEMBL214
CHEMBL327126,O[C@H](COc1ccccc1F)CN1CCC2(CC1)OCc1c2ccc2ccccc12,CHEMBL214
CHEMBL327126,O[C@H](COc1ccccc1F)CN1CCC2(CC1)OCc1c2ccc2ccccc12,CHEMBL214
CHEMBL114453,OC(CCc1ccccc1)CN1CCC2(CC1)OCc1c2ccc2ccccc12,CHEMBL214
CHEMBL114453,OC(CCc1ccccc1)CN1CCC2(CC1)OCc1c2ccc2ccccc12,CHEMBL214
CHEMBL51118,C=CCN1CCN(c2nc3sccc3n3cccc23)CC1,CHEMBL214
CHEMBL338015,COc1cccc(N2CCN(C(=O)COc3ccc4cccc(N5CCN(C)CC5)c4c3)CC2)c1OC,CHEMBL214
CHEMBL340786,Cc1ccccc1N1CCN(C(=O)COc2ccc3cccc(N4CCN(C)CC4)c3c2)CC1,CHEMBL214
CHEMBL77901,COc1ccccc1N1CCN(CCNc2c(C(C)=O)c(C)nn(C)c2=O)CC1,CHEMBL214
CHEMBL79161,COc1ccccc1N1CCN(CCCNc2c(C(C)=O)c(C)nn(C)c2=O)CC1,CHEMBL214
CHEMBL79161,COc1ccccc1N1CCN(CCCNc2c(C(C)=O)c(C)nn(C)c2=O)CC1,CHEMBL214
CHEMBL301765,c1cc2c(N3CCNCC3)nc3ccsc3n2c1,CHEMBL214
CHEMBL111713,O=C1CCc2c(F)ccc(OCC(O)CN3CCC4(CC3)OCc3c4ccc4ccccc34)c21,CHEMBL214
CHEMBL111713,O=C1CCc2c(F)ccc(OCC(O)CN3CCC4(CC3)OCc3c4ccc4ccccc34)c21,CHEMBL214
CHEMBL310599,CC(=O)c1c(-c2ccccc2)nn(C)c(=O)c1NCCN1CCN(c2ccccc2Cl)CC1,CHEMBL214
CHEMBL80458,COc1ccc(Cl)cc1N1CCN(CCNc2c(C(C)=O)c(-c3ccccc3)nn(C)c2=O)CC1,CHEMBL214
CHEMBL55969,Cc1cc2c(cc1C(F)(F)F)N(C(=O)Nc1ccc(OCc3cncn3C)nc1)CC2,CHEMBL224
CHEMBL87187,Nc1cccc(-c2ccc(CCN3CCN(c4cccc5cccnc45)CC3)cc2)n1,CHEMBL224
CHEMBL55914,Cc1cc2c(cc1C(F)(F)F)N(C(=O)Nc1cnc(OCc3ccccn3)c(C)c1)CC2,CHEMBL224
CHEMBL55344,Cc1cc2c(cc1C(F)(F)F)N(C(=O)Nc1ccc(COc3ccccn3)nc1)CC2,CHEMBL224
CHEMBL55784,Cc1cc2c(cc1C(F)(F)F)N(C(=O)Nc1ccc(CCc3ccccn3)nc1)CC2,CHEMBL224
CHEMBL291949,Cc1cc2c(cc1Cl)N(C(=O)Nc1ccc(OCc3ccncc3)nc1)CC2,CHEMBL224
CHEMBL55597,Cc1cc2c(cc1Cl)N(C(=O)Nc1ccc(OCc3nccn3C)nc1)CC2,CHEMBL224
CHEMBL54707,Cc1cc2c(cc1C(F)(F)F)N(C(=O)Nc1ccc(OCc3cnccn3)nc1)CC2,CHEMBL224
CHEMBL56405,O=C(Nc1ccc(OCc2ccccn2)nc1)N1CCc2ccc(C(F)(F)F)cc21,CHEMBL224
CHEMBL54484,Cc1cc2c(cc1C(F)(F)F)N(C(=O)Nc1ccc(OCc3ncccc3C)nc1)CC2,CHEMBL224
CHEMBL432879,Cc1cc2c(cc1C(F)(F)F)N(C(=O)Nc1ccc(OCc3ccccn3)nn1)CC2,CHEMBL224
CHEMBL171774,NCCc1cn2c3c(cccc13)CCC2,CHEMBL224
CHEMBL355474,CC1CCc2cc(F)cc3c(CCN)cn1c23,CHEMBL224
CHEMBL282693,COc1ccc(NC(=O)c2ccc(-c3ccc(-c4noc(C)n4)cc3C)cc2)cc1NCCN(C)C,CHEMBL224
CHEMBL46566,CC1(CN)c2ccccc2Cc2ccccc21,CHEMBL224
CHEMBL21369,Cc1cc(C(=O)Nc2cccc(N3CCN(C)CC3)c2)ccc1Br,CHEMBL224
CHEMBL20791,Cc1nc(-c2ccc(-c3ccc(C(=O)Nc4ccc5c(c4)N(CCN(C)C)CCO5)cc3)c(C)c2)no1,CHEMBL224
CHEMBL282229,COc1cc2c(cc1OCCN(C)C)N(C(=O)c1ccc(-c3ccc(-c4noc(C)n4)cc3C)cc1)CC2,CHEMBL224
CHEMBL44893,c1ccc2c(c1)Cc1cccc3c1C2CNC3,CHEMBL224
CHEMBL21724,Cc1nc(-c2ccc(-c3ccc(C(=O)Nc4cc5c(c(OCCN(C)C)c4)OCC5)cc3)c(C)c2)no1,CHEMBL224
CHEMBL20771,Cc1cc(C(=O)Nc2ccc(C)c(N3CCN(C)CC3)c2)ccc1Br,CHEMBL224
CHEMBL20963,COc1ccc(NC(=O)c2ccc(-c3ccc(-c4noc(C)n4)cc3C)cc2)cc1OCCN(C)C,CHEMBL224
CHEMBL15928,COc1ccc(NC(=O)c2ccc(-c3ccc(-c4noc(C)n4)cc3C)cc2)cc1N1CCN(C)CC1,CHEMBL224
CHEMBL21790,COc1ccc(NC(=O)c2ccc(-c3ccc(-c4noc(C)n4)cc3C)cc2)cc1CCCN(C)C,CHEMBL224
CHEMBL45207,CC(N)C1c2ccccc2Cc2ccccc21,CHEMBL224
CHEMBL47482,NCC1c2ccccc2Cc2ccccc21,CHEMBL224
CHEMBL44819,NCC1c2ccccc2CCc2ccccc21,CHEMBL224
CHEMBL277467,COc1ccc(NC(=O)c2ccc(Br)c(C)c2)cc1N1CCN(C)CC1,CHEMBL224
CHEMBL451543,CSc1ccc2c(c1)N(C[C@H](C)N)CC2,CHEMBL224
CHEMBL451543,CSc1ccc2c(c1)N(C[C@H](C)N)CC2,CHEMBL224
CHEMBL80862,CCSc1ccc2c(c1)N(C[C@H](C)N)CC2,CHEMBL224
CHEMBL80731,CCSc1cc2c(cc1F)CCN2C[C@H](C)N,CHEMBL224
CHEMBL80731,CCSc1cc2c(cc1F)CCN2C[C@H](C)N,CHEMBL224
CHEMBL47482,NCC1c2ccccc2Cc2ccccc21,CHEMBL224
CHEMBL29433,COc1ccc(NS(=O)(=O)c2sc3ccc(Cl)cc3c2C)cc1N1CCN2CCC[C@H]2C1,CHEMBL224
CHEMBL76301,C[C@H](N)CN1CCc2cc(F)c(I)cc21,CHEMBL224
CHEMBL42024,Cc1cc2c(cc1Cl)N(C(=O)Nc1cccnc1)CC2,CHEMBL224
CHEMBL76781,C[C@H](N)Cn1ccc2cc(F)c(Cl)cc21,CHEMBL224
CHEMBL76781,C[C@H](N)Cn1ccc2cc(F)c(Cl)cc21,CHEMBL224
CHEMBL11,CN(C)CCCN1c2ccccc2CCc2ccccc21,CHEMBL224
CHEMBL39,NCCc1c[nH]c2ccc(O)cc12,CHEMBL224
CHEMBL39,NCCc1c[nH]c2ccc(O)cc12,CHEMBL224
CHEMBL72,CNCCCN1c2ccccc2CCc2ccccc21,CHEMBL224
CHEMBL164471,O=C1c2ccoc2CCC1CCN1CCC(c2noc3cc(F)ccc23)CC1,CHEMBL224
CHEMBL346230,CN(C)CCCC1c2ccccc2Cc2ccccc21,CHEMBL224
CHEMBL80366,C[C@H](N)CN1CCc2cc(F)c(Cl)cc21,CHEMBL224
CHEMBL310734,O=C(CCCN1CCN(CC2CC(=O)c3ccccc3C2)CC1)c1ccc(F)cc1,CHEMBL224
CHEMBL76474,CSc1cc2c(cc1F)CCN2C[C@H](C)N,CHEMBL224
CHEMBL76474,CSc1cc2c(cc1F)CCN2C[C@H](C)N,CHEMBL224
CHEMBL77880,C[C@H](N)CN1CCc2ccc3c(c21)CCO3,CHEMBL224
CHEMBL77880,C[C@H](N)CN1CCc2ccc3c(c21)CCO3,CHEMBL224
CHEMBL158780,NCCCC1c2ccccc2Cc2ccccc21,CHEMBL224
CHEMBL333174,O=C1CC(CN2CCC(c3noc4cc(F)ccc34)CC2)Cc2[nH]c3ccccc3c21,CHEMBL224
CHEMBL80482,C[C@H](N)CN1CCc2ccc3c(c21)CCCO3,CHEMBL224
CHEMBL478,Clc1cccc(N2CCNCC2)c1,CHEMBL224
CHEMBL478,Clc1cccc(N2CCNCC2)c1,CHEMBL224
CHEMBL73307,CNCC1c2ccccc2Cc2ccccc21,CHEMBL224
CHEMBL95098,O=C(CCCN1CCN(CCC2Cc3ccccc3C2=O)CC1)c1ccc(F)cc1,CHEMBL224
CHEMBL14563,Cc1cc2c(cc1Cl)N(C(=O)Nc1ccc(Oc3cccnc3C)nc1)CC2,CHEMBL224
CHEMBL516,CN1CCC(=C2c3ccccc3C=Cc3ccccc32)CC1,CHEMBL224
CHEMBL348302,CNCCCC1c2ccccc2Cc2ccccc21,CHEMBL224
CHEMBL97450,CCCCCCCCCOc1ccc2[nH]cc(CCN)c2c1,CHEMBL224
CHEMBL418319,COc1cc(CCNCc2ccc([N+](=O)[O-])cc2)c(OC)cc1Br,CHEMBL224
CHEMBL418319,COc1cc(CCNCc2ccc([N+](=O)[O-])cc2)c(OC)cc1Br,CHEMBL224
CHEMBL58579,CNCCc1c[nH]c2ccc(OC)cc12,CHEMBL224
CHEMBL58136,COc1cc(CCNCc2ccc(F)cc2)c(OC)cc1Br,CHEMBL224
CHEMBL58136,COc1cc(CCNCc2ccc(F)cc2)c(OC)cc1Br,CHEMBL224
CHEMBL417957,COc1ccc(CNCCc2c[nH]c3ccc(OC)cc23)cc1,CHEMBL224
CHEMBL417957,COc1ccc(CNCCc2c[nH]c3ccc(OC)cc23)cc1,CHEMBL224
CHEMBL58556,COc1cc(CCNCCCc2ccccc2)c(OC)cc1Br,CHEMBL224
CHEMBL58556,COc1cc(CCNCCCc2ccccc2)c(OC)cc1Br,CHEMBL224
CHEMBL292692,COc1cc(CCNCc2ccccc2)c(OC)cc1Br,CHEMBL224
CHEMBL292692,COc1cc(CCNCc2ccccc2)c(OC)cc1Br,CHEMBL224
CHEMBL58273,COc1cc(CCN(C)C)c(OC)cc1Br,CHEMBL224
CHEMBL292921,COc1ccc2[nH]cc(CCN3CCCCC3)c2c1,CHEMBL224
CHEMBL292921,COc1ccc2[nH]cc(CCN3CCCCC3)c2c1,CHEMBL224
CHEMBL293932,COc1ccc2[nH]cc(CCNCc3ccc(Cl)cc3)c2c1,CHEMBL224
CHEMBL292821,COc1cc(CCN)c(OC)cc1Br,CHEMBL224
CHEMBL292821,COc1cc(CCN)c(OC)cc1Br,CHEMBL224
CHEMBL60757,COc1ccc2[nH]cc(CCNCCCc3ccccc3)c2c1,CHEMBL224
CHEMBL60757,COc1ccc2[nH]cc(CCNCCCc3ccccc3)c2c1,CHEMBL224
CHEMBL294490,COc1ccc2[nH]cc(CCNCc3ccc(I)cc3)c2c1,CHEMBL224
CHEMBL58083,COc1ccc2[nH]cc(CCNCc3ccccc3)c2c1,CHEMBL224
CHEMBL58083,COc1ccc2[nH]cc(CCNCc3ccccc3)c2c1,CHEMBL224
CHEMBL57888,CCNCCc1c[nH]c2ccc(OC)cc12,CHEMBL224
CHEMBL294902,COc1cc(CCNCc2ccc(Br)cc2)c(OC)cc1Br,CHEMBL224
CHEMBL294902,COc1cc(CCNCc2ccc(Br)cc2)c(OC)cc1Br,CHEMBL224
CHEMBL61207,COc1cc(CCNCc2ccc(N)cc2)c(OC)cc1Br,CHEMBL224
CHEMBL61207,COc1cc(CCNCc2ccc(N)cc2)c(OC)cc1Br,CHEMBL224
CHEMBL57826,COc1cc(CCNCc2ccc(C)cc2)c(OC)cc1Br,CHEMBL224
CHEMBL57826,COc1cc(CCNCc2ccc(C)cc2)c(OC)cc1Br,CHEMBL224
CHEMBL294151,COc1cc(CCNCc2ccc(Cl)cc2)c(OC)cc1Br,CHEMBL224
CHEMBL294151,COc1cc(CCNCc2ccc(Cl)cc2)c(OC)cc1Br,CHEMBL224
CHEMBL8165,COc1ccc2[nH]cc(CCN)c2c1,CHEMBL224
CHEMBL8165,COc1ccc2[nH]cc(CCN)c2c1,CHEMBL224
CHEMBL57000,CNCCc1cc(OC)c(Br)cc1OC,CHEMBL224
CHEMBL7257,COc1ccc2[nH]cc(CCN(C)C)c2c1,CHEMBL224
CHEMBL60585,COc1ccc(CNCCc2cc(OC)c(Br)cc2OC)cc1,CHEMBL224
CHEMBL60585,COc1ccc(CNCCc2cc(OC)c(Br)cc2OC)cc1,CHEMBL224
CHEMBL293760,COc1ccc2[nH]cc(CCNCc3ccc([N+](=O)[O-])cc3)c2c1,CHEMBL224
CHEMBL57147,CCNCCc1cc(OC)c(Br)cc1OC,CHEMBL224
CHEMBL6607,COc1cc(CC(C)N)c(OC)cc1Br,CHEMBL224
CHEMBL294216,COc1ccc2[nH]cc(CCNCc3ccc(C)cc3)c2c1,CHEMBL224
CHEMBL294216,COc1ccc2[nH]cc(CCNCc3ccc(C)cc3)c2c1,CHEMBL224
CHEMBL58555,COc1cc(CCNCCCCc2ccccc2)c(OC)cc1Br,CHEMBL224
CHEMBL58555,COc1cc(CCNCCCCc2ccccc2)c(OC)cc1Br,CHEMBL224
CHEMBL57939,COc1cc(CCNCc2ccc(I)cc2)c(OC)cc1Br,CHEMBL224
CHEMBL57939,COc1cc(CCNCc2ccc(I)cc2)c(OC)cc1Br,CHEMBL224
CHEMBL58845,COc1ccc2[nH]cc(CCNCc3ccc(N)cc3)c2c1,CHEMBL224
CHEMBL58133,COc1ccc2[nH]cc(CCNCCCCc3ccccc3)c2c1,CHEMBL224
CHEMBL58133,COc1ccc2[nH]cc(CCNCCCCc3ccccc3)c2c1,CHEMBL224
CHEMBL433485,COc1ccc2[nH]cc(CCNCc3ccc(F)cc3)c2c1,CHEMBL224
CHEMBL299044,COc1cc(CCN2CCCCC2)c(OC)cc1Br,CHEMBL224
CHEMBL57427,COc1ccc2[nH]cc(CCNCc3ccc(Br)cc3)c2c1,CHEMBL224
CHEMBL57427,COc1ccc2[nH]cc(CCNCc3ccc(Br)cc3)c2c1,CHEMBL224
CHEMBL96732,CN(C)CC1C[C@H]2c3ccccc3Cc3ccccc3[C@H]2O1,CHEMBL224
CHEMBL327651,CN(C)C[C@@H]1C[C@H]2c3ccccc3Cc3ccccc3[C@@H]2O1,CHEMBL224
CHEMBL444342,Nc1ccccc1C(=O)CCCN1CC[C@@H]2[C@H](C1)c1cccc3c1N2CCCS3,CHEMBL224
CHEMBL310940,CN1CCN(CC2CC3c4ccccc4Cc4ccccc4N3O2)CC1,CHEMBL224
CHEMBL166310,Nc1cc(F)ccc1C(=O)CCCN1CC[C@H]2[C@@H](C1)c1cccc3c1N2CCCS3,CHEMBL224
CHEMBL166366,Nc1ccccc1C(=O)CCCN1CC[C@@H]2[C@H](C1)c1cccc3c1N2CCO3,CHEMBL224
CHEMBL349057,Nc1cc(F)ccc1C(=O)CCCN1CC[C@@H]2[C@H](C1)c1cccc3c1N2CCO3,CHEMBL224
CHEMBL329685,CNCC1C[C@@H]2c3ccccc3Cc3ccccc3[C@H]2O1,CHEMBL224
CHEMBL165723,Nc1ccc(F)cc1C(=O)CCCN1CC[C@H]2[C@@H](C1)c1cccc3c1N2CCCS3,CHEMBL224
CHEMBL163261,Nc1ccccc1C(=O)CCCN1CC[C@@H]2[C@H](C1)c1cccc3c1N2CCCC3,CHEMBL224
CHEMBL164744,O=CNc1cc(F)ccc1C(=O)CCCN1CC[C@H]2[C@@H](C1)c1cccc3c1N2CCCS3,CHEMBL224
CHEMBL316068,CN1CCN(CC2C[C@@H]3c4ccccc4Sc4ccccc4[C@H]3O2)CC1,CHEMBL224
CHEMBL348977,Nc1ccccc1C(=O)CCCN1CC[C@H]2[C@@H](C1)c1cccc3c1N2CCC3,CHEMBL224
CHEMBL352686,Nc1ccccc1C(=O)CCCN1CC[C@@H]2[C@H](C1)c1cccc3c1N2CCC3,CHEMBL224
CHEMBL327306,CN(C)CC1C[C@@H]2c3ccccc3Sc3ccccc3[C@H]2O1,CHEMBL224
CHEMBL165126,Nc1c(F)cccc1C(=O)CCCN1CC[C@H]2[C@@H](C1)c1cccc3c1N2CCCS3,CHEMBL224
CHEMBL352648,O=C(CCCN1CC[C@H]2[C@@H](C1)c1cccc3c1N2CCCS3)c1ccc(F)cc1,CHEMBL224
CHEMBL162102,CS(=O)(=O)Nc1cc(F)ccc1C(=O)CCCN1CC[C@H]2[C@@H](C1)c1cccc3c1N2CCCS3,CHEMBL224
CHEMBL354005,Nc1cc(F)ccc1C(=O)CCCN1CC[C@H]2[C@@H](C1)c1cccc3c1N2CCS3,CHEMBL224
CHEMBL349683,Nc1cc(F)ccc1C(=O)CCCN1CC[C@H]2[C@@H](C1)c1cccc3c1N2CCCC3,CHEMBL224
CHEMBL330713,CN(C)CC1C[C@H]2c3ccccc3Oc3ccccc3[C@H]2O1,CHEMBL224
CHEMBL165780,Nc1cc(F)ccc1C(=O)CCCN1CC[C@H]2[C@@H](C1)c1cccc3c1N2CCO3,CHEMBL224
CHEMBL424384,Nc1cc(Cl)ccc1C(=O)CCCN1CC[C@H]2[C@@H](C1)c1cccc3c1N2CCCS3,CHEMBL224
CHEMBL166310,Nc1cc(F)ccc1C(=O)CCCN1CC[C@H]2[C@@H](C1)c1cccc3c1N2CCCS3,CHEMBL224
CHEMBL79249,c1ccc2c(c1)Cc1ccccc1N1OC(CN3CCOCC3)CC21,CHEMBL224
CHEMBL314968,c1ccc(C2CCN(CC3C[C@@H]4c5ccccc5Sc5ccccc5[C@H]4O3)CC2)cc1,CHEMBL224
CHEMBL349151,Nc1cc(F)ccc1C(=O)CCCN1CC[C@@H]2[C@H](C1)c1cccc3c1N2CCCS3,CHEMBL224
CHEMBL92337,OCCN1CCN(CC2C[C@@H]3c4ccccc4Cc4ccccc4[C@H]3O2)CC1,CHEMBL224
CHEMBL350567,O=C(CCCN1CC[C@H]2[C@@H](C1)c1cccc3c1N2CCCS3)c1ccccc1,CHEMBL224
CHEMBL2112371,CNC[C@@H]1C[C@H]2c3ccccc3Cc3ccccc3[C@@H]2O1,CHEMBL224
CHEMBL83731,NCC1CC2c3ccccc3Cc3ccccc3N2O1,CHEMBL224
CHEMBL328573,CN(C)C[C@@H]1C[C@@H]2c3ccccc3Cc3ccccc3N2O1,CHEMBL224
CHEMBL96158,CN(C)CC1C[C@@H]2c3ccccc3Oc3ccccc3[C@H]2O1,CHEMBL224
CHEMBL329566,CN(C)C[C@H]1C[C@@H]2c3ccccc3Cc3ccccc3[C@H]2O1,CHEMBL224
CHEMBL352194,Nc1ccccc1C(=O)CCCN1CC[C@H]2[C@@H](C1)c1cccc3c1N2CCCC3,CHEMBL224
CHEMBL310183,CN(C)CC1CC2c3ccccc3Oc3ccc(Cl)cc3N2O1,CHEMBL224
CHEMBL81485,CNCC1CC2c3ccccc3Cc3ccccc3N2O1,CHEMBL224
CHEMBL163742,Nc1ccccc1C(=O)CCCN1CC[C@H]2[C@@H](C1)c1cccc3c1N2CCS3,CHEMBL224
CHEMBL351459,Nc1ccccc1C(=O)CCCN1CC[C@@H]2[C@H](C1)c1cccc3c1N2CCS3,CHEMBL224
CHEMBL149024,CC(N)Cc1c2ccoc2c(Br)c2ccoc12,CHEMBL224
CHEMBL163904,Nc1cc(F)ccc1C(=O)CCCN1CC[C@@H]2[C@H](C1)c1cccc3c1N2CCC3,CHEMBL224
CHEMBL83658,CN(C)CC1CC2c3ccccc3Cc3ccccc3N2O1,CHEMBL224
CHEMBL351247,Nc1cc(F)ccc1C(=O)CCCN1CC[C@@H]2[C@H](C1)c1cccc3c1N2CCS3,CHEMBL224
CHEMBL92333,Clc1cccc(N2CCN(CC3C[C@@H]4c5ccccc5Cc5ccccc5[C@H]4O3)CC2)c1,CHEMBL224
CHEMBL164338,CCOC(=O)Nc1cc(F)ccc1C(=O)CCCN1CC[C@H]2[C@@H](C1)c1cccc3c1N2CCCS3,CHEMBL224
CHEMBL313189,CN(C)CCC1CC2c3ccccc3Cc3ccccc3N2O1,CHEMBL224
CHEMBL328356,CN(C)CC1C[C@@H]2c3ccccc3N(C)c3ccccc3[C@H]2O1,CHEMBL224
CHEMBL163895,CCNC(=O)Nc1cc(F)ccc1C(=O)CCCN1CC[C@H]2[C@@H](C1)c1cccc3c1N2CCCS3,CHEMBL224
CHEMBL351708,Nc1ccccc1C(=O)CCCN1CC[C@H]2[C@@H](C1)c1cccc3c1N2CCO3,CHEMBL224
CHEMBL82714,CN(C)CC1(C)CC2c3ccccc3Cc3ccccc3N2O1,CHEMBL224
CHEMBL316438,c1ccc2c(c1)Cc1ccccc1N1OC(CN3CCCC3)CC21,CHEMBL224
CHEMBL6616,COc1cc(CC(C)N)c(OC)cc1I,CHEMBL224
CHEMBL93321,CN(C)CC1C[C@@H]2c3ccccc3OCc3ccccc3[C@H]2O1,CHEMBL224
CHEMBL329268,CN(C)C[C@@H]1C[C@@H]2c3ccccc3Cc3ccccc3[C@H]2O1,CHEMBL224
CHEMBL101008,CC(N)Cc1c2c(c(Br)c3c1OCC3)OCC2,CHEMBL224
CHEMBL165897,Nc1cc(F)ccc1C(=O)CCCN1CC[C@@H]2[C@H](C1)c1cccc3c1N2CCCC3,CHEMBL224
CHEMBL352182,Nc1cc(Br)ccc1C(=O)CCCN1CC[C@H]2[C@@H](C1)c1cccc3c1N2CCCS3,CHEMBL224
CHEMBL168051,CNc1ccccc1C(=O)CCCN1CC[C@H]2[C@@H](C1)c1cccc3c1N2CCCS3,CHEMBL224
CHEMBL351592,Nc1cc(F)ccc1C(=O)CCCN1CC[C@H]2[C@@H](C1)c1cccc3c1N2CCC3,CHEMBL224
CHEMBL6437,CN1CCN2c3ccccc3Cc3ccccc3C2C1,CHEMBL224
CHEMBL164909,Nc1cc(O)ccc1C(=O)CCCN1CC[C@H]2[C@@H](C1)c1cccc3c1N2CCCS3,CHEMBL224
CHEMBL310018,CN(C)CCCC1CC2c3ccccc3Cc3ccccc3N2O1,CHEMBL224
CHEMBL84293,CCN(CC)CC1CC2c3ccccc3Cc3ccccc3N2O1,CHEMBL224
CHEMBL92667,CN(C)CC1C[C@@H]2c3ccccc3Cc3ccccc3[C@H]2O1,CHEMBL224
CHEMBL164185,Nc1ccccc1C(=O)CCCN1CC[C@H]2[C@@H](C1)c1cccc3c1N2CCCS3,CHEMBL224
CHEMBL162768,CC(=O)Nc1cc(F)ccc1C(=O)CCCN1CC[C@H]2[C@@H](C1)c1cccc3c1N2CCCS3,CHEMBL224
CHEMBL164185,Nc1ccccc1C(=O)CCCN1CC[C@H]2[C@@H](C1)c1cccc3c1N2CCCS3,CHEMBL224
CHEMBL516,CN1CCC(=C2c3ccccc3C=Cc3ccccc32)CC1,CHEMBL224
CHEMBL46566,CC1(CN)c2ccccc2Cc2ccccc21,CHEMBL224
CHEMBL11,CN(C)CCCN1c2ccccc2CCc2ccccc21,CHEMBL224
CHEMBL74766,c1ccc2c(c1)Cc1ccccc1C21CCCNC1,CHEMBL224
CHEMBL307956,c1ccc2c(c1)Cc1ccccc1C21CCNC1,CHEMBL224
CHEMBL73307,CNCC1c2ccccc2Cc2ccccc21,CHEMBL224
CHEMBL72611,c1ccc2c(c1)CCc1ccccc1C21CCNC1,CHEMBL224
CHEMBL47482,NCC1c2ccccc2Cc2ccccc21,CHEMBL224
CHEMBL74355,COc1cccc([C@H](O)C2CCN(CCc3ccc(F)cc3)CC2)c1OC,CHEMBL224
CHEMBL150210,Fc1ccc(CCN2CCC3(CCc4ccccc4C3)CC2)c(F)c1,CHEMBL224
CHEMBL149423,Fc1ccc(CCN2CCC3(CCc4cccc(F)c4O3)CC2)c(F)c1,CHEMBL224
CHEMBL423206,Fc1ccc2c(c1)CCC1(CCN(C3CCc4ccccc4C3)CC1)O2,CHEMBL224
CHEMBL150220,N#Cc1ccc(S(=O)(=O)C2CCN(CCc3ccc(F)cc3F)CC2)cc1,CHEMBL224
CHEMBL708,O=C1Cc2cc(CCN3CCN(c4nsc5ccccc45)CC3)c(Cl)cc2N1,CHEMBL224
CHEMBL715,Cc1cc2c(s1)Nc1ccccc1N=C2N1CCN(C)CC1,CHEMBL224
CHEMBL145939,O=S(=O)(c1ccccc1)C1CCN(CCc2ccc(F)cc2F)CC1,CHEMBL224
CHEMBL504699,Fc1ccc2c([C@@H]3CNCC[C@H]3F)c(-c3ccccc3)[nH]c2c1,CHEMBL224
CHEMBL716,OCCOCCN1CCN(C2=Nc3ccccc3Sc3ccccc32)CC1,CHEMBL224
CHEMBL148058,NC(=O)c1ccc(S(=O)(=O)C2CCN(CCc3ccc(F)cc3F)CC2)cc1,CHEMBL224
CHEMBL343411,O=C(CCCN1CCC(S(=O)(=O)c2ccccc2)CC1)c1ccc(F)cc1,CHEMBL224
CHEMBL148103,N#Cc1ccc2c(c1)C(=O)CC1(CCN(CCc3ccc(F)cc3F)CC1)O2,CHEMBL224
CHEMBL147048,N#Cc1cccc(S(=O)(=O)C2CCN(CCc3ccc(F)cc3F)CC2)c1,CHEMBL224
CHEMBL146144,OC1c2ccccc2CCC12CCN(CCc1ccccc1)CC2,CHEMBL224
CHEMBL358075,O=S(=O)(c1ccc(F)cc1)C1CCN(CCc2ccc(F)cc2F)CC1,CHEMBL224
CHEMBL42,CN1CCN(C2=Nc3cc(Cl)ccc3Nc3ccccc32)CC1,CHEMBL224
CHEMBL85,Cc1nc2n(c(=O)c1CCN1CCC(c3noc4cc(F)ccc34)CC1)CCCC2,CHEMBL224
CHEMBL83894,O=S1(=O)c2cccc3cccc(c23)N1CCCN1CCN(c2ccc(F)cc2)CC1,CHEMBL224
CHEMBL122761,O=C1c2ccc(Cl)cc2CCC12CCN(CCc1ccccc1)CC2,CHEMBL224
CHEMBL54,O=C(CCCN1CCC(O)(c2ccc(Cl)cc2)CC1)c1ccc(F)cc1,CHEMBL224
CHEMBL285802,CN(C)CCOC1=Cc2ccccc2Sc2ccc(Cl)cc21,CHEMBL224
CHEMBL146595,O=S1(=O)c2ccccc2CCC12CCN(CCc1ccc(F)cc1F)CC2,CHEMBL224
CHEMBL148565,O=S(=O)(c1ccccc1)C1CCN(CCCc2ccccc2)CC1,CHEMBL224
CHEMBL148348,Fc1ccc(CCN2CCC3(CCc4ccc(F)cc4O3)CC2)c(F)c1,CHEMBL224
CHEMBL149510,OC(CCc1ccccc1)CN1CCC2(CCc3cc(F)ccc3O2)CC1,CHEMBL224
CHEMBL147431,Fc1ccc(CCN2CCC3(CCc4ccccc4O3)CC2)c(F)c1,CHEMBL224
CHEMBL357807,COc1ccc2c(c1)CCC1(CCN(CCCC(=O)c3ccc(F)cc3)CC1)O2,CHEMBL224
CHEMBL146620,O=C(CN1CCC(S(=O)(=O)c2ccccc2)CC1)c1ccc(F)cc1,CHEMBL224
CHEMBL12713,O=C1NCCN1CCN1CCC(c2cn(-c3ccc(F)cc3)c3ccc(Cl)cc23)CC1,CHEMBL224
CHEMBL148418,c1ccc(CCN2CCC3(CCc4ccccc4O3)CC2)cc1,CHEMBL224
CHEMBL146485,NC(=O)c1cccc(S(=O)(=O)C2CCN(CCc3ccc(F)cc3F)CC2)c1,CHEMBL224
CHEMBL149429,O=S(=O)(c1ccc(Cl)cc1)C1CCN(CCc2ccc(F)cc2F)CC1,CHEMBL224
CHEMBL147164,Fc1ccc(CCN2CCC3(CCc4c(F)cccc4O3)CC2)c(F)c1,CHEMBL224
CHEMBL146233,COc1ccc2c(c1)CCC1(CCN(CCc3ccc(F)cc3F)CC1)O2,CHEMBL224
CHEMBL146998,N#Cc1ccccc1S(=O)(=O)C1CCN(CCc2ccc(F)cc2F)CC1,CHEMBL224
CHEMBL148280,O=S(=O)(c1ccccc1)C1CCN(CCc2ccccc2)CC1,CHEMBL224
CHEMBL359270,Fc1ccc(CCN2CCC3(C=Cc4cc(F)ccc4O3)CC2)c(F)c1,CHEMBL224
CHEMBL91205,c1ccc(-c2[nH]c3ccccc3c2CCN2CCCCC2)cc1,CHEMBL224
CHEMBL497877,F[C@@H]1CCNC[C@H]1c1c(-c2ccccc2)[nH]c2ccccc12,CHEMBL224
CHEMBL496852,F[C@@H]1CCNC[C@H]1c1c(-c2ccccc2)[nH]c2ccc(Cl)cc12,CHEMBL224
CHEMBL496687,Fc1ccc2c([C@@H]3CNCC[C@H]3F)c(-c3cccc4ccccc34)[nH]c2c1,CHEMBL224
CHEMBL507898,Fc1ccc2c([C@@H]3CNCC[C@H]3F)c(C3CCCCC3)[nH]c2c1,CHEMBL224
CHEMBL40284,c1ccc(-c2[nH]c3ccccc3c2C2CNCCO2)cc1,CHEMBL224
CHEMBL330482,c1ccc(CCN2C3CCC2CC(N2CCC(c4c(-c5ccccc5)[nH]c5ccccc45)CC2)C3)cc1,CHEMBL224
CHEMBL83658,CN(C)CC1CC2c3ccccc3Cc3ccccc3N2O1,CHEMBL224
CHEMBL295559,c1ccc(-c2[nH]c3ccccc3c2C2CCNCC2)cc1,CHEMBL224
CHEMBL295596,O=C1NCCN1CCN1CCCC(c2c(-c3ccccc3)[nH]c3ccccc23)C1,CHEMBL224
CHEMBL40229,CN1CCN(C)C(c2c(-c3ccccc3)[nH]c3ccccc23)C1,CHEMBL224
CHEMBL523585,F[C@@H]1CCNC[C@H]1c1c(-c2ccccc2)[nH]c2c(Cl)cccc12,CHEMBL224
CHEMBL330482,c1ccc(CCN2C3CCC2CC(N2CCC(c4c(-c5ccccc5)[nH]c5ccccc45)CC2)C3)cc1,CHEMBL224
CHEMBL295559,c1ccc(-c2[nH]c3ccccc3c2C2CCNCC2)cc1,CHEMBL224
CHEMBL2368748,O[C@@H]1CCNC[C@H]1c1c(-c2ccccc2)[nH]c2ccccc12,CHEMBL224
CHEMBL3084807,CN1[C@@H]2CC[C@H]1C[C@H](N1CCC(c3c(-c4ccccc4)[nH]c4ccccc34)CC1)C2,CHEMBL224
CHEMBL2368734,Fc1ccc2c([C@@H]3CNCC[C@H]3F)c(-c3ccoc3)[nH]c2c1,CHEMBL224
CHEMBL497054,Fc1ccc2c([C@@H]3CNCC[C@H]3F)c(-c3ccsc3)[nH]c2c1,CHEMBL224
CHEMBL507727,COC(=O)c1[nH]c2cc(F)ccc2c1[C@@H]1CNCC[C@H]1F,CHEMBL224
CHEMBL296512,Fc1ccc(-c2[nH]c3cc(F)ccc3c2C2CCCNC2)cc1,CHEMBL224
CHEMBL496860,Fc1ccc2c([C@@H]3CNCC[C@H]3F)c(-c3ccc4ccccc4c3)[nH]c2c1,CHEMBL224
CHEMBL3084807,CN1[C@@H]2CC[C@H]1C[C@H](N1CCC(c3c(-c4ccccc4)[nH]c4ccccc34)CC1)C2,CHEMBL224
CHEMBL44310,c1ccc(CCN2CCCC(c3c(-c4ccccc4)[nH]c4ccccc34)C2)cc1,CHEMBL224
CHEMBL498729,Fc1cccc2c([C@@H]3CNCC[C@H]3F)c(-c3ccccc3)[nH]c12,CHEMBL224
CHEMBL315772,CN(C)CC1CC2c3ccccc3Cc3ccc(Cl)cc3N2O1,CHEMBL224
CHEMBL504699,Fc1ccc2c([C@@H]3CNCC[C@H]3F)c(-c3ccccc3)[nH]c2c1,CHEMBL224
CHEMBL2368733,F[C@H]1CCNC[C@@H]1c1c(-c2ccccc2)[nH]c2ccccc12,CHEMBL224
CHEMBL523245,Fc1ccc(-c2[nH]c3cc(F)ccc3c2[C@@H]2CNCC[C@H]2F)cc1,CHEMBL224
CHEMBL319415,CCOc1c(OC)cc(CCN)cc1OC,CHEMBL224
CHEMBL523760,Fc1ccc2c([C@@H]3CNCC[C@H]3F)c(-c3cccnc3)[nH]c2c1,CHEMBL224
CHEMBL2113667,c1ccc(CCN2[C@@H]3CC[C@H]2CC(c2c(-c4ccccc4)[nH]c4ccccc24)C3)cc1,CHEMBL224
CHEMBL2368745,Fc1ccc2c([C@@H]3CNCC[C@H]3F)c[nH]c2c1,CHEMBL224
CHEMBL327169,c1ccc(CN2CCC(c3c(-c4ccccc4)[nH]c4ccccc34)CC2)cc1,CHEMBL224
CHEMBL40584,c1ccc(CCN2CCC(c3c(-c4ccccc4)[nH]c4ccccc34)CC2)cc1,CHEMBL224
CHEMBL497878,Fc1ccc2[nH]c(-c3ccccc3)c([C@@H]3CNCC[C@H]3F)c2c1,CHEMBL224
CHEMBL501295,c1ccc(-c2[nH]c3ccccc3c2C2CC3CCC(C2)N3)cc1,CHEMBL224
CHEMBL43819,CN1CCCC(c2c(-c3ccccc3)[nH]c3ccccc23)C1,CHEMBL224
CHEMBL91667,CN1CCC(c2c(-c3ccccc3)[nH]c3ccccc23)CC1,CHEMBL224
CHEMBL330454,O=C1NCCN1CCN1CCC(c2c(-c3ccccc3)[nH]c3ccccc23)CC1,CHEMBL224
CHEMBL46523,c1ccc(CN2CCCC(c3c(-c4ccccc4)[nH]c4ccccc34)C2)cc1,CHEMBL224
CHEMBL43697,CN1CCCCC1c1c(-c2ccccc2)[nH]c2ccccc12,CHEMBL224
CHEMBL498048,F[C@@H]1CCNC[C@H]1c1c(-c2ccccc2)[nH]c2cc(Cl)ccc12,CHEMBL224
CHEMBL40584,c1ccc(CCN2CCC(c3c(-c4ccccc4)[nH]c4ccccc34)CC2)cc1,CHEMBL224
CHEMBL42557,c1ccc(-c2[nH]c3ccccc3c2C2CCCNC2)cc1,CHEMBL224
CHEMBL497064,O=C(Nc1ccccc1)c1[nH]c2cc(F)ccc2c1[C@@H]1CNCC[C@H]1F,CHEMBL224
CHEMBL9446,O=C1c2ccccc2CCCN1CCN1CCC(N2C(=O)Cc3cc(F)ccc32)CC1,CHEMBL224
CHEMBL9951,O=C1c2ccccc2CCCN1CCN1CCC(n2ccc3cc(F)ccc32)CC1,CHEMBL224
CHEMBL429202,O=C1c2ccccc2CCCN1CCN1CCC(Oc2ccc(Cl)cc2)CC1,CHEMBL224
CHEMBL267062,O=C1c2ccccc2CCCN1CCN1CCC(c2c[nH]c3ccccc23)CC1,CHEMBL224
CHEMBL9952,O=C1c2ccccc2CCCN1CCN1CCC(n2ccc3ccccc32)CC1,CHEMBL224
CHEMBL149564,COc1ccc2[nH]cc(C(C)CN)c2c1,CHEMBL224
CHEMBL9616,O=C(c1ccc(F)cc1)C1CCN(CCN2CCCc3ccccc3C2=O)CC1,CHEMBL224
CHEMBL9770,Cc1ccc(OC2CCN(CCN3CCCc4ccccc4C3=O)CC2)cc1,CHEMBL224
CHEMBL273921,O=C1c2ccccc2CCCN1CCN1CCC(n2c(O)nc3cc(F)ccc32)CC1,CHEMBL224
CHEMBL357702,N[C@H]1C[C@@H]1c1c[nH]c2ccccc12,CHEMBL224
CHEMBL358810,NC1CC1c1c[nH]c2ccccc12,CHEMBL224
CHEMBL148463,CC(CN)c1c[nH]c2ccccc12,CHEMBL224
CHEMBL147656,NC1CC1c1c[nH]c2ccc(F)cc12,CHEMBL224
CHEMBL147434,COc1ccc2[nH]cc(C3CC3N)c2c1,CHEMBL224
CHEMBL358522,N[C@@H]1C[C@H]1c1c[nH]c2ccccc12,CHEMBL224
CHEMBL9564,O=C1c2ccccc2CCCN1CCN1CCC(Oc2ccccc2)CC1,CHEMBL224
CHEMBL275343,O=C(c1ccc(Cl)cc1)C1CCN(CCN2CCCc3ccccc3C2=O)CC1,CHEMBL224
CHEMBL9347,O=C1c2ccccc2CCCN1CCN1CCC(n2nnc3cc(F)ccc32)CC1,CHEMBL224
CHEMBL275475,O=C1c2ccccc2CCCN1CCN1CCC(n2nnc3ccccc32)CC1,CHEMBL224
CHEMBL275258,O=C1c2ccccc2CCCN1CCN1CCC(N2C(=O)Cc3ccccc32)CC1,CHEMBL224
CHEMBL9250,O=C1c2ccccc2CCCN1CCN1CCC(n2c(=O)oc3cc(F)ccc32)CC1,CHEMBL224
CHEMBL148091,COc1cccc2[nH]cc(C3CC3N)c12,CHEMBL224
CHEMBL275451,O=C1c2ccccc2CCCN1CCN1CCC(Oc2ccc(F)cc2)CC1,CHEMBL224
CHEMBL74355,COc1cccc([C@H](O)C2CCN(CCc3ccc(F)cc3)CC2)c1OC,CHEMBL224
CHEMBL91205,c1ccc(-c2[nH]c3ccccc3c2CCN2CCCCC2)cc1,CHEMBL224
CHEMBL18972,OC(c1ccccc1)C1CCN(CCc2ccccc2)CC1,CHEMBL224
CHEMBL716,OCCOCCN1CCN(C2=Nc3ccccc3Sc3ccccc32)CC1,CHEMBL224
CHEMBL19259,O=C(c1ccc(F)cc1)C1CCN(CCCCc2ccccc2)CC1,CHEMBL224
CHEMBL18904,OC(c1ccc(F)cc1)C1CCN(CCCCc2ccccc2)CC1,CHEMBL224
CHEMBL2112882,CC(C)C[C@H]1C(=O)N[C@@H](Cc2ccccc2)[C@]2(O)O[C@@](C)(NC(=O)[C@@H]3C=C4c5cccc6[nH]cc(c56)C[C@H]4N(C)C3)C(=O)N12,CHEMBL224
CHEMBL85,Cc1nc2n(c(=O)c1CCN1CCC(c3noc4cc(F)ccc34)CC1)CCCC2,CHEMBL224
CHEMBL285802,CN(C)CCOC1=Cc2ccccc2Sc2ccc(Cl)cc21,CHEMBL224
CHEMBL135076,C[C@@H](N)Cc1c[nH]c2ccc3c(c12)CCCO3,CHEMBL224
CHEMBL133455,C[C@H](N)Cc1c[nH]c2ccc3c(c12)CCCO3,CHEMBL224
CHEMBL83894,O=S1(=O)c2cccc3cccc(c23)N1CCCN1CCN(c2ccc(F)cc2)CC1,CHEMBL224
CHEMBL133868,CC(N)Cc1c[nH]c2ccc3c(c12)CCCO3,CHEMBL224
CHEMBL263881,CCN(CC)C(=O)[C@@H]1C=C2c3cccc4[nH]cc(c34)C[C@H]2N(C)C1,CHEMBL224
CHEMBL715,Cc1cc2c(s1)Nc1ccccc1N=C2N1CCN(C)CC1,CHEMBL224
CHEMBL74355,COc1cccc([C@H](O)C2CCN(CCc3ccc(F)cc3)CC2)c1OC,CHEMBL224
CHEMBL708,O=C1Cc2cc(CCN3CCN(c4nsc5ccccc45)CC3)c(Cl)cc2N1,CHEMBL224
CHEMBL27173,NCCc1c[nH]c2ccc3c(c12)CCCO3,CHEMBL224
CHEMBL39,NCCc1c[nH]c2ccc(O)cc12,CHEMBL224
CHEMBL19589,O=C(c1ccccc1)C1CCN(CCc2ccccc2)CC1,CHEMBL224
CHEMBL42,CN1CCN(C2=Nc3cc(Cl)ccc3Nc3ccccc32)CC1,CHEMBL224
CHEMBL25800,Cn1cc(CCN)c2c3c(ccc21)OCCC3,CHEMBL224
CHEMBL412876,CN(C)CCc1c[nH]c2ccc3c(c12)CCCO3,CHEMBL224
CHEMBL432713,O=C(/C=C/c1ccc(Cl)c(Cl)c1)NCCCCCN1CCC(c2c[nH]c3ccc(O)cc23)CC1,CHEMBL224
CHEMBL54,O=C(CCCN1CCC(O)(c2ccc(Cl)cc2)CC1)c1ccc(F)cc1,CHEMBL224
CHEMBL155388,COc1cc2c(cc1OC)C(=O)CC(CN1CCC(C(=O)c3ccc(F)cc3)CC1)C2,CHEMBL224
CHEMBL308480,O=C1CC(CN2CCC(C(=O)c3ccc(F)cc3)CC2)Cc2ccccc21,CHEMBL224
CHEMBL155257,COc1cc2c(cc1OC)C(=O)CC(CN1CCC(c3noc4cc(F)ccc34)CC1)C2,CHEMBL224
CHEMBL158402,CN(C)CCSc1cccc(C2CCCCC2)n1,CHEMBL224
CHEMBL158973,CN(C)CCSC(C)(C)C,CHEMBL224
CHEMBL308480,O=C1CC(CN2CCC(C(=O)c3ccc(F)cc3)CC2)Cc2ccccc21,CHEMBL224
CHEMBL101008,CC(N)Cc1c2c(c(Br)c3c1OCC3)OCC2,CHEMBL224
CHEMBL101008,CC(N)Cc1c2c(c(Br)c3c1OCC3)OCC2,CHEMBL224
CHEMBL155257,COc1cc2c(cc1OC)C(=O)CC(CN1CCC(c3noc4cc(F)ccc34)CC1)C2,CHEMBL224
CHEMBL308480,O=C1CC(CN2CCC(C(=O)c3ccc(F)cc3)CC2)Cc2ccccc21,CHEMBL224
CHEMBL421801,COc1ccc2c(c1)CC(CN1CCC(c3noc4cc(F)ccc34)CC1)CC2=O,CHEMBL224
CHEMBL42,CN1CCN(C2=Nc3cc(Cl)ccc3Nc3ccccc32)CC1,CHEMBL224
CHEMBL421801,COc1ccc2c(c1)CC(CN1CCC(c3noc4cc(F)ccc34)CC1)CC2=O,CHEMBL224
CHEMBL367045,CN1CCN(C2=Cn3cccc3Sc3ccccc32)CC1,CHEMBL224
CHEMBL155486,O=C1CC(CN2CCC(c3noc4cc(F)ccc34)CC2)Cc2ccccc21,CHEMBL224
CHEMBL161765,CN(C)CCSc1cccc(-c2ccccc2)n1,CHEMBL224
CHEMBL158285,CN(C)CCSc1cccc(Br)n1,CHEMBL224
CHEMBL155486,O=C1CC(CN2CCC(c3noc4cc(F)ccc34)CC2)Cc2ccccc21,CHEMBL224
CHEMBL54,O=C(CCCN1CCC(O)(c2ccc(Cl)cc2)CC1)c1ccc(F)cc1,CHEMBL224
CHEMBL155388,COc1cc2c(cc1OC)C(=O)CC(CN1CCC(C(=O)c3ccc(F)cc3)CC1)C2,CHEMBL224
CHEMBL42,CN1CCN(C2=Nc3cc(Cl)ccc3Nc3ccccc32)CC1,CHEMBL224
CHEMBL155388,COc1cc2c(cc1OC)C(=O)CC(CN1CCC(C(=O)c3ccc(F)cc3)CC1)C2,CHEMBL224
CHEMBL155486,O=C1CC(CN2CCC(c3noc4cc(F)ccc34)CC2)Cc2ccccc21,CHEMBL224
CHEMBL85,Cc1nc2n(c(=O)c1CCN1CCC(c3noc4cc(F)ccc34)CC1)CCCC2,CHEMBL224
CHEMBL153956,COc1ccc2c(c1)CC(CN1CCC(C(=O)c3ccc(F)cc3)CC1)CC2=O,CHEMBL224
CHEMBL421801,COc1ccc2c(c1)CC(CN1CCC(c3noc4cc(F)ccc34)CC1)CC2=O,CHEMBL224
CHEMBL153956,COc1ccc2c(c1)CC(CN1CCC(C(=O)c3ccc(F)cc3)CC1)CC2=O,CHEMBL224
CHEMBL153956,COc1ccc2c(c1)CC(CN1CCC(C(=O)c3ccc(F)cc3)CC1)CC2=O,CHEMBL224
CHEMBL155257,COc1cc2c(cc1OC)C(=O)CC(CN1CCC(c3noc4cc(F)ccc34)CC1)C2,CHEMBL224
CHEMBL28997,Fc1ccc(N2CCN(Cc3c[nH]c4ncccc34)CC2)cc1,CHEMBL224
CHEMBL282424,Fc1ccccc1N1CCN(Cc2c[nH]c3ncccc23)CC1,CHEMBL224
CHEMBL11425,O=C1CC2(CCCC2)CC(=O)N1CCCCNCC1COc2ccccc2C1,CHEMBL224
CHEMBL416523,COc1cccc2c1CC(CNCCCCN1C(=O)CC3(CCCC3)CC1=O)CO2,CHEMBL224
CHEMBL330303,CCN(C)CCc1c(-c2cc(C(F)(F)F)cc(C(F)(F)F)c2)[nH]c2ccccc12,CHEMBL224
CHEMBL92416,CCN(C)CCc1c(-c2cccs2)[nH]c2ccccc12,CHEMBL224
CHEMBL91447,CN(C)CCc1c(-c2ccccc2)[nH]c2ccccc12,CHEMBL224
CHEMBL91197,CCN(C)CCc1c(-c2ccccc2F)[nH]c2ccccc12,CHEMBL224
CHEMBL90911,CCN(C)CCc1c(-c2cccc(C(F)(F)F)c2)[nH]c2ccccc12,CHEMBL224
CHEMBL91549,CCN(C)CCc1c(-c2ccccc2)[nH]c2ccccc12,CHEMBL224
CHEMBL328459,CCN(C)CCc1c(-c2ccc(F)cc2)[nH]c2ccccc12,CHEMBL224
CHEMBL90837,CCN(C)CCc1c(-c2cccc([N+](=O)[O-])c2)[nH]c2ccccc12,CHEMBL224
CHEMBL90347,c1ccc(-c2[nH]c3ccccc3c2CCN2CCCC2)cc1,CHEMBL224
CHEMBL91542,CCN(C)CCc1c(-c2ccc(C#N)cc2)[nH]c2ccccc12,CHEMBL224
CHEMBL91205,c1ccc(-c2[nH]c3ccccc3c2CCN2CCCCC2)cc1,CHEMBL224
CHEMBL91446,COC[C@@H]1CCCN1CCc1c(-c2ccccc2)[nH]c2ccccc12,CHEMBL224
CHEMBL90739,C[C@H]1CCCCN1CCc1c(-c2ccccc2)[nH]c2ccccc12,CHEMBL224
CHEMBL328257,CCN(CC)CCc1c(-c2ccccc2)[nH]c2ccccc12,CHEMBL224
CHEMBL91463,CCN(C)CCc1c(-c2ccc(Cl)cc2)[nH]c2ccccc12,CHEMBL224
CHEMBL90092,c1ccc(-c2[nH]c3ccccc3c2CCN2CCC2)cc1,CHEMBL224
CHEMBL328595,CCN(C)CCc1c(-c2cccc(F)c2)[nH]c2ccccc12,CHEMBL224
CHEMBL90263,C[C@@H]1CCCCN1CCc1c(-c2ccccc2)[nH]c2ccccc12,CHEMBL224
CHEMBL311726,Clc1ccccc1-c1cccc2c1N1CCNCCC1C2,CHEMBL224
CHEMBL77418,CCOc1ccc(-c2cc(Cl)cc3c2N2CCNCCC2C3)cc1,CHEMBL224
CHEMBL311614,Clc1ccc(Cl)c(-c2cc(Cl)cc3c2N2CCNCCC2C3)c1,CHEMBL224
CHEMBL14255,COc1cc2c(cc1C(F)(F)F)N(C(=O)Nc1cccc(-c3cccnc3)c1)CC2,CHEMBL224
CHEMBL310844,Fc1ccccc1-c1cc(Cl)cc2c1N1CCNCCC1C2,CHEMBL224
CHEMBL312762,CCOc1ccccc1-c1cc(Cl)cc2c1N1CCNCCC1C2,CHEMBL224
CHEMBL14726,COc1cc2c(cc1C(F)(F)F)N(C(=O)Nc1ccc(Oc3cccnc3)nc1)CC2,CHEMBL224
CHEMBL12713,O=C1NCCN1CCN1CCC(c2cn(-c3ccc(F)cc3)c3ccc(Cl)cc23)CC1,CHEMBL224
CHEMBL80603,CCCN1CCc2cc3ccccc3n2CC1,CHEMBL224
CHEMBL310473,O=Cc1c2n(c3ccccc13)CCNCC2,CHEMBL224
CHEMBL310540,Clc1cc2c(c(-c3ccccc3Cl)c1)N1CCNCCC1C2,CHEMBL224
CHEMBL14401,COc1cc2c(cc1C(F)(F)F)N(C(=O)Nc1cncc(-c3ccc(F)cc3)c1)CC2,CHEMBL224
CHEMBL78164,N#Cc1c2n(c3ccccc13)CCNCC2,CHEMBL224
CHEMBL310497,Cc1ccccc1-c1cc(Cl)cc2c1N1CCNCCC1C2,CHEMBL224
CHEMBL14863,COc1cc2c(cc1C(F)(F)F)N(C(=O)Nc1cncc(-c3ccncc3)c1)CC2,CHEMBL224
CHEMBL274066,COc1cc2c(cc1C(F)(F)F)N(C(=O)Nc1cccc(-c3c(C)ccnc3C)c1)CC2,CHEMBL224
CHEMBL308958,CCN1CCc2cc3ccccc3n2CC1,CHEMBL224
CHEMBL77701,FC(F)(F)c1ccccc1-c1cccc2c1N1CCNCCC1C2,CHEMBL224
CHEMBL14841,CSc1cc2c(cc1C(F)(F)F)N(C(=O)Nc1cccc(-c3ccncc3)c1)CC2,CHEMBL224
CHEMBL6557,Cn1c2c(c3ccccc31)CCNCC2,CHEMBL224
CHEMBL310090,O=C(c1c2n(c3ccccc13)CCNCC2)C(F)(F)F,CHEMBL224
CHEMBL77701,FC(F)(F)c1ccccc1-c1cccc2c1N1CCNCCC1C2,CHEMBL224
CHEMBL13147,CN(C)CCc1c[nH]c2ccsc12,CHEMBL224
CHEMBL312742,Cc1c2n(c3ccccc13)CCNCC2,CHEMBL224
CHEMBL79153,NC(=O)C(=O)c1c2n(c3ccccc13)CCNCC2,CHEMBL224
CHEMBL416896,CCc1cc(NC(=O)N2CCc3cc(OC)c(C(F)(F)F)cc32)cc(-c2cccnc2)c1,CHEMBL224
CHEMBL76494,c1cc2c3c(c1)c1c(n3CCO2)CCNCC1,CHEMBL224
CHEMBL312222,NC(=O)c1c2n(c3ccccc13)CCNCC2,CHEMBL224
CHEMBL75738,CCOc1cccc(-c2cc(Cl)cc3c2N2CCNCCC2C3)c1,CHEMBL224
CHEMBL79834,O=C1NCN(c2ccccc2)C12CCN(CCCOc1ccc(F)cc1)CC2,CHEMBL224
CHEMBL14563,Cc1cc2c(cc1Cl)N(C(=O)Nc1ccc(Oc3cccnc3C)nc1)CC2,CHEMBL224
CHEMBL76153,CCOc1ccccc1-c1cc(Cl)cc2cc3n(c12)CCNCC3,CHEMBL224
CHEMBL273345,COc1cc2c(cc1C(F)(F)F)N(C(=O)Nc1cccc(-c3cnccc3C)c1)CC2,CHEMBL224
CHEMBL77234,Clc1c2n(c3ccccc13)CCNCC2,CHEMBL224
CHEMBL428879,CSc1cc2c(cc1C(F)(F)F)N(C(=O)Nc1cccc(-c3cccnc3)c1)CC2,CHEMBL224
CHEMBL312179,CN1CCc2cc3ccccc3n2CC1,CHEMBL224
CHEMBL80706,Fc1ccc(-c2cc(Cl)cc3c2N2CCNCCC2C3)cc1,CHEMBL224
CHEMBL310620,c1ccc2c3c([nH]c2c1)CCNCC3,CHEMBL224
CHEMBL14460,Cc1cc2c(cc1C(F)(F)F)N(C(=O)Nc1ccc(Oc3cccnc3C)nc1)CC2,CHEMBL224
CHEMBL12420,CN(C)CCc1c[nH]c2ccccc12,CHEMBL224
CHEMBL14458,COc1cc2c(cc1C(F)(F)F)N(C(=O)Nc1cccc(-c3cccnc3)c1Cl)CC2,CHEMBL224
CHEMBL312762,CCOc1ccccc1-c1cc(Cl)cc2c1N1CCNCCC1C2,CHEMBL224
CHEMBL80093,CC(C)NC(=O)N(C1CCCCCCC1)C1CCN(CCCOc2ccc(F)cc2)CC1,CHEMBL224
CHEMBL14345,COc1cc2c(cc1C(F)(F)F)N(C(=O)Nc1cncc(-c3cccnc3)c1)CC2,CHEMBL224
CHEMBL13086,CN(C)CCc1c[nH]c2sccc12,CHEMBL224
CHEMBL14864,COc1cc2c(cc1C(F)(F)F)N(C(=O)Nc1cncc(-c3cnccc3C)c1)CC2,CHEMBL224
CHEMBL312258,c1ccc2c(c1)cc1n2CCNCC1,CHEMBL224
CHEMBL81377,CCC(=O)N(C1CCCCCCC1)C1CCN(CCCOc2ccc(F)cc2)CC1,CHEMBL224
CHEMBL81377,CCC(=O)N(C1CCCCCCC1)C1CCN(CCCOc2ccc(F)cc2)CC1,CHEMBL224
CHEMBL14276,COc1cc2c(cc1C(F)(F)F)N(C(=O)Nc1cc(F)cc(-c3cccnc3)c1)CC2,CHEMBL224
CHEMBL76645,Cc1ccccc1-c1cccc2c1N1CCNCCC1C2,CHEMBL224
CHEMBL276571,COc1ccc(NC(=O)N2CCc3cc(OC)c(C(F)(F)F)cc32)cc1-c1cccnc1,CHEMBL224
CHEMBL76645,Cc1ccccc1-c1cccc2c1N1CCNCCC1C2,CHEMBL224
CHEMBL417082,COc1cc2c(cc1C(F)(F)F)N(C(=O)Nc1cc3c(c(-c4cccnc4)c1)OCC3)CC2,CHEMBL224
CHEMBL75065,OC(c1ccc(F)cc1)C1CCN(CCc2cccc(I)c2)CC1,CHEMBL224
CHEMBL76009,O=C(c1ccc(F)cc1)C1CCN(Cc2ccccc2I)CC1,CHEMBL224
CHEMBL43929,O=C(Nc1cccnc1)N1CCc2cc(I)c(Cl)cc21,CHEMBL224
CHEMBL71838,CNC(=O)c1ccc2c(c1)CCO[C@H]2CCN1CCN(c2ccc(OC)cc2)CC1,CHEMBL224
CHEMBL40816,CN(C)CCn1ccc2cc(F)c(F)cc21,CHEMBL224
CHEMBL73979,O=C(c1ccc(F)cc1)C1CCN(CCc2ccc(I)cc2)CC1,CHEMBL224
CHEMBL420010,OC(c1ccc(F)cc1)C1CCN(CCc2ccc(F)cc2)CC1,CHEMBL224
CHEMBL296189,O=C(Nc1cccnc1)N1CCc2cc(Cl)c(C(F)(F)F)cc21,CHEMBL224
CHEMBL292228,Cc1cc2c(cc1Cl)CCN2C(=O)Nc1ccc(Oc2cccnc2C)nc1,CHEMBL224
CHEMBL59584,Cc1cc2c(cc1Br)N(C(=O)Nc1ccc(Oc3cccnc3C)nc1)CC2,CHEMBL224
CHEMBL294030,Cc1cc2c(cc1Cl)N(C(=O)Nc1ccc(Oc3cccnc3Cl)nc1)CC2,CHEMBL224
CHEMBL77855,OC(c1ccc(F)cc1)C1CCN(CCc2ccccc2I)CC1,CHEMBL224
CHEMBL443258,Clc1ccc2c(c1)cc1n2CCNC1,CHEMBL224
CHEMBL296090,Cc1cc2c(cc1I)N(C(=O)Nc1cccnc1)CC2,CHEMBL224
CHEMBL39417,COc1cccc2cc3n(c12)CCNC3,CHEMBL224
CHEMBL55079,Cc1ncccc1Oc1ccc(NC(=O)N2CCc3c2cc(Cl)c(C)c3Cl)cn1,CHEMBL224
CHEMBL74317,O=[N+]([O-])c1ccc(C(O)C2CCN(CCc3ccccc3)CC2)cc1,CHEMBL224
CHEMBL74355,COc1cccc([C@H](O)C2CCN(CCc3ccc(F)cc3)CC2)c1OC,CHEMBL224
CHEMBL75723,O=C(c1ccc([N+](=O)[O-])cc1)C1CCN(CCc2ccccc2)CC1,CHEMBL224
CHEMBL417713,CSc1c(Cl)cc2c(c1Cl)CCN2C(=O)Nc1cccnc1,CHEMBL224
CHEMBL289061,COc1c2n(c3ccc(Cl)cc13)CCNC2,CHEMBL224
CHEMBL289061,COc1c2n(c3ccc(Cl)cc13)CCNC2,CHEMBL224
CHEMBL299726,Cc1ncccc1Oc1ccc(NC(=O)N2CCc3ccc(Cl)cc32)cn1,CHEMBL224
CHEMBL113956,CCOc1ccc(CCNC(=O)N2CCN(CCCC(c3ccc(F)cc3)c3ccc(F)cc3)CC2)cc1,CHEMBL224
CHEMBL39347,CC(N)Cn1ccc2ccc3ccccc3c21,CHEMBL224
CHEMBL14563,Cc1cc2c(cc1Cl)N(C(=O)Nc1ccc(Oc3cccnc3C)nc1)CC2,CHEMBL224
CHEMBL301784,Cc1ncccc1Oc1ccc(NC(=O)N2CCc3cc(Cl)c(Cl)cc32)cn1,CHEMBL224
CHEMBL74887,O=C(c1ccc(F)cc1)C1CCN(Cc2cccc(I)c2)CC1,CHEMBL224
CHEMBL299938,Cc1cc2c(cc1C(F)(F)F)N(C(=O)Nc1ccc(Oc3cncnc3C)nc1)CC2,CHEMBL224
CHEMBL55964,Cc1cc2c(cc1Cl)N(C(=O)Nc1cnc(Oc3cccnc3C)c(C)c1)CC2,CHEMBL224
CHEMBL297043,O=C(Nc1cccnc1)N1CCc2cc(Cl)c(Cl)cc21,CHEMBL224
CHEMBL71635,COc1ccc(N2CCN(CC[C@@H]3OCCc4cc(C(N)=O)ccc43)CC2)cc1,CHEMBL224
CHEMBL290779,Clc1ccc2cc3n(c2c1)CCNC3,CHEMBL224
CHEMBL290779,Clc1ccc2cc3n(c2c1)CCNC3,CHEMBL224
CHEMBL62919,O=C(c1ccc(F)cc1)C1CCN(CCn2c(=S)[nH]c3ccccc3c2=O)CC1,CHEMBL224
CHEMBL42681,Cc1c(Cl)cc2c(c1Cl)CCN2C(=O)Nc1cccnc1,CHEMBL224
CHEMBL74756,O=C(c1ccc(F)cc1)C1CCN(CCc2ccccc2I)CC1,CHEMBL224
CHEMBL42024,Cc1cc2c(cc1Cl)N(C(=O)Nc1cccnc1)CC2,CHEMBL224
CHEMBL78218,O=C(c1ccc(F)cc1)C1CCN(CCc2ccc(F)cc2)CC1,CHEMBL224
CHEMBL71907,COc1ccc(N2CCN(CC[C@H]3OCCc4cc(C(N)=O)ccc43)CC2)cc1,CHEMBL224
CHEMBL14460,Cc1cc2c(cc1C(F)(F)F)N(C(=O)Nc1ccc(Oc3cccnc3C)nc1)CC2,CHEMBL224
CHEMBL55331,Cc1cc2c(cc1Cl)N(C(=O)Nc1ccc(Oc3cnccc3C)nc1)CC2,CHEMBL224
CHEMBL56508,Cc1cc2c(cc1C(F)(F)F)N(C(=O)Nc1cnc(Oc3cccnc3C)c(Cl)c1)CC2,CHEMBL224
CHEMBL69385,COc1ccc(N2CCN(CCC3OCCc4cc(C(N)=O)ccc43)CC2)cc1,CHEMBL224
CHEMBL40726,C[C@H](N)Cn1ccc2cc(F)c(F)cc21,CHEMBL224
CHEMBL40726,C[C@H](N)Cn1ccc2cc(F)c(F)cc21,CHEMBL224
CHEMBL76940,O=C(c1ccc(F)cc1)C1CCN(Cc2ccc(I)cc2)CC1,CHEMBL224
CHEMBL42463,Cc1ccc2c(c1Br)CCN2C(=O)Nc1cccnc1,CHEMBL224
CHEMBL43916,Cc1cc2c(cc1Br)N(C(=O)Nc1cccnc1)CC2,CHEMBL224
CHEMBL71724,COc1ccc(N2CCN(CCC3OCCc4ccccc43)CC2)cc1,CHEMBL224
CHEMBL301012,Cc1cc2c(cc1Cl)N(C(=O)Nc1cnc(Oc3cccnc3C)c(Cl)c1)CC2,CHEMBL224
CHEMBL306478,O=C(c1ccc(F)cc1)C1CCN(CCc2cccc(I)c2)CC1,CHEMBL224
CHEMBL55792,CCc1ncccc1Oc1ccc(NC(=O)N2CCc3cc(C)c(Cl)cc32)cn1,CHEMBL224
CHEMBL55472,CCCc1ncccc1Oc1ccc(NC(=O)N2CCc3cc(C)c(Cl)cc32)cn1,CHEMBL224
CHEMBL415072,OC(c1ccc(F)cc1)C1CCN(CCc2ccc(I)cc2)CC1,CHEMBL224
CHEMBL40815,CC(N)Cc1c[nH]c2ccc3ccccc3c12,CHEMBL224
CHEMBL291510,Cc1ncccc1Oc1ccc(NC(=O)N2CCc3ccc(C(F)(F)F)cc32)cn1,CHEMBL224
CHEMBL445106,COc1cc(Br)c2c3c1C[C@H](N)C[C@@H]3CO2,CHEMBL224
CHEMBL445106,COc1cc(Br)c2c3c1C[C@H](N)C[C@@H]3CO2,CHEMBL224
CHEMBL53152,Cc1ncccc1Oc1ccc(NC(=O)N2CCc3cc(Br)c(C(F)(F)F)cc32)cn1,CHEMBL224
CHEMBL54560,CSc1cc2c(cc1C(F)(F)F)N(C(=O)Nc1ccc(Oc3cccnc3C)nc1)CC2,CHEMBL224
CHEMBL55207,Cc1cc2c(cc1Cl)N(C(=O)Nc1ccc(Oc3cnccc3Cl)nc1)CC2,CHEMBL224
CHEMBL305275,C[C@@H](N)Cc1c2c(c(Br)c3c1OCC3)OCC2,CHEMBL224
CHEMBL305275,C[C@@H](N)Cc1c2c(c(Br)c3c1OCC3)OCC2,CHEMBL224
CHEMBL12314,CN1C[C@@H](NS(=O)(=O)N(C)C)C[C@@H]2c3cccc4c3c(cn4C)C[C@H]21,CHEMBL224
CHEMBL93862,COc1ccc(-c2ccccc2)cc1C(=O)CCCCN1CCC2(CC1)NC(=O)NC2=O,CHEMBL224
CHEMBL310656,COc1ccc(OC)c(C(=O)CCCCN2CCC3(CC2)NC(=O)NC3=O)c1,CHEMBL224
CHEMBL66227,Fc1ccc(OC[C@@H]2CC[C@H]3CN(c4ncc(F)cn4)CCN3C2)cc1,CHEMBL224
CHEMBL90346,COc1ccc(Cl)cc1C(=O)CCCCN1CCC2(CC1)NC(=O)NC2=O,CHEMBL224
CHEMBL90470,COc1cc(Cl)ccc1C(=O)CCCCN1CCC2(CC1)NC(=O)NC2=O,CHEMBL224
CHEMBL267930,O=C(CCCN1CCC2(CC1)C(=O)NCN2c1ccccc1)c1ccc(F)cc1,CHEMBL224
CHEMBL91221,COc1cc(Cl)c(Cl)cc1C(=O)CCCCN1CCC2(CC1)NC(=O)NC2=O,CHEMBL224
CHEMBL440513,CCOc1ccccc1Cc1c(N)nc(SCCN2CCN(Cc3cccc(C(F)(F)F)c3)CC2)nc1N,CHEMBL224
CHEMBL104308,Nc1nc(SCCN2CCN(Cc3ccccc3Cl)CC2)nc(N)c1Cc1ccccc1O,CHEMBL224
CHEMBL105372,COc1ccc(Cc2c(N)nc(SCCN3CCN(Cc4ccccc4C)CC3)nc2N)cc1,CHEMBL224
CHEMBL321785,CC(C)Oc1ccccc1Cc1c(N)nc(SCCN2CCN(Cc3cccc(C(F)(F)F)c3)CC2)nc1N,CHEMBL224
CHEMBL104636,Nc1nc(SCCN2CCN(Cc3ccccc3Cl)CC2)nc(N)c1Cc1ccccc1,CHEMBL224
CHEMBL324892,COc1ccc(Cc2c(N)nc(SCCN3CCN(Cc4ccccc4Cl)CC3)nc2N)cc1,CHEMBL224
CHEMBL106176,Nc1nc(SCCN2CCN(Cc3ccccc3Cl)CC2)nc(N)c1Cc1ccccc1Cl,CHEMBL224
CHEMBL107847,COc1ccccc1Cc1c(N)nc(SCCN2CCN(Cc3cccc(C(F)(F)F)c3)CC2)nc1N,CHEMBL224
CHEMBL106911,Nc1nc(SCCN2CCN(Cc3ccccc3C(F)(F)F)CC2)nc(N)c1Cc1ccccc1,CHEMBL224
CHEMBL104709,COc1cc(Cc2c(N)nc(SCCN3CCN(Cc4ccccc4Cl)CC3)nc2N)cc(OC)c1OC,CHEMBL224
CHEMBL107860,COc1cccc(Cc2c(N)nc(SCCN3CCN(Cc4cccc(C(F)(F)F)c4)CC3)nc2N)c1,CHEMBL224
CHEMBL107912,Nc1nc(SCCN2CCN(Cc3cccc(C(F)(F)F)c3)CC2)nc(N)c1Cc1ccccc1O,CHEMBL224
CHEMBL106794,COc1ccccc1Cc1c(N)nc(SCCN2CCN(Cc3ccccc3C(F)(F)F)CC2)nc1N,CHEMBL224
CHEMBL104903,COc1ccc(Cc2c(N)nc(SCCN3CCN(Cc4ccc(C)cc4)CC3)nc2N)cc1,CHEMBL224
CHEMBL94272,CC(N)Cn1ccc2c1-c1cc(F)ccc1C2(C)C,CHEMBL224
CHEMBL93154,CC(N)Cn1ccc2c1-c1cc(F)ccc1C2,CHEMBL224
CHEMBL3350300,COc1ccc2c(c1)-c1c(ccn1C[C@@H](C)N)C2,CHEMBL224
CHEMBL315834,CN(C)CC1CC2c3ccccc3Cc3c(F)cccc3N2O1,CHEMBL224
CHEMBL314019,CC1(C)Cc2c(c3cccc4c3n2CCNC4)C(C)(C)C1,CHEMBL224
CHEMBL313604,CN(C)CC1CC2c3ccccc3Cc3cccc(Cl)c3N2O1,CHEMBL224
CHEMBL84931,CN(C)CC1CC2c3ccccc3Cc3ccc(F)cc3N2O1,CHEMBL224
CHEMBL315772,CN(C)CC1CC2c3ccccc3Cc3ccc(Cl)cc3N2O1,CHEMBL224
CHEMBL314107,CN(C)CC1CC2c3cc(F)ccc3Cc3ccc(F)cc3N2O1,CHEMBL224
CHEMBL2115252,C[C@@H](N)Cn1ccc2cc(F)c(F)cc21,CHEMBL224
CHEMBL314795,Cc1cccc2c1C1CC(CN(C)C)ON1c1ccccc1C2,CHEMBL224
CHEMBL96816,CC(N)Cc1c[nH]c2ccc(F)cc12,CHEMBL224
CHEMBL313856,CC(N)Cn1ccc2cc(Cl)c(F)cc21,CHEMBL224
CHEMBL2114265,COc1ccc2c(c1)-c1c(ccn1C[C@H](C)N)C2,CHEMBL224
CHEMBL83658,CN(C)CC1CC2c3ccccc3Cc3ccccc3N2O1,CHEMBL224
CHEMBL82635,Cc1cccc2c1Cc1ccccc1C1CC(CN(C)C)ON21,CHEMBL224
CHEMBL84081,CN(C)CC1CC2c3ccccc3Cc3cc(F)ccc3N2O1,CHEMBL224
CHEMBL85735,Cc1ccc2c(c1)N1OC(CN(C)C)CC1c1ccccc1C2,CHEMBL224
CHEMBL315308,CN(C)CC1CC2c3ccccc3Cc3ccc(-c4ccccc4)cc3N2O1,CHEMBL224
CHEMBL317677,Cc1cccc2c1ccn2CC(C)N,CHEMBL224
CHEMBL2114266,C[C@H](N)Cn1ccc2c(Cl)c(F)ccc21,CHEMBL224
CHEMBL89738,c1cc2c3c(c1)c1c(n3CCNC2)CCCCCC1,CHEMBL224
CHEMBL95104,O=S(=O)(c1ccc2cc[nH]c2c1)N1CCC[C@@H]1CCN1CCC(Oc2ccc(Cl)cc2)CC1,CHEMBL224
CHEMBL328844,CC(N)Cn1ccc2cc(Cl)ccc21,CHEMBL224
CHEMBL40726,C[C@H](N)Cn1ccc2cc(F)c(F)cc21,CHEMBL224
CHEMBL315044,COc1ccc2c(c1)C1CC(CN(C)C)ON1c1ccccc1C2,CHEMBL224
CHEMBL574985,C[C@@H](N)Cn1ccc2cc(F)c(Cl)cc21,CHEMBL224
CHEMBL318639,COc1ccc2c(c1)-c1c(ccn1CC(C)N)C2(C)C,CHEMBL224
CHEMBL85155,Cc1ccc2c(c1)Cc1ccccc1N1OC(CN(C)C)CC21,CHEMBL224
CHEMBL82966,CN(C)CC1CC2c3cccc(F)c3Cc3ccccc3N2O1,CHEMBL224
CHEMBL91855,CC(N)Cn1ccc2c1-c1cc(Cl)ccc1C2,CHEMBL224
CHEMBL84810,CN(C)CC1CC2c3c(cccc3C(F)(F)F)Cc3ccccc3N2O1,CHEMBL224
CHEMBL6437,CN1CCN2c3ccccc3Cc3ccccc3C2C1,CHEMBL224
CHEMBL92565,CC(N)Cn1ccc2c(F)cccc21,CHEMBL224
CHEMBL96883,CC(N)Cn1ccc2cc(F)ccc21,CHEMBL224
CHEMBL92656,CC(N)Cn1ccc2ccc(F)cc21,CHEMBL224
CHEMBL276673,CC(N)Cn1ccc2cc(Br)ccc21,CHEMBL224
CHEMBL76781,C[C@H](N)Cn1ccc2cc(F)c(Cl)cc21,CHEMBL224
CHEMBL314885,CN(C)CC1CC2c3cc(F)ccc3Cc3ccccc3N2O1,CHEMBL224
CHEMBL414163,COc1ccc2c(c1)-c1c(ccn1CC(C)N)C2,CHEMBL224
CHEMBL328761,Cc1ccc2c(c1)-c1c(ccn1CC(C)N)C2(C)C,CHEMBL224
CHEMBL314832,c1cc2c3c(c1)c1c(n3CCNC2)CCCCC1,CHEMBL224
CHEMBL320145,CC(N)Cn1ccc2c1-c1cc(Br)ccc1C2,CHEMBL224
CHEMBL2115254,C[C@@H](N)Cn1ccc2c(Cl)c(F)ccc21,CHEMBL224
CHEMBL96312,Cc1ccc2c(c1)-c1c(ccn1CC(C)N)C2,CHEMBL224
CHEMBL715,Cc1cc2c(s1)Nc1ccccc1N=C2N1CCN(C)CC1,CHEMBL224
CHEMBL715,Cc1cc2c(s1)Nc1ccccc1N=C2N1CCN(C)CC1,CHEMBL224
CHEMBL131482,CC1SC2(CCCC2)C(=O)N1CCCCN1CCN(c2csc3cc(F)ccc23)CC1,CHEMBL224
CHEMBL131482,CC1SC2(CCCC2)C(=O)N1CCCCN1CCN(c2csc3cc(F)ccc23)CC1,CHEMBL224
CHEMBL89934,CC1SC(C)(C)C(=O)N1CCCCN1CCN(c2csc3cc(F)ccc23)CC1,CHEMBL224
CHEMBL89934,CC1SC(C)(C)C(=O)N1CCCCN1CCN(c2csc3cc(F)ccc23)CC1,CHEMBL224
CHEMBL42,CN1CCN(C2=Nc3cc(Cl)ccc3Nc3ccccc32)CC1,CHEMBL224
CHEMBL42,CN1CCN(C2=Nc3cc(Cl)ccc3Nc3ccccc32)CC1,CHEMBL224
CHEMBL54,O=C(CCCN1CCC(O)(c2ccc(Cl)cc2)CC1)c1ccc(F)cc1,CHEMBL224
CHEMBL54,O=C(CCCN1CCC(O)(c2ccc(Cl)cc2)CC1)c1ccc(F)cc1,CHEMBL224
CHEMBL43677,N#Cc1cccc(NC(=O)NCCCN2CCC(Cc3ccc(F)cc3)CC2)c1,CHEMBL224
CHEMBL295832,CC(=O)c1cccc(NC(=O)NCCCN2CCC(Cc3ccc(F)cc3)CC2)c1,CHEMBL224
CHEMBL42507,N#Cc1cccc(NC(=O)NCCCN2CCC(Cc3ccc(F)cc3)C2)c1,CHEMBL224
CHEMBL42388,COc1cccc(NC(=O)NCCCN2CCC(Cc3ccc(F)cc3)CC2)c1,CHEMBL224
CHEMBL175586,O=S(=O)(c1ccccc1)C1(F)CCN(CCc2ccc(F)cc2F)CC1,CHEMBL224
CHEMBL175832,O=S(=O)(c1ccc(F)cc1)C1(F)CCN(CCc2ccc(F)cc2F)CC1,CHEMBL224
CHEMBL145939,O=S(=O)(c1ccccc1)C1CCN(CCc2ccc(F)cc2F)CC1,CHEMBL224
CHEMBL358075,O=S(=O)(c1ccc(F)cc1)C1CCN(CCc2ccc(F)cc2F)CC1,CHEMBL224
CHEMBL368816,N#Cc1ccc(S(=O)(=O)C2(F)CCN(CCc3ccc(F)cc3F)CC2)cc1,CHEMBL224
CHEMBL177807,O=C(CN1CCC(S(=O)(=O)c2ccccc2)CC1)c1ccc(F)cc1F,CHEMBL224
CHEMBL178055,O=S(=O)(c1ccc(-n2cccn2)cc1)C1(F)CCN(CCc2ccc(F)cc2F)CC1,CHEMBL224
CHEMBL174049,O=S(=O)(c1ccc(-n2ccnn2)cc1)C1(F)CCN(CCc2ccc(F)cc2F)CC1,CHEMBL224
CHEMBL177401,O=S(=O)(c1cccc(F)c1)C1(F)CCN(CCc2ccc(F)cc2F)CC1,CHEMBL224
CHEMBL175544,O=S(=O)(c1ccc(Cl)cc1)C1(F)CCN(CCc2ccc(F)cc2F)CC1,CHEMBL224
CHEMBL176109,O=S(=O)(c1ccc(N2CCC2)cc1)C1(F)CCN(CCc2ccc(F)cc2F)CC1,CHEMBL224
CHEMBL177416,O=S(=O)(c1ccccc1F)C1(F)CCN(CCc2ccc(F)cc2F)CC1,CHEMBL224
CHEMBL179775,CN1CCN(C2=Cc3ccccc3Cn3cccc32)CC1,CHEMBL224
CHEMBL362285,CCN1CCN(c2cc(-c3ccc(F)cc3)c3c(n2)CCC[C@H](O)CC3)CC1,CHEMBL224
CHEMBL181469,CCN1CCN(c2cc(-c3ccc(F)cc3)c3c(n2)CCC[C@@H](O)CC3)CC1,CHEMBL224
CHEMBL179649,CCN1CCN(c2cc(-c3ccc(F)cc3)c3c(n2)CC[C@@H](O)CCC3)CC1,CHEMBL224
CHEMBL360457,CCN1CCN(c2cc(-c3ccc(F)cc3)c3c(n2)CC[C@H](O)CCC3)CC1,CHEMBL224
CHEMBL178803,CCN1CCN(c2cc(-c3ccc(F)cc3)c3c(n2)CCCCCC3)CC1,CHEMBL224
CHEMBL179337,CC1CNCCc2c(Cl)cc(Cl)cc21,CHEMBL224
CHEMBL74355,COc1cccc([C@H](O)C2CCN(CCc3ccc(F)cc3)CC2)c1OC,CHEMBL224
CHEMBL178366,CC1CNCCc2cc(Cl)c(Cl)cc21,CHEMBL224
CHEMBL178231,CC1CNCCc2ccc(Cl)c(Cl)c21,CHEMBL224
CHEMBL360492,CC1CNCCc2cc(F)c(Cl)cc21,CHEMBL224
CHEMBL180668,Clc1ccc2c(c1)CCNCC2,CHEMBL224
CHEMBL360328,C[C@H]1CNCCc2ccc(Cl)cc21,CHEMBL224
CHEMBL178365,C[C@@H]1CNCCc2ccc(Cl)cc21,CHEMBL224
CHEMBL181076,C[C@@H]1CNCCc2ccc(Cl)c(Cl)c21,CHEMBL224
CHEMBL180815,COc1cc2c(cc1Br)C(C)CNCC2,CHEMBL224
CHEMBL181787,COc1cc2c(cc1Cl)C(C)CNCC2,CHEMBL224
CHEMBL179378,COc1cc2c(cc1I)C(C)CNCC2,CHEMBL224
CHEMBL179915,COc1cc2c(cc1C(F)(F)F)C(C)CNCC2,CHEMBL224
CHEMBL178313,CC1CNCCc2cc(O)c(Br)cc21,CHEMBL224
CHEMBL360968,CCOc1cc2c(cc1Br)C(C)CNCC2,CHEMBL224
CHEMBL415029,CC(C)Oc1cc2c(cc1Br)C(C)CNCC2,CHEMBL224
CHEMBL179244,CC1CNCCc2cc(OCc3ccccc3)c(Br)cc21,CHEMBL224
CHEMBL180166,COc1cc2c(cc1Br)CCNCC2,CHEMBL224
CHEMBL426235,CCC1CNCCc2cc(OC)c(Br)cc21,CHEMBL224
CHEMBL180867,COc1cc2c(cc1Br)[C@@H](C)CNCC2,CHEMBL224
CHEMBL182184,COc1cc2c(cc1Br)[C@H](C)CNCC2,CHEMBL224
CHEMBL181172,CC1CNCCc2ccc(Cl)cc21,CHEMBL224
CHEMBL181672,CC1CNCCc2cc(Cl)ccc21,CHEMBL224
CHEMBL178124,CC1CNCCc2ccc(C(F)(F)F)cc21,CHEMBL224
CHEMBL182721,c1ccc2c(N3CCN(CCc4ccc5c(c4)NCN5)CC3)cccc2c1,CHEMBL224
CHEMBL184770,Cc1cccc(N2CCN(CCc3ccc4[nH]nnc4c3)CC2)c1C,CHEMBL224
CHEMBL363124,c1ccc2c(N3CCN(CCc4ccc5[nH]nnc5c4)CC3)cccc2c1,CHEMBL224
CHEMBL183776,COc1ccccc1N1CCN(CCc2ccc3[nH]nnc3c2)CC1,CHEMBL224
CHEMBL42,CN1CCN(C2=Nc3cc(Cl)ccc3Nc3ccccc32)CC1,CHEMBL224
CHEMBL361929,C[C@@H]1CNC[C@H]2Cc3ccc(CO)cc3N21,CHEMBL224
CHEMBL190584,Cc1cccc2c1N1[C@@H](CNC[C@H]1C)C2,CHEMBL224
CHEMBL188605,Clc1ccc2c(c1)N1CCNCC1C2,CHEMBL224
CHEMBL188033,Cc1ccc2c(c1C)N1[C@@H](CNC[C@H]1C)C2,CHEMBL224
CHEMBL364534,Cc1ccc2c(c1C)N1[C@H](CNC[C@H]1C)C2,CHEMBL224
CHEMBL190699,Cc1c(Cl)ccc2c1N1[C@@H](CNC[C@H]1C)C2,CHEMBL224
CHEMBL2112055,C[C@@H]1CNC[C@H]2Cc3ccccc3N21,CHEMBL224
CHEMBL191054,Cc1c(Cl)ccc2c1N1[C@H](CNC[C@H]1C)C2,CHEMBL224
CHEMBL187739,Cc1c(Cl)ccc2c1N1CCNC[C@H]1C2,CHEMBL224
CHEMBL2096809,C[C@@H]1CNC[C@@H]2Cc3ccccc3N21,CHEMBL224
CHEMBL425545,Cc1c(Cl)ccc2c1N1CCNC[C@@H]1C2,CHEMBL224
CHEMBL2096809,C[C@@H]1CNC[C@@H]2Cc3ccccc3N21,CHEMBL224
CHEMBL190124,Cc1ccc2c(c1)N1[C@@H](CNC[C@H]1C)C2,CHEMBL224
CHEMBL361079,C[C@@H]1CNC[C@H]2Cc3ccc(C(F)(F)F)cc3N21,CHEMBL224
CHEMBL187888,C[C@@H]1CNC[C@H]2Cc3ccc(C#N)cc3N21,CHEMBL224
CHEMBL606556,CN1CCC[C@@H]1Cc1c[nH]c2ccc(NS(=O)(=O)c3cccc(Cl)c3)cc12,CHEMBL224
CHEMBL366164,CN(C)C[C@H]1C[C@@H]2c3ccccc3Sc3ccc(F)cc3[C@H]2O1,CHEMBL224
CHEMBL329566,CN(C)C[C@H]1C[C@@H]2c3ccccc3Cc3ccccc3[C@H]2O1,CHEMBL224
CHEMBL42,CN1CCN(C2=Nc3cc(Cl)ccc3Nc3ccccc32)CC1,CHEMBL224
CHEMBL715,Cc1cc2c(s1)Nc1ccccc1N=C2N1CCN(C)CC1,CHEMBL224
CHEMBL85,Cc1nc2n(c(=O)c1CCN1CCC(c3noc4cc(F)ccc34)CC1)CCCC2,CHEMBL224
CHEMBL654,CN1CCN2c3ncccc3Cc3ccccc3C2C1,CHEMBL224
CHEMBL6437,CN1CCN2c3ccccc3Cc3ccccc3C2C1,CHEMBL224
CHEMBL364270,CN(C)C[C@@H]1CC2c3ccccc3Oc3ccc(Cl)cc3[C@H]2O1,CHEMBL224
CHEMBL435301,CN(C)C[C@H]1CC2c3ccccc3Oc3ccc(Cl)cc3[C@H]2O1,CHEMBL224
CHEMBL195856,CN(C)C[C@@H]1CC2c3ccccc3Oc3ccc(Br)cc3[C@H]2O1,CHEMBL224
CHEMBL193435,CN(C)C[C@H]1CC2c3ccccc3Oc3ccc(Br)cc3[C@H]2O1,CHEMBL224
CHEMBL363581,CN(C)C[C@@H]1CC2c3ccccc3Sc3ccc(F)cc3[C@H]2O1,CHEMBL224
CHEMBL193639,CN(C)C[C@H]1CC2c3ccccc3Sc3ccc(F)cc3[C@H]2O1,CHEMBL224
CHEMBL193639,CN(C)C[C@H]1CC2c3ccccc3Sc3ccc(F)cc3[C@H]2O1,CHEMBL224
CHEMBL372244,Brc1ccc2c(c1)[C@H]1O[C@H](Cn3oc4ccc(N5CCOCC5)cc43)C[C@H]1c1ccccc1O2,CHEMBL224
CHEMBL194994,CN(C)C[C@H]1C[C@H]2c3ccccc3Oc3ccccc3[C@@H]2O1,CHEMBL224
CHEMBL2113093,CN(C)CC1CC2c3ccccc3Oc3ccccc3C2O1,CHEMBL224
CHEMBL197135,CN(C)C[C@@H]1C[C@H]2c3ccccc3Oc3ccc(F)cc3[C@H]2O1,CHEMBL224
CHEMBL371207,CN(C)C[C@H]1C[C@H]2c3ccccc3Oc3ccc(Cl)cc3[C@H]2O1,CHEMBL224
CHEMBL363619,CN(C)C[C@@H]1C[C@H]2c3ccccc3Oc3ccc(Cl)cc3[C@H]2O1,CHEMBL224
CHEMBL193614,CN(C)C[C@H]1C[C@H]2c3ccccc3Oc3ccc(Br)cc3[C@H]2O1,CHEMBL224
CHEMBL365101,CN(C)C[C@@H]1C[C@H]2c3ccccc3Oc3ccc(Br)cc3[C@H]2O1,CHEMBL224
CHEMBL371984,COc1ccc2c(c1)[C@H]1O[C@@H](CN(C)C)C[C@H]1c1ccccc1O2,CHEMBL224
CHEMBL381664,COc1ccc2c(c1)[C@H]1O[C@H](CN(C)C)C[C@H]1c1ccccc1O2,CHEMBL224
CHEMBL370780,CCOC(=O)c1ccc2on(C[C@@H]3C[C@H]4c5ccccc5Oc5ccc(Br)cc5[C@H]4O3)c2c1,CHEMBL224
CHEMBL373174,Cc1ccc2on(C[C@@H]3C[C@H]4c5ccccc5Oc5ccc(Br)cc5[C@H]4O3)c2c1,CHEMBL224
CHEMBL194442,Brc1ccc2c(c1)[C@H]1O[C@H](Cn3oc4ccc(-c5ccccc5)cc43)C[C@H]1c1ccccc1O2,CHEMBL224
CHEMBL363622,N#Cc1ccc2on(C[C@@H]3C[C@H]4c5ccccc5Oc5ccc(Br)cc5[C@H]4O3)c2c1,CHEMBL224
CHEMBL196932,O=C1CCN1c1ccc2on(C[C@@H]3C[C@H]4c5ccccc5Oc5ccc(Br)cc5[C@H]4O3)c2c1,CHEMBL224
CHEMBL381000,Brc1ccc2c(c1)[C@H]1O[C@H](Cn3oc4ccc(CN5CCOCC5)cc43)C[C@H]1c1ccccc1O2,CHEMBL224
CHEMBL370607,Nc1ccc2on(C[C@@H]3C[C@H]4c5ccccc5Oc5ccc(Br)cc5[C@H]4O3)c2c1,CHEMBL224
CHEMBL427007,CN(C)c1ccc2on(C[C@@H]3C[C@H]4c5ccccc5Oc5ccc(Br)cc5[C@H]4O3)c2c1,CHEMBL224
CHEMBL197408,COc1ccc(NC(=O)N2CCN(c3ccc(-c4ccccc4)cc3)CC2)cc1N1CCN(C)CC1,CHEMBL224
CHEMBL15928,COc1ccc(NC(=O)c2ccc(-c3ccc(-c4noc(C)n4)cc3C)cc2)cc1N1CCN(C)CC1,CHEMBL224
CHEMBL364005,Cc1[nH]c2ccc(Cl)cc2c1C1=CCNCC1,CHEMBL224
CHEMBL194837,Cc1cc(OCCN(C)C)nc2ccc(NC(=O)COc3ccc(Cl)cc3Cl)cc12,CHEMBL224
CHEMBL371903,O=C1CCc2cccc(CCN3CCN(c4nsc5ccccc45)CC3)c2N1,CHEMBL224
CHEMBL371289,CC1CC(=O)Nc2c(CCN3CCN(c4nsc5ccccc45)CC3)cccc21,CHEMBL224
CHEMBL197870,CC1CC(=O)Nc2c(CCN3CCN(c4nsc5ccccc45)CC3)cc(F)cc21,CHEMBL224
CHEMBL197614,CC1Cc2cccc(CCN3CCN(c4nsc5ccccc45)CC3)c2NC1=O,CHEMBL224
CHEMBL372541,CC1CC(=O)N(C)c2c(CCN3CCN(c4nsc5ccccc45)CC3)cccc21,CHEMBL224
CHEMBL438980,O=C1CC(c2ccccc2)c2cccc(CCN3CCN(c4nsc5ccccc45)CC3)c2N1,CHEMBL224
CHEMBL382748,CC1CC(=O)Nc2c(CCN3CCN(c4noc5ccccc45)CC3)cccc21,CHEMBL224
CHEMBL440389,Cc1ccc(CCN2CCN(c3nsc4ccccc34)CC2)c2c1C(C)CC(=O)N2,CHEMBL224
CHEMBL425208,CC1CC(=O)Nc2c(CCN3CCN(c4n[s+]([O-])c5ccccc45)CC3)cc(F)cc21,CHEMBL224
CHEMBL198599,Cc1cc(CCN2CCN(c3noc4ccccc34)CC2)c2c(c1)C(C)CC(=O)N2,CHEMBL224
CHEMBL194455,CC1CC(=O)Nc2c(CCN3CCN(c4nsc5ccccc45)CC3)cc(Cl)cc21,CHEMBL224
CHEMBL371628,CC1CC(=O)Nc2c(CCN3CCN(c4noc5ccccc45)CC3)cc(F)cc21,CHEMBL224
CHEMBL194312,CC1(C)CCNc2c(CCN3CCN(c4nsc5ccccc45)CC3)cccc21,CHEMBL224
CHEMBL363829,CC1(C)CCNc2c(CCN3CCN(c4nsc5ccccc45)CC3)cc(F)cc21,CHEMBL224
CHEMBL194953,CC1CCN(C(=O)c2ccccc2)c2c(CCN3CCN(c4nsc5ccccc45)CC3)cccc21,CHEMBL224
CHEMBL369913,CC(=O)N1CCC(C)c2cccc(CCN3CCN(c4nsc5ccccc45)CC3)c21,CHEMBL224
CHEMBL262469,COc1cccc(OC)c1CC(=O)N1CCC(C)c2cccc(CCN3CCN(c4nsc5ccccc45)CC3)c21,CHEMBL224
CHEMBL199161,COc1cccc(CC(=O)N2CCC(C)c3cccc(CCN4CCN(c5nsc6ccccc56)CC4)c32)c1,CHEMBL224
CHEMBL197677,CC1CCN(C(=O)C2CCCCC2)c2c(CCN3CCN(c4nsc5ccccc45)CC3)cccc21,CHEMBL224
CHEMBL372811,CC(=O)N1CCC(C)c2cc(F)cc(CCN3CCN(c4nsc5ccccc45)CC3)c21,CHEMBL224
CHEMBL197663,CC(=O)N1CCC(C)c2c(C)ccc(CCN3CCN(c4noc5ccccc45)CC3)c21,CHEMBL224
CHEMBL199182,CC(=O)N1CCC(C)c2cc(Cl)cc(CCN3CCN(c4nsc5ccccc45)CC3)c21,CHEMBL224
CHEMBL370659,CC(=O)N1CCC(C)c2cc(F)cc(CCN3CCN(c4noc5ccccc45)CC3)c21,CHEMBL224
CHEMBL439680,CC(=O)N1CCC(c2ccccc2)c2cccc(CCN3CCN(c4nsc5ccccc45)CC3)c21,CHEMBL224
CHEMBL197990,CC(=O)N1CCC(C)c2c(C)ccc(CCN3CCN(c4nsc5ccccc45)CC3)c21,CHEMBL224
CHEMBL14563,Cc1cc2c(cc1Cl)N(C(=O)Nc1ccc(Oc3cccnc3C)nc1)CC2,CHEMBL224
CHEMBL14460,Cc1cc2c(cc1C(F)(F)F)N(C(=O)Nc1ccc(Oc3cccnc3C)nc1)CC2,CHEMBL224
CHEMBL277120,c1ccc2c(N3CCNCC3)cccc2c1,CHEMBL224
CHEMBL54786,O=C1Cc2cc(CCN3CCN(c4cccc5ccccc45)CC3)ccc2N1,CHEMBL224
CHEMBL708,O=C1Cc2cc(CCN3CCN(c4nsc5ccccc45)CC3)c(Cl)cc2N1,CHEMBL224
CHEMBL198124,CCCCn1cc(CCN(C)C)c2c(O)cccc21,CHEMBL224
CHEMBL198124,CCCCn1cc(CCN(C)C)c2c(O)cccc21,CHEMBL224
CHEMBL370859,Cc1[nH]c2cccc(O)c2c1CCN(C)C,CHEMBL224
CHEMBL65547,CN(C)CCc1c[nH]c2cccc(O)c12,CHEMBL224
CHEMBL360424,O=C(N[C@H]1CCN(Cc2ccccc2)C1)c1ccc(-c2cccs2)cc1,CHEMBL224
CHEMBL83894,O=S1(=O)c2cccc3cccc(c23)N1CCCN1CCN(c2ccc(F)cc2)CC1,CHEMBL224
CHEMBL370134,O=C(N[C@H]1CCN(Cc2ccc(C(F)(F)F)cc2)C1)c1ccc(-c2cccs2)cc1,CHEMBL224
CHEMBL383383,O=C(N[C@H]1CCN(Cc2ccc(OC(F)(F)F)cc2)C1)c1ccc(-c2cccs2)cc1,CHEMBL224
CHEMBL427555,COc1cccc(CN2CC[C@H](NC(=O)c3ccc(-c4cccs4)cc3)C2)c1,CHEMBL224
CHEMBL370823,O=C(N[C@H]1CCN(Cc2ccc(F)cc2)C1)c1ccc(-c2cccs2)cc1,CHEMBL224
CHEMBL198580,O=C(N[C@H]1CCN(Cc2ccc(F)c(F)c2)C1)c1ccc(-c2cccs2)cc1,CHEMBL224
CHEMBL199186,O=C(N[C@H]1CCN(Cc2ccc(Cl)c(Cl)c2)C1)c1ccc(-c2cccs2)cc1,CHEMBL224
CHEMBL370110,CN1CCc2c(sc3ncn(CCN4CCN(c5cncc6ccccc56)CC4)c(=O)c23)C1,CHEMBL224
CHEMBL198463,CN1CCc2c(sc3ncn(CCN4CCN(c5ccnc6ccccc56)CC4)c(=O)c23)C1,CHEMBL224
CHEMBL199824,Cn1c(=O)cnn(CCCCN2CCN(c3cccc4ccc(O[11CH3])cc34)CC2)c1=O,CHEMBL224
CHEMBL39,NCCc1c[nH]c2ccc(O)cc12,CHEMBL224
CHEMBL134519,COc1cc(C[C@@H](C)N)c(OC)cc1I,CHEMBL224
CHEMBL275854,CC(N)Cc1c[nH]c2ccc(O)cc12,CHEMBL224
CHEMBL199385,NCCn1ncc2ccc(O)cc21,CHEMBL224
CHEMBL371300,C[C@H](N)Cn1ncc2ccc(O)cc21,CHEMBL224
CHEMBL437314,C[C@@H](N)Cn1ncc2ccc(O)cc21,CHEMBL224
CHEMBL199775,COc1ccc2cnn(C[C@H](C)N)c2c1,CHEMBL224
CHEMBL200104,Cc1c(O)ccc2cnn(C[C@H](C)N)c12,CHEMBL224
CHEMBL197653,C[C@H](N)Cn1ncc2ccc(O)c(F)c21,CHEMBL224
CHEMBL373245,C[C@H](N)Cn1ncc2ccc(O)c(Cl)c21,CHEMBL224
CHEMBL201132,C[C@H](N)Cn1ncc2ccc(O)c(I)c21,CHEMBL224
CHEMBL7257,COc1ccc2[nH]cc(CCN(C)C)c2c1,CHEMBL224
CHEMBL31115,COc1ccc2[nH]cc(CC(C)N)c2c1,CHEMBL224
CHEMBL478,Clc1cccc(N2CCNCC2)c1,CHEMBL224
CHEMBL202616,C[C@@H](Cn1ccc2ccc3ncccc3c21)NCc1ccc2ccccc2c1,CHEMBL224
CHEMBL201454,C[C@H](N)Cn1ccc2cc(Cl)c3ncccc3c21,CHEMBL224
CHEMBL201930,C[C@H](N)Cn1ccc2ccc3ncccc3c21,CHEMBL224
CHEMBL76781,C[C@H](N)Cn1ccc2cc(F)c(Cl)cc21,CHEMBL224
CHEMBL478,Clc1cccc(N2CCNCC2)c1,CHEMBL224
CHEMBL202616,C[C@@H](Cn1ccc2ccc3ncccc3c21)NCc1ccc2ccccc2c1,CHEMBL224
CHEMBL201897,C[C@H](N)Cn1ccc2ccc3ccncc3c21,CHEMBL224
CHEMBL201062,C[C@H](N)Cn1ccc2ccc3cccnc3c21,CHEMBL224
CHEMBL201454,C[C@H](N)Cn1ccc2cc(Cl)c3ncccc3c21,CHEMBL224
CHEMBL201930,C[C@H](N)Cn1ccc2ccc3ncccc3c21,CHEMBL224
CHEMBL76781,C[C@H](N)Cn1ccc2cc(F)c(Cl)cc21,CHEMBL224
CHEMBL39,NCCc1c[nH]c2ccc(O)cc12,CHEMBL224
CHEMBL39,NCCc1c[nH]c2ccc(O)cc12,CHEMBL224
CHEMBL204171,O=S(=O)(c1ccccc1)C1(CCCN2CCc3ccccc3C2)CCC1,CHEMBL224
CHEMBL203025,Clc1ccc2c(n1)N1CCNCC1C2,CHEMBL224
CHEMBL190699,Cc1c(Cl)ccc2c1N1[C@@H](CNC[C@H]1C)C2,CHEMBL224
CHEMBL191054,Cc1c(Cl)ccc2c1N1[C@H](CNC[C@H]1C)C2,CHEMBL224
CHEMBL383694,C[C@@H]1CNC[C@@H]2Cc3ccc(Br)nc3N21,CHEMBL224
CHEMBL203393,C[C@@H]1CNC[C@H]2Cc3ccc(Br)nc3N21,CHEMBL224
CHEMBL203396,C[C@@H]1CNC[C@@H]2Cc3ccc(Cl)nc3N21,CHEMBL224
CHEMBL203230,C[C@@H]1CNC[C@H]2Cc3ccc(Cl)nc3N21,CHEMBL224
CHEMBL206394,CCO[C@@H](C)c1ccc2c(n1)N1[C@@H](CNC[C@H]1C)C2,CHEMBL224
CHEMBL203013,C[C@@H]1CNC[C@H]2Cc3ccc(COCC4CC4)nc3N21,CHEMBL224
CHEMBL206333,C[C@@H]1CNC[C@H]2Cc3ccc(C(F)(F)F)nc3N21,CHEMBL224
CHEMBL206845,Cc1ccc2c(n1)N1[C@@H](CNC[C@H]1C)C2,CHEMBL224
CHEMBL208936,FC(F)(F)c1ccnc(N2CCC3CNCC32)n1,CHEMBL224
CHEMBL209714,FC(F)(F)c1cccc(N2CC[C@H]3CNC[C@H]32)c1,CHEMBL224
CHEMBL210215,C[C@H]1C[C@H]2CNC[C@H]2N1c1nccc(C(F)(F)F)n1,CHEMBL224
CHEMBL210484,C[C@@H]1C[C@H]2CNC[C@H]2N1c1nccc(C(F)(F)F)n1,CHEMBL224
CHEMBL210802,FC(F)(F)c1ccnc(N2CC[C@H]3CNC[C@H]32)n1,CHEMBL224
CHEMBL358075,O=S(=O)(c1ccc(F)cc1)C1CCN(CCc2ccc(F)cc2F)CC1,CHEMBL224
CHEMBL207386,O=C(c1cccc2cccnc12)N1CCC(CCc2ccc(F)cc2F)CC1,CHEMBL224
CHEMBL210230,O=C(c1ccccc1F)N1CCC(CCc2ccc(F)cc2F)CC1,CHEMBL224
CHEMBL380682,O=S(=O)(c1ccccc1-c1cccc2cccnc12)N1CCC(CCc2ccc(F)cc2F)CC1,CHEMBL224
CHEMBL206308,O=S(=O)(c1ccccc1-c1cccc2ccccc12)N1CCC(CCc2ccc(F)cc2F)CC1,CHEMBL224
CHEMBL206307,N#Cc1ccccc1S(=O)(=O)N1CCC(CCc2ccc(F)cc2F)CC1,CHEMBL224
CHEMBL210413,O=S(=O)(c1ccccc1Cl)N1CCC(CCc2ccc(F)cc2F)CC1,CHEMBL224
CHEMBL209415,O=S(=O)(c1ccccc1F)N1CCC(CCc2ccc(F)cc2F)CC1,CHEMBL224
CHEMBL383530,O=S(=O)(c1cccc(F)c1)N1CCC(CCc2ccc(F)cc2F)CC1,CHEMBL224
CHEMBL379850,O=S(=O)(c1ccc(F)cc1)N1CCC(CCc2ccc(F)cc2F)CC1,CHEMBL224
CHEMBL210849,O=S(=O)(c1ccc(F)cc1)N1CC=C(CCc2ccc(F)cc2F)CC1,CHEMBL224
CHEMBL207064,O=S(=O)(c1ccc(F)cc1)N1CCC(F)(CCc2ccc(F)cc2F)CC1,CHEMBL224
CHEMBL382146,O=S(=O)(c1ccc(F)cc1)N1CCC(O)(CCc2ccc(F)cc2F)CC1,CHEMBL224
CHEMBL207850,O=S(=O)(c1ccc(F)cc1)N1CCN(CCc2ccc(F)cc2F)CC1,CHEMBL224
CHEMBL207566,N#Cc1c[nH]c2c(C(=O)N3CCN(CCc4ccc(F)cc4F)CC3)cccc12,CHEMBL224
CHEMBL383530,O=S(=O)(c1cccc(F)c1)N1CCC(CCc2ccc(F)cc2F)CC1,CHEMBL224
CHEMBL150161,O=C(CCCN1CCC(O)(c2ccc(Cl)cc2)C1)c1ccc(F)cc1,CHEMBL224
CHEMBL210578,O=C(CCCN1C2CCC1CC(O)(c1ccc(Cl)cc1)C2)c1ccc(F)cc1,CHEMBL224
CHEMBL150161,O=C(CCCN1CCC(O)(c2ccc(Cl)cc2)C1)c1ccc(F)cc1,CHEMBL224
CHEMBL210053,COc1ccc(N2CC=C(c3ccc(Br)cc3)C2=O)cc1OCCN1CCCCC1,CHEMBL224
CHEMBL215864,COc1ccc(N2CC=C(c3ccc(F)cc3)C2=O)cc1OCCN1CCC(C)CC1,CHEMBL224
CHEMBL212912,CN1CCN(C2=Nc3cc(Cl)ccc3N(NC(=O)c3ccccc3Cl)c3ccccc32)CC1,CHEMBL224
CHEMBL213834,CN1CCN(C2=Nc3cc(Cl)ccc3N(NC(=O)c3cccc4ccccc34)c3ccccc32)CC1,CHEMBL224
CHEMBL213424,Cc1cccc(N)c1C(=O)NN1c2ccc(Cl)cc2N=C(N2CCN(C)CC2)c2ccccc21,CHEMBL224
CHEMBL213336,Cc1cccc(C)c1C(=O)NN1c2ccc(Cl)cc2N=C(N2CCN(C)CC2)c2ccccc21,CHEMBL224
CHEMBL378669,CN1CCN(C2=Nc3cc(Cl)ccc3N(NC(=O)c3c(N)cccc3Cl)c3ccccc32)CC1,CHEMBL224
CHEMBL213492,CN1CCN(C2=Nc3cc(Cl)ccc3N(NC(=O)c3c(F)cccc3C(F)(F)F)c3ccccc32)CC1,CHEMBL224
CHEMBL425069,COc1cccc(OC)c1C(=O)NN1c2ccc(Cl)cc2N=C(N2CCN(C)CC2)c2ccccc21,CHEMBL224
CHEMBL212197,COc1cc(Br)c(OC)c2c1C(CN)C2,CHEMBL224
CHEMBL292821,COc1cc(CCN)c(OC)cc1Br,CHEMBL224
CHEMBL214379,COc1cc(Br)c2c3c1[C@H](CN)CCC[C@@H]3CO2,CHEMBL224
CHEMBL213612,COc1cc(Br)c2c3c1[C@@H](CN)CCC[C@@H]3CO2,CHEMBL224
CHEMBL424890,COc1cc(Br)c(OC)c2c1C(CN)CC2,CHEMBL224
CHEMBL215781,COc1cc(Br)c(OC)c2c1[C@@H](CN)C2,CHEMBL224
CHEMBL379637,COc1cc(Br)c(OC)c2c1[C@H](CN)C2,CHEMBL224
CHEMBL375369,Cc1ccc(C2=CC(NC(C)(C)C)=NCCN2)cc1,CHEMBL224
CHEMBL218206,Cc1ccc(C2=CC(NC(C)(C)C)=NCCN2)c(C)c1,CHEMBL224
CHEMBL219267,Cc1ccc(C2=CC(NC(C)(C)C)=NCCN2)c(F)c1,CHEMBL224
CHEMBL376753,CC(C)(C)NC1=NCCNC(c2ccccc2Cl)=C1,CHEMBL224
CHEMBL221297,CC(C)(C)NC1=NCCNC(c2ccc(F)cc2F)=C1,CHEMBL224
CHEMBL222320,CC(C)(C)NC1=NCCNC(c2ccccc2F)=C1,CHEMBL224
CHEMBL426712,Cc1ccccc1C1=CC(NC(C)(C)C)=NCCN1,CHEMBL224
CHEMBL436513,CC(C)(NC1=NCCNC(c2ccc(F)cc2F)=C1)C1CCC1,CHEMBL224
CHEMBL221250,CCC1(NC2=NCCNC(c3ccc(F)cc3)=C2)CCCC1,CHEMBL224
CHEMBL219215,CC1(NC2=NCCNC(c3ccc(F)cc3)=C2)CCCCC1,CHEMBL224
CHEMBL386613,CCC1(NC2=NCCNC(c3ccccc3F)=C2)CCCC1,CHEMBL224
CHEMBL386612,CC(C)(Cc1ccccc1)NC1=NCCNC(c2ccccc2F)=C1,CHEMBL224
CHEMBL218479,CCC(C)(CC)NC1=NCCNC(c2ccccc2F)=C1,CHEMBL224
CHEMBL218589,Cc1ccc(C2=CC(NC(C)(C)Cc3ccccc3)=NCCN2)cc1,CHEMBL224
CHEMBL221305,CCC(C)(CC)NC1=NCCNC(c2ccc(C)cc2)=C1,CHEMBL224
CHEMBL218587,CCC(CC)(CC)NC1=NCCNC(c2ccc(F)cc2F)=C1,CHEMBL224
CHEMBL373966,CCC1(NC2=NCCNC(c3ccc(F)cc3F)=C2)CCCC1,CHEMBL224
CHEMBL219265,CCC(C)(CC)NC1=NCCNC(c2ccc(F)cc2)=C1,CHEMBL224
CHEMBL218592,CC(C)(C)NC1=NCCNC(c2ccc(F)cc2)=C1,CHEMBL224
CHEMBL221387,CC(C)(C)NC1=NCCNC(c2ccccc2)=C1,CHEMBL224
CHEMBL222514,O=C1c2c(cccc2C(F)(F)F)[C@@H]2CNCCN12,CHEMBL224
CHEMBL223628,CC(C)Oc1cccc2c1C(=O)N1CCNCC21,CHEMBL224
CHEMBL220207,CSc1cccc2c1C(=O)N1CCNCC21,CHEMBL224
CHEMBL219734,O=C1c2c(OC(F)(F)F)cccc2C2CNCCN12,CHEMBL224
CHEMBL220274,O=C1c2c(cccc2C(F)(F)F)C2CNCCN12,CHEMBL224
CHEMBL220274,O=C1c2c(cccc2C(F)(F)F)C2CNCCN12,CHEMBL224
CHEMBL222514,O=C1c2c(cccc2C(F)(F)F)[C@@H]2CNCCN12,CHEMBL224
CHEMBL220207,CSc1cccc2c1C(=O)N1CCNCC21,CHEMBL224
CHEMBL219734,O=C1c2c(OC(F)(F)F)cccc2C2CNCCN12,CHEMBL224
CHEMBL375302,CC[C@@H]1NCCN2C(=O)c3c(cccc3C(F)(F)F)[C@H]12,CHEMBL224
CHEMBL219837,C[C@@H]1NCCN2C(=O)c3c(cccc3C(F)(F)F)[C@H]12,CHEMBL224
CHEMBL2113264,CC(C)[C@H]1CNC[C@H]2c3cccc(C(F)(F)F)c3C(=O)N12,CHEMBL224
CHEMBL223272,C[C@@H]1CNC[C@H]2c3cccc(C(F)(F)F)c3C(=O)N12,CHEMBL224
CHEMBL375302,CC[C@@H]1NCCN2C(=O)c3c(cccc3C(F)(F)F)[C@H]12,CHEMBL224
CHEMBL219837,C[C@@H]1NCCN2C(=O)c3c(cccc3C(F)(F)F)[C@H]12,CHEMBL224
CHEMBL2113264,CC(C)[C@H]1CNC[C@H]2c3cccc(C(F)(F)F)c3C(=O)N12,CHEMBL224
CHEMBL223272,C[C@@H]1CNC[C@H]2c3cccc(C(F)(F)F)c3C(=O)N12,CHEMBL224
CHEMBL223468,CCc1ccc2c(c1OC)C(=O)N1CCNC[C@@H]21,CHEMBL224
CHEMBL373531,COc1ccc(Cl)c2c1[C@@H]1CNCCN1C2=O,CHEMBL224
CHEMBL223468,CCc1ccc2c(c1OC)C(=O)N1CCNC[C@@H]21,CHEMBL224
CHEMBL373531,COc1ccc(Cl)c2c1[C@@H]1CNCCN1C2=O,CHEMBL224
CHEMBL374562,Cc1cc2c(c(C(F)(F)F)c1)C(=O)N1CCNC[C@@H]21,CHEMBL224
CHEMBL220211,COc1cc2c(c(C(F)(F)F)c1)C(=O)N1CCNC[C@@H]21,CHEMBL224
CHEMBL478,Clc1cccc(N2CCNCC2)c1,CHEMBL224
CHEMBL478,Clc1cccc(N2CCNCC2)c1,CHEMBL224
CHEMBL231350,CC(C)Nc1cc2c(cc1NS(=O)(=O)c1ccc(-c3ccc(Cl)cc3)cc1)CCN(C)CC2,CHEMBL224
CHEMBL231349,CC(C)Oc1cc2c(cc1NS(=O)(=O)c1ccc(-c3ccc(Cl)cc3)cc1)CCN(C)CC2,CHEMBL224
CHEMBL231249,COc1cc2c(cc1NS(=O)(=O)c1ccc(-c3ccc(Cl)cc3)cc1)CCN(C)CC2,CHEMBL224
CHEMBL231648,CN1CCc2cc(Cl)c(NS(=O)(=O)c3ccc(-c4ccc(Cl)cc4)cc3)cc2CC1,CHEMBL224
CHEMBL397476,CC(C)c1cc2c(cc1NS(=O)(=O)c1ccc(-c3ccc(Cl)cc3)cc1)CCN(C)CC2,CHEMBL224
CHEMBL395525,Cc1cc2c(cc1NS(=O)(=O)c1ccc(-c3ccc(Cl)cc3)cc1)CCN(C)CC2,CHEMBL224
CHEMBL230070,Cc1ccc(-c2ccc(S(=O)(=O)Nc3ccc4c(c3)CCN(C)CC4)cc2)s1,CHEMBL224
CHEMBL230069,Cc1cc(S(=O)(=O)Nc2ccc3c(c2)CCN(C)CC3)ccc1-c1ccc(Cl)cc1,CHEMBL224
CHEMBL231431,CN1CCc2ccc(NS(=O)(=O)c3ccc(-c4ccc(F)c(Cl)c4)cc3)cc2CC1,CHEMBL224
CHEMBL231430,CN1CCc2ccc(NS(=O)(=O)c3ccc(-c4ccc(Cl)cc4)cc3)cc2CC1,CHEMBL224
CHEMBL231334,CCCCc1ccc(S(=O)(=O)Nc2ccc3c(c2)CCN(C)CC3)cc1,CHEMBL224
CHEMBL266018,CCCCc1ccc(S(=O)(=O)Nc2ccc3c(c2)CCNCC3)cc1,CHEMBL224
CHEMBL388247,CCCCc1ccc(S(=O)(=O)Nc2ccc3c(c2)CNCC3)cc1,CHEMBL224
CHEMBL395501,CCCCc1ccc(S(=O)(=O)Nc2ccc3c(c2)CN(C)C3)cc1,CHEMBL224
CHEMBL388247,CCCCc1ccc(S(=O)(=O)Nc2ccc3c(c2)CNCC3)cc1,CHEMBL224
CHEMBL244990,O=C(NCCC(O)CN1CCN(c2cccc(Cl)c2Cl)CC1)c1ccc(-c2ccccn2)cc1,CHEMBL224
CHEMBL244989,COc1ccccc1N1CCN(C/C=C/CNC(=O)c2ccc3c(c2)Cc2ccccc2-3)CC1,CHEMBL224
CHEMBL394541,COc1ccccc1N1CCN(C/C=C/CNC(=O)c2ccc(-c3ccccn3)cc2)CC1,CHEMBL224
CHEMBL244775,O=C(NC/C=C/C[N+]1([O-])CCN(c2cccc(Cl)c2Cl)CC1)c1ccc(-c2ccccn2)cc1,CHEMBL224
CHEMBL244774,O=C(NC/C=C/CN1CCN(c2cccc(Cl)c2Cl)CC1)c1ccc(-c2cccc[n+]2[O-])cc1,CHEMBL224
CHEMBL244773,Cc1cccnc1-c1ccc(C(=O)NC/C=C/CN2CCN(c3cccc(Cl)c3Cl)CC2)cc1,CHEMBL224
CHEMBL398175,Cc1cccc(-c2ccc(C(=O)NC/C=C/CN3CCN(c4cccc(Cl)c4Cl)CC3)cc2)n1,CHEMBL224
CHEMBL244562,O=C(NC/C=C/CN1CCN(c2cccc(Cl)c2Cl)CC1)c1ccc(-c2cccc(=O)[nH]2)cc1,CHEMBL224
CHEMBL241973,COc1ccccc1N1CCN(CCCCNC(=O)c2ccc(-c3ccccn3)cc2)CC1,CHEMBL224
CHEMBL110365,COc1ccccc1N1CCN(CCCCNC(=O)c2ccc3c(c2)Cc2ccccc2-3)CC1,CHEMBL224
CHEMBL180010,O=C(NC/C=C/CN1CCN(c2cccc(Cl)c2Cl)CC1)c1ccc(-c2ccccn2)cc1,CHEMBL224
CHEMBL69451,O=C(NCCCCN1CCN(c2cccc(Cl)c2Cl)CC1)c1ccc(-c2ccccn2)cc1,CHEMBL224
CHEMBL231156,O=C(NC[C@H]1C[C@@H]1CN1CCN(c2cccc(Cl)c2Cl)CC1)c1ccc(-c2ccccn2)cc1,CHEMBL224
CHEMBL390253,O=C(NCC(O)CCN1CCN(c2cccc(Cl)c2Cl)CC1)c1ccc(-c2ccccn2)cc1,CHEMBL224
CHEMBL242434,CC(=O)OC(CCNC(=O)c1ccc(-c2ccccn2)cc1)CN1CCN(c2cccc(Cl)c2Cl)CC1,CHEMBL224
CHEMBL131495,O=C1c2ccccc2C(=O)N1CCCCN1CC=C(c2c[nH]c3ccc(F)cc23)CC1,CHEMBL224
CHEMBL708,O=C1Cc2cc(CCN3CCN(c4nsc5ccccc45)CC3)c(Cl)cc2N1,CHEMBL224
CHEMBL85,Cc1nc2n(c(=O)c1CCN1CCC(c3noc4cc(F)ccc34)CC1)CCCC2,CHEMBL224
CHEMBL1112,O=C1CCc2ccc(OCCCCN3CCN(c4cccc(Cl)c4Cl)CC3)cc2N1,CHEMBL224
CHEMBL716,OCCOCCN1CCN(C2=Nc3ccccc3Sc3ccccc32)CC1,CHEMBL224
CHEMBL715,Cc1cc2c(s1)Nc1ccccc1N=C2N1CCN(C)CC1,CHEMBL224
CHEMBL42,CN1CCN(C2=Nc3cc(Cl)ccc3Nc3ccccc32)CC1,CHEMBL224
CHEMBL54,O=C(CCCN1CCC(O)(c2ccc(Cl)cc2)CC1)c1ccc(F)cc1,CHEMBL224
CHEMBL71,CN(C)CCCN1c2ccccc2Sc2ccc(Cl)cc21,CHEMBL224
CHEMBL196514,C[C@H]1Oc2c(cccc2N2CCN(CCCc3c[nH]c4ccc(F)cc34)CC2)NC1=O,CHEMBL224
CHEMBL221692,Fc1ccc(-c2cncc(CN3CCN(c4cccc5c4OCCO5)CC3)c2)cc1,CHEMBL224
CHEMBL232254,COc1ccc(N2Cc3c(c4cc(F)ccc4n3C)C2=O)cc1OCCN1CCC(C)CC1,CHEMBL224
CHEMBL232047,COc1ccc(N2Cc3c(c4ccc(F)cc4n3C)C2=O)cc1OCCN1CCC(C)CC1,CHEMBL224
CHEMBL395098,COc1ccc(N2Cc3c(c4cccc(F)c4n3C)C2=O)cc1OCCN1CCC(C)CC1,CHEMBL224
CHEMBL232046,COc1ccc(N2Cc3c(c4cc(Cl)ccc4n3C)C2=O)cc1OCCN1CCC(C)CC1,CHEMBL224
CHEMBL232045,COc1ccc(N2Cc3c(c4ccc(Cl)cc4n3C)C2=O)cc1OCCN1CCC(C)CC1,CHEMBL224
CHEMBL234948,COc1ccc(N2Cc3c(c4cc(Cl)ccc4n3C)C2=O)cc1OCCN1CCCCC1,CHEMBL224
CHEMBL397259,COc1ccc(N2Cc3c(c4ccc(Cl)cc4n3C)C2=O)cc1OCCN1CCCCC1,CHEMBL224
CHEMBL397709,COc1ccc(N2Cc3cc(Cl)cc(Cl)c3C2=O)cc1OCCN1[C@H](C)CCC[C@@H]1C,CHEMBL224
CHEMBL234739,COc1ccc(N2Cc3cc(F)cc(C(F)(F)F)c3C2=O)cc1OCCN1CCC(C)CC1,CHEMBL224
CHEMBL240887,[O-][S+](c1ccccc1)c1ccc(/C=C/c2ccc(F)cc2F)nc1,CHEMBL224
CHEMBL240887,[O-][S+](c1ccccc1)c1ccc(/C=C/c2ccc(F)cc2F)nc1,CHEMBL224
CHEMBL240887,[O-][S+](c1ccccc1)c1ccc(/C=C/c2ccc(F)cc2F)nc1,CHEMBL224
CHEMBL240886,[O-][S+](c1ccccc1)c1ccc(/C=C/c2ccc(F)cc2)nc1,CHEMBL224
CHEMBL238760,[O-][S+](c1ccc(/C=C/c2ccc(F)cc2F)nc1)c1ccccc1F,CHEMBL224
CHEMBL395459,[O-][S+](c1ccc(/C=C/c2ccc(F)cc2)nc1)c1ccccc1F,CHEMBL224
CHEMBL1162962,O=S(=O)(c1ccccc1)c1ccc(/C=C/c2ccc(F)cc2F)nc1,CHEMBL224
CHEMBL240878,COc1cc(F)ccc1/C=C/c1ccc(S(=O)(=O)c2ccccc2F)cn1,CHEMBL224
CHEMBL240877,O=S(=O)(c1ccc(/C=C/c2ccccc2O)nc1)c1ccccc1F,CHEMBL224
CHEMBL240876,O=S(=O)(c1ccc(/C=C/c2ccc(F)cc2O)nc1)c1ccccc1F,CHEMBL224
CHEMBL395458,N#Cc1cc(F)ccc1/C=C/c1ccc(S(=O)(=O)c2ccccc2F)cn1,CHEMBL224
CHEMBL240680,Cc1cc(F)ccc1/C=C/c1ccc(S(=O)(=O)c2ccccc2F)cn1,CHEMBL224
CHEMBL397112,O=S(=O)(c1ccc(/C=C/c2ccc(F)cc2Cl)nc1)c1ccccc1F,CHEMBL224
CHEMBL240865,O=S(=O)(c1ccc(/C=C/c2ccc(F)cc2F)nc1)c1ccccc1F,CHEMBL224
CHEMBL240863,O=S(=O)(c1ccc(/C=C/c2cccc(F)c2)nc1)c1ccccc1F,CHEMBL224
CHEMBL240665,O=S(=O)(c1ccc(/C=C/c2ccccc2F)nc1)c1ccccc1F,CHEMBL224
CHEMBL394729,O=S(=O)(c1ccccc1)c1ccc(/C=C/c2ccc(F)cc2)nc1,CHEMBL224
CHEMBL240454,O=S(=O)(c1ccc(/C=C/c2ccc(F)cc2)nc1)c1ccccc1F,CHEMBL224
CHEMBL394435,O=S(=O)(c1ccc(/C=C/c2ccc(F)cc2)nc1)c1cccc(F)c1,CHEMBL224
CHEMBL240841,O=S(=O)(c1ccc(F)cc1)c1ccc(/C=C/c2ccc(F)cc2)nc1,CHEMBL224
CHEMBL240840,O=S(=O)(c1ccc(F)cc1)c1ccc(/C=C/c2ccc(F)cc2)cn1,CHEMBL224
CHEMBL240839,O=S(=O)(c1ccc(F)cc1)c1ccc(CCc2ccc(F)cc2)nc1,CHEMBL224
CHEMBL240246,O=S(=O)(c1ccc(F)cc1)c1ccc(CCc2ccc(F)cc2)cn1,CHEMBL224
CHEMBL175832,O=S(=O)(c1ccc(F)cc1)C1(F)CCN(CCc2ccc(F)cc2F)CC1,CHEMBL224
CHEMBL397543,O=C1CC(CN2CCC(C(=O)c3ccc(F)cc3)CC2)Cc2[nH]ncc21,CHEMBL224
CHEMBL85,Cc1nc2n(c(=O)c1CCN1CCC(c3noc4cc(F)ccc34)CC1)CCCC2,CHEMBL224
CHEMBL42,CN1CCN(C2=Nc3cc(Cl)ccc3Nc3ccccc32)CC1,CHEMBL224
CHEMBL54,O=C(CCCN1CCC(O)(c2ccc(Cl)cc2)CC1)c1ccc(F)cc1,CHEMBL224
CHEMBL391985,Cc1noc2c1C(=O)CC(CN1CCC(c3noc4cc(F)ccc34)CC1)C2,CHEMBL224
CHEMBL391984,Cc1noc2c1C(=O)CC(CN1CCC(C(=O)c3ccc(F)cc3)CC1)C2,CHEMBL224
CHEMBL246488,Cn1ncc2c1CC(CN1CCC(c3noc4cc(F)ccc34)CC1)CC2=O,CHEMBL224
CHEMBL437007,Cn1ncc2c1CC(CN1CCC(C(=O)c3ccc(F)cc3)CC1)CC2=O,CHEMBL224
CHEMBL246484,O=C1CC(CN2CCC(c3noc4cc(F)ccc34)CC2)Cc2[nH]ncc21,CHEMBL224
CHEMBL250401,CN1CCN(c2ccc(C#N)c(NCc3ccccc3)c2)CC1,CHEMBL224
CHEMBL39,NCCc1c[nH]c2ccc(O)cc12,CHEMBL224
CHEMBL76781,C[C@H](N)Cn1ccc2cc(F)c(Cl)cc21,CHEMBL224
CHEMBL253811,C[C@H](N)Cc1cccc(C(F)(F)F)c1,CHEMBL224
CHEMBL478,Clc1cccc(N2CCNCC2)c1,CHEMBL224
CHEMBL253810,CC[C@@H]1CNCCc2ccc(Cl)cc21,CHEMBL224
CHEMBL253809,CC[C@H]1CNCCc2ccc(Cl)cc21,CHEMBL224
CHEMBL180668,Clc1ccc2c(c1)CCNCC2,CHEMBL224
CHEMBL179337,CC1CNCCc2c(Cl)cc(Cl)cc21,CHEMBL224
CHEMBL181076,C[C@@H]1CNCCc2ccc(Cl)c(Cl)c21,CHEMBL224
CHEMBL178231,CC1CNCCc2ccc(Cl)c(Cl)c21,CHEMBL224
CHEMBL360492,CC1CNCCc2cc(F)c(Cl)cc21,CHEMBL224
CHEMBL400600,COc1cc2c(cc1Cl)[C@H](C)CNCC2,CHEMBL224
CHEMBL253806,COc1cc2c(cc1Cl)[C@@H](C)CNCC2,CHEMBL224
CHEMBL181787,COc1cc2c(cc1Cl)C(C)CNCC2,CHEMBL224
CHEMBL399750,COc1cc2c(cc1Cl)CCNCC2C,CHEMBL224
CHEMBL253805,C[C@@H]1CNCCc2cc(Cl)c(Cl)cc21,CHEMBL224
CHEMBL253591,C[C@H]1CNCCc2cc(Cl)c(Cl)cc21,CHEMBL224
CHEMBL178366,CC1CNCCc2cc(Cl)c(Cl)cc21,CHEMBL224
CHEMBL181672,CC1CNCCc2cc(Cl)ccc21,CHEMBL224
CHEMBL361742,COc1ccc2c(c1)C(C)CNCC2,CHEMBL224
CHEMBL254215,C[C@@H]1CNCCc2ccc(C(F)(F)F)cc21,CHEMBL224
CHEMBL254009,C[C@H]1CNCCc2ccc(C(F)(F)F)cc21,CHEMBL224
CHEMBL178124,CC1CNCCc2ccc(C(F)(F)F)cc21,CHEMBL224
CHEMBL178365,C[C@@H]1CNCCc2ccc(Cl)cc21,CHEMBL224
CHEMBL360328,C[C@H]1CNCCc2ccc(Cl)cc21,CHEMBL224
CHEMBL181172,CC1CNCCc2ccc(Cl)cc21,CHEMBL224
CHEMBL708,O=C1Cc2cc(CCN3CCN(c4nsc5ccccc45)CC3)c(Cl)cc2N1,CHEMBL224
CHEMBL252430,O=C(NC1CCc2cc(CCN3CCN(c4nsc5ccccc45)CC3)ccc21)c1cccnc1,CHEMBL224
CHEMBL252429,O=C(NC1CCc2cc(CCN3CCN(c4nsc5ccccc45)CC3)ccc21)c1ccc(F)cc1,CHEMBL224
CHEMBL398525,CC(C)C(=O)NC1CCc2cc(CCN3CCN(c4nsc5ccccc45)CC3)ccc21,CHEMBL224
CHEMBL252230,O=C(NC1CCc2cc(CCN3CCN(c4nsc5ccccc45)CC3)ccc21)C1CC1,CHEMBL224
CHEMBL252228,CCCC(=O)NC1CCc2cc(CCN3CCN(c4nsc5ccccc45)CC3)ccc21,CHEMBL224
CHEMBL252031,CCC(=O)NC1CCc2cc(CCN3CCN(c4nsc5ccccc45)CC3)ccc21,CHEMBL224
CHEMBL252030,CC(=O)NC1CCc2cc(CCN3CCN(c4nsc5ccccc45)CC3)ccc21,CHEMBL224
CHEMBL398711,O=C(NC1CCc2cc(CCN3CCN(c4nsc5ccccc45)CC3)ccc21)C(F)(F)F,CHEMBL224
CHEMBL251834,O=C(NC1CCc2ccc(CCN3CCN(c4nsc5ccccc45)CC3)cc21)c1ccno1,CHEMBL224
CHEMBL398744,O=C(NC1CCc2ccc(CCN3CCN(c4nsc5ccccc45)CC3)cc21)c1ccco1,CHEMBL224
CHEMBL252201,O=C(CCc1ccccc1)NC1CCc2ccc(CCN3CCN(c4nsc5ccccc45)CC3)cc21,CHEMBL224
CHEMBL253878,O=C(Cc1ccccc1)NC1CCc2ccc(CCN3CCN(c4nsc5ccccc45)CC3)cc21,CHEMBL224
CHEMBL398619,O=C(NC1CCc2ccc(CCN3CCN(c4nsc5ccccc45)CC3)cc21)c1cccnc1,CHEMBL224
CHEMBL442290,O=C(NC1CCc2ccc(CCN3CCN(c4nsc5ccccc45)CC3)cc21)c1ccc(F)cc1,CHEMBL224
CHEMBL253439,O=C(NC1CCc2ccc(CCN3CCN(c4nsc5ccccc45)CC3)cc21)c1ccc(Cl)cc1,CHEMBL224
CHEMBL398618,Cc1ccc(C(=O)NC2CCc3ccc(CCN4CCN(c5nsc6ccccc56)CC4)cc32)cc1,CHEMBL224
CHEMBL253233,O=C(NC1CCc2ccc(CCN3CCN(c4nsc5ccccc45)CC3)cc21)c1ccccc1,CHEMBL224
CHEMBL400236,CC(C)C(=O)NC1CCc2ccc(CCN3CCN(c4nsc5ccccc45)CC3)cc21,CHEMBL224
CHEMBL253024,O=C(NC1CCc2ccc(CCN3CCN(c4nsc5ccccc45)CC3)cc21)C1CC1,CHEMBL224
CHEMBL400235,CCCC(=O)NC1CCc2ccc(CCN3CCN(c4nsc5ccccc45)CC3)cc21,CHEMBL224
CHEMBL253022,CCC(=O)NC1CCc2ccc(CCN3CCN(c4nsc5ccccc45)CC3)cc21,CHEMBL224
CHEMBL252818,CC(=O)NC1CCc2ccc(CCN3CCN(c4nsc5ccccc45)CC3)cc21,CHEMBL224
CHEMBL404000,NC1CCc2ccc(CCN3CCN(c4nsc5ccccc45)CC3)cc21,CHEMBL224
CHEMBL404372,C[C@@H]1NC(N)=Nc2cccc(Cl)c21,CHEMBL224
CHEMBL62919,O=C(c1ccc(F)cc1)C1CCN(CCn2c(=S)[nH]c3ccccc3c2=O)CC1,CHEMBL224
CHEMBL74355,COc1cccc([C@H](O)C2CCN(CCc3ccc(F)cc3)CC2)c1OC,CHEMBL224
CHEMBL256811,Fc1ccc(-c2nc(Cc3ccccc3)nc3c2CNCCC3)cc1,CHEMBL224
CHEMBL403764,Fc1ccc(-c2nc(Cc3ccccc3)nc3c2CCNC3)cc1,CHEMBL224
CHEMBL404581,Fc1ccc(-c2nc(Cc3ccccc3)nc3c2CCCNC3)cc1,CHEMBL224
CHEMBL404582,Fc1ccc(-c2nc(-c3ccccc3)nc3c2CNCC3)cc1,CHEMBL224
CHEMBL257944,CC(C)Cc1nc2c(c(-c3ccc(F)cc3)n1)CNCC2,CHEMBL224
CHEMBL271111,Fc1ccc(-c2nc(C3CC3)nc3c2CNCC3)cc1,CHEMBL224
CHEMBL271318,Fc1ccc(-c2nc(C3CCC3)nc3c2CNCC3)cc1,CHEMBL224
CHEMBL271317,Fc1ccc(Cc2nc3c(c(-c4ccc(F)cc4)n2)CNCC3)cc1,CHEMBL224
CHEMBL408154,CCC(C)c1nc2c(c(-c3ccc(F)cc3)n1)CNCC2,CHEMBL224
CHEMBL408155,CC(C)(C)c1nc2c(c(-c3ccc(F)cc3)n1)CNCC2,CHEMBL224
CHEMBL271212,Fc1ccc(-c2nc(C3CCCC3)nc3c2CNCC3)cc1,CHEMBL224
CHEMBL271419,Fc1ccc(-c2nc(Cc3ccccc3)nc3c2CNCC3)cc1,CHEMBL224
CHEMBL271418,FC(F)(F)c1ccc(-c2nc(Cc3ccccc3)nc3c2CCNCC3)cc1,CHEMBL224
CHEMBL269974,Cc1ccc(-c2nc(Cc3ccccc3)nc3c2CCNCC3)cc1,CHEMBL224
CHEMBL270188,Fc1ccc(-c2nc(Cc3ccccc3)nc3c2CCNCC3)cc1,CHEMBL224
CHEMBL402164,Fc1ccc(Cc2nc3c(c(-c4ccc(F)cc4)n2)CCNCC3)cc1,CHEMBL224
CHEMBL255802,N#Cc1ccc(-c2nc(C3CCCC3)nc3c2CCNCC3)cc1,CHEMBL224
CHEMBL401509,COc1ccc(-c2nc(C3CCCC3)nc3c2CCNCC3)cc1,CHEMBL224
CHEMBL272082,Cc1ccc(-c2nc(C3CCCC3)nc3c2CCNCC3)cc1,CHEMBL224
CHEMBL402357,Fc1ccc(-c2nc(C3CCCC3)nc3c2CCNCC3)cc1,CHEMBL224
CHEMBL255543,CC(C)c1nc2c(c(-c3ccc(F)cc3)n1)CCNCC2,CHEMBL224
CHEMBL273173,CCN(CC)c1nc2c(c(-c3ccc(C)cc3)n1)CNCC2,CHEMBL224
CHEMBL76781,C[C@H](N)Cn1ccc2cc(F)c(Cl)cc21,CHEMBL224
CHEMBL273163,CCc1cc2c(ccc3c(OC)nn(C[C@H](C)N)c32)o1,CHEMBL224
CHEMBL553794,CNC(=O)Cn1c2c(c3ccccc31)CCN(CCCCC13CCCc4cccc(c41)NC3=O)C2,CHEMBL3155
CHEMBL95067,CN1C[C@@H](NS(=O)(=O)N(C)C)C[C@@H]2c3cccc4[nH]cc(c34)C[C@H]21,CHEMBL3155
CHEMBL92221,Cc1c(NC2=NCCN2)cccc1-c1ccccc1,CHEMBL3155
CHEMBL460,CCc1c(C)[nH]c2c1C(=O)C(CN1CCOCC1)CC2,CHEMBL3155
CHEMBL12264,Cc1cccc(S(=O)(=O)N(C)[C@H](C)CCN2CCC(C)CC2)c1,CHEMBL3155
CHEMBL479,CSc1ccc2c(c1)N(CCC1CCCCN1C)c1ccccc1S2,CHEMBL3155
CHEMBL27251,CN1CCc2ccc3c4c2[C@H]1Cc1cccc(c1-4)[C@@H]3N,CHEMBL3155
CHEMBL18840,NCCc1c[nH]c2ccc(C(N)=O)cc12,CHEMBL3155
CHEMBL39,NCCc1c[nH]c2ccc(O)cc12,CHEMBL3155
CHEMBL39,NCCc1c[nH]c2ccc(O)cc12,CHEMBL3155
CHEMBL7257,COc1ccc2[nH]cc(CCN(C)C)c2c1,CHEMBL3155
CHEMBL13816,CN1C[C@H](CNC(=O)OCc2ccccc2)C[C@@H]2c3cccc4[nH]cc(c34)C[C@H]21,CHEMBL3155
CHEMBL93240,CSc1ccc2c(c1)C(N1CCN(C)CC1)Cc1ccccc1S2,CHEMBL3155
CHEMBL42,CN1CCN(C2=Nc3cc(Cl)ccc3Nc3ccccc32)CC1,CHEMBL3155
CHEMBL8165,COc1ccc2[nH]cc(CCN)c2c1,CHEMBL3155
CHEMBL97518,CC[C@@](C)(CO)CNC(=O)[C@@H]1C=C2c3cccc4[nH]cc(c34)C[C@H]2N(C)C1,CHEMBL3155
CHEMBL309750,Brc1ccc2ccn(CCN3CCCN4CCCCC4C3)c2c1,CHEMBL3155
CHEMBL567,OCCN1CCN(CCCN2c3ccccc3Sc3ccc(Cl)cc32)CC1,CHEMBL3155
CHEMBL281924,CO[C@]1(C)c2cccc3c2-c2c1ccc1c2[C@@H](C3)N(C)CC1,CHEMBL3155
CHEMBL281923,CO[C@@]1(C)c2cccc3c2-c2c1ccc1c2[C@@H](C3)N(C)CC1,CHEMBL3155
CHEMBL28056,Cc1cccc(C#N)c1-c1cccc2c1-c1cccc3c1[C@@H](C2)N(C)CC3,CHEMBL3155
CHEMBL274384,CCN(CC)C(=O)[C@@H]1C=C2c3cccc4[nH]c(Br)c(c34)C[C@H]2N(C)C1,CHEMBL3155
CHEMBL81607,Clc1ccc2ccn(CCN3CCCN4CCCCC4C3)c2c1,CHEMBL3155
CHEMBL28056,Cc1cccc(C#N)c1-c1cccc2c1-c1cccc3c1[C@@H](C2)N(C)CC3,CHEMBL3155
CHEMBL277120,c1ccc2c(N3CCNCC3)cccc2c1,CHEMBL3155
CHEMBL94984,CC1CCN(CC[C@H]2CCCN2S(=O)(=O)c2cccc3ccccc23)CC1,CHEMBL3155
CHEMBL69257,O=C1Nc2cccc3c2C1(CCCCN1CC=C(c2ccccc2)CC1)CCC3,CHEMBL3155
CHEMBL13049,CC1CCCN(CCC(C)N(C)S(=O)(=O)c2cccc3ccccc23)C1,CHEMBL3155
CHEMBL13052,O=C1Nc2cccc3c2C1(CCCN1CCN(c2ccccc2)CC1)CCC3,CHEMBL3155
CHEMBL478,Clc1cccc(N2CCNCC2)c1,CHEMBL3155
CHEMBL282199,CC1CCN(CC[C@H]2CCCN2S(=O)(=O)c2cccc(O)c2)CC1,CHEMBL3155
CHEMBL12624,Cc1cccc(S(=O)(=O)N2CCC[C@@H]2CCN2CCC(C)CC2)c1,CHEMBL3155
CHEMBL95104,O=S(=O)(c1ccc2cc[nH]c2c1)N1CCC[C@@H]1CCN1CCC(Oc2ccc(Cl)cc2)CC1,CHEMBL3155
CHEMBL267930,O=C(CCCN1CCC2(CC1)C(=O)NCN2c1ccccc1)c1ccc(F)cc1,CHEMBL3155
CHEMBL267930,O=C(CCCN1CCC2(CC1)C(=O)NCN2c1ccccc1)c1ccc(F)cc1,CHEMBL3155
CHEMBL330353,CC1CCN(CC[C@H]2CCCN2S(=O)(=O)c2ccc3cc[nH]c3c2)CC1,CHEMBL3155
CHEMBL1112,O=C1CCc2ccc(OCCCCN3CCN(c4cccc(Cl)c4Cl)CC3)cc2N1,CHEMBL3155
CHEMBL443757,CCCCC(=O)c1ccc(F)cc1,CHEMBL3155
CHEMBL25924,CN1CCc2cccc3c2[C@H]1Cc1cccc(-c2ccccc2)c1-3,CHEMBL3155
CHEMBL81276,FC(F)(F)c1ccc2ccn(CCN3CCCN4CCCCC4C3)c2c1,CHEMBL3155
CHEMBL13049,CC1CCCN(CCC(C)N(C)S(=O)(=O)c2cccc3ccccc23)C1,CHEMBL3155
CHEMBL267777,Cc1nc2sccn2c(=O)c1CCN1CCC(=C(c2ccc(F)cc2)c2ccc(F)cc2)CC1,CHEMBL3155
CHEMBL281048,CN1CCc2ccc3c4c2[C@H]1Cc1cccc(c1-4)[C@H]3N,CHEMBL3155
CHEMBL13049,CC1CCCN(CCC(C)N(C)S(=O)(=O)c2cccc3ccccc23)C1,CHEMBL3155
CHEMBL422146,CC1CCN(CC[C@@H](C)C(C)S(=O)(=O)c2ccc(Cl)c(Cl)c2)CC1,CHEMBL3155
CHEMBL282199,CC1CCN(CC[C@H]2CCCN2S(=O)(=O)c2cccc(O)c2)CC1,CHEMBL3155
CHEMBL42,CN1CCN(C2=Nc3cc(Cl)ccc3Nc3ccccc32)CC1,CHEMBL3155
CHEMBL267777,Cc1nc2sccn2c(=O)c1CCN1CCC(=C(c2ccc(F)cc2)c2ccc(F)cc2)CC1,CHEMBL3155
CHEMBL347115,CC1CCN(CC[C@@H](C)C(C)S(=O)(=O)c2cccc3ccccc23)CC1,CHEMBL3155
CHEMBL1255588,CC(C)(C)[C@@]1(O)CCN2C[C@@H]3c4ccccc4CCc4cccc(c43)[C@H]2C1,CHEMBL3155
CHEMBL12264,Cc1cccc(S(=O)(=O)N(C)[C@H](C)CCN2CCC(C)CC2)c1,CHEMBL3155
CHEMBL428892,CSc1ccc2c(c1)[C@@H](N1CCN(C)CC1)Cc1ccccc1S2,CHEMBL3155
CHEMBL267930,O=C(CCCN1CCC2(CC1)C(=O)NCN2c1ccccc1)c1ccc(F)cc1,CHEMBL3155
CHEMBL153398,CC1CCN(CC[C@@H]2CCCN2S(=O)(=O)c2ccc(Cl)c(Cl)c2)CC1,CHEMBL3155
CHEMBL274384,CCN(CC)C(=O)[C@@H]1C=C2c3cccc4[nH]c(Br)c(c34)C[C@H]2N(C)C1,CHEMBL3155
CHEMBL13052,O=C1Nc2cccc3c2C1(CCCN1CCN(c2ccccc2)CC1)CCC3,CHEMBL3155
CHEMBL1065,CC[C@@H](CO)NC(=O)[C@@H]1C=C2c3cccc4c3c(cn4C)C[C@H]2N(C)C1,CHEMBL3155
CHEMBL12427,O=C1Nc2cccc3c2C1(CCCCN1CCN(c2ccccc2)CC1)CCC3,CHEMBL3155
CHEMBL516,CN1CCC(=C2c3ccccc3C=Cc3ccccc32)CC1,CHEMBL3155
CHEMBL268921,O=C1Nc2cccc3c2C1(CCN1CCN(c2ccccc2)CC1)CCC3,CHEMBL3155
CHEMBL69257,O=C1Nc2cccc3c2C1(CCCCN1CC=C(c2ccccc2)CC1)CCC3,CHEMBL3155
CHEMBL152595,CC1CCN(CC[C@@H]2CCCCN2S(=O)(=O)c2cccc3ccccc23)CC1,CHEMBL3155
CHEMBL428494,O=C1Nc2cccc3c2C1(CCCCN1CCN(c2ccccn2)CC1)CCC3,CHEMBL3155
CHEMBL152292,CC1CCN(CC[C@@H](C)C(C)S(=O)(=O)c2ccc(Br)c(Br)c2)CC1,CHEMBL3155
CHEMBL154090,CC1CCN(CC[C@@H](C)C(C)S(=O)(=O)c2cc(Br)c(Br)cc2-c2cccs2)CC1,CHEMBL3155
CHEMBL12624,Cc1cccc(S(=O)(=O)N2CCC[C@@H]2CCN2CCC(C)CC2)c1,CHEMBL3155
CHEMBL94261,CC1CCN(CC[C@@H]2CCCN2S(=O)(=O)c2cccc3ccccc23)CC1,CHEMBL3155
CHEMBL273246,N#Cc1ccccc1N1CCN(CCCCC23CCCc4cccc(c42)NC3=O)CC1,CHEMBL3155
CHEMBL347286,CC1CCN(CC[C@@H]2CCCN2S(=O)(=O)c2cccc(Br)c2)CC1,CHEMBL3155
CHEMBL12702,COc1ccccc1N1CCN(CCCCC23CCCc4cccc(c42)NC3=O)CC1,CHEMBL3155
CHEMBL6437,CN1CCN2c3ccccc3Cc3ccccc3C2C1,CHEMBL3155
CHEMBL152873,CC([C@H](C)CCN1CCC[C@@H](C)C1)S(=O)(=O)c1cccc2ccccc12,CHEMBL3155
CHEMBL12314,CN1C[C@@H](NS(=O)(=O)N(C)C)C[C@@H]2c3cccc4c3c(cn4C)C[C@H]21,CHEMBL3155
CHEMBL153156,COc1cccc(S(=O)(=O)N2CCC[C@H]2CCN2CCC(C)CC2)c1,CHEMBL3155
CHEMBL19215,CN1C[C@H](CNC(=O)OCc2ccccc2)C[C@@H]2c3cccc4c3c(cn4C)C[C@H]21,CHEMBL3155
CHEMBL433134,Brc1ccc2ccn(CCN3CCCN(CC4CC4)CC3)c2c1,CHEMBL3155
CHEMBL282199,CC1CCN(CC[C@H]2CCCN2S(=O)(=O)c2cccc(O)c2)CC1,CHEMBL3155
CHEMBL348410,O=C1Nc2ccc(Cl)c3c2C1(CCCCN1CC=C(c2ccccc2)CC1)CCC3,CHEMBL3155
CHEMBL12264,Cc1cccc(S(=O)(=O)N(C)[C@H](C)CCN2CCC(C)CC2)c1,CHEMBL3155
CHEMBL84270,Brc1ccc2ccn(CCN3CCN4CCCCC4C3)c2c1,CHEMBL3155
CHEMBL78977,CN1CCCN(CCn2ccc3ccc([N+](=O)[O-])cc32)CC1,CHEMBL3155
CHEMBL81069,Brc1ccc2c(ccn2CCN2CCN3CCCCC3C2)c1,CHEMBL3155
CHEMBL310594,Brc1ccc2ccn(CCN3CCCN(C4CCCCC4)CC3)c2c1,CHEMBL3155
CHEMBL312049,CN1CCCN(CCn2ccc3ccc(Cl)cc32)CC1,CHEMBL3155
CHEMBL422869,O=C1Nc2ccc(Cl)c3c2C1(CCCCN1CC=C(c2ccc(F)cc2)CC1)CCC3,CHEMBL3155
CHEMBL418888,O=C1Nc2cccc3c2C1(CCCCN1CC=C(c2ccc(F)cc2)CC1)CCC3,CHEMBL3155
CHEMBL309908,CN1CCCN(CCn2ccc3ccc(F)cc32)CC1,CHEMBL3155
CHEMBL82550,CN1CCCN(CCn2ccc3ccc(OCc4ccccc4)cc32)CC1,CHEMBL3155
CHEMBL81488,CC(C)CN1CCCN(CCn2ccc3ccc(Br)cc32)CC1,CHEMBL3155
CHEMBL81784,CC(C)N1CCCN(CCn2ccc3ccc(Br)cc32)CC1,CHEMBL3155
CHEMBL81576,C=Cc1ccc2ccn(CCN3CCCN(C)CC3)c2c1,CHEMBL3155
CHEMBL348890,O=C1Nc2ccc(Cl)c3c2C1(CCCCN1CC=C(c2ccc(Cl)cc2)CC1)CCC3,CHEMBL3155
CHEMBL348890,O=C1Nc2ccc(Cl)c3c2C1(CCCCN1CC=C(c2ccc(Cl)cc2)CC1)CCC3,CHEMBL3155
CHEMBL69257,O=C1Nc2cccc3c2C1(CCCCN1CC=C(c2ccccc2)CC1)CCC3,CHEMBL3155
CHEMBL83802,CC(C)(C)CN1CCCN(CCn2ccc3ccc(Br)cc32)CC1,CHEMBL3155
CHEMBL81684,CN1CCCN(CCn2ccc3ccc(-c4ccsc4)cc32)CC1,CHEMBL3155
CHEMBL81607,Clc1ccc2ccn(CCN3CCCN4CCCCC4C3)c2c1,CHEMBL3155
CHEMBL312489,CN1CCCN(CCn2ccc3ccc(C(F)(F)F)cc32)CC1,CHEMBL3155
CHEMBL309523,Brc1ccc2ccn(CCN3CCCN(C4CC4)CC3)c2c1,CHEMBL3155
CHEMBL81424,CN1CCCN(CCn2ccc3ccc(Br)cc32)CC1,CHEMBL3155
CHEMBL312720,Cc1ccc2ccn(CCN3CCCN(C)CC3)c2c1,CHEMBL3155
CHEMBL419101,CCc1ccc2ccn(CCN3CCCN(C)CC3)c2c1,CHEMBL3155
CHEMBL81041,CN1CCCN(CCn2ccc3cc(Br)ccc32)CC1,CHEMBL3155
CHEMBL81276,FC(F)(F)c1ccc2ccn(CCN3CCCN4CCCCC4C3)c2c1,CHEMBL3155
CHEMBL83090,CC(C)c1ccc2ccn(CCN3CCCN(C)CC3)c2c1,CHEMBL3155
CHEMBL310317,C=C(C)c1ccc2ccn(CCN3CCCN(C)CC3)c2c1,CHEMBL3155
CHEMBL69257,O=C1Nc2cccc3c2C1(CCCCN1CC=C(c2ccccc2)CC1)CCC3,CHEMBL3155
CHEMBL28056,Cc1cccc(C#N)c1-c1cccc2c1-c1cccc3c1[C@@H](C2)N(C)CC3,CHEMBL3155
CHEMBL309750,Brc1ccc2ccn(CCN3CCCN4CCCCC4C3)c2c1,CHEMBL3155
CHEMBL81022,Brc1ccc2ccn(CCN3CCCN(C4CCCC4)CC3)c2c1,CHEMBL3155
CHEMBL82708,C#Cc1ccc2ccn(CCN3CCCN(C)CC3)c2c1,CHEMBL3155
CHEMBL81485,CNCC1CC2c3ccccc3Cc3ccccc3N2O1,CHEMBL3155
CHEMBL6437,CN1CCN2c3ccccc3Cc3ccccc3C2C1,CHEMBL3155
CHEMBL7318,COc1ccc2[nH]c(-c3ccccc3)c(CCN(C)C)c2c1,CHEMBL3155
CHEMBL7143,COc1ccc2[nH]c(C)c(CCN(C)C)c2c1,CHEMBL3155
CHEMBL267615,CCc1[nH]c2ccc(OC)cc2c1CCN(C)C,CHEMBL3155
CHEMBL42,CN1CCN(C2=Nc3cc(Cl)ccc3Nc3ccccc32)CC1,CHEMBL3155
CHEMBL9840,COc1ccccc1C1CCN(CC2CCc3ccccc3C(=O)C2)CC1,CHEMBL3155
CHEMBL269400,Cc1ccccc1OC1CCN(CCC2CCCc3ccccc3C2=O)CC1,CHEMBL3155
CHEMBL9446,O=C1c2ccccc2CCCN1CCN1CCC(N2C(=O)Cc3cc(F)ccc32)CC1,CHEMBL3155
CHEMBL9951,O=C1c2ccccc2CCCN1CCN1CCC(n2ccc3cc(F)ccc32)CC1,CHEMBL3155
CHEMBL429202,O=C1c2ccccc2CCCN1CCN1CCC(Oc2ccc(Cl)cc2)CC1,CHEMBL3155
CHEMBL267062,O=C1c2ccccc2CCCN1CCN1CCC(c2c[nH]c3ccccc23)CC1,CHEMBL3155
CHEMBL9952,O=C1c2ccccc2CCCN1CCN1CCC(n2ccc3ccccc32)CC1,CHEMBL3155
CHEMBL9616,O=C(c1ccc(F)cc1)C1CCN(CCN2CCCc3ccccc3C2=O)CC1,CHEMBL3155
CHEMBL9615,O=C1c2ccccc2CCCC1CCN1CCC(Oc2ccccc2)CC1,CHEMBL3155
CHEMBL273872,O=C1c2ccccc2CCCN1CCN1CCC(n2c(O)nc3ccccc32)CC1,CHEMBL3155
CHEMBL9770,Cc1ccc(OC2CCN(CCN3CCCc4ccccc4C3=O)CC2)cc1,CHEMBL3155
CHEMBL273921,O=C1c2ccccc2CCCN1CCN1CCC(n2c(O)nc3cc(F)ccc32)CC1,CHEMBL3155
CHEMBL273821,O=C1c2ccccc2CCCN1CCN1CCC(n2c(=O)oc3ccccc32)CC1,CHEMBL3155
CHEMBL9696,O=C1CC(CN2CCC(Oc3ccccc3)CC2)CCc2ccccc21,CHEMBL3155
CHEMBL9564,O=C1c2ccccc2CCCN1CCN1CCC(Oc2ccccc2)CC1,CHEMBL3155
CHEMBL275343,O=C(c1ccc(Cl)cc1)C1CCN(CCN2CCCc3ccccc3C2=O)CC1,CHEMBL3155
CHEMBL9347,O=C1c2ccccc2CCCN1CCN1CCC(n2nnc3cc(F)ccc32)CC1,CHEMBL3155
CHEMBL275475,O=C1c2ccccc2CCCN1CCN1CCC(n2nnc3ccccc32)CC1,CHEMBL3155
CHEMBL275258,O=C1c2ccccc2CCCN1CCN1CCC(N2C(=O)Cc3ccccc32)CC1,CHEMBL3155
CHEMBL9250,O=C1c2ccccc2CCCN1CCN1CCC(n2c(=O)oc3cc(F)ccc32)CC1,CHEMBL3155
CHEMBL275451,O=C1c2ccccc2CCCN1CCN1CCC(Oc2ccc(F)cc2)CC1,CHEMBL3155
CHEMBL138989,C[C@@H]1C[C@@H](C)N1C(=O)[C@@H]1C=C2c3cccc4[nH]cc(c34)CC2N(C)C1,CHEMBL3155
CHEMBL263881,CCN(CC)C(=O)[C@@H]1C=C2c3cccc4[nH]cc(c34)C[C@H]2N(C)C1,CHEMBL3155
CHEMBL343755,C[C@H]1C[C@H](C)N1C(=O)[C@@H]1C=C2c3cccc4[nH]cc(c34)CC2N(C)C1,CHEMBL3155
CHEMBL137781,C[C@@H]1C[C@H](C)N1C(=O)[C@@H]1C=C2c3cccc4[nH]cc(c34)CC2N(C)C1,CHEMBL3155
CHEMBL314672,O=C1Nc2cccc3c2C1(CCCCCN1CCc2ccccc2C1)CCC3,CHEMBL3155
CHEMBL85249,O=C1Nc2cccc3c2C1(CCCCN1CCc2occc2C1)CCC3,CHEMBL3155
CHEMBL84660,CCN1C(=O)C2(CCCCN3CCc4sccc4C3)CCCc3cccc1c32,CHEMBL3155
CHEMBL314055,O=C1Nc2cccc3c2C1(CCCCN1CCc2sccc2C1)CCC3,CHEMBL3155
CHEMBL314830,O=C1Nc2cccc3c2C1(CCCCN1CCc2ccccc2C1)CCC3,CHEMBL3155
CHEMBL85814,O=C1Nc2cccc3c2C1(CCCN1CCc2ccccc2C1)CCC3,CHEMBL3155
CHEMBL85602,CN1C(=O)C2(CCCCN3CCc4sccc4C3)CCCc3cccc1c32,CHEMBL3155
CHEMBL332701,COc1cccc(S(=O)(=O)N2CCC[C@@H]2CCN2CCC(C)CC2)c1,CHEMBL3155
CHEMBL39,NCCc1c[nH]c2ccc(O)cc12,CHEMBL3155
CHEMBL18840,NCCc1c[nH]c2ccc(C(N)=O)cc12,CHEMBL3155
CHEMBL2112882,CC(C)C[C@H]1C(=O)N[C@@H](Cc2ccccc2)[C@]2(O)O[C@@](C)(NC(=O)[C@@H]3C=C4c5cccc6[nH]cc(c56)C[C@H]4N(C)C3)C(=O)N12,CHEMBL3155
CHEMBL146942,NCCCC1(CCCN)CCc2cccc(O)c2C1,CHEMBL3155
CHEMBL282199,CC1CCN(CC[C@H]2CCCN2S(=O)(=O)c2cccc(O)c2)CC1,CHEMBL3155
CHEMBL295234,CC1=NCCc2c1[nH]c1ccccc21,CHEMBL3155
CHEMBL114012,CC1CCN(CCC2CCCCN2S(=O)(=O)c2cccc3ccccc23)CC1,CHEMBL3155
CHEMBL263881,CCN(CC)C(=O)[C@@H]1C=C2c3cccc4[nH]cc(c34)C[C@H]2N(C)C1,CHEMBL3155
CHEMBL94984,CC1CCN(CC[C@H]2CCCN2S(=O)(=O)c2cccc3ccccc23)CC1,CHEMBL3155
CHEMBL836,CCOc1ccccc1OCCN[C@H](C)Cc1ccc(OC)c(S(N)(=O)=O)c1,CHEMBL3155
CHEMBL12624,Cc1cccc(S(=O)(=O)N2CCC[C@@H]2CCN2CCC(C)CC2)c1,CHEMBL3155
CHEMBL69257,O=C1Nc2cccc3c2C1(CCCCN1CC=C(c2ccccc2)CC1)CCC3,CHEMBL3155
CHEMBL1788231,CC1CCN(CC[C@H]2CCCCN2S(=O)(=O)c2cccc3ccccc23)CC1,CHEMBL3155
CHEMBL309106,CC(C)Oc1ccccc1N1CCN(C[C@@H](O)CNC(=O)c2ccc3c(c2)C(=O)N(c2ccc(N(C)C)cc2)C3=O)CC1,CHEMBL3155
CHEMBL333784,CC1CCN(CC[C@H]2CCCN2S(=O)(=O)c2ccc(Cl)c(Cl)c2)CC1,CHEMBL3155
CHEMBL116448,CC1CCN(CC[C@H]2CCCN2S(=O)(=O)c2cccc(Br)c2)CC1,CHEMBL3155
CHEMBL432713,O=C(/C=C/c1ccc(Cl)c(Cl)c1)NCCCCCN1CCC(c2c[nH]c3ccc(O)cc23)CC1,CHEMBL3155
CHEMBL307101,O=C1Nc2cccc3c2C1(CCCCN1CCN(c2ccccc2Cl)CC1)CCC3,CHEMBL3155
CHEMBL307352,COC1(c2ccccc2)CCN(CCCCC23CCCc4cccc(c42)NC3=O)CC1,CHEMBL3155
CHEMBL71225,CC(=O)n1c2c(c3ccccc31)CCN(CCCCC13CCCc4cccc(c41)NC3=O)C2,CHEMBL3155
CHEMBL72008,O=C1Nc2cccc3c2C1(CCCCN1CCN(c2ncccn2)CC1)CCC3,CHEMBL3155
CHEMBL12702,COc1ccccc1N1CCN(CCCCC23CCCc4cccc(c42)NC3=O)CC1,CHEMBL3155
CHEMBL428494,O=C1Nc2cccc3c2C1(CCCCN1CCN(c2ccccn2)CC1)CCC3,CHEMBL3155
CHEMBL71383,O=C1Nc2cccc3c2C1(CCCCN1CCc2c([nH]c4ccccc24)C1)CCC3,CHEMBL3155
CHEMBL12427,O=C1Nc2cccc3c2C1(CCCCN1CCN(c2ccccc2)CC1)CCC3,CHEMBL3155
CHEMBL70889,NC(=O)Cn1c2c(c3ccccc31)CCN(CCCCC13CCCc4cccc(c41)NC3=O)C2,CHEMBL3155
CHEMBL71847,COc1cccc(N2CCN(CCCCC34CCCc5cccc(c53)NC4=O)CC2)c1,CHEMBL3155
CHEMBL307686,CC(=O)C1(c2ccccc2)CCN(CCCCC23CCCc4cccc(c42)NC3=O)CC1,CHEMBL3155
CHEMBL71057,O=C1Nc2ccc(Br)c3c2C1(CCCCN1CC=C(c2ccccc2)CC1)CCC3,CHEMBL3155
CHEMBL305526,Cn1c2c(c3ccccc31)CCN(CCCCC13CCCc4cccc(c41)NC3=O)C2,CHEMBL3155
CHEMBL308461,COc1ccc2[nH]c3c(c2c1)CCN(CCCCC12CCCc4cccc(c41)NC2=O)C3,CHEMBL3155
CHEMBL71390,COc1ccc(N2CCN(CCCCC34CCCc5cccc(c53)NC4=O)CC2)cc1,CHEMBL3155
CHEMBL418888,O=C1Nc2cccc3c2C1(CCCCN1CC=C(c2ccc(F)cc2)CC1)CCC3,CHEMBL3155
CHEMBL273246,N#Cc1ccccc1N1CCN(CCCCC23CCCc4cccc(c42)NC3=O)CC1,CHEMBL3155
CHEMBL70048,COc1ccc2c3c1CCCC3(CCCCN1CC=C(c3ccccc3)CC1)C(=O)N2,CHEMBL3155
CHEMBL70869,NC(=O)c1ccccc1N1CCN(CCCCC23CCCc4cccc(c42)NC3=O)CC1,CHEMBL3155
CHEMBL69257,O=C1Nc2cccc3c2C1(CCCCN1CC=C(c2ccccc2)CC1)CCC3,CHEMBL3155
CHEMBL302723,Cc1cccc(C)c1N1CCN(CCCCC23CCCc4cccc(c42)NC3=O)CC1,CHEMBL3155
CHEMBL304731,Cc1ccc(C2=CCN(CCCCC34CCCc5cccc(c53)NC4=O)CC2)cc1,CHEMBL3155
CHEMBL69040,O=C1Nc2cccc3c2C1(CCCCN1CCN(c2ccccc2[N+](=O)[O-])CC1)CCC3,CHEMBL3155
CHEMBL304167,Cc1ccccc1N1CCN(CCCCC23CCCc4cccc(c42)NC3=O)CC1,CHEMBL3155
CHEMBL70819,CN1C(=O)C2(CCCCN3CC=C(c4ccccc4)CC3)CCCc3cccc1c32,CHEMBL3155
CHEMBL71170,CN(C)C(=O)Cn1c2c(c3ccccc31)CCN(CCCCC13CCCc4cccc(c41)NC3=O)C2,CHEMBL3155
CHEMBL69388,O=C1Nc2cccc3c2C1(CCCCN1CCN(c2ccccc2C(F)(F)F)CC1)CCC3,CHEMBL3155
CHEMBL422587,O=C1Nc2ccc(O)c3c2C1(CCCCN1CC=C(c2ccccc2)CC1)CCC3,CHEMBL3155
CHEMBL553794,CNC(=O)Cn1c2c(c3ccccc31)CCN(CCCCC13CCCc4cccc(c41)NC3=O)C2,CHEMBL3155
CHEMBL68094,NC(=O)C1(c2ccccc2)CCN(CCCCC23CCCc4cccc(c42)NC3=O)CC1,CHEMBL3155
CHEMBL302766,C=CCn1c2c(c3ccccc31)CCN(CCCCC13CCCc4cccc(c41)NC3=O)C2,CHEMBL3155
CHEMBL303166,CC(=O)c1ccccc1N1CCN(CCCCC23CCCc4cccc(c42)NC3=O)CC1,CHEMBL3155
CHEMBL18840,NCCc1c[nH]c2ccc(C(N)=O)cc12,CHEMBL3155
CHEMBL71959,CN(C)C(=O)n1c2c(c3ccccc31)CCN(CCCCC13CCCc4cccc(c41)NC3=O)C2,CHEMBL3155
CHEMBL71165,CC(=O)c1ccc2c3c1CCCC3(CCCCN1CC=C(c3ccccc3)CC1)C(=O)N2,CHEMBL3155
CHEMBL302093,O=C1Nc2cccc3c2C1(CCCCN1CCC(O)(c2ccccc2)CC1)CCC3,CHEMBL3155
CHEMBL71224,COCn1c2c(c3ccccc31)CCN(CCCCC13CCCc4cccc(c41)NC3=O)C2,CHEMBL3155
CHEMBL12846,O=C1Nc2cccc3c2C1(CCCCN1CCC(c2ccccc2)CC1)CCC3,CHEMBL3155
CHEMBL161846,CN(C)CCSc1nc2ccccc2s1,CHEMBL3155
CHEMBL158402,CN(C)CCSc1cccc(C2CCCCC2)n1,CHEMBL3155
CHEMBL158973,CN(C)CCSC(C)(C)C,CHEMBL3155
CHEMBL161203,CN(C)CCSc1nc(C(C)(C)C)cs1,CHEMBL3155
CHEMBL350166,CN(C)CCSc1nc(-c2ccncc2)cs1,CHEMBL3155
CHEMBL161765,CN(C)CCSc1cccc(-c2ccccc2)n1,CHEMBL3155
CHEMBL158285,CN(C)CCSc1cccc(Br)n1,CHEMBL3155
CHEMBL162071,CN(C)CCSc1ccnc(-c2ccccc2)c1,CHEMBL3155
CHEMBL345803,CN(C)CCSc1nc(-c2ccccc2)cs1,CHEMBL3155
CHEMBL160903,Cc1sc(SCCN(C)C)nc1-c1ccccc1,CHEMBL3155
CHEMBL159143,CN(C)CCSc1cccc(C2(O)CCCCC2)n1,CHEMBL3155
CHEMBL435949,COc1ccccc1N1CCN(Cc2c[nH]c3ncccc23)CC1,CHEMBL3155
CHEMBL282424,Fc1ccccc1N1CCN(Cc2c[nH]c3ncccc23)CC1,CHEMBL3155
CHEMBL283036,FC(F)(F)c1ccc(N2CCN(Cc3c[nH]c4ncccc34)CC2)cc1,CHEMBL3155
CHEMBL267014,Clc1ccc(N2CCN(Cc3c[nH]c4ncccc34)CC2)cc1,CHEMBL3155
CHEMBL12777,CC1CCN(CC[C@@H](C)N(C)S(=O)(=O)c2cccc3ccccc23)CC1,CHEMBL3155
CHEMBL274595,CC1CCN(CC[C@@H](C)N(C)S(=O)(=O)c2cc(Br)c(Br)s2)CC1,CHEMBL3155
CHEMBL275996,CC1CCN(CC[C@@H](C)N(C)S(=O)(=O)c2ccc(Cl)c(Cl)c2)CC1,CHEMBL3155
CHEMBL12771,CC1CCN(CC[C@@H](C)N(C)S(=O)(=O)c2ccc(Br)c(Br)c2)CC1,CHEMBL3155
CHEMBL12264,Cc1cccc(S(=O)(=O)N(C)[C@H](C)CCN2CCC(C)CC2)c1,CHEMBL3155
CHEMBL12264,Cc1cccc(S(=O)(=O)N(C)[C@H](C)CCN2CCC(C)CC2)c1,CHEMBL3155
CHEMBL12389,C[C@@H]1CCCN(CC[C@@H](C)N(C)S(=O)(=O)c2cccc3ccccc23)C1,CHEMBL3155
CHEMBL13049,CC1CCCN(CCC(C)N(C)S(=O)(=O)c2cccc3ccccc23)C1,CHEMBL3155
CHEMBL73979,O=C(c1ccc(F)cc1)C1CCN(CCc2ccc(I)cc2)CC1,CHEMBL3155
CHEMBL77855,OC(c1ccc(F)cc1)C1CCN(CCc2ccccc2I)CC1,CHEMBL3155
CHEMBL74756,O=C(c1ccc(F)cc1)C1CCN(CCc2ccccc2I)CC1,CHEMBL3155
CHEMBL78218,O=C(c1ccc(F)cc1)C1CCN(CCc2ccc(F)cc2)CC1,CHEMBL3155
CHEMBL306478,O=C(c1ccc(F)cc1)C1CCN(CCc2cccc(I)c2)CC1,CHEMBL3155
CHEMBL125745,NCCc1cccc2c1ccn2S(=O)(=O)c1ccccc1,CHEMBL3155
CHEMBL157910,COc1ccc(S(=O)(=O)Nc2cc(Cl)cc(Cl)c2Cl)cc1N1CCNCC1,CHEMBL3155
CHEMBL154274,COc1ccc(S(=O)(=O)Nc2cc(Br)ccc2Br)cc1N1CCNCC1,CHEMBL3155
CHEMBL414628,COc1ccc(S(=O)(=O)N2CCc3ccc(I)cc32)cc1N1CCNCC1,CHEMBL3155
CHEMBL113192,CC1CCN(CC[C@H]2CCCN2S(=O)(=O)c2ccc3c(c2)NCC3)CC1,CHEMBL3155
CHEMBL111922,CC1CCN(CC[C@H]2CCCN2S(=O)(=O)c2ccc3c[nH]nc3c2)CC1,CHEMBL3155
CHEMBL112765,CC1CCN(CC[C@H]2CCCN2S(=O)(=O)c2ccc3[nH]nnc3c2)CC1,CHEMBL3155
CHEMBL114345,O=C(c1ccc(F)cc1)C1CCN(CC[C@H]2CCCN2S(=O)(=O)c2ccc3cc[nH]c3c2)CC1,CHEMBL3155
CHEMBL12702,COc1ccccc1N1CCN(CCCCC23CCCc4cccc(c42)NC3=O)CC1,CHEMBL3155
CHEMBL111956,CC1CCN(CC[C@H]2CCCN2S(=O)(=O)c2ccc3oc(O)nc3c2)CC1,CHEMBL3155
CHEMBL112876,CC1CCN(CC[C@H]2CCCN2S(=O)(=O)c2ccc3[nH]cnc3c2)CC1,CHEMBL3155
CHEMBL115262,O=S(=O)(c1ccc2cc[nH]c2c1)N1CCC[C@@H]1CCN1CCC(n2c(O)nc3ccccc32)CC1,CHEMBL3155
CHEMBL430706,O=S(=O)(c1ccc2cc[nH]c2c1)N1CCC[C@@H]1CCN1CCC(c2c[nH]c3ccccc23)CC1,CHEMBL3155
CHEMBL330353,CC1CCN(CC[C@H]2CCCN2S(=O)(=O)c2ccc3cc[nH]c3c2)CC1,CHEMBL3155
CHEMBL273246,N#Cc1ccccc1N1CCN(CCCCC23CCCc4cccc(c42)NC3=O)CC1,CHEMBL3155
CHEMBL112150,CC1CCN(CC[C@H]2CCCN2S(=O)(=O)c2ccc3[nH]c(O)nc3c2)CC1,CHEMBL3155
CHEMBL13052,O=C1Nc2cccc3c2C1(CCCN1CCN(c2ccccc2)CC1)CCC3,CHEMBL3155
CHEMBL331803,O=S(=O)(c1ccc2cc[nH]c2c1)N1CCC[C@@H]1CCN1CCC(c2cc3ccccc3[nH]2)CC1,CHEMBL3155
CHEMBL323778,O=c1oc2ccccc2n1C1CCN(CC[C@H]2CCCN2S(=O)(=O)c2ccc3cc[nH]c3c2)CC1,CHEMBL3155
CHEMBL1256844,CC1CCN(CC[C@H]2CCCN2S(=O)(=O)c2cccc(O)c2)CC1.Cl,CHEMBL3155
CHEMBL69257,O=C1Nc2cccc3c2C1(CCCCN1CC=C(c2ccccc2)CC1)CCC3,CHEMBL3155
CHEMBL95104,O=S(=O)(c1ccc2cc[nH]c2c1)N1CCC[C@@H]1CCN1CCC(Oc2ccc(Cl)cc2)CC1,CHEMBL3155
CHEMBL268921,O=C1Nc2cccc3c2C1(CCN1CCN(c2ccccc2)CC1)CCC3,CHEMBL3155
CHEMBL12427,O=C1Nc2cccc3c2C1(CCCCN1CCN(c2ccccc2)CC1)CCC3,CHEMBL3155
CHEMBL413707,O=S(=O)(c1ccc2cc[nH]c2c1)N1CCC[C@@H]1CCN1CCC(Oc2ccc(F)cc2)CC1,CHEMBL3155
CHEMBL428494,O=C1Nc2cccc3c2C1(CCCCN1CCN(c2ccccn2)CC1)CCC3,CHEMBL3155
CHEMBL116292,O=C(c1ccc(Cl)cc1)C1CCN(CC[C@H]2CCCN2S(=O)(=O)c2ccc3cc[nH]c3c2)CC1,CHEMBL3155
CHEMBL273246,N#Cc1ccccc1N1CCN(CCCCC23CCCc4cccc(c42)NC3=O)CC1,CHEMBL3155
CHEMBL12702,COc1ccccc1N1CCN(CCCCC23CCCc4cccc(c42)NC3=O)CC1,CHEMBL3155
CHEMBL12389,C[C@@H]1CCCN(CC[C@@H](C)N(C)S(=O)(=O)c2cccc3ccccc23)C1,CHEMBL3155
CHEMBL13052,O=C1Nc2cccc3c2C1(CCCN1CCN(c2ccccc2)CC1)CCC3,CHEMBL3155
CHEMBL13049,CC1CCCN(CCC(C)N(C)S(=O)(=O)c2cccc3ccccc23)C1,CHEMBL3155
CHEMBL268921,O=C1Nc2cccc3c2C1(CCN1CCN(c2ccccc2)CC1)CCC3,CHEMBL3155
CHEMBL12771,CC1CCN(CC[C@@H](C)N(C)S(=O)(=O)c2ccc(Br)c(Br)c2)CC1,CHEMBL3155
CHEMBL12846,O=C1Nc2cccc3c2C1(CCCCN1CCC(c2ccccc2)CC1)CCC3,CHEMBL3155
CHEMBL12427,O=C1Nc2cccc3c2C1(CCCCN1CCN(c2ccccc2)CC1)CCC3,CHEMBL3155
CHEMBL12777,CC1CCN(CC[C@@H](C)N(C)S(=O)(=O)c2cccc3ccccc23)CC1,CHEMBL3155
CHEMBL12264,Cc1cccc(S(=O)(=O)N(C)[C@H](C)CCN2CCC(C)CC2)c1,CHEMBL3155
CHEMBL428494,O=C1Nc2cccc3c2C1(CCCCN1CCN(c2ccccn2)CC1)CCC3,CHEMBL3155
CHEMBL274595,CC1CCN(CC[C@@H](C)N(C)S(=O)(=O)c2cc(Br)c(Br)s2)CC1,CHEMBL3155
CHEMBL275996,CC1CCN(CC[C@@H](C)N(C)S(=O)(=O)c2ccc(Cl)c(Cl)c2)CC1,CHEMBL3155
CHEMBL177064,COc1ccccc1N1CCN(Cc2ccn(-c3ccccc3C)c2)CC1,CHEMBL3155
CHEMBL368044,COC(=O)c1cccc(C)c1-n1ccc(CN2CCN(c3ccccc3OC)CC2)c1,CHEMBL3155
CHEMBL181874,COc1ccccc1N1CCN(Cc2ccn(-c3ccccc3C#N)c2)CC1,CHEMBL3155
CHEMBL182121,CC(Nc1nc(N)nc(NCCCc2ccccc2)n1)c1ccccc1,CHEMBL3155
CHEMBL182797,CC(Nc1nc(N)nc(NCCOc2ccccc2)n1)c1ccccc1,CHEMBL3155
CHEMBL182174,C[C@H](Nc1nc(N)nc(NCCOc2ccccc2)n1)c1ccccc1,CHEMBL3155
CHEMBL183862,C[C@H](Nc1ncnc(NCCOc2ccccc2)n1)c1ccccc1,CHEMBL3155
CHEMBL441312,C[C@H](Nc1nc(F)nc(NCCOc2ccccc2)n1)c1ccccc1,CHEMBL3155
CHEMBL182840,C[C@H](Nc1nc(NCCOc2ccccc2)nc(N(C)C)n1)c1ccccc1,CHEMBL3155
CHEMBL182805,Cc1nc(NCCOc2ccccc2)nc(N[C@@H](C)c2ccccc2)n1,CHEMBL3155
CHEMBL182322,CC(Nc1nc(N)nc(NCCOc2ccc(F)cc2)n1)c1ccc(F)cc1,CHEMBL3155
CHEMBL182937,C[C@H](Nc1nc(N)nc(NCCOc2ccc(F)cc2)n1)c1ccc(F)cc1,CHEMBL3155
CHEMBL180946,C[C@@H](Nc1nc(N)nc(NCCOc2ccc(F)cc2)n1)c1ccc(F)cc1,CHEMBL3155
CHEMBL183462,CC(Nc1nc(N)nc(NCCc2ccccc2)n1)c1ccc(F)cc1,CHEMBL3155
CHEMBL413049,C[C@H](Nc1nc(N)nc(NCCc2ccc(F)cc2)n1)c1ccc(F)cc1,CHEMBL3155
CHEMBL182418,C[C@H](Nc1nc(N)nc(NCCc2ccccn2)n1)c1ccc(F)cc1,CHEMBL3155
CHEMBL180086,CC(Nc1nc(N)nc(NCCc2cccs2)n1)c1ccc(F)cc1,CHEMBL3155
CHEMBL180087,C[C@H](Nc1cc(NCCc2ccccc2)ncn1)c1ccccc1,CHEMBL3155
CHEMBL182680,C[C@H](Nc1cc(NCCc2ccc(F)cc2)ncn1)c1ccccc1,CHEMBL3155
CHEMBL182943,C[C@H](Nc1cc(NCCOc2ccc(F)cc2)ncn1)c1ccccc1,CHEMBL3155
CHEMBL182070,CC(Nc1nccc(NCCc2ccccc2)n1)c1ccccc1,CHEMBL3155
CHEMBL182071,CC(Nc1nccc(NCCOc2ccc(F)cc2)n1)c1ccccc1,CHEMBL3155
CHEMBL185384,C[C@H](Nc1ccnc(NCCc2ccccc2)n1)c1ccccc1,CHEMBL3155
CHEMBL185437,CC(Nc1ccnc(NCCc2ccc(F)cc2)n1)c1ccccc1,CHEMBL3155
CHEMBL185511,C[C@H](Nc1ccnc(NCCOc2ccccc2)n1)c1ccccc1,CHEMBL3155
CHEMBL183277,C[C@H](Nc1ccnc(NCCOc2ccc(F)cc2)n1)c1ccccc1,CHEMBL3155
CHEMBL181950,C[C@H](Nc1cc(NCCc2ccccc2)ccn1)c1ccccc1,CHEMBL3155
CHEMBL185512,C[C@H](Nc1cc(NCCc2ccc(F)cc2)ccn1)c1ccccc1,CHEMBL3155
CHEMBL184607,C[C@H](Nc1cc(NCCOc2ccccc2)ccn1)c1ccccc1,CHEMBL3155
CHEMBL183423,C[C@H](Nc1cc(NCCOc2ccc(F)cc2)ccn1)c1ccccc1,CHEMBL3155
CHEMBL182356,C[C@H](Nc1cncc(NCCc2ccccc2)c1)c1ccccc1,CHEMBL3155
CHEMBL182006,C[C@H](Nc1cncc(NCCc2ccc(F)cc2)c1)c1ccccc1,CHEMBL3155
CHEMBL359725,C[C@H](Nc1cncc(NCCOc2ccccc2)c1)c1ccccc1,CHEMBL3155
CHEMBL184789,C[C@H](Nc1cncc(NCCOc2ccc(F)cc2)c1)c1ccccc1,CHEMBL3155
CHEMBL182923,C[C@H](Nc1ccnc(NCCc2ccccc2)c1)c1ccccc1,CHEMBL3155
CHEMBL181605,C[C@H](Nc1ccnc(NCCc2ccc(F)cc2)c1)c1ccccc1,CHEMBL3155
CHEMBL181356,C[C@H](Nc1ccnc(NCCOc2ccccc2)c1)c1ccccc1,CHEMBL3155
CHEMBL363452,C[C@H](Nc1ccnc(NCCOc2ccc(F)cc2)c1)c1ccccc1,CHEMBL3155
CHEMBL606547,CN1CCC[C@@H]1Cc1c[nH]c2ccc(NS(=O)(=O)c3ccccc3Cl)cc12,CHEMBL3155
CHEMBL606556,CN1CCC[C@@H]1Cc1c[nH]c2ccc(NS(=O)(=O)c3cccc(Cl)c3)cc12,CHEMBL3155
CHEMBL366164,CN(C)C[C@H]1C[C@@H]2c3ccccc3Sc3ccc(F)cc3[C@H]2O1,CHEMBL3155
CHEMBL329566,CN(C)C[C@H]1C[C@@H]2c3ccccc3Cc3ccccc3[C@H]2O1,CHEMBL3155
CHEMBL42,CN1CCN(C2=Nc3cc(Cl)ccc3Nc3ccccc32)CC1,CHEMBL3155
CHEMBL85,Cc1nc2n(c(=O)c1CCN1CCC(c3noc4cc(F)ccc34)CC1)CCCC2,CHEMBL3155
CHEMBL654,CN1CCN2c3ncccc3Cc3ccccc3C2C1,CHEMBL3155
CHEMBL6437,CN1CCN2c3ccccc3Cc3ccccc3C2C1,CHEMBL3155
CHEMBL195706,CN(C)C[C@@H]1CC2c3ccccc3Oc3ccc(F)cc3[C@H]2O1,CHEMBL3155
CHEMBL194659,CN(C)C[C@H]1CC2c3ccccc3Oc3ccc(F)cc3[C@H]2O1,CHEMBL3155
CHEMBL364270,CN(C)C[C@@H]1CC2c3ccccc3Oc3ccc(Cl)cc3[C@H]2O1,CHEMBL3155
CHEMBL435301,CN(C)C[C@H]1CC2c3ccccc3Oc3ccc(Cl)cc3[C@H]2O1,CHEMBL3155
CHEMBL193435,CN(C)C[C@H]1CC2c3ccccc3Oc3ccc(Br)cc3[C@H]2O1,CHEMBL3155
CHEMBL363581,CN(C)C[C@@H]1CC2c3ccccc3Sc3ccc(F)cc3[C@H]2O1,CHEMBL3155
CHEMBL193639,CN(C)C[C@H]1CC2c3ccccc3Sc3ccc(F)cc3[C@H]2O1,CHEMBL3155
CHEMBL193639,CN(C)C[C@H]1CC2c3ccccc3Sc3ccc(F)cc3[C@H]2O1,CHEMBL3155
CHEMBL198463,CN1CCc2c(sc3ncn(CCN4CCN(c5ccnc6ccccc56)CC4)c(=O)c23)C1,CHEMBL3155
CHEMBL199824,Cn1c(=O)cnn(CCCCN2CCN(c3cccc4ccc(O[11CH3])cc34)CC2)c1=O,CHEMBL3155
CHEMBL204269,CC(C)(CCCN1CCCC(c2ccccc2)C1)S(=O)(=O)c1ccccc1,CHEMBL3155
CHEMBL379238,CC(C)(CCCN1CCCC(c2cnco2)C1)S(=O)(=O)c1ccccc1,CHEMBL3155
CHEMBL203400,CCOC(=O)[C@@H]1CCCN(CCCC(C)(C)S(=O)(=O)c2ccccc2)C1,CHEMBL3155
CHEMBL380511,CC(C)(CCCN1CCCC(C(F)(F)F)C1)S(=O)(=O)c1ccccc1,CHEMBL3155
CHEMBL202780,CC(C)(CCCN1CC[C@@H]2CCCC[C@H]2C1)S(=O)(=O)c1ccccc1,CHEMBL3155
CHEMBL206667,O=S(=O)(CCCCN1CCC2CCCCC2C1)c1ccccc1,CHEMBL3155
CHEMBL206748,O=S(=O)(c1ccccc1)C1(CCCN2CCC3CCCCC3C2)CCC1,CHEMBL3155
CHEMBL206305,O=S(=O)(c1ccccc1)C1(CCCCN2CCC(c3ccccc3)C2)CCC1,CHEMBL3155
CHEMBL382163,O=S(=O)(c1ccccc1)C1(CCN2CCC(c3ccccc3)C2)CCC1,CHEMBL3155
CHEMBL206563,O=S(=O)(c1ccccc1)C1(CCCN2CCC(c3ccccc3)C2)CCC1,CHEMBL3155
CHEMBL204171,O=S(=O)(c1ccccc1)C1(CCCN2CCc3ccccc3C2)CCC1,CHEMBL3155
CHEMBL380613,O=S(=O)(c1ccccc1)C1(CCCN2CCC(c3ccccc3)CC2)CCC1,CHEMBL3155
CHEMBL206747,O=S(=O)(c1ccccc1)C1(CCCN2CCN(c3ccccc3)CC2)CCC1,CHEMBL3155
CHEMBL209324,COc1ccccc1N1CCN(CCCCNS(=O)(=O)c2ccc(C)cc2)CC1,CHEMBL3155
CHEMBL224820,COc1ccccc1N1CCN(CCCCCC(=O)NC2CCCc3ccccc32)CC1,CHEMBL3155
CHEMBL389718,CC(=O)c1ccccc1N1CCN(CCCCCC(=O)NC2CCCc3ccccc32)CC1,CHEMBL3155
CHEMBL225284,CSc1ccccc1N1CCN(CCCCCC(=O)NC2CCCc3ccccc32)CC1,CHEMBL3155
CHEMBL225512,O=C(CCCCCN1CCN(c2ccccc2O)CC1)NC1CCCc2ccccc21,CHEMBL3155
CHEMBL222755,Cc1ccccc1N1CCN(CCCCCC(=O)NC2CCCc3ccccc32)CC1,CHEMBL3155
CHEMBL18840,NCCc1c[nH]c2ccc(C(N)=O)cc12,CHEMBL3155
CHEMBL131495,O=C1c2ccccc2C(=O)N1CCCCN1CC=C(c2c[nH]c3ccc(F)cc23)CC1,CHEMBL3155
CHEMBL243712,CCN1CCCC1CNC(=O)c1cc(S(=O)(=O)CC)c(N)cc1OC,CHEMBL3155
CHEMBL708,O=C1Cc2cc(CCN3CCN(c4nsc5ccccc45)CC3)c(Cl)cc2N1,CHEMBL3155
CHEMBL85,Cc1nc2n(c(=O)c1CCN1CCC(c3noc4cc(F)ccc34)CC1)CCCC2,CHEMBL3155
CHEMBL1112,O=C1CCc2ccc(OCCCCN3CCN(c4cccc(Cl)c4Cl)CC3)cc2N1,CHEMBL3155
CHEMBL716,OCCOCCN1CCN(C2=Nc3ccccc3Sc3ccccc32)CC1,CHEMBL3155
CHEMBL715,Cc1cc2c(s1)Nc1ccccc1N=C2N1CCN(C)CC1,CHEMBL3155
CHEMBL42,CN1CCN(C2=Nc3cc(Cl)ccc3Nc3ccccc32)CC1,CHEMBL3155
CHEMBL54,O=C(CCCN1CCC(O)(c2ccc(Cl)cc2)CC1)c1ccc(F)cc1,CHEMBL3155
CHEMBL71,CN(C)CCCN1c2ccccc2Sc2ccc(Cl)cc21,CHEMBL3155
CHEMBL196514,C[C@H]1Oc2c(cccc2N2CCN(CCCc3c[nH]c4ccc(F)cc34)CC2)NC1=O,CHEMBL3155
CHEMBL221692,Fc1ccc(-c2cncc(CN3CCN(c4cccc5c4OCCO5)CC3)c2)cc1,CHEMBL3155
CHEMBL232791,COc1cccc(OC)c1-c1cccc(CCN(C)C)c1,CHEMBL3155
CHEMBL368044,COC(=O)c1cccc(C)c1-n1ccc(CN2CCN(c3ccccc3OC)CC2)c1,CHEMBL3155
CHEMBL181874,COc1ccccc1N1CCN(Cc2ccn(-c3ccccc3C#N)c2)CC1,CHEMBL3155
CHEMBL177064,COc1ccccc1N1CCN(Cc2ccn(-c3ccccc3C)c2)CC1,CHEMBL3155
CHEMBL234885,Cc1ccccc1-c1cccc(CCN)c1,CHEMBL3155
CHEMBL234881,Cc1cccc(C)c1-c1cccc(CCN(C)C)c1,CHEMBL3155
CHEMBL232792,COc1ccccc1-c1cccc(CCN(C)C)c1,CHEMBL3155
CHEMBL395870,Cc1ccccc1-c1cccc(CCN(C)C)c1,CHEMBL3155
CHEMBL393539,Cc1ccc2c(OCCN3CCC(Cc4ccc5c(c4F)NC(=O)CO5)CC3)cc(F)cc2n1,CHEMBL3155
CHEMBL238732,Cc1ccc2c(OCCN3CCC(Cc4cc(F)c5c(c4)NC(=O)CO5)CC3)cc(Cl)cc2n1,CHEMBL3155
CHEMBL238730,Cc1ccc2c(OCCN3CCC(Cc4cc(F)c5c(c4)NC(=O)CO5)CC3)cc(F)cc2n1,CHEMBL3155
CHEMBL391661,Cc1ccc2c(OCCN3CCC(Cc4cc5c(cc4F)OCC(=O)N5)CC3)cc(Cl)cc2n1,CHEMBL3155
CHEMBL238520,Cc1ccc2c(OCCN3CCC(Cc4cc5c(cc4F)OCC(=O)N5)CC3)cc(F)cc2n1,CHEMBL3155
CHEMBL238519,Cc1ccc2c(OCCN3CCC(Cc4ccc5c(c4F)NC(=O)CO5)CC3)cc(Cl)cc2n1,CHEMBL3155
CHEMBL183460,Cc1ccc2c(OCCN3CCC(Cc4ccc5c(c4)NC(=O)CO5)CC3)cccc2n1,CHEMBL3155
CHEMBL240025,CC(=O)OC1CCc2ccc(/N=C/N(C)Cc3ccccc3)cc21,CHEMBL3155
CHEMBL240024,COc1cc2c(cc1OC)CN(/C=N/c1ccc3c(c1)C1SCCSC1C3)CC2,CHEMBL3155
CHEMBL241282,COc1cc2c(cc1OC)CN(/C=N/c1ccc3c(c1)C1SCCSC1CC3)CC2,CHEMBL3155
CHEMBL241103,CC(=O)OC1CCc2ccc(/N=C/N3CCc4ccccc4C3)cc21,CHEMBL3155
CHEMBL241281,CC(=O)OC1CCCc2ccc(/N=C/N3CCc4ccccc4C3)cc21,CHEMBL3155
CHEMBL241280,Oc1c(F)cccc1CC1NCCc2c1[nH]c1ccccc21,CHEMBL3155
CHEMBL391191,CSc1ccc(CC2NCCc3c2[nH]c2ccccc32)cc1,CHEMBL3155
CHEMBL241279,CSc1ccccc1CC1NCCc2c1[nH]c1ccccc21,CHEMBL3155
CHEMBL241100,CCCSc1ccccc1CC1NCCc2c1[nH]c1ccccc21,CHEMBL3155
CHEMBL391190,COc1ccc2[nH]c3c(c2c1)CCNC3Cc1ccc2c(c1)OCO2,CHEMBL3155
CHEMBL328476,c1ccc2c3c([nH]c2c1)C(Cc1ccc2c(c1)OCO2)NCC3,CHEMBL3155
CHEMBL393275,COc1cccc(CC2NCCc3c2[nH]c2ccc(OC)cc32)c1,CHEMBL3155
CHEMBL319005,COc1cccc(CC2NCCc3c2[nH]c2ccccc32)c1,CHEMBL3155
CHEMBL410604,COc1cc2c(cc1O)-c1c(O)c(OC)cc3c1C(C2)N(C)CC3,CHEMBL3155
CHEMBL239259,CC1(C)CC(=O)N(CCCCN2CCN(c3cccc(C(F)(F)F)c3)CC2)C(=O)C1,CHEMBL3155
CHEMBL240110,CC1C(=O)N(CCCCN2CCN(c3cccc(C(F)(F)F)c3)CC2)C(=O)C1C,CHEMBL3155
CHEMBL239898,O=C1C2CC=CCC2C(=O)N1CCCCN1CCN(c2cccc(C(F)(F)F)c2)CC1,CHEMBL3155
CHEMBL239897,O=C1C2=C(CCCC2)C(=O)N1CCCCN1CCN(c2cccc(C(F)(F)F)c2)CC1,CHEMBL3155
CHEMBL239680,O=C1CCCC(=O)N1CCCCN1CCN(c2cccc(C(F)(F)F)c2)CC1,CHEMBL3155
CHEMBL239467,CC1(C)CC(=O)N(C2CCC(N3CCN(c4cccc(C(F)(F)F)c4)CC3)CC2)C(=O)C1,CHEMBL3155
CHEMBL281924,CO[C@]1(C)c2cccc3c2-c2c1ccc1c2[C@@H](C3)N(C)CC1,CHEMBL3155
CHEMBL253318,CN1CCc2ccc3[nH]c(=O)c4cccc5c4c3c2[C@H]1C5,CHEMBL3155
CHEMBL431298,COc1ccc(NS(=O)(=O)c2sc3ccc(Cl)cc3c2C)cc1N1CCNCC1,CHEMBL3155
CHEMBL1548,NC1=Nc2ccc(Cl)c(Cl)c2CN1,CHEMBL3155
CHEMBL270176,CCC1NC(N)=Nc2cccc(Cl)c21,CHEMBL3155
CHEMBL272781,CC1NC(N)=Nc2c(Cl)ccc(Cl)c21,CHEMBL3155
CHEMBL258073,COc1c(Cl)ccc2c1C(C)NC(N)=N2,CHEMBL3155
CHEMBL401745,COc1cc(Cl)c(C)c2c1N=C(N)NC2C,CHEMBL3155
CHEMBL402179,CNC1=Nc2c(OC(C)C)cccc2C(C)N1,CHEMBL3155
CHEMBL258075,CC(C)Oc1cccc2c1N=C(N)NC2C,CHEMBL3155
CHEMBL408152,COc1cccc2c1N=C(N)NC2C,CHEMBL3155
CHEMBL271298,CNC1=Nc2ccc(Cl)c(Cl)c2C(C)N1,CHEMBL3155
CHEMBL273170,CC1NC(N)=Nc2ccc(Cl)c(Cl)c21,CHEMBL3155
CHEMBL439240,CCC1NC(N)=Nc2ccc(Cl)c(Cl)c21,CHEMBL3155
CHEMBL269964,CNC1=Nc2cccc(Cl)c2C(C)N1,CHEMBL3155
CHEMBL270177,CC1NC(N)=Nc2cccc(Cl)c21,CHEMBL3155
CHEMBL270177,CC1NC(N)=Nc2cccc(Cl)c21,CHEMBL3155
CHEMBL404511,CC1NC(NCC(F)F)=Nc2cccc(Cl)c21,CHEMBL3155
CHEMBL257744,COc1c(Cl)ccc2c1C(C)NC(NCC(F)F)=N2,CHEMBL3155
CHEMBL446459,CC(C)Oc1cccc2c1N=C(NCC(F)F)NC2C,CHEMBL3155
CHEMBL404248,COc1cccc2c1N=C(NCC(F)F)NC2C,CHEMBL3155
CHEMBL256694,C[C@@H]1NC(NCC(F)F)=Nc2ccc(Cl)c(Cl)c21,CHEMBL3155
CHEMBL429136,CC1NC(NCC(F)F)=Nc2ccc(Cl)c(Cl)c21,CHEMBL3155
CHEMBL404372,C[C@@H]1NC(N)=Nc2cccc(Cl)c21,CHEMBL3155
CHEMBL541993,C[C@@H]1NC(NCC(F)F)=Nc2cccc(Cl)c21,CHEMBL3155
CHEMBL406221,CCOc1ccccc1N1CCN(CCCC(=O)NCc2nc3ccc(F)cc3c(=O)n2-c2ccc(OC)cc2)CC1,CHEMBL3155
CHEMBL259407,COc1ccc(-n2c(CNC(=O)CCCN3CCN(c4ccccc4OC)CC3)nc3ccc(F)cc3c2=O)cc1,CHEMBL3155
CHEMBL259199,CCOc1ccccc1N1CCN(CCCC(=O)NCc2nc3cc(F)ccc3c(=O)n2-c2ccc(OC)cc2)CC1,CHEMBL3155
CHEMBL260756,CCOc1ccccc1N1CCN(CCCC(=O)NCc2nc3ccccc3c(=O)n2-c2ccc(OC)cc2)CC1,CHEMBL3155
CHEMBL258956,COc1ccc(-n2c(CNC(=O)CCCN3CCN(c4ccccc4OC)CC3)nc3ccccc3c2=O)cc1,CHEMBL3155
CHEMBL261742,CCOc1ccccc1N1CCN(CCCC(=O)NCc2nc3ccc(F)cc3c(=O)n2-c2cccc(OC)c2)CC1,CHEMBL3155
CHEMBL260804,COc1cccc(-n2c(CNC(=O)CCCN3CCN(c4ccccc4OC)CC3)nc3ccc(F)cc3c2=O)c1,CHEMBL3155
CHEMBL258995,CCOc1ccccc1N1CCN(CCCC(=O)NCc2nc3cc(F)ccc3c(=O)n2-c2cccc(OC)c2)CC1,CHEMBL3155
CHEMBL260022,CCOc1ccccc1N1CCN(CCCC(=O)NCc2nc3ccccc3c(=O)n2-c2cccc(OC)c2)CC1,CHEMBL3155
CHEMBL407411,COc1cccc(-n2c(CNC(=O)CCCN3CCN(c4ccccc4OC)CC3)nc3ccccc3c2=O)c1,CHEMBL3155
CHEMBL259001,CCOc1ccccc1N1CCN(CCCC(=O)NCc2nc3ccc(F)cc3c(=O)n2-c2ccccc2OC)CC1,CHEMBL3155
CHEMBL409156,COc1ccccc1N1CCN(CCCC(=O)NCc2nc3ccc(F)cc3c(=O)n2-c2ccccc2OC)CC1,CHEMBL3155
CHEMBL260514,CCOc1ccccc1N1CCN(CCCC(=O)NCc2nc3cc(F)ccc3c(=O)n2-c2ccccc2OC)CC1,CHEMBL3155
CHEMBL408717,CCOc1ccccc1N1CCN(CCCC(=O)NCc2nc3ccccc3c(=O)n2-c2ccccc2OC)CC1,CHEMBL3155
CHEMBL260902,COc1ccccc1N1CCN(CCCC(=O)NCc2nc3ccccc3c(=O)n2-c2ccccc2OC)CC1,CHEMBL3155
CHEMBL260906,O=C(CCCN1CCN(c2cccc(C(F)(F)F)c2)CC1)NCc1nc2ccc(F)cc2c(=O)n1-c1ccccc1,CHEMBL3155
CHEMBL260907,CCOc1ccccc1N1CCN(CCCC(=O)NCc2nc3ccc(F)cc3c(=O)n2-c2ccccc2)CC1,CHEMBL3155
CHEMBL259776,COc1ccccc1N1CCN(CCCC(=O)NCc2nc3ccc(F)cc3c(=O)n2-c2ccccc2)CC1,CHEMBL3155
CHEMBL411104,Cc1ccc(N2CCN(CCCC(=O)NCc3nc4ccc(F)cc4c(=O)n3-c3ccccc3)CC2)cc1C,CHEMBL3155
CHEMBL261149,Cc1ccc(C)c(N2CCN(CCCC(=O)NCc3nc4ccc(F)cc4c(=O)n3-c3ccccc3)CC2)c1,CHEMBL3155
CHEMBL261434,Cc1cccc(N2CCN(CCCC(=O)NCc3nc4ccc(F)cc4c(=O)n3-c3ccccc3)CC2)c1C,CHEMBL3155
CHEMBL407966,O=C(CCCN1CCN(c2ccc(Cl)c(Cl)c2)CC1)NCc1nc2ccc(F)cc2c(=O)n1-c1ccccc1,CHEMBL3155
CHEMBL260970,O=C(CCCN1CCN(c2cccc(Cl)c2)CC1)NCc1nc2ccc(F)cc2c(=O)n1-c1ccccc1,CHEMBL3155
CHEMBL405892,O=C(CCCN1CCN(c2ccccc2Cl)CC1)NCc1nc2ccc(F)cc2c(=O)n1-c1ccccc1,CHEMBL3155
CHEMBL261019,O=C(CCCN1CCN(c2cccc(C(F)(F)F)c2)CC1)NCc1nc2cc(F)ccc2c(=O)n1-c1ccccc1,CHEMBL3155
CHEMBL258785,CCOc1ccccc1N1CCN(CCCC(=O)NCc2nc3cc(F)ccc3c(=O)n2-c2ccccc2)CC1,CHEMBL3155
CHEMBL260705,COc1ccccc1N1CCN(CCCC(=O)NCc2nc3cc(F)ccc3c(=O)n2-c2ccccc2)CC1,CHEMBL3155
CHEMBL261102,Cc1cccc(N2CCN(CCCC(=O)NCc3nc4cc(F)ccc4c(=O)n3-c3ccccc3)CC2)c1C,CHEMBL3155
CHEMBL411105,O=C(CCCN1CCN(c2cccc(Cl)c2)CC1)NCc1nc2cc(F)ccc2c(=O)n1-c1ccccc1,CHEMBL3155
CHEMBL259408,O=C(CCCN1CCN(c2ccccc2Cl)CC1)NCc1nc2cc(F)ccc2c(=O)n1-c1ccccc1,CHEMBL3155
CHEMBL261231,CCOc1ccccc1N1CCN(CCCC(=O)NCc2nc3ccccc3c(=O)n2-c2ccccc2)CC1,CHEMBL3155
CHEMBL428781,COc1ccccc1N1CCN(CCCC(=O)NCc2nc3ccccc3c(=O)n2-c2ccccc2)CC1,CHEMBL3155
CHEMBL259827,Cc1ccc(N2CCN(CCCC(=O)NCc3nc4ccccc4c(=O)n3-c3ccccc3)CC2)cc1C,CHEMBL3155
CHEMBL260706,O=C(CCCN1CCN(c2ccc(Cl)c(Cl)c2)CC1)NCc1nc2ccccc2c(=O)n1-c1ccccc1,CHEMBL3155
CHEMBL260073,O=C(CCCN1CCN(c2cccc(Cl)c2)CC1)NCc1nc2ccccc2c(=O)n1-c1ccccc1,CHEMBL3155
CHEMBL260074,O=C(CCCN1CCN(c2ccccc2Cl)CC1)NCc1nc2ccccc2c(=O)n1-c1ccccc1,CHEMBL3155
CHEMBL436700,CCOc1ccccc1N1CCN(CCC(=O)NCc2nc3ccccc3c(=O)n2-c2ccccc2)CC1,CHEMBL3155
CHEMBL259626,COc1ccccc1N1CCN(CCC(=O)NCc2nc3ccccc3c(=O)n2-c2ccccc2)CC1,CHEMBL3155
CHEMBL261291,Cc1cccc(N2CCN(CCC(=O)NCc3nc4ccccc4c(=O)n3-c3ccccc3)CC2)c1C,CHEMBL3155
CHEMBL93240,CSc1ccc2c(c1)C(N1CCN(C)CC1)Cc1ccccc1S2,CHEMBL3155
CHEMBL412143,CCC1(CCCN2CCN(c3cccc(Cl)c3)CC2)C(=O)Nc2ccccc21,CHEMBL3155
CHEMBL260870,CCC1(CCCCN2CCN(c3ccc(Cl)cc3)CC2)C(=O)Nc2c(Cl)cc(Cl)cc21,CHEMBL3155
CHEMBL260761,CCC1(CCCCN2CCN(c3ccc(Cl)cc3)CC2)C(=O)Nc2c(Cl)cc(F)cc21,CHEMBL3155
CHEMBL260551,CCC1(CCCCN2CCN(c3ccc(Cl)cc3)CC2)C(=O)Nc2cc(F)c(Cl)cc21,CHEMBL3155
CHEMBL409662,CCC1(CCCCN2CCN(c3ccc(Cl)cc3)CC2)C(=O)Nc2cc(F)ccc21,CHEMBL3155
CHEMBL269083,CCC1(CCCCN2CCN(c3ccc(Cl)cc3)CC2)C(=O)Nc2ccc(Cl)cc21,CHEMBL3155
CHEMBL259010,CCC1(CCCCN2CCN(c3ccc(Cl)cc3)CC2)C(=O)Nc2ccc(F)cc21,CHEMBL3155
CHEMBL259009,CCC1(CCCCN2CCN(c3cccc(Cl)c3)CC2)C(=O)Nc2c(Cl)cc(Cl)cc21,CHEMBL3155
CHEMBL259215,CCC1(CCCCN2CCN(c3cccc(Cl)c3)CC2)C(=O)Nc2c(Cl)cc(F)cc21,CHEMBL3155
CHEMBL261009,CCC1(CCCCN2CCN(c3cccc(Cl)c3)CC2)C(=O)Nc2cc(F)c(Cl)cc21,CHEMBL3155
CHEMBL259549,CCC1(CCCCN2CCN(c3cccc(Cl)c3)CC2)C(=O)Nc2cc(F)ccc21,CHEMBL3155
CHEMBL411919,CCC1(CCCCN2CCN(c3cccc(Cl)c3)CC2)C(=O)Nc2ccc(Cl)cc21,CHEMBL3155
CHEMBL407263,CCC1(CCCCN2CCc3ccccc3C2)C(=O)Nc2ccccc21,CHEMBL3155
CHEMBL410128,CCC1(CCCCN2CCc3sccc3C2)C(=O)Nc2ccccc21,CHEMBL3155
CHEMBL258537,CCC1(CCCCN2CCC(c3ccc(F)cc3)CC2)C(=O)Nc2ccccc21,CHEMBL3155
CHEMBL410225,CCC1(CCCCN2CC=C(c3ccc(F)cc3)CC2)C(=O)Nc2ccccc21,CHEMBL3155
CHEMBL410226,CCC1(CCCCN2CC=C(c3ccc(Cl)cc3)CC2)C(=O)Nc2ccccc21,CHEMBL3155
CHEMBL259086,CCC1(CCCCN2CCN(c3ccc(C)c(Cl)c3)CC2)C(=O)Nc2ccccc21,CHEMBL3155
CHEMBL406414,CCC1(CCCCN2CCN(c3ccc(F)c(Cl)c3)CC2)C(=O)Nc2ccccc21,CHEMBL3155
CHEMBL259087,CCC1(CCCCN2CCN(c3ccc(Cl)c(Cl)c3)CC2)C(=O)Nc2ccccc21,CHEMBL3155
CHEMBL260872,CCC1(CCCCN2CCN(c3ccc(F)cc3)CC2)C(=O)Nc2ccccc21,CHEMBL3155
CHEMBL407412,CCC1(CCCCN2CCN(c3ccccc3Cl)CC2)C(=O)Nc2ccccc21,CHEMBL3155
CHEMBL258593,CCC1(CCCCN2CCN(c3ccc(OC)cc3)CC2)C(=O)Nc2ccccc21,CHEMBL3155
CHEMBL260762,CCC1(CCCCN2CCN(c3cccc(OC)c3)CC2)C(=O)Nc2ccccc21,CHEMBL3155
CHEMBL411663,O=C1Nc2ccc(F)cc2C1CCCCN1CCN(c2ccccc2)CC1,CHEMBL3155
CHEMBL260994,O=C1Nc2ccccc2C1CCCCN1CCN(c2ccc(Cl)cc2)CC1,CHEMBL3155
CHEMBL261209,O=C1Nc2ccccc2C1CCCCN1CCN(c2cccc(Cl)c2)CC1,CHEMBL3155
CHEMBL408191,CC(C)CC1(CCCCN2CCN(c3cccc(Cl)c3)CC2)C(=O)Nc2ccccc21,CHEMBL3155
CHEMBL408426,O=C1Nc2ccc(F)cc2C1CCCCN1CCN(c2ccc(F)cc2)CC1,CHEMBL3155
CHEMBL259216,CCC1(CCCCN2CCN(c3ccc(F)cc3)CC2)C(=O)Nc2ccc(F)cc21,CHEMBL3155
CHEMBL408450,O=C1Nc2ccc(F)cc2C1CCCCN1CCN(c2cccc(Cl)c2)CC1,CHEMBL3155
CHEMBL259550,CCC1(CCCCN2CCN(c3cccc(Cl)c3)CC2)C(=O)Nc2ccc(F)cc21,CHEMBL3155
CHEMBL408451,CCC1(CCCCN2CCN(c3ccccc3OC)CC2)C(=O)N(Cc2ccccc2)c2ccccc21,CHEMBL3155
CHEMBL265927,CCC1(CCCCN2CCN(c3ccccc3OC)CC2)C(=O)Nc2ccccc21,CHEMBL3155
CHEMBL408429,CCC1(CCCCN2CCN(c3ccccc3)CC2)C(=O)N(C)c2ccccc21,CHEMBL3155
CHEMBL410628,CCC1(CCCCN2CCN(c3ccccc3)CC2)C(=O)Nc2ccccc21,CHEMBL3155
CHEMBL262068,CCC1(CCCCCN2CCN(c3ccc(Cl)cc3)CC2)C(=O)Nc2ccccc21,CHEMBL3155
CHEMBL261719,CCC1(CCCCN2CCN(c3ccc(Cl)cc3)CC2)C(=O)Nc2ccccc21,CHEMBL3155
CHEMBL258496,CCC1(CCCCCN2CCN(c3cccc(Cl)c3)CC2)C(=O)Nc2ccccc21,CHEMBL3155
CHEMBL408976,CCC1(CCCCN2CCN(c3cccc(Cl)c3)CC2)C(=O)Nc2ccccc21,CHEMBL3155
CHEMBL12702,COc1ccccc1N1CCN(CCCCC23CCCc4cccc(c42)NC3=O)CC1,CHEMBL3155
CHEMBL348890,O=C1Nc2ccc(Cl)c3c2C1(CCCCN1CC=C(c2ccc(Cl)cc2)CC1)CCC3,CHEMBL3155
CHEMBL85602,CN1C(=O)C2(CCCCN3CCc4sccc4C3)CCCc3cccc1c32,CHEMBL3155
CHEMBL553794,CNC(=O)Cn1c2c(c3ccccc31)CCN(CCCCC13CCCc4cccc(c41)NC3=O)C2,CHEMBL3155
CHEMBL261719,CCC1(CCCCN2CCN(c3ccc(Cl)cc3)CC2)C(=O)Nc2ccccc21,CHEMBL3155
CHEMBL261291,Cc1cccc(N2CCN(CCC(=O)NCc3nc4ccccc4c(=O)n3-c3ccccc3)CC2)c1C,CHEMBL3155
CHEMBL259626,COc1ccccc1N1CCN(CCC(=O)NCc2nc3ccccc3c(=O)n2-c2ccccc2)CC1,CHEMBL3155
CHEMBL436700,CCOc1ccccc1N1CCN(CCC(=O)NCc2nc3ccccc3c(=O)n2-c2ccccc2)CC1,CHEMBL3155
CHEMBL260074,O=C(CCCN1CCN(c2ccccc2Cl)CC1)NCc1nc2ccccc2c(=O)n1-c1ccccc1,CHEMBL3155
CHEMBL260073,O=C(CCCN1CCN(c2cccc(Cl)c2)CC1)NCc1nc2ccccc2c(=O)n1-c1ccccc1,CHEMBL3155
CHEMBL260706,O=C(CCCN1CCN(c2ccc(Cl)c(Cl)c2)CC1)NCc1nc2ccccc2c(=O)n1-c1ccccc1,CHEMBL3155
CHEMBL259827,Cc1ccc(N2CCN(CCCC(=O)NCc3nc4ccccc4c(=O)n3-c3ccccc3)CC2)cc1C,CHEMBL3155
CHEMBL428781,COc1ccccc1N1CCN(CCCC(=O)NCc2nc3ccccc3c(=O)n2-c2ccccc2)CC1,CHEMBL3155
CHEMBL261231,CCOc1ccccc1N1CCN(CCCC(=O)NCc2nc3ccccc3c(=O)n2-c2ccccc2)CC1,CHEMBL3155
CHEMBL259408,O=C(CCCN1CCN(c2ccccc2Cl)CC1)NCc1nc2cc(F)ccc2c(=O)n1-c1ccccc1,CHEMBL3155
CHEMBL411105,O=C(CCCN1CCN(c2cccc(Cl)c2)CC1)NCc1nc2cc(F)ccc2c(=O)n1-c1ccccc1,CHEMBL3155
CHEMBL261102,Cc1cccc(N2CCN(CCCC(=O)NCc3nc4cc(F)ccc4c(=O)n3-c3ccccc3)CC2)c1C,CHEMBL3155
CHEMBL260705,COc1ccccc1N1CCN(CCCC(=O)NCc2nc3cc(F)ccc3c(=O)n2-c2ccccc2)CC1,CHEMBL3155
CHEMBL258785,CCOc1ccccc1N1CCN(CCCC(=O)NCc2nc3cc(F)ccc3c(=O)n2-c2ccccc2)CC1,CHEMBL3155
CHEMBL261019,O=C(CCCN1CCN(c2cccc(C(F)(F)F)c2)CC1)NCc1nc2cc(F)ccc2c(=O)n1-c1ccccc1,CHEMBL3155
CHEMBL405892,O=C(CCCN1CCN(c2ccccc2Cl)CC1)NCc1nc2ccc(F)cc2c(=O)n1-c1ccccc1,CHEMBL3155
CHEMBL260970,O=C(CCCN1CCN(c2cccc(Cl)c2)CC1)NCc1nc2ccc(F)cc2c(=O)n1-c1ccccc1,CHEMBL3155
CHEMBL407966,O=C(CCCN1CCN(c2ccc(Cl)c(Cl)c2)CC1)NCc1nc2ccc(F)cc2c(=O)n1-c1ccccc1,CHEMBL3155
CHEMBL261434,Cc1cccc(N2CCN(CCCC(=O)NCc3nc4ccc(F)cc4c(=O)n3-c3ccccc3)CC2)c1C,CHEMBL3155
CHEMBL261149,Cc1ccc(C)c(N2CCN(CCCC(=O)NCc3nc4ccc(F)cc4c(=O)n3-c3ccccc3)CC2)c1,CHEMBL3155
CHEMBL411104,Cc1ccc(N2CCN(CCCC(=O)NCc3nc4ccc(F)cc4c(=O)n3-c3ccccc3)CC2)cc1C,CHEMBL3155
CHEMBL259776,COc1ccccc1N1CCN(CCCC(=O)NCc2nc3ccc(F)cc3c(=O)n2-c2ccccc2)CC1,CHEMBL3155
CHEMBL260907,CCOc1ccccc1N1CCN(CCCC(=O)NCc2nc3ccc(F)cc3c(=O)n2-c2ccccc2)CC1,CHEMBL3155
CHEMBL260906,O=C(CCCN1CCN(c2cccc(C(F)(F)F)c2)CC1)NCc1nc2ccc(F)cc2c(=O)n1-c1ccccc1,CHEMBL3155
CHEMBL260902,COc1ccccc1N1CCN(CCCC(=O)NCc2nc3ccccc3c(=O)n2-c2ccccc2OC)CC1,CHEMBL3155
CHEMBL408717,CCOc1ccccc1N1CCN(CCCC(=O)NCc2nc3ccccc3c(=O)n2-c2ccccc2OC)CC1,CHEMBL3155
CHEMBL260514,CCOc1ccccc1N1CCN(CCCC(=O)NCc2nc3cc(F)ccc3c(=O)n2-c2ccccc2OC)CC1,CHEMBL3155
CHEMBL409156,COc1ccccc1N1CCN(CCCC(=O)NCc2nc3ccc(F)cc3c(=O)n2-c2ccccc2OC)CC1,CHEMBL3155
CHEMBL259001,CCOc1ccccc1N1CCN(CCCC(=O)NCc2nc3ccc(F)cc3c(=O)n2-c2ccccc2OC)CC1,CHEMBL3155
CHEMBL407411,COc1cccc(-n2c(CNC(=O)CCCN3CCN(c4ccccc4OC)CC3)nc3ccccc3c2=O)c1,CHEMBL3155
CHEMBL260022,CCOc1ccccc1N1CCN(CCCC(=O)NCc2nc3ccccc3c(=O)n2-c2cccc(OC)c2)CC1,CHEMBL3155
CHEMBL258995,CCOc1ccccc1N1CCN(CCCC(=O)NCc2nc3cc(F)ccc3c(=O)n2-c2cccc(OC)c2)CC1,CHEMBL3155
CHEMBL260804,COc1cccc(-n2c(CNC(=O)CCCN3CCN(c4ccccc4OC)CC3)nc3ccc(F)cc3c2=O)c1,CHEMBL3155
CHEMBL261742,CCOc1ccccc1N1CCN(CCCC(=O)NCc2nc3ccc(F)cc3c(=O)n2-c2cccc(OC)c2)CC1,CHEMBL3155
CHEMBL258956,COc1ccc(-n2c(CNC(=O)CCCN3CCN(c4ccccc4OC)CC3)nc3ccccc3c2=O)cc1,CHEMBL3155
CHEMBL260756,CCOc1ccccc1N1CCN(CCCC(=O)NCc2nc3ccccc3c(=O)n2-c2ccc(OC)cc2)CC1,CHEMBL3155
CHEMBL259199,CCOc1ccccc1N1CCN(CCCC(=O)NCc2nc3cc(F)ccc3c(=O)n2-c2ccc(OC)cc2)CC1,CHEMBL3155
CHEMBL259407,COc1ccc(-n2c(CNC(=O)CCCN3CCN(c4ccccc4OC)CC3)nc3ccc(F)cc3c2=O)cc1,CHEMBL3155
CHEMBL406221,CCOc1ccccc1N1CCN(CCCC(=O)NCc2nc3ccc(F)cc3c(=O)n2-c2ccc(OC)cc2)CC1,CHEMBL3155
CHEMBL493625,COc1ccc(S(=O)(=O)NCCCN2CCN(c3cccc(C(F)(F)F)c3)CC2)cc1,CHEMBL3155
CHEMBL495250,COc1ccc(S(=O)(=O)NC(C)CCN2CCN(c3cccc(C(F)(F)F)c3)CC2)cc1,CHEMBL3155
CHEMBL495212,O=S(=O)(NCCCN1CCN(c2ccc(Cl)c(Cl)c2)CC1)c1ccc2ccccc2c1,CHEMBL3155
CHEMBL495445,O=S(=O)(NCCCN1CCN(c2ccc(F)cc2)CC1)c1ccc2ccccc2c1,CHEMBL3155
CHEMBL494428,O=S(=O)(NCCCN1CCN(c2ccccc2F)CC1)c1ccc2ccccc2c1,CHEMBL3155
CHEMBL493416,COc1cccc(N2CCN(CCCNS(=O)(=O)c3ccc4ccccc4c3)CC2)c1,CHEMBL3155
CHEMBL497749,COc1ccccc1N1CCN(CCCNS(=O)(=O)c2ccc3ccccc3c2)CC1,CHEMBL3155
CHEMBL495678,O=S(=O)(NCCCN1CCN(c2cccc(C(F)(F)F)c2)CC1)c1ccc2ccccc2c1,CHEMBL3155
CHEMBL492793,COc1ccc(S(=O)(=O)NCCCN2CCN(c3ccc(Cl)c(Cl)c3)CC2)cc1,CHEMBL3155
CHEMBL493816,COc1ccc(S(=O)(=O)NCCCN2CCN(c3ccc(F)cc3)CC2)cc1,CHEMBL3155
CHEMBL522006,COc1ccc(S(=O)(=O)NCCCN2CCN(c3ccccc3F)CC2)cc1,CHEMBL3155
CHEMBL427518,COc1ccc(S(=O)(=O)NCCCN2CCN(c3ccccc3OC)CC2)cc1,CHEMBL3155
CHEMBL522708,Cc1ccc2c(OCCN3CCC(Cc4cccc(N5CCCS5(=O)=O)c4)CC3)cccc2n1,CHEMBL3155
CHEMBL497963,Cc1ccc2c(OCCN3CCC(Cc4cccc(NS(C)(=O)=O)c4)CC3)cccc2n1,CHEMBL3155
CHEMBL39,NCCc1c[nH]c2ccc(O)cc12,CHEMBL3155
CHEMBL39,NCCc1c[nH]c2ccc(O)cc12,CHEMBL3155
CHEMBL393492,COc1ccccc1N1CCN(CCCCN2Cc3ccccc3C2=O)CC1,CHEMBL3155
CHEMBL521973,O=C1c2ccccc2CN1CCCCCN1CCN(c2ccccc2)CC1,CHEMBL3155
CHEMBL395933,O=C1Cc2ccccc2N1CCCCN1CCN(c2ccccc2)CC1,CHEMBL3155
CHEMBL394080,COc1ccccc1N1CCN(CCCCN2C(=O)Cc3ccccc32)CC1,CHEMBL3155
CHEMBL489028,O=C1Cc2ccccc2N1CCCCN1CCN(c2cccc3ccccc23)CC1,CHEMBL3155
CHEMBL489029,O=C1Cc2ccccc2N1CCCCCN1CCN(c2ccccc2)CC1,CHEMBL3155
CHEMBL522417,COc1ccccc1N1CCN(CCCCCN2C(=O)Cc3ccccc32)CC1,CHEMBL3155
CHEMBL506875,O=C1Cc2ccccc2N1CCCCCN1CCN(c2cccc3ccccc23)CC1,CHEMBL3155
CHEMBL523121,O=C1Cc2ccccc2N1CCCCCN1CCN(c2cccc3[nH]cnc23)CC1,CHEMBL3155
CHEMBL490644,O=C1Cc2ccccc2N1C/C=C\CN1CCN(c2cccc3ccccc23)CC1,CHEMBL3155
CHEMBL490645,O=C1Cc2ccccc2N1C/C=C/CN1CCN(c2cccc3ccccc23)CC1,CHEMBL3155
CHEMBL489448,O=C1Cc2ccccc2N1CCCCN1CCC(c2ccccc2)CC1,CHEMBL3155
CHEMBL489255,O=C1Cc2ccccc2N1CCCCN1CCCC(c2ccccc2)C1,CHEMBL3155
CHEMBL445334,O=C1Cc2ccccc2N1CCCCN1CCc2ccccc2C1,CHEMBL3155
CHEMBL455210,O=C1Cc2ccccc2N1CCCN1CCc2ccccc2C1,CHEMBL3155
CHEMBL12259,O=C1c2cccc3cccc(c23)N1CCCCCN1CCN(c2ccccc2)CC1,CHEMBL3155
CHEMBL445334,O=C1Cc2ccccc2N1CCCCN1CCc2ccccc2C1,CHEMBL3155
CHEMBL39,NCCc1c[nH]c2ccc(O)cc12,CHEMBL3155
CHEMBL12314,CN1C[C@@H](NS(=O)(=O)N(C)C)C[C@@H]2c3cccc4c3c(cn4C)C[C@H]21,CHEMBL3155
CHEMBL476615,COc1ccc(-n2c(=O)n(CCN3CCN(c4ccccc4OC)CC3)c3ccccc32)cc1,CHEMBL3155
CHEMBL476616,COc1ccc(-n2c(=O)n(CCCN3CCN(c4ccccc4OC)CC3)c3ccccc32)cc1,CHEMBL3155
CHEMBL476821,COc1ccc(-n2c(=O)n(CCCCN3CCN(c4ccccc4OC)CC3)c3ccccc32)cc1,CHEMBL3155
CHEMBL478682,O=c1[nH]c2ccccc2n1CCCN1CCN(c2ccccc2)CC1,CHEMBL3155
CHEMBL478680,COc1ccccc1N1CCN(CCCn2c(=O)[nH]c3ccccc32)CC1,CHEMBL3155
CHEMBL476462,O=c1[nH]c2ccccc2n1CCCCN1CCN(c2ccccc2)CC1,CHEMBL3155
CHEMBL476463,COc1ccccc1N1CCN(CCCCn2c(=O)[nH]c3ccccc32)CC1,CHEMBL3155
CHEMBL515780,O=c1[nH]c2ccccc2n1CCCCCN1CCN(c2ccccc2)CC1,CHEMBL3155
CHEMBL476464,COc1ccccc1N1CCN(CCCCCn2c(=O)[nH]c3ccccc32)CC1,CHEMBL3155
CHEMBL478905,O=c1[nH]c2ccccc2n1CCCCCCN1CCN(c2ccccc2)CC1,CHEMBL3155
CHEMBL518752,COc1ccccc1N1CCN(CCCCCCn2c(=O)[nH]c3ccccc32)CC1,CHEMBL3155
CHEMBL479105,O=c1[nH]c2ccccc2n1CCCCCN1CCN(c2cccc(Cl)c2)CC1,CHEMBL3155
CHEMBL515939,O=c1[nH]c2ccccc2n1CCCCCN1CCN(c2ccc(Cl)cc2)CC1,CHEMBL3155
CHEMBL177064,COc1ccccc1N1CCN(Cc2ccn(-c3ccccc3C)c2)CC1,CHEMBL3155
CHEMBL402143,COc1c(OCCF)cccc1C(O)C1CCN(CCc2ccc(F)cc2)CC1,CHEMBL3155
CHEMBL515472,COc1c(OCCF)cccc1[C@H](O)C1CCN(CCc2ccc(F)cc2)CC1,CHEMBL3155
CHEMBL516088,COc1c(OCCF)cccc1C(=O)C1CCN(CCc2ccc(F)cc2)CC1,CHEMBL3155
CHEMBL39,NCCc1c[nH]c2ccc(O)cc12,CHEMBL3155
CHEMBL93240,CSc1ccc2c(c1)C(N1CCN(C)CC1)Cc1ccccc1S2,CHEMBL3155
CHEMBL39,NCCc1c[nH]c2ccc(O)cc12,CHEMBL3155
CHEMBL282199,CC1CCN(CC[C@H]2CCCN2S(=O)(=O)c2cccc(O)c2)CC1,CHEMBL3155
CHEMBL204171,O=S(=O)(c1ccccc1)C1(CCCN2CCc3ccccc3C2)CCC1,CHEMBL3155
CHEMBL497749,COc1ccccc1N1CCN(CCCNS(=O)(=O)c2ccc3ccccc3c2)CC1,CHEMBL3155
CHEMBL557330,COc1ccccc1N1CCN(C(=O)NC(=N)NCc2cccc3ccccc23)CC1,CHEMBL3155
CHEMBL561346,CCOc1ccccc1CNC(=N)NC(=O)NC,CHEMBL3155
CHEMBL563760,Cc1cccc(S(=O)(=O)NCCNC(=N)N2CCC(C)CC2)c1,CHEMBL3155
CHEMBL558025,Cc1cccc(S(=O)(=O)NCCNC(=N)N2CCC(c3ccccc3)CC2)c1,CHEMBL3155
CHEMBL561750,Cc1cccc(S(=O)(=O)NCCCNC(=N)N2CCC(c3ccccc3)CC2)c1,CHEMBL3155
CHEMBL550881,COc1ccccc1N1CCN(C(=N)NCCCNS(=O)(=O)c2cccc3ccccc23)CC1,CHEMBL3155
CHEMBL557740,Cc1cccc(S(=O)(=O)NCCCCNC(=N)N2CCC(c3ccccc3)CC2)c1,CHEMBL3155
CHEMBL559260,COc1ccccc1N1CCN(C(=N)NCCCCNS(=O)(=O)c2ccc(C)cc2)CC1,CHEMBL3155
CHEMBL564509,N=C(NCCCCNS(=O)(=O)c1cccc2ccccc12)N1CCc2ccccc2C1,CHEMBL3155
CHEMBL21343,CCN(CC)C(=O)[C@@H]1C=C2c3cccc4[nH]cc(c34)C[C@H]2NC1,CHEMBL3155
CHEMBL467094,COc1cc2c3c(c1OC)-c1cc4c(cc1CC3N(C)CC2)OCO4,CHEMBL3155
CHEMBL589390,Cc1ccc2c(c1)c1c(n2CCc2ccc(C)nc2)CCN(C)C1,CHEMBL3155
CHEMBL605081,Cc1ccc(CCn2c3c(c4cc(C)ccc42)CN(C)CC3)cc1,CHEMBL3155
CHEMBL592752,Cc1ccc2c(c1)c1c(n2CCc2ccccc2)CCN(C)C1,CHEMBL3155
CHEMBL605405,Cc1ccc2c(c1)c1c(n2/C=C\c2ccccc2)CCN(C)C1,CHEMBL3155
CHEMBL602882,O=S(=O)(c1cccc2ccccc12)N(CCCN1CCN(c2ccccc2)CC1)CC1CCCCC1,CHEMBL3155
CHEMBL601659,O=S(=O)(c1ccc(F)cc1)N(CCCN1CCN(c2ccccc2)CC1)CC1CCCCC1,CHEMBL3155
CHEMBL605582,O=[N+]([O-])c1ccc(S(=O)(=O)N(CCCN2CCN(c3ccccc3)CC2)CC2CCCCC2)cc1,CHEMBL3155
CHEMBL600822,COc1ccc(S(=O)(=O)N(CCCN2CCN(c3ccccc3OC)CC2)CC2CCCCC2)cc1,CHEMBL3155
CHEMBL601885,COc1ccccc1N1CCN(CCCN(CC2CCCCC2)S(=O)(=O)c2cccc3cccnc23)CC1,CHEMBL3155
CHEMBL601886,O=S(=O)(c1cccc2cccnc12)N(CCCN1CCN(c2cccc(C(F)(F)F)c2)CC1)CC1CCCCC1,CHEMBL3155
CHEMBL601457,O=S(=O)(c1cccc2ccccc12)N(CCCN1CCN(c2ccccc2)CC1)CC1CC1,CHEMBL3155
CHEMBL601673,O=S(=O)(c1ccc(F)cc1)N(CCCN1CCN(c2ccccc2)CC1)CC1CC1,CHEMBL3155
CHEMBL601249,COc1ccc(S(=O)(=O)N(CCCN2CCN(c3ccccc3)CC2)CC2CC2)cc1,CHEMBL3155
CHEMBL601250,COc1ccc(S(=O)(=O)N(CCCN2CCN(c3ccccc3OC)CC2)CC2CC2)cc1,CHEMBL3155
CHEMBL601855,COc1ccc(S(=O)(=O)N(CCCN2CCN(c3cccc(C(F)(F)F)c3)CC2)CC2CC2)cc1,CHEMBL3155
CHEMBL601859,COc1ccc(S(=O)(=O)N(CCCN2CCN(c3ccc(F)cc3)CC2)CC2CC2)cc1,CHEMBL3155
CHEMBL602060,O=S(=O)(c1ccc2ccccc2c1)N(CCCN1CCN(c2ccccc2)CC1)CC1CC1,CHEMBL3155
CHEMBL603272,COc1ccccc1N1CCN(CCCN(CC2CC2)S(=O)(=O)c2ccc3ccccc3c2)CC1,CHEMBL3155
CHEMBL600606,O=S(=O)(c1ccc2ccccc2c1)N(CCCN1CCN(c2ccc(F)cc2)CC1)CC1CC1,CHEMBL3155
CHEMBL602677,COc1ccccc1N1CCN(CCCN(CC2CC2)S(=O)(=O)c2cccc3cccnc23)CC1,CHEMBL3155
CHEMBL602878,O=S(=O)(c1cccc2cccnc12)N(CCCN1CCN(c2cccc(C(F)(F)F)c2)CC1)CC1CC1,CHEMBL3155
CHEMBL602889,O=S(=O)(c1cccc2cccnc12)N(CCCN1CCN(c2ccc(F)cc2)CC1)CC1CC1,CHEMBL3155
CHEMBL603499,COc1ccccc1N1CCN(CCC(C)NS(=O)(=O)c2ccc3ccccc3c2)CC1,CHEMBL3155
CHEMBL69257,O=C1Nc2cccc3c2C1(CCCCN1CC=C(c2ccccc2)CC1)CCC3,CHEMBL3155
CHEMBL12427,O=C1Nc2cccc3c2C1(CCCCN1CCN(c2ccccc2)CC1)CCC3,CHEMBL3155
CHEMBL158285,CN(C)CCSc1cccc(Br)n1,CHEMBL3155
CHEMBL597357,Cc1cccc(C)c1-c1cccc(SCCN(C)C)n1,CHEMBL3155
CHEMBL599612,CN(C)CCSc1cccc(-c2ccoc2)n1,CHEMBL3155
CHEMBL161765,CN(C)CCSc1cccc(-c2ccccc2)n1,CHEMBL3155
CHEMBL20666,CN(C)CCOc1ccccc1-c1ccccc1,CHEMBL3155
CHEMBL186112,CCCN(CCC)[C@H]1COc2c(cccc2-c2ccccc2)C1,CHEMBL3155
CHEMBL362540,CCCN(CCC)[C@H]1CCc2c(cccc2-c2ccccc2)C1,CHEMBL3155
CHEMBL596959,CCCN(CCC)[C@H]1CCc2c(cccc2-c2cccc3ccccc23)C1,CHEMBL3155
CHEMBL367584,Cc1cccc(C)c1-c1ccc2c(c1)C[C@H](N(C)C)CO2,CHEMBL3155
CHEMBL158402,CN(C)CCSc1cccc(C2CCCCC2)n1,CHEMBL3155
CHEMBL345803,CN(C)CCSc1nc(-c2ccccc2)cs1,CHEMBL3155
CHEMBL395870,Cc1ccccc1-c1cccc(CCN(C)C)c1,CHEMBL3155
CHEMBL158285,CN(C)CCSc1cccc(Br)n1,CHEMBL3155
CHEMBL161765,CN(C)CCSc1cccc(-c2ccccc2)n1,CHEMBL3155
CHEMBL183329,COc1cccc(OC)c1-c1cccc2c1OC[C@H](N(C)C)C2,CHEMBL3155
CHEMBL1094908,OC(CNCC1COc2ccccc2O1)COCc1ccccc1Cl,CHEMBL3155
CHEMBL1091933,OC(CNCC1COc2ccccc2O1)COc1ccccc1F,CHEMBL3155
CHEMBL19215,CN1C[C@H](CNC(=O)OCc2ccccc2)C[C@@H]2c3cccc4c3c(cn4C)C[C@H]21,CHEMBL3155
CHEMBL281923,CO[C@@]1(C)c2cccc3c2-c2c1ccc1c2[C@@H](C3)N(C)CC1,CHEMBL3155
CHEMBL25815,O=C1Nc2cccc3c2[C@]1(CCCCN1CC=C(c2ccccc2)CC1)CCC3,CHEMBL3155
CHEMBL42,CN1CCN(C2=Nc3cc(Cl)ccc3Nc3ccccc32)CC1,CHEMBL3155
CHEMBL363452,C[C@H](Nc1ccnc(NCCOc2ccc(F)cc2)c1)c1ccccc1,CHEMBL3155
CHEMBL430706,O=S(=O)(c1ccc2cc[nH]c2c1)N1CCC[C@@H]1CCN1CCC(c2c[nH]c3ccccc23)CC1,CHEMBL3155
CHEMBL589390,Cc1ccc2c(c1)c1c(n2CCc2ccc(C)nc2)CCN(C)C1,CHEMBL3155
CHEMBL1099284,CN1CCc2[nH]c3ccc(S(=O)(=O)Nc4cccc(F)c4)cc3c2C1.Cl,CHEMBL3155
CHEMBL1209157,COc1ccc(OC)c(C2CCN(Cc3cnn(-c4ccccc4F)c3C)C2)c1,CHEMBL3155
CHEMBL1631532,COC(=O)Nc1cccc(CCN2CCN(c3cccc4nc(C)ccc34)CC2)c1,CHEMBL3155
CHEMBL1632220,CCNC(=O)Nc1cccc(CCN2CCN(c3cccc4nc(C)ccc34)CC2)c1,CHEMBL3155
CHEMBL1632206,CC(=O)Nc1cccc(CCN2CCN(c3cccc4nc(C)ccc34)CC2)c1,CHEMBL3155
CHEMBL1632223,Cc1ccc2c(N3CCN(CCc4cccc(NC(=O)Nc5ccccc5)c4)CC3)cccc2n1,CHEMBL3155
CHEMBL1632210,Cc1ccc2c(N3CCN(CCc4cccc(NC(=O)c5ccccc5)c4)CC3)cccc2n1,CHEMBL3155
CHEMBL1631535,Cc1ccc2c(N3CCN(CCc4cccc(NS(C)(=O)=O)c4)CC3)cccc2n1,CHEMBL3155
CHEMBL1631545,Cc1ccc2c(N3CCN(CCc4cccc(-n5cccn5)c4)CC3)cccc2n1,CHEMBL3155
CHEMBL1631540,Cc1ccc2c(N3CCN(CCc4cccc(N5CCNC5=O)c4)CC3)cccc2n1,CHEMBL3155
CHEMBL1632217,Cc1ccc2c(N3CCN(CCc4cccc(NC(=O)c5cnccn5)c4)CC3)cccc2n1,CHEMBL3155
CHEMBL1642116,CN1CCN(c2ccc3c(c2)N(S(=O)(=O)c2ccc4ccccc4c2)CCC3=O)CC1,CHEMBL3155
CHEMBL282199,CC1CCN(CC[C@H]2CCCN2S(=O)(=O)c2cccc(O)c2)CC1,CHEMBL3155
CHEMBL1644267,Clc1ccc(-c2nn(Cc3ccccc3)c3c2CNCC3)cc1,CHEMBL3155
CHEMBL1774995,O=C(N(CCN1CCN(c2ccccc2O)CC1)c1ccccn1)C12C3C4C1C1C2C3C41I,CHEMBL3155
CHEMBL1774991,COc1ccccc1N1CCN(CCN(C(=O)C23C4C5C2C2C3C4C52I)c2ccccn2)CC1,CHEMBL3155
CHEMBL1782809,N#Cc1ccc(N2CCCN(CCC(O)c3csc4ccccc34)CC2)cc1,CHEMBL3155
CHEMBL282199,CC1CCN(CC[C@H]2CCCN2S(=O)(=O)c2cccc(O)c2)CC1,CHEMBL3155
CHEMBL2311141,[11CH3]N1C(=O)C2(CCCCN3CCc4sccc4C3)CCCc3cccc1c32,CHEMBL3155
CHEMBL3216277,Cl.Cl.Cl.O=c1c2cnc3ccccc3c2ncn1CCCCN1CCN(c2ccccc2Cl)CC1,CHEMBL3155
CHEMBL3216729,Cl.Cl.Cl.O=c1c2cnc3ccccc3c2ncn1CCCCN1CCN(c2cccc(Cl)c2)CC1,CHEMBL3155
CHEMBL3216945,COc1ccccc1N1CCN(CCCCn2cnc3c(cnc4ccccc43)c2=O)CC1.Cl.Cl,CHEMBL3155
CHEMBL3216488,Cc1ccccc1N1CCN(CCCCn2cnc3c(cnc4ccccc43)c2=O)CC1.Cl.Cl,CHEMBL3155
CHEMBL39,NCCc1c[nH]c2ccc(O)cc12,CHEMBL3155
CHEMBL3216758,Cc1nc(C(=O)NCCN2CCN(c3cccc(Cl)c3Cl)CC2)c(C)n1-c1ccccc1.Cl.Cl.Cl.Cl,CHEMBL3155
CHEMBL3216098,Cc1nc(C(=O)NCCCN2CCN(c3cccc(Cl)c3Cl)CC2)c(C)n1-c1ccccc1.Cl.Cl.Cl.Cl,CHEMBL3155
CHEMBL71,CN(C)CCCN1c2ccccc2Sc2ccc(Cl)cc21,CHEMBL3155
CHEMBL1836794,O=C1Nc2cc(F)ccc2C1CCCCN1CC=C(c2cccc(Cl)c2)CC1,CHEMBL3155
CHEMBL1836793,CCC1(CCCCN2CC=C(c3cccc(Cl)c3)CC2)C(=O)Nc2ccc(F)cc21,CHEMBL3155
CHEMBL258537,CCC1(CCCCN2CCC(c3ccc(F)cc3)CC2)C(=O)Nc2ccccc21,CHEMBL3155
CHEMBL410225,CCC1(CCCCN2CC=C(c3ccc(F)cc3)CC2)C(=O)Nc2ccccc21,CHEMBL3155
CHEMBL1836792,O=C1Nc2ccc(F)cc2C1CCCCN1CC=C(c2cccc(C(F)(F)F)c2)CC1,CHEMBL3155
CHEMBL1836791,O=C1Nc2ccccc2C1CCCCN1CC=C(c2cccc(C(F)(F)F)c2)CC1,CHEMBL3155
CHEMBL1836790,O=C1Nc2cc(F)ccc2C1CCCCN1CCN(c2ccccn2)CC1,CHEMBL3155
CHEMBL1836789,CCC1(CCCCN2CCN(c3ccccn3)CC2)C(=O)Nc2ccccc21,CHEMBL3155
CHEMBL1836788,O=C1Nc2ccccc2C1CCCCN1CCN(c2ccccn2)CC1,CHEMBL3155
CHEMBL259087,CCC1(CCCCN2CCN(c3ccc(Cl)c(Cl)c3)CC2)C(=O)Nc2ccccc21,CHEMBL3155
CHEMBL1836787,CCC1(CCCCN2CCN(c3ccc(Cl)cc3Cl)CC2)C(=O)Nc2ccccc21,CHEMBL3155
CHEMBL1836786,CCC1(CCCCN2CCN(c3cccc(C(F)(F)F)c3)CC2)C(=O)Nc2ccccc21,CHEMBL3155
CHEMBL260872,CCC1(CCCCN2CCN(c3ccc(F)cc3)CC2)C(=O)Nc2ccccc21,CHEMBL3155
CHEMBL1836785,O=C1Nc2ccccc2C1CCCCN1CCN(c2ccc(F)cc2)CC1,CHEMBL3155
CHEMBL1836784,CCC1(CCCCN2CCN(c3cccc(F)c3)CC2)C(=O)Nc2ccccc21,CHEMBL3155
CHEMBL1836783,CCC1(CCCCN2CCN(c3ccc(Cl)cc3)CC2)C(=O)Nc2c1cc(Cl)c(F)c2Cl,CHEMBL3155
CHEMBL1836782,O=C1Nc2c(Cl)cc(Cl)cc2C1CCCCN1CCN(c2ccc(Cl)cc2)CC1,CHEMBL3155
CHEMBL260870,CCC1(CCCCN2CCN(c3ccc(Cl)cc3)CC2)C(=O)Nc2c(Cl)cc(Cl)cc21,CHEMBL3155
CHEMBL260551,CCC1(CCCCN2CCN(c3ccc(Cl)cc3)CC2)C(=O)Nc2cc(F)c(Cl)cc21,CHEMBL3155
CHEMBL269083,CCC1(CCCCN2CCN(c3ccc(Cl)cc3)CC2)C(=O)Nc2ccc(Cl)cc21,CHEMBL3155
CHEMBL259010,CCC1(CCCCN2CCN(c3ccc(Cl)cc3)CC2)C(=O)Nc2ccc(F)cc21,CHEMBL3155
CHEMBL261719,CCC1(CCCCN2CCN(c3ccc(Cl)cc3)CC2)C(=O)Nc2ccccc21,CHEMBL3155
CHEMBL1836860,O=C1Nc2cc(F)ccc2C1CCCCN1CCN(c2ccc(Cl)cc2)CC1,CHEMBL3155
CHEMBL1836859,O=C1Nc2ccc(F)cc2C1CCCCN1CCN(c2ccc(Cl)cc2)CC1,CHEMBL3155
CHEMBL1836858,CCC1(CCCCN2CCN(c3cccc(Cl)c3)CC2)C(=O)Nc2c1cc(Cl)c(F)c2Cl,CHEMBL3155
CHEMBL261009,CCC1(CCCCN2CCN(c3cccc(Cl)c3)CC2)C(=O)Nc2cc(F)c(Cl)cc21,CHEMBL3155
CHEMBL259550,CCC1(CCCCN2CCN(c3cccc(Cl)c3)CC2)C(=O)Nc2ccc(F)cc21,CHEMBL3155
CHEMBL1836857,O=C1Nc2cc(F)ccc2C1CCCCN1CCN(c2cccc(Cl)c2)CC1,CHEMBL3155
CHEMBL408976,CCC1(CCCCN2CCN(c3cccc(Cl)c3)CC2)C(=O)Nc2ccccc21,CHEMBL3155
CHEMBL261209,O=C1Nc2ccccc2C1CCCCN1CCN(c2cccc(Cl)c2)CC1,CHEMBL3155
CHEMBL407412,CCC1(CCCCN2CCN(c3ccccc3Cl)CC2)C(=O)Nc2ccccc21,CHEMBL3155
CHEMBL265927,CCC1(CCCCN2CCN(c3ccccc3OC)CC2)C(=O)Nc2ccccc21,CHEMBL3155
CHEMBL411663,O=C1Nc2ccc(F)cc2C1CCCCN1CCN(c2ccccc2)CC1,CHEMBL3155
CHEMBL1836856,O=C1Nc2ccccc2C1CCCCN1CCN(c2ccccc2)CC1,CHEMBL3155
CHEMBL260994,O=C1Nc2ccccc2C1CCCCN1CCN(c2ccc(Cl)cc2)CC1,CHEMBL3155
CHEMBL409662,CCC1(CCCCN2CCN(c3ccc(Cl)cc3)CC2)C(=O)Nc2cc(F)ccc21,CHEMBL3155
CHEMBL1910139,COc1ccccc1N1CCN(CCN(C(=O)C23C4C5C2C2C3C4C52CF)c2ccccn2)CC1,CHEMBL3155
CHEMBL1910140,COc1ccccc1N1CCN(CCN(C(=O)C23CCC(CF)(CC2)CC3)c2ccccn2)CC1,CHEMBL3155
CHEMBL1910141,COc1ccccc1N1CCN(CCN(C(=O)C23CCC(CF)(CC2)C3)c2ccccn2)CC1,CHEMBL3155
CHEMBL202780,CC(C)(CCCN1CC[C@@H]2CCCC[C@H]2C1)S(=O)(=O)c1ccccc1,CHEMBL3155
CHEMBL364124,CCN(CCCN1CCN(c2ccccc2OC)CC1)S(=O)(=O)c1ccc(C)cc1,CHEMBL3155
CHEMBL1917331,O=S(=O)(NCCN1CCc2ccccc2C1)c1ccc2ccccc2c1,CHEMBL3155
CHEMBL1917333,O=S(=O)(NCCCN1CCc2ccccc2C1)c1ccc2ccccc2c1,CHEMBL3155
CHEMBL1917334,O=S(=O)(NCCCN1CCc2ccccc2C1)c1ccccc1,CHEMBL3155
CHEMBL1914488,O=S(=O)(NCCCCN1CCc2ccccc2C1)c1ccc2ccccc2c1,CHEMBL3155
CHEMBL1917335,O=S(=O)(NCCCCN1CCc2ccccc2C1)c1ccccc1,CHEMBL3155
CHEMBL1917336,O=S(=O)(NCCCCN1CCc2ccccc2C1)c1cccc2ccccc12,CHEMBL3155
CHEMBL1917338,NCCN(CCCN1CCc2ccccc2C1)S(=O)(=O)c1ccccc1,CHEMBL3155
CHEMBL1917340,NCCCN(CCCCN1CCc2ccccc2C1)S(=O)(=O)c1ccccc1,CHEMBL3155
CHEMBL1917341,COc1ccccc1N1CCN(CCCCNS(=O)(=O)c2cnc3ccccc3c2)CC1,CHEMBL3155
CHEMBL1917342,COc1ccccc1N1CCN(CCCNS(=O)(=O)c2ccc3ncccc3c2)CC1,CHEMBL3155
CHEMBL1917343,COc1ccccc1N1CCN(CCCCNS(=O)(=O)c2ccc3ncccc3c2)CC1,CHEMBL3155
CHEMBL1917344,COc1ccccc1N1CCN(CCCNS(=O)(=O)c2cccc3cccnc23)CC1,CHEMBL3155
CHEMBL1917345,COc1ccccc1N1CCN(CCCCNS(=O)(=O)c2cccc3cccnc23)CC1,CHEMBL3155
CHEMBL1917346,O=S(=O)(NCCCCN1CCc2ccccc2C1)c1cnc2ccccc2c1,CHEMBL3155
CHEMBL1917347,O=S(=O)(NCCCCN1CCc2ccccc2C1)c1ccc2ncccc2c1,CHEMBL3155
CHEMBL1917348,O=S(=O)(NCCCCN1CCc2ccccc2C1)c1cccc2cccnc12,CHEMBL3155
CHEMBL1917354,CCN(CCCCN1CCN(c2ccccc2OC)CC1)S(=O)(=O)c1cnc2ccccc2c1,CHEMBL3155
CHEMBL1917355,CCN(CCCN1CCN(c2ccccc2OC)CC1)S(=O)(=O)c1ccc2ncccc2c1,CHEMBL3155
CHEMBL1917356,CCN(CCCCN1CCN(c2ccccc2OC)CC1)S(=O)(=O)c1ccc2ncccc2c1,CHEMBL3155
CHEMBL1917357,CCN(CCCCN1CCN(c2ccccc2OC)CC1)S(=O)(=O)c1cccc2cccnc12,CHEMBL3155
CHEMBL1917358,CCN(CCCCN1CCC2CCCCC2C1)S(=O)(=O)c1cnc2ccccc2c1,CHEMBL3155
CHEMBL1917359,CCN(CCCCN1CCC2CCCCC2C1)S(=O)(=O)c1cccc2cccnc12,CHEMBL3155
CHEMBL1917360,CCN(CCCCCN1CCC2CCCCC2C1)S(=O)(=O)c1cccc2cccnc12,CHEMBL3155
CHEMBL282199,CC1CCN(CC[C@H]2CCCN2S(=O)(=O)c2cccc(O)c2)CC1,CHEMBL3155
CHEMBL1940418,Fc1ccc(CCCCN2CCN(c3ccccn3)CC2)cc1,CHEMBL3155
CHEMBL1940419,Fc1ccc(SCCCN2CCN(c3ccccn3)CC2)cc1,CHEMBL3155
CHEMBL1940420,Fc1ccc(OCCCN2CCN(c3ccccn3)CC2)cc1,CHEMBL3155
CHEMBL69257,O=C1Nc2cccc3c2C1(CCCCN1CC=C(c2ccccc2)CC1)CCC3,CHEMBL3155
CHEMBL1949967,Cl.O=S(=O)(NCCCCN1CCN(c2ccc(Cl)cc2)CC1)c1cnc2ccccc2c1,CHEMBL3155
CHEMBL1949966,Cl.O=S(=O)(NCCCCN1CCN(c2cccc(Cl)c2)CC1)c1cccc2cccnc12,CHEMBL3155
CHEMBL1949965,Cl.O=S(=O)(NCCCCN1CCN(c2cccc(Cl)c2)CC1)c1ccc2ncccc2c1,CHEMBL3155
CHEMBL1949964,Cl.O=S(=O)(NCCCCN1CCN(c2cccc(Cl)c2)CC1)c1cnc2ccc(Cl)cc2c1,CHEMBL3155
CHEMBL1949963,Cl.O=S(=O)(NCCCCN1CCN(c2cccc(Cl)c2)CC1)c1cnc2ccccc2c1,CHEMBL3155
CHEMBL1949962,Cl.O=S(=O)(NCCCN1CCN(c2ccc(Cl)cc2)CC1)c1cncc2ccccc12,CHEMBL3155
CHEMBL1949978,Cl.O=S(=O)(NCCCN1CCN(c2cccc(Cl)c2)CC1)c1cnc2ccccc2c1,CHEMBL3155
CHEMBL1949970,Cl.O=S(=O)(NCCCCN1CCN(c2ccc(Cl)cc2)CC1)c1cncc2ccccc12,CHEMBL3155
CHEMBL1949972,Cl.O=S(=O)(NCCCCN1CCN(c2cccc(Cl)c2)CC1)c1cccc2ccccc12,CHEMBL3155
CHEMBL1949973,Cl.O=S(=O)(NCCCCN1CCN(c2cccc(Cl)c2)CC1)c1ccc2ccccc2c1,CHEMBL3155
CHEMBL1949974,Cl.O=S(=O)(c1cnc2ccccc2c1)N1CCC(CN2CCN(c3ccc(Cl)cc3)CC2)CC1,CHEMBL3155
CHEMBL1949975,Cl.O=S(=O)(c1ccc2cccnc2c1)N1CCC(CN2CCN(c3ccc(Cl)cc3)CC2)CC1,CHEMBL3155
CHEMBL1949976,Cl.O=S(=O)(c1cnc2ccccc2c1)N1CCC(CCN2CCN(c3ccc(Cl)cc3)CC2)CC1,CHEMBL3155
CHEMBL1949977,Cl.O=S(=O)(c1cncc2ccccc12)N1CCC(CCN2CCN(c3ccc(Cl)cc3)CC2)CC1,CHEMBL3155
CHEMBL2037521,c1cnc(N2CCN(CCCCc3nc4ccccc4s3)CC2)nc1,CHEMBL3155
CHEMBL2037522,c1ccc2c(c1)CCN(CCCCc1nc3ccccc3s1)C2,CHEMBL3155
CHEMBL2037523,c1ccc2c(c1)CN(CCCCc1nc3ccccc3s1)C2,CHEMBL3155
CHEMBL2037520,O=C(CCCCN1CCC(n2c(=O)[nH]c3cc(Cl)ccc32)CC1)c1nc2ccccc2s1,CHEMBL3155
CHEMBL2037527,O=C(CCCCN1Cc2ccccc2C1)c1nc2ccccc2s1,CHEMBL3155
CHEMBL2037530,O=C(CCCCN1CCN(c2ccccc2)CC1)c1nc2ccccc2s1,CHEMBL3155
CHEMBL2037531,O=C(CCCCN1CCC(c2ccccc2)CC1)c1nc2ccccc2s1,CHEMBL3155
CHEMBL522691,N#Cc1ccc(CNC(=O)CCCCCN2CCN(c3ccccc3-c3ccccc3)CC2)cc1,CHEMBL3155
CHEMBL95104,O=S(=O)(c1ccc2cc[nH]c2c1)N1CCC[C@@H]1CCN1CCC(Oc2ccc(Cl)cc2)CC1,CHEMBL3155
CHEMBL282199,CC1CCN(CC[C@H]2CCCN2S(=O)(=O)c2cccc(O)c2)CC1,CHEMBL3155
CHEMBL2158033,COc1ccc(OC)c(S(=O)(=O)NCC2CCN(CCOc3ccccc3C(C)C)CC2)c1,CHEMBL3155
CHEMBL2158034,CCOc1ccccc1C(=O)NC1CCN(CCOc2ccccc2C(C)C)CC1,CHEMBL3155
CHEMBL2159307,O=C(NC1CCN(CCOc2ccccc2-c2ccccc2)CC1)c1cccs1,CHEMBL3155
CHEMBL2159308,CSc1ccccc1OCCN1CCC(NS(=O)(=O)c2ccc(Cl)s2)CC1,CHEMBL3155
CHEMBL2159309,O=S(=O)(NC1CCN(CCOc2ccccc2-c2ccccc2)CC1)c1ccc(Cl)s1,CHEMBL3155
CHEMBL2159310,O=S(=O)(NC1CCN(CCSc2ccccc2-c2ccccc2)CC1)c1ccc(F)c(F)c1,CHEMBL3155
CHEMBL2159311,CCOc1ccccc1C(=O)NC1CCN(CCOc2ccccc2C(C)C)C1,CHEMBL3155
CHEMBL2159313,CCOc1ccccc1C(=O)NC1CCN(CCOc2ccccc2-c2ccccc2)C1,CHEMBL3155
CHEMBL2159315,Cc1ccccc1C(=O)NC1CCN(CCOc2ccccc2-c2ccccc2)C1,CHEMBL3155
CHEMBL2159320,O=C(NC1CCN(CCOc2cccc(Cl)c2Cl)C1)c1ccc2c(c1)OCCO2,CHEMBL3155
CHEMBL2159321,CC(C)c1ccccc1OCCN1CCC(NS(=O)(=O)c2ccc(Cl)s2)C1,CHEMBL3155
CHEMBL2159322,CSc1ccccc1OCCN1CCC(NS(=O)(=O)c2ccc(Cl)s2)C1,CHEMBL3155
CHEMBL2159323,O=S(=O)(NC1CCN(CCOc2ccccc2-c2ccccc2)C1)c1ccc(F)cc1,CHEMBL3155
CHEMBL2159454,O=S(=O)(NC1CCN(CCOc2cc(Cl)ccc2Cl)C1)c1ccc(F)c(F)c1,CHEMBL3155
CHEMBL2159455,O=S(=O)(NCC1CCN(CCOc2ccccc2-c2ccccc2)CC1)c1ccc(Cl)s1,CHEMBL3155
CHEMBL2159457,CC(C)c1ccccc1OCCN1CCC(CNS(=O)(=O)c2ccc(F)cc2)CC1,CHEMBL3155
CHEMBL2159458,O=S(=O)(NCC1CCN(CCOc2ccccc2-c2ccccc2)CC1)c1ccc(F)cc1,CHEMBL3155
CHEMBL2159460,CC(C)c1ccccc1OCCN1CCC(CNS(=O)(=O)c2cccc(Cl)c2)CC1,CHEMBL3155
CHEMBL2159461,CSc1ccccc1OCCN1CCC(CNS(=O)(=O)c2cccc(Cl)c2)CC1,CHEMBL3155
CHEMBL2159464,O=S(=O)(NC1CCN(CCOc2ccccc2)CC1)c1cccs1,CHEMBL3155
CHEMBL2159465,CC(C)c1ccccc1OCCN1CCC(NS(=O)(=O)c2ccc(F)cc2)CC1,CHEMBL3155
CHEMBL2159466,O=S(=O)(NC1CCN(CCOc2ccccc2-c2ccccc2)CC1)c1ccc(F)c(F)c1,CHEMBL3155
CHEMBL2159467,O=C(NC1CCN(CCOc2ccccc2-c2ccccc2)C1)c1cccc(F)c1F,CHEMBL3155
CHEMBL2159468,CC(C)c1ccccc1OCCN1CCC(NC(=O)c2ccc3ccccc3n2)C1,CHEMBL3155
CHEMBL2159469,O=C(NC1CCN(CCOc2ccccc2-c2ccccc2)C1)c1ccc2ccccc2n1,CHEMBL3155
CHEMBL2159470,CC(C)c1ccccc1OCCN1CCC(NS(=O)(=O)c2cccs2)C1,CHEMBL3155
CHEMBL2159471,O=S(=O)(NC1CCN(CCOc2ccccc2-c2ccccc2)C1)c1cccs1,CHEMBL3155
CHEMBL2159472,O=S(=O)(NC1CCN(CCOc2cccc3c2CCCC3)C1)c1cccs1,CHEMBL3155
CHEMBL2159474,O=S(=O)(NC1CCN(CCOc2cccc(Cl)c2Cl)C1)c1ccc(Cl)s1,CHEMBL3155
CHEMBL2159475,O=S(=O)(NC1CCN(CCOc2cc(Cl)ccc2Cl)C1)c1ccc(Cl)s1,CHEMBL3155
CHEMBL2159476,O=S(=O)(NC1CCN(CCOc2ccccc2)C1)c1ccc(Cl)s1,CHEMBL3155
CHEMBL2159477,CC(C)c1ccccc1OCCN1CCC(NS(=O)(=O)c2cccc3cccnc23)C1,CHEMBL3155
CHEMBL2159478,CSc1ccccc1OCCN1CCC(NS(=O)(=O)c2ccc(F)cc2)C1,CHEMBL3155
CHEMBL2159479,O=S(=O)(NC1CCN(CCOc2ccccc2)C1)c1ccc(F)cc1,CHEMBL3155
CHEMBL2159480,O=S(=O)(NC1CCN(CCOc2cccc3c2CCCC3)C1)c1ccc(F)cc1,CHEMBL3155
CHEMBL2159481,O=S(=O)(NC1CCN(CCOc2ccccc2-c2ccccc2)C1)c1ccc(F)c(F)c1,CHEMBL3155
CHEMBL2159482,O=S(=O)(NC1CCN(CCOc2cccc(F)c2)C1)c1ccc(F)c(F)c1,CHEMBL3155
CHEMBL2159483,O=S(=O)(NC1CCN(CCOc2ccccc2-c2ccccc2)C1)c1cc(F)ccc1F,CHEMBL3155
CHEMBL2159484,O=S(=O)(NC1CCN(CCOc2cccc3c2CCCC3)C1)c1cc(F)ccc1F,CHEMBL3155
CHEMBL2159485,CC(C)c1ccccc1OCCN1CCC(NS(=O)(=O)c2cccc(Cl)c2)C1,CHEMBL3155
CHEMBL2159486,CSc1ccccc1OCCN1CCC(NS(=O)(=O)c2cccc(Cl)c2)C1,CHEMBL3155
CHEMBL2159487,CC(C)c1ccccc1OCCN1CC[C@@H](NS(=O)(=O)c2ccc(Cl)s2)C1,CHEMBL3155
CHEMBL2159488,O=S(=O)(N[C@@H]1CCN(CCOc2ccccc2-c2ccccc2)C1)c1ccc(Cl)s1,CHEMBL3155
CHEMBL2159489,O=S(=O)(N[C@@H]1CCN(CCOc2ccccc2-c2ccccc2)C1)c1ccc(F)cc1,CHEMBL3155
CHEMBL2159490,CC(C)c1ccccc1OCCN1CC[C@H](NS(=O)(=O)c2ccc(Cl)s2)C1,CHEMBL3155
CHEMBL2159491,O=S(=O)(N[C@H]1CCN(CCOc2ccccc2-c2ccccc2)C1)c1ccc(Cl)s1,CHEMBL3155
CHEMBL2159492,O=S(=O)(N[C@H]1CCN(CCOc2ccccc2-c2ccccc2)C1)c1ccc(F)cc1,CHEMBL3155
CHEMBL42,CN1CCN(C2=Nc3cc(Cl)ccc3Nc3ccccc32)CC1,CHEMBL3155
CHEMBL715,Cc1cc2c(s1)Nc1ccccc1N=C2N1CCN(C)CC1,CHEMBL3155
CHEMBL1256863,NCCc1c[nH]c2ccc(C(N)=O)cc12.O=C(O)/C=C\C(=O)O,CHEMBL3155
CHEMBL2164330,Cc1ccccc1-c1cccc(N2CCNCC2)c1,CHEMBL3155
CHEMBL2164329,Cc1ccccc1-c1ccccc1N1CCNCC1,CHEMBL3155
CHEMBL2164328,COc1ccccc1-c1cccc(N2CCNCC2)c1,CHEMBL3155
CHEMBL2164344,COc1ccccc1-c1ccccc1N1CCNCC1,CHEMBL3155
CHEMBL2164343,COc1cccc(OC)c1-c1cccc(N2CCNCC2)c1,CHEMBL3155
CHEMBL2164342,COc1cccc(OC)c1-c1ccccc1N1CCNCC1,CHEMBL3155
CHEMBL2164341,c1ccc(-c2cccc(N3CCNCC3)c2)nc1,CHEMBL3155
CHEMBL2164340,c1ccc(-c2ccccc2N2CCNCC2)nc1,CHEMBL3155
CHEMBL2164339,O=[N+]([O-])c1ccc(-c2cccc(N3CCNCC3)c2)cc1,CHEMBL3155
CHEMBL2164338,O=[N+]([O-])c1ccc(-c2ccccc2N2CCNCC2)cc1,CHEMBL3155
CHEMBL2164336,COc1ccc(-c2ccccc2N2CCNCC2)cc1,CHEMBL3155
CHEMBL2164335,Cc1ccc(-c2cccc(N3CCNCC3)c2)cc1C,CHEMBL3155
CHEMBL2164334,Cc1ccc(-c2ccccc2N2CCNCC2)cc1C,CHEMBL3155
CHEMBL2164333,Fc1ccc(-c2cccc(N3CCNCC3)c2)cc1,CHEMBL3155
CHEMBL2164332,Fc1ccc(-c2ccccc2N2CCNCC2)cc1,CHEMBL3155
CHEMBL2164331,c1ccc(-c2cccc(N3CCNCC3)c2)cc1,CHEMBL3155
CHEMBL494675,c1ccc(-c2ccccc2N2CCNCC2)cc1,CHEMBL3155
CHEMBL522691,N#Cc1ccc(CNC(=O)CCCCCN2CCN(c3ccccc3-c3ccccc3)CC2)cc1,CHEMBL3155
CHEMBL2164354,O=C(C1CCCCC1)N(CCN1CC=C(c2ccccc2)CC1)c1ccccn1,CHEMBL3155
CHEMBL2164350,O=C(C1CCCCC1)N(CCN1CCN(c2ccccc2)CC1)c1ccccn1,CHEMBL3155
CHEMBL2181169,CCCN1CCC(COc2nc3c(I)cccc3c3ccccc23)CC1,CHEMBL3155
CHEMBL2181166,Fc1cccc2c1nc(OCC1CCN(CCCc3ccc(I)cc3)CC1)c1cccnc12,CHEMBL3155
CHEMBL2204360,Cc1ccc(Sc2ccccc2N2CCNCC2)c(C)c1.Cl,CHEMBL3155
CHEMBL122536,CSc1ccc2c(c1)C(CCN)=CC2,CHEMBL3155
CHEMBL1112,O=C1CCc2ccc(OCCCCN3CCN(c4cccc(Cl)c4Cl)CC3)cc2N1,CHEMBL3155
CHEMBL2312640,O=S(=O)(NCCCCN1CCN(c2cccc(Cl)c2Cl)CC1)c1cncc2ccccc12,CHEMBL3155
CHEMBL2312639,O=S(=O)(NCCCCN1CCN(c2cccc(Cl)c2Cl)CC1)c1cc2ccccc2cn1,CHEMBL3155
CHEMBL2312638,O=S(=O)(NCCCCN1CCN(c2cccc(Cl)c2Cl)CC1)c1cccc2cccnc12,CHEMBL3155
CHEMBL2312637,O=S(=O)(NCCCCN1CCN(c2cccc(Cl)c2Cl)CC1)c1ccc2cccnc2c1,CHEMBL3155
CHEMBL2312937,O=S(=O)(NCCCCN1CCN(c2cccc(Cl)c2Cl)CC1)c1ccc2ncccc2c1,CHEMBL3155
CHEMBL2312936,O=S(=O)(NCCCCN1CCN(c2cccc(Cl)c2Cl)CC1)c1cnc2ccc(Cl)cc2c1,CHEMBL3155
CHEMBL2312935,O=S(=O)(NCCCCN1CCN(c2cccc(Cl)c2Cl)CC1)c1cnc2ccccc2c1,CHEMBL3155
CHEMBL2312934,O=S(=O)(NCCCN1CCN(c2cccc(Cl)c2Cl)CC1)c1ccc2cccnc2c1,CHEMBL3155
CHEMBL2312642,O=S(=O)(NCCCN1CCN(c2cccc(Cl)c2Cl)CC1)c1ccc2ncccc2c1,CHEMBL3155
CHEMBL2312641,O=S(=O)(NCCCN1CCN(c2cccc(Cl)c2Cl)CC1)c1cnc2ccc(Cl)cc2c1,CHEMBL3155
CHEMBL71,CN(C)CCCN1c2ccccc2Sc2ccc(Cl)cc21,CHEMBL3155
CHEMBL2375370,COc1ccc(-c2ccccc2CN2CCN(c3ccccc3OC)CC2)cc1,CHEMBL3155
CHEMBL2376462,COc1cccc(-c2ccccc2CN2CCN(c3ccccc3OC)CC2)c1,CHEMBL3155
CHEMBL2376461,COc1ccccc1-c1ccccc1CN1CCN(c2ccccc2OC)CC1,CHEMBL3155
CHEMBL2376460,COc1ccccc1N1CCN(Cc2ccccc2-c2ccccc2C)CC1,CHEMBL3155
CHEMBL2376459,COc1ccccc1N1CCN(Cc2ccccc2-c2ccc(Cl)cc2)CC1,CHEMBL3155
CHEMBL2376458,COc1ccccc1N1CCN(Cc2ccccc2-c2cccc(Cl)c2)CC1,CHEMBL3155
CHEMBL2376457,COc1ccccc1N1CCN(Cc2ccccc2-c2ccccc2Cl)CC1,CHEMBL3155
CHEMBL282199,CC1CCN(CC[C@H]2CCCN2S(=O)(=O)c2cccc(O)c2)CC1,CHEMBL3155
CHEMBL12264,Cc1cccc(S(=O)(=O)N(C)[C@H](C)CCN2CCC(C)CC2)c1,CHEMBL3155
CHEMBL2164327,Cc1nn(C)c(C)c1-c1cccc2c1CC[C@H](N(C)C)C2,CHEMBL3155
CHEMBL71,CN(C)CCCN1c2ccccc2Sc2ccc(Cl)cc21,CHEMBL3155
CHEMBL2375370,COc1ccc(-c2ccccc2CN2CCN(c3ccccc3OC)CC2)cc1,CHEMBL3155
CHEMBL2376462,COc1cccc(-c2ccccc2CN2CCN(c3ccccc3OC)CC2)c1,CHEMBL3155
CHEMBL2376461,COc1ccccc1-c1ccccc1CN1CCN(c2ccccc2OC)CC1,CHEMBL3155
CHEMBL2376460,COc1ccccc1N1CCN(Cc2ccccc2-c2ccccc2C)CC1,CHEMBL3155
CHEMBL2376459,COc1ccccc1N1CCN(Cc2ccccc2-c2ccc(Cl)cc2)CC1,CHEMBL3155
CHEMBL2376458,COc1ccccc1N1CCN(Cc2ccccc2-c2cccc(Cl)c2)CC1,CHEMBL3155
CHEMBL2376457,COc1ccccc1N1CCN(Cc2ccccc2-c2ccccc2Cl)CC1,CHEMBL3155
CHEMBL2377590,O=C1CC(c2c[nH]c3ccccc23)C(=O)N1CCCCN1CCC(c2c[nH]c3ccc(F)cc23)CC1,CHEMBL3155
CHEMBL2391541,C=CCN(CC=C)CCc1c[nH]c2ccc(OC)cc12,CHEMBL3155
CHEMBL39,NCCc1c[nH]c2ccc(O)cc12,CHEMBL3155
CHEMBL2391541,C=CCN(CC=C)CCc1c[nH]c2ccc(OC)cc12,CHEMBL3155
CHEMBL30713,CC(N)Cc1c[nH]c2ccccc12,CHEMBL3155
CHEMBL30713,CC(N)Cc1c[nH]c2ccccc12,CHEMBL3155
CHEMBL39,NCCc1c[nH]c2ccc(O)cc12,CHEMBL3155
CHEMBL39,NCCc1c[nH]c2ccc(O)cc12,CHEMBL3155
CHEMBL2392349,COc1ccccc1N1CCN(CCCCCN2Cc3ccc4ccccc4c3C2=O)CC1,CHEMBL3155
CHEMBL42,CN1CCN(C2=Nc3cc(Cl)ccc3Nc3ccccc32)CC1,CHEMBL3155
CHEMBL2401931,COc1ccc2c(=O)c3cccc(CN4CCN(c5ccccc5OC)CC4)c3oc2c1.Cl,CHEMBL3155
CHEMBL2413451,[11CH3]N1C(=O)C2(CCCCCN3CCc4sccc4C3)CCCc3cccc1c32,CHEMBL3155
CHEMBL2413154,COc1ccccc1N1CCN(CCCCn2ncc(=O)n(C)c2=O)CC1,CHEMBL3155
CHEMBL2413153,Cn1c(=O)cnn(CCCCN2CCN(c3ccccc3OCCF)CC2)c1=O,CHEMBL3155
CHEMBL18840,NCCc1c[nH]c2ccc(C(N)=O)cc12,CHEMBL3155
CHEMBL2442999,COc1ccc(-c2ccccc2N2CCN(CCOCCC(=O)NCc3ccncc3)CC2)cc1,CHEMBL3155
CHEMBL2442998,COc1ccc(-c2ccccc2N2CCN(CCOCCC(=O)NCc3cccnc3)CC2)cc1,CHEMBL3155
CHEMBL2442997,COc1ccc(-c2ccccc2N2CCN(CCOCCC(=O)NCc3ccccn3)CC2)cc1,CHEMBL3155
CHEMBL2442996,COc1ccc(-c2ccccc2N2CCN(CCCCCC(=O)NCc3ccncc3)CC2)cc1,CHEMBL3155
CHEMBL2442995,COc1ccc(-c2ccccc2N2CCN(CCCCCC(=O)NCc3cccnc3)CC2)cc1,CHEMBL3155
CHEMBL2442994,COc1ccc(-c2ccccc2N2CCN(CCCCCC(=O)NCc3ccccn3)CC2)cc1,CHEMBL3155
CHEMBL522691,N#Cc1ccc(CNC(=O)CCCCCN2CCN(c3ccccc3-c3ccccc3)CC2)cc1,CHEMBL3155
CHEMBL708,O=C1Cc2cc(CCN3CCN(c4nsc5ccccc45)CC3)c(Cl)cc2N1,CHEMBL3155
CHEMBL3092760,Cl.NC(N)=NC(=O)c1cccc2c1Cc1ccccc1-2,CHEMBL3155
CHEMBL3092759,Cl.NC(N)=NC(=O)c1ccc2c(c1)C(O)c1ccccc1-2,CHEMBL3155
CHEMBL3092758,NC(N)=NC(=O)c1ccc2c(c1)C(=O)c1ccccc1-2,CHEMBL3155
CHEMBL3092756,Cl.NC(N)=NC(=O)c1ccc2c(c1)Nc1ccccc1O2,CHEMBL3155
CHEMBL3092755,Cl.NC(N)=NC(=O)c1ccc2c(c1)[nH]c1ccccc12,CHEMBL3155
CHEMBL3092753,NC(N)=NC(=O)c1ccc2c(c1)Cc1ccccc1-2,CHEMBL3155
CHEMBL294951,CN1CCC(=C2c3ccccc3CCc3sccc32)CC1,CHEMBL3155
CHEMBL42,CN1CCN(C2=Nc3cc(Cl)ccc3Nc3ccccc32)CC1,CHEMBL3155
CHEMBL71,CN(C)CCCN1c2ccccc2Sc2ccc(Cl)cc21,CHEMBL3155
CHEMBL42,CN1CCN(C2=Nc3cc(Cl)ccc3Nc3ccccc32)CC1,CHEMBL3155
CHEMBL71,CN(C)CCCN1c2ccccc2Sc2ccc(Cl)cc21,CHEMBL3155
CHEMBL3104093,CN1CCc2c(c3cccc4c3n2CCc2ccccc2-4)C1,CHEMBL3155
CHEMBL3104092,CN1CCc2c(c3cccc4c3n2Cc2ccccc2C4)C1,CHEMBL3155
CHEMBL3104091,CN1CCc2c(c3cccc4c3n2-c2ccccc2CC4)C1,CHEMBL3155
CHEMBL3104093,CN1CCc2c(c3cccc4c3n2CCc2ccccc2-4)C1,CHEMBL3155
CHEMBL3104092,CN1CCc2c(c3cccc4c3n2Cc2ccccc2C4)C1,CHEMBL3155
CHEMBL3104091,CN1CCc2c(c3cccc4c3n2-c2ccccc2CC4)C1,CHEMBL3155
CHEMBL2442996,COc1ccc(-c2ccccc2N2CCN(CCCCCC(=O)NCc3ccncc3)CC2)cc1,CHEMBL3155
CHEMBL3113604,COc1ccc(CNC(=O)CCCCCN2CCN(c3cccnc3-c3ccncc3)CC2)cc1,CHEMBL3155
CHEMBL3113603,COc1ccc(CNC(=O)CCCCCN2CCN(c3ncccc3-c3ccncc3)CC2)cc1,CHEMBL3155
CHEMBL3113602,O=C(CCCCCN1CCN(c2cccnc2-c2ccncc2)CC1)NCc1ccc(F)nc1,CHEMBL3155
CHEMBL3113601,O=C(CCCCCN1CCN(c2ncccc2-c2ccncc2)CC1)NCc1ccc(F)nc1,CHEMBL3155
CHEMBL3113600,COc1ccc(CNC(=O)CCOCCN2CCN(c3ccccc3-c3ccc(F)cc3)CC2)cc1,CHEMBL3155
CHEMBL3113598,COc1ccc(CNC(=O)CCOCCN2CCN(c3ccccc3-c3ccccc3C)CC2)cc1,CHEMBL3155
CHEMBL3113597,O=C(CCOCCN1CCN(c2ccccc2-c2ccc(F)cc2)CC1)NCc1ccc(F)nc1,CHEMBL3155
CHEMBL2442996,COc1ccc(-c2ccccc2N2CCN(CCCCCC(=O)NCc3ccncc3)CC2)cc1,CHEMBL3155
CHEMBL2442995,COc1ccc(-c2ccccc2N2CCN(CCCCCC(=O)NCc3cccnc3)CC2)cc1,CHEMBL3155
CHEMBL522691,N#Cc1ccc(CNC(=O)CCCCCN2CCN(c3ccccc3-c3ccccc3)CC2)cc1,CHEMBL3155
CHEMBL2442994,COc1ccc(-c2ccccc2N2CCN(CCCCCC(=O)NCc3ccccn3)CC2)cc1,CHEMBL3155
CHEMBL2442997,COc1ccc(-c2ccccc2N2CCN(CCOCCC(=O)NCc3ccccn3)CC2)cc1,CHEMBL3155
CHEMBL2442998,COc1ccc(-c2ccccc2N2CCN(CCOCCC(=O)NCc3cccnc3)CC2)cc1,CHEMBL3155
CHEMBL2442999,COc1ccc(-c2ccccc2N2CCN(CCOCCC(=O)NCc3ccncc3)CC2)cc1,CHEMBL3155
CHEMBL3113593,COc1ccc(-c2ccccc2N2CCN(CCCCCC(=O)NCc3ccc(F)nc3)CC2)cc1,CHEMBL3155
CHEMBL3113594,COc1ccc(-c2ccccc2N2CCN(CCOCCC(=O)NCc3ccc(F)nc3)CC2)cc1,CHEMBL3155
CHEMBL3113595,Cc1ccccc1-c1ccccc1N1CCN(CCOCCC(=O)NCc2ccc(F)nc2)CC1,CHEMBL3155
CHEMBL3121415,Cc1cccc(-n2cc(CCN(C)C)c3ccccc32)c1C.O=C(O)/C=C/C(=O)O,CHEMBL3155
CHEMBL3121414,Cc1ccccc1-n1cc(CCN(C)C)c2ccccc21.O=C(O)/C=C/C(=O)O,CHEMBL3155
CHEMBL3121412,Cc1ccccc1-n1cc(CN2CC=C(c3ccccc3)CC2)c2ccccc21.O=C(O)/C=C/C(=O)O,CHEMBL3155
CHEMBL3121433,C1=C(c2ccccc2)CCN(Cc2cn(-c3ccccc3)c3ccccc23)C1.O=C(O)/C=C/C(=O)O,CHEMBL3155
CHEMBL3121432,O=C(O)/C=C/C(=O)O.c1ccc(N2CCN(Cc3cn(-c4cccnc4)c4ccccc34)CC2)cc1,CHEMBL3155
CHEMBL3121431,COc1ccccc1N1CCN(Cc2cn(-c3ccccn3)c3ccccc23)CC1.O=C(O)/C=C/C(=O)O,CHEMBL3155
CHEMBL3121430,c1ccc(N2CCN(Cc3cn(-c4ccccn4)c4ccccc34)CC2)cc1,CHEMBL3155
CHEMBL3121429,N#Cc1ccccc1-n1cc(CN2CCN(c3ccccc3)CC2)c2ccccc21.O=C(O)/C=C/C(=O)O,CHEMBL3155
CHEMBL3121428,COc1ccccc1-n1cc(CN2CCN(c3ccccc3)CC2)c2ccccc21.O=C(O)/C=C/C(=O)O,CHEMBL3155
CHEMBL3121427,FC(F)(F)c1ccccc1-n1cc(CN2CCN(c3ccccc3)CC2)c2ccccc21.O=C(O)/C=C/C(=O)O,CHEMBL3155
CHEMBL3121425,O=C(O)/C=C/C(=O)O.Oc1ccccc1N1CCN(Cc2cn(-c3cccc4ccccc34)c3ccccc23)CC1,CHEMBL3155
CHEMBL3121424,COc1ccccc1N1CCN(Cc2cn(-c3cccc4ccccc34)c3ccccc23)CC1.O=C(O)/C=C/C(=O)O,CHEMBL3155
CHEMBL3121423,O=C(O)/C=C/C(=O)O.c1ccc(N2CCN(Cc3cn(-c4cccc5ccccc45)c4ccccc34)CC2)cc1,CHEMBL3155
CHEMBL3121422,COc1ccccc1N1CCN(Cc2cn(-c3cccc(C)c3C)c3ccccc23)CC1,CHEMBL3155
CHEMBL3121421,Cc1cccc(-n2cc(CN3CCN(c4ccccc4)CC3)c3ccccc32)c1C.O=C(O)/C=C/C(=O)O,CHEMBL3155
CHEMBL3121420,COc1ccccc1N1CCN(Cc2cn(-c3ccccc3C(C)C)c3ccccc23)CC1.O=C(O)/C=C/C(=O)O,CHEMBL3155
CHEMBL3121419,CC(C)c1ccccc1-n1cc(CN2CCN(c3ccccc3)CC2)c2ccccc21.O=C(O)/C=C/C(=O)O,CHEMBL3155
CHEMBL3121417,CCc1ccccc1-n1cc(CN2CCN(c3ccccc3)CC2)c2ccccc21.O=C(O)/C=C/C(=O)O,CHEMBL3155
CHEMBL3121441,Cc1ccc(-n2cc(CN3CCN(c4ccccc4)CC3)c3ccccc32)cc1.O=C(O)/C=C/C(=O)O,CHEMBL3155
CHEMBL3121440,Cc1cccc(-n2cc(CN3CCN(c4ccccc4)CC3)c3ccccc32)c1.O=C(O)/C=C/C(=O)O,CHEMBL3155
CHEMBL3121438,COc1ccccc1N1CCN(Cc2cn(-c3ccccc3C)c3ccccc23)CC1.O=C(O)/C=C/C(=O)O,CHEMBL3155
CHEMBL3121437,Cc1ccccc1-n1cc(CN2CCN(c3ccccc3)CC2)c2ccccc21.O=C(O)/C=C/C(=O)O,CHEMBL3155
CHEMBL3121436,O=C(O)/C=C/C(=O)O.Oc1ccccc1N1CCN(Cc2cn(-c3ccccc3)c3ccccc23)CC1,CHEMBL3155
CHEMBL3121435,COc1ccccc1N1CCN(Cc2cn(-c3ccccc3)c3ccccc23)CC1.O=C(O)/C=C/C(=O)O,CHEMBL3155
CHEMBL3121434,O=C(O)/C=C/C(=O)O.c1ccc(N2CCN(Cc3cn(-c4ccccc4)c4ccccc34)CC2)cc1,CHEMBL3155
CHEMBL177064,COc1ccccc1N1CCN(Cc2ccn(-c3ccccc3C)c2)CC1,CHEMBL3155
CHEMBL42,CN1CCN(C2=Nc3cc(Cl)ccc3Nc3ccccc32)CC1,CHEMBL3155
CHEMBL1112,O=C1CCc2ccc(OCCCCN3CCN(c4cccc(Cl)c4Cl)CC3)cc2N1,CHEMBL3155
CHEMBL85,Cc1nc2n(c(=O)c1CCN1CCC(c3noc4cc(F)ccc34)CC1)CCCC2,CHEMBL3155
CHEMBL3217984,CN1CCC2C(C1)c1cccc3c1N2c1ccccc1CS3,CHEMBL3155
CHEMBL1916745,COc1ccccc1N1CCN(CCCN2C(=O)N(C)C(=O)C2(c2ccccc2)c2ccccc2)CC1,CHEMBL3155
CHEMBL2079256,COc1ccccc1N1CCN(CCCCN2C(=O)N(C)C(=O)C2(c2ccccc2)c2ccccc2)CC1,CHEMBL3155
CHEMBL3233401,CCOc1ccccc1N1CCN(CCCN2C(=O)N(C)C(=O)C2(c2ccccc2)c2ccccc2)CC1,CHEMBL3155
CHEMBL3233402,CN1C(=O)N(CCCCCN2CCN(c3ccccc3)CC2)C(c2ccccc2)(c2ccccc2)C1=O.Cl,CHEMBL3155
CHEMBL3233666,CN1C(=O)N(CCCCCN2CCN(c3ccccc3F)CC2)C(C)(c2ccccc2)C1=O.Cl,CHEMBL3155
CHEMBL3233667,COc1ccccc1N1CCN(CCCCCN2C(=O)N(C)C(=O)C2(C)c2ccccc2)CC1.Cl,CHEMBL3155
CHEMBL3233668,CC1(C)C(=O)N(Cc2ccccc2)C(=O)N1CCCCCN1CCN(c2ccccc2)CC1.Cl,CHEMBL3155
CHEMBL3233669,COc1ccccc1N1CCN(CCCCCN2C(=O)N(Cc3ccccc3)C(=O)C2(C)C)CC1.Cl,CHEMBL3155
CHEMBL3233670,COc1cccc(N2CCN(CCCCCN3C(=O)N(Cc4ccccc4)C(=O)C3(C)C)CC2)c1.Cl,CHEMBL3155
CHEMBL3233671,CC1(C)C(=O)N(Cc2ccccc2)C(=O)N1CCCCCN1CCN(c2ccccc2F)CC1.Cl,CHEMBL3155
CHEMBL3233672,CC1(C)C(=O)N(Cc2ccccc2)C(=O)N1CCCCCN1CCN(c2ccc(F)cc2)CC1.Cl,CHEMBL3155
CHEMBL3233673,CC1(C)C(=O)N(Cc2ccccc2)C(=O)N1CCCCCN1CCN(c2ccc(F)cc2F)CC1.Cl,CHEMBL3155
CHEMBL3233674,CC1(C)C(=O)N(Cc2ccc(F)cc2)C(=O)N1CCCCCN1CCN(c2ccc(F)cc2F)CC1.Cl,CHEMBL3155
CHEMBL3233675,CC1(C)C(=O)N(Cc2ccc(F)cc2)C(=O)N1CCCCCN1CCN(c2ccc(F)cc2)CC1.Cl,CHEMBL3155
CHEMBL3233676,CC1(C)C(=O)N(Cc2ccc(Cl)cc2Cl)C(=O)N1CCCCCN1CCN(c2cccc(Cl)c2Cl)CC1.Cl,CHEMBL3155
CHEMBL3233677,CC1(C)C(=O)N(Cc2ccc(Cl)cc2Cl)C(=O)N1CCCCCN1CCN(c2ccc(Cl)c(Cl)c2)CC1.Cl,CHEMBL3155
CHEMBL3233679,COc1ccccc1N1CCN(CC(O)CN2C(=O)NC(C)(c3ccc(F)cc3)C2=O)CC1.Cl,CHEMBL3155
CHEMBL42,CN1CCN(C2=Nc3cc(Cl)ccc3Nc3ccccc32)CC1,CHEMBL3155
CHEMBL522691,N#Cc1ccc(CNC(=O)CCCCCN2CCN(c3ccccc3-c3ccccc3)CC2)cc1,CHEMBL3155
CHEMBL3235726,CSc1ccccc1N1CCN(CCCCC(=O)N2CCC[C@H]2C(N)=O)CC1,CHEMBL3155
CHEMBL3235727,CSc1ccccc1N1CCN(CCCCCC(=O)N2CCC[C@H]2C(N)=O)CC1,CHEMBL3155
CHEMBL3235738,NC(=O)[C@@H]1CCCN1C(=O)CCCCN1CCN(c2cccc(Cl)c2Cl)CC1,CHEMBL3155
CHEMBL3235739,NC(=O)[C@@H]1CCCN1C(=O)CCCCCN1CCN(c2cccc(Cl)c2Cl)CC1,CHEMBL3155
CHEMBL3235740,NC(=O)[C@@H]1CCCN1C(=O)CCCCN1CCN(c2noc3ccccc23)CC1,CHEMBL3155
CHEMBL292943,COc1ccc(-c2cccc(CN3CCN(c4ncccn4)CC3)c2)cc1,CHEMBL217
CHEMBL156651,NC(=O)[C@H]1CS[C@@H]2CC[C@]3(CCCN3C(=O)[C@@H]3CCCN3)C(=O)N12,CHEMBL217
CHEMBL156651,NC(=O)[C@H]1CS[C@@H]2CC[C@]3(CCCN3C(=O)[C@@H]3CCCN3)C(=O)N12,CHEMBL217
CHEMBL156651,NC(=O)[C@H]1CS[C@@H]2CC[C@]3(CCCN3C(=O)[C@@H]3CCCN3)C(=O)N12,CHEMBL217
CHEMBL156651,NC(=O)[C@H]1CS[C@@H]2CC[C@]3(CCCN3C(=O)[C@@H]3CCCN3)C(=O)N12,CHEMBL217
CHEMBL156651,NC(=O)[C@H]1CS[C@@H]2CC[C@]3(CCCN3C(=O)[C@@H]3CCCN3)C(=O)N12,CHEMBL217
CHEMBL156651,NC(=O)[C@H]1CS[C@@H]2CC[C@]3(CCCN3C(=O)[C@@H]3CCCN3)C(=O)N12,CHEMBL217
CHEMBL156651,NC(=O)[C@H]1CS[C@@H]2CC[C@]3(CCCN3C(=O)[C@@H]3CCCN3)C(=O)N12,CHEMBL217
CHEMBL156651,NC(=O)[C@H]1CS[C@@H]2CC[C@]3(CCCN3C(=O)[C@@H]3CCCN3)C(=O)N12,CHEMBL217
CHEMBL349833,CC1Cc2cccc3c2N1C(=O)C(N1CCN(Cc2ccc(Cl)cc2)CC1)CC3,CHEMBL217
CHEMBL439646,CC1(C)Cc2cccc3c2N1C(=O)C(N1CCN(Cc2ccc(Cl)cc2)CC1)CC3,CHEMBL217
CHEMBL87187,Nc1cccc(-c2ccc(CCN3CCN(c4cccc5cccnc45)CC3)cc2)n1,CHEMBL217
CHEMBL351963,Cc1ccc(CN2CCN(C3CCc4cccc5c4N(CC5)C3=O)CC2)cc1,CHEMBL217
CHEMBL129634,C=CCN1CCc2c(cc(O)c(O)c2F)C(c2ccc(O)cc2)C1.CS(=O)(=O)O,CHEMBL217
CHEMBL315864,Oc1nc2c(N3CCN(Cc4ccccc4)CC3)cccc2[nH]1,CHEMBL217
CHEMBL61682,Fc1ccc(-c2cncc(CN3CCN(c4ccccc4F)CC3)c2)cc1,CHEMBL217
CHEMBL419505,O=C(NCCCCN1CCN(c2cccc(Cl)c2Cl)CC1)c1ccc2c(c1)-c1ccccc1-2,CHEMBL217
CHEMBL64597,c1cnc(N2CCN(Cc3cccc(-c4ccsc4)c3)CC2)nc1,CHEMBL217
CHEMBL291824,Fc1ccc(-c2cncc(CN3CCN(c4ccc(F)cc4)CC3)c2)cc1,CHEMBL217
CHEMBL110411,O=C(NCCCCN1CCN(c2cccc(Cl)c2Cl)CC1)c1ccc2c(c1)-c1ccccc1C2,CHEMBL217
CHEMBL131313,C=CCN1CCc2c(cc(O)c(O)c2Br)C(c2ccc(O)cc2)C1.CS(=O)(=O)O,CHEMBL217
CHEMBL130795,C=CCN1CCc2c(cc(O)c(O)c2Cl)C(c2ccc(O)cc2)C1.CS(=O)(=O)O,CHEMBL217
CHEMBL42,CN1CCN(C2=Nc3cc(Cl)ccc3Nc3ccccc32)CC1,CHEMBL217
CHEMBL156164,NC(=O)C1CCS[C@@H]2C[C@]3(CCCN3C(=O)[C@@H]3CCCN3)C(=O)N12,CHEMBL217
CHEMBL156164,NC(=O)C1CCS[C@@H]2C[C@]3(CCCN3C(=O)[C@@H]3CCCN3)C(=O)N12,CHEMBL217
CHEMBL156164,NC(=O)C1CCS[C@@H]2C[C@]3(CCCN3C(=O)[C@@H]3CCCN3)C(=O)N12,CHEMBL217
CHEMBL156164,NC(=O)C1CCS[C@@H]2C[C@]3(CCCN3C(=O)[C@@H]3CCCN3)C(=O)N12,CHEMBL217
CHEMBL156164,NC(=O)C1CCS[C@@H]2C[C@]3(CCCN3C(=O)[C@@H]3CCCN3)C(=O)N12,CHEMBL217
CHEMBL156164,NC(=O)C1CCS[C@@H]2C[C@]3(CCCN3C(=O)[C@@H]3CCCN3)C(=O)N12,CHEMBL217
CHEMBL156164,NC(=O)C1CCS[C@@H]2C[C@]3(CCCN3C(=O)[C@@H]3CCCN3)C(=O)N12,CHEMBL217
CHEMBL156164,NC(=O)C1CCS[C@@H]2C[C@]3(CCCN3C(=O)[C@@H]3CCCN3)C(=O)N12,CHEMBL217
CHEMBL301242,O=C(NCCCCN1CCN(c2cccc(Cl)c2Cl)CC1)c1cccc2c1-c1ccccc1C2=O,CHEMBL217
CHEMBL59942,Fc1ccc(-c2cccc(CN3CCN(c4ncccn4)CC3)c2)cc1,CHEMBL217
CHEMBL61657,Fc1ccc(-c2cncc(CN3CCN(c4ccccn4)CC3)c2)cc1,CHEMBL217
CHEMBL352207,O=C1C(N2CCN(Cc3ccc(Cl)cc3)CC2)CCc2cccc3c2N1CC3,CHEMBL217
CHEMBL352207,O=C1C(N2CCN(Cc3ccc(Cl)cc3)CC2)CCc2cccc3c2N1CC3,CHEMBL217
CHEMBL314952,O=C1Cc2c(cccc2N2CCN(Cc3ccccc3)CC2)N1,CHEMBL217
CHEMBL351989,Cc1ccc(CN2CCN(C3CCc4cccc5c4N(C3=O)C(C)(C)C5)CC2)cc1,CHEMBL217
CHEMBL110120,OC1CCc2c(c3ccccc3n2CCCN2CCN(c3ccccc3)CC2)C1,CHEMBL217
CHEMBL40650,COc1cccc2c1CC[C@H]1CN(CCn3c(=O)[nH]c4c(sc5cccnc54)c3=O)C[C@@H]21,CHEMBL217
CHEMBL540575,Br.C=CCN1CCc2cc(O)c(O)cc2C(c2ccc(O)cc2)C1,CHEMBL217
CHEMBL88837,c1ccc(CN2CCN(c3cccc4[nH]cnc34)CC2)cc1,CHEMBL217
CHEMBL302183,Fc1ccc(-c2cncc(CN3CCN(c4ncccn4)CC3)c2)cc1,CHEMBL217
CHEMBL354699,COc1ccc(Cl)cc1CN1CCN(C2CCc3cccc4c3N(C2=O)C(C)(C)C4)CC1,CHEMBL217
CHEMBL68191,CCN1C(=O)C(N2CCN(Cc3ccc(Cl)cc3)CC2)Cc2ccccc21,CHEMBL217
CHEMBL307800,O=C(NCCCCN1CCN(c2cccc(Cl)c2Cl)CC1)C1c2ccccc2-c2ccccc21,CHEMBL217
CHEMBL306672,O=C1c2ccccc2C(=O)N1CCCCCN1CCN(c2cccc(Cl)c2Cl)CC1,CHEMBL217
CHEMBL345438,Cc1ccc(CN2CCN(C3CCc4cccc5c4N(C3=O)C(C)C5)CC2)cc1,CHEMBL217
CHEMBL69717,O=C1c2ccccc2C(=O)N1CCCCN1CCN(c2cccc(Cl)c2Cl)CC1,CHEMBL217
CHEMBL88365,Oc1cccc(N2CCN(Cc3ccccc3)CC2)c1,CHEMBL217
CHEMBL328051,c1ccc(CN2CCN(c3cccc4[nH]ccc34)CC2)cc1,CHEMBL217
CHEMBL291380,Fc1ccccc1-c1cccc(CN2CCN(c3ncccn3)CC2)c1,CHEMBL217
CHEMBL2308105,Fc1ccc(C(O[C@H]2C[C@H]3CC[C@@H](C2)N3CCCCc2ccccc2)c2ccc(F)cc2)cc1,CHEMBL217
CHEMBL90476,Brc1ccc(N2CCN(Cc3ccccc3)CC2)c2cc[nH]c12,CHEMBL217
CHEMBL88289,FC(F)(F)c1nc2c(N3CCN(Cc4ccccc4)CC3)cccc2[nH]1,CHEMBL217
CHEMBL62829,Fc1cccc(-c2cccc(CN3CCN(c4ncccn4)CC3)c2)c1,CHEMBL217
CHEMBL106660,Clc1cccc(C(OC2CC3CCC(C2)N3CCCc2ccccc2)c2ccccc2)c1,CHEMBL217
CHEMBL302904,Fc1ccc(-c2cncc(CN3CCN(c4ccccc4)CC3)c2)cc1,CHEMBL217
CHEMBL351612,COc1ccc(C)cc1CN1CCN(C2CCc3cccc4c3N(C2=O)C(C)(C)C4)CC1,CHEMBL217
CHEMBL68720,O=C(NCCCCCN1CCN(c2cccc(Cl)c2Cl)CC1)c1cccc2c1-c1ccccc1C2=O,CHEMBL217
CHEMBL311539,Clc1ccc2[nH]ccc2c1N1CCN(Cc2ccccc2)CC1,CHEMBL217
CHEMBL109299,Fc1ccc(C(OC2CC3CCC(C2)N3Cc2cc3ccccc3[nH]2)c2ccc(F)cc2)cc1,CHEMBL217
CHEMBL12375,Fc1ccc(C(OC2CC3CCC(C2)N3Cc2ccccc2)c2ccc(F)cc2)cc1,CHEMBL217
CHEMBL317488,CC(C)C[C@H](NC(=O)[C@@H]1CCCN1)C(=O)NCC(N)=O,CHEMBL217
CHEMBL317488,CC(C)C[C@H](NC(=O)[C@@H]1CCCN1)C(=O)NCC(N)=O,CHEMBL217
CHEMBL317488,CC(C)C[C@H](NC(=O)[C@@H]1CCCN1)C(=O)NCC(N)=O,CHEMBL217
CHEMBL317488,CC(C)C[C@H](NC(=O)[C@@H]1CCCN1)C(=O)NCC(N)=O,CHEMBL217
CHEMBL317488,CC(C)C[C@H](NC(=O)[C@@H]1CCCN1)C(=O)NCC(N)=O,CHEMBL217
CHEMBL317488,CC(C)C[C@H](NC(=O)[C@@H]1CCCN1)C(=O)NCC(N)=O,CHEMBL217
CHEMBL317488,CC(C)C[C@H](NC(=O)[C@@H]1CCCN1)C(=O)NCC(N)=O,CHEMBL217
CHEMBL317488,CC(C)C[C@H](NC(=O)[C@@H]1CCCN1)C(=O)NCC(N)=O,CHEMBL217
CHEMBL7549,CCCN1CCC[C@@H](c2cccc(O)c2)C1,CHEMBL217
CHEMBL7549,CCCN1CCC[C@@H](c2cccc(O)c2)C1,CHEMBL217
CHEMBL24222,C=CCN1CC[C@@H]2c3cccc(OC)c3CC[C@H]21,CHEMBL217
CHEMBL92817,CCCN1CCC[C@@H](c2cccc(Br)c2)C1,CHEMBL217
CHEMBL93917,CCCN1CCC[C@@H](c2cccc(CC#N)c2)C1,CHEMBL217
CHEMBL90798,CCN1CCC[C@@H](c2cccc(C#N)c2)C1,CHEMBL217
CHEMBL328119,O=S(=O)(Oc1cccc([C@@H]2CCCN(CCc3ccccc3)C2)c1)C(F)(F)F,CHEMBL217
CHEMBL93570,CCc1sccc1N1CCC[C@@H](c2cccc(C#N)c2)C1,CHEMBL217
CHEMBL93570,CCc1sccc1N1CCC[C@@H](c2cccc(C#N)c2)C1,CHEMBL217
CHEMBL328283,COc1ccc2c(c1)C(NCCN1CCN(c3ccc(Cl)cc3)CC1)CCC2,CHEMBL217
CHEMBL329443,CCCN1CCC[C@@H](c2cccc(S(=O)(=O)N(C)C)c2)C1,CHEMBL217
CHEMBL329443,CCCN1CCC[C@@H](c2cccc(S(=O)(=O)N(C)C)c2)C1,CHEMBL217
CHEMBL281924,CO[C@]1(C)c2cccc3c2-c2c1ccc1c2[C@@H](C3)N(C)CC1,CHEMBL217
CHEMBL281923,CO[C@@]1(C)c2cccc3c2-c2c1ccc1c2[C@@H](C3)N(C)CC1,CHEMBL217
CHEMBL93383,CC(C)N1CCC[C@@H](c2cccc(C#N)c2)C1,CHEMBL217
CHEMBL335545,C1=C(c2ccccc2)CCN(C[C@@H]2CCC=C(c3ccccc3)C2)C1,CHEMBL217
CHEMBL335545,C1=C(c2ccccc2)CCN(C[C@@H]2CCC=C(c3ccccc3)C2)C1,CHEMBL217
CHEMBL92183,CCCN1CCC[C@@H](c2cccc(C#N)c2)C1,CHEMBL217
CHEMBL92183,CCCN1CCC[C@@H](c2cccc(C#N)c2)C1,CHEMBL217
CHEMBL314536,CCCN1CCC[C@@H](c2cccc(-c3ccsc3)c2)C1,CHEMBL217
CHEMBL329228,COc1cccc(NC(=O)CCN2CCN(c3ccc(Cl)cc3)CC2)c1,CHEMBL217
CHEMBL54,O=C(CCCN1CCC(O)(c2ccc(Cl)cc2)CC1)c1ccc(F)cc1,CHEMBL217
CHEMBL94811,N#Cc1cccc([C@@H]2CCCN(CCCc3ccccc3)C2)c1,CHEMBL217
CHEMBL94811,N#Cc1cccc([C@@H]2CCCN(CCCc3ccccc3)C2)c1,CHEMBL217
CHEMBL147159,Oc1ccc(C2=CCN(C[C@@H]3CCC=C(c4ccc(O)cc4)C3)CC2)cc1,CHEMBL217
CHEMBL147159,Oc1ccc(C2=CCN(C[C@@H]3CCC=C(c4ccc(O)cc4)C3)CC2)cc1,CHEMBL217
CHEMBL93101,CCCN1CCC[C@@H](c2cccc(CO)c2)C1,CHEMBL217
CHEMBL93682,N#Cc1cccc([C@@H]2CCCNC2)c1,CHEMBL217
CHEMBL93212,C=CCN1CCC[C@@H](c2cccc(C#N)c2)C1,CHEMBL217
CHEMBL51023,COc1ccccc1N1CCN(CNC(=O)c2ccc(C)cc2)CC1,CHEMBL217
CHEMBL280955,C=CCN1CC[C@H]2c3cccc(OC)c3CC[C@H]21,CHEMBL217
CHEMBL93594,CCCN1CCC[C@@H](c2cccc(OS(C)(=O)=O)c2)C1,CHEMBL217
CHEMBL93646,N#Cc1cccc([C@@H]2CCCN(CCc3ccccc3)C2)c1,CHEMBL217
CHEMBL90359,CCCN1CCC[C@@H](c2cccc(OS(=O)(=O)C(F)(F)F)c2)C1,CHEMBL217
CHEMBL356269,Oc1ccc(C2=CCN(C[C@@H]3CCC=C(c4ccccc4)C3)CC2)cc1,CHEMBL217
CHEMBL356269,Oc1ccc(C2=CCN(C[C@@H]3CCC=C(c4ccccc4)C3)CC2)cc1,CHEMBL217
CHEMBL413483,CCC(C)N1CCC[C@@H](c2cccc(C#N)c2)C1,CHEMBL217
CHEMBL413483,CCC(C)N1CCC[C@@H](c2cccc(C#N)c2)C1,CHEMBL217
CHEMBL281048,CN1CCc2ccc3c4c2[C@H]1Cc1cccc(c1-4)[C@H]3N,CHEMBL217
CHEMBL357416,Oc1ccc(C2=CCC[C@@H](CN3CC=C(c4ccccc4)CC3)C2)cc1,CHEMBL217
CHEMBL357416,Oc1ccc(C2=CCC[C@@H](CN3CC=C(c4ccccc4)CC3)C2)cc1,CHEMBL217
CHEMBL92578,CCCN1CCC[C@@H](c2cccc(C=O)c2)C1,CHEMBL217
CHEMBL38580,CCCN(CCC)C1COc2c(cccc2-c2ccoc2)C1,CHEMBL217
CHEMBL100454,CN1CCN(C2=Nc3ccccc3Nc3sc(CO)cc32)CC1,CHEMBL217
CHEMBL300647,CN(C)C1C=CC2(CC1)c1ccccc1C=Cc1ccc(Cl)cc12,CHEMBL217
CHEMBL715,Cc1cc2c(s1)Nc1ccccc1N=C2N1CCN(C)CC1,CHEMBL217
CHEMBL531,CCCN1C[C@H](CSC)C[C@@H]2c3cccc4[nH]cc(c34)C[C@H]21,CHEMBL217
CHEMBL157138,CCN(CC)C(=O)N[C@H]1C=C2c3cccc4[nH]cc(c34)C[C@H]2N(C)C1,CHEMBL217
CHEMBL419792,CN[C@@H]1Cc2cccc3[nH]c(=O)n(c23)C1,CHEMBL217
CHEMBL300647,CN(C)C1C=CC2(CC1)c1ccccc1C=Cc1ccc(Cl)cc12,CHEMBL217
CHEMBL493,CC(C)C[C@H]1C(=O)N2CCC[C@H]2[C@]2(O)O[C@](NC(=O)[C@@H]3C=C4c5cccc6[nH]c(Br)c(c56)C[C@H]4N(C)C3)(C(C)C)C(=O)N12,CHEMBL217
CHEMBL1125,Cc1cc2c(s1)Nc1ccccc1N=C2N1CCNCC1,CHEMBL217
CHEMBL42,CN1CCN(C2=Nc3cc(Cl)ccc3Nc3ccccc32)CC1,CHEMBL217
CHEMBL42,CN1CCN(C2=Nc3cc(Cl)ccc3Nc3ccccc32)CC1,CHEMBL217
CHEMBL38428,CCCN(CCC)C1COc2c(O)cccc2C1,CHEMBL217
CHEMBL589,CCCN(CCC)CCc1cccc2c1CC(=O)N2,CHEMBL217
CHEMBL422344,CN(C)[C@@H]1Cc2cccc3nc(O)n(c23)C1,CHEMBL217
CHEMBL440512,Cc1cc2c(s1)Nc1ccccc1N=C2N1CC[N+](C)([O-])CC1,CHEMBL217
CHEMBL45491,CN(C)C1C=CC2(CC1)c1ccccc1CCc1ccc(Cl)cc12,CHEMBL217
CHEMBL45491,CN(C)C1C=CC2(CC1)c1ccccc1CCc1ccc(Cl)cc12,CHEMBL217
CHEMBL434665,CCCN[C@@H]1Cc2cccc3nc(O)n(c23)C1,CHEMBL217
CHEMBL122533,COc1cc(N)c(Cl)cc1C(=O)NC1CC2CCCC(C1)N2Cc1ccccc1,CHEMBL217
CHEMBL148694,Cc1ccc2c(c1)C(NC1CC3CCC(C1)N3Cc1ccccc1)=Nc1cccnc1N2,CHEMBL217
CHEMBL358657,Cc1ccc2c(c1)C(NC1CCN(Cc3ccccc3)CC1)=Nc1cccnc1N2,CHEMBL217
CHEMBL285755,CCCN(CCC)C1CCc2ccc(O)cc2C1,CHEMBL217
CHEMBL26998,CCCN(CCC)[C@@H]1CCc2cccc(O)c2C1,CHEMBL217
CHEMBL49,O=C1CC2(CCCC2)CC(=O)N1CCCCN1CCN(c2ncccn2)CC1,CHEMBL217
CHEMBL1744088,CCCN(CCCCN1C(=O)CC(C)(C)CC1=O)[C@@H]1CCc2ccc3[nH]c(C#N)cc3c2C1,CHEMBL217
CHEMBL148353,Clc1ccc2c(c1)C(NC1CC3CCC(C1)N3Cc1ccccc1)=Nc1cccnc1N2,CHEMBL217
CHEMBL1744037,CCCN(CCCCN1C(=O)CC(C)(C)CC1=O)[C@@H]1CCc2ccc3[nH]c(C(N)=O)cc3c2C1,CHEMBL217
CHEMBL71920,CCCN(CCC)[C@@H]1CCc2ccc3[nH]c(C#N)cc3c2C1,CHEMBL217
CHEMBL342536,Clc1ccc2c(c1)C(NC1CCN(Cc3ccccc3)CC1)=Nc1cccnc1N2,CHEMBL217
CHEMBL54,O=C(CCCN1CCC(O)(c2ccc(Cl)cc2)CC1)c1ccc(F)cc1,CHEMBL217
CHEMBL131926,COc1nc(N)c(Cl)cc1C(=O)NC1CC2CCCC(C1)N2Cc1ccccc1,CHEMBL217
CHEMBL1744036,CCCN(CCC)[C@@H]1CCc2ccc3[nH]c(C(N)=O)cc3c2C1,CHEMBL217
CHEMBL280955,C=CCN1CC[C@H]2c3cccc(OC)c3CC[C@H]21,CHEMBL217
CHEMBL131997,Cc1ccc(OCCNCCCOc2ccccc2)cc1Cl,CHEMBL217
CHEMBL285873,C=CCN1CC[C@H]2c3cccc(O)c3CC[C@H]21,CHEMBL217
CHEMBL54,O=C(CCCN1CCC(O)(c2ccc(Cl)cc2)CC1)c1ccc(F)cc1,CHEMBL217
CHEMBL283528,CCCCN1CCC[C@H]1CNC(=O)c1cc(Cl)cc2c1OCCN2C,CHEMBL217
CHEMBL282083,COc1c(C(=O)NCCN2CCN(c3ccccc3)CC2)cc(C#N)c2ccccc12,CHEMBL217
CHEMBL54,O=C(CCCN1CCC(O)(c2ccc(Cl)cc2)CC1)c1ccc(F)cc1,CHEMBL217
CHEMBL275543,C=CCN1CCC2c3cccc(O)c3CC[C@@H]21,CHEMBL217
CHEMBL24588,CCCN1CC[C@@H]2c3cccc(O)c3CC[C@H]21,CHEMBL217
CHEMBL128313,Cc1ccccc1OCCNCCCOc1ccccc1,CHEMBL217
CHEMBL128647,Cc1ccc(OCCNCCCOc2ccccc2)cc1,CHEMBL217
CHEMBL279937,CN1CCOc2c(C(=O)NC[C@H]3CCCN3CCc3ccccc3)cc(Cl)cc21,CHEMBL217
CHEMBL10570,C=CCN1CCC2c3cccc(OC)c3CC[C@H]21,CHEMBL217
CHEMBL129757,Fc1ccc(OCCCNCCOc2ccc(Cl)cc2)cc1,CHEMBL217
CHEMBL128281,Cc1ccc(SCCNCCCOc2ccccc2)cc1,CHEMBL217
CHEMBL42,CN1CCN(C2=Nc3cc(Cl)ccc3Nc3ccccc32)CC1,CHEMBL217
CHEMBL418705,C=CCN1CCC2c3c(cccc3OC)CC[C@@H]21,CHEMBL217
CHEMBL51,O=C(c1ccc(F)cc1)C1CCN(CCn2c(=O)[nH]c3ccccc3c2=O)CC1,CHEMBL217
CHEMBL132884,Clc1ccc(OCCNCCCOc2ccccc2)cc1,CHEMBL217
CHEMBL24222,C=CCN1CC[C@@H]2c3cccc(OC)c3CC[C@H]21,CHEMBL217
CHEMBL131299,Cc1ccc(OCCCNCCOc2ccccc2)cc1,CHEMBL217
CHEMBL148352,COc1cc2c(c(C(=O)NC[C@@H]3CCCN3CCc3ccccc3)c1)OCC2,CHEMBL217
CHEMBL30146,COc1ccccc1N1CCN(CCNC(=O)c2cc(Br)c3ccccc3c2OC)CC1,CHEMBL217
CHEMBL56,CCCN(CCC)C1CCc2cccc(O)c2C1,CHEMBL217
CHEMBL129534,Clc1cccc(OCCNCCCOc2ccccc2)c1,CHEMBL217
CHEMBL130370,Cc1ccc(OCCCNCCOc2ccc(C)cc2)cc1,CHEMBL217
CHEMBL283738,C=CCN1CC[C@@H]2c3c(O)cccc3CC[C@H]21,CHEMBL217
CHEMBL10408,C=CCN1CCC2c3cccc(O)c3CC[C@H]21,CHEMBL217
CHEMBL129927,Cc1ccc(OCCNCCCOc2ccccc2)cc1C,CHEMBL217
CHEMBL149723,CSc1cc2c(c(C(=O)NC[C@H]3CCCN3CCc3ccccc3)c1)OCC2,CHEMBL217
CHEMBL10270,C=CCN1CCC2c3c(cccc3OC)CC[C@H]21,CHEMBL217
CHEMBL63321,CN1CCc2cc(Cl)c(O)cc2[C@H](c2ccccc2)C1,CHEMBL217
CHEMBL128232,Cc1cccc(OCCNCCCOc2ccccc2)c1,CHEMBL217
CHEMBL334545,Cc1ccc(OCCNCCCOc2ccccc2C)cc1,CHEMBL217
CHEMBL53,CN1CCc2cccc3c2[C@H]1Cc1ccc(O)c(O)c1-3,CHEMBL217
CHEMBL435598,Cc1ccc(OCCNCCCOc2cccc(C)c2)cc1,CHEMBL217
CHEMBL29436,COc1c(C(=O)NCCN2CCN(c3ccccc3[N+](=O)[O-])CC2)cc(Br)c2ccccc12,CHEMBL217
CHEMBL25483,C=CCN1CC[C@@H]2c3cccc(O)c3CC[C@H]21,CHEMBL217
CHEMBL131396,Clc1ccccc1OCCNCCCOc1ccccc1,CHEMBL217
CHEMBL337627,Clc1ccc(OCCNCCCSc2ccccc2)cc1,CHEMBL217
CHEMBL286205,C=CCN1CC[C@@H]2c3c(cccc3OC)CC[C@H]21,CHEMBL217
CHEMBL128524,c1ccc(OCCCNCCOc2ccccc2)cc1,CHEMBL217
CHEMBL130402,Cc1ccc(OCCNCCCSc2ccccc2)cc1,CHEMBL217
CHEMBL26560,CCCN1CC[C@H]2c3cccc(O)c3CC[C@H]21,CHEMBL217
CHEMBL264394,Cc1noc(-c2ccc(CSc3nc4ccccc4n3Cc3ccc(Cl)cc3)cc2)n1,CHEMBL217
CHEMBL2368625,CS(=O)(=O)Oc1ccc2c(c1)CCN(CC[C@H]1CC[C@H](NC(=O)/C=C/c3ccccc3F)CC1)CC2.Cl,CHEMBL217
CHEMBL2368626,CS(=O)(=O)c1ccc2c(c1)CCN(CC[C@H]1CC[C@H](NC(=O)/C=C/c3ccccc3F)CC1)CC2.Cl,CHEMBL217
CHEMBL2113364,CS(=O)(=O)Oc1ccc2c(c1)CCN(CC[C@H]1CC[C@H](NC(=O)/C=C/c3ccc(F)cc3)CC1)CC2.Cl,CHEMBL217
CHEMBL108616,CC(O)c1ccc(CSc2nc3ccccc3n2Cc2ccc(Cl)cc2)cc1,CHEMBL217
CHEMBL2368617,CS(=O)(=O)c1ccc2c(c1)CCN(CC[C@H]1CC[C@H](NC(=O)/C=C/c3ccc(C#N)cc3)CC1)CC2.Cl,CHEMBL217
CHEMBL108289,COC(=O)c1ccc(CCc2nc3ccccc3n2Cc2ccc(Cl)cc2)cc1,CHEMBL217
CHEMBL108289,COC(=O)c1ccc(CCc2nc3ccccc3n2Cc2ccc(Cl)cc2)cc1,CHEMBL217
CHEMBL3084612,Cc1coc(-c2cccc(C(=O)N[C@H]3CC[C@H](CCN4CCc5ccc(OS(C)(=O)=O)cc5CC4)CC3)c2)n1.Cl,CHEMBL217
CHEMBL3084626,Cc1cc(-c2cccc(C(=O)N[C@H]3CC[C@H](CCN4CCc5ccc(OS(C)(=O)=O)cc5CC4)CC3)c2)on1.Cl,CHEMBL217
CHEMBL2368622,CS(=O)(=O)Oc1ccc2c(c1)CCN(CC[C@H]1CC[C@H](NC(=O)/C=C/c3cccc(F)c3)CC1)CC2.Cl,CHEMBL217
CHEMBL2368633,COc1ccccc1/C=C/C(=O)N[C@H]1CC[C@H](CCN2CCc3ccc(OS(C)(=O)=O)cc3CC2)CC1.Cl,CHEMBL217
CHEMBL3084613,Cc1nc(-c2cccc(C(=O)N[C@H]3CC[C@H](CCN4CCc5ccc(OS(C)(=O)=O)cc5CC4)CC3)c2)no1.Cl,CHEMBL217
CHEMBL2368620,CS(=O)(=O)c1ccc2c(c1)CCN(CC[C@H]1CC[C@H](NC(=O)/C=C/c3ccccc3C#N)CC1)CC2.Cl,CHEMBL217
CHEMBL3084624,CS(=O)(=O)Oc1ccc2c(c1)CCN(CC[C@H]1CC[C@H](NC(=O)c3cccc4ccccc34)CC1)CC2.Cl,CHEMBL217
CHEMBL3084597,Cc1ncc(-c2cccc(C(=O)N[C@H]3CC[C@H](CCN4CCc5ccc(OS(C)(=O)=O)cc5CC4)CC3)c2)o1.Cl,CHEMBL217
CHEMBL3084598,Cc1ccc2c(C(=O)N[C@H]3CC[C@H](CCN4CCc5ccc(OS(C)(=O)=O)cc5CC4)CC3)cccc2n1.Cl,CHEMBL217
CHEMBL3084629,Cc1cnc(-c2cccc(C(=O)N[C@H]3CC[C@H](CCN4CCc5ccc(OS(C)(=O)=O)cc5CC4)CC3)c2)o1.Cl,CHEMBL217
CHEMBL3084625,CS(=O)(=O)Oc1ccc2c(c1)CCN(CC[C@H]1CC[C@H](NC(=O)c3cccc4ncccc34)CC1)CC2.Cl,CHEMBL217
CHEMBL3084599,Cc1ccc2c(C(=O)N[C@H]3CC[C@H](CCN4CCc5ccc(S(C)(=O)=O)cc5CC4)CC3)cccc2n1.Cl,CHEMBL217
CHEMBL2113356,COc1ccc(/C=C/C(=O)N[C@H]2CC[C@H](CCN3CCc4ccc(OS(C)(=O)=O)cc4CC3)CC2)cc1.Cl,CHEMBL217
CHEMBL3084596,CS(=O)(=O)Oc1ccc2c(c1)CCN(CC[C@H]1CC[C@H](NC(=O)c3cccc(-n4cccc4)c3)CC1)CC2.Cl,CHEMBL217
CHEMBL108698,CC(=O)c1ccc(CSc2nc3ccccc3n2Cc2ccc(Cl)cc2)cc1,CHEMBL217
CHEMBL108856,Cc1nc(-c2ccc(CSc3nc4ccccc4n3Cc3ccc(Cl)cc3)cc2)no1,CHEMBL217
CHEMBL79834,O=C1NCN(c2ccccc2)C12CCN(CCCOc1ccc(F)cc1)CC2,CHEMBL217
CHEMBL2368618,COc1cccc(/C=C/C(=O)N[C@H]2CC[C@H](CCN3CCc4ccc(OS(C)(=O)=O)cc4CC3)CC2)c1.Cl,CHEMBL217
CHEMBL2368623,CS(=O)(=O)c1ccc2c(c1)CCN(CC[C@H]1CC[C@H](NC(=O)/C=C/c3cccc(F)c3)CC1)CC2.Cl,CHEMBL217
CHEMBL324619,COC(=O)c1ccc(CSc2nc3ccccc3n2Cc2ccc(Cl)cc2)cc1,CHEMBL217
CHEMBL324619,COC(=O)c1ccc(CSc2nc3ccccc3n2Cc2ccc(Cl)cc2)cc1,CHEMBL217
CHEMBL2368624,CS(=O)(=O)c1ccc2c(c1)CCN(CC[C@H]1CC[C@H](NC(=O)/C=C/c3cccc(C#N)c3)CC1)CC2.Cl,CHEMBL217
CHEMBL108146,CC(C)(O)c1ccc(CSc2nc3ccccc3n2Cc2ccc(Cl)cc2)cc1,CHEMBL217
CHEMBL2368629,CS(=O)(=O)c1ccc2c(c1)CCN(CC[C@H]1CC[C@H](NC(=O)/C=C/c3ccc(F)cc3)CC1)CC2.Cl,CHEMBL217
CHEMBL111054,COC(=O)c1ccc(/C=C/c2nc3ccccc3n2Cc2ccc(Cl)cc2)cc1,CHEMBL217
CHEMBL111054,COC(=O)c1ccc(/C=C/c2nc3ccccc3n2Cc2ccc(Cl)cc2)cc1,CHEMBL217
CHEMBL3084601,CS(=O)(=O)Oc1ccc2c(c1)CCN(CC[C@H]1CC[C@H](NC(=O)c3cccc(-c4ncccn4)c3)CC1)CC2.Cl,CHEMBL217
CHEMBL2368627,CS(=O)(=O)c1ccc2c(c1)CCN(CC[C@H]1CC[C@H](NC(=O)/C=C/c3cc(F)cc(F)c3)CC1)CC2.Cl,CHEMBL217
CHEMBL267930,O=C(CCCN1CCC2(CC1)C(=O)NCN2c1ccccc1)c1ccc(F)cc1,CHEMBL217
CHEMBL97856,O=C(NCCCCN1CC[C@H]2c3ccc(O)cc3CC[C@@H]21)c1ccc(-c2ccccc2)cc1,CHEMBL217
CHEMBL108531,Nc1ccc(C#CCCN2CC=C(c3ccccc3)CC2)cc1,CHEMBL217
CHEMBL140258,N#Cc1ccc2cc(CN3CCN(c4ccccc4Cl)CC3)[nH]c2c1,CHEMBL217
CHEMBL240773,CCCN1CCC[C@@H]2Cc3n[nH]cc3C[C@H]21,CHEMBL217
CHEMBL1204116,Br.Clc1ccc(N2CCN(C[C@H]3C[C@@H]3c3ccccc3)CC2)c(Cl)c1,CHEMBL217
CHEMBL42,CN1CCN(C2=Nc3cc(Cl)ccc3Nc3ccccc32)CC1,CHEMBL217
CHEMBL42,CN1CCN(C2=Nc3cc(Cl)ccc3Nc3ccccc32)CC1,CHEMBL217
CHEMBL1203260,Cl.c1ccc([C@H]2C[C@@H]2CN2CCN(c3ccccn3)CC2)cc1,CHEMBL217
CHEMBL1202222,Br.Fc1ccc([C@H]2C[C@@H]2CN2CCN(c3ccc(Cl)cc3)CC2)cc1,CHEMBL217
CHEMBL2092961,Br.Cc1ccc(N2CCN(CC3CC3c3ccccc3)CC2)c(C)c1,CHEMBL217
CHEMBL1202211,Br.COc1cc(Cl)ccc1N1CCN(C[C@H]2C[C@@H]2c2ccccc2)CC1,CHEMBL217
CHEMBL161916,COc1ccc2c(c1)CN(CC[C@H]1CC[C@H](NC(=O)/C=C/c3ccc(F)cc3)CC1)C2,CHEMBL217
CHEMBL1202213,Br.Clc1cccc(N2CCN(C[C@H]3C[C@@H]3c3ccccc3)CC2)c1Cl,CHEMBL217
CHEMBL125455,Clc1ccc(N2CCN(C[C@@H]3C[C@H]3c3ccccc3)CC2)c(Cl)c1,CHEMBL217
CHEMBL99876,CS(=O)(=O)Oc1cccc2c1CC[C@H]1[C@H]2CCN1CCCCNC(=O)c1ccc(-c2ccccc2)cc1,CHEMBL217
CHEMBL431367,Oc1ccc2[nH]cc(CCCCN3CC=C(c4ccccc4)CC3)c2c1,CHEMBL217
CHEMBL1202216,Br.COc1ccccc1N1CCN(C[C@H]2C[C@@H]2c2ccccc2)CC1,CHEMBL217
CHEMBL1202217,Br.COc1cccc(N2CCN(C[C@H]3C[C@@H]3c3ccccc3)CC2)c1,CHEMBL217
CHEMBL318925,CS(=O)(=O)Oc1cccc2c1CC[C@H]1[C@H]2CCCN1CCCCNC(=O)c1ccc(-c2ccccc2)cc1,CHEMBL217
CHEMBL108532,Nc1cccc(C#CCCN2CC=C(c3ccccc3)CC2)c1,CHEMBL217
CHEMBL299879,O=[N+]([O-])c1ccccc1S(=O)(=O)NC[C@H]1CC[C@H](CNCC2CCc3ccccc3C2)CC1,CHEMBL217
CHEMBL54,O=C(CCCN1CCC(O)(c2ccc(Cl)cc2)CC1)c1ccc(F)cc1,CHEMBL217
CHEMBL1202202,Br.Oc1ccc([C@H]2C[C@@H]2CN2CCN(c3ccc(Cl)cc3Cl)CC2)cc1,CHEMBL217
CHEMBL77206,C(=C/c1ccccc1)\COCC1CCN(CCc2ccccc2)CC1,CHEMBL217
CHEMBL302393,CN1Cc2cc(Cl)c(O)cc2[C@H](c2ccccc2)C1,CHEMBL217
CHEMBL282927,NC(=O)C1CCC(CN2CCC(=C(c3ccccc3)c3ccc(F)cc3)CC2)O1,CHEMBL217
CHEMBL54,O=C(CCCN1CCC(O)(c2ccc(Cl)cc2)CC1)c1ccc(F)cc1,CHEMBL217
CHEMBL54,O=C(CCCN1CCC(O)(c2ccc(Cl)cc2)CC1)c1ccc(F)cc1,CHEMBL217
CHEMBL1202221,Br.Clc1cccc(N2CCN(C[C@H]3C[C@@H]3c3ccccc3)CC2)c1,CHEMBL217
CHEMBL1202220,Br.Clc1ccc(N2CCN(C[C@H]3C[C@@H]3c3ccccc3)CC2)cc1,CHEMBL217
CHEMBL1202219,Br.Fc1ccc([C@H]2C[C@@H]2CN2CCN(c3ccccc3Cl)CC2)cc1,CHEMBL217
CHEMBL99198,O=C(NCCCCN1CCC[C@H]2c3cccc(O)c3CC[C@@H]21)c1ccc(-c2ccccc2)cc1,CHEMBL217
CHEMBL1202210,Br.Cc1cc(Cl)ccc1N1CCN(C[C@H]2C[C@@H]2c2ccccc2)CC1,CHEMBL217
CHEMBL716,OCCOCCN1CCN(C2=Nc3ccccc3Sc3ccccc32)CC1,CHEMBL217
CHEMBL109063,Nc1ccc(C#CCCN2CC=C(c3ccccc3)CC2)cn1,CHEMBL217
CHEMBL341497,c1ccc([C@H]2C[C@@H]2CN2CCN(c3ccccc3)CC2)cc1,CHEMBL217
CHEMBL1202215,Br.Clc1ccccc1N1CCN(C[C@H]2C[C@@H]2c2ccccc2)CC1,CHEMBL217
CHEMBL1202212,Br.Clc1ccc(N2CCN(C[C@H]3C[C@@H]3c3ccccc3)CC2)cc1Cl,CHEMBL217
CHEMBL1202209,Br.Cc1cc(F)ccc1N1CCN(C[C@H]2C[C@@H]2c2ccccc2)CC1,CHEMBL217
CHEMBL1202204,Br.COc1c(Cl)cc(N2CCN(C[C@H]3C[C@@H]3c3ccccc3)CC2)cc1Cl,CHEMBL217
CHEMBL42,CN1CCN(C2=Nc3cc(Cl)ccc3Nc3ccccc32)CC1,CHEMBL217
CHEMBL42,CN1CCN(C2=Nc3cc(Cl)ccc3Nc3ccccc32)CC1,CHEMBL217
CHEMBL1204116,Br.Clc1ccc(N2CCN(C[C@H]3C[C@@H]3c3ccccc3)CC2)c(Cl)c1,CHEMBL217
CHEMBL1204116,Br.Clc1ccc(N2CCN(C[C@H]3C[C@@H]3c3ccccc3)CC2)c(Cl)c1,CHEMBL217
CHEMBL1202206,Br.COc1ccc([C@H]2C[C@@H]2CN2CCN(c3ccc(Cl)cc3Cl)CC2)cc1,CHEMBL217
CHEMBL64117,CN1CCc2cc(Cl)c(O)cc2[C@@H]1Cc1ccccc1,CHEMBL217
CHEMBL1202208,Br.Cc1ccc(N2CCN(C[C@@H]3C[C@H]3c3ccccc3)CC2)c(C)c1,CHEMBL217
CHEMBL1202208,Br.Cc1ccc(N2CCN(C[C@@H]3C[C@H]3c3ccccc3)CC2)c(C)c1,CHEMBL217
CHEMBL140099,N#Cc1ccc2[nH]c(CN3CCN(c4ccccc4)CC3)cc2c1,CHEMBL217
CHEMBL108463,C(#Cc1cccnc1)CCN1CC=C(c2ccccc2)CC1,CHEMBL217
CHEMBL1204119,Br.Cc1ccc(N2CCN(C[C@H]3C[C@@H]3c3ccccc3)CC2)c(C)c1,CHEMBL217
CHEMBL78067,C(#Cc1ccccc1)COCCC1CCN(CCc2ccccc2)CC1,CHEMBL217
CHEMBL110489,C(#Cc1ccncc1)CCN1CC=C(c2ccccc2)CC1,CHEMBL217
CHEMBL1202205,Br.COc1ccc(Cl)cc1N1CCN(C[C@H]2C[C@@H]2c2ccccc2)CC1,CHEMBL217
CHEMBL319116,O=C(NCCCCN1CC[C@H]2c3cccc(O)c3CC[C@@H]21)c1ccc(-c2ccccc2)cc1,CHEMBL217
CHEMBL2111592,CS(=O)(=O)Oc1cccc2c1CCC1C2CCCN1CCCCNC(=O)c1ccc(-c2ccccc2)cc1,CHEMBL217
CHEMBL109101,Nc1ccc(C#CCCN2CC=C(c3ccccc3)CC2)nc1,CHEMBL217
CHEMBL1202225,Br.Clc1cc(Cl)cc(N2CCN(C[C@H]3C[C@@H]3c3ccccc3)CC2)c1,CHEMBL217
CHEMBL1202223,Br.Fc1ccc([C@H]2C[C@@H]2CN2CCN(c3cccc(Cl)c3)CC2)cc1,CHEMBL217
CHEMBL351300,O=C(/C=C/c1ccc(F)cc1)N[C@H]1CC[C@H](CCN2Cc3ccc(Br)cc3C2)CC1,CHEMBL217
CHEMBL1202214,Br.Br.COc1cc(F)ccc1N1CCN(C[C@H]2C[C@@H]2c2ccccc2)CC1,CHEMBL217
CHEMBL89420,c1ccc(CNCCOc2cccc3[nH]cnc23)cc1,CHEMBL217
CHEMBL278751,CCCN(CCC)[C@@H]1CCc2c(OC)cccc2[C@@H]1C,CHEMBL217
CHEMBL86504,FC(F)(F)c1nc2c(OCCNCc3ccccc3)cc(Cl)cc2[nH]1,CHEMBL217
CHEMBL87137,c1ccc(CNCCOc2cccc3[nH]ncc23)cc1,CHEMBL217
CHEMBL71275,CCCN[C@@H]1CCc2c(cccc2OC)C1,CHEMBL217
CHEMBL71275,CCCN[C@@H]1CCc2c(cccc2OC)C1,CHEMBL217
CHEMBL433121,CCCN(Cc1ccc([N+](=O)[O-])cc1)[C@@H]1CCc2c(cccc2OC)C1,CHEMBL217
CHEMBL433121,CCCN(Cc1ccc([N+](=O)[O-])cc1)[C@@H]1CCc2c(cccc2OC)C1,CHEMBL217
CHEMBL157293,C#CCN(CCCCN1CCN(c2ccccc2)CC1)C1CCc2ccc(O)cc2C1,CHEMBL217
CHEMBL424458,CCCN(CCC)[C@@H]1CCc2c(ccc(CCc3ccc(C(F)(F)F)cc3)c2OC)C1,CHEMBL217
CHEMBL314174,Oc1nc2c(OCCNCc3ccccc3)cccc2[nH]1,CHEMBL217
CHEMBL130843,CCCN(CCC)C1CCc2cc(CSc3ccc(OC)cc3)ccc2C1,CHEMBL217
CHEMBL69706,CCCN(Cc1cccs1)[C@@H]1CCc2c(cccc2OC)C1,CHEMBL217
CHEMBL64283,c1ccc(CNCCOc2cccc3[nH]ccc23)cc1,CHEMBL217
CHEMBL336971,CCCN(CCC)[C@@H]1CCc2cc(CCc3ccc(/C(C)=N\O)cc3)ccc2C1,CHEMBL217
CHEMBL158013,C#CCN(CCN1CCN(c2ccccc2)CC1)C1CCc2ccc(O)cc2C1,CHEMBL217
CHEMBL87192,FC(F)(F)c1nc2c(OCCNCc3ccccc3)cccc2[nH]1,CHEMBL217
CHEMBL130678,CCCN(CCC)[C@@H]1CCc2cc(CS(=O)(=O)c3ccc(I)cc3)ccc2C1,CHEMBL217
CHEMBL130101,CCCN(CCC)C1CCc2cc(CCc3ccc(C(=O)OCC)cc3)ccc2C1,CHEMBL217
CHEMBL67923,CCCN(Cc1ccc(OC)cc1)[C@@H]1CCc2c(cccc2OC)C1,CHEMBL217
CHEMBL67923,CCCN(Cc1ccc(OC)cc1)[C@@H]1CCc2c(cccc2OC)C1,CHEMBL217
CHEMBL129997,CCCN(CCC)[C@@H]1CCc2c(ccc(C(O)Cc3ccc(Cl)cc3)c2OC)C1,CHEMBL217
CHEMBL68573,CCCN(CCC)[C@@H]1CCc2c(cccc2OC)C1,CHEMBL217
CHEMBL68573,CCCN(CCC)[C@@H]1CCc2c(cccc2OC)C1,CHEMBL217
CHEMBL327782,Sc1nc2c(OCCNCc3ccccc3)cccc2[nH]1,CHEMBL217
CHEMBL89037,Sc1nc2c(OCCNCc3ccccc3)cc(Cl)cc2[nH]1,CHEMBL217
CHEMBL303502,CCCN(Cc1ccco1)[C@@H]1CCc2c(cccc2OC)C1,CHEMBL217
CHEMBL303502,CCCN(Cc1ccco1)[C@@H]1CCc2c(cccc2OC)C1,CHEMBL217
CHEMBL441089,CCCN(CCC)C1CCc2cc(CCc3ccc(OC)cc3)ccc2C1,CHEMBL217
CHEMBL130304,CCCN(CCC)C1CCc2cc(CCc3ccc(O)cc3)ccc2C1,CHEMBL217
CHEMBL155826,CCCN(CCCCN1CCN(c2ccccc2)CC1)C1CCc2ccc(O)cc2C1,CHEMBL217
CHEMBL157035,C#CCN(CCCCN1CCN(c2cccc(Cl)c2Cl)CC1)C1CCc2ccc(O)cc2C1,CHEMBL217
CHEMBL329398,Oc1nc2c(OCCNCc3ccccc3)cc(Cl)cc2[nH]1,CHEMBL217
CHEMBL59,NCCc1ccc(O)c(O)c1,CHEMBL217
CHEMBL87067,Cc1nc2c(OCCNCc3ccccc3)cccc2[nH]1,CHEMBL217
CHEMBL156639,CCCN(CCN1CCN(c2ccccc2)CC1)C1CCc2ccc(O)cc2C1,CHEMBL217
CHEMBL64508,Oc1cccc(OCCNCc2ccccc2)c1,CHEMBL217
CHEMBL68545,CCCN(Cc1ccccc1)[C@@H]1CCc2c(cccc2OC)C1,CHEMBL217
CHEMBL68545,CCCN(Cc1ccccc1)[C@@H]1CCc2c(cccc2OC)C1,CHEMBL217
CHEMBL156689,CCCN(CCN1CCN(c2cccc(Cl)c2Cl)CC1)C1CCc2ccc(O)cc2C1,CHEMBL217
CHEMBL71599,CCCN(Cc1ccc(F)cc1)[C@@H]1CCc2c(cccc2OC)C1,CHEMBL217
CHEMBL71599,CCCN(Cc1ccc(F)cc1)[C@@H]1CCc2c(cccc2OC)C1,CHEMBL217
CHEMBL54,O=C(CCCN1CCC(O)(c2ccc(Cl)cc2)CC1)c1ccc(F)cc1,CHEMBL217
CHEMBL54,O=C(CCCN1CCC(O)(c2ccc(Cl)cc2)CC1)c1ccc(F)cc1,CHEMBL217
CHEMBL132769,CCCN(CCC)[C@@H]1CCc2c(ccc(CCc3ccc(Cl)cc3)c2OC)C1,CHEMBL217
CHEMBL132724,CCCN(CCC)[C@H]1CCc2cc(CCc3ccc(Cl)cc3)ccc2C1,CHEMBL217
CHEMBL69985,CCCN(CCC)[C@@H]1CCc2c(F)cccc2C1,CHEMBL217
CHEMBL69985,CCCN(CCC)[C@@H]1CCc2c(F)cccc2C1,CHEMBL217
CHEMBL157036,CCCN(CCCCN1CCN(c2cccc(Cl)c2Cl)CC1)C1CCc2ccc(O)cc2C1,CHEMBL217
CHEMBL59752,O=C1Cc2c(cccc2OCCNCc2ccccc2)N1,CHEMBL217
CHEMBL69733,COc1ccc(CCCN2CCC(CCC(=O)c3cc(Cl)c(N)c4c3OCCO4)CC2)cc1OC,CHEMBL217
CHEMBL65847,CCCN(Cc1ccccc1)[C@@H]1CCc2c(F)cccc2C1,CHEMBL217
CHEMBL444342,Nc1ccccc1C(=O)CCCN1CC[C@@H]2[C@H](C1)c1cccc3c1N2CCCS3,CHEMBL217
CHEMBL407641,CNc1nc(Cl)c(SC)c(N2CCN(C)CC2)n1,CHEMBL217
CHEMBL80711,COc1ccccc1N1CCN(CCCNC2=Nc3ccccc3OC2)CC1.O=C(O)/C=C/C(=O)O,CHEMBL217
CHEMBL15242,CN1CCN(c2nc3ccccc3c(Cl)c2Sc2ccccc2)CC1,CHEMBL217
CHEMBL15270,Cc1nc(Cl)c(Sc2ccc(Cl)cc2)c(NC2CCN(Cc3ccccc3)CC2)n1,CHEMBL217
CHEMBL166310,Nc1cc(F)ccc1C(=O)CCCN1CC[C@H]2[C@@H](C1)c1cccc3c1N2CCCS3,CHEMBL217
CHEMBL166366,Nc1ccccc1C(=O)CCCN1CC[C@@H]2[C@H](C1)c1cccc3c1N2CCO3,CHEMBL217
CHEMBL349057,Nc1cc(F)ccc1C(=O)CCCN1CC[C@@H]2[C@H](C1)c1cccc3c1N2CCO3,CHEMBL217
CHEMBL165723,Nc1ccc(F)cc1C(=O)CCCN1CC[C@H]2[C@@H](C1)c1cccc3c1N2CCCS3,CHEMBL217
CHEMBL163261,Nc1ccccc1C(=O)CCCN1CC[C@@H]2[C@H](C1)c1cccc3c1N2CCCC3,CHEMBL217
CHEMBL831,CN1CCN(C2=Nc3ccccc3Oc3ccc(Cl)cc32)CC1,CHEMBL217
CHEMBL164744,O=CNc1cc(F)ccc1C(=O)CCCN1CC[C@H]2[C@@H](C1)c1cccc3c1N2CCCS3,CHEMBL217
CHEMBL415300,CN1CCN(C2=Nc3ccccc3Nc3ccc(Cl)cc32)CC1,CHEMBL217
CHEMBL348977,Nc1ccccc1C(=O)CCCN1CC[C@H]2[C@@H](C1)c1cccc3c1N2CCC3,CHEMBL217
CHEMBL352686,Nc1ccccc1C(=O)CCCN1CC[C@@H]2[C@H](C1)c1cccc3c1N2CCC3,CHEMBL217
CHEMBL72292,CN1CCN(C2=Nc3ccccc3Nc3ccc(OS(=O)(=O)C(F)(F)F)cc32)CC1,CHEMBL217
CHEMBL160817,O=C(CCCCCN1CCN(c2noc3ccccc23)CC1)c1ccccc1O,CHEMBL217
CHEMBL165126,Nc1c(F)cccc1C(=O)CCCN1CC[C@H]2[C@@H](C1)c1cccc3c1N2CCCS3,CHEMBL217
CHEMBL352648,O=C(CCCN1CC[C@H]2[C@@H](C1)c1cccc3c1N2CCCS3)c1ccc(F)cc1,CHEMBL217
CHEMBL162102,CS(=O)(=O)Nc1cc(F)ccc1C(=O)CCCN1CC[C@H]2[C@@H](C1)c1cccc3c1N2CCCS3,CHEMBL217
CHEMBL354005,Nc1cc(F)ccc1C(=O)CCCN1CC[C@H]2[C@@H](C1)c1cccc3c1N2CCS3,CHEMBL217
CHEMBL349683,Nc1cc(F)ccc1C(=O)CCCN1CC[C@H]2[C@@H](C1)c1cccc3c1N2CCCC3,CHEMBL217
CHEMBL42,CN1CCN(C2=Nc3cc(Cl)ccc3Nc3ccccc32)CC1,CHEMBL217
CHEMBL541270,COc1ccccc1N1CCN(CCCCc2cc(-c3cccc([N+](=O)[O-])c3)no2)CC1.Cl,CHEMBL217
CHEMBL165780,Nc1cc(F)ccc1C(=O)CCCN1CC[C@H]2[C@@H](C1)c1cccc3c1N2CCO3,CHEMBL217
CHEMBL335403,O=C(N[C@@H]1CC[C@H]2C[C@@H](N3CCN(c4ccccn4)CC3)CC[C@@H]2C1)c1ccccc1,CHEMBL217
CHEMBL159022,COc1ccccc1C(=O)CCCCCN1CCN(c2noc3ccccc23)CC1,CHEMBL217
CHEMBL424384,Nc1cc(Cl)ccc1C(=O)CCCN1CC[C@H]2[C@@H](C1)c1cccc3c1N2CCCS3,CHEMBL217
CHEMBL166310,Nc1cc(F)ccc1C(=O)CCCN1CC[C@H]2[C@@H](C1)c1cccc3c1N2CCCS3,CHEMBL217
CHEMBL349151,Nc1cc(F)ccc1C(=O)CCCN1CC[C@@H]2[C@H](C1)c1cccc3c1N2CCCS3,CHEMBL217
CHEMBL350567,O=C(CCCN1CC[C@H]2[C@@H](C1)c1cccc3c1N2CCCS3)c1ccccc1,CHEMBL217
CHEMBL352194,Nc1ccccc1C(=O)CCCN1CC[C@H]2[C@@H](C1)c1cccc3c1N2CCCC3,CHEMBL217
CHEMBL14998,Cc1nc(Cl)c(Sc2ccc(Cl)cc2)c(N2CCN(C)CC2)n1,CHEMBL217
CHEMBL70319,CN1CCN(C2=Nc3cc(Cl)ccc3Nc3ccc(OS(=O)(=O)C(F)(F)F)cc32)CC1,CHEMBL217
CHEMBL163742,Nc1ccccc1C(=O)CCCN1CC[C@H]2[C@@H](C1)c1cccc3c1N2CCS3,CHEMBL217
CHEMBL351459,Nc1ccccc1C(=O)CCCN1CC[C@@H]2[C@H](C1)c1cccc3c1N2CCS3,CHEMBL217
CHEMBL54,O=C(CCCN1CCC(O)(c2ccc(Cl)cc2)CC1)c1ccc(F)cc1,CHEMBL217
CHEMBL73589,CN1CCN(C2=Nc3ccccc3Sc3ccc(OS(=O)(=O)C(F)(F)F)cc32)CC1,CHEMBL217
CHEMBL163904,Nc1cc(F)ccc1C(=O)CCCN1CC[C@@H]2[C@H](C1)c1cccc3c1N2CCC3,CHEMBL217
CHEMBL538723,CCOc1ccccc1N1CCN(CCCCc2cc(-c3ccc(OC)c(OC)c3)no2)CC1.Cl,CHEMBL217
CHEMBL240773,CCCN1CCC[C@@H]2Cc3n[nH]cc3C[C@H]21,CHEMBL217
CHEMBL135387,O=C(N[C@H]1CC[C@H](CCN2CCN(c3ccccn3)CC2)CC1)c1ccccc1,CHEMBL217
CHEMBL351247,Nc1cc(F)ccc1C(=O)CCCN1CC[C@@H]2[C@H](C1)c1cccc3c1N2CCS3,CHEMBL217
CHEMBL2112745,O=C(N[C@H]1CC[C@H]2C[C@@H](N3CCN(c4ccccn4)CC3)CC[C@@H]2C1)c1ccccc1,CHEMBL217
CHEMBL164338,CCOC(=O)Nc1cc(F)ccc1C(=O)CCCN1CC[C@H]2[C@@H](C1)c1cccc3c1N2CCCS3,CHEMBL217
CHEMBL430798,CN1CCN(C2=Nc3ccccc3Oc3ccc(OS(=O)(=O)C(F)(F)F)cc32)CC1,CHEMBL217
CHEMBL541826,Br.c1ccc(N2CCN(CCCCCNC3=Nc4ccccc4OC3)CC2)cc1,CHEMBL217
CHEMBL163895,CCNC(=O)Nc1cc(F)ccc1C(=O)CCCN1CC[C@H]2[C@@H](C1)c1cccc3c1N2CCCS3,CHEMBL217
CHEMBL351708,Nc1ccccc1C(=O)CCCN1CC[C@H]2[C@@H](C1)c1cccc3c1N2CCO3,CHEMBL217
CHEMBL54,O=C(CCCN1CCC(O)(c2ccc(Cl)cc2)CC1)c1ccc(F)cc1,CHEMBL217
CHEMBL165897,Nc1cc(F)ccc1C(=O)CCCN1CC[C@@H]2[C@H](C1)c1cccc3c1N2CCCC3,CHEMBL217
CHEMBL557829,CCOc1ccccc1N1CCN(CCCCc2cc(-c3cccs3)no2)CC1.Cl,CHEMBL217
CHEMBL352182,Nc1cc(Br)ccc1C(=O)CCCN1CC[C@H]2[C@@H](C1)c1cccc3c1N2CCCS3,CHEMBL217
CHEMBL168051,CNc1ccccc1C(=O)CCCN1CC[C@H]2[C@@H](C1)c1cccc3c1N2CCCS3,CHEMBL217
CHEMBL351592,Nc1cc(F)ccc1C(=O)CCCN1CC[C@H]2[C@@H](C1)c1cccc3c1N2CCC3,CHEMBL217
CHEMBL537975,CCOc1ccccc1N1CCN(CCCCc2cc(-c3cccc([N+](=O)[O-])c3)no2)CC1.Cl,CHEMBL217
CHEMBL164909,Nc1cc(O)ccc1C(=O)CCCN1CC[C@H]2[C@@H](C1)c1cccc3c1N2CCCS3,CHEMBL217
CHEMBL14899,CNc1nc(Cl)c(Sc2ccccc2)c(N2CCN(C)CC2)n1,CHEMBL217
CHEMBL164185,Nc1ccccc1C(=O)CCCN1CC[C@H]2[C@@H](C1)c1cccc3c1N2CCCS3,CHEMBL217
CHEMBL162768,CC(=O)Nc1cc(F)ccc1C(=O)CCCN1CC[C@H]2[C@@H](C1)c1cccc3c1N2CCCS3,CHEMBL217
CHEMBL164185,Nc1ccccc1C(=O)CCCN1CC[C@H]2[C@@H](C1)c1cccc3c1N2CCCS3,CHEMBL217
CHEMBL278751,CCCN(CCC)[C@@H]1CCc2c(OC)cccc2[C@@H]1C,CHEMBL217
CHEMBL24978,CCCN(CCC)[C@@H]1Cc2cccc3ccc(=O)n(c23)C1,CHEMBL217
CHEMBL119455,CN1CCc2cccc3c2[C@H]1Cc1cccc(O)c1-3,CHEMBL217
CHEMBL566133,C=CCN1CC[C@@H]2c3cccc(O)c3CC[C@@H]21,CHEMBL217
CHEMBL313620,COc1ccccc1N1CCN(CCCOc2ccc(-c3nc4ccccc4[nH]3)cc2)CC1,CHEMBL217
CHEMBL267044,CCN1CCC[C@H]1CNC(=O)c1cc(S(N)(=O)=O)ccc1OC,CHEMBL217
CHEMBL267044,CCN1CCC[C@H]1CNC(=O)c1cc(S(N)(=O)=O)ccc1OC,CHEMBL217
CHEMBL2114337,CCCN1CCC2Cc3c(O)cccc3CC21,CHEMBL217
CHEMBL26118,C=CCN1CC[C@H]2c3c(cccc3OC)CC[C@H]21,CHEMBL217
CHEMBL2111525,COc1ccc(Br)cc1-c1nc(CNCC2CCN(Cc3ccccc3)C2)co1,CHEMBL217
CHEMBL10570,C=CCN1CCC2c3cccc(OC)c3CC[C@H]21,CHEMBL217
CHEMBL312877,COc1ccc(N2CCN(CCCOc3ccc(-c4nc5ccccc5[nH]4)cc3)CC2)cc1,CHEMBL217
CHEMBL280955,C=CCN1CC[C@H]2c3cccc(OC)c3CC[C@H]21,CHEMBL217
CHEMBL11066,CCCN1CC[C@@H]2Cc3c(O)cccc3C[C@H]21,CHEMBL217
CHEMBL278285,C=CCN1CCC2Cc3c(O)cccc3C[C@H]21,CHEMBL217
CHEMBL62602,COc1ccc(Br)cc1-c1nc(CNC[C@@H]2CCN(Cc3ccccc3)C2)co1,CHEMBL217
CHEMBL62602,COc1ccc(Br)cc1-c1nc(CNC[C@@H]2CCN(Cc3ccccc3)C2)co1,CHEMBL217
CHEMBL104453,c1ccc(CN2CCC(n3cccc3-c3cnco3)CC2)cc1,CHEMBL217
CHEMBL87478,CCCSc1ccccc1N1CCN(CCCOc2ccc(-c3nc4ccccc4[nH]3)cc2)CC1,CHEMBL217
CHEMBL2111528,COc1ccc(Br)cc1-c1nc(CNCC2CCN(Cc3ccccc3)C2)cs1,CHEMBL217
CHEMBL2111528,COc1ccc(Br)cc1-c1nc(CNCC2CCN(Cc3ccccc3)C2)cs1,CHEMBL217
CHEMBL287134,C=CCN1CC[C@H]2c3c(O)cccc3CC[C@H]21,CHEMBL217
CHEMBL285873,C=CCN1CC[C@H]2c3cccc(O)c3CC[C@H]21,CHEMBL217
CHEMBL42,CN1CCN(C2=Nc3cc(Cl)ccc3Nc3ccccc32)CC1,CHEMBL217
CHEMBL42,CN1CCN(C2=Nc3cc(Cl)ccc3Nc3ccccc32)CC1,CHEMBL217
CHEMBL26118,C=CCN1CC[C@H]2c3c(cccc3OC)CC[C@H]21,CHEMBL217
CHEMBL11388,CCCN1CC[C@@H]2Cc3c(cccc3OC)C[C@H]21,CHEMBL217
CHEMBL10289,C=CCN1CCC2c3cccc(O)c3CCC21,CHEMBL217
CHEMBL85972,c1cnc(N2CCN(CCCOc3ccc(-c4nc5ccccc5[nH]4)cc3)CC2)nc1,CHEMBL217
CHEMBL69985,CCCN(CCC)[C@@H]1CCc2c(F)cccc2C1,CHEMBL217
CHEMBL69985,CCCN(CCC)[C@@H]1CCc2c(F)cccc2C1,CHEMBL217
CHEMBL139345,CCCN[C@@H]1CCc2c(F)cccc2C1,CHEMBL217
CHEMBL139089,O=C1CC2(CCCC2)CC(=O)N1CCCCN[C@@H]1CCc2c(F)cccc2C1,CHEMBL217
CHEMBL139089,O=C1CC2(CCCC2)CC(=O)N1CCCCN[C@@H]1CCc2c(F)cccc2C1,CHEMBL217
CHEMBL276825,C=CCN1CCC2c3cccc(OC)c3CC[C@@H]21,CHEMBL217
CHEMBL138998,CCCN(CCCCN1C(=O)CC2(CCCC2)CC1=O)[C@@H]1CCc2c(F)cccc2C1,CHEMBL217
CHEMBL138998,CCCN(CCCCN1C(=O)CC2(CCCC2)CC1=O)[C@@H]1CCc2c(F)cccc2C1,CHEMBL217
CHEMBL516,CN1CCC(=C2c3ccccc3C=Cc3ccccc32)CC1,CHEMBL217
CHEMBL27441,CCCN[C@@H]1CCc2c(OC)cccc2[C@@H]1C,CHEMBL217
CHEMBL26118,C=CCN1CC[C@H]2c3c(cccc3OC)CC[C@H]21,CHEMBL217
CHEMBL62624,COc1ccc(Br)cc1-c1nc(CNC2CCN(Cc3ccccc3)CC2)cs1,CHEMBL217
CHEMBL62624,COc1ccc(Br)cc1-c1nc(CNC2CCN(Cc3ccccc3)CC2)cs1,CHEMBL217
CHEMBL285341,CCN(CC)C(=O)N[C@@H]1C[C@@H]2c3cccc4c3C(=CC4)C[C@H]2N(C)C1,CHEMBL217
CHEMBL53,CN1CCc2cccc3c2[C@H]1Cc1ccc(O)c(O)c1-3,CHEMBL217
CHEMBL25359,CCCN1CCC2Cc3c(O)cccc3C[C@H]21,CHEMBL217
CHEMBL65847,CCCN(Cc1ccccc1)[C@@H]1CCc2c(F)cccc2C1,CHEMBL217
CHEMBL10207,CCCN1CCC2c3cccc(O)c3CCC21,CHEMBL217
CHEMBL25013,Cc1[nH]c2cccc3c2c1C[C@@H]1C3C[C@H](NC(=O)C(C)(C)C)CN1C,CHEMBL217
CHEMBL59,NCCc1ccc(O)c(O)c1,CHEMBL217
CHEMBL26181,CCCN(CCC)[C@@H]1Cc2cccc3nc(O)n(c23)C1,CHEMBL217
CHEMBL56519,Oc1cccc2c1CC[C@@H]1NCCC[C@@H]21,CHEMBL217
CHEMBL24050,C=CCN1CC[C@H]2Cc3c(O)cccc3C[C@H]21,CHEMBL217
CHEMBL54,O=C(CCCN1CCC(O)(c2ccc(Cl)cc2)CC1)c1ccc(F)cc1,CHEMBL217
CHEMBL54,O=C(CCCN1CCC(O)(c2ccc(Cl)cc2)CC1)c1ccc(F)cc1,CHEMBL217
CHEMBL281248,CCCN(CCC)[C@@H]1Cc2cccc3nc(S)n(c23)C1,CHEMBL217
CHEMBL141510,CCCCN(CCC)[C@@H]1CCc2c(F)cccc2C1,CHEMBL217
CHEMBL141510,CCCCN(CCC)[C@@H]1CCc2c(F)cccc2C1,CHEMBL217
CHEMBL2111527,COc1ccc(Br)cc1-c1nc(CNCCC2CCN(Cc3ccccc3)C2)co1,CHEMBL217
CHEMBL141511,CCCCN[C@@H]1CCc2c(F)cccc2C1,CHEMBL217
CHEMBL423499,c1ccc(N2CCN(CC[C@H]3CC[C@H](c4c[nH]c5ccccc54)CC3)CC2)nc1,CHEMBL217
CHEMBL314983,c1ccc(N2CCN(CCCOc3ccc(-c4nc5ccccc5[nH]4)cc3)CC2)nc1,CHEMBL217
CHEMBL64139,COc1ccc(Br)cc1-c1nc(CNC[C@@H]2CCN(Cc3ccccc3)C2)cs1,CHEMBL217
CHEMBL24110,CCCN(CCC)[C@@H]1Cc2cccc3c2N(C1)C(=O)NC3,CHEMBL217
CHEMBL88058,Clc1ccccc1N1CCN(CCCOc2ccc(-c3nc4ccccc4[nH]3)cc2)CC1,CHEMBL217
CHEMBL10207,CCCN1CCC2c3cccc(O)c3CCC21,CHEMBL217
CHEMBL278091,CCCN1CCC2Cc3c(cccc3OC)C[C@H]21,CHEMBL217
CHEMBL293645,COc1ccc(Br)cc1-c1nc(CN2CCN(Cc3ccccc3)CC2)cs1,CHEMBL217
CHEMBL293645,COc1ccc(Br)cc1-c1nc(CN2CCN(Cc3ccccc3)CC2)cs1,CHEMBL217
CHEMBL25074,CN1C[C@@H](NC(=O)C(C)(C)C)CC2c3cccc4[nH]c(Cl)c(c34)C[C@H]21,CHEMBL217
CHEMBL42,CN1CCN(C2=Nc3cc(Cl)ccc3Nc3ccccc32)CC1,CHEMBL217
CHEMBL42,CN1CCN(C2=Nc3cc(Cl)ccc3Nc3ccccc32)CC1,CHEMBL217
CHEMBL11363,C=CCN1CC[C@@H]2Cc3c(O)cccc3C[C@H]21,CHEMBL217
CHEMBL10289,C=CCN1CCC2c3cccc(O)c3CCC21,CHEMBL217
CHEMBL273412,C=CCN1CCC2c3c(cccc3OC)CCC21,CHEMBL217
CHEMBL708,O=C1Cc2cc(CCN3CCN(c4nsc5ccccc45)CC3)c(Cl)cc2N1,CHEMBL217
CHEMBL715,Cc1cc2c(s1)Nc1ccccc1N=C2N1CCN(C)CC1,CHEMBL217
CHEMBL612083,CCCN(CCc1ccccc1)[C@H]1CCc2c(O)cccc2C1,CHEMBL217
CHEMBL316727,Cc1sc(C)c2c1CCCc1cnn(C)c1-2,CHEMBL217
CHEMBL716,OCCOCCN1CCN(C2=Nc3ccccc3Sc3ccccc32)CC1,CHEMBL217
CHEMBL531,CCCN1C[C@H](CSC)C[C@@H]2c3cccc4[nH]cc(c34)C[C@H]21,CHEMBL217
CHEMBL100203,Cc1sc(C)c2c1SCc1cnn(C)c1-2,CHEMBL217
CHEMBL433376,Cc1oc(C)c2c1CCCc1cnn(C)c1-2,CHEMBL217
CHEMBL225230,CCCN1CCc2cccc3c2[C@H]1Cc1ccc(O)c(O)c1-3,CHEMBL217
CHEMBL609151,CN1C[C@H](C(N)=O)C=C2c3cccc4[nH]c(Br)c(c34)C[C@H]21,CHEMBL217
CHEMBL42,CN1CCN(C2=Nc3cc(Cl)ccc3Nc3ccccc32)CC1,CHEMBL217
CHEMBL85,Cc1nc2n(c(=O)c1CCN1CCC(c3noc4cc(F)ccc34)CC1)CCCC2,CHEMBL217
CHEMBL83894,O=S1(=O)c2cccc3cccc(c23)N1CCCN1CCN(c2ccc(F)cc2)CC1,CHEMBL217
CHEMBL54,O=C(CCCN1CCC(O)(c2ccc(Cl)cc2)CC1)c1ccc(F)cc1,CHEMBL217
CHEMBL285802,CN(C)CCOC1=Cc2ccccc2Sc2ccc(Cl)cc21,CHEMBL217
CHEMBL42,CN1CCN(C2=Nc3cc(Cl)ccc3Nc3ccccc32)CC1,CHEMBL217
CHEMBL1255588,CC(C)(C)[C@@]1(O)CCN2C[C@@H]3c4ccccc4CCc4cccc(c43)[C@H]2C1,CHEMBL217
CHEMBL54,O=C(CCCN1CCC(O)(c2ccc(Cl)cc2)CC1)c1ccc(F)cc1,CHEMBL217
CHEMBL357807,COc1ccc2c(c1)CCC1(CCN(CCCC(=O)c3ccc(F)cc3)CC1)O2,CHEMBL217
CHEMBL12713,O=C1NCCN1CCN1CCC(c2cn(-c3ccc(F)cc3)c3ccc(Cl)cc23)CC1,CHEMBL217
CHEMBL157138,CCN(CC)C(=O)N[C@H]1C=C2c3cccc4[nH]cc(c34)C[C@H]2N(C)C1,CHEMBL217
CHEMBL70267,C1=C(c2nc3ccccc3o2)CCN(Cc2ccccc2)C1,CHEMBL217
CHEMBL80919,O=C(N[C@H]1CC[C@H](CCN2CCN(c3cccc(Cl)c3Cl)CC2)CC1)c1cccs1,CHEMBL217
CHEMBL78791,O=C(N[C@H]1CC[C@H](CCN2CCN(c3ccccc3)CC2)CC1)c1cccs1,CHEMBL217
CHEMBL309979,O=C(N[C@H]1CC[C@H](CCN2CCN(c3cccc(Cl)c3Cl)CC2)CC1)C1CCCCC1,CHEMBL217
CHEMBL311575,Cc1ccc(N2CCN(CC[C@H]3CC[C@H](NC(=O)c4cccs4)CC3)CC2)cc1,CHEMBL217
CHEMBL349034,Fc1ccc(N2CCN(CC[C@H]3CC[C@H](Nc4ncccn4)CC3)CC2)cc1,CHEMBL217
CHEMBL349034,Fc1ccc(N2CCN(CC[C@H]3CC[C@H](Nc4ncccn4)CC3)CC2)cc1,CHEMBL217
CHEMBL309459,O=C(N[C@H]1CC[C@H](CCN2CCN(c3ccc(Cl)cc3)CC2)CC1)c1cccs1,CHEMBL217
CHEMBL430439,O=C(N[C@H]1CC[C@H](CCN2CCN(c3cccc(Cl)c3Cl)CC2)CC1)c1ccccc1,CHEMBL217
CHEMBL113196,CCCN(CCc1ccc(Nc2ccc([N+](=O)[O-])c3nonc23)cc1)[C@H]1CCc2c(O)cccc2C1,CHEMBL217
CHEMBL309336,Cc1ccsc1C(=O)N[C@H]1CC[C@H](CCN2CCN(c3cccc(Cl)c3Cl)CC2)CC1,CHEMBL217
CHEMBL310401,O=C(N[C@H]1CC[C@H](CCN2CCN(c3cccc(Cl)c3)CC2)CC1)C1CCCCC1,CHEMBL217
CHEMBL78860,CCCN(C(=O)C1CCCCC1)[C@H]1CC[C@H](CCN2CCN(c3cccc(Cl)c3Cl)CC2)CC1,CHEMBL217
CHEMBL113527,CCCN(CCc1ccc(Nc2ccc([N+](=O)[O-])c3nonc23)cc1)[C@@H]1CCc2c(O)cccc2C1,CHEMBL217
CHEMBL164723,c1cnc(N[C@H]2CC[C@H](CCN3CCN(c4cccnc4)CC3)CC2)nc1,CHEMBL217
CHEMBL78655,O=C(NC1CCC(CCN2CCN(c3cccc(Cl)c3Cl)CC2)CC1)c1cccs1,CHEMBL217
CHEMBL309623,O=C(N[C@H]1CC[C@H](CCN2CCN(c3ccccc3)CC2)CC1)C1CCCCC1,CHEMBL217
CHEMBL311772,O=C(NC1CCC(CCN2CCN(c3ccccc3)CC2)CC1)c1cccs1,CHEMBL217
CHEMBL2113347,Cl.N#Cc1ccc2c(c1)CN(CC[C@H]1CC[C@H](NC(=O)c3cc4ccccc4[nH]3)CC1)CC2,CHEMBL217
CHEMBL165664,c1ccc(N2CCN(C[C@H]3CC[C@H](Nc4ncccn4)CC3)CC2)cc1,CHEMBL217
CHEMBL76908,Cc1ccc(C(=O)N[C@H]2CC[C@H](CCN3CCN(c4cccc(Cl)c4Cl)CC3)CC2)s1,CHEMBL217
CHEMBL320779,CCCN(CCc1ccc(N/C(S)=N/c2ccc3c(c2)C(=O)OC32c3ccc(O)cc3Oc3cc(O)ccc32)cc1)[C@@H]1CCc2c(O)cccc2C1,CHEMBL217
CHEMBL310680,O=C(N[C@H]1CC[C@H](CCN2CCN(c3ccc(Cl)cc3)CC2)CC1)C1CCCCC1,CHEMBL217
CHEMBL1159663,CCCN(CCc1ccc(C)cc1)[C@@H]1CCc2c(O)cccc2C1,CHEMBL217
CHEMBL164979,CN(CCc1ccccc1)CC[C@H]1CC[C@H](Nc2ncccn2)CC1,CHEMBL217
CHEMBL355371,c1ccc(N2CCN(CC[C@H]3CC[C@H](Nc4ncccn4)CC3)CC2)nc1,CHEMBL217
CHEMBL355371,c1ccc(N2CCN(CC[C@H]3CC[C@H](Nc4ncccn4)CC3)CC2)nc1,CHEMBL217
CHEMBL2368612,Cl.N#Cc1ccc2c(c1)CCN(CC[C@H]1CC[C@H](NC(=O)/C=C/c3ccccc3)CC1)C2,CHEMBL217
CHEMBL2110308,c1ccc(N2CCN(C3CCC(Nc4ncccn4)CC3)CC2)cc1,CHEMBL217
CHEMBL2092940,CCCN(CCc1ccc(C)cc1)[C@H]1CCc2c(O)cccc2C1,CHEMBL217
CHEMBL2368611,Cl.N#Cc1ccc2c(c1)CCN(CC[C@H]1CC[C@H](NC(=O)/C=C/c3ccc(F)cc3)CC1)C2,CHEMBL217
CHEMBL165440,c1cnc(N[C@H]2CC[C@H](CCN3CCc4ccccc4C3)CC2)nc1,CHEMBL217
CHEMBL2113350,Cl.N#Cc1ccc2c(c1)CN(CC[C@H]1CC[C@H](NC(=O)/C=C/c3ccccc3)CC1)CC2,CHEMBL217
CHEMBL2113352,CS(=O)(=O)c1cccc(/C=C/C(=O)N[C@H]2CC[C@H](CCN3CCc4cc(C#N)ccc4C3)CC2)c1.Cl,CHEMBL217
CHEMBL165679,c1ccc(N2CCN(CC[C@H]3CC[C@H](Nc4ncccn4)CC3)CC2)cc1,CHEMBL217
CHEMBL165679,c1ccc(N2CCN(CC[C@H]3CC[C@H](Nc4ncccn4)CC3)CC2)cc1,CHEMBL217
CHEMBL164792,COc1ccccc1N1CCN(CC[C@H]2CC[C@H](Nc3ncccn3)CC2)CC1,CHEMBL217
CHEMBL164792,COc1ccccc1N1CCN(CC[C@H]2CC[C@H](Nc3ncccn3)CC2)CC1,CHEMBL217
CHEMBL351617,COc1ccc(N2CCN(CC[C@H]3CC[C@H](Nc4ncccn4)CC3)CC2)cc1,CHEMBL217
CHEMBL349980,c1cnc(N[C@H]2CC[C@H](CCN3CCN(c4ncccn4)CC3)CC2)nc1,CHEMBL217
CHEMBL350352,Clc1cccc(N2CCN(CC[C@H]3CC[C@H](Nc4ncccn4)CC3)CC2)c1Cl,CHEMBL217
CHEMBL309727,O=C(N[C@H]1CC[C@H](CCN2CCN(c3cccc(Cl)c3Cl)CC2)CC1)c1ccsc1,CHEMBL217
CHEMBL80875,Cc1cccc(N2CCN(CC[C@H]3CC[C@H](NC(=O)c4cccs4)CC3)CC2)c1,CHEMBL217
CHEMBL80615,Cc1ccc(N2CCN(CC[C@H]3CC[C@H](NC(=O)C4CCCCC4)CC3)CC2)cc1C,CHEMBL217
CHEMBL80315,CN(C(=O)c1cccs1)[C@H]1CC[C@H](CCN2CCN(c3cccc(Cl)c3Cl)CC2)CC1,CHEMBL217
CHEMBL301559,CCCN(CCC)[C@@H]1CCc2ccc(O)cc2C1,CHEMBL217
CHEMBL606939,CCCN(CCc1ccccc1)[C@@H]1CCc2c(O)cccc2C1,CHEMBL217
CHEMBL612083,CCCN(CCc1ccccc1)[C@H]1CCc2c(O)cccc2C1,CHEMBL217
CHEMBL312752,Cc1csc(C(=O)N[C@H]2CC[C@H](CCN3CCN(c4cccc(Cl)c4Cl)CC3)CC2)c1,CHEMBL217
CHEMBL267930,O=C(CCCN1CCC2(CC1)C(=O)NCN2c1ccccc1)c1ccc(F)cc1,CHEMBL217
CHEMBL309623,O=C(N[C@H]1CC[C@H](CCN2CCN(c3ccccc3)CC2)CC1)C1CCCCC1,CHEMBL217
CHEMBL2112078,Cl.N#Cc1ccc2c(c1)CN(CC[C@H]1CC[C@H](NC(=O)/C=C/c3c[nH]c4ccccc34)CC1)CC2,CHEMBL217
CHEMBL310204,O=C(N[C@H]1CC[C@H](CCN2CCN(c3ccccc3Cl)CC2)CC1)C1CCCCC1,CHEMBL217
CHEMBL165056,FC(F)(F)c1cccc(N2CCN(CC[C@H]3CC[C@H](Nc4ncccn4)CC3)CC2)c1,CHEMBL217
CHEMBL78916,CC(=O)N[C@H]1CC[C@H](CCN2CCN(c3ccccc3)CC2)CC1,CHEMBL217
CHEMBL111532,CCCN(CCc1ccc(N)cc1)C1CCc2c(O)cccc2C1,CHEMBL217
CHEMBL164604,C1=C(c2ccccc2)CCN(CC[C@H]2CC[C@H](Nc3ncccn3)CC2)C1,CHEMBL217
CHEMBL166252,c1cnc(N[C@H]2CC[C@H](CCN3CCN(c4nccs4)CC3)CC2)nc1,CHEMBL217
CHEMBL80571,O=C(NC1CCC(CCN2CCN(c3ccccc3)CC2)CC1)C1CCCCC1,CHEMBL217
CHEMBL78406,O=C(N[C@H]1CC[C@H](CCN2CCN(c3ccccn3)CC2)CC1)c1cccs1,CHEMBL217
CHEMBL312430,O=C(N[C@H]1CC[C@H](CCN2CCN(c3cccc(Cl)c3Cl)CC2)CC1)c1ccco1,CHEMBL217
CHEMBL109897,CCCN(CCc1ccc(N/C(S)=N/c2ccc3c(c2)C(=O)OC32c3ccc(O)cc3Oc3cc(O)ccc32)cc1)[C@H]1CCc2c(O)cccc2C1,CHEMBL217
CHEMBL78791,O=C(N[C@H]1CC[C@H](CCN2CCN(c3ccccc3)CC2)CC1)c1cccs1,CHEMBL217
CHEMBL349426,c1ccc(N2CCN(CC[C@H]3CC[C@H](Nc4ncnc5ccccc45)CC3)CC2)cc1,CHEMBL217
CHEMBL3084971,c1ccc(N2CCN(CC[C@H]3CC[C@@H](Nc4ncccn4)CC3)CC2)cc1,CHEMBL217
CHEMBL310158,O=C(NC1CCC(CCN2CCN(c3cccc(Cl)c3Cl)CC2)CC1)c1ccccc1,CHEMBL217
CHEMBL310577,COc1cccc(N2CCN(CC[C@H]3CC[C@H](NC(=O)c4cccs4)CC3)CC2)c1,CHEMBL217
CHEMBL78800,O=C(N[C@H]1CC[C@H](CCN2CCN(c3ccccc3Cl)CC2)CC1)c1cccs1,CHEMBL217
CHEMBL78617,O=C(N[C@H]1CC[C@H](CCN2CCN(c3cccc(Cl)c3Cl)CC2)CC1)C1CCCC1,CHEMBL217
CHEMBL78195,O=C(N[C@H]1CC[C@H](CCN2CCN(c3cccc(Cl)c3Cl)CC2)CC1)C1CCCCCC1,CHEMBL217
CHEMBL165689,c1cnc(N[C@H]2CC[C@H](CCN3CCN(c4cnccn4)CC3)CC2)nc1,CHEMBL217
CHEMBL312803,COc1ccc(N2CCN(CC[C@H]3CC[C@H](NC(=O)c4cccs4)CC3)CC2)cc1,CHEMBL217
CHEMBL109684,CCCN(CCc1ccccc1)C1CCc2c(O)cccc2C1,CHEMBL217
CHEMBL165140,c1ccc(N2CCN(CCC[C@H]3CC[C@H](Nc4ncccn4)CC3)CC2)cc1,CHEMBL217
CHEMBL309501,Cc1ccccc1N1CCN(CC[C@H]2CC[C@H](NC(=O)c3cccs3)CC2)CC1,CHEMBL217
CHEMBL165047,CN(c1ncccn1)[C@H]1CC[C@H](CCN2CCN(c3ccccc3)CC2)CC1,CHEMBL217
CHEMBL78950,COc1ccccc1N1CCN(CC[C@H]2CC[C@H](NC(=O)c3cccs3)CC2)CC1,CHEMBL217
CHEMBL78368,O=C(N[C@H]1CC[C@H](CCN2CCN(c3cccc(Cl)c3)CC2)CC1)c1cccs1,CHEMBL217
CHEMBL109787,CCCN(CCc1ccc(Nc2ccc([N+](=O)[O-])c3nonc23)cc1)C1CCc2c(O)cccc2C1,CHEMBL217
CHEMBL92649,O=C(CCCN1CCC2(CC1)C(=O)N(CCc1ccc(Nc3ccc([N+](=O)[O-])c4nonc34)cc1)CN2c1ccccc1)c1ccc(F)cc1,CHEMBL217
CHEMBL320526,CCCN(CCc1ccc(N/C(S)=N/c2ccc3c(c2)C(=O)OC32c3ccc(O)cc3Oc3cc(O)ccc32)cc1)C1CCc2c(O)cccc2C1,CHEMBL217
CHEMBL2110308,c1ccc(N2CCN(C3CCC(Nc4ncccn4)CC3)CC2)cc1,CHEMBL217
CHEMBL139600,COc1ccccc1N1CCN(CCCCCNC(=O)c2cnn3ccccc23)CC1,CHEMBL217
CHEMBL139600,COc1ccccc1N1CCN(CCCCCNC(=O)c2cnn3ccccc23)CC1,CHEMBL217
CHEMBL279247,Cc1nn(C2CCN(Cc3ccccc3)CC2)cc1-c1ccccc1,CHEMBL217
CHEMBL42,CN1CCN(C2=Nc3cc(Cl)ccc3Nc3ccccc32)CC1,CHEMBL217
CHEMBL25236,COc1ccccc1N1CCN(CCCCNC(=O)c2ccc3ccccc3c2)CC1,CHEMBL217
CHEMBL25236,COc1ccccc1N1CCN(CCCCNC(=O)c2ccc3ccccc3c2)CC1,CHEMBL217
CHEMBL143352,COc1ccccc1N1CCN(CCCCNC(=O)c2cccn3nccc23)CC1,CHEMBL217
CHEMBL143352,COc1ccccc1N1CCN(CCCCNC(=O)c2cccn3nccc23)CC1,CHEMBL217
CHEMBL139926,O=C(NCCCCN1CCN(c2cccc(Cl)c2Cl)CC1)c1cc2ccccc2o1,CHEMBL217
CHEMBL139926,O=C(NCCCCN1CCN(c2cccc(Cl)c2Cl)CC1)c1cc2ccccc2o1,CHEMBL217
CHEMBL25938,c1ccc(CN2CCC(c3cc(-c4ccccc4)[nH]n3)CC2)cc1,CHEMBL217
CHEMBL25772,Cc1c(-c2ccccc2)cnn1C1CCN(Cc2ccccc2)CC1,CHEMBL217
CHEMBL140968,COc1ccccc1N1CCN(CCCCCNC(=O)c2cc3ccccn3n2)CC1,CHEMBL217
CHEMBL140968,COc1ccccc1N1CCN(CCCCCNC(=O)c2cc3ccccn3n2)CC1,CHEMBL217
CHEMBL141419,COc1ccccc1N1CCN(CCCCNC(=O)c2cc3ccccc3[te]2)CC1,CHEMBL217
CHEMBL141419,COc1ccccc1N1CCN(CCCCNC(=O)c2cc3ccccc3[te]2)CC1,CHEMBL217
CHEMBL24809,Cc1cc(-c2ccccc2)n(C2CCN(Cc3ccccc3)CC2)n1,CHEMBL217
CHEMBL342060,COc1ccccc1N1CCN(CCCCNC(=O)c2ccn3nccc3c2)CC1,CHEMBL217
CHEMBL342060,COc1ccccc1N1CCN(CCCCNC(=O)c2ccn3nccc3c2)CC1,CHEMBL217
CHEMBL337531,O=C(NCCCCN1CCN(c2cccc(Cl)c2Cl)CC1)c1cc2ccccc2[te]1,CHEMBL217
CHEMBL337531,O=C(NCCCCN1CCN(c2cccc(Cl)c2Cl)CC1)c1cc2ccccc2[te]1,CHEMBL217
CHEMBL281195,Cc1c(C2CCN(Cc3ccccc3)CC2)n[nH]c1-c1ccccc1,CHEMBL217
CHEMBL336930,COc1ccccc1N1CCN(CCCCNC(=O)c2ccc3ccnn3c2)CC1,CHEMBL217
CHEMBL336930,COc1ccccc1N1CCN(CCCCNC(=O)c2ccc3ccnn3c2)CC1,CHEMBL217
CHEMBL296512,Fc1ccc(-c2[nH]c3cc(F)ccc3c2C2CCCNC2)cc1,CHEMBL217
CHEMBL140612,COc1ccccc1N1CCN(CCCNC(=O)c2cnn3ccccc23)CC1,CHEMBL217
CHEMBL140612,COc1ccccc1N1CCN(CCCNC(=O)c2cnn3ccccc23)CC1,CHEMBL217
CHEMBL315772,CN(C)CC1CC2c3ccccc3Cc3ccc(Cl)cc3N2O1,CHEMBL217
CHEMBL287412,Cc1nn(C2CCN(Cc3cccc(Cl)c3)CC2)cc1-c1ccccc1,CHEMBL217
CHEMBL423735,COc1ccccc1N1CCN(CCCCNC(=O)c2cnn3ccccc23)CC1,CHEMBL217
CHEMBL423735,COc1ccccc1N1CCN(CCCCNC(=O)c2cnn3ccccc23)CC1,CHEMBL217
CHEMBL424294,COc1ccccc1N1CCN(CCCCNC(=O)c2cc3ccccc3s2)CC1,CHEMBL217
CHEMBL424294,COc1ccccc1N1CCN(CCCCNC(=O)c2cc3ccccc3s2)CC1,CHEMBL217
CHEMBL344677,COc1ccccc1N1CCN(CCCCNC(=O)c2cccc3ccnn23)CC1,CHEMBL217
CHEMBL344677,COc1ccccc1N1CCN(CCCCNC(=O)c2cccc3ccnn23)CC1,CHEMBL217
CHEMBL26120,Cc1nn(C2CCN(Cc3cccc(C#N)c3)CC2)cc1-c1ccccc1,CHEMBL217
CHEMBL43819,CN1CCCC(c2c(-c3ccccc3)[nH]c3ccccc23)C1,CHEMBL217
CHEMBL141845,COc1ccccc1N1CCN(CCNC(=O)c2cnn3ccccc23)CC1,CHEMBL217
CHEMBL141845,COc1ccccc1N1CCN(CCNC(=O)c2cnn3ccccc23)CC1,CHEMBL217
CHEMBL142020,COc1ccccc1N1CCN(CCCCNC(=O)c2cc3ccccn3n2)CC1,CHEMBL217
CHEMBL142020,COc1ccccc1N1CCN(CCCCNC(=O)c2cc3ccccn3n2)CC1,CHEMBL217
CHEMBL124444,COc1ccccc1N1CCN(CCCCNC(=O)c2cc3ccccc3o2)CC1,CHEMBL217
CHEMBL124444,COc1ccccc1N1CCN(CCCCNC(=O)c2cc3ccccc3o2)CC1,CHEMBL217
CHEMBL305392,N#Cc1ccc2c(c1)C1CN(Cc3ccccc3)CC1CC2,CHEMBL217
CHEMBL413275,CC(=O)Nc1ccc(CN2C[C@H]3COc4ccc(C#N)cc4[C@@H]3C2)cc1,CHEMBL217
CHEMBL126474,COc1ccccc1N1CCN(CCCCNC(=O)c2ccc(C(C)=O)cc2)CC1,CHEMBL217
CHEMBL126948,COc1ccccc1N1CCN(CCCCNC(=O)c2ccc(C(=O)c3ccccc3)cc2)CC1.O=C(O)C(=O)O,CHEMBL217
CHEMBL127114,COc1ccccc1N1CCN(CCCCNC(=O)C2CC2c2ccccc2)CC1.O=C(O)C(=O)O,CHEMBL217
CHEMBL127311,COc1ccc(/C=C/C(=O)NCCCCN2CCN(c3ccccc3OC)CC2)cc1,CHEMBL217
CHEMBL417473,CN1CCc2ccc3c4c2[C@H]1Cc1cccc(c1-4)[C@]3(C)O,CHEMBL217
CHEMBL263058,COc1ccccc1N1CCN(CCCNC(=O)c2ccccc2I)CC1.O=C(O)C(=O)O,CHEMBL217
CHEMBL125525,COc1ccccc1N1CCN(CCCCNC(=O)c2coc3ccccc3c2=O)CC1.O=C(O)C(=O)O,CHEMBL217
CHEMBL53,CN1CCc2cccc3c2[C@H]1Cc1ccc(O)c(O)c1-3,CHEMBL217
CHEMBL340173,COc1ccccc1N1CCN(CCCCNC(=O)CCc2ccccc2)CC1.O=C(O)C(=O)O,CHEMBL217
CHEMBL126128,COc1ccccc1N1CCN(CCCCNC(=O)/C=C/c2ccccc2)CC1.O=C(O)C(=O)O,CHEMBL217
CHEMBL304856,c1ccc(CN2CC3COc4ccccc4C3C2)cc1,CHEMBL217
CHEMBL64721,N#Cc1ccc2c(c1)C1CN(Cc3ccc(F)cc3)CC1CO2,CHEMBL217
CHEMBL66080,N#Cc1ccc2c(c1)[C@@H]1CN(CCCCNC(=O)c3ccc(-c4ccccc4)cc3)C[C@H]1CO2,CHEMBL217
CHEMBL127807,COc1ccccc1N1CCN(Cc2cccc(CNC(=O)c3ccc4ccccc4c3)c2)CC1.O=C(O)C(=O)O,CHEMBL217
CHEMBL285352,CN1CCc2ccc3c4c2[C@H]1Cc1cccc(c1-4)[C@@H]3O,CHEMBL217
CHEMBL129483,COc1ccccc1N1CCN(CCCCNC(=O)c2ccc(-c3ccccc3)cc2)CC1.O=C(O)C(=O)O,CHEMBL217
CHEMBL127230,COc1ccccc1N1CCN(CCCCNC(=O)/C=C/c2ccc(Oc3ccccc3)cc2)CC1,CHEMBL217
CHEMBL27132,C[C@H]1c2cccc3c2-c2c1ccc1c2[C@@H](C3)N(C)CC1,CHEMBL217
CHEMBL338841,COc1ccccc1N1CCN(CCCCNC(=O)/C=C/c2cccc(I)c2)CC1,CHEMBL217
CHEMBL338063,COc1ccccc1N1CCN(CCCCNC(=O)/C=C/c2ccc(Cl)cc2Cl)CC1.O=C(O)C(=O)O,CHEMBL217
CHEMBL65071,CC(=O)Nc1ccc(CN2CC3COc4ccc(C#N)cc4C3C2)cc1,CHEMBL217
CHEMBL99198,O=C(NCCCCN1CCC[C@H]2c3cccc(O)c3CC[C@@H]21)c1ccc(-c2ccccc2)cc1,CHEMBL217
CHEMBL341481,COc1ccccc1N1CCN(C2CC3CC(NC4CC5CC(N6CCN(c7ccccc7OC)CC6)CC5C4)CC3C2)CC1.O=C(O)C(=O)O,CHEMBL217
CHEMBL127080,COc1ccccc1N1CCN(CCCCNC(=O)C2(c3ccc(Cl)cc3)CCCC2)CC1.O=C(O)C(=O)O,CHEMBL217
CHEMBL273921,O=C1c2ccccc2CCCN1CCN1CCC(n2c(O)nc3cc(F)ccc32)CC1,CHEMBL217
CHEMBL126136,COc1ccccc1N1CCN(CCCCNC(=O)c2ccccc2I)CC1,CHEMBL217
CHEMBL126780,COc1ccccc1N1CCN(CCCCNC(=O)c2cc3ccccc3oc2=O)CC1,CHEMBL217
CHEMBL126331,COc1ccc2cc([C@H](C)C(=O)NCCCN3CCN(c4ccccc4OC)CC3)ccc2c1.O=C(O)C(=O)O,CHEMBL217
CHEMBL340712,COc1ccccc1N1CCN(CCCCNC(=O)/C=C/c2ccc(I)cc2)CC1,CHEMBL217
CHEMBL127979,COc1ccccc1N1CCN(CCCN2C(=O)c3ccccc3C2=O)CC1.O=C(O)C(=O)O,CHEMBL217
CHEMBL129606,COc1ccccc1N1CCN(CCCNC(=O)c2cccc(I)c2)CC1.O=C(O)C(=O)O,CHEMBL217
CHEMBL126439,COc1ccccc1N1CCN(CCCCNC(=O)c2ccc3ccccc3n2)CC1.O=C(O)C(=O)O,CHEMBL217
CHEMBL129429,COc1ccccc1N1CCN(CCCCNC(=O)/C=C/c2ccc(C(F)(F)F)cc2)CC1,CHEMBL217
CHEMBL126342,COc1ccccc1N1CCN(CCCCNC(=O)/C=C/c2cccc(Oc3ccccc3)c2)CC1.O=C(O)C(=O)O,CHEMBL217
CHEMBL126892,COc1ccccc1N1CCN(CCCCNC(=O)c2nccc3ccccc23)CC1.O=C(O)C(=O)O,CHEMBL217
CHEMBL126656,COc1ccccc1N1CCN(CCCNC(=O)Cc2cccc3ccccc23)CC1.O=C(O)C(=O)O,CHEMBL217
CHEMBL126441,COc1ccccc1/C=C/C(=O)NCCCCN1CCN(c2ccccc2OC)CC1,CHEMBL217
CHEMBL421085,COc1ccccc1N1CCN(CCCCNC(=O)/C=C/c2ccc(Cl)c(Cl)c2)CC1.O=C(O)C(=O)O,CHEMBL217
CHEMBL126632,COc1ccccc1N1CCN(CCCCN2C(=O)c3ccccc3C2=O)CC1.O=C(O)C(=O)O,CHEMBL217
CHEMBL418321,Brc1ccc2c(c1)C1CN(Cc3ccccc3)CC1CO2,CHEMBL217
CHEMBL281924,CO[C@]1(C)c2cccc3c2-c2c1ccc1c2[C@@H](C3)N(C)CC1,CHEMBL217
CHEMBL280804,CCO[C@@]1(CC)c2cccc3c2-c2c1ccc1c2[C@@H](C3)N(C)CC1,CHEMBL217
CHEMBL127029,COc1ccccc1N1CCN(CCCCNC(=O)c2ccc(-c3ccc(Cl)cc3)o2)CC1.O=C(O)C(=O)O,CHEMBL217
CHEMBL65122,N#Cc1ccc2c(c1)[C@@H]1CN(Cc3ccc(F)cc3)C[C@H]1CO2,CHEMBL217
CHEMBL284586,CN1CCc2ccc3c4c2[C@H]1Cc1cccc(c1-4)C3,CHEMBL217
CHEMBL303979,Fc1ccc2c(c1)C1CN(Cc3ccccc3)CC1CO2,CHEMBL217
CHEMBL443006,CS(=O)(=O)Nc1ccc(CCN2CC3COc4ccc(C#N)cc4C3C2)cc1,CHEMBL217
CHEMBL2112210,N#Cc1ccc2c(c1)[C@H]1CN(CCCCNC(=O)c3ccc(-c4ccc(N)cc4)cc3)C[C@@H]1CO2,CHEMBL217
CHEMBL27309,CN1CCc2ccc3c4c2[C@H]1Cc1cccc(c1-4)[C@@]3(C)O,CHEMBL217
CHEMBL59,NCCc1ccc(O)c(O)c1,CHEMBL217
CHEMBL59,NCCc1ccc(O)c(O)c1,CHEMBL217
CHEMBL59,NCCc1ccc(O)c(O)c1,CHEMBL217
CHEMBL59,NCCc1ccc(O)c(O)c1,CHEMBL217
CHEMBL26751,CN1CCc2ccc3c4c2[C@H]1Cc1cccc(c1-4)[C@H]3O,CHEMBL217
CHEMBL281048,CN1CCc2ccc3c4c2[C@H]1Cc1cccc(c1-4)[C@H]3N,CHEMBL217
CHEMBL126502,COc1ccccc1N1CCN(CCCCNC(=O)c2cccc(I)c2)CC1.O=C(O)C(=O)O,CHEMBL217
CHEMBL126746,COc1ccccc1N1CCN(CCCCNC(=O)/C=C/c2ccc(-c3ccccc3)cc2)CC1,CHEMBL217
CHEMBL125459,COc1ccccc1N1CCN(CCCCNC(=O)/C=C/c2cccc3c2OCO3)CC1,CHEMBL217
CHEMBL341299,COc1ccccc1N1CCN(CCCCNC(=O)/C=C/c2ccco2)CC1.O=C(O)C(=O)O,CHEMBL217
CHEMBL293159,N#Cc1ccc2c(c1)[C@H]1CN(Cc3ccccc3)C[C@@H]1CO2,CHEMBL217
CHEMBL436157,CCCN1CC2COc3ccc(C#N)cc3C2C1,CHEMBL217
CHEMBL163087,CCCN(CCC)C1CC=C(C#C[Si](C)(C)C)CC1,CHEMBL217
CHEMBL163087,CCCN(CCC)C1CC=C(C#C[Si](C)(C)C)CC1,CHEMBL217
CHEMBL163087,CCCN(CCC)C1CC=C(C#C[Si](C)(C)C)CC1,CHEMBL217
CHEMBL27940,Cc1cccc2c1-c1cccc3c1[C@@H](C2)N(C)CC3,CHEMBL217
CHEMBL126313,COc1ccccc1N1CCN(CCCCNC(=O)c2sc3ccccc3c2Cl)CC1,CHEMBL217
CHEMBL339103,COc1ccccc1N1CCN(CCCCNC(=O)Cc2ccc3ccccc3c2)CC1.O=C(O)C(=O)O,CHEMBL217
CHEMBL291417,Clc1ccc2c(c1)C1CN(Cc3ccccc3)CC1CO2,CHEMBL217
CHEMBL59662,COc1ccc2c(c1)OCC1CN(Cc3ccccc3)CC21,CHEMBL217
CHEMBL64157,N#Cc1ccc2c(c1)[C@H]1CN(Cc3ccc(F)cc3)C[C@@H]1CO2,CHEMBL217
CHEMBL277790,N#Cc1ccc2c(c1)C1CN(CCCCNC(=O)c3ccc(-c4ccccc4)cc3)CC1CO2,CHEMBL217
CHEMBL553331,Cl.Cl.Cn1c(=O)c2c(ncn2CCCN2CCN(C(c3ccc(F)cc3)c3ccc(F)cc3)CC2)n(C)c1=O,CHEMBL217
CHEMBL338606,COc1ccccc1N1CCN(CCCCNC(=O)/C=C/c2ccc(F)cc2)CC1,CHEMBL217
CHEMBL127038,COc1ccccc1N1CCN(CCCCNC(=O)/C=C/c2ccc3c(c2)OCO3)CC1,CHEMBL217
CHEMBL418671,CC(=O)Nc1ccc(CCN2C[C@@H]3COc4ccc(C#N)cc4[C@H]3C2)cc1,CHEMBL217
CHEMBL305660,CC(C)(C)c1ccc(C(=O)CCCN2CCC(OC(c3ccccc3)c3ccccc3)CC2)cc1,CHEMBL217
CHEMBL162762,C#CC1=CCC(N(CCC)CCC)CC1,CHEMBL217
CHEMBL162762,C#CC1=CCC(N(CCC)CCC)CC1,CHEMBL217
CHEMBL162762,C#CC1=CCC(N(CCC)CCC)CC1,CHEMBL217
CHEMBL162762,C#CC1=CCC(N(CCC)CCC)CC1,CHEMBL217
CHEMBL128133,COc1ccccc1N1CCN(CCCNC(=O)Cc2ccc3ccccc3c2)CC1.O=C(O)C(=O)O,CHEMBL217
CHEMBL129465,COc1ccccc1N1CCN(CCCCNC(=O)/C=C/c2ccc([N+](=O)[O-])cc2)CC1.O=C(O)C(=O)O,CHEMBL217
CHEMBL339062,COc1ccccc1N1CCN(CCCCNC(=O)/C=C/c2ccc(C=O)cc2)CC1.O=C(O)C(=O)O,CHEMBL217
CHEMBL127912,COc1ccccc1N1CCN(CCCCNC(=O)/C=C/c2cccc(Cl)c2)CC1.O=C(O)C(=O)O,CHEMBL217
CHEMBL338552,COc1ccccc1N1CCN(CCCCNC(=O)/C=C/c2cccs2)CC1.O=C(O)C(=O)O,CHEMBL217
CHEMBL125580,COc1ccccc1N1CCN(CCCCN2C(=O)c3cc4ccccc4cc3C2=O)CC1,CHEMBL217
CHEMBL279247,Cc1nn(C2CCN(Cc3ccccc3)CC2)cc1-c1ccccc1,CHEMBL217
CHEMBL294275,COc1ccc2c(c1)C1CN(Cc3ccccc3)CC1CO2,CHEMBL217
CHEMBL62823,CC(=O)Nc1ccc(CCN2C[C@H]3COc4ccc(C#N)cc4[C@@H]3C2)cc1,CHEMBL217
CHEMBL27254,COc1ccccc1N1CCN(CCCCNC(=O)c2ccc(I)cc2)CC1,CHEMBL217
CHEMBL125676,COc1ccccc1N1CCN(CCCCNC(=O)/C=C/c2ccc(C(C)(C)C)cc2)CC1.O=C(O)C(=O)O,CHEMBL217
CHEMBL126280,COc1ccccc1N1CCN(CCCCNC(=O)/C=C/c2ccsc2)CC1,CHEMBL217
CHEMBL294515,N#Cc1ccc2c(c1)[C@@H]1CN(Cc3ccccc3)C[C@H]1CO2,CHEMBL217
CHEMBL62416,CC(=O)Nc1ccc(CN2C[C@@H]3COc4ccc(C#N)cc4[C@H]3C2)cc1,CHEMBL217
CHEMBL302416,N#Cc1ccc2c(c1)C1CN(Cc3ccccc3)CC1CO2,CHEMBL217
CHEMBL341134,COc1ccccc1N1CCN(CCCCNC(=O)/C=C/c2ccc(Br)cc2)CC1.O=C(O)C(=O)O,CHEMBL217
CHEMBL340851,COc1ccccc1N1CCN(CCCCNC(=O)/C=C/c2ccc(OCc3ccccc3)cc2)CC1,CHEMBL217
CHEMBL415520,COc1ccccc1N1CCN(CCCCNC(=O)/C=C/c2cccc(C(F)(F)F)c2)CC1.O=C(O)C(=O)O,CHEMBL217
CHEMBL61565,CC(=O)Nc1ccc(CCN2CC3COc4ccc(C#N)cc4C3C2)cc1,CHEMBL217
CHEMBL26471,CN1CCc2ccc3c4c2[C@H]1Cc1cccc(c1-4)C3=O,CHEMBL217
CHEMBL129035,COc1ccccc1N1CCN(CCCCNC(=O)/C=C/c2ccc(/C=C/C(=O)NCCCCN3CCN(c4ccccc4OC)CC3)cc2)CC1,CHEMBL217
CHEMBL126258,COc1ccccc1N1CCN(CCCCNC(=O)c2ccc(Cl)cc2)CC1.O=C(O)C(=O)O,CHEMBL217
CHEMBL129022,COc1ccccc1N1CCN(CCCCNC(=O)c2cc3ccccc3cn2)CC1.O=C(O)C(=O)O,CHEMBL217
CHEMBL129022,COc1ccccc1N1CCN(CCCCNC(=O)c2cc3ccccc3cn2)CC1.O=C(O)C(=O)O,CHEMBL217
CHEMBL341241,COc1ccccc1N1CCN(CCCCNC(=O)/C=C/c2ccc(C#N)cc2)CC1.O=C(O)C(=O)O,CHEMBL217
CHEMBL341542,COc1ccccc1N1CCN(CCCCNC(=O)/C=C/c2cccnc2)CC1.O=C(O)C(=O)O,CHEMBL217
CHEMBL129767,COc1ccccc1N1CCN(CCCCNC(=O)/C=C/C=C/c2ccccc2)CC1,CHEMBL217
CHEMBL126285,COc1ccccc1N1CCN(CCCCN2C(=O)c3cccc4cccc(c34)C2=O)CC1,CHEMBL217
CHEMBL302416,N#Cc1ccc2c(c1)C1CN(Cc3ccccc3)CC1CO2,CHEMBL217
CHEMBL281554,CCO[C@]1(CC)c2cccc3c2-c2c1ccc1c2[C@@H](C3)N(C)CC1,CHEMBL217
CHEMBL127288,COc1ccccc1N1CCN(CCCCNC(=O)c2ccc(C(C)(C)C)cc2)CC1,CHEMBL217
CHEMBL340608,COc1ccccc1N1CCN(CCCCNC(=O)/C=C/c2ccccc2I)CC1,CHEMBL217
CHEMBL127923,COc1ccccc1N1CCN(CCCCNC(=O)/C=C/c2cc(I)c(OC)c(OC)c2)CC1.O=C(O)C(=O)O,CHEMBL217
CHEMBL126749,COc1ccccc1N1CCN(CCCCNC(=O)/C=C/c2ccc3ccccc3c2)CC1,CHEMBL217
CHEMBL434403,CC(=O)c1ccc(C(=O)Nc2ccc(CCN3CC4COc5ccc(C#N)cc5C4C3)cc2)cc1,CHEMBL217
CHEMBL126312,COc1ccccc1N1CCN(Cc2ccccc2CNC(=O)c2ccc3ccccc3c2)CC1.O=C(O)C(=O)O,CHEMBL217
CHEMBL340313,COc1ccccc1N1CCN(C2CC3CC(NC(=O)c4ccc5ccccc5c4)CC3C2)CC1.O=C(O)C(=O)O,CHEMBL217
CHEMBL127654,COc1ccccc1N1CCN(CCCCNC(=O)/C=C/c2ccccc2Cl)CC1.O=C(O)C(=O)O,CHEMBL217
CHEMBL65280,N#Cc1ccc2c(c1)[C@H]1CN(CCCCNC(=O)c3ccc(-c4ccccc4)cc3)C[C@@H]1CO2,CHEMBL217
CHEMBL282863,C[C@@H]1c2cccc3c2-c2c1ccc1c2[C@@H](C3)N(C)CC1,CHEMBL217
CHEMBL127234,COc1ccccc1N1CCN(Cc2ccccc2CNC(=O)/C=C/c2ccccc2)CC1,CHEMBL217
CHEMBL25236,COc1ccccc1N1CCN(CCCCNC(=O)c2ccc3ccccc3c2)CC1,CHEMBL217
CHEMBL338611,Cn1c(=O)c2c(ncn2CCCN2CCC(C(c3ccccc3)c3ccccc3)CC2)n(C)c1=O.O=C(O)/C=C/C(=O)O,CHEMBL217
CHEMBL421667,COc1ccccc1N1CCN(CCCNC(=O)c2ccc(I)cc2)CC1,CHEMBL217
CHEMBL126834,COc1ccccc1N1CCN(CCCCNC(=O)c2cccc3c2-c2ccccc2C3=O)CC1,CHEMBL217
CHEMBL281923,CO[C@@]1(C)c2cccc3c2-c2c1ccc1c2[C@@H](C3)N(C)CC1,CHEMBL217
CHEMBL339620,COc1ccccc1N1CCN(Cc2ccc(CNC(=O)c3ccc4ccccc4c3)cc2)CC1.O=C(O)C(=O)O,CHEMBL217
CHEMBL126725,COc1ccccc1N1CCN(CCCCNC(=O)/C=C/c2ccc(Cl)cc2)CC1.O=C(O)C(=O)O,CHEMBL217
CHEMBL126725,COc1ccccc1N1CCN(CCCCNC(=O)/C=C/c2ccc(Cl)cc2)CC1.O=C(O)C(=O)O,CHEMBL217
CHEMBL419760,CCS(=O)(=O)c1ccc(OC)c(-c2ccc(CN3CCc4ccccc4C3)[nH]2)c1,CHEMBL217
CHEMBL113606,CCN(Cc1ccc(-c2cc(S(=O)(=O)CC)ccc2OC)[nH]1)Cc1ccccc1Cl,CHEMBL217
CHEMBL112219,CCS(=O)(=O)c1ccc(OC)c(-c2ccc(CN3CCCCCC3c3ccc(C)cc3)[nH]2)c1,CHEMBL217
CHEMBL325859,CCS(=O)(=O)c1ccc(OC)c(-c2ccc(CN3CCCCCC3c3ccc(OC)cc3)[nH]2)c1,CHEMBL217
CHEMBL111884,CCN1[C@H](c2ccccc2)CC[C@H]1c1ccc(-c2cc(S(=O)(=O)CC)ccc2OC)[nH]1,CHEMBL217
CHEMBL21967,CCN(Cc1ccccc1)Cc1ccc(-c2cc(S(=O)(=O)CC)ccc2OC)[nH]1,CHEMBL217
CHEMBL109532,CCN(Cc1ccc(-c2cc(S(=O)(=O)CC)ccc2OC)[nH]1)[C@H](C)c1ccccc1,CHEMBL217
CHEMBL113229,CCN(Cc1ccc2c(c1)OCO2)Cc1ccc(-c2cc(S(=O)(=O)CC)ccc2OC)[nH]1,CHEMBL217
CHEMBL322070,CCN(Cc1ccc(Cl)cc1)Cc1ccc(-c2cc(S(=O)(=O)CC)ccc2OC)[nH]1,CHEMBL217
CHEMBL332270,CCN(Cc1cccc(Cl)c1)Cc1ccc(-c2cc(S(=O)(=O)CC)ccc2OC)[nH]1,CHEMBL217
CHEMBL112735,CCN(Cc1ccc(OC)cc1)Cc1ccc(-c2cc(S(=O)(=O)CC)ccc2OC)[nH]1,CHEMBL217
CHEMBL324044,CCN(Cc1ccc(OC)c(OC)c1)Cc1ccc(-c2cc(S(=O)(=O)CC)ccc2OC)[nH]1,CHEMBL217
CHEMBL321244,CCN(Cc1ccc(-c2cc(S(=O)(=O)CC)ccc2OC)[nH]1)[C@@H](C)c1ccccc1,CHEMBL217
CHEMBL112505,CCN(Cc1cccc(OC)c1)Cc1ccc(-c2cc(S(=O)(=O)CC)ccc2OC)[nH]1,CHEMBL217
CHEMBL263881,CCN(CC)C(=O)[C@@H]1C=C2c3cccc4[nH]cc(c34)C[C@H]2N(C)C1,CHEMBL217
CHEMBL112705,CCN(Cc1ccc(C)cc1)Cc1ccc(-c2cc(S(=O)(=O)CC)ccc2OC)[nH]1,CHEMBL217
CHEMBL326662,CCS(=O)(=O)c1ccc(OC)c(-c2ccc(C3CCCN3Cc3ccccc3)[nH]2)c1,CHEMBL217
CHEMBL2367896,CCN1[C@@H](c2ccc(-c3cc(S(=O)(=O)CC)ccc3OC)[nH]2)CC[C@H]1c1ccccc1,CHEMBL217
CHEMBL113524,CCN(Cc1ccc(-c2cc(S(=O)(=O)CC)ccc2OC)[nH]1)C1CCCc2ccccc21,CHEMBL217
CHEMBL343755,C[C@H]1C[C@H](C)N1C(=O)[C@@H]1C=C2c3cccc4[nH]cc(c34)CC2N(C)C1,CHEMBL217
CHEMBL323817,CCN(Cc1ccc(-c2cc(S(=O)(=O)CC)ccc2OC)[nH]1)C1CCc2ccccc21,CHEMBL217
CHEMBL110793,CCN(Cc1ccc(-c2cc(S(=O)(=O)CC)ccc2OC)[nH]1)Cc1ccccc1OC,CHEMBL217
CHEMBL112268,CCN(Cc1cccc(C)c1)Cc1ccc(-c2cc(S(=O)(=O)CC)ccc2OC)[nH]1,CHEMBL217
CHEMBL137781,C[C@@H]1C[C@H](C)N1C(=O)[C@@H]1C=C2c3cccc4[nH]cc(c34)CC2N(C)C1,CHEMBL217
CHEMBL22156,CCS(=O)(=O)c1ccc(OC)c(-c2ccc(CN3CCCCCC3c3ccccc3)[nH]2)c1,CHEMBL217
CHEMBL113523,CCN(Cc1ccc(-c2cc(S(=O)(=O)CC)ccc2OC)[nH]1)Cc1ccccc1C,CHEMBL217
CHEMBL319043,COc1ccc(OC)c(CN2CCN(CC(=O)N3c4ccccc4C[C@H]3C)CC2)c1,CHEMBL217
CHEMBL108282,C[C@@H]1Cc2ccccc2N1C(=O)CN1CCN(Cc2ccc(Cl)cc2)CC1,CHEMBL217
CHEMBL92189,Cc1c(-c2ccc(F)cc2)nc(O)n1C1CCN(Cc2ccccc2)CC1,CHEMBL217
CHEMBL91621,O=C(Nc1ccccc1)NC1CCN(Cc2ccccc2)CC1,CHEMBL217
CHEMBL431640,C=C[C@@H]1Cc2ccccc2N1C(=O)CN1CCN(Cc2ccc(Cl)cc2)CC1,CHEMBL217
CHEMBL321121,CC[C@@H]1Cc2ccccc2N1C(=O)CN1CCN(Cc2ccc(C)cc2)CC1,CHEMBL217
CHEMBL91272,O=C(Nc1ccccn1)NC1CCN(Cc2ccccc2)CC1,CHEMBL217
CHEMBL53,CN1CCc2cccc3c2[C@H]1Cc1ccc(O)c(O)c1-3,CHEMBL217
CHEMBL108011,CC(C)c1ccc(Cl)cc1CN1CCN(CC(=O)N2c3ccccc3C[C@H]2C)CC1,CHEMBL217
CHEMBL14376,COc1cc(C(C)=O)ccc1OCCCN1CCC(c2noc3cc(F)ccc23)CC1,CHEMBL217
CHEMBL91229,Cc1c(-c2ccccc2)nc(O)n1C1CCN(CCc2ccccc2)CC1,CHEMBL217
CHEMBL91669,Cn1c(-c2ccccc2)cn(C2CCN(Cc3ccccc3)CC2)c1=O,CHEMBL217
CHEMBL94283,Cc1c(-c2cccc(Cl)c2)nc(O)n1C1CCN(Cc2ccccc2)CC1,CHEMBL217
CHEMBL102582,CCCN1CCOC2c3cc(O)ccc3CCC21,CHEMBL217
CHEMBL328739,Cc1c(-c2ccccc2)n(C)c(=O)n1C1CCN(Cc2ccccc2)CC1,CHEMBL217
CHEMBL60815,c1ccc(-c2c[nH]c(CN3CCN(c4ccccc4)CC3)c2)cc1,CHEMBL217
CHEMBL60815,c1ccc(-c2c[nH]c(CN3CCN(c4ccccc4)CC3)c2)cc1,CHEMBL217
CHEMBL42,CN1CCN(C2=Nc3cc(Cl)ccc3Nc3ccccc32)CC1,CHEMBL217
CHEMBL91553,Cc1c(-c2ccccn2)nc(O)n1C1CCN(Cc2ccccc2)CC1,CHEMBL217
CHEMBL92859,Cc1cccc(CN2CCC(n3c(O)nc(-c4ccccc4)c3C)CC2)c1,CHEMBL217
CHEMBL1303,CCCN(CCc1cccs1)[C@H]1CCc2c(O)cccc2C1,CHEMBL217
CHEMBL320597,Cc1ccc(CN2CCN(CC(=O)N3c4ccccc4C[C@H]3C)CC2)cc1,CHEMBL217
CHEMBL91821,Cc1nc(O)n(C2CCN(Cc3ccccc3)CC2)c1-c1ccccc1,CHEMBL217
CHEMBL91498,CCc1c(-c2ccccc2)nc(O)n1C1CCN(Cc2ccccc2)CC1,CHEMBL217
CHEMBL103622,CCCN(CCC)C1CCc2sccc2C1,CHEMBL217
CHEMBL106862,COc1cc(Cl)ccc1CN1CCN(CC(=O)N2c3ccccc3C[C@H]2C)CC1,CHEMBL217
CHEMBL90005,Cc1c(-c2cccs2)nc(O)n1C1CCN(Cc2ccccc2)CC1,CHEMBL217
CHEMBL316125,Cc1c(-c2ccccc2)nc(O)n1C1CCN(CC2CCCCC2)CC1,CHEMBL217
CHEMBL104678,C[C@@H]1Cc2ccccc2N1C(=O)CN1CCN(Cc2ccc(Cl)c(Cl)c2)CC1,CHEMBL217
CHEMBL319923,CC[C@@H]1Cc2ccccc2N1C(=O)CN1CCN(Cc2ccc(Cl)cc2)CC1,CHEMBL217
CHEMBL94023,Cc1c(-c2ccc(Cl)cc2)nc(O)n1C1CCN(Cc2ccccc2)CC1,CHEMBL217
CHEMBL301559,CCCN(CCC)[C@@H]1CCc2ccc(O)cc2C1,CHEMBL217
CHEMBL104751,COc1ccc(Cl)cc1CN1CCN(CC(=O)N2c3ccccc3C[C@H]2C)CC1,CHEMBL217
CHEMBL450021,COc1ccc(-c2nc(O)n(C3CCN(Cc4ccccc4)CC3)c2C)cc1,CHEMBL217
CHEMBL54,O=C(CCCN1CCC(O)(c2ccc(Cl)cc2)CC1)c1ccc(F)cc1,CHEMBL217
CHEMBL326010,C[C@@H]1Cc2ccccc2N1C(=O)CN1CCN(Cc2cc(Cl)cc(Cl)c2)CC1,CHEMBL217
CHEMBL320515,C[C@@H]1Cc2ccccc2N1C(=O)CN1CCN(Cc2ccc(F)c(F)c2Cl)CC1,CHEMBL217
CHEMBL225230,CCCN1CCc2cccc3c2[C@H]1Cc1ccc(O)c(O)c1-3,CHEMBL217
CHEMBL328667,O=C(Nc1nccc2ccccc12)NC1CCN(Cc2ccccc2)CC1,CHEMBL217
CHEMBL104058,C[C@@H]1Cc2ccccc2N1C(=O)CN1CCN(Cc2ccc(F)cc2)CC1,CHEMBL217
CHEMBL91162,Cc1c(-c2ccccc2)nc(O)n1C1CCN(Cc2ccccc2)CC1,CHEMBL217
CHEMBL105172,C[C@@H]1Cc2ccccc2N1C(=O)CN1CCN(Cc2cc(Cl)ccc2Cl)CC1,CHEMBL217
CHEMBL59,NCCc1ccc(O)c(O)c1,CHEMBL217
CHEMBL59,NCCc1ccc(O)c(O)c1,CHEMBL217
CHEMBL103857,CCCN(CCC)C1CCc2ccsc2C1,CHEMBL217
CHEMBL42,CN1CCN(C2=Nc3cc(Cl)ccc3Nc3ccccc32)CC1,CHEMBL217
CHEMBL42,CN1CCN(C2=Nc3cc(Cl)ccc3Nc3ccccc32)CC1,CHEMBL217
CHEMBL42,CN1CCN(C2=Nc3cc(Cl)ccc3Nc3ccccc32)CC1,CHEMBL217
CHEMBL93432,Cc1c(-c2ccccc2)n(-c2ccccc2)c(=O)n1C1CCN(Cc2ccccc2)CC1,CHEMBL217
CHEMBL93958,Oc1nc(-c2ccccc2)cn1C1CCN(Cc2ccccc2)CC1,CHEMBL217
CHEMBL89971,Cc1c(-c2ccccc2Cl)nc(O)n1C1CCN(Cc2ccccc2)CC1,CHEMBL217
CHEMBL15136,CCCN(CCC)[C@@H]1Cc2cccc(O)c2C[C@H]1C,CHEMBL217
CHEMBL263162,Cc1ccc(-c2nc(O)n(C3CCN(Cc4ccccc4)CC3)c2C)cc1,CHEMBL217
CHEMBL93969,Cc1c(-c2ccccc2)nc(O)n1C1CCN(Cc2ccc(Cl)cc2)CC1,CHEMBL217
CHEMBL326863,CCOc1ccc(Cl)cc1CN1CCN(CC(=O)N2c3ccccc3C[C@H]2C)CC1,CHEMBL217
CHEMBL716,OCCOCCN1CCN(C2=Nc3ccccc3Sc3ccccc32)CC1,CHEMBL217
CHEMBL831,CN1CCN(C2=Nc3ccccc3Oc3ccc(Cl)cc32)CC1,CHEMBL217
CHEMBL90882,CN1CCN(C2=Cc3ccccc3Oc3ccc(Cl)cc32)CC1,CHEMBL217
CHEMBL53,CN1CCc2cccc3c2[C@H]1Cc1ccc(O)c(O)c1-3,CHEMBL217
CHEMBL2112882,CC(C)C[C@H]1C(=O)N[C@@H](Cc2ccccc2)[C@]2(O)O[C@@](C)(NC(=O)[C@@H]3C=C4c5cccc6[nH]cc(c56)C[C@H]4N(C)C3)C(=O)N12,CHEMBL217
CHEMBL85,Cc1nc2n(c(=O)c1CCN1CCC(c3noc4cc(F)ccc34)CC1)CCCC2,CHEMBL217
CHEMBL418854,COc1ccccc1N1CCC(CNCC2COc3ccc(Cl)cc3O2)CC1,CHEMBL217
CHEMBL42,CN1CCN(C2=Nc3cc(Cl)ccc3Nc3ccccc32)CC1,CHEMBL217
CHEMBL91310,C=C1c2ccccc2C=C(N2CCN(C)CC2)c2ccccc21,CHEMBL217
CHEMBL282199,CC1CCN(CC[C@H]2CCCN2S(=O)(=O)c2cccc(O)c2)CC1,CHEMBL217
CHEMBL285802,CN(C)CCOC1=Cc2ccccc2Sc2ccc(Cl)cc21,CHEMBL217
CHEMBL7828,CN1CCN(C2=Nc3cc(Cl)ccc3Oc3ccccc32)CC1,CHEMBL217
CHEMBL432762,CC1c2ccccc2C=C(N2CCN(C)CC2)c2ccccc21,CHEMBL217
CHEMBL263881,CCN(CC)C(=O)[C@@H]1C=C2c3cccc4[nH]cc(c34)C[C@H]2N(C)C1,CHEMBL217
CHEMBL715,Cc1cc2c(s1)Nc1ccccc1N=C2N1CCN(C)CC1,CHEMBL217
CHEMBL335545,C1=C(c2ccccc2)CCN(C[C@@H]2CCC=C(c3ccccc3)C2)C1,CHEMBL217
CHEMBL836,CCOc1ccccc1OCCN[C@H](C)Cc1ccc(OC)c(S(N)(=O)=O)c1,CHEMBL217
CHEMBL836,CCOc1ccccc1OCCN[C@H](C)Cc1ccc(OC)c(S(N)(=O)=O)c1,CHEMBL217
CHEMBL88464,CN1CCN(C2=Cc3cc(Cl)ccc3Oc3ccccc32)CC1,CHEMBL217
CHEMBL708,O=C1Cc2cc(CCN3CCN(c4nsc5ccccc45)CC3)c(Cl)cc2N1,CHEMBL217
CHEMBL88870,CC(C)=C1c2ccccc2C=C(N2CCN(C)CC2)c2ccccc21,CHEMBL217
CHEMBL327713,C=C1c2ccccc2C=C(C2=CCN(C)CC2)c2ccccc21,CHEMBL217
CHEMBL7617,CN1CCN(C2=Cc3ccccc3Cc3ccc(Cl)cc32)CC1,CHEMBL217
CHEMBL42,CN1CCN(C2=Nc3cc(Cl)ccc3Nc3ccccc32)CC1,CHEMBL217
CHEMBL54,O=C(CCCN1CCC(O)(c2ccc(Cl)cc2)CC1)c1ccc(F)cc1,CHEMBL217
CHEMBL89970,CN1CCN(C2=Cc3ccccc3Oc3ccccc32)CC1,CHEMBL217
CHEMBL309106,CC(C)Oc1ccccc1N1CCN(C[C@@H](O)CNC(=O)c2ccc3c(c2)C(=O)N(c2ccc(N(C)C)cc2)C3=O)CC1,CHEMBL217
CHEMBL309106,CC(C)Oc1ccccc1N1CCN(C[C@@H](O)CNC(=O)c2ccc3c(c2)C(=O)N(c2ccc(N(C)C)cc2)C3=O)CC1,CHEMBL217
CHEMBL415300,CN1CCN(C2=Nc3ccccc3Nc3ccc(Cl)cc32)CC1,CHEMBL217
CHEMBL367129,CC(=O)c1ccc(-c2ccc(C(=O)NCCCCN3CCc4ccc(OS(=O)(=O)C(F)(F)F)cc4C3)cc2)cc1,CHEMBL217
CHEMBL291545,O=C(/C=C/c1ccc2[nH]ccc2c1)NCCCCN1CCc2ccc(OS(=O)(=O)C(F)(F)F)cc2C1,CHEMBL217
CHEMBL432713,O=C(/C=C/c1ccc(Cl)c(Cl)c1)NCCCCCN1CCC(c2c[nH]c3ccc(O)cc23)CC1,CHEMBL217
CHEMBL330865,COc1ccc2c(c1)CCC(C1CCN(CCc3ccccc3)CC1)C2=O,CHEMBL217
CHEMBL73665,COc1ccccc1N1CCN(CCCCNC(=O)c2ccc(-c3ccc(N)cc3)cc2)CC1,CHEMBL217
CHEMBL52987,COc1ccc(/C=C/C(=O)NCCCCN2CCc3ccc(OS(=O)(=O)C(F)(F)F)cc3C2)cc1,CHEMBL217
CHEMBL52901,O=C(/C=C/c1cnc2ccccc2c1)NCCCCN1CCc2ccc(OS(=O)(=O)C(F)(F)F)cc2C1,CHEMBL217
CHEMBL413343,CNc1cc(OC)c(C(=O)NC[C@H]2CN(Cc3ccccc3)C[C@@H]2C)cc1Cl,CHEMBL217
CHEMBL11066,CCCN1CC[C@@H]2Cc3c(O)cccc3C[C@H]21,CHEMBL217
CHEMBL11363,C=CCN1CC[C@@H]2Cc3c(O)cccc3C[C@H]21,CHEMBL217
CHEMBL70866,COc1ccc(OC)c(N2CCN(CCCCNC(=O)c3ccc(Br)cc3)CC2)c1,CHEMBL217
CHEMBL169222,CNc1cc(OC)c(C(=O)NC[C@@H]2CCN(Cc3ccccc3)C2)cc1Cl,CHEMBL217
CHEMBL169222,CNc1cc(OC)c(C(=O)NC[C@@H]2CCN(Cc3ccccc3)C2)cc1Cl,CHEMBL217
CHEMBL99849,CS(=O)(=O)Nc1cccc(OCCNCc2ccccc2)c1,CHEMBL217
CHEMBL53,CN1CCc2cccc3c2[C@H]1Cc1ccc(O)c(O)c1-3,CHEMBL217
CHEMBL355566,CNc1cc(OC)c(C(=O)NC[C@@H]2CN(Cc3ccccc3)C[C@@H]2C)cc1Cl,CHEMBL217
CHEMBL355566,CNc1cc(OC)c(C(=O)NC[C@@H]2CN(Cc3ccccc3)C[C@@H]2C)cc1Cl,CHEMBL217
CHEMBL56,CCCN(CCC)C1CCc2cccc(O)c2C1,CHEMBL217
CHEMBL354180,CNc1cc(OC)c(C(=O)NC[C@@H]2CN(Cc3ccccc3)C[C@H]2C)cc1Cl,CHEMBL217
CHEMBL354180,CNc1cc(OC)c(C(=O)NC[C@@H]2CN(Cc3ccccc3)C[C@H]2C)cc1Cl,CHEMBL217
CHEMBL71960,COc1ccccc1N1CCN(CCCCNC(=O)c2ccc(Br)cc2)CC1,CHEMBL217
CHEMBL279925,Cc1nnc(-c2ccc(-c3ccc(C(=O)NCCCCN4CCc5ccc(OS(=O)(=O)C(F)(F)F)cc5C4)cc3)cc2)o1,CHEMBL217
CHEMBL55276,O=C(/C=C/c1ccccc1)NCCCCN1CCc2ccc(OS(=O)(=O)C(F)(F)F)cc2C1,CHEMBL217
CHEMBL52468,O=C(/C=C/c1ccc2ncccc2c1)NCCCCN1CCc2ccc(OS(=O)(=O)C(F)(F)F)cc2C1,CHEMBL217
CHEMBL553311,Cl.O=C(CCCN1CCC2(CCc3ccccc3C2=O)CC1)c1ccc(F)cc1,CHEMBL217
CHEMBL293347,CC(=O)c1ccc(/C=C/C(=O)NCCCCN2CCc3ccc(OS(=O)(=O)C(F)(F)F)cc3C2)cc1,CHEMBL217
CHEMBL54777,CNC(=O)c1ccc(-c2ccc(C(=O)NCCCCN3CCc4ccc(OS(=O)(=O)C(F)(F)F)cc4C3)cc2)cc1,CHEMBL217
CHEMBL168611,CCC[C@H]1CN(Cc2ccccc2)C[C@H]1CNC(=O)c1cc(Cl)c(NC)cc1OC,CHEMBL217
CHEMBL168611,CCC[C@H]1CN(Cc2ccccc2)C[C@H]1CNC(=O)c1cc(Cl)c(NC)cc1OC,CHEMBL217
CHEMBL297960,O=C(NCCCCN1CCc2ccc(OS(=O)(=O)C(F)(F)F)cc2C1)c1ccc(-c2ccc(N3CCCC3=O)cc2)cc1,CHEMBL217
CHEMBL300571,Oc1ccc2c(c1)O[C@@H](CNCc1ccccc1)CO2,CHEMBL217
CHEMBL11363,C=CCN1CC[C@@H]2Cc3c(O)cccc3C[C@H]21,CHEMBL217
CHEMBL52724,CNC(=O)c1cccc(-c2ccc(C(=O)NCCCCN3CCc4ccc(OS(=O)(=O)C(F)(F)F)cc4C3)cc2)c1,CHEMBL217
CHEMBL424575,CCC[C@@H]1CN(Cc2ccccc2)C[C@@H]1CNC(=O)c1cc(Cl)c(NC)cc1OC,CHEMBL217
CHEMBL424575,CCC[C@@H]1CN(Cc2ccccc2)C[C@@H]1CNC(=O)c1cc(Cl)c(NC)cc1OC,CHEMBL217
CHEMBL64508,Oc1cccc(OCCNCc2ccccc2)c1,CHEMBL217
CHEMBL56,CCCN(CCC)C1CCc2cccc(O)c2C1,CHEMBL217
CHEMBL267044,CCN1CCC[C@H]1CNC(=O)c1cc(S(N)(=O)=O)ccc1OC,CHEMBL217
CHEMBL267044,CCN1CCC[C@H]1CNC(=O)c1cc(S(N)(=O)=O)ccc1OC,CHEMBL217
CHEMBL1713,CN(C)CCCN1c2ccccc2Sc2ccc(Cl)cc21.Cl,CHEMBL217
CHEMBL54,O=C(CCCN1CCC(O)(c2ccc(Cl)cc2)CC1)c1ccc(F)cc1,CHEMBL217
CHEMBL11388,CCCN1CC[C@@H]2Cc3c(cccc3OC)C[C@H]21,CHEMBL217
CHEMBL11066,CCCN1CC[C@@H]2Cc3c(O)cccc3C[C@H]21,CHEMBL217
CHEMBL88365,Oc1cccc(N2CCN(Cc3ccccc3)CC2)c1,CHEMBL217
CHEMBL545058,Cl.O=C1c2ccc(Cl)cc2CCC1C1CCN(CCc2ccccc2)CC1,CHEMBL217
CHEMBL55524,O=C(/C=C\c1ccccc1)NCCCCN1CCc2ccc(OS(=O)(=O)C(F)(F)F)cc2C1,CHEMBL217
CHEMBL64553,Oc1ccc2c(c1)O[C@@H](CNCc1ccccc1)CC2,CHEMBL217
CHEMBL166587,CNc1cc(OC)c(C(=O)NC[C@H]2CCN(Cc3ccccc3)C2)cc1Cl,CHEMBL217
CHEMBL166587,CNc1cc(OC)c(C(=O)NC[C@H]2CCN(Cc3ccccc3)C2)cc1Cl,CHEMBL217
CHEMBL169193,CNc1cc(OC)c(C(=O)NC[C@H]2CN(Cc3ccccc3)C[C@H]2C)cc1Cl,CHEMBL217
CHEMBL169193,CNc1cc(OC)c(C(=O)NC[C@H]2CN(Cc3ccccc3)C[C@H]2C)cc1Cl,CHEMBL217
CHEMBL102490,CS(=O)(=O)Nc1cc(OCCNCc2cccs2)ccc1Cl,CHEMBL217
CHEMBL267557,C=CCN1CC[C@H]2Cc3c(O)cccc3C[C@@H]21,CHEMBL217
CHEMBL545287,Cl.O=C1c2ccccc2CCC1C1CCN(Cc2ccc(F)cc2)CC1,CHEMBL217
CHEMBL11388,CCCN1CC[C@@H]2Cc3c(cccc3OC)C[C@H]21,CHEMBL217
CHEMBL122538,O=C1c2ccc(F)cc2CCC1C1CCN(Cc2ccccc2)CC1,CHEMBL217
CHEMBL52466,O=C(/C=C/c1ccc2nc(O)ccc2c1)NCCCCN1CCc2ccc(OS(=O)(=O)C(F)(F)F)cc2C1,CHEMBL217
CHEMBL124234,Cc1ccc(CN2CCC(C3CCc4ccccc4C3=O)CC2)cc1.O,CHEMBL217
CHEMBL99913,CS(=O)(=O)Nc1cc(OCCNCc2ccccc2)ccc1Cl,CHEMBL217
CHEMBL294747,COc1ccccc1N1CCN(CCCCNC(=O)c2ccc(-c3ccc(C(C)=O)cc3)cc2)CC1,CHEMBL217
CHEMBL168544,CCC[C@@H]1CN(Cc2ccccc2)C[C@H]1CNC(=O)c1cc(Cl)c(NC)cc1OC,CHEMBL217
CHEMBL168544,CCC[C@@H]1CN(Cc2ccccc2)C[C@H]1CNC(=O)c1cc(Cl)c(NC)cc1OC,CHEMBL217
CHEMBL416842,COc1cccc(/C=C/C(=O)NCCCCN2CCc3ccc(OS(=O)(=O)C(F)(F)F)cc3C2)c1,CHEMBL217
CHEMBL423671,COc1ccccc1N1CCN(CCCCNC(=O)c2ccc(-c3ccc(S(C)(=O)=O)cc3)cc2)CC1,CHEMBL217
CHEMBL292577,Cn1c(=O)ccc2cc(/C=C/C(=O)NCCCCN3CCc4ccc(OS(=O)(=O)C(F)(F)F)cc4C3)ccc21,CHEMBL217
CHEMBL543889,Cl.O=C1c2cccc(F)c2CCC1C1CCN(CCc2ccccc2)CC1,CHEMBL217
CHEMBL54,O=C(CCCN1CCC(O)(c2ccc(Cl)cc2)CC1)c1ccc(F)cc1,CHEMBL217
CHEMBL155388,COc1cc2c(cc1OC)C(=O)CC(CN1CCC(C(=O)c3ccc(F)cc3)CC1)C2,CHEMBL217
CHEMBL268799,Clc1ccc(N2CCN(Cc3c[nH]c4ccccc34)CC2)cc1,CHEMBL217
CHEMBL338270,O=C1c2ccccc2C(=O)N1CCCCCCCN1CC=C(c2c[nH]c3ccc(F)cc23)CC1,CHEMBL217
CHEMBL7549,CCCN1CCC[C@@H](c2cccc(O)c2)C1,CHEMBL217
CHEMBL7549,CCCN1CCC[C@@H](c2cccc(O)c2)C1,CHEMBL217
CHEMBL541559,Br.Oc1cc2c(c(Br)c1O)CCNCC2c1ccccc1,CHEMBL217
CHEMBL155426,COc1ccc2c(c1)CC(CN1CCN(c3ccccc3OC)CC1)CC2=O,CHEMBL217
CHEMBL308480,O=C1CC(CN2CCC(C(=O)c3ccc(F)cc3)CC2)Cc2ccccc21,CHEMBL217
CHEMBL155257,COc1cc2c(cc1OC)C(=O)CC(CN1CCC(c3noc4cc(F)ccc34)CC1)C2,CHEMBL217
CHEMBL445102,OC1(c2ccc(Cl)cc2)CCN(Cc2c[nH]c3ccccc23)CC1,CHEMBL217
CHEMBL54,O=C(CCCN1CCC(O)(c2ccc(Cl)cc2)CC1)c1ccc(F)cc1,CHEMBL217
CHEMBL131495,O=C1c2ccccc2C(=O)N1CCCCN1CC=C(c2c[nH]c3ccc(F)cc23)CC1,CHEMBL217
CHEMBL308480,O=C1CC(CN2CCC(C(=O)c3ccc(F)cc3)CC2)Cc2ccccc21,CHEMBL217
CHEMBL423706,O=C(CCCN1CCC(CCc2c[nH]c3ccccc23)CC1)c1ccc(F)cc1,CHEMBL217
CHEMBL421902,O=C1c2ccc(F)cc2C(=O)N1CCCCCN1CC=C(c2c[nH]c3ccccc23)CC1,CHEMBL217
CHEMBL155257,COc1cc2c(cc1OC)C(=O)CC(CN1CCC(c3noc4cc(F)ccc34)CC1)C2,CHEMBL217
CHEMBL336771,O=C1c2ccc(F)cc2C(=O)N1CCCCCN1CC=C(c2c[nH]c3ccc(F)cc23)CC1,CHEMBL217
CHEMBL42,CN1CCN(C2=Nc3cc(Cl)ccc3Nc3ccccc32)CC1,CHEMBL217
CHEMBL42,CN1CCN(C2=Nc3cc(Cl)ccc3Nc3ccccc32)CC1,CHEMBL217
CHEMBL310153,COc1ccccc1N1CCN(CC2CC(=O)c3ccccc3C2)CC1,CHEMBL217
CHEMBL54,O=C(CCCN1CCC(O)(c2ccc(Cl)cc2)CC1)c1ccc(F)cc1,CHEMBL217
CHEMBL133524,O=C1c2ccccc2C(=O)N1CCCCCN1CC=C(c2c[nH]c3ccc(F)cc23)CC1,CHEMBL217
CHEMBL414433,O=C1c2ccccc2C(=O)N1CCCCCN1CC=C(c2c[nH]c3ccccc23)CC1,CHEMBL217
CHEMBL340211,O=C(CCCN1CCN(c2ccccn2)CC1)c1ccc(F)cc1,CHEMBL217
CHEMBL301265,CCCN[C@H]1CCc2nc(N)sc2C1,CHEMBL217
CHEMBL301265,CCCN[C@H]1CCc2nc(N)sc2C1,CHEMBL217
CHEMBL367045,CN1CCN(C2=Cn3cccc3Sc3ccccc32)CC1,CHEMBL217
CHEMBL155486,O=C1CC(CN2CCC(c3noc4cc(F)ccc34)CC2)Cc2ccccc21,CHEMBL217
CHEMBL350166,CN(C)CCSc1nc(-c2ccncc2)cs1,CHEMBL217
CHEMBL334956,O=C1c2ccccc2C(=O)N1CCCN1CC=C(c2c[nH]c3ccc(F)cc23)CC1,CHEMBL217
CHEMBL155486,O=C1CC(CN2CCC(c3noc4cc(F)ccc34)CC2)Cc2ccccc21,CHEMBL217
CHEMBL54,O=C(CCCN1CCC(O)(c2ccc(Cl)cc2)CC1)c1ccc(F)cc1,CHEMBL217
CHEMBL340220,Cc1ccc2c(c1)C(=O)N(CCCCCN1CC=C(c3c[nH]c4ccc(F)cc34)CC1)C2=O,CHEMBL217
CHEMBL80845,CCCN1CCc2nn3ccccc3c2C1,CHEMBL217
CHEMBL80845,CCCN1CCc2nn3ccccc3c2C1,CHEMBL217
CHEMBL59103,c1ccc(C2CCN(Cc3c[nH]c4ccccc34)CC2)cc1,CHEMBL217
CHEMBL59324,c1ccc(N2CCN(Cc3c[nH]c4ccccc34)CC2)cc1,CHEMBL217
CHEMBL54,O=C(CCCN1CCC(O)(c2ccc(Cl)cc2)CC1)c1ccc(F)cc1,CHEMBL217
CHEMBL130261,Cc1ccc2c(c1)C(=O)N(CCCCCN1CC=C(c3c[nH]c4ccccc34)CC1)C2=O,CHEMBL217
CHEMBL553503,Br.Oc1cc2c(c(Cl)c1O)CCNCC2c1ccccc1,CHEMBL217
CHEMBL310867,CCCN(CCC)[C@H]1CCc2nn3ccccc3c2C1,CHEMBL217
CHEMBL310867,CCCN(CCC)[C@H]1CCc2nn3ccccc3c2C1,CHEMBL217
CHEMBL42,CN1CCN(C2=Nc3cc(Cl)ccc3Nc3ccccc32)CC1,CHEMBL217
CHEMBL27811,C1=C(c2c[nH]c3ccccc23)CCNC1,CHEMBL217
CHEMBL129852,Cc1cccc2c1C(=O)N(CCCCCN1CC=C(c3c[nH]c4ccccc34)CC1)C2=O,CHEMBL217
CHEMBL335259,Cc1cccc2c1C(=O)N(CCCCCN1CC=C(c3c[nH]c4ccc(F)cc34)CC1)C2=O,CHEMBL217
CHEMBL129159,O[C@H](CCCN1CCC(O)(c2ccc(Cl)cc2)CC1)c1ccc(F)cc1,CHEMBL217
CHEMBL339963,O[C@@H](CCCN1CCN(c2ccccn2)CC1)c1ccc(F)cc1,CHEMBL217
CHEMBL155388,COc1cc2c(cc1OC)C(=O)CC(CN1CCC(C(=O)c3ccc(F)cc3)CC1)C2,CHEMBL217
CHEMBL155486,O=C1CC(CN2CCC(c3noc4cc(F)ccc34)CC2)Cc2ccccc21,CHEMBL217
CHEMBL129237,O[C@@H](CCCN1CCC(O)(c2ccc(Cl)cc2)CC1)c1ccc(F)cc1,CHEMBL217
CHEMBL339098,O=C1c2cccc(F)c2C(=O)N1CCCCCN1CC=C(c2c[nH]c3ccccc23)CC1,CHEMBL217
CHEMBL544114,Br.C=CCN1CCc2c(cc(O)c(O)c2Br)C(c2ccccc2)C1,CHEMBL217
CHEMBL129979,O=C1c2ccccc2C(=O)N1CCCCCN1CC=C(c2c[nH]c3ccc(Cl)cc23)CC1,CHEMBL217
CHEMBL335844,O=C1c2cccc(F)c2C(=O)N1CCCCCN1CC=C(c2c[nH]c3ccc(F)cc23)CC1,CHEMBL217
CHEMBL544115,Br.C=CCN1CCc2c(cc(O)c(O)c2Cl)C(c2ccccc2)C1,CHEMBL217
CHEMBL542700,Cl.Oc1cc2c(cc1O)C(c1ccccc1)CNCC2,CHEMBL217
CHEMBL153956,COc1ccc2c(c1)CC(CN1CCC(C(=O)c3ccc(F)cc3)CC1)CC2=O,CHEMBL217
CHEMBL155257,COc1cc2c(cc1OC)C(=O)CC(CN1CCC(c3noc4cc(F)ccc34)CC1)C2,CHEMBL217
CHEMBL543398,Br.CN1CCc2c(cc(O)c(O)c2Cl)C(c2ccccc2)C1,CHEMBL217
CHEMBL422618,Cc1cccc2c(C3=CCN(CCCCCN4C(=O)c5ccccc5C4=O)CC3)c[nH]c12,CHEMBL217
CHEMBL22156,CCS(=O)(=O)c1ccc(OC)c(-c2ccc(CN3CCCCCC3c3ccccc3)[nH]2)c1,CHEMBL217
CHEMBL111749,CNc1cc(OC)c(C(=O)N[C@H]2CN(Cc3ccccc3)C[C@@H]2C)cc1Cl,CHEMBL217
CHEMBL111749,CNc1cc(OC)c(C(=O)N[C@H]2CN(Cc3ccccc3)C[C@@H]2C)cc1Cl,CHEMBL217
CHEMBL58296,Clc1ccc(CN2CCC(c3cc(-c4ccc(Cl)cc4)on3)CC2)cc1,CHEMBL217
CHEMBL326454,CNc1cc(OC)c(C(=O)N[C@H]2CN(Cc3ccccc3)C[C@H]2C)cc1Cl,CHEMBL217
CHEMBL326454,CNc1cc(OC)c(C(=O)N[C@H]2CN(Cc3ccccc3)C[C@H]2C)cc1Cl,CHEMBL217
CHEMBL333836,CN1CCc2cccc3c2[C@H]1Cc1cccc(OS(=O)(=O)C(F)(F)F)c1-3,CHEMBL217
CHEMBL59,NCCc1ccc(O)c(O)c1,CHEMBL217
CHEMBL53,CN1CCc2cccc3c2[C@H]1Cc1ccc(O)c(O)c1-3,CHEMBL217
CHEMBL280177,CCN1CCCCCC1c1ccc(-c2cc(S(=O)(=O)CC)ccc2OC)[nH]1,CHEMBL217
CHEMBL292943,COc1ccc(-c2cccc(CN3CCN(c4ncccn4)CC3)c2)cc1,CHEMBL234
CHEMBL317757,CN1C2CCC1CC(OC(c1ccc(F)cc1)c1ccc(F)cc1)C2,CHEMBL234
CHEMBL309118,O=C(NCCCN1CCN(c2cccc(Cl)c2Cl)CC1)c1cccc2c1-c1ccccc1C2=O,CHEMBL234
CHEMBL315864,Oc1nc2c(N3CCN(Cc4ccccc4)CC3)cccc2[nH]1,CHEMBL234
CHEMBL61682,Fc1ccc(-c2cncc(CN3CCN(c4ccccc4F)CC3)c2)cc1,CHEMBL234
CHEMBL419505,O=C(NCCCCN1CCN(c2cccc(Cl)c2Cl)CC1)c1ccc2c(c1)-c1ccccc1-2,CHEMBL234
CHEMBL108527,O=C(NCCCN1CCN(c2cccc(Cl)c2Cl)CC1)c1cccc2c1Cc1ccccc1-2,CHEMBL234
CHEMBL64597,c1cnc(N2CCN(Cc3cccc(-c4ccsc4)c3)CC2)nc1,CHEMBL234
CHEMBL291824,Fc1ccc(-c2cncc(CN3CCN(c4ccc(F)cc4)CC3)c2)cc1,CHEMBL234
CHEMBL110411,O=C(NCCCCN1CCN(c2cccc(Cl)c2Cl)CC1)c1ccc2c(c1)-c1ccccc1C2,CHEMBL234
CHEMBL267562,Fc1ccc(C(OC2CC3CCC(C2)N3Cc2ccc(Cl)c(Cl)c2)c2ccc(F)cc2)cc1,CHEMBL234
CHEMBL301242,O=C(NCCCCN1CCN(c2cccc(Cl)c2Cl)CC1)c1cccc2c1-c1ccccc1C2=O,CHEMBL234
CHEMBL59942,Fc1ccc(-c2cccc(CN3CCN(c4ncccn4)CC3)c2)cc1,CHEMBL234
CHEMBL29846,COc1ccc(NS(=O)(=O)c2sc3ccc(Cl)cc3c2C)cc1N1CCN(C)CC1,CHEMBL234
CHEMBL61657,Fc1ccc(-c2cncc(CN3CCN(c4ccccn4)CC3)c2)cc1,CHEMBL234
CHEMBL67750,O=C(NCCCN1CCN(c2cccc(Cl)c2Cl)CC1)c1ccc2c(c1)Cc1ccccc1-2,CHEMBL234
CHEMBL314952,O=C1Cc2c(cccc2N2CCN(Cc3ccccc3)CC2)N1,CHEMBL234
CHEMBL3084884,CN1[C@@H]2CC[C@H]1C[C@@H](OC(c1ccc(Cl)cc1)c1ccc(Cl)cc1)C2,CHEMBL234
CHEMBL302183,Fc1ccc(-c2cncc(CN3CCN(c4ncccn4)CC3)c2)cc1,CHEMBL234
CHEMBL323997,Fc1ccc(C(OCCN2C3CCC2CC(OC(c2ccc(F)cc2)c2ccc(F)cc2)C3)c2ccc(F)cc2)cc1,CHEMBL234
CHEMBL307800,O=C(NCCCCN1CCN(c2cccc(Cl)c2Cl)CC1)C1c2ccccc2-c2ccccc21,CHEMBL234
CHEMBL306672,O=C1c2ccccc2C(=O)N1CCCCCN1CCN(c2cccc(Cl)c2Cl)CC1,CHEMBL234
CHEMBL555670,Cl.Clc1ccc(N2CCN(Cc3c[nH]c4ncccc34)CC2)cc1,CHEMBL234
CHEMBL69717,O=C1c2ccccc2C(=O)N1CCCCN1CCN(c2cccc(Cl)c2Cl)CC1,CHEMBL234
CHEMBL88365,Oc1cccc(N2CCN(Cc3ccccc3)CC2)c1,CHEMBL234
CHEMBL328051,c1ccc(CN2CCN(c3cccc4[nH]ccc34)CC2)cc1,CHEMBL234
CHEMBL320114,CN1C2CCC1CC(OC1c3ccccc3Cc3ccccc31)C2,CHEMBL234
CHEMBL291380,Fc1ccccc1-c1cccc(CN2CCN(c3ncccn3)CC2)c1,CHEMBL234
CHEMBL2308105,Fc1ccc(C(O[C@H]2C[C@H]3CC[C@@H](C2)N3CCCCc2ccccc2)c2ccc(F)cc2)cc1,CHEMBL234
CHEMBL417249,C=CCN1C2CCC1CC(OC(c1ccc(F)cc1)c1ccc(F)cc1)C2,CHEMBL234
CHEMBL68860,O=C(NCCCN1CCN(c2cccc(Cl)c2Cl)CC1)C1c2ccccc2-c2ccccc21,CHEMBL234
CHEMBL90476,Brc1ccc(N2CCN(Cc3ccccc3)CC2)c2cc[nH]c12,CHEMBL234
CHEMBL88289,FC(F)(F)c1nc2c(N3CCN(Cc4ccccc4)CC3)cccc2[nH]1,CHEMBL234
CHEMBL62829,Fc1cccc(-c2cccc(CN3CCN(c4ncccn4)CC3)c2)c1,CHEMBL234
CHEMBL106660,Clc1cccc(C(OC2CC3CCC(C2)N3CCCc2ccccc2)c2ccccc2)c1,CHEMBL234
CHEMBL302904,Fc1ccc(-c2cncc(CN3CCN(c4ccccc4)CC3)c2)cc1,CHEMBL234
CHEMBL68720,O=C(NCCCCCN1CCN(c2cccc(Cl)c2Cl)CC1)c1cccc2c1-c1ccccc1C2=O,CHEMBL234
CHEMBL311539,Clc1ccc2[nH]ccc2c1N1CCN(Cc2ccccc2)CC1,CHEMBL234
CHEMBL12004,Fc1ccc(C(OC2CC3CCC(C2)N3Cc2cccc3ccccc23)c2ccc(F)cc2)cc1,CHEMBL234
CHEMBL109299,Fc1ccc(C(OC2CC3CCC(C2)N3Cc2cc3ccccc3[nH]2)c2ccc(F)cc2)cc1,CHEMBL234
CHEMBL12375,Fc1ccc(C(OC2CC3CCC(C2)N3Cc2ccccc2)c2ccc(F)cc2)cc1,CHEMBL234
CHEMBL92630,CCCN1CCC[C@@H](c2cccc(OS(=O)(=O)c3ccc(C)cc3)c2)C1,CHEMBL234
CHEMBL7549,CCCN1CCC[C@@H](c2cccc(O)c2)C1,CHEMBL234
CHEMBL49231,COc1ccccc1N1CCN(CNC(=O)c2ccc(Cl)cc2)CC1,CHEMBL234
CHEMBL93534,C=CCN1CCC2c3cccc(OS(=O)(=O)C(F)(F)F)c3CCC21,CHEMBL234
CHEMBL298763,O=C(NCN1CCN(c2ccccc2Cl)CC1)c1ccccc1,CHEMBL234
CHEMBL92817,CCCN1CCC[C@@H](c2cccc(Br)c2)C1,CHEMBL234
CHEMBL328119,O=S(=O)(Oc1cccc([C@@H]2CCCN(CCc3ccccc3)C2)c1)C(F)(F)F,CHEMBL234
CHEMBL93570,CCc1sccc1N1CCC[C@@H](c2cccc(C#N)c2)C1,CHEMBL234
CHEMBL328785,CCCc1cccc([C@@H]2CCCN(CCC)C2)c1,CHEMBL234
CHEMBL92938,CCCN1CCC[C@@H](c2cccc(SC)c2)C1,CHEMBL234
CHEMBL329443,CCCN1CCC[C@@H](c2cccc(S(=O)(=O)N(C)C)c2)C1,CHEMBL234
CHEMBL93383,CC(C)N1CCC[C@@H](c2cccc(C#N)c2)C1,CHEMBL234
CHEMBL335545,C1=C(c2ccccc2)CCN(C[C@@H]2CCC=C(c3ccccc3)C2)C1,CHEMBL234
CHEMBL92183,CCCN1CCC[C@@H](c2cccc(C#N)c2)C1,CHEMBL234
CHEMBL314536,CCCN1CCC[C@@H](c2cccc(-c3ccsc3)c2)C1,CHEMBL234
CHEMBL92682,CCCN1CCC2c3cccc(OS(=O)(=O)C(F)(F)F)c3CCC21,CHEMBL234
CHEMBL94811,N#Cc1cccc([C@@H]2CCCN(CCCc3ccccc3)C2)c1,CHEMBL234
CHEMBL147159,Oc1ccc(C2=CCN(C[C@@H]3CCC=C(c4ccc(O)cc4)C3)CC2)cc1,CHEMBL234
CHEMBL51536,Cc1ccc(C(=O)NCN2CCN(c3ccccc3Cl)CC2)cc1,CHEMBL234
CHEMBL51023,COc1ccccc1N1CCN(CNC(=O)c2ccc(C)cc2)CC1,CHEMBL234
CHEMBL327263,CCCN1CCCC2c3cccc(OS(=O)(=O)C(F)(F)F)c3CCC21,CHEMBL234
CHEMBL93646,N#Cc1cccc([C@@H]2CCCN(CCc3ccccc3)C2)c1,CHEMBL234
CHEMBL90359,CCCN1CCC[C@@H](c2cccc(OS(=O)(=O)C(F)(F)F)c2)C1,CHEMBL234
CHEMBL356269,Oc1ccc(C2=CCN(C[C@@H]3CCC=C(c4ccccc4)C3)CC2)cc1,CHEMBL234
CHEMBL296953,O=C(NCN1CCN(c2ccccc2Cl)CC1)c1ccc(Cl)cc1,CHEMBL234
CHEMBL2111566,C=CCN1CC[C@@H]2c3cccc(OS(=O)(=O)C(F)(F)F)c3CC[C@@H]21,CHEMBL234
CHEMBL413483,CCC(C)N1CCC[C@@H](c2cccc(C#N)c2)C1,CHEMBL234
CHEMBL357416,Oc1ccc(C2=CCC[C@@H](CN3CC=C(c4ccccc4)CC3)C2)cc1,CHEMBL234
CHEMBL92578,CCCN1CCC[C@@H](c2cccc(C=O)c2)C1,CHEMBL234
CHEMBL531,CCCN1C[C@H](CSC)C[C@@H]2c3cccc4[nH]cc(c34)C[C@H]21,CHEMBL234
CHEMBL157138,CCN(CC)C(=O)N[C@H]1C=C2c3cccc4[nH]cc(c34)C[C@H]2N(C)C1,CHEMBL234
CHEMBL493,CC(C)C[C@H]1C(=O)N2CCC[C@H]2[C@]2(O)O[C@](NC(=O)[C@@H]3C=C4c5cccc6[nH]c(Br)c(c56)C[C@H]4N(C)C3)(C(C)C)C(=O)N12,CHEMBL234
CHEMBL589,CCCN(CCC)CCc1cccc2c1CC(=O)N2,CHEMBL234
CHEMBL434665,CCCN[C@@H]1Cc2cccc3nc(O)n(c23)C1,CHEMBL234
CHEMBL107492,CCCN1CCCC(c2cccc(C#N)c2)C1,CHEMBL234
CHEMBL276500,CCCN1CCCC(c2cccc(O)c2)C1,CHEMBL234
CHEMBL54,O=C(CCCN1CCC(O)(c2ccc(Cl)cc2)CC1)c1ccc(F)cc1,CHEMBL234
CHEMBL276500,CCCN1CCCC(c2cccc(O)c2)C1,CHEMBL234
CHEMBL278751,CCCN(CCC)[C@@H]1CCc2c(OC)cccc2[C@@H]1C,CHEMBL234
CHEMBL90359,CCCN1CCC[C@@H](c2cccc(OS(=O)(=O)C(F)(F)F)c2)C1,CHEMBL234
CHEMBL27441,CCCN[C@@H]1CCc2c(OC)cccc2[C@@H]1C,CHEMBL234
CHEMBL131484,Cc1ccc(OCCCNCCOc2ccc(Cl)cc2)cc1,CHEMBL234
CHEMBL131997,Cc1ccc(OCCNCCCOc2ccccc2)cc1Cl,CHEMBL234
CHEMBL54,O=C(CCCN1CCC(O)(c2ccc(Cl)cc2)CC1)c1ccc(F)cc1,CHEMBL234
CHEMBL416939,COc1c(C(=O)NCCN2CCN(c3ccccc3)CC2)cc(Cl)c2ccccc12,CHEMBL234
CHEMBL29649,CCOc1c(C(=O)NCCN2CCN(c3ccccc3)CC2)cc(Br)c2ccccc12,CHEMBL234
CHEMBL282083,COc1c(C(=O)NCCN2CCN(c3ccccc3)CC2)cc(C#N)c2ccccc12,CHEMBL234
CHEMBL442535,COc1c(C(=O)NCCN2CCN(c3cccc(Cl)c3)CC2)cc(Br)c2ccccc12,CHEMBL234
CHEMBL442535,COc1c(C(=O)NCCN2CCN(c3cccc(Cl)c3)CC2)cc(Br)c2ccccc12,CHEMBL234
CHEMBL129931,c1ccc(CCCNCCCOc2ccccc2)cc1,CHEMBL234
CHEMBL284896,COc1c(C(=O)NCCN2CCN(c3ccccc3)CC2)ccc2ccccc12,CHEMBL234
CHEMBL128647,Cc1ccc(OCCNCCCOc2ccccc2)cc1,CHEMBL234
CHEMBL30208,COc1c(C(=O)NCCN2CCN(c3ccccc3)CC2)cc(Br)c2ccccc12,CHEMBL234
CHEMBL30208,COc1c(C(=O)NCCN2CCN(c3ccccc3)CC2)cc(Br)c2ccccc12,CHEMBL234
CHEMBL129757,Fc1ccc(OCCCNCCOc2ccc(Cl)cc2)cc1,CHEMBL234
CHEMBL42,CN1CCN(C2=Nc3cc(Cl)ccc3Nc3ccccc32)CC1,CHEMBL234
CHEMBL131357,Cc1ccc(OCCNCCCOc2ccc(F)cc2)cc1,CHEMBL234
CHEMBL132884,Clc1ccc(OCCNCCCOc2ccccc2)cc1,CHEMBL234
CHEMBL131299,Cc1ccc(OCCCNCCOc2ccccc2)cc1,CHEMBL234
CHEMBL285816,COc1c(C(=O)NCCN2CCN(c3ccc(Cl)cc3)CC2)cc(Br)c2ccccc12,CHEMBL234
CHEMBL28964,COc1c(C(=O)NCCN2CCN(c3ccccc3C)CC2)cc(Br)c2ccccc12,CHEMBL234
CHEMBL29610,COc1c(C(=O)NCCN2CCN(c3ccc(C)cc3)CC2)cc(Br)c2ccccc12,CHEMBL234
CHEMBL30146,COc1ccccc1N1CCN(CCNC(=O)c2cc(Br)c3ccccc3c2OC)CC1,CHEMBL234
CHEMBL130370,Cc1ccc(OCCCNCCOc2ccc(C)cc2)cc1,CHEMBL234
CHEMBL129927,Cc1ccc(OCCNCCCOc2ccccc2)cc1C,CHEMBL234
CHEMBL29182,COc1c(C(=O)NCCN2CCN(c3cccc(C)c3C)CC2)cc(Br)c2ccccc12,CHEMBL234
CHEMBL29182,COc1c(C(=O)NCCN2CCN(c3cccc(C)c3C)CC2)cc(Br)c2ccccc12,CHEMBL234
CHEMBL435598,Cc1ccc(OCCNCCCOc2cccc(C)c2)cc1,CHEMBL234
CHEMBL29436,COc1c(C(=O)NCCN2CCN(c3ccccc3[N+](=O)[O-])CC2)cc(Br)c2ccccc12,CHEMBL234
CHEMBL22892,Oc1ccc(OCCNCCCOc2ccccc2)cc1,CHEMBL234
CHEMBL131396,Clc1ccccc1OCCNCCCOc1ccccc1,CHEMBL234
CHEMBL337627,Clc1ccc(OCCNCCCSc2ccccc2)cc1,CHEMBL234
CHEMBL287198,COc1c(C(=O)NCCN2CCN(c3cccc(Cl)c3Cl)CC2)cc(Br)c2ccccc12,CHEMBL234
CHEMBL287198,COc1c(C(=O)NCCN2CCN(c3cccc(Cl)c3Cl)CC2)cc(Br)c2ccccc12,CHEMBL234
CHEMBL128524,c1ccc(OCCCNCCOc2ccccc2)cc1,CHEMBL234
CHEMBL30206,COc1c(C(=O)NCCN2CCN(c3ccccc3Cl)CC2)cc(Br)c2ccccc12,CHEMBL234
CHEMBL30206,COc1c(C(=O)NCCN2CCN(c3ccccc3Cl)CC2)cc(Br)c2ccccc12,CHEMBL234
CHEMBL130402,Cc1ccc(OCCNCCCSc2ccccc2)cc1,CHEMBL234
CHEMBL2368625,CS(=O)(=O)Oc1ccc2c(c1)CCN(CC[C@H]1CC[C@H](NC(=O)/C=C/c3ccccc3F)CC1)CC2.Cl,CHEMBL234
CHEMBL2368626,CS(=O)(=O)c1ccc2c(c1)CCN(CC[C@H]1CC[C@H](NC(=O)/C=C/c3ccccc3F)CC1)CC2.Cl,CHEMBL234
CHEMBL2113364,CS(=O)(=O)Oc1ccc2c(c1)CCN(CC[C@H]1CC[C@H](NC(=O)/C=C/c3ccc(F)cc3)CC1)CC2.Cl,CHEMBL234
CHEMBL2113357,Cc1cnc(-c2cccc(C(=O)N[C@H]3CC[C@H](CCN4CCc5ccc(S(C)(=O)=O)cc5CC4)CC3)c2)o1.Cl,CHEMBL234
CHEMBL29433,COc1ccc(NS(=O)(=O)c2sc3ccc(Cl)cc3c2C)cc1N1CCN2CCC[C@H]2C1,CHEMBL234
CHEMBL2368617,CS(=O)(=O)c1ccc2c(c1)CCN(CC[C@H]1CC[C@H](NC(=O)/C=C/c3ccc(C#N)cc3)CC1)CC2.Cl,CHEMBL234
CHEMBL3084605,Cl.Cn1nccc1-c1cccc(C(=O)N[C@H]2CC[C@H](CCN3CCc4ccc(S(C)(=O)=O)cc4CC3)CC2)c1,CHEMBL234
CHEMBL3084612,Cc1coc(-c2cccc(C(=O)N[C@H]3CC[C@H](CCN4CCc5ccc(OS(C)(=O)=O)cc5CC4)CC3)c2)n1.Cl,CHEMBL234
CHEMBL3084626,Cc1cc(-c2cccc(C(=O)N[C@H]3CC[C@H](CCN4CCc5ccc(OS(C)(=O)=O)cc5CC4)CC3)c2)on1.Cl,CHEMBL234
CHEMBL2113358,Cc1cc(C(=O)N[C@H]2CC[C@H](CCN3CCc4ccc(OS(C)(=O)=O)cc4CC3)CC2)c2ccccc2n1.Cl,CHEMBL234
CHEMBL2368622,CS(=O)(=O)Oc1ccc2c(c1)CCN(CC[C@H]1CC[C@H](NC(=O)/C=C/c3cccc(F)c3)CC1)CC2.Cl,CHEMBL234
CHEMBL2368633,COc1ccccc1/C=C/C(=O)N[C@H]1CC[C@H](CCN2CCc3ccc(OS(C)(=O)=O)cc3CC2)CC1.Cl,CHEMBL234
CHEMBL3084613,Cc1nc(-c2cccc(C(=O)N[C@H]3CC[C@H](CCN4CCc5ccc(OS(C)(=O)=O)cc5CC4)CC3)c2)no1.Cl,CHEMBL234
CHEMBL3084620,CS(=O)(=O)c1ccc2c(c1)CCN(CC[C@H]1CC[C@H](NC(=O)c3cccc4ccccc34)CC1)CC2.Cl,CHEMBL234
CHEMBL2368620,CS(=O)(=O)c1ccc2c(c1)CCN(CC[C@H]1CC[C@H](NC(=O)/C=C/c3ccccc3C#N)CC1)CC2.Cl,CHEMBL234
CHEMBL3084624,CS(=O)(=O)Oc1ccc2c(c1)CCN(CC[C@H]1CC[C@H](NC(=O)c3cccc4ccccc34)CC1)CC2.Cl,CHEMBL234
CHEMBL3084597,Cc1ncc(-c2cccc(C(=O)N[C@H]3CC[C@H](CCN4CCc5ccc(OS(C)(=O)=O)cc5CC4)CC3)c2)o1.Cl,CHEMBL234
CHEMBL3084598,Cc1ccc2c(C(=O)N[C@H]3CC[C@H](CCN4CCc5ccc(OS(C)(=O)=O)cc5CC4)CC3)cccc2n1.Cl,CHEMBL234
CHEMBL3084629,Cc1cnc(-c2cccc(C(=O)N[C@H]3CC[C@H](CCN4CCc5ccc(OS(C)(=O)=O)cc5CC4)CC3)c2)o1.Cl,CHEMBL234
CHEMBL3084625,CS(=O)(=O)Oc1ccc2c(c1)CCN(CC[C@H]1CC[C@H](NC(=O)c3cccc4ncccc34)CC1)CC2.Cl,CHEMBL234
CHEMBL3084599,Cc1ccc2c(C(=O)N[C@H]3CC[C@H](CCN4CCc5ccc(S(C)(=O)=O)cc5CC4)CC3)cccc2n1.Cl,CHEMBL234
CHEMBL2113356,COc1ccc(/C=C/C(=O)N[C@H]2CC[C@H](CCN3CCc4ccc(OS(C)(=O)=O)cc4CC3)CC2)cc1.Cl,CHEMBL234
CHEMBL29846,COc1ccc(NS(=O)(=O)c2sc3ccc(Cl)cc3c2C)cc1N1CCN(C)CC1,CHEMBL234
CHEMBL3084596,CS(=O)(=O)Oc1ccc2c(c1)CCN(CC[C@H]1CC[C@H](NC(=O)c3cccc(-n4cccc4)c3)CC1)CC2.Cl,CHEMBL234
CHEMBL3084602,Cc1ncc(-c2cccc(C(=O)N[C@H]3CC[C@H](CCN4CCc5ccc(S(C)(=O)=O)cc5CC4)CC3)c2)o1.Cl,CHEMBL234
CHEMBL2368618,COc1cccc(/C=C/C(=O)N[C@H]2CC[C@H](CCN3CCc4ccc(OS(C)(=O)=O)cc4CC3)CC2)c1.Cl,CHEMBL234
CHEMBL2368623,CS(=O)(=O)c1ccc2c(c1)CCN(CC[C@H]1CC[C@H](NC(=O)/C=C/c3cccc(F)c3)CC1)CC2.Cl,CHEMBL234
CHEMBL2368619,CS(=O)(=O)c1ccc2c(c1)CCN(CC[C@H]1CC[C@H](NC(=O)/C=C/c3c(F)cccc3F)CC1)CC2.Cl,CHEMBL234
CHEMBL3084615,Cc1cc(-c2cccc(C(=O)N[C@H]3CC[C@H](CCN4CCc5ccc(S(C)(=O)=O)cc5CC4)CC3)c2)on1.Cl,CHEMBL234
CHEMBL2368624,CS(=O)(=O)c1ccc2c(c1)CCN(CC[C@H]1CC[C@H](NC(=O)/C=C/c3cccc(C#N)c3)CC1)CC2.Cl,CHEMBL234
CHEMBL2368629,CS(=O)(=O)c1ccc2c(c1)CCN(CC[C@H]1CC[C@H](NC(=O)/C=C/c3ccc(F)cc3)CC1)CC2.Cl,CHEMBL234
CHEMBL3084601,CS(=O)(=O)Oc1ccc2c(c1)CCN(CC[C@H]1CC[C@H](NC(=O)c3cccc(-c4ncccn4)c3)CC1)CC2.Cl,CHEMBL234
CHEMBL2368627,CS(=O)(=O)c1ccc2c(c1)CCN(CC[C@H]1CC[C@H](NC(=O)/C=C/c3cc(F)cc(F)c3)CC1)CC2.Cl,CHEMBL234
CHEMBL2113363,Cc1ccc2c(C(=O)N[C@H]3CC[C@H](CCN4CCc5ccc(S(C)(=O)=O)cc5CC4)CC3)ccc(F)c2n1.Cl,CHEMBL234
CHEMBL3084616,Cc1nc(-c2cccc(C(=O)N[C@H]3CC[C@H](CCN4CCc5ccc(S(C)(=O)=O)cc5CC4)CC3)c2)no1.Cl,CHEMBL234
CHEMBL160998,N#Cc1ccc2c(c1)CN(CC[C@H]1CC[C@H](NC(=O)c3cc4ccccc4[nH]3)CC1)C2,CHEMBL234
CHEMBL97856,O=C(NCCCCN1CC[C@H]2c3ccc(O)cc3CC[C@@H]21)c1ccc(-c2ccccc2)cc1,CHEMBL234
CHEMBL108531,Nc1ccc(C#CCCN2CC=C(c3ccccc3)CC2)cc1,CHEMBL234
CHEMBL97840,O=C(NCCCCN1CCC[C@@H]2c3ccccc3CC[C@@H]21)c1ccc(-c2ccccc2)cc1,CHEMBL234
CHEMBL97118,COc1cccc2c1CC[C@H]1[C@H]2CCN1CCCCNC(=O)c1ccc(-c2ccccc2)cc1,CHEMBL234
CHEMBL161916,COc1ccc2c(c1)CN(CC[C@H]1CC[C@H](NC(=O)/C=C/c3ccc(F)cc3)CC1)C2,CHEMBL234
CHEMBL85606,N#Cc1ccc2c(c1)CCN(CC[C@H]1CC[C@H](NC(=O)c3ccnc4ccccc34)CC1)C2,CHEMBL234
CHEMBL99876,CS(=O)(=O)Oc1cccc2c1CC[C@H]1[C@H]2CCN1CCCCNC(=O)c1ccc(-c2ccccc2)cc1,CHEMBL234
CHEMBL161853,COc1cccc(/C=C/C(=O)N[C@H]2CC[C@H](CCN3Cc4ccc(C#N)cc4C3)CC2)c1,CHEMBL234
CHEMBL431367,Oc1ccc2[nH]cc(CCCCN3CC=C(c4ccccc4)CC3)c2c1,CHEMBL234
CHEMBL318925,CS(=O)(=O)Oc1cccc2c1CC[C@H]1[C@H]2CCCN1CCCCNC(=O)c1ccc(-c2ccccc2)cc1,CHEMBL234
CHEMBL108532,Nc1cccc(C#CCCN2CC=C(c3ccccc3)CC2)c1,CHEMBL234
CHEMBL97107,O=C(NCCCCN1CC[C@@H]2c3ccccc3CC[C@@H]21)c1ccc(-c2ccccc2)cc1,CHEMBL234
CHEMBL329702,CS(=O)(=O)Oc1ccc2c(c1)CC[C@H]1[C@H]2CCN1CCCCNC(=O)c1ccc(-c2ccccc2)cc1,CHEMBL234
CHEMBL95759,O=C(NCCCCN1CCC[C@H]2c3ccc(O)cc3CC[C@@H]21)c1ccc(-c2ccccc2)cc1,CHEMBL234
CHEMBL99198,O=C(NCCCCN1CCC[C@H]2c3cccc(O)c3CC[C@@H]21)c1ccc(-c2ccccc2)cc1,CHEMBL234
CHEMBL317996,CS(=O)(=O)Oc1cccc2c1CC[C@H]1[C@@H]2CCCN1CCCCNC(=O)c1ccc(-c2ccccc2)cc1,CHEMBL234
CHEMBL2111591,COc1cccc2c1CC[C@H]1[C@H]2CCCN1CCCCNC(=O)c1ccc(-c2ccccc2)cc1,CHEMBL234
CHEMBL161126,O=C(/C=C/c1ccc(F)cc1)N[C@H]1CC[C@H](CCN2Cc3ccc(C(F)(F)F)cc3C2)CC1,CHEMBL234
CHEMBL109063,Nc1ccc(C#CCCN2CC=C(c3ccccc3)CC2)cn1,CHEMBL234
CHEMBL162193,N#Cc1ccc2c(c1)CN(CC[C@H]1CC[C@H](NC(=O)/C=C/c3ccc(F)cc3)CC1)C2,CHEMBL234
CHEMBL108463,C(#Cc1cccnc1)CCN1CC=C(c2ccccc2)CC1,CHEMBL234
CHEMBL95743,O=C(NCCCCN1CCC[C@@H]2c3ccccc3CC[C@H]21)c1ccc(-c2ccccc2)cc1,CHEMBL234
CHEMBL110489,C(#Cc1ccncc1)CCN1CC=C(c2ccccc2)CC1,CHEMBL234
CHEMBL319116,O=C(NCCCCN1CC[C@H]2c3cccc(O)c3CC[C@@H]21)c1ccc(-c2ccccc2)cc1,CHEMBL234
CHEMBL2111592,CS(=O)(=O)Oc1cccc2c1CCC1C2CCCN1CCCCNC(=O)c1ccc(-c2ccccc2)cc1,CHEMBL234
CHEMBL97440,CS(=O)(=O)Oc1ccc2c(c1)CC[C@H]1[C@H]2CCCN1CCCCNC(=O)c1ccc(-c2ccccc2)cc1,CHEMBL234
CHEMBL109101,Nc1ccc(C#CCCN2CC=C(c3ccccc3)CC2)nc1,CHEMBL234
CHEMBL351722,N#Cc1ccc2c(c1)CN(CC[C@H]1CC[C@H](NC(=O)c3ccnc4ccccc34)CC1)C2,CHEMBL234
CHEMBL158627,CS(=O)(=O)Oc1ccc2c(c1)CN(CC[C@H]1CC[C@H](NC(=O)/C=C/c3ccc(F)cc3)CC1)C2,CHEMBL234
CHEMBL98452,O=C(NCCCCN1CC[C@H]2c3ccccc3CC[C@@H]21)c1ccc(-c2ccccc2)cc1,CHEMBL234
CHEMBL351300,O=C(/C=C/c1ccc(F)cc1)N[C@H]1CC[C@H](CCN2Cc3ccc(Br)cc3C2)CC1,CHEMBL234
CHEMBL89420,c1ccc(CNCCOc2cccc3[nH]cnc23)cc1,CHEMBL234
CHEMBL278751,CCCN(CCC)[C@@H]1CCc2c(OC)cccc2[C@@H]1C,CHEMBL234
CHEMBL86504,FC(F)(F)c1nc2c(OCCNCc3ccccc3)cc(Cl)cc2[nH]1,CHEMBL234
CHEMBL87137,c1ccc(CNCCOc2cccc3[nH]ncc23)cc1,CHEMBL234
CHEMBL157293,C#CCN(CCCCN1CCN(c2ccccc2)CC1)C1CCc2ccc(O)cc2C1,CHEMBL234
CHEMBL129997,CCCN(CCC)[C@@H]1CCc2c(ccc(C(O)Cc3ccc(Cl)cc3)c2OC)C1,CHEMBL234
CHEMBL424458,CCCN(CCC)[C@@H]1CCc2c(ccc(CCc3ccc(C(F)(F)F)cc3)c2OC)C1,CHEMBL234
CHEMBL338938,CCCN(CCC)C1CCc2cc(CN(C(N)=O)c3ccc(OC)cc3)ccc2C1,CHEMBL234
CHEMBL422883,O=C(NCCN(CCCN1CCN(c2ccccc2)CC1)C1CCc2ccc(O)cc2C1)c1ccccc1,CHEMBL234
CHEMBL314174,Oc1nc2c(OCCNCc3ccccc3)cccc2[nH]1,CHEMBL234
CHEMBL130843,CCCN(CCC)C1CCc2cc(CSc3ccc(OC)cc3)ccc2C1,CHEMBL234
CHEMBL129839,CCCN(CCC)[C@@H]1CCc2c(ccc(C(O)Cc3ccc(Cl)c(Cl)c3)c2OC)C1,CHEMBL234
CHEMBL334529,CCCN(CCC)C1CCc2cc(CS(=O)(=O)c3ccc(OC)cc3)ccc2C1,CHEMBL234
CHEMBL64283,c1ccc(CNCCOc2cccc3[nH]ccc23)cc1,CHEMBL234
CHEMBL336971,CCCN(CCC)[C@@H]1CCc2cc(CCc3ccc(/C(C)=N\O)cc3)ccc2C1,CHEMBL234
CHEMBL338496,CCCN(CCC)C1CCc2cc(CN(C(C)=O)c3ccc(OC)cc3)ccc2C1,CHEMBL234
CHEMBL158013,C#CCN(CCN1CCN(c2ccccc2)CC1)C1CCc2ccc(O)cc2C1,CHEMBL234
CHEMBL87192,FC(F)(F)c1nc2c(OCCNCc3ccccc3)cccc2[nH]1,CHEMBL234
CHEMBL133018,CCCN(CCC)[C@@H]1CCc2c(ccc(C(O)Cc3ccc(OC)cc3)c2OC)C1,CHEMBL234
CHEMBL133800,CCCN(CCC)C1CCc2cc(CCc3ccc(C(C)=O)cc3)ccc2C1,CHEMBL234
CHEMBL130678,CCCN(CCC)[C@@H]1CCc2cc(CS(=O)(=O)c3ccc(I)cc3)ccc2C1,CHEMBL234
CHEMBL132574,CCCN(CCC)[C@@H]1CCc2c(ccc(C(O)Cc3ccc(Cl)cc3)c2OC)[C@@H]1C,CHEMBL234
CHEMBL130101,CCCN(CCC)C1CCc2cc(CCc3ccc(C(=O)OCC)cc3)ccc2C1,CHEMBL234
CHEMBL130423,CCCN(CCC)[C@@H]1CCc2c(ccc(C(O)Cc3ccccc3)c2OC)C1,CHEMBL234
CHEMBL129997,CCCN(CCC)[C@@H]1CCc2c(ccc(C(O)Cc3ccc(Cl)cc3)c2OC)C1,CHEMBL234
CHEMBL327782,Sc1nc2c(OCCNCc3ccccc3)cccc2[nH]1,CHEMBL234
CHEMBL89037,Sc1nc2c(OCCNCc3ccccc3)cc(Cl)cc2[nH]1,CHEMBL234
CHEMBL132789,CCCN(CCC)[C@@H]1CCc2cc(CCc3ccc(Cl)cc3)ccc2C1,CHEMBL234
CHEMBL346512,N#CCCCN(CCCN1CCN(c2ccccc2)CC1)C1CCc2ccc(O)cc2C1,CHEMBL234
CHEMBL441089,CCCN(CCC)C1CCc2cc(CCc3ccc(OC)cc3)ccc2C1,CHEMBL234
CHEMBL130304,CCCN(CCC)C1CCc2cc(CCc3ccc(O)cc3)ccc2C1,CHEMBL234
CHEMBL155826,CCCN(CCCCN1CCN(c2ccccc2)CC1)C1CCc2ccc(O)cc2C1,CHEMBL234
CHEMBL157035,C#CCN(CCCCN1CCN(c2cccc(Cl)c2Cl)CC1)C1CCc2ccc(O)cc2C1,CHEMBL234
CHEMBL329398,Oc1nc2c(OCCNCc3ccccc3)cc(Cl)cc2[nH]1,CHEMBL234
CHEMBL87067,Cc1nc2c(OCCNCc3ccccc3)cccc2[nH]1,CHEMBL234
CHEMBL133519,CCCN(CCC)[C@@H]1CCc2cc(CCc3ccc(C(C)=O)cc3)ccc2C1,CHEMBL234
CHEMBL131556,CCCN(CCC)[C@@H]1CCc2cc(CS(=O)(=O)c3ccc(OC)cc3)ccc2C1,CHEMBL234
CHEMBL156639,CCCN(CCN1CCN(c2ccccc2)CC1)C1CCc2ccc(O)cc2C1,CHEMBL234
CHEMBL64508,Oc1cccc(OCCNCc2ccccc2)c1,CHEMBL234
CHEMBL156689,CCCN(CCN1CCN(c2cccc(Cl)c2Cl)CC1)C1CCc2ccc(O)cc2C1,CHEMBL234
CHEMBL132769,CCCN(CCC)[C@@H]1CCc2c(ccc(CCc3ccc(Cl)cc3)c2OC)C1,CHEMBL234
CHEMBL132930,CCCN(CCC)[C@@H]1CCc2c(ccc(CCc3ccccc3)c2OC)C1,CHEMBL234
CHEMBL132724,CCCN(CCC)[C@H]1CCc2cc(CCc3ccc(Cl)cc3)ccc2C1,CHEMBL234
CHEMBL130665,CCCN(CCC)C1CCc2cc(CCc3ccccc3)ccc2C1,CHEMBL234
CHEMBL157036,CCCN(CCCCN1CCN(c2cccc(Cl)c2Cl)CC1)C1CCc2ccc(O)cc2C1,CHEMBL234
CHEMBL59752,O=C1Cc2c(cccc2OCCNCc2ccccc2)N1,CHEMBL234
CHEMBL130282,CCCN(CCC)C1CCc2cc(CCc3ccc(/C(C)=N\O)cc3)ccc2C1,CHEMBL234
CHEMBL133166,CCCN(CCC)C1CCc2cc(CN(C(=O)OC)c3ccc(OC)cc3)ccc2C1,CHEMBL234
CHEMBL558036,Cc1ccccc1N1CCN(CCCCc2cc(-c3ccccc3)no2)CC1.Cl,CHEMBL234
CHEMBL554016,Cl.Fc1ccccc1N1CCN(CCCCc2cc(/C=C/c3ccccc3)no2)CC1,CHEMBL234
CHEMBL544925,COc1ccc(-c2cc(CCCCN3CCN(C(c4ccccc4)c4ccccc4)CC3)on2)c(OC)c1.Cl,CHEMBL234
CHEMBL543277,C(=C/c1cc(CCCCN2CCN(c3ccccc3)CC2)on1)\c1ccccc1.Cl,CHEMBL234
CHEMBL831,CN1CCN(C2=Nc3ccccc3Oc3ccc(Cl)cc32)CC1,CHEMBL234
CHEMBL543278,COc1ccc(-c2cc(CCCCN3CCN(c4ccccc4OC)CC3)on2)c(OC)c1.Cl,CHEMBL234
CHEMBL415300,CN1CCN(C2=Nc3ccccc3Nc3ccc(Cl)cc32)CC1,CHEMBL234
CHEMBL541025,COc1ccc(-c2cc(CCCCN3CCN(c4ccccc4OC)CC3)on2)cc1OC.Cl,CHEMBL234
CHEMBL72292,CN1CCN(C2=Nc3ccccc3Nc3ccc(OS(=O)(=O)C(F)(F)F)cc32)CC1,CHEMBL234
CHEMBL544689,COc1ccccc1N1CCN(CCCCc2cc(-c3ccccc3)no2)CC1.Cl,CHEMBL234
CHEMBL541270,COc1ccccc1N1CCN(CCCCc2cc(-c3cccc([N+](=O)[O-])c3)no2)CC1.Cl,CHEMBL234
CHEMBL541524,Cl.c1ccc(-c2cc(CCCCN3CCN(C(c4ccccc4)c4ccccc4)CC3)on2)cc1,CHEMBL234
CHEMBL538977,Cl.O=[N+]([O-])c1cccc(-c2cc(CCCCN3CCN(c4ccccc4)CC3)on2)c1,CHEMBL234
CHEMBL539744,COc1ccccc1N1CCN(CCCCc2cc(/C=C/c3ccccc3)no2)CC1.Cl,CHEMBL234
CHEMBL554897,COc1ccc(-c2cc(CCCCN3CCN(c4ccccc4F)CC3)on2)cc1OC.Cl,CHEMBL234
CHEMBL538474,Cl.c1ccc(-c2cc(CCCCN3CCN(c4ccccc4)CC3)on2)cc1,CHEMBL234
CHEMBL542809,CCOc1ccccc1N1CCN(CCCCc2cc(-c3ccccc3)no2)CC1.Cl,CHEMBL234
CHEMBL543040,Cl.c1ccc(C(c2ccccc2)N2CCN(CCCCc3cc(-c4cccs4)no3)CC2)cc1,CHEMBL234
CHEMBL70319,CN1CCN(C2=Nc3cc(Cl)ccc3Nc3ccc(OS(=O)(=O)C(F)(F)F)cc32)CC1,CHEMBL234
CHEMBL54,O=C(CCCN1CCC(O)(c2ccc(Cl)cc2)CC1)c1ccc(F)cc1,CHEMBL234
CHEMBL73589,CN1CCN(C2=Nc3ccccc3Sc3ccc(OS(=O)(=O)C(F)(F)F)cc32)CC1,CHEMBL234
CHEMBL553810,Cl.O=[N+]([O-])c1cccc(-c2cc(CCCCN3CCN(C(c4ccccc4)c4ccccc4)CC3)on2)c1,CHEMBL234
CHEMBL83658,CN(C)CC1CC2c3ccccc3Cc3ccccc3N2O1,CHEMBL234
CHEMBL538723,CCOc1ccccc1N1CCN(CCCCc2cc(-c3ccc(OC)c(OC)c3)no2)CC1.Cl,CHEMBL234
CHEMBL542324,Cl.c1ccc(N2CCN(CCCCc3cc(-c4cccs4)no3)CC2)cc1,CHEMBL234
CHEMBL544220,COc1ccccc1N1CCN(CCCCc2cc(-c3ccc(F)cc3)no2)CC1.Cl,CHEMBL234
CHEMBL430798,CN1CCN(C2=Nc3ccccc3Oc3ccc(OS(=O)(=O)C(F)(F)F)cc32)CC1,CHEMBL234
CHEMBL541826,Br.c1ccc(N2CCN(CCCCCNC3=Nc4ccccc4OC3)CC2)cc1,CHEMBL234
CHEMBL544451,Cc1ccccc1N1CCN(CCCCc2cc(-c3cccs3)no2)CC1.Cl,CHEMBL234
CHEMBL543041,C(=C/c1cc(CCCCN2CCN(C(c3ccccc3)c3ccccc3)CC2)on1)\c1ccccc1.Cl,CHEMBL234
CHEMBL539235,Cl.Fc1ccc(-c2cc(CCCCN3CCN(c4ccccc4)CC3)on2)cc1,CHEMBL234
CHEMBL542573,COc1ccc(-c2cc(CCCCN3CCN(c4ccccc4)CC3)on2)c(OC)c1.Cl,CHEMBL234
CHEMBL54,O=C(CCCN1CCC(O)(c2ccc(Cl)cc2)CC1)c1ccc(F)cc1,CHEMBL234
CHEMBL557829,CCOc1ccccc1N1CCN(CCCCc2cc(-c3cccs3)no2)CC1.Cl,CHEMBL234
CHEMBL542325,COc1ccccc1N1CCN(CCCCc2cc(-c3cccs3)no2)CC1.Cl,CHEMBL234
CHEMBL537975,CCOc1ccccc1N1CCN(CCCCc2cc(-c3cccc([N+](=O)[O-])c3)no2)CC1.Cl,CHEMBL234
CHEMBL557409,COc1ccc(-c2cc(CCCCN3CCN(c4ccccc4)CC3)on2)cc1OC.Cl,CHEMBL234
CHEMBL541791,COc1ccc(-c2cc(CCCCN3CCN(c4ccccc4C)CC3)on2)cc1OC.Cl,CHEMBL234
CHEMBL539999,Cl.Fc1ccc(-c2cc(CCCCN3CCN(C(c4ccccc4)c4ccccc4)CC3)on2)cc1,CHEMBL234
CHEMBL542571,COc1ccc(-c2cc(CCCCN3CCN(C(c4ccccc4)c4ccccc4)CC3)on2)cc1OC.Cl,CHEMBL234
CHEMBL84819,Clc1cccc(N2CCN(CCCOc3ccc(-c4nc5ccccc5[nH]4)cc3)CC2)c1,CHEMBL234
CHEMBL313620,COc1ccccc1N1CCN(CCCOc2ccc(-c3nc4ccccc4[nH]3)cc2)CC1,CHEMBL234
CHEMBL267044,CCN1CCC[C@H]1CNC(=O)c1cc(S(N)(=O)=O)ccc1OC,CHEMBL234
CHEMBL2111525,COc1ccc(Br)cc1-c1nc(CNCC2CCN(Cc3ccccc3)C2)co1,CHEMBL234
CHEMBL312877,COc1ccc(N2CCN(CCCOc3ccc(-c4nc5ccccc5[nH]4)cc3)CC2)cc1,CHEMBL234
CHEMBL340471,COc1cccc(C(=O)NC2CCN(Cc3ccc(F)cc3)CC2)c1OC,CHEMBL234
CHEMBL62602,COc1ccc(Br)cc1-c1nc(CNC[C@@H]2CCN(Cc3ccccc3)C2)co1,CHEMBL234
CHEMBL87260,Clc1ccc(N2CCN(CCCOc3ccc(-c4nc5ccccc5[nH]4)cc3)CC2)cc1,CHEMBL234
CHEMBL87478,CCCSc1ccccc1N1CCN(CCCOc2ccc(-c3nc4ccccc4[nH]3)cc2)CC1,CHEMBL234
CHEMBL2111528,COc1ccc(Br)cc1-c1nc(CNCC2CCN(Cc3ccccc3)C2)cs1,CHEMBL234
CHEMBL85441,c1ccc(N2CCN(CCCOc3ccc(-c4nc5ccccc5[nH]4)cc3)CC2)cc1,CHEMBL234
CHEMBL308524,CCN1CCC[C@H]1CNC(=O)c1c(O)c(I)cc(OC)c1OC,CHEMBL234
CHEMBL2112607,COc1cccc(C(=O)NC2CC3CCCC(C2)N3Cc2ccc(F)cc2)c1OC,CHEMBL234
CHEMBL85972,c1cnc(N2CCN(CCCOc3ccc(-c4nc5ccccc5[nH]4)cc3)CC2)nc1,CHEMBL234
CHEMBL69985,CCCN(CCC)[C@@H]1CCc2c(F)cccc2C1,CHEMBL234
CHEMBL139345,CCCN[C@@H]1CCc2c(F)cccc2C1,CHEMBL234
CHEMBL139089,O=C1CC2(CCCC2)CC(=O)N1CCCCN[C@@H]1CCc2c(F)cccc2C1,CHEMBL234
CHEMBL65641,COc1ccc(Br)cc1-c1nc(CNCC[C@@H]2CCN(Cc3ccccc3)C2)co1,CHEMBL234
CHEMBL138998,CCCN(CCCCN1C(=O)CC2(CCCC2)CC1=O)[C@@H]1CCc2c(F)cccc2C1,CHEMBL234
CHEMBL325109,COc1cc(N)c(Cl)cc1C(=O)NC1CCN(Cc2ccccc2)CC1,CHEMBL234
CHEMBL345087,CCCN(C(C)C)[C@@H]1CCc2c(F)cccc2C1,CHEMBL234
CHEMBL62624,COc1ccc(Br)cc1-c1nc(CNC2CCN(Cc3ccccc3)CC2)cs1,CHEMBL234
CHEMBL138792,N[C@@H]1CCc2c(F)cccc2C1,CHEMBL234
CHEMBL65847,CCCN(Cc1ccccc1)[C@@H]1CCc2c(F)cccc2C1,CHEMBL234
CHEMBL59,NCCc1ccc(O)c(O)c1,CHEMBL234
CHEMBL124612,COc1cc(Br)cc(C(=O)NC2CCN(Cc3ccc(F)cc3)CC2)c1OC,CHEMBL234
CHEMBL54,O=C(CCCN1CCC(O)(c2ccc(Cl)cc2)CC1)c1ccc(F)cc1,CHEMBL234
CHEMBL141510,CCCCN(CCC)[C@@H]1CCc2c(F)cccc2C1,CHEMBL234
CHEMBL2111527,COc1ccc(Br)cc1-c1nc(CNCCC2CCN(Cc3ccccc3)C2)co1,CHEMBL234
CHEMBL267930,O=C(CCCN1CCC2(CC1)C(=O)NCN2c1ccccc1)c1ccc(F)cc1,CHEMBL234
CHEMBL141511,CCCCN[C@@H]1CCc2c(F)cccc2C1,CHEMBL234
CHEMBL423499,c1ccc(N2CCN(CC[C@H]3CC[C@H](c4c[nH]c5ccccc54)CC3)CC2)nc1,CHEMBL234
CHEMBL314983,c1ccc(N2CCN(CCCOc3ccc(-c4nc5ccccc5[nH]4)cc3)CC2)nc1,CHEMBL234
CHEMBL64139,COc1ccc(Br)cc1-c1nc(CNC[C@@H]2CCN(Cc3ccccc3)C2)cs1,CHEMBL234
CHEMBL88058,Clc1ccccc1N1CCN(CCCOc2ccc(-c3nc4ccccc4[nH]3)cc2)CC1,CHEMBL234
CHEMBL708,O=C1Cc2cc(CCN3CCN(c4nsc5ccccc45)CC3)c(Cl)cc2N1,CHEMBL234
CHEMBL715,Cc1cc2c(s1)Nc1ccccc1N=C2N1CCN(C)CC1,CHEMBL234
CHEMBL85,Cc1nc2n(c(=O)c1CCN1CCC(c3noc4cc(F)ccc34)CC1)CCCC2,CHEMBL234
CHEMBL54,O=C(CCCN1CCC(O)(c2ccc(Cl)cc2)CC1)c1ccc(F)cc1,CHEMBL234
CHEMBL285802,CN(C)CCOC1=Cc2ccccc2Sc2ccc(Cl)cc21,CHEMBL234
CHEMBL12713,O=C1NCCN1CCN1CCC(c2cn(-c3ccc(F)cc3)c3ccc(Cl)cc23)CC1,CHEMBL234
CHEMBL428705,COc1cc(NC(=O)C2CC2)c(Cl)cc1C(=O)NC1CCN(Cc2ccccc2)C1,CHEMBL234
CHEMBL286252,CCCCN1CCCC1CNC(=O)c1cc(C#N)c2ccccc2c1OC,CHEMBL234
CHEMBL80919,O=C(N[C@H]1CC[C@H](CCN2CCN(c3cccc(Cl)c3Cl)CC2)CC1)c1cccs1,CHEMBL234
CHEMBL78791,O=C(N[C@H]1CC[C@H](CCN2CCN(c3ccccc3)CC2)CC1)c1cccs1,CHEMBL234
CHEMBL309979,O=C(N[C@H]1CC[C@H](CCN2CCN(c3cccc(Cl)c3Cl)CC2)CC1)C1CCCCC1,CHEMBL234
CHEMBL311575,Cc1ccc(N2CCN(CC[C@H]3CC[C@H](NC(=O)c4cccs4)CC3)CC2)cc1,CHEMBL234
CHEMBL349034,Fc1ccc(N2CCN(CC[C@H]3CC[C@H](Nc4ncccn4)CC3)CC2)cc1,CHEMBL234
CHEMBL309459,O=C(N[C@H]1CC[C@H](CCN2CCN(c3ccc(Cl)cc3)CC2)CC1)c1cccs1,CHEMBL234
CHEMBL430439,O=C(N[C@H]1CC[C@H](CCN2CCN(c3cccc(Cl)c3Cl)CC2)CC1)c1ccccc1,CHEMBL234
CHEMBL309336,Cc1ccsc1C(=O)N[C@H]1CC[C@H](CCN2CCN(c3cccc(Cl)c3Cl)CC2)CC1,CHEMBL234
CHEMBL310401,O=C(N[C@H]1CC[C@H](CCN2CCN(c3cccc(Cl)c3)CC2)CC1)C1CCCCC1,CHEMBL234
CHEMBL78860,CCCN(C(=O)C1CCCCC1)[C@H]1CC[C@H](CCN2CCN(c3cccc(Cl)c3Cl)CC2)CC1,CHEMBL234
CHEMBL164723,c1cnc(N[C@H]2CC[C@H](CCN3CCN(c4cccnc4)CC3)CC2)nc1,CHEMBL234
CHEMBL278751,CCCN(CCC)[C@@H]1CCc2c(OC)cccc2[C@@H]1C,CHEMBL234
CHEMBL78655,O=C(NC1CCC(CCN2CCN(c3cccc(Cl)c3Cl)CC2)CC1)c1cccs1,CHEMBL234
CHEMBL309623,O=C(N[C@H]1CC[C@H](CCN2CCN(c3ccccc3)CC2)CC1)C1CCCCC1,CHEMBL234
CHEMBL311772,O=C(NC1CCC(CCN2CCN(c3ccccc3)CC2)CC1)c1cccs1,CHEMBL234
CHEMBL2113347,Cl.N#Cc1ccc2c(c1)CN(CC[C@H]1CC[C@H](NC(=O)c3cc4ccccc4[nH]3)CC1)CC2,CHEMBL234
CHEMBL165664,c1ccc(N2CCN(C[C@H]3CC[C@H](Nc4ncccn4)CC3)CC2)cc1,CHEMBL234
CHEMBL76908,Cc1ccc(C(=O)N[C@H]2CC[C@H](CCN3CCN(c4cccc(Cl)c4Cl)CC3)CC2)s1,CHEMBL234
CHEMBL310680,O=C(N[C@H]1CC[C@H](CCN2CCN(c3ccc(Cl)cc3)CC2)CC1)C1CCCCC1,CHEMBL234
CHEMBL355371,c1ccc(N2CCN(CC[C@H]3CC[C@H](Nc4ncccn4)CC3)CC2)nc1,CHEMBL234
CHEMBL2113349,Cl.N#Cc1ccc2c(c1)CCN(CC[C@H]1CC[C@H](NC(=O)c3cc4ccccc4[nH]3)CC1)C2,CHEMBL234
CHEMBL2368612,Cl.N#Cc1ccc2c(c1)CCN(CC[C@H]1CC[C@H](NC(=O)/C=C/c3ccccc3)CC1)C2,CHEMBL234
CHEMBL96735,CCCN(CCC)C1CCc2c(ccc3ccoc23)C1,CHEMBL234
CHEMBL553591,Cl.N#Cc1ccc2c(c1)CN(CCCCNC(=O)/C=C/c1c[nH]c3ccccc13)CC2,CHEMBL234
CHEMBL2368611,Cl.N#Cc1ccc2c(c1)CCN(CC[C@H]1CC[C@H](NC(=O)/C=C/c3ccc(F)cc3)CC1)C2,CHEMBL234
CHEMBL165440,c1cnc(N[C@H]2CC[C@H](CCN3CCc4ccccc4C3)CC2)nc1,CHEMBL234
CHEMBL273273,CCCN(CCC)C1CCc2c(O)cccc2C1,CHEMBL234
CHEMBL2113350,Cl.N#Cc1ccc2c(c1)CN(CC[C@H]1CC[C@H](NC(=O)/C=C/c3ccccc3)CC1)CC2,CHEMBL234
CHEMBL2113352,CS(=O)(=O)c1cccc(/C=C/C(=O)N[C@H]2CC[C@H](CCN3CCc4cc(C#N)ccc4C3)CC2)c1.Cl,CHEMBL234
CHEMBL165679,c1ccc(N2CCN(CC[C@H]3CC[C@H](Nc4ncccn4)CC3)CC2)cc1,CHEMBL234
CHEMBL164792,COc1ccccc1N1CCN(CC[C@H]2CC[C@H](Nc3ncccn3)CC2)CC1,CHEMBL234
CHEMBL351617,COc1ccc(N2CCN(CC[C@H]3CC[C@H](Nc4ncccn4)CC3)CC2)cc1,CHEMBL234
CHEMBL350352,Clc1cccc(N2CCN(CC[C@H]3CC[C@H](Nc4ncccn4)CC3)CC2)c1Cl,CHEMBL234
CHEMBL309727,O=C(N[C@H]1CC[C@H](CCN2CCN(c3cccc(Cl)c3Cl)CC2)CC1)c1ccsc1,CHEMBL234
CHEMBL80875,Cc1cccc(N2CCN(CC[C@H]3CC[C@H](NC(=O)c4cccs4)CC3)CC2)c1,CHEMBL234
CHEMBL80615,Cc1ccc(N2CCN(CC[C@H]3CC[C@H](NC(=O)C4CCCCC4)CC3)CC2)cc1C,CHEMBL234
CHEMBL80315,CN(C(=O)c1cccs1)[C@H]1CC[C@H](CCN2CCN(c3cccc(Cl)c3Cl)CC2)CC1,CHEMBL234
CHEMBL301559,CCCN(CCC)[C@@H]1CCc2ccc(O)cc2C1,CHEMBL234
CHEMBL2113348,Cl.N#Cc1ccc2c(c1)CCN(CC[C@H]1CC[C@H](NC(=O)c3ccc4ccccc4c3)CC1)C2,CHEMBL234
CHEMBL314548,CCCN(CCC)C1CCc2ccc3occc3c2C1,CHEMBL234
CHEMBL312752,Cc1csc(C(=O)N[C@H]2CC[C@H](CCN3CCN(c4cccc(Cl)c4Cl)CC3)CC2)c1,CHEMBL234
CHEMBL309623,O=C(N[C@H]1CC[C@H](CCN2CCN(c3ccccc3)CC2)CC1)C1CCCCC1,CHEMBL234
CHEMBL2112078,Cl.N#Cc1ccc2c(c1)CN(CC[C@H]1CC[C@H](NC(=O)/C=C/c3c[nH]c4ccccc34)CC1)CC2,CHEMBL234
CHEMBL310204,O=C(N[C@H]1CC[C@H](CCN2CCN(c3ccccc3Cl)CC2)CC1)C1CCCCC1,CHEMBL234
CHEMBL552599,Cl.O=C(/C=C/c1c[nH]c2ccccc12)NCCCCN1CCc2ccc(OS(=O)(=O)C(F)(F)F)cc2C1,CHEMBL234
CHEMBL165056,FC(F)(F)c1cccc(N2CCN(CC[C@H]3CC[C@H](Nc4ncccn4)CC3)CC2)c1,CHEMBL234
CHEMBL78916,CC(=O)N[C@H]1CC[C@H](CCN2CCN(c3ccccc3)CC2)CC1,CHEMBL234
CHEMBL2110366,Cl.N#Cc1ccc2c(c1)CCN(CC[C@H]1CC[C@H](NC(=O)c3ccnc4ccccc34)CC1)C2,CHEMBL234
CHEMBL164604,C1=C(c2ccccc2)CCN(CC[C@H]2CC[C@H](Nc3ncccn3)CC2)C1,CHEMBL234
CHEMBL80571,O=C(NC1CCC(CCN2CCN(c3ccccc3)CC2)CC1)C1CCCCC1,CHEMBL234
CHEMBL78406,O=C(N[C@H]1CC[C@H](CCN2CCN(c3ccccn3)CC2)CC1)c1cccs1,CHEMBL234
CHEMBL312430,O=C(N[C@H]1CC[C@H](CCN2CCN(c3cccc(Cl)c3Cl)CC2)CC1)c1ccco1,CHEMBL234
CHEMBL78791,O=C(N[C@H]1CC[C@H](CCN2CCN(c3ccccc3)CC2)CC1)c1cccs1,CHEMBL234
CHEMBL349426,c1ccc(N2CCN(CC[C@H]3CC[C@H](Nc4ncnc5ccccc45)CC3)CC2)cc1,CHEMBL234
CHEMBL3084971,c1ccc(N2CCN(CC[C@H]3CC[C@@H](Nc4ncccn4)CC3)CC2)cc1,CHEMBL234
CHEMBL93186,CCCN(CCC)C1CCc2ccc3ccoc3c2C1,CHEMBL234
CHEMBL310158,O=C(NC1CCC(CCN2CCN(c3cccc(Cl)c3Cl)CC2)CC1)c1ccccc1,CHEMBL234
CHEMBL310577,COc1cccc(N2CCN(CC[C@H]3CC[C@H](NC(=O)c4cccs4)CC3)CC2)c1,CHEMBL234
CHEMBL78800,O=C(N[C@H]1CC[C@H](CCN2CCN(c3ccccc3Cl)CC2)CC1)c1cccs1,CHEMBL234
CHEMBL78617,O=C(N[C@H]1CC[C@H](CCN2CCN(c3cccc(Cl)c3Cl)CC2)CC1)C1CCCC1,CHEMBL234
CHEMBL78195,O=C(N[C@H]1CC[C@H](CCN2CCN(c3cccc(Cl)c3Cl)CC2)CC1)C1CCCCCC1,CHEMBL234
CHEMBL165689,c1cnc(N[C@H]2CC[C@H](CCN3CCN(c4cnccn4)CC3)CC2)nc1,CHEMBL234
CHEMBL56,CCCN(CCC)C1CCc2cccc(O)c2C1,CHEMBL234
CHEMBL312803,COc1ccc(N2CCN(CC[C@H]3CC[C@H](NC(=O)c4cccs4)CC3)CC2)cc1,CHEMBL234
CHEMBL2113351,Cl.N#Cc1ccc2c(c1)CCN(CC[C@H]1CC[C@H](NC(=O)c3cccc4ccccc34)CC1)C2,CHEMBL234
CHEMBL165140,c1ccc(N2CCN(CCC[C@H]3CC[C@H](Nc4ncccn4)CC3)CC2)cc1,CHEMBL234
CHEMBL309501,Cc1ccccc1N1CCN(CC[C@H]2CC[C@H](NC(=O)c3cccs3)CC2)CC1,CHEMBL234
CHEMBL165047,CN(c1ncccn1)[C@H]1CC[C@H](CCN2CCN(c3ccccc3)CC2)CC1,CHEMBL234
CHEMBL285755,CCCN(CCC)C1CCc2ccc(O)cc2C1,CHEMBL234
CHEMBL77411,O=C(N[C@H]1CC[C@H](CCN2CCN(c3cccc(Cl)c3Cl)CC2)CC1)C12CC3CC(CC(C3)C1)C2,CHEMBL234
CHEMBL78950,COc1ccccc1N1CCN(CC[C@H]2CC[C@H](NC(=O)c3cccs3)CC2)CC1,CHEMBL234
CHEMBL78368,O=C(N[C@H]1CC[C@H](CCN2CCN(c3cccc(Cl)c3)CC2)CC1)c1cccs1,CHEMBL234
CHEMBL433002,CCCN(CCC)[C@@H]1CCc2c(ccc3ccoc23)[C@@H]1C,CHEMBL234
CHEMBL139600,COc1ccccc1N1CCN(CCCCCNC(=O)c2cnn3ccccc23)CC1,CHEMBL234
CHEMBL279247,Cc1nn(C2CCN(Cc3ccccc3)CC2)cc1-c1ccccc1,CHEMBL234
CHEMBL59725,O=C(NCCCCN1CCN(c2cccc(Cl)c2Cl)CC1)c1cc2ccccc2s1,CHEMBL234
CHEMBL42,CN1CCN(C2=Nc3cc(Cl)ccc3Nc3ccccc32)CC1,CHEMBL234
CHEMBL25236,COc1ccccc1N1CCN(CCCCNC(=O)c2ccc3ccccc3c2)CC1,CHEMBL234
CHEMBL25236,COc1ccccc1N1CCN(CCCCNC(=O)c2ccc3ccccc3c2)CC1,CHEMBL234
CHEMBL83658,CN(C)CC1CC2c3ccccc3Cc3ccccc3N2O1,CHEMBL234
CHEMBL143352,COc1ccccc1N1CCN(CCCCNC(=O)c2cccn3nccc23)CC1,CHEMBL234
CHEMBL139926,O=C(NCCCCN1CCN(c2cccc(Cl)c2Cl)CC1)c1cc2ccccc2o1,CHEMBL234
CHEMBL140968,COc1ccccc1N1CCN(CCCCCNC(=O)c2cc3ccccn3n2)CC1,CHEMBL234
CHEMBL141419,COc1ccccc1N1CCN(CCCCNC(=O)c2cc3ccccc3[te]2)CC1,CHEMBL234
CHEMBL342060,COc1ccccc1N1CCN(CCCCNC(=O)c2ccn3nccc3c2)CC1,CHEMBL234
CHEMBL337531,O=C(NCCCCN1CCN(c2cccc(Cl)c2Cl)CC1)c1cc2ccccc2[te]1,CHEMBL234
CHEMBL151475,O=c1c(CO)coc2cc(OCCCN3CCC(c4noc5cc(F)ccc45)CC3)ccc12,CHEMBL234
CHEMBL336930,COc1ccccc1N1CCN(CCCCNC(=O)c2ccc3ccnn3c2)CC1,CHEMBL234
CHEMBL140612,COc1ccccc1N1CCN(CCCNC(=O)c2cnn3ccccc23)CC1,CHEMBL234
CHEMBL315772,CN(C)CC1CC2c3ccccc3Cc3ccc(Cl)cc3N2O1,CHEMBL234
CHEMBL85,Cc1nc2n(c(=O)c1CCN1CCC(c3noc4cc(F)ccc34)CC1)CCCC2,CHEMBL234
CHEMBL287412,Cc1nn(C2CCN(Cc3cccc(Cl)c3)CC2)cc1-c1ccccc1,CHEMBL234
CHEMBL240773,CCCN1CCC[C@@H]2Cc3n[nH]cc3C[C@H]21,CHEMBL234
CHEMBL423735,COc1ccccc1N1CCN(CCCCNC(=O)c2cnn3ccccc23)CC1,CHEMBL234
CHEMBL424294,COc1ccccc1N1CCN(CCCCNC(=O)c2cc3ccccc3s2)CC1,CHEMBL234
CHEMBL424294,COc1ccccc1N1CCN(CCCCNC(=O)c2cc3ccccc3s2)CC1,CHEMBL234
CHEMBL344677,COc1ccccc1N1CCN(CCCCNC(=O)c2cccc3ccnn23)CC1,CHEMBL234
CHEMBL26120,Cc1nn(C2CCN(Cc3cccc(C#N)c3)CC2)cc1-c1ccccc1,CHEMBL234
CHEMBL139722,COc1ccccc1N1CCN(CCNC(=O)c2cc3ccccn3n2)CC1,CHEMBL234
CHEMBL142020,COc1ccccc1N1CCN(CCCCNC(=O)c2cc3ccccn3n2)CC1,CHEMBL234
CHEMBL142020,COc1ccccc1N1CCN(CCCCNC(=O)c2cc3ccccn3n2)CC1,CHEMBL234
CHEMBL124444,COc1ccccc1N1CCN(CCCCNC(=O)c2cc3ccccc3o2)CC1,CHEMBL234
CHEMBL124444,COc1ccccc1N1CCN(CCCCNC(=O)c2cc3ccccc3o2)CC1,CHEMBL234
CHEMBL305392,N#Cc1ccc2c(c1)C1CN(Cc3ccccc3)CC1CC2,CHEMBL234
CHEMBL413275,CC(=O)Nc1ccc(CN2C[C@H]3COc4ccc(C#N)cc4[C@@H]3C2)cc1,CHEMBL234
CHEMBL126474,COc1ccccc1N1CCN(CCCCNC(=O)c2ccc(C(C)=O)cc2)CC1,CHEMBL234
CHEMBL126948,COc1ccccc1N1CCN(CCCCNC(=O)c2ccc(C(=O)c3ccccc3)cc2)CC1.O=C(O)C(=O)O,CHEMBL234
CHEMBL127114,COc1ccccc1N1CCN(CCCCNC(=O)C2CC2c2ccccc2)CC1.O=C(O)C(=O)O,CHEMBL234
CHEMBL127311,COc1ccc(/C=C/C(=O)NCCCCN2CCN(c3ccccc3OC)CC2)cc1,CHEMBL234
CHEMBL292485,N#Cc1ccc2c(c1)OCC1CN(Cc3ccccc3)CC21,CHEMBL234
CHEMBL263058,COc1ccccc1N1CCN(CCCNC(=O)c2ccccc2I)CC1.O=C(O)C(=O)O,CHEMBL234
CHEMBL125525,COc1ccccc1N1CCN(CCCCNC(=O)c2coc3ccccc3c2=O)CC1.O=C(O)C(=O)O,CHEMBL234
CHEMBL340173,COc1ccccc1N1CCN(CCCCNC(=O)CCc2ccccc2)CC1.O=C(O)C(=O)O,CHEMBL234
CHEMBL126128,COc1ccccc1N1CCN(CCCCNC(=O)/C=C/c2ccccc2)CC1.O=C(O)C(=O)O,CHEMBL234
CHEMBL304856,c1ccc(CN2CC3COc4ccccc4C3C2)cc1,CHEMBL234
CHEMBL64721,N#Cc1ccc2c(c1)C1CN(Cc3ccc(F)cc3)CC1CO2,CHEMBL234
CHEMBL66080,N#Cc1ccc2c(c1)[C@@H]1CN(CCCCNC(=O)c3ccc(-c4ccccc4)cc3)C[C@H]1CO2,CHEMBL234
CHEMBL127807,COc1ccccc1N1CCN(Cc2cccc(CNC(=O)c3ccc4ccccc4c3)c2)CC1.O=C(O)C(=O)O,CHEMBL234
CHEMBL129483,COc1ccccc1N1CCN(CCCCNC(=O)c2ccc(-c3ccccc3)cc2)CC1.O=C(O)C(=O)O,CHEMBL234
CHEMBL127230,COc1ccccc1N1CCN(CCCCNC(=O)/C=C/c2ccc(Oc3ccccc3)cc2)CC1,CHEMBL234
CHEMBL338841,COc1ccccc1N1CCN(CCCCNC(=O)/C=C/c2cccc(I)c2)CC1,CHEMBL234
CHEMBL338063,COc1ccccc1N1CCN(CCCCNC(=O)/C=C/c2ccc(Cl)cc2Cl)CC1.O=C(O)C(=O)O,CHEMBL234
CHEMBL65071,CC(=O)Nc1ccc(CN2CC3COc4ccc(C#N)cc4C3C2)cc1,CHEMBL234
CHEMBL99198,O=C(NCCCCN1CCC[C@H]2c3cccc(O)c3CC[C@@H]21)c1ccc(-c2ccccc2)cc1,CHEMBL234
CHEMBL127080,COc1ccccc1N1CCN(CCCCNC(=O)C2(c3ccc(Cl)cc3)CCCC2)CC1.O=C(O)C(=O)O,CHEMBL234
CHEMBL126136,COc1ccccc1N1CCN(CCCCNC(=O)c2ccccc2I)CC1,CHEMBL234
CHEMBL126780,COc1ccccc1N1CCN(CCCCNC(=O)c2cc3ccccc3oc2=O)CC1,CHEMBL234
CHEMBL126331,COc1ccc2cc([C@H](C)C(=O)NCCCN3CCN(c4ccccc4OC)CC3)ccc2c1.O=C(O)C(=O)O,CHEMBL234
CHEMBL340712,COc1ccccc1N1CCN(CCCCNC(=O)/C=C/c2ccc(I)cc2)CC1,CHEMBL234
CHEMBL129606,COc1ccccc1N1CCN(CCCNC(=O)c2cccc(I)c2)CC1.O=C(O)C(=O)O,CHEMBL234
CHEMBL126439,COc1ccccc1N1CCN(CCCCNC(=O)c2ccc3ccccc3n2)CC1.O=C(O)C(=O)O,CHEMBL234
CHEMBL129429,COc1ccccc1N1CCN(CCCCNC(=O)/C=C/c2ccc(C(F)(F)F)cc2)CC1,CHEMBL234
CHEMBL126342,COc1ccccc1N1CCN(CCCCNC(=O)/C=C/c2cccc(Oc3ccccc3)c2)CC1.O=C(O)C(=O)O,CHEMBL234
CHEMBL126892,COc1ccccc1N1CCN(CCCCNC(=O)c2nccc3ccccc23)CC1.O=C(O)C(=O)O,CHEMBL234
CHEMBL126656,COc1ccccc1N1CCN(CCCNC(=O)Cc2cccc3ccccc23)CC1.O=C(O)C(=O)O,CHEMBL234
CHEMBL126441,COc1ccccc1/C=C/C(=O)NCCCCN1CCN(c2ccccc2OC)CC1,CHEMBL234
CHEMBL421085,COc1ccccc1N1CCN(CCCCNC(=O)/C=C/c2ccc(Cl)c(Cl)c2)CC1.O=C(O)C(=O)O,CHEMBL234
CHEMBL126632,COc1ccccc1N1CCN(CCCCN2C(=O)c3ccccc3C2=O)CC1.O=C(O)C(=O)O,CHEMBL234
CHEMBL418321,Brc1ccc2c(c1)C1CN(Cc3ccccc3)CC1CO2,CHEMBL234
CHEMBL127029,COc1ccccc1N1CCN(CCCCNC(=O)c2ccc(-c3ccc(Cl)cc3)o2)CC1.O=C(O)C(=O)O,CHEMBL234
CHEMBL65122,N#Cc1ccc2c(c1)[C@@H]1CN(Cc3ccc(F)cc3)C[C@H]1CO2,CHEMBL234
CHEMBL303979,Fc1ccc2c(c1)C1CN(Cc3ccccc3)CC1CO2,CHEMBL234
CHEMBL443006,CS(=O)(=O)Nc1ccc(CCN2CC3COc4ccc(C#N)cc4C3C2)cc1,CHEMBL234
CHEMBL2112210,N#Cc1ccc2c(c1)[C@H]1CN(CCCCNC(=O)c3ccc(-c4ccc(N)cc4)cc3)C[C@@H]1CO2,CHEMBL234
CHEMBL129502,COc1ccccc1N1CCN(CCCCN2C(=O)C=C(c3ccccc3)C2=O)CC1.O=C(O)C(=O)O,CHEMBL234
CHEMBL59,NCCc1ccc(O)c(O)c1,CHEMBL234
CHEMBL59,NCCc1ccc(O)c(O)c1,CHEMBL234
CHEMBL59,NCCc1ccc(O)c(O)c1,CHEMBL234
CHEMBL126502,COc1ccccc1N1CCN(CCCCNC(=O)c2cccc(I)c2)CC1.O=C(O)C(=O)O,CHEMBL234
CHEMBL126746,COc1ccccc1N1CCN(CCCCNC(=O)/C=C/c2ccc(-c3ccccc3)cc2)CC1,CHEMBL234
CHEMBL125459,COc1ccccc1N1CCN(CCCCNC(=O)/C=C/c2cccc3c2OCO3)CC1,CHEMBL234
CHEMBL341299,COc1ccccc1N1CCN(CCCCNC(=O)/C=C/c2ccco2)CC1.O=C(O)C(=O)O,CHEMBL234
CHEMBL293159,N#Cc1ccc2c(c1)[C@H]1CN(Cc3ccccc3)C[C@@H]1CO2,CHEMBL234
CHEMBL436157,CCCN1CC2COc3ccc(C#N)cc3C2C1,CHEMBL234
CHEMBL163087,CCCN(CCC)C1CC=C(C#C[Si](C)(C)C)CC1,CHEMBL234
CHEMBL163087,CCCN(CCC)C1CC=C(C#C[Si](C)(C)C)CC1,CHEMBL234
CHEMBL126313,COc1ccccc1N1CCN(CCCCNC(=O)c2sc3ccccc3c2Cl)CC1,CHEMBL234
CHEMBL339103,COc1ccccc1N1CCN(CCCCNC(=O)Cc2ccc3ccccc3c2)CC1.O=C(O)C(=O)O,CHEMBL234
CHEMBL291417,Clc1ccc2c(c1)C1CN(Cc3ccccc3)CC1CO2,CHEMBL234
CHEMBL59662,COc1ccc2c(c1)OCC1CN(Cc3ccccc3)CC21,CHEMBL234
CHEMBL64157,N#Cc1ccc2c(c1)[C@H]1CN(Cc3ccc(F)cc3)C[C@@H]1CO2,CHEMBL234
CHEMBL277790,N#Cc1ccc2c(c1)C1CN(CCCCNC(=O)c3ccc(-c4ccccc4)cc3)CC1CO2,CHEMBL234
CHEMBL338606,COc1ccccc1N1CCN(CCCCNC(=O)/C=C/c2ccc(F)cc2)CC1,CHEMBL234
CHEMBL127038,COc1ccccc1N1CCN(CCCCNC(=O)/C=C/c2ccc3c(c2)OCO3)CC1,CHEMBL234
CHEMBL418671,CC(=O)Nc1ccc(CCN2C[C@@H]3COc4ccc(C#N)cc4[C@H]3C2)cc1,CHEMBL234
CHEMBL162762,C#CC1=CCC(N(CCC)CCC)CC1,CHEMBL234
CHEMBL162762,C#CC1=CCC(N(CCC)CCC)CC1,CHEMBL234
CHEMBL128133,COc1ccccc1N1CCN(CCCNC(=O)Cc2ccc3ccccc3c2)CC1.O=C(O)C(=O)O,CHEMBL234
CHEMBL129465,COc1ccccc1N1CCN(CCCCNC(=O)/C=C/c2ccc([N+](=O)[O-])cc2)CC1.O=C(O)C(=O)O,CHEMBL234
CHEMBL339062,COc1ccccc1N1CCN(CCCCNC(=O)/C=C/c2ccc(C=O)cc2)CC1.O=C(O)C(=O)O,CHEMBL234
CHEMBL127912,COc1ccccc1N1CCN(CCCCNC(=O)/C=C/c2cccc(Cl)c2)CC1.O=C(O)C(=O)O,CHEMBL234
CHEMBL338552,COc1ccccc1N1CCN(CCCCNC(=O)/C=C/c2cccs2)CC1.O=C(O)C(=O)O,CHEMBL234
CHEMBL125580,COc1ccccc1N1CCN(CCCCN2C(=O)c3cc4ccccc4cc3C2=O)CC1,CHEMBL234
CHEMBL279247,Cc1nn(C2CCN(Cc3ccccc3)CC2)cc1-c1ccccc1,CHEMBL234
CHEMBL294275,COc1ccc2c(c1)C1CN(Cc3ccccc3)CC1CO2,CHEMBL234
CHEMBL62823,CC(=O)Nc1ccc(CCN2C[C@H]3COc4ccc(C#N)cc4[C@@H]3C2)cc1,CHEMBL234
CHEMBL27254,COc1ccccc1N1CCN(CCCCNC(=O)c2ccc(I)cc2)CC1,CHEMBL234
CHEMBL125676,COc1ccccc1N1CCN(CCCCNC(=O)/C=C/c2ccc(C(C)(C)C)cc2)CC1.O=C(O)C(=O)O,CHEMBL234
CHEMBL126280,COc1ccccc1N1CCN(CCCCNC(=O)/C=C/c2ccsc2)CC1,CHEMBL234
CHEMBL294515,N#Cc1ccc2c(c1)[C@@H]1CN(Cc3ccccc3)C[C@H]1CO2,CHEMBL234
CHEMBL418321,Brc1ccc2c(c1)C1CN(Cc3ccccc3)CC1CO2,CHEMBL234
CHEMBL62416,CC(=O)Nc1ccc(CN2C[C@@H]3COc4ccc(C#N)cc4[C@H]3C2)cc1,CHEMBL234
CHEMBL302416,N#Cc1ccc2c(c1)C1CN(Cc3ccccc3)CC1CO2,CHEMBL234
CHEMBL341134,COc1ccccc1N1CCN(CCCCNC(=O)/C=C/c2ccc(Br)cc2)CC1.O=C(O)C(=O)O,CHEMBL234
CHEMBL340851,COc1ccccc1N1CCN(CCCCNC(=O)/C=C/c2ccc(OCc3ccccc3)cc2)CC1,CHEMBL234
CHEMBL415520,COc1ccccc1N1CCN(CCCCNC(=O)/C=C/c2cccc(C(F)(F)F)c2)CC1.O=C(O)C(=O)O,CHEMBL234
CHEMBL61565,CC(=O)Nc1ccc(CCN2CC3COc4ccc(C#N)cc4C3C2)cc1,CHEMBL234
CHEMBL129035,COc1ccccc1N1CCN(CCCCNC(=O)/C=C/c2ccc(/C=C/C(=O)NCCCCN3CCN(c4ccccc4OC)CC3)cc2)CC1,CHEMBL234
CHEMBL126258,COc1ccccc1N1CCN(CCCCNC(=O)c2ccc(Cl)cc2)CC1.O=C(O)C(=O)O,CHEMBL234
CHEMBL129022,COc1ccccc1N1CCN(CCCCNC(=O)c2cc3ccccc3cn2)CC1.O=C(O)C(=O)O,CHEMBL234
CHEMBL341241,COc1ccccc1N1CCN(CCCCNC(=O)/C=C/c2ccc(C#N)cc2)CC1.O=C(O)C(=O)O,CHEMBL234
CHEMBL341542,COc1ccccc1N1CCN(CCCCNC(=O)/C=C/c2cccnc2)CC1.O=C(O)C(=O)O,CHEMBL234
CHEMBL129767,COc1ccccc1N1CCN(CCCCNC(=O)/C=C/C=C/c2ccccc2)CC1,CHEMBL234
CHEMBL126285,COc1ccccc1N1CCN(CCCCN2C(=O)c3cccc4cccc(c34)C2=O)CC1,CHEMBL234
CHEMBL302416,N#Cc1ccc2c(c1)C1CN(Cc3ccccc3)CC1CO2,CHEMBL234
CHEMBL127288,COc1ccccc1N1CCN(CCCCNC(=O)c2ccc(C(C)(C)C)cc2)CC1,CHEMBL234
CHEMBL340608,COc1ccccc1N1CCN(CCCCNC(=O)/C=C/c2ccccc2I)CC1,CHEMBL234
CHEMBL127923,COc1ccccc1N1CCN(CCCCNC(=O)/C=C/c2cc(I)c(OC)c(OC)c2)CC1.O=C(O)C(=O)O,CHEMBL234
CHEMBL126749,COc1ccccc1N1CCN(CCCCNC(=O)/C=C/c2ccc3ccccc3c2)CC1,CHEMBL234
CHEMBL434403,CC(=O)c1ccc(C(=O)Nc2ccc(CCN3CC4COc5ccc(C#N)cc5C4C3)cc2)cc1,CHEMBL234
CHEMBL340313,COc1ccccc1N1CCN(C2CC3CC(NC(=O)c4ccc5ccccc5c4)CC3C2)CC1.O=C(O)C(=O)O,CHEMBL234
CHEMBL127654,COc1ccccc1N1CCN(CCCCNC(=O)/C=C/c2ccccc2Cl)CC1.O=C(O)C(=O)O,CHEMBL234
CHEMBL65280,N#Cc1ccc2c(c1)[C@H]1CN(CCCCNC(=O)c3ccc(-c4ccccc4)cc3)C[C@@H]1CO2,CHEMBL234
CHEMBL25236,COc1ccccc1N1CCN(CCCCNC(=O)c2ccc3ccccc3c2)CC1,CHEMBL234
CHEMBL126834,COc1ccccc1N1CCN(CCCCNC(=O)c2cccc3c2-c2ccccc2C3=O)CC1,CHEMBL234
CHEMBL339620,COc1ccccc1N1CCN(Cc2ccc(CNC(=O)c3ccc4ccccc4c3)cc2)CC1.O=C(O)C(=O)O,CHEMBL234
CHEMBL126725,COc1ccccc1N1CCN(CCCCNC(=O)/C=C/c2ccc(Cl)cc2)CC1.O=C(O)C(=O)O,CHEMBL234
CHEMBL419760,CCS(=O)(=O)c1ccc(OC)c(-c2ccc(CN3CCc4ccccc4C3)[nH]2)c1,CHEMBL234
CHEMBL113606,CCN(Cc1ccc(-c2cc(S(=O)(=O)CC)ccc2OC)[nH]1)Cc1ccccc1Cl,CHEMBL234
CHEMBL138989,C[C@@H]1C[C@@H](C)N1C(=O)[C@@H]1C=C2c3cccc4[nH]cc(c34)CC2N(C)C1,CHEMBL234
CHEMBL112219,CCS(=O)(=O)c1ccc(OC)c(-c2ccc(CN3CCCCCC3c3ccc(C)cc3)[nH]2)c1,CHEMBL234
CHEMBL325859,CCS(=O)(=O)c1ccc(OC)c(-c2ccc(CN3CCCCCC3c3ccc(OC)cc3)[nH]2)c1,CHEMBL234
CHEMBL111884,CCN1[C@H](c2ccccc2)CC[C@H]1c1ccc(-c2cc(S(=O)(=O)CC)ccc2OC)[nH]1,CHEMBL234
CHEMBL21967,CCN(Cc1ccccc1)Cc1ccc(-c2cc(S(=O)(=O)CC)ccc2OC)[nH]1,CHEMBL234
CHEMBL109532,CCN(Cc1ccc(-c2cc(S(=O)(=O)CC)ccc2OC)[nH]1)[C@H](C)c1ccccc1,CHEMBL234
CHEMBL325060,CCS(=O)(=O)c1ccc(OC)c(-c2ccc(CN3CCCCCC3c3ccccc3C)[nH]2)c1,CHEMBL234
CHEMBL113229,CCN(Cc1ccc2c(c1)OCO2)Cc1ccc(-c2cc(S(=O)(=O)CC)ccc2OC)[nH]1,CHEMBL234
CHEMBL322070,CCN(Cc1ccc(Cl)cc1)Cc1ccc(-c2cc(S(=O)(=O)CC)ccc2OC)[nH]1,CHEMBL234
CHEMBL325658,CCS(=O)(=O)c1ccc(OC)c(-c2ccc(CN3CCCCCC3c3cccc(OC)c3)[nH]2)c1,CHEMBL234
CHEMBL332270,CCN(Cc1cccc(Cl)c1)Cc1ccc(-c2cc(S(=O)(=O)CC)ccc2OC)[nH]1,CHEMBL234
CHEMBL112735,CCN(Cc1ccc(OC)cc1)Cc1ccc(-c2cc(S(=O)(=O)CC)ccc2OC)[nH]1,CHEMBL234
CHEMBL324044,CCN(Cc1ccc(OC)c(OC)c1)Cc1ccc(-c2cc(S(=O)(=O)CC)ccc2OC)[nH]1,CHEMBL234
CHEMBL321244,CCN(Cc1ccc(-c2cc(S(=O)(=O)CC)ccc2OC)[nH]1)[C@@H](C)c1ccccc1,CHEMBL234
CHEMBL112505,CCN(Cc1cccc(OC)c1)Cc1ccc(-c2cc(S(=O)(=O)CC)ccc2OC)[nH]1,CHEMBL234
CHEMBL263881,CCN(CC)C(=O)[C@@H]1C=C2c3cccc4[nH]cc(c34)C[C@H]2N(C)C1,CHEMBL234
CHEMBL112705,CCN(Cc1ccc(C)cc1)Cc1ccc(-c2cc(S(=O)(=O)CC)ccc2OC)[nH]1,CHEMBL234
CHEMBL326662,CCS(=O)(=O)c1ccc(OC)c(-c2ccc(C3CCCN3Cc3ccccc3)[nH]2)c1,CHEMBL234
CHEMBL2367896,CCN1[C@@H](c2ccc(-c3cc(S(=O)(=O)CC)ccc3OC)[nH]2)CC[C@H]1c1ccccc1,CHEMBL234
CHEMBL113524,CCN(Cc1ccc(-c2cc(S(=O)(=O)CC)ccc2OC)[nH]1)C1CCCc2ccccc21,CHEMBL234
CHEMBL343755,C[C@H]1C[C@H](C)N1C(=O)[C@@H]1C=C2c3cccc4[nH]cc(c34)CC2N(C)C1,CHEMBL234
CHEMBL323817,CCN(Cc1ccc(-c2cc(S(=O)(=O)CC)ccc2OC)[nH]1)C1CCc2ccccc21,CHEMBL234
CHEMBL110793,CCN(Cc1ccc(-c2cc(S(=O)(=O)CC)ccc2OC)[nH]1)Cc1ccccc1OC,CHEMBL234
CHEMBL112268,CCN(Cc1cccc(C)c1)Cc1ccc(-c2cc(S(=O)(=O)CC)ccc2OC)[nH]1,CHEMBL234
CHEMBL137781,C[C@@H]1C[C@H](C)N1C(=O)[C@@H]1C=C2c3cccc4[nH]cc(c34)CC2N(C)C1,CHEMBL234
CHEMBL22156,CCS(=O)(=O)c1ccc(OC)c(-c2ccc(CN3CCCCCC3c3ccccc3)[nH]2)c1,CHEMBL234
CHEMBL113523,CCN(Cc1ccc(-c2cc(S(=O)(=O)CC)ccc2OC)[nH]1)Cc1ccccc1C,CHEMBL234
CHEMBL103912,CCCN(CCC)CC1CCc2ccsc2C1,CHEMBL234
CHEMBL103441,CCCN(CCc1ccsc1)CCc1cccs1,CHEMBL234
CHEMBL105623,CCCN(CCc1ccsc1)CCc1ccsc1,CHEMBL234
CHEMBL322638,CCCN1CC(c2ccccc2)OC2c3cc(O)ccc3CCC21,CHEMBL234
CHEMBL91669,Cn1c(-c2ccccc2)cn(C2CCN(Cc3ccccc3)CC2)c1=O,CHEMBL234
CHEMBL94283,Cc1c(-c2cccc(Cl)c2)nc(O)n1C1CCN(Cc2ccccc2)CC1,CHEMBL234
CHEMBL102582,CCCN1CCOC2c3cc(O)ccc3CCC21,CHEMBL234
CHEMBL328739,Cc1c(-c2ccccc2)n(C)c(=O)n1C1CCN(Cc2ccccc2)CC1,CHEMBL234
CHEMBL42,CN1CCN(C2=Nc3cc(Cl)ccc3Nc3ccccc32)CC1,CHEMBL234
CHEMBL92859,Cc1cccc(CN2CCC(n3c(O)nc(-c4ccccc4)c3C)CC2)c1,CHEMBL234
CHEMBL1303,CCCN(CCc1cccs1)[C@H]1CCc2c(O)cccc2C1,CHEMBL234
CHEMBL91498,CCc1c(-c2ccccc2)nc(O)n1C1CCN(Cc2ccccc2)CC1,CHEMBL234
CHEMBL103622,CCCN(CCC)C1CCc2sccc2C1,CHEMBL234
CHEMBL90005,Cc1c(-c2cccs2)nc(O)n1C1CCN(Cc2ccccc2)CC1,CHEMBL234
CHEMBL301559,CCCN(CCC)[C@@H]1CCc2ccc(O)cc2C1,CHEMBL234
CHEMBL91162,Cc1c(-c2ccccc2)nc(O)n1C1CCN(Cc2ccccc2)CC1,CHEMBL234
CHEMBL103857,CCCN(CCC)C1CCc2ccsc2C1,CHEMBL234
CHEMBL102632,CCCN1CCOC2c3ccsc3CCC21,CHEMBL234
CHEMBL93432,Cc1c(-c2ccccc2)n(-c2ccccc2)c(=O)n1C1CCN(Cc2ccccc2)CC1,CHEMBL234
CHEMBL102414,Oc1ccc2c(c1)C1OCCN(CCc3cccs3)C1CC2,CHEMBL234
CHEMBL89971,Cc1c(-c2ccccc2Cl)nc(O)n1C1CCN(Cc2ccccc2)CC1,CHEMBL234
CHEMBL104135,CCCN(CCC)CC1CCc2sccc2C1,CHEMBL234
CHEMBL15136,CCCN(CCC)[C@@H]1Cc2cccc(O)c2C[C@H]1C,CHEMBL234
CHEMBL263162,Cc1ccc(-c2nc(O)n(C3CCN(Cc4ccccc4)CC3)c2C)cc1,CHEMBL234
CHEMBL93969,Cc1c(-c2ccccc2)nc(O)n1C1CCN(Cc2ccc(Cl)cc2)CC1,CHEMBL234
CHEMBL8946,CCc1cc(Cl)c(OC)c(C(=O)NC[C@@H]2CCCN2CC)c1O,CHEMBL234
CHEMBL341578,CN(C)C(=O)C1(c2ccc(Cl)cc2)CCN(CCCC(=O)c2ccc(F)cc2)CC1,CHEMBL234
CHEMBL8809,CCN1CCC[C@H]1CNC(=O)c1c(O)c(Cl)cc(Cl)c1OC,CHEMBL234
CHEMBL53,CN1CCc2cccc3c2[C@H]1Cc1ccc(O)c(O)c1-3,CHEMBL234
CHEMBL85,Cc1nc2n(c(=O)c1CCN1CCC(c3noc4cc(F)ccc34)CC1)CCCC2,CHEMBL234
CHEMBL418854,COc1ccccc1N1CCC(CNCC2COc3ccc(Cl)cc3O2)CC1,CHEMBL234
CHEMBL286252,CCCCN1CCCC1CNC(=O)c1cc(C#N)c2ccccc2c1OC,CHEMBL234
CHEMBL445102,OC1(c2ccc(Cl)cc2)CCN(Cc2c[nH]c3ccccc23)CC1,CHEMBL234
CHEMBL445102,OC1(c2ccc(Cl)cc2)CCN(Cc2c[nH]c3ccccc23)CC1,CHEMBL234
CHEMBL285802,CN(C)CCOC1=Cc2ccccc2Sc2ccc(Cl)cc21,CHEMBL234
CHEMBL433002,CCCN(CCC)[C@@H]1CCc2c(ccc3ccoc23)[C@@H]1C,CHEMBL234
CHEMBL13828,O=c1[nH]c2ccccc2n1CCCN1CCN(C(c2ccccc2)c2ccccc2)CC1,CHEMBL234
CHEMBL276500,CCCN1CCCC(c2cccc(O)c2)C1,CHEMBL234
CHEMBL136711,O=C(CCCN1CCN2Cc3[nH]c4ccccc4c3CC2C1)c1ccc(F)cc1,CHEMBL234
CHEMBL341774,O=C(CCCN1CCN2c3ccccc3CCC2C1)c1ccc(F)cc1,CHEMBL234
CHEMBL715,Cc1cc2c(s1)Nc1ccccc1N=C2N1CCN(C)CC1,CHEMBL234
CHEMBL219916,O=c1[nH]c2ccccc2n1CCCN1CCC(n2c(=O)[nH]c3cc(Cl)ccc32)CC1,CHEMBL234
CHEMBL335545,C1=C(c2ccccc2)CCN(C[C@@H]2CCC=C(c3ccccc3)C2)C1,CHEMBL234
CHEMBL836,CCOc1ccccc1OCCN[C@H](C)Cc1ccc(OC)c(S(N)(=O)=O)c1,CHEMBL234
CHEMBL26,CCN1CCCC1CNC(=O)c1cc(S(N)(=O)=O)ccc1OC,CHEMBL234
CHEMBL301559,CCCN(CCC)[C@@H]1CCc2ccc(O)cc2C1,CHEMBL234
CHEMBL708,O=C1Cc2cc(CCN3CCN(c4nsc5ccccc45)CC3)c(Cl)cc2N1,CHEMBL234
CHEMBL267930,O=C(CCCN1CCC2(CC1)C(=O)NCN2c1ccccc1)c1ccc(F)cc1,CHEMBL234
CHEMBL136961,O=C(CCCCN1CCN2c3ccccc3CCC2C1)c1ccccc1,CHEMBL234
CHEMBL107492,CCCN1CCCC(c2cccc(C#N)c2)C1,CHEMBL234
CHEMBL27441,CCCN[C@@H]1CCc2c(OC)cccc2[C@@H]1C,CHEMBL234
CHEMBL54,O=C(CCCN1CCC(O)(c2ccc(Cl)cc2)CC1)c1ccc(F)cc1,CHEMBL234
CHEMBL42,CN1CCN(C2=Nc3cc(Cl)ccc3Nc3ccccc32)CC1,CHEMBL234
CHEMBL64553,Oc1ccc2c(c1)O[C@@H](CNCc1ccccc1)CC2,CHEMBL234
CHEMBL54,O=C(CCCN1CCC(O)(c2ccc(Cl)cc2)CC1)c1ccc(F)cc1,CHEMBL234
CHEMBL309106,CC(C)Oc1ccccc1N1CCN(C[C@@H](O)CNC(=O)c2ccc3c(c2)C(=O)N(c2ccc(N(C)C)cc2)C3=O)CC1,CHEMBL234
CHEMBL335570,CCCN1CCOC2c3cc(O)ccc3OC[C@H]21,CHEMBL234
CHEMBL71,CN(C)CCCN1c2ccccc2Sc2ccc(Cl)cc21,CHEMBL234
CHEMBL335545,C1=C(c2ccccc2)CCN(C[C@@H]2CCC=C(c3ccccc3)C2)C1,CHEMBL234
CHEMBL86,CCN(CC)CCNC(=O)c1cc(Cl)c(N)cc1OC,CHEMBL234
CHEMBL140184,CCCN(CCC)C1CCc2cc3c(cc2C1)OCC3,CHEMBL234
CHEMBL42,CN1CCN(C2=Nc3cc(Cl)ccc3Nc3ccccc32)CC1,CHEMBL234
CHEMBL367129,CC(=O)c1ccc(-c2ccc(C(=O)NCCCCN3CCc4ccc(OS(=O)(=O)C(F)(F)F)cc4C3)cc2)cc1,CHEMBL234
CHEMBL291545,O=C(/C=C/c1ccc2[nH]ccc2c1)NCCCCN1CCc2ccc(OS(=O)(=O)C(F)(F)F)cc2C1,CHEMBL234
CHEMBL432713,O=C(/C=C/c1ccc(Cl)c(Cl)c1)NCCCCCN1CCC(c2c[nH]c3ccc(O)cc23)CC1,CHEMBL234
CHEMBL73665,COc1ccccc1N1CCN(CCCCNC(=O)c2ccc(-c3ccc(N)cc3)cc2)CC1,CHEMBL234
CHEMBL52987,COc1ccc(/C=C/C(=O)NCCCCN2CCc3ccc(OS(=O)(=O)C(F)(F)F)cc3C2)cc1,CHEMBL234
CHEMBL55840,O=C(/C=C/c1ccc2ccccc2c1)NCCCCN1CCc2ccc(OS(=O)(=O)C(F)(F)F)cc2C1,CHEMBL234
CHEMBL52901,O=C(/C=C/c1cnc2ccccc2c1)NCCCCN1CCc2ccc(OS(=O)(=O)C(F)(F)F)cc2C1,CHEMBL234
CHEMBL413343,CNc1cc(OC)c(C(=O)NC[C@H]2CN(Cc3ccccc3)C[C@@H]2C)cc1Cl,CHEMBL234
CHEMBL53833,O=C(NCCCCN1CCc2ccccc2C1)c1ccc(-c2ccccc2)cc1,CHEMBL234
CHEMBL52770,O=C(NCCCCN1CCc2ccc(OS(=O)(=O)C(F)(F)F)cc2C1)c1cccc(-c2ccccc2)c1,CHEMBL234
CHEMBL54715,Cc1ccccc1-c1ccc(C(=O)NCCCCN2CCc3ccc(OS(=O)(=O)C(F)(F)F)cc3C2)cc1,CHEMBL234
CHEMBL57219,CCCN(CCCCNC(=O)c1ccc(-c2ccccc2)cc1)C1CCc2c(cccc2OS(=O)(=O)C(F)(F)F)C1,CHEMBL234
CHEMBL70866,COc1ccc(OC)c(N2CCN(CCCCNC(=O)c3ccc(Br)cc3)CC2)c1,CHEMBL234
CHEMBL169222,CNc1cc(OC)c(C(=O)NC[C@@H]2CCN(Cc3ccccc3)C2)cc1Cl,CHEMBL234
CHEMBL101285,Oc1ccccc1OCCNCc1ccccc1,CHEMBL234
CHEMBL99849,CS(=O)(=O)Nc1cccc(OCCNCc2ccccc2)c1,CHEMBL234
CHEMBL53351,CN(C)c1ccc(/C=C/C(=O)NCCCCN2CCc3ccc(OS(=O)(=O)C(F)(F)F)cc3C2)cc1,CHEMBL234
CHEMBL354180,CNc1cc(OC)c(C(=O)NC[C@@H]2CN(Cc3ccccc3)C[C@H]2C)cc1Cl,CHEMBL234
CHEMBL71960,COc1ccccc1N1CCN(CCCCNC(=O)c2ccc(Br)cc2)CC1,CHEMBL234
CHEMBL279925,Cc1nnc(-c2ccc(-c3ccc(C(=O)NCCCCN4CCc5ccc(OS(=O)(=O)C(F)(F)F)cc5C4)cc3)cc2)o1,CHEMBL234
CHEMBL55276,O=C(/C=C/c1ccccc1)NCCCCN1CCc2ccc(OS(=O)(=O)C(F)(F)F)cc2C1,CHEMBL234
CHEMBL55090,O=C(/C=C/c1ccc2ccccc2n1)NCCCCN1CCc2ccc(OS(=O)(=O)C(F)(F)F)cc2C1,CHEMBL234
CHEMBL52468,O=C(/C=C/c1ccc2ncccc2c1)NCCCCN1CCc2ccc(OS(=O)(=O)C(F)(F)F)cc2C1,CHEMBL234
CHEMBL293347,CC(=O)c1ccc(/C=C/C(=O)NCCCCN2CCc3ccc(OS(=O)(=O)C(F)(F)F)cc3C2)cc1,CHEMBL234
CHEMBL52135,CC(=O)c1cccc(/C=C/C(=O)NCCCCN2CCc3ccc(OS(=O)(=O)C(F)(F)F)cc3C2)c1,CHEMBL234
CHEMBL54777,CNC(=O)c1ccc(-c2ccc(C(=O)NCCCCN3CCc4ccc(OS(=O)(=O)C(F)(F)F)cc4C3)cc2)cc1,CHEMBL234
CHEMBL168611,CCC[C@H]1CN(Cc2ccccc2)C[C@H]1CNC(=O)c1cc(Cl)c(NC)cc1OC,CHEMBL234
CHEMBL297960,O=C(NCCCCN1CCc2ccc(OS(=O)(=O)C(F)(F)F)cc2C1)c1ccc(-c2ccc(N3CCCC3=O)cc2)cc1,CHEMBL234
CHEMBL300571,Oc1ccc2c(c1)O[C@@H](CNCc1ccccc1)CO2,CHEMBL234
CHEMBL71894,O=C(NCCCCN1CCN(c2ccccc2)CC1)c1ccc(Br)cc1,CHEMBL234
CHEMBL52724,CNC(=O)c1cccc(-c2ccc(C(=O)NCCCCN3CCc4ccc(OS(=O)(=O)C(F)(F)F)cc4C3)cc2)c1,CHEMBL234
CHEMBL424575,CCC[C@@H]1CN(Cc2ccccc2)C[C@@H]1CNC(=O)c1cc(Cl)c(NC)cc1OC,CHEMBL234
CHEMBL64508,Oc1cccc(OCCNCc2ccccc2)c1,CHEMBL234
CHEMBL7506,Clc1ccccc1N1CCN(Cc2cnn3ccccc23)CC1,CHEMBL234
CHEMBL267044,CCN1CCC[C@H]1CNC(=O)c1cc(S(N)(=O)=O)ccc1OC,CHEMBL234
CHEMBL54,O=C(CCCN1CCC(O)(c2ccc(Cl)cc2)CC1)c1ccc(F)cc1,CHEMBL234
CHEMBL88365,Oc1cccc(N2CCN(Cc3ccccc3)CC2)c1,CHEMBL234
CHEMBL55524,O=C(/C=C\c1ccccc1)NCCCCN1CCc2ccc(OS(=O)(=O)C(F)(F)F)cc2C1,CHEMBL234
CHEMBL64553,Oc1ccc2c(c1)O[C@@H](CNCc1ccccc1)CC2,CHEMBL234
CHEMBL169193,CNc1cc(OC)c(C(=O)NC[C@H]2CN(Cc3ccccc3)C[C@H]2C)cc1Cl,CHEMBL234
CHEMBL102490,CS(=O)(=O)Nc1cc(OCCNCc2cccs2)ccc1Cl,CHEMBL234
CHEMBL54948,Cc1cc(C(=O)NCCCCN2CCc3ccc(OS(=O)(=O)C(F)(F)F)cc3C2)ccc1-c1ccccc1,CHEMBL234
CHEMBL299038,O=C(NCCCCN1CCc2ccc(OS(=O)(=O)C(F)(F)F)cc2C1)c1ccc(-c2ccccc2)cc1,CHEMBL234
CHEMBL52466,O=C(/C=C/c1ccc2nc(O)ccc2c1)NCCCCN1CCc2ccc(OS(=O)(=O)C(F)(F)F)cc2C1,CHEMBL234
CHEMBL99913,CS(=O)(=O)Nc1cc(OCCNCc2ccccc2)ccc1Cl,CHEMBL234
CHEMBL294747,COc1ccccc1N1CCN(CCCCNC(=O)c2ccc(-c3ccc(C(C)=O)cc3)cc2)CC1,CHEMBL234
CHEMBL168544,CCC[C@@H]1CN(Cc2ccccc2)C[C@H]1CNC(=O)c1cc(Cl)c(NC)cc1OC,CHEMBL234
CHEMBL51977,CCCN(CCCCNC(=O)c1ccc(-c2ccccc2)cc1)C1CCc2c(Cl)cccc2C1,CHEMBL234
CHEMBL416842,COc1cccc(/C=C/C(=O)NCCCCN2CCc3ccc(OS(=O)(=O)C(F)(F)F)cc3C2)c1,CHEMBL234
CHEMBL301475,O=C(/C=C/c1c[nH]c2ccccc12)NCCCCN1CCc2ccc(OS(=O)(=O)C(F)(F)F)cc2C1,CHEMBL234
CHEMBL423671,COc1ccccc1N1CCN(CCCCNC(=O)c2ccc(-c3ccc(S(C)(=O)=O)cc3)cc2)CC1,CHEMBL234
CHEMBL292577,Cn1c(=O)ccc2cc(/C=C/C(=O)NCCCCN3CCc4ccc(OS(=O)(=O)C(F)(F)F)cc4C3)ccc21,CHEMBL234
CHEMBL54,O=C(CCCN1CCC(O)(c2ccc(Cl)cc2)CC1)c1ccc(F)cc1,CHEMBL234
CHEMBL268799,Clc1ccc(N2CCN(Cc3c[nH]c4ccccc34)CC2)cc1,CHEMBL234
CHEMBL7549,CCCN1CCC[C@@H](c2cccc(O)c2)C1,CHEMBL234
CHEMBL7549,CCCN1CCC[C@@H](c2cccc(O)c2)C1,CHEMBL234
CHEMBL445102,OC1(c2ccc(Cl)cc2)CCN(Cc2c[nH]c3ccccc23)CC1,CHEMBL234
CHEMBL54,O=C(CCCN1CCC(O)(c2ccc(Cl)cc2)CC1)c1ccc(F)cc1,CHEMBL234
CHEMBL42,CN1CCN(C2=Nc3cc(Cl)ccc3Nc3ccccc32)CC1,CHEMBL234
CHEMBL340211,O=C(CCCN1CCN(c2ccccn2)CC1)c1ccc(F)cc1,CHEMBL234
CHEMBL301265,CCCN[C@H]1CCc2nc(N)sc2C1,CHEMBL234
CHEMBL301265,CCCN[C@H]1CCc2nc(N)sc2C1,CHEMBL234
CHEMBL80845,CCCN1CCc2nn3ccccc3c2C1,CHEMBL234
CHEMBL59103,c1ccc(C2CCN(Cc3c[nH]c4ccccc34)CC2)cc1,CHEMBL234
CHEMBL59324,c1ccc(N2CCN(Cc3c[nH]c4ccccc34)CC2)cc1,CHEMBL234
CHEMBL54,O=C(CCCN1CCC(O)(c2ccc(Cl)cc2)CC1)c1ccc(F)cc1,CHEMBL234
CHEMBL310867,CCCN(CCC)[C@H]1CCc2nn3ccccc3c2C1,CHEMBL234
CHEMBL310867,CCCN(CCC)[C@H]1CCc2nn3ccccc3c2C1,CHEMBL234
CHEMBL339963,O[C@@H](CCCN1CCN(c2ccccn2)CC1)c1ccc(F)cc1,CHEMBL234
CHEMBL22156,CCS(=O)(=O)c1ccc(OC)c(-c2ccc(CN3CCCCCC3c3ccccc3)[nH]2)c1,CHEMBL234
CHEMBL111749,CNc1cc(OC)c(C(=O)N[C@H]2CN(Cc3ccccc3)C[C@@H]2C)cc1Cl,CHEMBL234
CHEMBL326454,CNc1cc(OC)c(C(=O)N[C@H]2CN(Cc3ccccc3)C[C@H]2C)cc1Cl,CHEMBL234
CHEMBL280177,CCN1CCCCCC1c1ccc(-c2cc(S(=O)(=O)CC)ccc2OC)[nH]1,CHEMBL234
CHEMBL98305,CCCN1CCO[C@@H]2c3cc(O)ccc3SC[C@H]21,CHEMBL234
CHEMBL277945,CCN1CCCC1CNC(=O)c1cc(S(=O)(=O)CC)ccc1OC,CHEMBL234
CHEMBL21118,CCS(=O)(=O)c1ccc(OC)c(-c2ccc(CN3CCCCC3)[nH]2)c1,CHEMBL234
CHEMBL21280,CCS(=O)(=O)c1ccc(OC)c(-c2ccc(CN3CCCC3)[nH]2)c1,CHEMBL234
CHEMBL69271,CCCN1CCO[C@@H]2c3cc(O)ccc3CC[C@H]21,CHEMBL234
CHEMBL20763,CCN1CCCCC1c1ccc(-c2cc(S(=O)(=O)CC)ccc2OC)[nH]1,CHEMBL234
CHEMBL111749,CNc1cc(OC)c(C(=O)N[C@H]2CN(Cc3ccccc3)C[C@@H]2C)cc1Cl,CHEMBL234
CHEMBL298875,COc1c(C(=O)N[C@@H]2CCN(Cc3ccccc3)C2)cc(Br)c2ccccc12,CHEMBL234
CHEMBL325772,COc1c(C(=O)N[C@@H]2CCN(Cc3ccccc3)C2)cc(I)c2ccccc12,CHEMBL234
CHEMBL70565,CCCN1CCO[C@@H]2c3cc(O)ccc3OC[C@H]21,CHEMBL234
CHEMBL21967,CCN(Cc1ccccc1)Cc1ccc(-c2cc(S(=O)(=O)CC)ccc2OC)[nH]1,CHEMBL234
CHEMBL280961,CCS(=O)(=O)c1ccc(OC)c(-c2ccc(CN3CCCC3c3ccccc3)[nH]2)c1,CHEMBL234
CHEMBL281177,CCS(=O)(=O)c1ccc(OC)c(-c2ccc(CN3CCCCC3c3ccccc3)[nH]2)c1,CHEMBL234
CHEMBL98836,CCCN1CCO[C@@H]2c3cc(O)ccc3SC[C@@H]21,CHEMBL234
CHEMBL325772,COc1c(C(=O)N[C@@H]2CCN(Cc3ccccc3)C2)cc(I)c2ccccc12,CHEMBL234
CHEMBL112833,C#Cc1cc(C(=O)N[C@@H]2CCN(Cc3ccccc3)C2)c(OC)c2ccccc12,CHEMBL234
CHEMBL54,O=C(CCCN1CCC(O)(c2ccc(Cl)cc2)CC1)c1ccc(F)cc1,CHEMBL234
CHEMBL326454,CNc1cc(OC)c(C(=O)N[C@H]2CN(Cc3ccccc3)C[C@H]2C)cc1Cl,CHEMBL234
CHEMBL322802,COc1cc(N)c(Cl)cc1C(=O)N[C@H]1CCN(Cc2ccccc2)C[C@@H]1C,CHEMBL234
CHEMBL325109,COc1cc(N)c(Cl)cc1C(=O)NC1CCN(Cc2ccccc2)CC1,CHEMBL234
CHEMBL20395,CCS(=O)(=O)c1ccc(OC)c(-c2ccc(CN3CCCCCCC3c3ccccc3)[nH]2)c1,CHEMBL234
CHEMBL22022,CCS(=O)(=O)c1ccc(OC)c(-c2ccc(C(C)N3CCCCCC3)[nH]2)c1,CHEMBL234
CHEMBL112395,CNc1cc(OC)c(C(=O)NC2CCN(Cc3ccccc3)CC2)cc1Cl,CHEMBL234
CHEMBL277631,CCN1CCCC1c1ccc(-c2cc(S(=O)(=O)CC)ccc2OC)[nH]1,CHEMBL234
CHEMBL282287,CCS(=O)(=O)c1ccc(OC)c(-c2ccc(C(C)N3CCCC3)[nH]2)c1,CHEMBL234
CHEMBL20785,CCS(=O)(=O)c1ccc(OC)c(-c2ccc(C(C)N3CCCCC3)[nH]2)c1,CHEMBL234
CHEMBL321492,COc1c(C(=O)N[C@H]2CN(Cc3ccccc3)C[C@H]2C)cc(Br)c2ccccc12,CHEMBL234
CHEMBL277684,CCN(CC)Cc1ccc(-c2cc(S(=O)(=O)CC)ccc2OC)[nH]1,CHEMBL234
CHEMBL298875,COc1c(C(=O)N[C@@H]2CCN(Cc3ccccc3)C2)cc(Br)c2ccccc12,CHEMBL234
CHEMBL99355,CCCN1CCOC2c3cc(O)ccc3[S+]([O-])CC21,CHEMBL234
CHEMBL279039,CCS(=O)(=O)c1ccc(OC)c(-c2ccc(CN3CCCCCC3)[nH]2)c1,CHEMBL234
CHEMBL430522,COc1c(C(=O)N[C@H]2CN(Cc3ccccc3)C[C@@H]2C)cc(Br)c2ccccc12,CHEMBL234
CHEMBL112833,C#Cc1cc(C(=O)N[C@@H]2CCN(Cc3ccccc3)C2)c(OC)c2ccccc12,CHEMBL234
CHEMBL70565,CCCN1CCO[C@@H]2c3cc(O)ccc3OC[C@H]21,CHEMBL234
CHEMBL42,CN1CCN(C2=Nc3cc(Cl)ccc3Nc3ccccc32)CC1,CHEMBL234
CHEMBL330216,CCCN1CCOC2c3cc(O)ccc3SCC21,CHEMBL234
CHEMBL109912,CNc1cc(OC)c(C(=O)N[C@H]2CCN(Cc3ccccc3)C[C@@H]2C)cc1Cl,CHEMBL234
CHEMBL61195,Clc1ccc(CN2CCC(c3cc(-c4ccc(Cl)cc4)no3)CC2)cc1,CHEMBL234
CHEMBL87625,CN(C)CCCOc1ccc(-c2nc3ccccc3n2C/C=C/Cn2c(-c3ccc(OCCCN(C)C)cc3)nc3ccccc32)cc1,CHEMBL234
CHEMBL30206,COc1c(C(=O)NCCN2CCN(c3ccccc3Cl)CC2)cc(Br)c2ccccc12,CHEMBL234
CHEMBL83722,C(=C/Cn1c(-c2ccc(OCCCN3CCN(c4ccccc4)CC3)cc2)nc2ccccc21)\Cn1c(-c2ccc(OCCCN3CCN(c4ccccc4)CC3)cc2)nc2ccccc21,CHEMBL234
CHEMBL135152,CCCNC1CCc2c(cccc2OC)C1,CHEMBL234
CHEMBL29610,COc1c(C(=O)NCCN2CCN(c3ccc(C)cc3)CC2)cc(Br)c2ccccc12,CHEMBL234
CHEMBL336295,CCCN(CCc1cccs1)[C@@H]1CCc2ccc(OC)cc2C1,CHEMBL234
CHEMBL132261,CCCN(CCc1cccs1)C1CCc2c(cccc2OC2CCCC2)C1,CHEMBL234
CHEMBL354574,COc1c(C(=O)NCCN2CCN(c3ccccc3)CC2)cc2ccccc2c1Br,CHEMBL234
CHEMBL316222,CCN(CC)CCCOc1ccc(-c2nc3ccccc3n2C/C=C/Cn2c(-c3ccc(OCCCN(CC)CC)cc3)nc3ccccc32)cc1,CHEMBL234
CHEMBL166557,CCOc1c(C(=O)NCCN2CCN(c3ccccc3OC)CC2)cc(Br)c2ccccc12,CHEMBL234
CHEMBL134747,CCCN(CCc1ccccc1)C1CCc2ccc(O)cc2C1,CHEMBL234
CHEMBL169090,COc1ccc(Br)cc1C(=O)NCCN1CCN(c2ccccc2)CC1,CHEMBL234
CHEMBL7806,CCCN(CCc1ccsc1)C1CCc2c(O)cccc2C1,CHEMBL234
CHEMBL133830,NC1CCc2ccc(O)cc2C1,CHEMBL234
CHEMBL30146,COc1ccccc1N1CCN(CCNC(=O)c2cc(Br)c3ccccc3c2OC)CC1,CHEMBL234
CHEMBL313257,CCN(CC)CCCOc1ccc(-c2nc3ccccc3n2CCCCCCn2c(-c3ccc(OCCCN(CC)CC)cc3)nc3ccccc32)cc1,CHEMBL234
CHEMBL315560,CCN(CC)CCCOc1ccc(-c2nc3ccccc3n2C/C=C/Cn2c(-c3ccc(OC)cc3)nc3ccccc32)cc1,CHEMBL234
CHEMBL135944,CCCN(CCC)[C@H]1CCc2ccc(OC)cc2C1,CHEMBL234
CHEMBL355444,COc1c(C(=O)NCCN2CCN(c3ccccc3C#N)CC2)cc(Br)c2ccccc12,CHEMBL234
CHEMBL169229,COc1c(C(=O)NCCN2CCN(c3cccc(Cl)c3C)CC2)cc(Br)c2ccccc12,CHEMBL234
CHEMBL168678,COc1c(C(=O)NCCN2CCC(c3ccccc3)CC2)cc(Br)c2ccccc12,CHEMBL234
CHEMBL86249,CCN(CC)CCCOc1ccc(-c2nc3ccccc3n2C/C=C/Cn2c(-c3ccc(OCCCN4CCN(c5ccccc5)CC4)cc3)nc3ccccc32)cc1,CHEMBL234
CHEMBL305706,CCCN(CCC)[C@H]1CCc2ccc(O)cc2C1,CHEMBL234
CHEMBL30208,COc1c(C(=O)NCCN2CCN(c3ccccc3)CC2)cc(Br)c2ccccc12,CHEMBL234
CHEMBL169832,COc1c(C(=O)NCCN2CCN(c3ccc(Cl)c(Cl)c3)CC2)cc(Br)c2ccccc12,CHEMBL234
CHEMBL335392,CCCN(C)C1CCc2ccc(O)cc2C1,CHEMBL234
CHEMBL436447,COc1c(C(=O)NCCN2CCN(c3cccc(Cl)c3Cl)CC2)cc(Cl)c2ccccc12,CHEMBL234
CHEMBL313692,CCN(CC)CCCOc1ccc(-c2nc3ccccc3n2Cc2ccc(Cn3c(-c4ccc(OCCCN(CC)CC)cc4)nc4ccccc43)cc2)cc1,CHEMBL234
CHEMBL430242,CCN(CC)CCCOc1ccc(-c2nc3ccccc3n2C/C=C/Cn2c(-c3ccccc3)nc3ccccc32)cc1,CHEMBL234
CHEMBL135954,CCCN(CCc1cccs1)C1CCc2ccc(O)cc2C1,CHEMBL234
CHEMBL87716,CCCCN(CCCC)CCCOc1ccc(-c2nc3ccccc3n2C/C=C/Cn2c(-c3ccc(OCCCN(CCCC)CCCC)cc3)nc3ccccc32)cc1,CHEMBL234
CHEMBL334472,CCCNC1CCc2c(O)cccc2C1,CHEMBL234
CHEMBL109684,CCCN(CCc1ccccc1)C1CCc2c(O)cccc2C1,CHEMBL234
CHEMBL301559,CCCN(CCC)[C@@H]1CCc2ccc(O)cc2C1,CHEMBL234
CHEMBL169450,CCOc1c(C(=O)NCCN2CCN(c3ccccn3)CC2)cc(Br)c2ccccc12,CHEMBL234
CHEMBL353642,COc1c(C(=O)NCCN2CCN(c3cccc(C(F)(F)F)c3)CC2)cc(Br)c2ccccc12,CHEMBL234
CHEMBL28964,COc1c(C(=O)NCCN2CCN(c3ccccc3C)CC2)cc(Br)c2ccccc12,CHEMBL234
CHEMBL336652,CCCNC1CCc2ccc(O)cc2C1,CHEMBL234
CHEMBL283034,COc1c(C(=O)NCCN2CCN(c3cccc(C)c3)CC2)cc(Br)c2ccccc12,CHEMBL234
CHEMBL165879,COc1c(C(=O)NCCN2CCN(c3ccc4ccccc4n3)CC2)cc(Br)c2ccccc12,CHEMBL234
CHEMBL29649,CCOc1c(C(=O)NCCN2CCN(c3ccccc3)CC2)cc(Br)c2ccccc12,CHEMBL234
CHEMBL314663,C(=C/Cn1c(-c2ccc(OCCCN3CCCC3)cc2)nc2ccccc21)\Cn1c(-c2ccc(OCCCN3CCCC3)cc2)nc2ccccc21,CHEMBL234
CHEMBL133938,CCCN(CCc1cccs1)[C@H]1CCc2ccc(OC)cc2C1,CHEMBL234
CHEMBL169753,CCOc1c(C(=O)NCCN2CCN(c3cccc(C(F)(F)F)c3)CC2)cc(Br)c2ccccc12,CHEMBL234
CHEMBL167230,COc1c(C(=O)NCCN2CCN(c3ccc(F)cc3F)CC2)cc(Br)c2ccccc12,CHEMBL234
CHEMBL168663,COc1c(C(=O)NCCN2CC=C(c3ccccc3)CC2)cc(Br)c2ccccc12,CHEMBL234
CHEMBL313147,CCN(CC)CCCOc1ccc(-c2nc3ccccc3n2CCCCn2c(-c3ccc(OCCCN(CC)CC)cc3)nc3ccccc32)cc1,CHEMBL234
CHEMBL135932,CN(C)C1CCc2ccc(O)cc2C1,CHEMBL234
CHEMBL86129,C(=C/Cn1c(-c2ccc(OCCCN3CCCCC3)cc2)nc2ccccc21)\Cn1c(-c2ccc(OCCCN3CCCCC3)cc2)nc2ccccc21,CHEMBL234
CHEMBL240773,CCCN1CCC[C@@H]2Cc3n[nH]cc3C[C@H]21,CHEMBL234
CHEMBL134571,CCN(C)C1CCc2ccc(O)cc2C1,CHEMBL234
CHEMBL167483,COc1c(C(=O)NCCN2CCN(c3ccccn3)CC2)cc(Br)c2ccccc12,CHEMBL234
CHEMBL442535,COc1c(C(=O)NCCN2CCN(c3cccc(Cl)c3)CC2)cc(Br)c2ccccc12,CHEMBL234
CHEMBL315137,CCCN(CCC)CCCOc1ccc(-c2nc3ccccc3n2C/C=C/Cn2c(-c3ccc(OCCCN(CCC)CCC)cc3)nc3ccccc32)cc1,CHEMBL234
CHEMBL29182,COc1c(C(=O)NCCN2CCN(c3cccc(C)c3C)CC2)cc(Br)c2ccccc12,CHEMBL234
CHEMBL15146,CCCN(CCC)[C@@H]1CCc2c(O)cccc2C1,CHEMBL234
CHEMBL269004,CCCN(CCC)[C@H]1CCc2c(O)cccc2C1,CHEMBL234
CHEMBL416939,COc1c(C(=O)NCCN2CCN(c3ccccc3)CC2)cc(Cl)c2ccccc12,CHEMBL234
CHEMBL314937,CCN(CC)CCCOc1ccc(-c2nc3ccccc3n2C/C=C\Cn2c(-c3ccc(OCCCN(CC)CC)cc3)nc3ccccc32)cc1,CHEMBL234
CHEMBL316014,CCN(CC)CCCOc1ccc(-c2nc3ccccc3n2C/C=C/Cn2c(-c3ccc(OCCCC4CCCCC4)cc3)nc3ccccc32)cc1,CHEMBL234
CHEMBL1303,CCCN(CCc1cccs1)[C@H]1CCc2c(O)cccc2C1,CHEMBL234
CHEMBL51433,COc1ccccc1N1CCN(CCn2c(=O)[nH]c3ccccc3c2=O)CC1,CHEMBL234
CHEMBL168908,COc1c(C(=O)NCCN2CCN(c3ccc(Cl)cc3Cl)CC2)cc(Br)c2ccccc12,CHEMBL234
CHEMBL94015,CCCN1COC[C@@H]2c3cc(O)ccc3OC[C@H]21,CHEMBL234
CHEMBL278751,CCCN(CCC)[C@@H]1CCc2c(OC)cccc2[C@@H]1C,CHEMBL234
CHEMBL161811,CCCN(CCC)[C@@H]1CCc2c(OS(=O)(=O)C(F)(F)F)cccc2[C@@H]1C,CHEMBL234
CHEMBL135044,O=C(O)C(=O)O.Oc1ccc2c(c1)O[C@@H](CN1CCc3ccccc3C1)CC2,CHEMBL234
CHEMBL54,O=C(CCCN1CCC(O)(c2ccc(Cl)cc2)CC1)c1ccc(F)cc1,CHEMBL234
CHEMBL336326,Oc1ccc2c(c1)CC(NC/C=C/I)CC2,CHEMBL234
CHEMBL336851,CCCN(C/C=C/I)C1CCc2cc(O)ccc2C1,CHEMBL234
CHEMBL80833,Clc1ccc(-c2cc(C3CCCN(Cc4ccccc4)C3)[nH]n2)cc1,CHEMBL234
CHEMBL135357,O=C(O)C(=O)O.Oc1cc2c(cc1Cl)CC[C@H](CNCc1ccccc1)O2,CHEMBL234
CHEMBL138015,CCCN(C/C=C/I)C1COc2ccc(O)cc2C1,CHEMBL234
CHEMBL78923,Nc1nc(-c2ccc(Cl)cc2)cc(C2CCN(Cc3ccccc3)CC2)n1,CHEMBL234
CHEMBL314095,O=c1oc2cc(O)ccc2c2c1CN(Cc1ccc(Cl)cc1)CC2,CHEMBL234
CHEMBL134343,O=C(O)C(=O)O.Oc1cc2c(cc1Cl)CC[C@@H](CNCc1ccccc1)O2,CHEMBL234
CHEMBL133085,CCCN(C/C=C/I)C1COc2c(O)cccc2C1,CHEMBL234
CHEMBL61195,Clc1ccc(CN2CCC(c3cc(-c4ccc(Cl)cc4)no3)CC2)cc1,CHEMBL234
CHEMBL78933,CCc1c(C2CCN(Cc3ccccc3)CC2)n[nH]c1-c1ccc(Cl)cc1,CHEMBL234
CHEMBL135395,O=C(O)C(=O)O.Oc1ccc2c(c1)OC(CNCc1ccccc1)CC2,CHEMBL234
CHEMBL54,O=C(CCCN1CCC(O)(c2ccc(Cl)cc2)CC1)c1ccc(F)cc1,CHEMBL234
CHEMBL349843,CCCN[C@@H]1CCc2c(OS(=O)(=O)C(F)(F)F)cccc2[C@@H]1C,CHEMBL234
CHEMBL134807,O=C(O)C(=O)O.Oc1ccc2c(c1)O[C@@H](CNCc1ccccc1)CC2,CHEMBL234
CHEMBL110239,CCCN(C/C=C/I)C1CCc2ccc(O)cc2C1,CHEMBL234
CHEMBL76090,Clc1ccc(-c2cc(C3CCN(Cc4ccccc4)CC3)[nH]n2)cc1,CHEMBL234
CHEMBL27441,CCCN[C@@H]1CCc2c(OC)cccc2[C@@H]1C,CHEMBL234
CHEMBL285755,CCCN(CCC)C1CCc2ccc(O)cc2C1,CHEMBL234
CHEMBL138016,O=C(O)C(=O)O.Oc1ccc2c(c1)O[C@H](CNCc1ccccc1)CC2,CHEMBL234
CHEMBL42,CN1CCN(C2=Nc3cc(Cl)ccc3Nc3ccccc32)CC1,CHEMBL234
CHEMBL160536,Cc1nn2c(N3CCN(Cc4ccccc4)CC3)cccc2c1CN1CCN(c2ccc(Cl)cc2)CC1,CHEMBL234
CHEMBL337228,O=C(O)C(=O)O.Oc1cc2c(cc1Cl)CCC(CNCc1ccccc1)O2,CHEMBL234
CHEMBL134808,O=C(O)C(=O)O.Oc1ccc2c(c1)OC(CN1CCc3ccccc3C1)CC2,CHEMBL234
CHEMBL161507,CCCN[C@@H]1CCc2c(C(=O)OC)cccc2[C@@H]1C,CHEMBL234
CHEMBL42,CN1CCN(C2=Nc3cc(Cl)ccc3Nc3ccccc32)CC1,CHEMBL234
CHEMBL328054,COc1ccc2c3c(c(=O)oc2c1)CN(Cc1ccccc1)CC3,CHEMBL234
CHEMBL135725,O=C(O)C(=O)O.Oc1ccc2c(c1)O[C@H](CN1CCc3ccccc3C1)CC2,CHEMBL234
CHEMBL263282,CCCN(C/C=C/I)C1CCc2c(O)cccc2C1,CHEMBL234
CHEMBL423890,O=C(O)C(=O)O.Oc1ccc2c(c1)O[C@@H](CNCc1ccccc1)CO2,CHEMBL234
CHEMBL105977,CCCN(CCC)C1CCc2ncccc2C1,CHEMBL234
CHEMBL321513,c1ccc(-c2nc(CN3CCN(c4cccnc4)CC3)c[nH]2)cc1,CHEMBL234
CHEMBL105512,CCCN(CCC)C1CCc2nc(N)sc2C1,CHEMBL234
CHEMBL31991,O[C@@H](COc1ccccc1)CN1CCC(Oc2ccccc2)CC1,CHEMBL234
CHEMBL105509,CCCN(CCC)C1CCc2nc(OC)ccc2C1,CHEMBL234
CHEMBL110888,CCCN(CCC)C1CCc2nc(N)ccc2C1,CHEMBL234
CHEMBL273273,CCCN(CCC)C1CCc2c(O)cccc2C1,CHEMBL234
CHEMBL318740,CCCN(CCC)C1CCc2n[nH]cc2C1,CHEMBL234
CHEMBL103871,c1ccc(-c2nc(CN3CCN(c4ccccc4)CC3)c[nH]2)cc1,CHEMBL234
CHEMBL57219,CCCN(CCCCNC(=O)c1ccc(-c2ccccc2)cc1)C1CCc2c(cccc2OS(=O)(=O)C(F)(F)F)C1,CHEMBL234
CHEMBL326263,N#Cc1ccc(CCOC(=O)N2CCN(CCCC(c3ccc(F)cc3)c3ccc(F)cc3)CC2)cc1,CHEMBL234
CHEMBL291801,CCCN(CCCCNC(=O)c1ccc(-c2ccccc2)cc1)C1CCc2c(cccc2OS(C)(=O)=O)C1,CHEMBL234
CHEMBL51977,CCCN(CCCCNC(=O)c1ccc(-c2ccccc2)cc1)C1CCc2c(Cl)cccc2C1,CHEMBL234
CHEMBL420986,Oc1nc2c3c(ccc2[nH]1)CC[C@H](CNCc1ccccc1)O3,CHEMBL234
CHEMBL58669,CCCN(CCCCNC(=O)c1ccc(-c2ccccc2)cc1)C1CCc2c(O)cccc2C1,CHEMBL234
CHEMBL115280,O=C1NCN(c2ccccc2)C12CCN(Cc1cccc(Oc3ccccc3)c1)CC2,CHEMBL234
CHEMBL416508,CCCN(CCCCNC(=O)c1ccc(-c2ccccc2)cc1)C1CCc2c(C#N)cccc2C1,CHEMBL234
CHEMBL64553,Oc1ccc2c(c1)O[C@@H](CNCc1ccccc1)CC2,CHEMBL234
CHEMBL60185,c1ccc(CNC[C@H]2CCc3ccc4[nH]ccc4c3O2)cc1,CHEMBL234
CHEMBL313851,FC(F)(F)c1nc2c3c(ccc2[nH]1)CCC(CNCc1ccccc1)O3,CHEMBL234
CHEMBL59642,CN(CCCCNC(=O)c1ccc(-c2ccccc2)cc1)C1CCc2c(O)cccc2C1,CHEMBL234
CHEMBL61444,CCCN(CCCCNC(=O)c1ccc(-c2ccccc2)cc1)C1CCc2c(cccc2OCC2CC2)C1,CHEMBL234
CHEMBL294747,COc1ccccc1N1CCN(CCCCNC(=O)c2ccc(-c3ccc(C(C)=O)cc3)cc2)CC1,CHEMBL234
CHEMBL93753,Oc1nc2c3c(ccc2[nH]1)CC[C@@H](CNCc1ccccc1)O3,CHEMBL234
CHEMBL93779,Oc1nc2c3c(ccc2[nH]1)CCC(CNCc1ccccc1)O3,CHEMBL234
CHEMBL325750,O=C1NCN(c2ccccc2)C12CCN(Cc1ccc3nsnc3c1)CC2,CHEMBL234
CHEMBL303556,O=C1Cc2c(ccc3c2O[C@@H](CNCc2ccccc2)CC3)N1,CHEMBL234
CHEMBL61717,CCCN(CCCCNC(=O)c1ccc(-c2ccccc2)cc1)C1CCc2c(cccc2OC)C1,CHEMBL234
CHEMBL59554,COc1cccc2c1CCC(N(C)CCCCNC(=O)c1ccc(-c3ccccc3)cc1)C2,CHEMBL234
CHEMBL59960,CCCN(CCCCNC(=O)c1ccc(-c2ccccc2)cc1)C1CCc2c(cccc2C(N)=O)C1,CHEMBL234
CHEMBL240773,CCCN1CCC[C@@H]2Cc3n[nH]cc3C[C@H]21,CHEMBL234
CHEMBL114484,Cc1ccc(CN2CCC(n3c(O)nc4ccccc43)CC2)c(Cl)c1,CHEMBL234
CHEMBL60038,CCCN(CCCCNC(=O)c1ccc(-c2ccccc2)cc1)C1CCc2c(Br)cccc2C1,CHEMBL234
CHEMBL326962,O=C1NCN(c2ccccc2)C12CCN(Cc1ccc3c(c1)OCO3)CC2,CHEMBL234
CHEMBL60713,CCCN(CCCCNC(=O)c1ccc(-c2ccccc2)cc1)C1CCc2ccccc2C1,CHEMBL234
CHEMBL82864,N#Cc1ccc2c(c1)CCN(CC[C@H]1CC[C@H](NC(=O)c3cc4ccccc4[nH]3)CC1)CC2,CHEMBL234
CHEMBL118636,CCCN(CCC)C1Cc2ccc3nc(N)sc3c2C1,CHEMBL234
CHEMBL301265,CCCN[C@H]1CCc2nc(N)sc2C1,CHEMBL234
CHEMBL240773,CCCN1CCC[C@@H]2Cc3n[nH]cc3C[C@H]21,CHEMBL234
CHEMBL92139,CN(C)CCc1cccc2c1ccn2S(=O)(=O)c1ccccc1,CHEMBL234
CHEMBL86127,N#Cc1ccc2c(c1)CCN(CC[C@H]1CC[C@H](NC(=O)c3cccc4ncccc34)CC1)CC2,CHEMBL234
CHEMBL86183,CC(=O)Nc1cccc(/C=C/C(=O)N[C@H]2CC[C@H](CCN3CCc4ccc(C#N)cc4CC3)CC2)c1F,CHEMBL234
CHEMBL314050,N#Cc1ccc2c(c1)CCN(CC[C@H]1CC[C@H](NC(=O)/C=C/c3ccc(F)cc3)CC1)CC2,CHEMBL234
CHEMBL76237,COc1ccc2c(c1)c(CCN(C)C)cn2S(=O)(=O)c1ccccc1,CHEMBL234
CHEMBL86032,N#Cc1ccc2c(c1)CCN(CC[C@H]1CC[C@H](NC(=O)c3ccc4c(c3)NC(=O)CO4)CC1)CC2,CHEMBL234
CHEMBL420789,N#Cc1ccc2c(c1)CCN(CC[C@H]1CC[C@H](NC(=O)/C=C/c3cccc(F)c3)CC1)CC2,CHEMBL234
CHEMBL315209,N#Cc1ccc2c(c1)CCN(CC[C@H]1CC[C@H](NC(=O)/C=C/c3ccccc3F)CC1)CC2,CHEMBL234
CHEMBL419505,O=C(NCCCCN1CCN(c2cccc(Cl)c2Cl)CC1)c1ccc2c(c1)-c1ccccc1-2,CHEMBL234
CHEMBL85606,N#Cc1ccc2c(c1)CCN(CC[C@H]1CC[C@H](NC(=O)c3ccnc4ccccc34)CC1)C2,CHEMBL234
CHEMBL445111,N#Cc1ccc2c(c1)CCN(CC[C@H]1CC[C@H](NC(=O)c3ccnc4ccccc34)CC1)CC2,CHEMBL234
CHEMBL419487,CC(=O)c1cccc(/C=C/C(=O)N[C@H]2CC[C@H](CCN3CCc4ccc(C#N)cc4CC3)CC2)c1,CHEMBL234
CHEMBL126340,CN(C)CCc1cccc2c1cc(C(=O)c1ccccc1)n2S(=O)(=O)c1ccccc1,CHEMBL234
CHEMBL325710,CCCN(CCC)C1Cc2cc3nc(N)sc3cc2C1,CHEMBL234
CHEMBL317535,CCOC(=O)c1[nH]c2ccccc2c1CCN(C)C,CHEMBL234
CHEMBL86402,N#Cc1ccc2c(c1)CCN(CC[C@H]1CC[C@H](NC(=O)c3ccc4ccccc4c3)CC1)CC2,CHEMBL234
CHEMBL87600,COc1cccc(/C=C/C(=O)N[C@H]2CC[C@H](CCN3CCc4ccc(C#N)cc4CC3)CC2)c1,CHEMBL234
CHEMBL93868,CN(C)CCc1cn(S(=O)(=O)c2ccccc2)c2ccccc12,CHEMBL234
CHEMBL300780,O=C(NCCCCN1CCN(c2cccc(Cl)c2Cl)CC1)c1ccc2c(c1)Cc1ccccc1-2,CHEMBL234
CHEMBL85711,N#Cc1ccc2c(c1)CCN(CC[C@H]1CC[C@H](NC(=O)c3cccc4ccccc34)CC1)CC2,CHEMBL234
CHEMBL313255,CC(=O)Nc1cccc(/C=C/C(=O)N[C@H]2CC[C@H](CCN3CCc4ccc(C#N)cc4CC3)CC2)c1,CHEMBL234
CHEMBL87753,N#Cc1ccc2c(c1)CCN(CC[C@H]1CC[C@H](NC(=O)c3ccc4ccc(O)nc4c3)CC1)CC2,CHEMBL234
CHEMBL324270,COc1cccc2c1N1CCN(C)CC1c1ccccc1C2,CHEMBL234
CHEMBL301559,CCCN(CCC)[C@@H]1CCc2ccc(O)cc2C1,CHEMBL234
CHEMBL301559,CCCN(CCC)[C@@H]1CCc2ccc(O)cc2C1,CHEMBL234
CHEMBL113238,COc1cccc2c1N1CCN(C)C[C@H]1c1ccccc1C2,CHEMBL234
CHEMBL316983,CCCN(CCC)[C@H]1CCn2c(C=O)ccc2C1,CHEMBL234
CHEMBL316983,CCCN(CCC)[C@H]1CCn2c(C=O)ccc2C1,CHEMBL234
CHEMBL91460,CCCN(CCCCNC(=O)c1ccc(-c2ccccc2)cc1)C1CCc2nc(N)ncc2C1,CHEMBL234
CHEMBL91510,CCCN(CCCCNC(=O)c1ccc(-c2ccccc2)cc1)C1CCc2nc(NC)ncc2C1,CHEMBL234
CHEMBL93336,CCCN(CCCCNC(=O)c1ccc(-c2ccccc2)cc1)C1CCc2nc(C)ncc2C1,CHEMBL234
CHEMBL93794,CCCN(CCCCNC(=O)c1ccc(-c2ccccc2)cc1)C1CCc2ncnc(OC)c2C1,CHEMBL234
CHEMBL328002,CCCN(CCCCNC(=O)c1ccc(-c2ccccc2)cc1)C1CCc2nc(SC)ncc2C1,CHEMBL234
CHEMBL76399,CCCNC1CCc2nc(N)sc2C1,CHEMBL234
CHEMBL240773,CCCN1CCC[C@@H]2Cc3n[nH]cc3C[C@H]21,CHEMBL234
CHEMBL90897,CCCN(CCCCNC(=O)c1ccc(-c2ccccc2)cc1)C1CCc2nc(N(C)C)ncc2C1,CHEMBL234
CHEMBL90433,CCCN(CCCCNC(=O)c1ccc(-c2ccccc2)cc1)C1CCc2nc(N)sc2C1,CHEMBL234
CHEMBL92439,CCCN(CCCCNC(=O)c1ccc(-c2ccccc2)cc1)C1CCc2nc(C(C)(C)C)ncc2C1,CHEMBL234
CHEMBL91156,CCCN(CCCCNC(=O)c1ccc(-c2ccccc2)cc1)C1CCc2n[nH]cc2C1,CHEMBL234
CHEMBL10085,CC(C)Oc1ccccc1N1CCN(Cc2cccc(C(=O)N3CCCCC3)c2)CC1,CHEMBL234
CHEMBL92438,CCCN(CCCCNC(=O)c1ccc(-c2ccccc2)cc1)C1CCc2ncncc2C1,CHEMBL234
CHEMBL91433,CCCN1CCC[C@H]2Cc3nc(N)ncc3C[C@@H]21,CHEMBL234
CHEMBL93703,CN(CCCCNC(=O)c1ccc(-c2ccccc2)cc1)C1CCc2nc(N)ncc2C1,CHEMBL234
CHEMBL94015,CCCN1COC[C@@H]2c3cc(O)ccc3OC[C@H]21,CHEMBL234
CHEMBL169323,CCCN1CCO[C@@H]2c3cc4c(cc3CC[C@H]21)CCO4,CHEMBL234
CHEMBL170976,CCCN1CCC[C@@H]2c3cc4c(cc3CC[C@H]21)CCO4,CHEMBL234
CHEMBL2021525,CCCN[C@@H]1CCc2c(cccc2CS(=O)(=O)C(F)(F)F)C1.Cl,CHEMBL234
CHEMBL84931,CN(C)CC1CC2c3ccccc3Cc3ccc(F)cc3N2O1,CHEMBL234
CHEMBL171825,c1c2c(cc3c1CC[C@H]1NCCO[C@H]31)OCC2,CHEMBL234
CHEMBL315772,CN(C)CC1CC2c3ccccc3Cc3ccc(Cl)cc3N2O1,CHEMBL234
CHEMBL169322,CC(C)CN1CCO[C@@H]2c3cc4c(cc3CC[C@H]21)CCO4,CHEMBL234
CHEMBL156732,c1ccc(CCC2CCN(Cc3cc4ccc[nH]c-4n3)CC2)cc1,CHEMBL234
CHEMBL2112913,C1=C(/C=C/c2ccccc2)CCN(CCc2c[nH]c3ncccc23)C1,CHEMBL234
CHEMBL347155,Clc1ccc(N2CCN(CCc3cc4ccc[nH]c-4n3)CC2)cc1,CHEMBL234
CHEMBL2021538,CCCN[C@H]1CCc2c(cccc2CS(=O)(=O)C(F)(F)F)C1.Cl,CHEMBL234
CHEMBL171826,CN1CCO[C@@H]2c3cc4c(cc3CC[C@H]21)CCO4,CHEMBL234
CHEMBL83658,CN(C)CC1CC2c3ccccc3Cc3ccccc3N2O1,CHEMBL234
CHEMBL26998,CCCN(CCC)[C@@H]1CCc2cccc(O)c2C1,CHEMBL234
CHEMBL28437,CCCN(CCC)C1CCc2cccc(OS(=O)(=O)C(F)(F)F)c2C1,CHEMBL234
CHEMBL154286,c1ccc2c(c1)CCN(Cc1c[nH]c3ncccc13)C2,CHEMBL234
CHEMBL154482,C1=C(/C=C/c2ccccc2)CCN(CCc2cc3ccc[nH]c-3n2)C1,CHEMBL234
CHEMBL171672,c1c2c(cc3c1CC[C@@H]1[C@@H]3OCCN1CC1CC1)OCC2,CHEMBL234
CHEMBL2112912,C1=C(c2ccccc2)CCN(CCc2c[nH]c3ncccc23)C1,CHEMBL234
CHEMBL140184,CCCN(CCC)C1CCc2cc3c(cc2C1)OCC3,CHEMBL234
CHEMBL210578,O=C(CCCN1C2CCC1CC(O)(c1ccc(Cl)cc1)C2)c1ccc(F)cc1,CHEMBL234
CHEMBL210578,O=C(CCCN1C2CCC1CC(O)(c1ccc(Cl)cc1)C2)c1ccc(F)cc1,CHEMBL234
CHEMBL54,O=C(CCCN1CCC(O)(c2ccc(Cl)cc2)CC1)c1ccc(F)cc1,CHEMBL234
CHEMBL42,CN1CCN(C2=Nc3cc(Cl)ccc3Nc3ccccc32)CC1,CHEMBL234
CHEMBL42,CN1CCN(C2=Nc3cc(Cl)ccc3Nc3ccccc32)CC1,CHEMBL234
CHEMBL98241,C[C@H](CN1CCN(c2cc(F)c(F)cc2F)CC1)N1C(=O)CC2(CCCC2)CC1=O,CHEMBL234
CHEMBL54,O=C(CCCN1CCC(O)(c2ccc(Cl)cc2)CC1)c1ccc(F)cc1,CHEMBL234
CHEMBL54,O=C(CCCN1CCC(O)(c2ccc(Cl)cc2)CC1)c1ccc(F)cc1,CHEMBL234
CHEMBL12713,O=C1NCCN1CCN1CCC(c2cn(-c3ccc(F)cc3)c3ccc(Cl)cc23)CC1,CHEMBL234
CHEMBL71865,O=C(NC/C=C\CN1CCN(c2cccc(Cl)c2Cl)CC1)c1ccccc1,CHEMBL234
CHEMBL52096,Cc1cc(=O)oc2cc(OCCCN3CCN(c4ccccc4)CC3)ccc12,CHEMBL234
CHEMBL2093001,COc1ccc(S(=O)(=O)N(C)c2ccccc2)cc1-c1ccc(CN2CCCCC[C@H]2c2ccccc2)[nH]1,CHEMBL234
CHEMBL144600,COc1ccc(S(N)(=O)=O)cc1-c1ccc(CN2CCCCCC2c2ccccc2)[nH]1,CHEMBL234
CHEMBL22156,CCS(=O)(=O)c1ccc(OC)c(-c2ccc(CN3CCCCCC3c3ccccc3)[nH]2)c1,CHEMBL234
CHEMBL433552,COc1ccc(S(=O)(=O)Oc2ccccc2)cc1-c1ccc(CN2CCCCCC2c2ccccc2)[nH]1,CHEMBL234
CHEMBL145545,COc1ccc(S(=O)(=O)N(C)c2ccccc2)cc1-c1ccc(CN2CCCCCC2c2ccccc2)[nH]1,CHEMBL234
CHEMBL423198,COc1ccc(S(=O)(=O)N2CCOCC2)cc1-c1ccc(CN2CCCCCC2c2ccccc2)[nH]1,CHEMBL234
CHEMBL302374,O=C(NCCCCN1CCN(c2cccc(Cl)c2Cl)CC1)c1ccc(I)cc1,CHEMBL234
CHEMBL422788,Cc1cc2ccc(OCCCN3CCN(c4ccccc4)CC3)cc2oc1=O,CHEMBL234
CHEMBL120661,Cc1c(C)c2ccc(OCCCN3CCN(c4ccccc4)CC3)cc2oc1=O,CHEMBL234
CHEMBL144055,CCN(Cc1ccccc1)S(=O)(=O)c1ccc(OC)c(-c2ccc(CN3CCCCCC3c3ccccc3)[nH]2)c1,CHEMBL234
CHEMBL144141,COc1ccc(S(=O)(=O)Nc2ccccc2)cc1-c1ccc(CN2CCCCCC2c2ccccc2)[nH]1,CHEMBL234
CHEMBL304605,O=C(NC/C=C/CN1CCN(c2cccc(Cl)c2Cl)CC1)c1ccc2c(c1)Cc1ccccc1-2,CHEMBL234
CHEMBL71327,O=C(NC/C=C/CN1CCN(c2cccc(Cl)c2Cl)CC1)c1ccccc1,CHEMBL234
CHEMBL145408,COc1ccc(S(=O)(=O)N2CCCc3ccccc32)cc1-c1ccc(CN2CCCCCC2c2ccccc2)[nH]1,CHEMBL234
CHEMBL145141,COc1ccc(S(=O)(=O)Cc2ccccc2)cc1-c1ccc(CN2CCCCCC2c2ccccc2)[nH]1,CHEMBL234
CHEMBL2093000,CCS(=O)(=O)c1ccc(OC)c(-c2ccc(CN3CCCCC[C@H]3c3ccccc3)[nH]2)c1,CHEMBL234
CHEMBL120590,O=c1ccc2ccc(OCCCN3CCN(c4ccccc4)CC3)cc2o1,CHEMBL234
CHEMBL1788252,COc1ccc(S(=O)(=O)N(C)c2ccccc2)cc1-c1ccc(CN2CCCCC[C@@H]2c2ccccc2)[nH]1,CHEMBL234
CHEMBL68740,O=C(NCCCCN1CCN(c2cccc(Cl)c2Cl)CC1)c1cc2cc(F)ccc2[nH]1,CHEMBL234
CHEMBL1788258,CCS(=O)(=O)c1ccc(OC)c(-c2ccc(CN3CCCCC[C@@H]3c3ccccc3)[nH]2)c1,CHEMBL234
CHEMBL344531,COc1ccc(S(=O)(=O)C(C)C)cc1-c1ccc(CN2CCCCCC2c2ccccc2)[nH]1,CHEMBL234
CHEMBL280490,COc1ccc(S(=O)(=O)N(C)C)cc1-c1ccc(CN2CCCCCC2c2ccccc2)[nH]1,CHEMBL234
CHEMBL262724,O=C(NCCCCN1CCN(c2cccc(Cl)c2Cl)CC1)c1cnc2ccccc2n1,CHEMBL234
CHEMBL69451,O=C(NCCCCN1CCN(c2cccc(Cl)c2Cl)CC1)c1ccc(-c2ccccn2)cc1,CHEMBL234
CHEMBL356526,COc1ccc(S(=O)(=O)N2CCc3ccccc3C2)cc1-c1ccc(CN2CCCCCC2c2ccccc2)[nH]1,CHEMBL234
CHEMBL151286,Cc1ccc(C2CCN(Cc3ccc4c(c3)OCC(=O)N4)CC2)cc1,CHEMBL234
CHEMBL149233,O=C1COc2cc(CN3CCN(c4ccccc4)CC3)ccc2N1,CHEMBL234
CHEMBL151533,Cc1ccc(N2CCN(Cc3ccc4c(c3)OCC(=O)N4)CC2)cc1C,CHEMBL234
CHEMBL150173,Cc1ccc(N2CCN(Cc3ccc4c(c3)OCC(=O)N4)CC2)cc1,CHEMBL234
CHEMBL92860,COc1cc2c(cc1OC)C1=NO[C@@H](CN3CCN(Cc4ccc5ccccc5c4)CC3)[C@@H]1CO2,CHEMBL234
CHEMBL328114,COc1cc2c(cc1OC)C1=NO[C@@H](CN3CCN(C/C=C/c4ccccc4)CC3)[C@@H]1CO2,CHEMBL234
CHEMBL267930,O=C(CCCN1CCC2(CC1)C(=O)NCN2c1ccccc1)c1ccc(F)cc1,CHEMBL234
CHEMBL59725,O=C(NCCCCN1CCN(c2cccc(Cl)c2Cl)CC1)c1cc2ccccc2s1,CHEMBL234
CHEMBL54,O=C(CCCN1CCC(O)(c2ccc(Cl)cc2)CC1)c1ccc(F)cc1,CHEMBL234
CHEMBL124444,COc1ccccc1N1CCN(CCCCNC(=O)c2cc3ccccc3o2)CC1,CHEMBL234
CHEMBL26,CCN1CCCC1CNC(=O)c1cc(S(N)(=O)=O)ccc1OC,CHEMBL234
CHEMBL175838,O=C(NC/C=C/CN1CCN(c2cccc(Cl)c2Cl)CC1)c1cccnc1,CHEMBL234
CHEMBL367720,O=C(NC/C=C/CN1CCN(c2cccc(Cl)c2Cl)CC1)c1ccncc1,CHEMBL234
CHEMBL180010,O=C(NC/C=C/CN1CCN(c2cccc(Cl)c2Cl)CC1)c1ccc(-c2ccccn2)cc1,CHEMBL234
CHEMBL414838,O=C(NC/C=C/CN1CCN(c2cccc(Cl)c2Cl)CC1)c1ccc(-c2cccnc2)cc1,CHEMBL234
CHEMBL425143,O=C(NC/C=C/CN1CCN(c2cccc(Cl)c2Cl)CC1)c1ccc(-c2ccncc2)cc1,CHEMBL234
CHEMBL368961,O=C(NC/C=C/CN1CCN(c2cccc(Cl)c2Cl)CC1)c1ccc(-c2ncccn2)cc1,CHEMBL234
CHEMBL179351,O=C(NC/C=C/CN1CCN(c2cccc(Cl)c2Cl)CC1)c1ccc(-c2ncc[nH]2)cc1,CHEMBL234
CHEMBL175462,O=C(NC/C=C/CN1CCN(c2cccc(Cl)c2Cl)CC1)c1cnc2ccccc2n1,CHEMBL234
CHEMBL175734,O=C(NC/C=C/CN1CCN(c2cccc(Cl)c2Cl)CC1)c1cc2ccccc2s1,CHEMBL234
CHEMBL366904,O=C(NC/C=C/CN1CCN(c2cccc(Cl)c2Cl)CC1)c1cc2ccccc2o1,CHEMBL234
CHEMBL304605,O=C(NC/C=C/CN1CCN(c2cccc(Cl)c2Cl)CC1)c1ccc2c(c1)Cc1ccccc1-2,CHEMBL234
CHEMBL300780,O=C(NCCCCN1CCN(c2cccc(Cl)c2Cl)CC1)c1ccc2c(c1)Cc1ccccc1-2,CHEMBL234
CHEMBL302374,O=C(NCCCCN1CCN(c2cccc(Cl)c2Cl)CC1)c1ccc(I)cc1,CHEMBL234
CHEMBL262724,O=C(NCCCCN1CCN(c2cccc(Cl)c2Cl)CC1)c1cnc2ccccc2n1,CHEMBL234
CHEMBL69451,O=C(NCCCCN1CCN(c2cccc(Cl)c2Cl)CC1)c1ccc(-c2ccccn2)cc1,CHEMBL234
CHEMBL179960,O=C(NCCCCN1CCN(c2cccc(Cl)c2Cl)CC1)c1ccc(-c2cccnc2)cc1,CHEMBL234
CHEMBL59725,O=C(NCCCCN1CCN(c2cccc(Cl)c2Cl)CC1)c1cc2ccccc2s1,CHEMBL234
CHEMBL139926,O=C(NCCCCN1CCN(c2cccc(Cl)c2Cl)CC1)c1cc2ccccc2o1,CHEMBL234
CHEMBL177398,O=C(NC/C=C/CN1CCN(c2cccc(Cl)c2Cl)CC1)c1ccccc1F,CHEMBL234
CHEMBL175677,O=C(NC/C=C/CN1CCN(c2cccc(Cl)c2Cl)CC1)c1cccc(F)c1,CHEMBL234
CHEMBL366900,O=C(NC/C=C/CN1CCN(c2cccc(Cl)c2Cl)CC1)c1ccc(F)cc1,CHEMBL234
CHEMBL179003,O=C(NC/C=C/CN1CCN(c2cccc(Cl)c2Cl)CC1)c1ccccc1Cl,CHEMBL234
CHEMBL176884,O=C(NC/C=C/CN1CCN(c2cccc(Cl)c2Cl)CC1)c1cccc(Cl)c1,CHEMBL234
CHEMBL175466,O=C(NC/C=C/CN1CCN(c2cccc(Cl)c2Cl)CC1)c1ccc(Cl)cc1,CHEMBL234
CHEMBL176212,O=C(NC/C=C/CN1CCN(c2cccc(Cl)c2Cl)CC1)c1ccccc1I,CHEMBL234
CHEMBL100454,CN1CCN(C2=Nc3ccccc3Nc3sc(CO)cc32)CC1,CHEMBL231
CHEMBL715,Cc1cc2c(s1)Nc1ccccc1N=C2N1CCN(C)CC1,CHEMBL231
CHEMBL1125,Cc1cc2c(s1)Nc1ccccc1N=C2N1CCNCC1,CHEMBL231
CHEMBL440512,Cc1cc2c(s1)Nc1ccccc1N=C2N1CC[N+](C)([O-])CC1,CHEMBL231
CHEMBL90,NCCc1c[nH]cn1,CHEMBL231
CHEMBL1241,CN(C)CCN(Cc1ccccc1)c1ccccn1,CHEMBL231
CHEMBL90,NCCc1c[nH]cn1,CHEMBL231
CHEMBL158352,NCCCCCCCCCCCc1c[nH]cn1,CHEMBL231
CHEMBL511,COc1ccc(CN(CCN(C)C)c2ccccn2)cc1,CHEMBL231
CHEMBL96467,C[C@@H]1OC(=O)N(C(=O)NCCCN2CCC(c3ccc(F)cc3)CC2)[C@H]1c1ccc(F)c(F)c1,CHEMBL231
CHEMBL105669,CCOC(=O)N1CCN(CCCOc2ccc(-c3ccc(C#N)cc3C)cc2)CC1,CHEMBL231
CHEMBL320178,CCOC(=O)N1CCN(CCCOc2ccc(-c3ccc(C#N)cc3)cc2)CC1,CHEMBL231
CHEMBL322873,CC1CCCN(CCCOc2ccc(-c3ccc(C#N)cc3)cc2)C1,CHEMBL231
CHEMBL317900,CCOC(=O)N1CCN(CCCOc2ccc(-c3ccc(Br)cc3)cc2)CC1,CHEMBL231
CHEMBL105952,CCOC(=O)N1CCN(CCCOc2ccc(-c3ccccc3[N+](=O)[O-])cc2)CC1,CHEMBL231
CHEMBL318320,CCOC(=O)N1CCN(CCCOc2ccc(-c3ccc([N+](=O)[O-])cc3)cc2)CC1,CHEMBL231
CHEMBL96732,CN(C)CC1C[C@H]2c3ccccc3Cc3ccccc3[C@H]2O1,CHEMBL231
CHEMBL327651,CN(C)C[C@@H]1C[C@H]2c3ccccc3Cc3ccccc3[C@@H]2O1,CHEMBL231
CHEMBL431458,COc1cc(C(=O)N2CCC(CCN3CCC(C(=O)c4nc5ccccc5n4Cc4ccc(F)cc4)CC3)(c3ccccc3)C2)cc(OC)c1OC.O=C(O)/C=C/C(=O)O,CHEMBL231
CHEMBL328662,O=C(c1ccc(F)cc1)C1CCN(CC2C[C@@H]3c4ccccc4Cc4ccccc4[C@H]3O2)CC1,CHEMBL231
CHEMBL329685,CNCC1C[C@@H]2c3ccccc3Cc3ccccc3[C@H]2O1,CHEMBL231
CHEMBL316068,CN1CCN(CC2C[C@@H]3c4ccccc4Sc4ccccc4[C@H]3O2)CC1,CHEMBL231
CHEMBL327306,CN(C)CC1C[C@@H]2c3ccccc3Sc3ccccc3[C@H]2O1,CHEMBL231
CHEMBL330719,COc1cc(C(=O)N2CCC(CCN3CCC(C(=O)c4nc5ccccc5n4Cc4ccncc4)CC3)(c3ccccc3)C2)cc(OC)c1OC,CHEMBL231
CHEMBL82714,CN(C)CC1(C)CC2c3ccccc3Cc3ccccc3N2O1,CHEMBL231
CHEMBL327497,COc1ccc(C2(CCN3CCC(C(=O)c4nc5ccccc5n4Cc4ccc(F)cc4)CC3)CCN(C(=O)c3ccccc3)C2)cc1OC,CHEMBL231
CHEMBL330367,CCOc1cc(C(=O)N2CCC(CCN3CCC(C(=O)c4nc5ccccc5n4Cc4ccc(F)cc4)CC3)(c3ccc(OC)c(OC)c3)C2)cc(OCC)c1OCC.O=C(O)/C=C/C(=O)O,CHEMBL231
CHEMBL330713,CN(C)CC1C[C@H]2c3ccccc3Oc3ccccc3[C@H]2O1,CHEMBL231
CHEMBL79249,c1ccc2c(c1)Cc1ccccc1N1OC(CN3CCOCC3)CC21,CHEMBL231
CHEMBL314968,c1ccc(C2CCN(CC3C[C@@H]4c5ccccc5Sc5ccccc5[C@H]4O3)CC2)cc1,CHEMBL231
CHEMBL92337,OCCN1CCN(CC2C[C@@H]3c4ccccc4Cc4ccccc4[C@H]3O2)CC1,CHEMBL231
CHEMBL2112371,CNC[C@@H]1C[C@H]2c3ccccc3Cc3ccccc3[C@@H]2O1,CHEMBL231
CHEMBL83731,NCC1CC2c3ccccc3Cc3ccccc3N2O1,CHEMBL231
CHEMBL328573,CN(C)C[C@@H]1C[C@@H]2c3ccccc3Cc3ccccc3N2O1,CHEMBL231
CHEMBL96158,CN(C)CC1C[C@@H]2c3ccccc3Oc3ccccc3[C@H]2O1,CHEMBL231
CHEMBL329566,CN(C)C[C@H]1C[C@@H]2c3ccccc3Cc3ccccc3[C@H]2O1,CHEMBL231
CHEMBL95127,COc1cc(C(=O)N2CCC(CCN3CCC(C(=O)c4nc5ccccc5n4Cc4ccco4)CC3)(c3ccccc3)C2)cc(OC)c1OC,CHEMBL231
CHEMBL310183,CN(C)CC1CC2c3ccccc3Oc3ccc(Cl)cc3N2O1,CHEMBL231
CHEMBL81485,CNCC1CC2c3ccccc3Cc3ccccc3N2O1,CHEMBL231
CHEMBL83658,CN(C)CC1CC2c3ccccc3Cc3ccccc3N2O1,CHEMBL231
CHEMBL313189,CN(C)CCC1CC2c3ccccc3Cc3ccccc3N2O1,CHEMBL231
CHEMBL328356,CN(C)CC1C[C@@H]2c3ccccc3N(C)c3ccccc3[C@H]2O1,CHEMBL231
CHEMBL82714,CN(C)CC1(C)CC2c3ccccc3Cc3ccccc3N2O1,CHEMBL231
CHEMBL316438,c1ccc2c(c1)Cc1ccccc1N1OC(CN3CCCC3)CC21,CHEMBL231
CHEMBL318659,CN1CCN(CC2C[C@@H]3c4ccccc4Cc4ccccc4[C@H]3O2)CC1,CHEMBL231
CHEMBL95051,COc1ccc(CCN2CCC(C(=O)c3nc4ccccc4n3Cc3ccc(F)cc3)CC2)cc1,CHEMBL231
CHEMBL93321,CN(C)CC1C[C@@H]2c3ccccc3OCc3ccccc3[C@H]2O1,CHEMBL231
CHEMBL329268,CN(C)C[C@@H]1C[C@@H]2c3ccccc3Cc3ccccc3[C@H]2O1,CHEMBL231
CHEMBL309904,CC(C)N(CC1CC2c3ccccc3Cc3ccccc3N2O1)C(C)C,CHEMBL231
CHEMBL328209,CN(C)CC1C[C@@H]2c3ccccc3COc3ccccc3[C@H]2O1,CHEMBL231
CHEMBL330430,COc1cc(C(=O)N2CCC(CCN3CCC(C(=O)c4nc5ccccc5n4Cc4ccc(F)cc4)CC3)(c3ccc(Cl)c(Cl)c3)C2)cc(OC)c1OC.O=C(O)/C=C/C(=O)O,CHEMBL231
CHEMBL93556,COc1ccc(C2(CCN3CCC(C(=O)c4nc5ccccc5n4Cc4ccc(F)cc4)CC3)CCN(C(=O)c3cc(OC)c(OC)c(OC)c3)C2)cc1OC,CHEMBL231
CHEMBL96471,c1ccc(C2CCN(CC3C[C@@H]4c5ccccc5Cc5ccccc5[C@H]4O3)CC2)cc1,CHEMBL231
CHEMBL6437,CN1CCN2c3ccccc3Cc3ccccc3C2C1,CHEMBL231
CHEMBL96429,c1ccc2c(c1)Cc1ccccc1[C@H]1OC(CN3CCOCC3)C[C@H]21,CHEMBL231
CHEMBL317524,COc1cc(C(=O)N2CCC(CCN3CCC(C(=O)c4nc5ccccc5n4Cc4ccc(F)cc4)CC3)(c3ccc4c(c3)OCO4)C2)cc(OC)c1OC.CS(=O)(=O)O,CHEMBL231
CHEMBL84293,CCN(CC)CC1CC2c3ccccc3Cc3ccccc3N2O1,CHEMBL231
CHEMBL92667,CN(C)CC1C[C@@H]2c3ccccc3Cc3ccccc3[C@H]2O1,CHEMBL231
CHEMBL708,O=C1Cc2cc(CCN3CCN(c4nsc5ccccc45)CC3)c(Cl)cc2N1,CHEMBL231
CHEMBL715,Cc1cc2c(s1)Nc1ccccc1N=C2N1CCN(C)CC1,CHEMBL231
CHEMBL716,OCCOCCN1CCN(C2=Nc3ccccc3Sc3ccccc32)CC1,CHEMBL231
CHEMBL42,CN1CCN(C2=Nc3cc(Cl)ccc3Nc3ccccc32)CC1,CHEMBL231
CHEMBL85,Cc1nc2n(c(=O)c1CCN1CCC(c3noc4cc(F)ccc34)CC1)CCCC2,CHEMBL231
CHEMBL285802,CN(C)CCOC1=Cc2ccccc2Sc2ccc(Cl)cc21,CHEMBL231
CHEMBL83658,CN(C)CC1CC2c3ccccc3Cc3ccccc3N2O1,CHEMBL231
CHEMBL315772,CN(C)CC1CC2c3ccccc3Cc3ccc(Cl)cc3N2O1,CHEMBL231
CHEMBL331188,CN(C)CC1CC2c3cccnc3Cc3ccccc3N2O1,CHEMBL231
CHEMBL564226,C[C@H](C1=C(CCN(C)C)Cc2ccccc21)c1ccccn1,CHEMBL231
CHEMBL167223,CC(C1=C(CCN(C)C)Cc2cc(Cl)ccc21)c1ccccn1,CHEMBL231
CHEMBL172233,CC(C1=C(CCN(C)CCF)Cc2ccccc21)c1ccccn1,CHEMBL231
CHEMBL352375,CC(C1=C(CCN(C(C)C)C(C)C)Cc2ccccc21)c1ccccn1,CHEMBL231
CHEMBL1493369,C[C@@H](C1=C(CCN(C)C)Cc2ccccc21)c1ccccn1,CHEMBL231
CHEMBL434684,CC(C1=C(CN(C)C)Cc2ccccc21)c1ccccn1,CHEMBL231
CHEMBL22108,CC(C1=C(CCN(C)C)Cc2ccccc21)c1ccccn1,CHEMBL231
CHEMBL716,OCCOCCN1CCN(C2=Nc3ccccc3Sc3ccccc32)CC1,CHEMBL231
CHEMBL85,Cc1nc2n(c(=O)c1CCN1CCC(c3noc4cc(F)ccc34)CC1)CCCC2,CHEMBL231
CHEMBL285802,CN(C)CCOC1=Cc2ccccc2Sc2ccc(Cl)cc21,CHEMBL231
CHEMBL715,Cc1cc2c(s1)Nc1ccccc1N=C2N1CCN(C)CC1,CHEMBL231
CHEMBL42,CN1CCN(C2=Nc3cc(Cl)ccc3Nc3ccccc32)CC1,CHEMBL231
CHEMBL62803,CCCCCC(=O)c1ccc(OCCCN2CCN(C(=O)OCC)CC2)cc1,CHEMBL231
CHEMBL74688,NC(=O)N(O)CCC#C[C@H]1CC[C@H](CN2CCN([C@H](c3ccccc3)c3ccc(Cl)cc3)CC2)O1,CHEMBL231
CHEMBL60360,CCCCCC(=O)c1ccc(OCCCN2CCN(Cc3nccs3)CC2)cc1,CHEMBL231
CHEMBL440864,CCOC(=O)N1CCN(CCCOc2ccc(C(=O)c3ccc(F)cc3)cc2)CC1,CHEMBL231
CHEMBL294519,CCCCCC(=O)c1ccc(OCCCN2CCN(C(=O)c3ccccc3)CC2)cc1,CHEMBL231
CHEMBL291882,CCCCCC(=O)c1ccc(OCCCN2CCN(C(=O)c3sccc3Cl)CC2)cc1,CHEMBL231
CHEMBL60383,CCCCCC(=O)c1ccc(OCCCN2CCN(C(=O)c3ccc(C)s3)CC2)cc1,CHEMBL231
CHEMBL312082,CC(C#Cc1ccc(CN2CCN([C@H](c3ccccc3)c3ccc(Cl)cc3)CC2)o1)N(O)C(N)=O,CHEMBL231
CHEMBL64775,CCCCCC(=O)c1ccc(OCCCN2CCN(C(=O)OCC(C)C)CC2)cc1,CHEMBL231
CHEMBL73135,NC(=O)N(O)CCC#Cc1ccc(CN2CCN([C@H](c3ccccc3)c3ccc(Cl)cc3)CC2)o1,CHEMBL231
CHEMBL296419,COc1ccc(CCN2CCC(Nc3nc4ccccc4n3Cc3ccc(F)cc3)CC2)cc1,CHEMBL231
CHEMBL61396,CCCCCC(=O)c1ccc(OCCCN2CCN(C(=O)c3occc3C)CC2)cc1,CHEMBL231
CHEMBL17157,CC(C)(C)c1ccc(C(O)CCCN2CCC(C(O)(c3ccccc3)c3ccccc3)CC2)cc1,CHEMBL231
CHEMBL305662,NC(=O)N(O)CCC#C[C@@H]1CC[C@@H](CN2CCN([C@H](c3ccccc3)c3ccc(Cl)cc3)CC2)O1,CHEMBL231
CHEMBL1000,O=C(O)COCCN1CCN(C(c2ccccc2)c2ccc(Cl)cc2)CC1,CHEMBL231
CHEMBL305338,CCCCCC(=O)c1ccc(OCCCN2CCN(C(=O)Cc3ccccc3)CC2)cc1,CHEMBL231
CHEMBL307609,NC(=O)N(O)Cc1ccc(CN2CCN([C@H](c3ccccc3)c3ccc(Cl)cc3)CC2)o1,CHEMBL231
CHEMBL62726,CCCCCC(=O)c1ccc(OCCCN2CCN(C(=O)c3cccs3)CC2)cc1,CHEMBL231
CHEMBL64884,CCCCCC(=O)c1ccc(OCCCN2CCN(C(=O)c3cccn3C)CC2)cc1,CHEMBL231
CHEMBL64259,CCCCCC(=O)c1ccc(OCCCN2CCN(C(=O)OC(C)C)CC2)cc1,CHEMBL231
CHEMBL325258,N#Cc1ccc(CCOC(=O)N2CCN(CCCc3ccccc3)CC2)cc1,CHEMBL231
CHEMBL42335,CC1=C(C(=O)NCCCN2CCC(C#N)(c3ccc(F)cc3C#N)CC2)[C@@H](c2ccc(F)c(F)c2)CC(=O)N1,CHEMBL231
CHEMBL295395,CC1=C(C(=O)NCCCN2CCC(C#N)(c3ccc(F)cc3F)CC2)[C@@H](c2ccc(F)c(F)c2)CC(=O)N1C,CHEMBL231
CHEMBL43491,CC1=C(C(=O)NCCCN2CCC(c3ccc(F)cc3C#N)CC2)[C@@H](c2ccc(F)c(F)c2)CC(=O)N1,CHEMBL231
CHEMBL43860,CC1=C(C(=O)NCCCN2CCC(c3ccc(F)cc3)CC2)[C@@H](c2ccc(F)c(F)c2)CC(=O)N1,CHEMBL231
CHEMBL288768,CC1=C(C(=O)NCCCN2CCC(C#N)(c3ccc(F)cc3)CC2)[C@@H](c2ccc(F)c(F)c2)CC(=O)N1,CHEMBL231
CHEMBL295001,CC1=C(C(=O)NCCCN2CCC(C#N)(c3ccc(F)cc3F)CC2)[C@@H](c2ccc(F)c(F)c2)CC(=O)N1,CHEMBL231
CHEMBL315834,CN(C)CC1CC2c3ccccc3Cc3c(F)cccc3N2O1,CHEMBL231
CHEMBL313604,CN(C)CC1CC2c3ccccc3Cc3cccc(Cl)c3N2O1,CHEMBL231
CHEMBL84931,CN(C)CC1CC2c3ccccc3Cc3ccc(F)cc3N2O1,CHEMBL231
CHEMBL315772,CN(C)CC1CC2c3ccccc3Cc3ccc(Cl)cc3N2O1,CHEMBL231
CHEMBL314107,CN(C)CC1CC2c3cc(F)ccc3Cc3ccc(F)cc3N2O1,CHEMBL231
CHEMBL314795,Cc1cccc2c1C1CC(CN(C)C)ON1c1ccccc1C2,CHEMBL231
CHEMBL83073,CN(C)CC1CC2c3cccc(C(F)(F)F)c3Cc3ccccc3N2O1,CHEMBL231
CHEMBL83658,CN(C)CC1CC2c3ccccc3Cc3ccccc3N2O1,CHEMBL231
CHEMBL82635,Cc1cccc2c1Cc1ccccc1C1CC(CN(C)C)ON21,CHEMBL231
CHEMBL84081,CN(C)CC1CC2c3ccccc3Cc3cc(F)ccc3N2O1,CHEMBL231
CHEMBL85735,Cc1ccc2c(c1)N1OC(CN(C)C)CC1c1ccccc1C2,CHEMBL231
CHEMBL315308,CN(C)CC1CC2c3ccccc3Cc3ccc(-c4ccccc4)cc3N2O1,CHEMBL231
CHEMBL315044,COc1ccc2c(c1)C1CC(CN(C)C)ON1c1ccccc1C2,CHEMBL231
CHEMBL85155,Cc1ccc2c(c1)Cc1ccccc1N1OC(CN(C)C)CC21,CHEMBL231
CHEMBL82966,CN(C)CC1CC2c3cccc(F)c3Cc3ccccc3N2O1,CHEMBL231
CHEMBL84810,CN(C)CC1CC2c3c(cccc3C(F)(F)F)Cc3ccccc3N2O1,CHEMBL231
CHEMBL314885,CN(C)CC1CC2c3cc(F)ccc3Cc3ccccc3N2O1,CHEMBL231
CHEMBL95243,COC(=O)c1ccc(Cn2c(C(=O)C3CCN(CCC4(c5ccc(OC)c(OC)c5)CCN(C(=O)c5cc(OC)c(OC)c(OC)c5)C4)CC3)nc3ccccc32)cc1,CHEMBL231
CHEMBL327888,CCOCCn1c(C(=O)C2CCN(CCC3(c4ccc(OC)c(OC)c4)CCN(C(=O)c4cc(OC)c(OC)c(OC)c4)C3)CC2)nc2ccccc21,CHEMBL231
CHEMBL273915,COc1ccc(C2(CCN3CCC(C(=O)c4nc5ccccc5n4Cc4ccc(C(=O)O)cc4)CC3)CCN(C(=O)c3cc(OC)c(OC)c(OC)c3)C2)cc1OC,CHEMBL231
CHEMBL329055,COc1cc(C(=O)N2CCCC(CCN3CCC(C(=O)c4nc5ccccc5n4Cc4ccc(F)cc4)CC3)(c3ccc(Cl)c(Cl)c3)C2)cc(OC)c1OC,CHEMBL231
CHEMBL95029,COC(=O)c1ccccc1OCCCCn1c(C(=O)C2CCN(CCC3(c4ccccc4)CCN(C(=O)c4cc(OC)c(OC)c(OC)c4)C3)CC2)nc2ccccc21,CHEMBL231
CHEMBL97240,COc1cc(C(=O)N2CCC(CCN3CCC(C(=O)c4nc5ccccc5n4CCN4CCOCC4)CC3)(c3ccc(Cl)c(Cl)c3)C2)cc(OC)c1OC,CHEMBL231
CHEMBL96441,COc1ccc(C2(CCN3CCC(C(=O)c4nc5ccccc5[nH]4)CC3)CCN(C(=O)c3cc(OC)c(OC)c(OC)c3)C2)cc1OC,CHEMBL231
CHEMBL95127,COc1cc(C(=O)N2CCC(CCN3CCC(C(=O)c4nc5ccccc5n4Cc4ccco4)CC3)(c3ccccc3)C2)cc(OC)c1OC,CHEMBL231
CHEMBL96141,CCOCCn1c(C(=O)C2CCN(CCC3(c4ccc(Cl)c(Cl)c4)CCN(C(=O)c4cc(OC)c(OC)c(OC)c4)C3)CC2)nc2ccccc21,CHEMBL231
CHEMBL320003,COc1cc(C(=O)N2CCC(CCN3CCC(C(=O)c4nc5ccccc5[nH]4)CC3)(c3ccc(Cl)c(Cl)c3)C2)cc(OC)c1OC,CHEMBL231
CHEMBL94834,COc1cc(C(=O)N2CCC(CCN3CCC(C(=O)c4nc5ccccc5n4Cc4ccc(F)cc4)CC3)(c3ccc(C(F)(F)F)cc3)C2)cc(OC)c1OC,CHEMBL231
CHEMBL327497,COc1ccc(C2(CCN3CCC(C(=O)c4nc5ccccc5n4Cc4ccc(F)cc4)CC3)CCN(C(=O)c3ccccc3)C2)cc1OC,CHEMBL231
CHEMBL95076,COc1cc(C(=O)N2CCC(CCN3CCC(C(=O)c4nc5ccccc5n4CCOCc4ccco4)CC3)(c3ccccc3)C2)cc(OC)c1OC,CHEMBL231
CHEMBL330719,COc1cc(C(=O)N2CCC(CCN3CCC(C(=O)c4nc5ccccc5n4Cc4ccncc4)CC3)(c3ccccc3)C2)cc(OC)c1OC,CHEMBL231
CHEMBL98076,COc1ccc(CCN2CCC(=Nc3nc4ccccc4n3Cc3ccc(F)cc3)CC2)cc1,CHEMBL231
CHEMBL320002,COc1cc(C(=O)N2CCC(CCN3CCC(C(=O)c4nc5ccccc5n4Cc4ccc(F)cc4)CC3)(c3ccc4c(c3)OCO4)C2)cc(OC)c1OC,CHEMBL231
CHEMBL96466,O=C(c1nc2ccccc2n1Cc1ccc(F)cc1)C1CCN(CCC2(c3ccc4c(c3)OCO4)CCN(C(=O)c3ccc(Cl)cc3Cl)C2)CC1,CHEMBL231
CHEMBL97357,COc1cc(C(=O)N2CCC(CCN3CCC(C(=O)c4nc5ccccc5n4Cc4ccc(F)cc4)CC3)(c3ccc(Cl)c(Cl)c3)C2)cc(OC)c1OC,CHEMBL231
CHEMBL328511,COC(=O)c1ccc(Cn2c(C(=O)C3CCN(CCC4(c5ccccc5)CCN(C(=O)c5cc(OC)c(OC)c(OC)c5)C4)CC3)nc3ccccc32)cc1,CHEMBL231
CHEMBL95125,COc1cc(C(=O)N2CCC(CCN3CCC(C(=O)c4nc5ccccc5n4Cc4ccccn4)CC3)(c3ccc(Cl)c(Cl)c3)C2)cc(OC)c1OC,CHEMBL231
CHEMBL430471,COc1cc(C(=O)N2CCC(CCN3CCC(C(=O)c4nc5ccccc5n4CCCCOc4ccccc4C(=O)O)CC3)(c3ccccc3)C2)cc(OC)c1OC,CHEMBL231
CHEMBL318369,CCOC(=O)CCCn1c(C(=O)C2CCN(CCC3(c4ccc(Cl)c(Cl)c4)CCN(C(=O)c4cc(OC)c(OC)c(OC)c4)C3)CC2)nc2ccccc21,CHEMBL231
CHEMBL330499,COc1cc(C(=O)N2CCC(CCN3CCC(C(=O)c4nc5ccccc5[nH]4)CC3)(c3ccccc3)C2)cc(OC)c1OC,CHEMBL231
CHEMBL94788,COc1cc(C(=O)N2CCC(CCN3CCC(C(=O)c4nc5ccccc5n4CCCC(=O)O)CC3)(c3ccc(Cl)c(Cl)c3)C2)cc(OC)c1OC,CHEMBL231
CHEMBL411691,COc1cc(C(=O)N2CCC(CCN3CCC(C(=O)c4nc5ccccc5n4Cc4ccc(C(=O)O)cc4)CC3)(c3ccccc3)C2)cc(OC)c1OC,CHEMBL231
CHEMBL93556,COc1ccc(C2(CCN3CCC(C(=O)c4nc5ccccc5n4Cc4ccc(F)cc4)CC3)CCN(C(=O)c3cc(OC)c(OC)c(OC)c3)C2)cc1OC,CHEMBL231
CHEMBL264007,COc1cc(C(=O)N2CCC(CCN3CCC(C(=O)c4nc5ccccc5n4Cc4ccc(F)cc4)CC3)(c3ccc(F)cc3F)C2)cc(OC)c1OC,CHEMBL231
CHEMBL96442,COc1cc(C(=O)N2CCC(CCN3CCC(C(=O)c4nc5ccccc5n4Cc4ccccn4)CC3)(c3ccccc3)C2)cc(OC)c1OC,CHEMBL231
CHEMBL94726,COc1ccc(C(=O)N2CCC(CCN3CCC(C(=O)c4nc5ccccc5n4Cc4ccc(F)cc4)CC3)(c3ccc4c(c3)OCO4)C2)c(OC)c1OC,CHEMBL231
CHEMBL330172,COc1cc(C(=O)N2CCC(CCN3CCC(C(=O)c4nc5ccccc5n4Cc4cccnc4)CC3)(c3ccccc3)C2)cc(OC)c1OC,CHEMBL231
CHEMBL94480,COc1cc(C(=O)N2CCC(CCN3CCC(C(=O)c4nc5ccccc5n4Cc4ccccn4)CC3)(c3ccc(F)cc3)C2)cc(OC)c1OC,CHEMBL231
CHEMBL95051,COc1ccc(CCN2CCC(C(=O)c3nc4ccccc4n3Cc3ccc(F)cc3)CC2)cc1,CHEMBL231
CHEMBL330462,CCOc1cc(C(=O)N2CCC(CCN3CCC(C(=O)c4nc5ccccc5n4Cc4ccc(F)cc4)CC3)(c3ccc(OC)c(OC)c3)C2)cc(OCC)c1OCC,CHEMBL231
CHEMBL322194,CCOCCn1c(C(=O)C2CCN(CCC3(c4ccccc4)CCN(C(=O)c4cc(OC)c(OC)c(OC)c4)C3)CC2)nc2ccccc21,CHEMBL231
CHEMBL93519,COc1ccc(C2(CCN3CCC(C(=O)c4nc5ccccc5n4Cc4ccccn4)CC3)CCN(C(=O)c3cc(OC)c(OC)c(OC)c3)C2)cc1,CHEMBL231
CHEMBL94906,CCOCCn1c(C(=O)C2CCN(CCC3(c4ccc(F)cc4)CCN(Cc4cc(OC)c(OC)c(OC)c4)C3=O)CC2)nc2ccccc21,CHEMBL231
CHEMBL319535,CC(C)Oc1cccc(CC(=O)N2CCC(CCN3CCC(C(=O)c4nc5ccccc5n4Cc4ccc(F)cc4)CC3)(c3ccc4c(c3)OCO4)C2)c1,CHEMBL231
CHEMBL98079,COc1cc(C(=O)N2CCC(CCN3CCC(C(=O)c4nc5ccccc5n4Cc4ccc(F)cc4)CC3)(c3ccccc3)C2)cc(OC)c1OC,CHEMBL231
CHEMBL91157,COc1cc2c(cc1OC)C1=NO[C@@H](CN3CCN(C/C(C)=C/c4ccccc4)CC3)[C@@H]1CO2,CHEMBL231
CHEMBL360953,Cn1ccc2c1CCn1ccnc1C2=C1CCNCC1,CHEMBL231
CHEMBL444353,Cn1ccc2c1C(=O)Cn1ccnc1C2=C1CCNCC1,CHEMBL231
CHEMBL998,CCOC(=O)N1CCC(=C2c3ccc(Cl)cc3CCc3cccnc32)CC1,CHEMBL231
CHEMBL1201190,Cl.Cl.O=C(O)COCCN1CCN([C@H](c2ccccc2)c2ccc(Cl)cc2)CC1,CHEMBL231
CHEMBL539843,Cl.Cl.NC(=O)c1cnc2n1CCc1ccccc1C21CCNCC1,CHEMBL231
CHEMBL366925,COC(=O)N(O)CCC#Cc1ccc(OCCCCN2CCN(C(c3ccc(F)cc3)c3ccc(F)cc3)CC2)cc1,CHEMBL231
CHEMBL181085,CC(C)COC(=O)N(O)CCC#Cc1ccc(OCCCCN2CCN(C(c3ccc(F)cc3)c3ccc(F)cc3)CC2)cc1,CHEMBL231
CHEMBL360666,O=C(OCc1ccccc1)N(O)CCC#Cc1ccc(OCCCCN2CCN(C(c3ccc(F)cc3)c3ccc(F)cc3)CC2)cc1,CHEMBL231
CHEMBL1000,O=C(O)COCCN1CCN(C(c2ccccc2)c2ccc(Cl)cc2)CC1,CHEMBL231
CHEMBL444083,NC(=O)N(O)CCC#Cc1ccc(OCCCCN2CCN(C(c3ccc(F)cc3)c3ccc(F)cc3)CC2)cc1,CHEMBL231
CHEMBL179590,CCOC(=O)N(O)CCC#Cc1ccc(OCCCCN2CCN(C(c3ccc(F)cc3)c3ccc(F)cc3)CC2)cc1,CHEMBL231
CHEMBL180233,CC(C)OC(=O)N(O)CCC#Cc1ccc(OCCCCN2CCN(C(c3ccc(F)cc3)c3ccc(F)cc3)CC2)cc1,CHEMBL231
CHEMBL185905,NC(=O)N(O)CCC#Cc1ccc(OCCN2CCC(=C3c4ccc(Cl)cc4CCc4cccnc43)CC2)cc1,CHEMBL231
CHEMBL188021,NC(=O)N(O)CCC#Cc1ccc(OCCCN2CCC(=C3c4ccc(Cl)cc4CCc4cccnc43)CC2)cc1,CHEMBL231
CHEMBL360202,NC(=O)N(O)CCC#Cc1ccc(OCCCCN2CCC(=C3c4ccc(Cl)cc4CCc4cccnc43)CC2)cc1,CHEMBL231
CHEMBL1000,O=C(O)COCCN1CCN(C(c2ccccc2)c2ccc(Cl)cc2)CC1,CHEMBL231
CHEMBL1172,Clc1ccc2c(c1)CCc1cccnc1C2=C1CCNCC1,CHEMBL231
CHEMBL425358,NC(=O)N(O)CCC#Cc1ccc(OCCN2CCN([C@H](c3ccccc3)c3ccc(Cl)cc3)CC2)cc1,CHEMBL231
CHEMBL187264,NC(=O)N(O)CCC#Cc1ccc(OCCCN2CCN([C@H](c3ccccc3)c3ccc(Cl)cc3)CC2)cc1,CHEMBL231
CHEMBL186125,NC(=O)N(O)CCC#Cc1ccc(OCCCCN2CCN([C@H](c3ccccc3)c3ccc(Cl)cc3)CC2)cc1,CHEMBL231
CHEMBL187637,NC(=O)N(O)CCC#Cc1ccc(OCCN2CCN(C(c3ccc(F)cc3)c3ccc(F)cc3)CC2)cc1,CHEMBL231
CHEMBL185825,NC(=O)N(O)CCC#Cc1ccc(OCCCN2CCN(C(c3ccc(F)cc3)c3ccc(F)cc3)CC2)cc1,CHEMBL231
CHEMBL444083,NC(=O)N(O)CCC#Cc1ccc(OCCCCN2CCN(C(c3ccc(F)cc3)c3ccc(F)cc3)CC2)cc1,CHEMBL231
CHEMBL366164,CN(C)C[C@H]1C[C@@H]2c3ccccc3Sc3ccc(F)cc3[C@H]2O1,CHEMBL231
CHEMBL329566,CN(C)C[C@H]1C[C@@H]2c3ccccc3Cc3ccccc3[C@H]2O1,CHEMBL231
CHEMBL42,CN1CCN(C2=Nc3cc(Cl)ccc3Nc3ccccc32)CC1,CHEMBL231
CHEMBL715,Cc1cc2c(s1)Nc1ccccc1N=C2N1CCN(C)CC1,CHEMBL231
CHEMBL85,Cc1nc2n(c(=O)c1CCN1CCC(c3noc4cc(F)ccc34)CC1)CCCC2,CHEMBL231
CHEMBL654,CN1CCN2c3ncccc3Cc3ccccc3C2C1,CHEMBL231
CHEMBL6437,CN1CCN2c3ccccc3Cc3ccccc3C2C1,CHEMBL231
CHEMBL195706,CN(C)C[C@@H]1CC2c3ccccc3Oc3ccc(F)cc3[C@H]2O1,CHEMBL231
CHEMBL194659,CN(C)C[C@H]1CC2c3ccccc3Oc3ccc(F)cc3[C@H]2O1,CHEMBL231
CHEMBL364270,CN(C)C[C@@H]1CC2c3ccccc3Oc3ccc(Cl)cc3[C@H]2O1,CHEMBL231
CHEMBL435301,CN(C)C[C@H]1CC2c3ccccc3Oc3ccc(Cl)cc3[C@H]2O1,CHEMBL231
CHEMBL193435,CN(C)C[C@H]1CC2c3ccccc3Oc3ccc(Br)cc3[C@H]2O1,CHEMBL231
CHEMBL363581,CN(C)C[C@@H]1CC2c3ccccc3Sc3ccc(F)cc3[C@H]2O1,CHEMBL231
CHEMBL193639,CN(C)C[C@H]1CC2c3ccccc3Sc3ccc(F)cc3[C@H]2O1,CHEMBL231
CHEMBL193639,CN(C)C[C@H]1CC2c3ccccc3Sc3ccc(F)cc3[C@H]2O1,CHEMBL231
CHEMBL194837,Cc1cc(OCCN(C)C)nc2ccc(NC(=O)COc3ccc(Cl)cc3Cl)cc12,CHEMBL231
CHEMBL511,COc1ccc(CN(CCN(C)C)c2ccccn2)cc1,CHEMBL231
CHEMBL1000,O=C(O)COCCN1CCN(C(c2ccccc2)c2ccc(Cl)cc2)CC1,CHEMBL231
CHEMBL73135,NC(=O)N(O)CCC#Cc1ccc(CN2CCN([C@H](c3ccccc3)c3ccc(Cl)cc3)CC2)o1,CHEMBL231
CHEMBL302005,CN(C)C/C=C1\c2ccccc2COc2ccc(CC(=O)O)cc21,CHEMBL231
CHEMBL372588,O=C(O)Cc1ccc2c(c1)/C(=C\CN1CCC(Cc3ccccc3)CC1)c1ccccc1CO2,CHEMBL231
CHEMBL292195,CN(CCCCc1c[nH]cn1)CCC(c1ccc(Cl)cc1)c1ccccn1,CHEMBL231
CHEMBL998,CCOC(=O)N1CCC(=C2c3ccc(Cl)cc3CCc3cccnc32)CC1,CHEMBL231
CHEMBL10971,CC(=O)N1CCC(=C2c3ccc(Cl)cc3CCc3cccnc32)CC1,CHEMBL231
CHEMBL91397,Cc1cncc(CN2CCC(=C3c4ccc(Cl)cc4CCc4cccnc43)CC2)c1,CHEMBL231
CHEMBL95051,COc1ccc(CCN2CCC(C(=O)c3nc4ccccc4n3Cc3ccc(F)cc3)CC2)cc1,CHEMBL231
CHEMBL330366,COc1cc(C(=O)N2CC[C@](CCN3CCC(C(N)=O)(c4ccccc4)CC3)(c3ccc(Cl)c(Cl)c3)C2)cc(OC)c1OC,CHEMBL231
CHEMBL93556,COc1ccc(C2(CCN3CCC(C(=O)c4nc5ccccc5n4Cc4ccc(F)cc4)CC3)CCN(C(=O)c3cc(OC)c(OC)c(OC)c3)C2)cc1OC,CHEMBL231
CHEMBL199824,Cn1c(=O)cnn(CCCCN2CCN(c3cccc4ccc(O[11CH3])cc34)CC2)c1=O,CHEMBL231
CHEMBL150161,O=C(CCCN1CCC(O)(c2ccc(Cl)cc2)C1)c1ccc(F)cc1,CHEMBL231
CHEMBL213912,CN1CCN(C2=Nc3ccc(Cl)cc3Oc3ccccc32)CC1,CHEMBL231
CHEMBL213912,CN1CCN(C2=Nc3ccc(Cl)cc3Oc3ccccc32)CC1,CHEMBL231
CHEMBL90,NCCc1c[nH]cn1,CHEMBL231
CHEMBL318235,COc1cc2c(cc1OC)C1=NO[C@@H](CN3CCN(C/C(C)=C/c4ccc(F)cc4)CC3)[C@@H]1CO2,CHEMBL231
CHEMBL241329,CCOc1cc(CN2CCC(NC(=O)c3cncc(C)c3)CC2)ccc1Cl,CHEMBL231
CHEMBL273170,CC1NC(N)=Nc2ccc(Cl)c(Cl)c21,CHEMBL231
CHEMBL429136,CC1NC(NCC(F)F)=Nc2ccc(Cl)c(Cl)c21,CHEMBL231
CHEMBL256694,C[C@@H]1NC(NCC(F)F)=Nc2ccc(Cl)c(Cl)c21,CHEMBL231
CHEMBL271909,Cc1ccc2c(-c3nnc(SCCCN4CCc5ccc6nc(C)sc6c5CC4)n3C)cccc2n1,CHEMBL231
CHEMBL271066,Cc1ccc2c(-c3nnc(SCCCN4CCc5cc6c(cc5CC4)OCC(=O)N6)n3C)cccc2n1,CHEMBL231
CHEMBL256652,Cc1ccc2c(-c3nnc(SCCCN4CCc5cc6c(cc5CC4)N(C)C(=O)CO6)n3C)cccc2n1,CHEMBL231
CHEMBL403181,CCc1noc2cc3c(cc12)CCN(CCCSc1nnc(-c2cccc4nc(C)ccc24)n1C)CC3,CHEMBL231
CHEMBL257946,Cc1ccc2c(-c3nnc(SCCCN4CCc5cc6onc(C)c6cc5CC4)n3C)cccc2n1,CHEMBL231
CHEMBL408868,COc1cc(Cl)ccc1O[C@H](c1ccccc1)[C@H]1CNCCO1,CHEMBL231
CHEMBL259765,COc1cc(F)ccc1O[C@H](c1ccccc1)[C@H]1CNCCO1,CHEMBL231
CHEMBL258930,c1ccc([C@@H](Oc2cccc3c2OCC3)[C@H]2CNCCO2)cc1,CHEMBL231
CHEMBL264418,Fc1cccc(O[C@H](c2ccccc2)[C@H]2CNCCO2)c1F,CHEMBL231
CHEMBL404956,Cc1cc(F)ccc1O[C@H](c1ccccc1)[C@H]1CNCCO1,CHEMBL231
CHEMBL260823,Fc1ccc(O[C@H](c2ccccc2)[C@H]2CNCCO2)c(Cl)c1,CHEMBL231
CHEMBL482496,[3H]C([3H])([3H])Oc1cc(I)c(OC)cc1CCNCc1ccccc1OC([3H])([3H])[3H],CHEMBL231
CHEMBL1627,CNC(=O)C(CCN1CCC(O)(c2ccc(Cl)cc2)CC1)(c1ccccc1)c1ccccc1,CHEMBL231
CHEMBL511,COc1ccc(CN(CCN(C)C)c2ccccn2)cc1,CHEMBL231
CHEMBL90,NCCc1c[nH]cn1,CHEMBL231
CHEMBL511,COc1ccc(CN(CCN(C)C)c2ccccn2)cc1,CHEMBL231
CHEMBL90,NCCc1c[nH]cn1,CHEMBL231
CHEMBL855,Cc1ccc(/C(=C\CN2CCCC2)c2ccccn2)cc1,CHEMBL231
CHEMBL505,CN(C)CCC(c1ccc(Cl)cc1)c1ccccn1,CHEMBL231
CHEMBL511,COc1ccc(CN(CCN(C)C)c2ccccn2)cc1,CHEMBL231
CHEMBL716,OCCOCCN1CCN(C2=Nc3ccccc3Sc3ccccc32)CC1,CHEMBL231
CHEMBL715,Cc1cc2c(s1)Nc1ccccc1N=C2N1CCN(C)CC1,CHEMBL231
CHEMBL708,O=C1Cc2cc(CCN3CCN(c4nsc5ccccc45)CC3)c(Cl)cc2N1,CHEMBL231
CHEMBL85,Cc1nc2n(c(=O)c1CCN1CCC(c3noc4cc(F)ccc34)CC1)CCCC2,CHEMBL231
CHEMBL476108,O=C(CCCN1CCCN(c2ccc(Cl)cc2)CC1)c1ccc(F)cc1,CHEMBL231
CHEMBL150161,O=C(CCCN1CCC(O)(c2ccc(Cl)cc2)C1)c1ccc(F)cc1,CHEMBL231
CHEMBL476935,O=C(CCCN1CCN(c2ccc(Cl)cc2)CC1)c1ccc(F)cc1,CHEMBL231
CHEMBL511,COc1ccc(CN(CCN(C)C)c2ccccn2)cc1,CHEMBL231
CHEMBL42,CN1CCN(C2=Nc3cc(Cl)ccc3Nc3ccccc32)CC1,CHEMBL231
CHEMBL213912,CN1CCN(C2=Nc3ccc(Cl)cc3Oc3ccccc32)CC1,CHEMBL231
CHEMBL454890,CN1CCN(c2nc(NCc3ccoc3)c3cc(Cl)ccc3n2)CC1,CHEMBL231
CHEMBL452847,CN1CCN(c2nc(NCc3cccs3)c3cc(Cl)ccc3n2)CC1,CHEMBL231
CHEMBL629,CN(C)CCC=C1c2ccccc2CCc2ccccc21,CHEMBL231
CHEMBL459350,CN(CCC=C1c2ccccc2CCc2ccccc21)Cc1ccc(OCCCN2CCCCC2)cc1,CHEMBL231
CHEMBL21731,CNCCCC12CCC(c3ccccc31)c1ccccc12,CHEMBL231
CHEMBL517244,CN(CCCC12CCC(c3ccccc31)c1ccccc12)Cc1ccc(OCCCN2CCCCC2)cc1,CHEMBL231
CHEMBL71,CN(C)CCCN1c2ccccc2Sc2ccc(Cl)cc21,CHEMBL231
CHEMBL459373,CN(CCCN1c2ccccc2Sc2ccc(Cl)cc21)Cc1ccc(OCCCN2CCCCC2)cc1,CHEMBL231
CHEMBL908,CN(C)CC/C=C1/c2ccccc2Sc2ccc(Cl)cc21,CHEMBL231
CHEMBL517407,CN(CC/C=C1\c2ccccc2Sc2ccc(Cl)cc21)Cc1ccc(OCCCN2CCCCC2)cc1,CHEMBL231
CHEMBL42,CN1CCN(C2=Nc3cc(Cl)ccc3Nc3ccccc32)CC1,CHEMBL231
CHEMBL464811,Clc1ccc2c(c1)N=C(N1CCN(Cc3ccc(OCCCN4CCCCC4)cc3)CC1)c1ccccc1N2,CHEMBL231
CHEMBL726,OCCN1CCN(CCCN2c3ccccc3Sc3ccc(C(F)(F)F)cc32)CC1,CHEMBL231
CHEMBL1633,CN1CCC(=C2c3ccccc3CC(=O)c3sccc32)CC1.O=C(O)/C=C/C(=O)O,CHEMBL231
CHEMBL914,CC(C)(C(=O)O)c1ccc(C(O)CCCN2CCC(C(O)(c3ccccc3)c3ccccc3)CC2)cc1,CHEMBL231
CHEMBL551394,Cn1c(C2=CCN(CCCN3c4ccccc4Sc4ccc(CC(=O)O)cc43)CC2)cc(=O)n(C)c1=O,CHEMBL231
CHEMBL563271,Cn1c(N2CCCN(CCCN3c4ccccc4Sc4ccc(OCC(=O)O)cc43)CC2)cc(=O)n(C)c1=O,CHEMBL231
CHEMBL563647,CCC(C(=O)O)c1ccc2c(c1)N(CCCN1CCCN(c3cc(=O)n(C)c(=O)n3C)CC1)c1ccccc1S2,CHEMBL231
CHEMBL562676,Cn1c(N2CCCN(CCCN3c4ccccc4Sc4ccc(C(C)(C)C(=O)O)cc43)CC2)cc(=O)n(C)c1=O,CHEMBL231
CHEMBL565083,CC(C(=O)O)c1ccc2c(c1)N(CCCN1CCCN(c3cc(=O)n(C)c(=O)n3C)CC1)c1ccccc1S2,CHEMBL231
CHEMBL560061,Cn1c(N2CCCN(CCCN3c4ccccc4Sc4ccc(CCC(=O)O)cc43)CC2)cc(=O)n(C)c1=O,CHEMBL231
CHEMBL560917,Cn1c(N2CCN(CCCN3c4ccccc4Sc4ccc(CCC(=O)O)cc43)CC2)cc(=O)n(C)c1=O,CHEMBL231
CHEMBL559665,Cn1c(N2CCCN(CCCN3c4ccccc4Sc4ccc(CC(=O)O)cc43)CC2)cc(=O)n(C)c1=O,CHEMBL231
CHEMBL559664,Cn1c(N2CCN(CCCN3c4ccccc4Sc4ccc(CC(=O)O)cc43)CC2)cc(=O)n(C)c1=O,CHEMBL231
CHEMBL552057,Cn1c(N2CCN(CCCCN3c4ccccc4Sc4ccc(C(=O)O)cc43)CC2)cc(=O)n(C)c1=O,CHEMBL231
CHEMBL564168,Cn1c(N2CCN(CCN3c4ccccc4Sc4ccc(C(=O)O)cc43)CC2)cc(=O)n(C)c1=O,CHEMBL231
CHEMBL564370,Cn1c(N2CCCN(CCCN3c4ccccc4Sc4ccc(C(=O)O)cc43)CC2)cc(=O)n(C)c1=O,CHEMBL231
CHEMBL551457,Cn1c(N2CCN(CCCN3c4ccccc4Sc4ccc(C(=O)O)cc43)CC2)cc(=O)n(C)c1=O,CHEMBL231
CHEMBL561377,CN(CCCN1CCC(CN2c3ccccc3Sc3ccc(C(=O)O)cc32)CC1)c1cc(=O)n(C)c(=O)n1C,CHEMBL231
CHEMBL563520,Cn1c(NCCCN2CCC(CN3c4ccccc4Sc4ccc(C(=O)O)cc43)CC2)cc(=O)n(C)c1=O,CHEMBL231
CHEMBL560120,Cn1c(NCCCN2CCC(Oc3ccc(Cl)c(Cl)c3)CC2)cc(=O)n(C)c1=O,CHEMBL231
CHEMBL914,CC(C)(C(=O)O)c1ccc(C(O)CCCN2CCC(C(O)(c3ccccc3)c3ccccc3)CC2)cc1,CHEMBL231
CHEMBL560120,Cn1c(NCCCN2CCC(Oc3ccc(Cl)c(Cl)c3)CC2)cc(=O)n(C)c1=O,CHEMBL231
CHEMBL564226,C[C@H](C1=C(CCN(C)C)Cc2ccccc21)c1ccccn1,CHEMBL231
CHEMBL560741,CN(C)CCC1=C(Cc2ccc(F)cc2)c2ccccc2C1,CHEMBL231
CHEMBL559251,CN(C)CCC1=C(Cc2cnccn2)c2ccccc2C1,CHEMBL231
CHEMBL556506,C[C@H](C1=C(CCN(C)C)Cc2ccccc21)c1cnccn1,CHEMBL231
CHEMBL564144,C[C@@H](c1ccccn1)c1c(CCN(C)C)sc2ccccc12,CHEMBL231
CHEMBL540982,CN(C)CCc1sc2ccccc2c1Cc1ccc(F)cc1,CHEMBL231
CHEMBL551340,CN(C)CCc1sc2ccccc2c1Cc1cnccn1,CHEMBL231
CHEMBL563920,C[C@@H](c1ccccn1)c1c(CCN(C)C)oc2ccccc12,CHEMBL231
CHEMBL564446,CN(C1CCOCC1)C1CCN(c2nc3ccccc3n2Cc2ccc(F)cc2)CC1,CHEMBL231
CHEMBL549599,CNC1CCN(c2nc3ccccc3n2Cc2ccc(F)cc2)CC1,CHEMBL231
CHEMBL558933,CN(C1CCCCC1)C1CCN(c2nc3ccccc3n2Cc2ccc(F)cc2)CC1,CHEMBL231
CHEMBL549598,CN(CC1CCCCC1)C1CCN(c2nc3ccccc3n2Cc2ccc(F)cc2)CC1,CHEMBL231
CHEMBL559557,CN(CCc1ccccc1)C1CCN(c2nc3ccccc3n2Cc2ccc(F)cc2)CC1,CHEMBL231
CHEMBL551888,CN(Cc1ccccc1)C1CCN(c2nc3ccccc3n2Cc2ccc(F)cc2)CC1,CHEMBL231
CHEMBL561690,CN(c1ccccc1)C1CCN(c2nc3ccccc3n2Cc2ccc(F)cc2)CC1,CHEMBL231
CHEMBL561489,CN(c1ncccn1)C1CCN(c2nc3ccccc3n2Cc2ccc(F)cc2)CC1,CHEMBL231
CHEMBL94454,CN(c1nccc(=O)[nH]1)C1CCN(c2nc3ccccc3n2Cc2ccc(F)cc2)CC1,CHEMBL231
CHEMBL562894,COc1ccc(Cn2c(N3CCC(n4cc(C)cn4)CC3)nc3ccccc32)cc1,CHEMBL231
CHEMBL556450,Cc1cnn(C2CCN(c3nc4ccccc4n3Cc3ccc(F)cc3)CC2)c1,CHEMBL231
CHEMBL551347,Fc1ccc(Cn2c(N3CCC(n4cccn4)CC3)nc3ccccc32)cc1,CHEMBL231
CHEMBL556449,Fc1ccc(Cn2c(N3CCC(n4ccnc4)CC3)nc3ccccc32)cc1,CHEMBL231
CHEMBL558339,Fc1ccc(Cn2c(N3CCC(n4cccc4)CC3)nc3ccccc32)cc1,CHEMBL231
CHEMBL552026,O=C1CCCCN1C1CCN(c2nc3ccccc3n2Cc2ccc(F)cc2)CC1,CHEMBL231
CHEMBL559061,CN(C)CCN(C)C1CCN(c2nc3ccccc3n2Cc2ccc(F)cc2)CC1,CHEMBL231
CHEMBL563055,COc1ccc(Cn2c(N3CCC(NCC4CCOCC4)CC3)nc3ccccc32)cc1,CHEMBL231
CHEMBL559060,Fc1ccc(Cn2c(N3CCC(NCC4CCOCC4)CC3)nc3ccccc32)cc1,CHEMBL231
CHEMBL557210,CN(CCO)C1CCN(c2nc3ccccc3n2Cc2ccc(F)cc2)CC1,CHEMBL231
CHEMBL550337,COCCN(C)C1CCN(c2nc3ccccc3n2Cc2ccc(F)cc2)CC1,CHEMBL231
CHEMBL558663,COc1ccc(Cn2c(N3CCC(N(C)CC4CCOCC4)CC3)nc3ccccc32)cc1,CHEMBL231
CHEMBL550818,CN(CC1CCOCC1)C1CCN(c2nc3ccccc3n2Cc2ccc(F)cc2)CC1,CHEMBL231
CHEMBL558468,COc1ccc(Cn2c(N3CCC(N(C)C)CC3)nc3ccccc32)cc1,CHEMBL231
CHEMBL563451,Cc1ccc(Cn2c(N3CCC(N(C)C)CC3)nc3ccccc32)cc1,CHEMBL231
CHEMBL558467,CN(C)C1CCN(c2nc3ccccc3n2Cc2ccc(F)cc2)CC1,CHEMBL231
CHEMBL17157,CC(C)(C)c1ccc(C(O)CCCN2CCC(C(O)(c3ccccc3)c3ccccc3)CC2)cc1,CHEMBL231
CHEMBL914,CC(C)(C(=O)O)c1ccc(C(O)CCCN2CCC(C(O)(c3ccccc3)c3ccccc3)CC2)cc1,CHEMBL231
CHEMBL571389,Cc1ccc(CCCCN2CCC(C(O)(c3ccccc3)c3ccccc3)CC2)cc1,CHEMBL231
CHEMBL570033,O=C(O)c1ccc(CCCCN2CCC(C(O)(c3ccccc3)c3ccccc3)CC2)cc1,CHEMBL231
CHEMBL571174,CC1CCC(CCCCN2CCC(C(O)(c3ccccc3)c3ccccc3)CC2)CC1,CHEMBL231
CHEMBL568892,COC(=O)c1ccc(CCCCN2CCC(C(O)(c3ccccc3)c3ccccc3)CC2)cc1,CHEMBL231
CHEMBL572034,Cc1ccc(CCCCN2CCC(C(O)c3ccccc3)CC2)cc1,CHEMBL231
CHEMBL571390,Cc1ccc(CN2CCC(C(O)(c3ccccc3)c3ccccc3)CC2)cc1,CHEMBL231
CHEMBL571391,Cc1ccc(CCN2CCC(C(O)(c3ccccc3)c3ccccc3)CC2)cc1,CHEMBL231
CHEMBL570695,Cc1ccc(CCCN2CCC(C(O)(c3ccccc3)c3ccccc3)CC2)cc1,CHEMBL231
CHEMBL182150,CN(C)c1nc(N[C@H]2CC[C@@H](NC(=O)c3ccc(F)c(F)c3)CC2)nc2ccccc12,CHEMBL231
CHEMBL578170,Cc1ccc(C(=O)N[C@H]2CC[C@@H](Nc3ncc(C)c(N(C)C)n3)CC2)cc1,CHEMBL231
CHEMBL47482,NCC1c2ccccc2Cc2ccccc21,CHEMBL231
CHEMBL73307,CNCC1c2ccccc2Cc2ccccc21,CHEMBL231
CHEMBL160933,CN(C)CC1c2ccccc2Cc2ccccc21,CHEMBL231
CHEMBL160893,NCCC1c2ccccc2Cc2ccccc21,CHEMBL231
CHEMBL595158,CNCCC1c2ccccc2Cc2ccccc21,CHEMBL231
CHEMBL593988,CN(C)CCC1c2ccccc2Cc2ccccc21,CHEMBL231
CHEMBL158780,NCCCC1c2ccccc2Cc2ccccc21,CHEMBL231
CHEMBL348302,CNCCCC1c2ccccc2Cc2ccccc21,CHEMBL231
CHEMBL346230,CN(C)CCCC1c2ccccc2Cc2ccccc21,CHEMBL231
CHEMBL593494,CNCCC(c1ccccc1)c1ccccc1,CHEMBL231
CHEMBL610739,CN(C)CCC(c1ccccc1)c1ccccc1,CHEMBL231
CHEMBL608689,CN(C)CCCC(c1ccccc1)c1ccccc1,CHEMBL231
CHEMBL589390,Cc1ccc2c(c1)c1c(n2CCc2ccc(C)nc2)CCN(C)C1,CHEMBL231
CHEMBL589148,CN1CCc2c(c3cc(F)ccc3n2CCc2ccccc2)C1,CHEMBL231
CHEMBL592752,Cc1ccc2c(c1)c1c(n2CCc2ccccc2)CCN(C)C1,CHEMBL231
CHEMBL589389,COc1ccc2c(c1)c1c(n2CCc2ccccc2)CCN(C)C1,CHEMBL231
CHEMBL589388,CN1CCc2c(c3cc(C(F)(F)F)ccc3n2CCc2ccccc2)C1,CHEMBL231
CHEMBL589150,COc1ccc(CCn2c3c(c4cc(F)ccc42)CN(C)CC3)cc1,CHEMBL231
CHEMBL591803,CN1CCc2c(c3cc(F)ccc3n2CCc2ccc(C(F)(F)F)cc2)C1,CHEMBL231
CHEMBL603049,Cc1ccc(CCn2c3c(c4cc(F)ccc42)CN(C)CC3)cc1,CHEMBL231
CHEMBL589148,CN1CCc2c(c3cc(F)ccc3n2CCc2ccccc2)C1,CHEMBL231
CHEMBL589147,COc1ccc(CCn2c3c(c4cc(C)ccc42)CN(C)CC3)cc1,CHEMBL231
CHEMBL606036,Cc1ccc2c(c1)c1c(n2CCc2ccc(C(F)(F)F)cc2)CCN(C)C1,CHEMBL231
CHEMBL592753,Cc1ccc2c(c1)c1c(n2CCc2ccc(F)cc2)CCN(C)C1,CHEMBL231
CHEMBL605081,Cc1ccc(CCn2c3c(c4cc(C)ccc42)CN(C)CC3)cc1,CHEMBL231
CHEMBL592752,Cc1ccc2c(c1)c1c(n2CCc2ccccc2)CCN(C)C1,CHEMBL231
CHEMBL605405,Cc1ccc2c(c1)c1c(n2/C=C\c2ccccc2)CCN(C)C1,CHEMBL231
CHEMBL599913,CN1CCc2c(c3ccccc3n2/C=C\c2ccccc2)C1,CHEMBL231
CHEMBL605405,Cc1ccc2c(c1)c1c(n2/C=C\c2ccccc2)CCN(C)C1,CHEMBL231
CHEMBL599913,CN1CCc2c(c3ccccc3n2/C=C\c2ccccc2)C1,CHEMBL231
CHEMBL590241,c1ccc(CCNCC2c3ccccc3Cc3ccccc32)cc1,CHEMBL231
CHEMBL236610,CCOc1cc(CN2CCC(Nc3nc4ccccc4o3)CC2)ccc1Cl,CHEMBL231
CHEMBL1077908,CCOc1cc(CN2CCC(Nc3nc4cc(NS(=O)(=O)c5ccccc5)ccc4o3)CC2)ccc1OC,CHEMBL231
CHEMBL90,NCCc1c[nH]cn1,CHEMBL231
CHEMBL559251,CN(C)CCC1=C(Cc2cnccn2)c2ccccc2C1,CHEMBL231
CHEMBL1088882,Cc1cncc(CC2=C(CCN(C)C)Cc3ccccc32)n1,CHEMBL231
CHEMBL1088898,Cc1nccnc1CC1=C(CCN(C)C)Cc2ccccc21,CHEMBL231
CHEMBL1088899,Cc1cnc(CC2=C(CCN(C)C)Cc3ccccc32)cn1,CHEMBL231
CHEMBL1088900,COc1nccnc1CC1=C(CCN(C)C)Cc2ccccc21,CHEMBL231
CHEMBL1090197,CN(C)CCC1=C(Cc2cccnn2)c2ccccc2C1,CHEMBL231
CHEMBL1090198,CN(C)CCC1=C(Cc2ncccn2)c2ccccc2C1,CHEMBL231
CHEMBL556506,C[C@H](C1=C(CCN(C)C)Cc2ccccc21)c1cnccn1,CHEMBL231
CHEMBL1092597,COc1nccnc1[C@H](C)C1=C(CCN(C)C)Cc2ccccc21,CHEMBL231
CHEMBL1092598,C[C@H](C1=C(CCN(C)C)Cc2ccccc21)c1nccs1,CHEMBL231
CHEMBL1092599,Cc1csc([C@H](C)C2=C(CCN(C)C)Cc3ccccc32)n1,CHEMBL231
CHEMBL1092600,Cc1ccc2c(c1)CC(CCN(C)C)=C2Cc1cnccn1,CHEMBL231
CHEMBL1092258,COc1ccc2c(c1)CC(CCN(C)C)=C2Cc1cnccn1,CHEMBL231
CHEMBL1092259,CN(C)CCC1=C(Cc2cnccn2)c2ccc(Cl)cc2C1,CHEMBL231
CHEMBL1092649,CN(C)CCC1=C(Cc2cnccn2)c2ccc(F)cc2C1,CHEMBL231
CHEMBL1092650,COc1nccnc1CC1=C(CCN(C)C)Cc2cc(Cl)ccc21,CHEMBL231
CHEMBL1092651,COc1nccnc1CC1=C(CCN(C)C)Cc2cc(F)ccc21,CHEMBL231
CHEMBL1092652,CN(C)CCC1=C(Cc2cccnn2)c2ccc(Cl)cc2C1,CHEMBL231
CHEMBL1092662,CN(C)CCC1=C(Cc2cccnn2)c2ccc(F)cc2C1,CHEMBL231
CHEMBL1092663,Cc1ccc2c(c1)CC(CCN(C)C)=C2[C@@H](C)c1cnccn1,CHEMBL231
CHEMBL1090175,COc1ccc2c(c1)CC(CCN(C)C)=C2[C@@H](C)c1cnccn1,CHEMBL231
CHEMBL1090176,COc1nccnc1[C@H](C)C1=C(CCN(C)C)Cc2cc(C)ccc21,CHEMBL231
CHEMBL1090186,COc1ccc2c(c1)CC(CCN(C)C)=C2[C@@H](C)c1nccnc1OC,CHEMBL231
CHEMBL1090526,COc1nccnc1[C@H](C)C1=C(CCN(C)C)Cc2cc(F)ccc21,CHEMBL231
CHEMBL1090527,C[C@H](C1=C(CCN(C)C)Cc2cc(F)ccc21)c1nccs1,CHEMBL231
CHEMBL1090528,Cc1ccc2c(c1)CC(CCN(C)C)=C2[C@@H](C)c1nccs1,CHEMBL231
CHEMBL1093623,COc1ccc2c(c1)CC(CCN(C)C)=C2[C@@H](C)c1nccs1,CHEMBL231
CHEMBL1090432,CC(c1ccccn1)c1c(CCN(C)C)sc2ccccc12,CHEMBL231
CHEMBL1091775,C[C@@H](c1ccccn1)c1c(CCN2CCC2)sc2ccccc12,CHEMBL231
CHEMBL1091792,COc1cccc(C(C)c2c(CCN(C)C)sc3ccccc23)n1,CHEMBL231
CHEMBL1091793,CC(c1cccc(F)n1)c1c(CCN(C)C)sc2ccccc12,CHEMBL231
CHEMBL1092126,Cc1cccnc1[C@H](C)c1c(CCN(C)C)sc2ccccc12,CHEMBL231
CHEMBL1091069,COc1cccnc1[C@H](C)c1c(CCN(C)C)sc2ccccc12,CHEMBL231
CHEMBL1092377,C[C@@H](c1ncccc1F)c1c(CCN(C)C)sc2ccccc12,CHEMBL231
CHEMBL1092494,C[C@@H](c1ncccc1Cl)c1c(CCN(C)C)sc2ccccc12,CHEMBL231
CHEMBL1092495,C[C@@H](c1ccc(F)cn1)c1c(CCN(C)C)sc2ccccc12,CHEMBL231
CHEMBL1092496,Cc1ccc(C(C)c2c(CCN(C)C)sc3ccccc23)cn1,CHEMBL231
CHEMBL1092812,COc1ccc(C(C)c2c(CCN(C)C)sc3ccccc23)cn1,CHEMBL231
CHEMBL1092813,Cc1ncccc1[C@@H](C)c1c(CCN(C)C)sc2ccccc12,CHEMBL231
CHEMBL1093294,COc1ncccc1[C@@H](C)c1c(CCN(C)C)sc2ccccc12,CHEMBL231
CHEMBL1092765,C[C@H](c1cccnc1F)c1c(CCN(C)C)sc2ccccc12,CHEMBL231
CHEMBL1092766,C[C@H](c1cccnc1Cl)c1c(CCN(C)C)sc2ccccc12,CHEMBL231
CHEMBL1092767,CC(c1nccs1)c1c(CCN(C)C)sc2ccccc12,CHEMBL231
CHEMBL1091782,C[C@@H](c1cscn1)c1c(CCN(C)C)sc2ccccc12,CHEMBL231
CHEMBL1092118,C[C@@H](c1cncs1)c1c(CCN(C)C)sc2ccccc12,CHEMBL231
CHEMBL1093607,CC(c1c(CCN(C)C)sc2ccccc12)n1ccnc1,CHEMBL231
CHEMBL1093058,C[C@H](c1c(CCN(C)C)sc2ccccc12)n1cccn1,CHEMBL231
CHEMBL1087493,CCOCCn1c(N2CC[C@H](N(C)C)C2)nc2ccccc21,CHEMBL231
CHEMBL1087367,COc1ccc(Cn2c(N3CC[C@@H](N(C)C)C3)nc3ccccc32)cc1,CHEMBL231
CHEMBL556450,Cc1cnn(C2CCN(c3nc4ccccc4n3Cc3ccc(F)cc3)CC2)c1,CHEMBL231
CHEMBL550818,CN(CC1CCOCC1)C1CCN(c2nc3ccccc3n2Cc2ccc(F)cc2)CC1,CHEMBL231
CHEMBL90,NCCc1c[nH]cn1,CHEMBL231
CHEMBL1096430,C[C@H](CC(=O)NC(=N)NCCCc1c[nH]cn1)C1CCCCC1,CHEMBL231
CHEMBL1096431,C[C@@H](CC(=O)NC(=N)NCCCc1c[nH]cn1)C1CCCCC1,CHEMBL231
CHEMBL511,COc1ccc(CN(CCN(C)C)c2ccccn2)cc1,CHEMBL231
CHEMBL511,COc1ccc(CN(CCN(C)C)c2ccccn2)cc1,CHEMBL231
CHEMBL1000,O=C(O)COCCN1CCN(C(c2ccccc2)c2ccc(Cl)cc2)CC1,CHEMBL231
CHEMBL1000,O=C(O)COCCN1CCN(C(c2ccccc2)c2ccc(Cl)cc2)CC1,CHEMBL231
CHEMBL1000,O=C(O)COCCN1CCN(C(c2ccccc2)c2ccc(Cl)cc2)CC1,CHEMBL231
CHEMBL1000,O=C(O)COCCN1CCN(C(c2ccccc2)c2ccc(Cl)cc2)CC1,CHEMBL231
CHEMBL1000,O=C(O)COCCN1CCN(C(c2ccccc2)c2ccc(Cl)cc2)CC1,CHEMBL231
CHEMBL1000,O=C(O)COCCN1CCN(C(c2ccccc2)c2ccc(Cl)cc2)CC1,CHEMBL231
CHEMBL1000,O=C(O)COCCN1CCN(C(c2ccccc2)c2ccc(Cl)cc2)CC1,CHEMBL231
CHEMBL1222552,C1=C(N2CCNCC2)c2nccn2Cc2ccccc21,CHEMBL231
CHEMBL1222553,O=C(O)CCN1CCN(C2=Cc3ccccc3Cn3ccnc32)CC1,CHEMBL231
CHEMBL1222554,CC(C)(CN1CCN(C2=Cc3ccccc3Cn3ccnc32)CC1)C(=O)O,CHEMBL231
CHEMBL1222623,CC(C)(CN1CCCN(C2=Cc3ccccc3Cn3ccnc32)CC1)C(=O)O,CHEMBL231
CHEMBL1222624,CC1CN(C2=Cc3ccccc3Cn3ccnc32)CC(C)N1CCC(=O)O,CHEMBL231
CHEMBL1222625,C=C(CN1CCN(C2=Cc3ccccc3Cn3ccnc32)CC1)C(=O)O,CHEMBL231
CHEMBL1222626,O=C(O)C1CC(N2CCN(C3=Cc4ccccc4Cn4ccnc43)CC2)C1,CHEMBL231
CHEMBL1222626,O=C(O)C1CC(N2CCN(C3=Cc4ccccc4Cn4ccnc43)CC2)C1,CHEMBL231
CHEMBL1222692,O=C(O)C1CCC(N2CCN(C3=Cc4ccccc4Cn4ccnc43)CC2)CC1,CHEMBL231
CHEMBL1222692,O=C(O)C1CCC(N2CCN(C3=Cc4ccccc4Cn4ccnc43)CC2)CC1,CHEMBL231
CHEMBL1222693,Cc1nc2n(c1C)Cc1ccccc1C=C2N1CCN(CC(C)(C)C(=O)O)CC1,CHEMBL231
CHEMBL1222694,Cc1cn2c(n1)C(N1CCN(CC(C)(C)C(=O)O)CC1)=Cc1ccccc1C2,CHEMBL231
CHEMBL1222695,CC(C)(CN1CCN(C2=Cc3ccccc3Cn3cc(Cl)nc32)CC1)C(=O)O,CHEMBL231
CHEMBL1222762,CC(C)(CN1CCN(C2=Cc3ccccc3Cn3c(Cl)cnc32)CC1)C(=O)O,CHEMBL231
CHEMBL1222763,CC(C)(CN1CCN(C2=Cc3ccccc3Cn3cc(F)nc32)CC1)C(=O)O,CHEMBL231
CHEMBL1222764,COc1cnc2n1Cc1ccccc1C=C2N1CCN(CC(C)(C)C(=O)O)CC1,CHEMBL231
CHEMBL1243394,FC(F)(F)c1ccc(SC[C@H](c2c[nH]cn2)C2CCNCC2)cc1,CHEMBL231
CHEMBL1243395,FC(F)(F)c1ccc(SC[C@@H](c2c[nH]cn2)C2CCNCC2)cc1,CHEMBL231
CHEMBL12713,O=C1NCCN1CCN1CCC(c2cn(-c3ccc(F)cc3)c3ccc(Cl)cc23)CC1,CHEMBL231
CHEMBL1259172,NCc1ccc2c(c1)c(C1CCN(CCN3CCNC3=O)CC1)cn2-c1ccc(F)cc1,CHEMBL231
CHEMBL1259187,CC(=O)NCc1ccc2c(c1)c(C1CCN(CCN3CCNC3=O)CC1)cn2-c1ccc(F)cc1,CHEMBL231
CHEMBL64249,CN1CCN(C2Cc3ccccc3Sc3ccc(Cl)cc32)CC1,CHEMBL231
CHEMBL64875,CN1CCN([C@@H]2Cc3ccccc3Sc3ccc(Cl)cc32)CC1,CHEMBL231
CHEMBL303313,CN1CCN([C@H]2Cc3ccccc3Sc3ccc(Cl)cc32)CC1,CHEMBL231
CHEMBL1259173,CC(=O)NCc1ccc2c(c1)[C@H](N1CCN(C)CC1)Cc1ccccc1S2,CHEMBL231
CHEMBL1259174,CC(=O)NCc1ccc2c(c1)[C@@H](N1CCN(C)CC1)Cc1ccccc1S2,CHEMBL231
CHEMBL1259189,CC(C)C(=O)NCc1ccc2c(c1)[C@H](N1CCN(C)CC1)Cc1ccccc1S2,CHEMBL231
CHEMBL1259190,CC(C)C(=O)NCc1ccc2c(c1)[C@@H](N1CCN(C)CC1)Cc1ccccc1S2,CHEMBL231
CHEMBL1277492,O=C(O)[C@@H]1CCCN(C2CCC3(C2)C(=O)c2cc(Cl)ccc2Oc2ccccc23)C1,CHEMBL231
CHEMBL1277491,O=C(O)C1CCN(C2CCC3(C2)C(=O)c2cc(F)ccc2Sc2ccccc23)CC1,CHEMBL231
CHEMBL1277400,O=C(O)C1=CCCN(C2CCC3(C2)C(=O)c2ccccc2Cc2ccccc23)C1,CHEMBL231
CHEMBL1277312,O=C(O)C1CN(C2CCC3(Cc4ccccc4Oc4ccccc43)C2)C1,CHEMBL231
CHEMBL1277311,O=C(O)[C@@H]1CCCN(C2CCC3(Cc4ccccc4Oc4ccccc43)C2)C1,CHEMBL231
CHEMBL1277217,O=C(O)C1(F)CCN(C2CCC3(Cc4ccccc4Oc4ccccc43)C2)CC1,CHEMBL231
CHEMBL1277216,O=C(O)C1CCN(C2CCC3(Cc4ccccc4Oc4ccccc43)C2)CC1,CHEMBL231
CHEMBL1277126,O=C(O)C1=CCN(C2CCC3(Cc4ccccc4Oc4ccccc43)C2)CC1,CHEMBL231
CHEMBL1277125,O=C(O)C1=CCCN(C2CCC3(Cc4ccccc4Oc4ccccc43)C2)C1,CHEMBL231
CHEMBL1277035,O=C(O)C=C1CN(C2CCC3(Cc4ccccc4Cc4ccccc43)C2)C1,CHEMBL231
CHEMBL1277034,O=C(O)CC1CN(C2CCC3(Cc4ccccc4Cc4ccccc43)C2)C1,CHEMBL231
CHEMBL1276948,O=C(O)C1CN(C2CC[C@]3(Cc4ccccc4Cc4ccccc43)C2)C1,CHEMBL231
CHEMBL1276947,O=C(O)[C@]12C[C@H]1CN(C1CC[C@]3(Cc4ccccc4Cc4ccccc43)C1)C2,CHEMBL231
CHEMBL1276860,O=C(O)[C@H]1[C@@H]2CN(C3CCC4(Cc5ccccc5Cc5ccccc54)C3)C[C@@H]21,CHEMBL231
CHEMBL1276859,O=C(O)CC1CCN(C2CC[C@]3(Cc4ccccc4Cc4ccccc43)C2)C1,CHEMBL231
CHEMBL1278202,CC1(C(=O)O)CCN(C2CC[C@]3(Cc4ccccc4Cc4ccccc43)C2)C1,CHEMBL231
CHEMBL1278201,O=C(O)C1CCN(C2CC[C@]3(Cc4ccccc4Cc4ccccc43)C2)C1,CHEMBL231
CHEMBL1278113,O=C(O)C1CN(C2CC[C@]3(Cc4ccccc4Cc4ccccc43)C2)CCN1,CHEMBL231
CHEMBL1278112,O=C(O)C1CN(C2CC[C@]3(Cc4ccccc4Cc4ccccc43)C2)CCO1,CHEMBL231
CHEMBL1277584,O=C(O)[C@@H]1CCCN(C2CC[C@]3(Cc4ccccc4Cc4ccccc43)C2)C1,CHEMBL231
CHEMBL1277585,O=C(O)CC1CCN(C2CCC3(Cc4ccccc4Cc4ccccc43)C2)CC1,CHEMBL231
CHEMBL1277678,O=C(O)C1(F)CCN(C2CC[C@]3(Cc4ccccc4Cc4ccccc43)C2)CC1,CHEMBL231
CHEMBL1277679,O=C(O)C1(O)CCN(C2CCC3(Cc4ccccc4Cc4ccccc43)C2)CC1,CHEMBL231
CHEMBL1277769,CC1(C(=O)O)CCN(C2CCC3(Cc4ccccc4Cc4ccccc43)C2)CC1,CHEMBL231
CHEMBL1277770,O=C(O)C1CCN(C2CC[C@]3(Cc4ccccc4Cc4ccccc43)C2)CC1,CHEMBL231
CHEMBL1277854,O=C(O)C1=CCN(C2CCC3(Cc4ccccc4Cc4ccccc43)C2)CC1,CHEMBL231
CHEMBL1277855,O=C(O)C1=CCCN(C2CCC3(Cc4cc(F)ccc4Cc4ccccc43)C2)C1,CHEMBL231
CHEMBL1277935,O=C(O)C1=CCCN(C2CC[C@]3(Cc4ccccc4Cc4ccccc43)C2)C1,CHEMBL231
CHEMBL1277935,O=C(O)C1=CCCN(C2CC[C@]3(Cc4ccccc4Cc4ccccc43)C2)C1,CHEMBL231
CHEMBL1278020,COC(=O)C1=CCCN(C2CC[C@]3(Cc4ccccc4Cc4ccccc43)C2)C1,CHEMBL231
CHEMBL1278021,O=C(O)C1=CCCN(C2CC[C@@]3(Cc4ccccc4Cc4ccccc43)C2)C1,CHEMBL231
CHEMBL1278114,O=C(O)CCNC1CC[C@]2(Cc3ccccc3Cc3ccccc32)C1,CHEMBL231
CHEMBL1278115,O=C(O)CCNC1CC[C@@]2(Cc3ccccc3Cc3ccccc32)C1,CHEMBL231
CHEMBL1278116,CN(C)C1CC[C@]2(Cc3ccccc3Cc3ccccc32)C1,CHEMBL231
CHEMBL534,CN1CCC(=C2c3ccccc3CC(=O)c3sccc32)CC1,CHEMBL231
CHEMBL90,NCCc1c[nH]cn1,CHEMBL231
CHEMBL26116,NCCc1c[nH]c(-c2cccc(Br)c2)n1,CHEMBL231
CHEMBL24665,NCCc1c[nH]c(-c2cccc(C(F)(F)F)c2)n1,CHEMBL231
CHEMBL559251,CN(C)CCC1=C(Cc2cnccn2)c2ccccc2C1,CHEMBL231
CHEMBL1669405,CCN(C)CCC1=C(Cc2cnccn2)c2ccccc2C1,CHEMBL231
CHEMBL1669406,CCCN(C)CCC1=C(Cc2cnccn2)c2ccccc2C1,CHEMBL231
CHEMBL1669407,CN(CCF)CCC1=C(Cc2cnccn2)c2ccccc2C1,CHEMBL231
CHEMBL556506,C[C@H](C1=C(CCN(C)C)Cc2ccccc21)c1cnccn1,CHEMBL231
CHEMBL1669408,C[C@H](C1=C(CCN(C)CCF)Cc2ccccc21)c1cnccn1,CHEMBL231
CHEMBL1669409,C[C@H](C1=C(CCN(C)CC#N)Cc2ccccc21)c1cnccn1,CHEMBL231
CHEMBL1669410,C[C@H](C1=C(CCN(C)CCC#N)Cc2ccccc21)c1cnccn1,CHEMBL231
CHEMBL1669411,C[C@H](C1=C(CCN(C)CCC(F)(F)F)Cc2ccccc21)c1cnccn1,CHEMBL231
CHEMBL1669412,c1ccc2c(c1)CC(CCN1CCC1)=C2Cc1cnccn1,CHEMBL231
CHEMBL1669413,c1ccc2c(c1)CC(CCN1CCCC1)=C2Cc1cnccn1,CHEMBL231
CHEMBL1669414,FC1CN(CCC2=C(Cc3cnccn3)c3ccccc3C2)C1,CHEMBL231
CHEMBL1669416,FC1(F)CCN(CCC2=C(Cc3cnccn3)c3ccccc3C2)C1,CHEMBL231
CHEMBL1669417,FC1CCN(CCC2=C(Cc3cnccn3)c3ccccc3C2)C1,CHEMBL231
CHEMBL1669418,C[C@H](C1=C(CCN(C)Cc2ccco2)Cc2ccccc21)c1cnccn1,CHEMBL231
CHEMBL1669419,C[C@H](C1=C(CCN(C)Cc2cccs2)Cc2ccccc21)c1cnccn1,CHEMBL231
CHEMBL1669420,C[C@H](C1=C(CCN(C)Cc2nccs2)Cc2ccccc21)c1cnccn1,CHEMBL231
CHEMBL1669421,C[C@H](C1=C(CCN(C)Cc2ncco2)Cc2ccccc21)c1cnccn1,CHEMBL231
CHEMBL1669422,C[C@H](C1=C(CCN(C)Cc2ncc[nH]2)Cc2ccccc21)c1cnccn1,CHEMBL231
CHEMBL1669423,C[C@H](C1=C(CCN(C)Cc2nccn2C)Cc2ccccc21)c1cnccn1,CHEMBL231
CHEMBL1669424,C[C@H](C1=C(CCN(C)Cc2ccccn2)Cc2ccccc21)c1cnccn1,CHEMBL231
CHEMBL1669425,C[C@H](C1=C(CCN(C)Cc2ccncc2)Cc2ccccc21)c1cnccn1,CHEMBL231
CHEMBL1669426,C[C@H](C1=C(CCN(C)Cc2cnccn2)Cc2ccccc21)c1cnccn1,CHEMBL231
CHEMBL1669427,C[C@H](C1=C(CCN(C)CC2CCOCC2)Cc2ccccc21)c1cnccn1,CHEMBL231
CHEMBL1767164,O=c1c2ccccc2c(Cc2ccc(Cl)cc2)nn1C[C@H]1CCCN1CCCCc1ccc(OCCCN2CCCCCC2)cc1,CHEMBL231
CHEMBL1767165,COc1ccc(Cc2nn(C[C@H]3CCCN3CCCCc3ccc(OCCCN4CCCCCC4)cc3)c(=O)c3ccccc23)cc1,CHEMBL231
CHEMBL1767166,O=c1c2ccccc2c(Cc2ccc(O)cc2)nn1C[C@H]1CCCN1CCCCc1ccc(OCCCN2CCCCCC2)cc1,CHEMBL231
CHEMBL639,CN1CCCC(n2nc(Cc3ccc(Cl)cc3)c3ccccc3c2=O)CC1,CHEMBL231
CHEMBL1767167,O=c1c2ccccc2c(Cc2ccc(Cl)cc2)nn1C[C@H]1CCCN1CCCCCc1ccc(OCCCN2CCCCCC2)cc1,CHEMBL231
CHEMBL1767151,CN1CCC[C@@H]1Cn1nc(CC2CCCCC2)c2ccccc2c1=O,CHEMBL231
CHEMBL1767157,CN1CCCC1CCn1nc(Cc2ccc(Cl)cc2)c2ccccc2c1=O,CHEMBL231
CHEMBL1767162,O=c1c2ccccc2c(Cc2ccc(Cl)cc2)nn1CCNCCCCc1ccc(OCCCN2CCCCCC2)cc1,CHEMBL231
CHEMBL1767159,O=c1c2ccccc2c(Cc2ccc(Cl)cc2)nn1C1CCCN(Cc2ccc(OCCCN3CCCCCC3)cc2)CC1,CHEMBL231
CHEMBL1767163,CN(CCCCc1ccc(OCCCN2CCCCCC2)cc1)CCn1nc(Cc2ccc(Cl)cc2)c2ccccc2c1=O,CHEMBL231
CHEMBL1767152,CN1CCC[C@@H]1Cn1nc(CCc2ccccc2)c2ccccc2c1=O,CHEMBL231
CHEMBL1767168,O=c1c2ccccc2c(Cc2ccc(Cl)cc2)nn1C[C@@H]1CCCN1CCCCc1ccc(OCCCN2CCCCCC2)cc1,CHEMBL231
CHEMBL1767161,O=c1c2ccccc2c(Cc2ccc(Cl)cc2)nn1C1CCCN(CCCCc2ccc(OCCCN3CCCCCC3)cc2)CC1,CHEMBL231
CHEMBL1765111,O=c1c2ccccc2c(Cc2ccc(Cl)cc2)nn1C1CCCN(CCc2ccc(OCCCN3CCCCCC3)cc2)CC1,CHEMBL231
CHEMBL1767160,O=c1c2ccccc2c(Cc2ccc(Cl)cc2)nn1C1CCCN(CCCc2ccc(OCCCN3CCCCCC3)cc2)CC1,CHEMBL231
CHEMBL1767166,O=c1c2ccccc2c(Cc2ccc(O)cc2)nn1C[C@H]1CCCN1CCCCc1ccc(OCCCN2CCCCCC2)cc1,CHEMBL231
CHEMBL1767167,O=c1c2ccccc2c(Cc2ccc(Cl)cc2)nn1C[C@H]1CCCN1CCCCCc1ccc(OCCCN2CCCCCC2)cc1,CHEMBL231
CHEMBL1767135,CN(C)CCCn1nc(Cc2ccc(Cl)cc2)c2ccccc2c1=O,CHEMBL231
CHEMBL1767164,O=c1c2ccccc2c(Cc2ccc(Cl)cc2)nn1C[C@H]1CCCN1CCCCc1ccc(OCCCN2CCCCCC2)cc1,CHEMBL231
CHEMBL1767165,COc1ccc(Cc2nn(C[C@H]3CCCN3CCCCc3ccc(OCCCN4CCCCCC4)cc3)c(=O)c3ccccc23)cc1,CHEMBL231
CHEMBL1767155,CN1CCC(Cn2nc(Cc3ccc(Cl)cc3)c3ccccc3c2=O)C1,CHEMBL231
CHEMBL1767139,CCOc1ccc(Cc2nn(C[C@H]3CCCN3C)c(=O)c3ccccc23)cc1,CHEMBL231
CHEMBL1767158,CN1CCCCC(n2nc(Cc3ccc(Cl)cc3)c3ccccc3c2=O)C1,CHEMBL231
CHEMBL1767147,COc1cccc(Cc2nn(C[C@H]3CCCN3C)c(=O)c3ccccc23)c1,CHEMBL231
CHEMBL1767146,CN1CCC[C@@H]1Cn1nc(Cc2cccc(Cl)c2)c2ccccc2c1=O,CHEMBL231
CHEMBL1767153,CCCCCc1nn(C[C@H]2CCCN2C)c(=O)c2ccccc12,CHEMBL231
CHEMBL639,CN1CCCC(n2nc(Cc3ccc(Cl)cc3)c3ccccc3c2=O)CC1,CHEMBL231
CHEMBL1767156,CN1CCC(n2nc(Cc3ccc(Cl)cc3)c3ccccc3c2=O)CC1,CHEMBL231
CHEMBL1767148,Cc1cccc(Cc2nn(C[C@H]3CCCN3C)c(=O)c3ccccc23)c1,CHEMBL231
CHEMBL1767145,CN1CCC[C@@H]1Cn1nc(Cc2cccc(F)c2)c2ccccc2c1=O,CHEMBL231
CHEMBL1767140,CN1CCC[C@@H]1Cn1nc(Cc2ccc(F)cc2)c2ccccc2c1=O,CHEMBL231
CHEMBL1767154,CN1CCC[C@H]1Cn1nc(Cc2ccc(Cl)cc2)c2ccccc2c1=O,CHEMBL231
CHEMBL1767134,CN(C)CCn1nc(Cc2ccc(Cl)cc2)c2ccccc2c1=O,CHEMBL231
CHEMBL1767149,CN1CCC[C@@H]1Cn1nc(Cc2ccc(F)c(F)c2)c2ccccc2c1=O,CHEMBL231
CHEMBL1767141,Cc1ccc(Cc2nn(C[C@H]3CCCN3C)c(=O)c3ccccc23)cc1,CHEMBL231
CHEMBL1767136,CN1CCC[C@@H]1Cn1nc(Cc2ccc(Cl)cc2)c2ccccc2c1=O,CHEMBL231
CHEMBL1767138,CN1CCC[C@@H]1Cn1nc(Cc2ccc(O)cc2)c2ccccc2c1=O,CHEMBL231
CHEMBL1767137,COc1ccc(Cc2nn(C[C@H]3CCCN3C)c(=O)c3ccccc23)cc1,CHEMBL231
CHEMBL505,CN(C)CCC(c1ccc(Cl)cc1)c1ccccn1,CHEMBL231
CHEMBL534,CN1CCC(=C2c3ccccc3CC(=O)c3sccc32)CC1,CHEMBL231
CHEMBL914,CC(C)(C(=O)O)c1ccc(C(O)CCCN2CCC(C(O)(c3ccccc3)c3ccccc3)CC2)cc1,CHEMBL231
CHEMBL1774507,Cn1c(N2CCCN(CC/C=C3/c4ccccc4CCc4ccc(C(=O)O)cc43)CC2)cc(=O)n(C)c1=O,CHEMBL231
CHEMBL1774506,Cn1c(N2CCCN(CC/C=C3/c4ccccc4CCc4ccc(CC(=O)O)cc43)CC2)cc(=O)n(C)c1=O,CHEMBL231
CHEMBL1774505,Cn1c(N2CCN(CC/C=C3/c4ccccc4CCc4ccc(CC(=O)O)cc43)CC2)cc(=O)n(C)c1=O,CHEMBL231
CHEMBL1774504,Cn1c(N2CCCN(CC/C=C3/c4ccccc4COc4ccc(C(=O)O)cc43)CC2)cc(=O)n(C)c1=O,CHEMBL231
CHEMBL1774502,Cn1c(N2CCCN(CC/C=C3/c4ccccc4COc4ccc(CC(=O)O)cc43)CC2)cc(=O)n(C)c1=O,CHEMBL231
CHEMBL1774500,Cn1c(N2CCN(CC/C=C3/c4ccccc4COc4ccc(CC(=O)O)cc43)CC2)cc(=O)n(C)c1=O,CHEMBL231
CHEMBL1774499,Cn1c(N2CCCN(CCCN3c4ccccc4CCc4ccc(C(C)(C)C(=O)O)cc43)CC2)cc(=O)n(C)c1=O,CHEMBL231
CHEMBL1774498,Cn1c(N2CCCN(CCCN3c4ccccc4CCc4ccc(CC(=O)O)cc43)CC2)cc(=O)n(C)c1=O,CHEMBL231
CHEMBL1774497,Cn1c(N2CCCN(CCCN3c4ccccc4CCc4ccc(C(=O)O)cc43)CC2)cc(=O)n(C)c1=O,CHEMBL231
CHEMBL1774495,Cn1c(N2CCCN(CCCN3c4ccccc4COc4ccc(C(C)(C)C(=O)O)cc43)CC2)cc(=O)n(C)c1=O,CHEMBL231
CHEMBL1774494,CC(C(=O)O)c1ccc2c(c1)N(CCCN1CCCN(c3cc(=O)n(C)c(=O)n3C)CC1)c1ccccc1CO2,CHEMBL231
CHEMBL1774493,Cn1c(N2CCCN(CCCN3c4ccccc4COc4ccc(CC(=O)O)cc43)CC2)cc(=O)n(C)c1=O,CHEMBL231
CHEMBL1774492,Cn1c(N2CCN(CCCN3c4ccccc4COc4ccc(CC(=O)O)cc43)CC2)cc(=O)n(C)c1=O,CHEMBL231
CHEMBL1774491,Cn1c(N2CCCN(CCCN3c4ccccc4COc4ccc(C(=O)O)cc43)CC2)cc(=O)n(C)c1=O,CHEMBL231
CHEMBL1774490,Cn1c(N2CCN(CCCN3c4ccccc4COc4ccc(C(=O)O)cc43)CC2)cc(=O)n(C)c1=O,CHEMBL231
CHEMBL559664,Cn1c(N2CCN(CCCN3c4ccccc4Sc4ccc(CC(=O)O)cc43)CC2)cc(=O)n(C)c1=O,CHEMBL231
CHEMBL1783959,CN1CCc2c(c3ccccc3n2CCc2cccnc2)C1,CHEMBL231
CHEMBL1783963,Cc1ccc(CCn2c3c(c4cc(F)ccc42)CN(C)CC3)cn1,CHEMBL231
CHEMBL1783957,CN1CCc2c(c3cc(Br)ccc3n2CCc2ccccn2)C1,CHEMBL231
CHEMBL1783964,CN1CCc2c(c3ccccc3n2CCc2ccncc2)C1,CHEMBL231
CHEMBL1783967,CN1CCc2c(c3cc(F)ccc3n2CCc2ccncc2)C1,CHEMBL231
CHEMBL589390,Cc1ccc2c(c1)c1c(n2CCc2ccc(C)nc2)CCN(C)C1,CHEMBL231
CHEMBL1783965,Cc1ccc2c(c1)c1c(n2CCc2ccncc2)CCN(C)C1,CHEMBL231
CHEMBL1783968,CN1CCc2c(c3cc(C(F)(F)F)ccc3n2CCc2ccncc2)C1,CHEMBL231
CHEMBL1783970,Cc1ccc2c(c1)c1c(n2CCc2cnccn2)CCN(C)C1,CHEMBL231
CHEMBL1090176,COc1nccnc1[C@H](C)C1=C(CCN(C)C)Cc2cc(C)ccc21,CHEMBL231
CHEMBL1090526,COc1nccnc1[C@H](C)C1=C(CCN(C)C)Cc2cc(F)ccc21,CHEMBL231
CHEMBL1092662,CN(C)CCC1=C(Cc2cccnn2)c2ccc(F)cc2C1,CHEMBL231
CHEMBL556506,C[C@H](C1=C(CCN(C)C)Cc2ccccc21)c1cnccn1,CHEMBL231
CHEMBL564144,C[C@@H](c1ccccn1)c1c(CCN(C)C)sc2ccccc12,CHEMBL231
CHEMBL1201203,CN1[C@@H]2CC[C@H]1C[C@@H](OC(c1ccccc1)c1ccccc1)C2,CHEMBL231
CHEMBL1201203,CN1[C@@H]2CC[C@H]1C[C@@H](OC(c1ccccc1)c1ccccc1)C2,CHEMBL231
CHEMBL296419,COc1ccc(CCN2CCC(Nc3nc4ccccc4n3Cc3ccc(F)cc3)CC2)cc1,CHEMBL231
CHEMBL296419,COc1ccc(CCN2CCC(Nc3nc4ccccc4n3Cc3ccc(F)cc3)CC2)cc1,CHEMBL231
CHEMBL1113,Clc1ccc2c(c1)C(N1CCNCC1)=Nc1ccccc1O2,CHEMBL231
CHEMBL1113,Clc1ccc2c(c1)C(N1CCNCC1)=Nc1ccccc1O2,CHEMBL231
CHEMBL629,CN(C)CCC=C1c2ccccc2CCc2ccccc21,CHEMBL231
CHEMBL629,CN(C)CCC=C1c2ccccc2CCc2ccccc21,CHEMBL231
CHEMBL305660,CC(C)(C)c1ccc(C(=O)CCCN2CCC(OC(c3ccccc3)c3ccccc3)CC2)cc1,CHEMBL231
CHEMBL305660,CC(C)(C)c1ccc(C(=O)CCCN2CCC(OC(c3ccccc3)c3ccccc3)CC2)cc1,CHEMBL231
CHEMBL30008,Fc1ccc(C(c2ccc(F)cc2)N2CCN(C/C=C/c3ccccc3)CC2)cc1,CHEMBL231
CHEMBL30008,Fc1ccc(C(c2ccc(F)cc2)N2CCN(C/C=C/c3ccccc3)CC2)cc1,CHEMBL231
CHEMBL726,OCCN1CCN(CCCN2c3ccccc3Sc3ccc(C(F)(F)F)cc32)CC1,CHEMBL231
CHEMBL726,OCCN1CCN(CCCN2c3ccccc3Sc3ccc(C(F)(F)F)cc32)CC1,CHEMBL231
CHEMBL1201353,CN(C)CC[C@@H](c1ccc(Cl)cc1)c1ccccn1,CHEMBL231
CHEMBL1201353,CN(C)CC[C@@H](c1ccc(Cl)cc1)c1ccccn1,CHEMBL231
CHEMBL1626,CN1CCC[C@@H]1CCO[C@](C)(c1ccccc1)c1ccc(Cl)cc1,CHEMBL231
CHEMBL1626,CN1CCC[C@@H]1CCO[C@](C)(c1ccccc1)c1ccc(Cl)cc1,CHEMBL231
CHEMBL657,CN(C)CCOC(c1ccccc1)c1ccccc1,CHEMBL231
CHEMBL657,CN(C)CCOC(c1ccccc1)c1ccccc1,CHEMBL231
CHEMBL1628227,CN(C)CCC=C1c2ccccc2COc2ccccc21,CHEMBL231
CHEMBL1628227,CN(C)CCC=C1c2ccccc2COc2ccccc21,CHEMBL231
CHEMBL451,CNC1=Nc2ccc(Cl)cc2C(c2ccccc2)=[N+]([O-])C1,CHEMBL231
CHEMBL648,CN1CCN(C(c2ccccc2)c2ccccc2)CC1,CHEMBL231
CHEMBL648,CN1CCN(C(c2ccccc2)c2ccccc2)CC1,CHEMBL231
CHEMBL1172,Clc1ccc2c(c1)CCc1cccnc1C2=C1CCNCC1,CHEMBL231
CHEMBL1172,Clc1ccc2c(c1)CCc1cccnc1C2=C1CCNCC1,CHEMBL231
CHEMBL42,CN1CCN(C2=Nc3cc(Cl)ccc3Nc3ccccc32)CC1,CHEMBL231
CHEMBL42,CN1CCN(C2=Nc3cc(Cl)ccc3Nc3ccccc32)CC1,CHEMBL231
CHEMBL1200406,CN(C)CCOC(c1ccccc1)c1ccccc1.Cn1c(=O)c2[nH]c(Cl)nc2n(C)c1=O,CHEMBL231
CHEMBL1200406,CN(C)CCOC(c1ccccc1)c1ccccc1.Cn1c(=O)c2[nH]c(Cl)nc2n(C)c1=O,CHEMBL231
CHEMBL71,CN(C)CCCN1c2ccccc2Sc2ccc(Cl)cc21,CHEMBL231
CHEMBL71,CN(C)CCCN1c2ccccc2Sc2ccc(Cl)cc21,CHEMBL231
CHEMBL43064,C(=C/c1ccccc1)\CN1CCN(C(c2ccccc2)c2ccccc2)CC1,CHEMBL231
CHEMBL43064,C(=C/c1ccccc1)\CN1CCN(C(c2ccccc2)c2ccccc2)CC1,CHEMBL231
CHEMBL516,CN1CCC(=C2c3ccccc3C=Cc3ccccc32)CC1,CHEMBL231
CHEMBL516,CN1CCC(=C2c3ccccc3C=Cc3ccccc32)CC1,CHEMBL231
CHEMBL219916,O=c1[nH]c2ccccc2n1CCCN1CCC(n2c(=O)[nH]c3cc(Cl)ccc32)CC1,CHEMBL231
CHEMBL415,CN(C)CCCN1c2ccccc2CCc2ccc(Cl)cc21,CHEMBL231
CHEMBL415,CN(C)CCCN1c2ccccc2CCc2ccc(Cl)cc21,CHEMBL231
CHEMBL900,Cc1ccccc1C(OCCN(C)C)c1ccccc1,CHEMBL231
CHEMBL564,CN(C)CCCN1c2ccccc2Sc2ccccc21,CHEMBL231
CHEMBL564,CN(C)CCCN1c2ccccc2Sc2ccccc21,CHEMBL231
CHEMBL643,CC(CN1c2ccccc2Sc2ccccc21)N(C)C,CHEMBL231
CHEMBL643,CC(CN1c2ccccc2Sc2ccccc21)N(C)C,CHEMBL231
CHEMBL511,COc1ccc(CN(CCN(C)C)c2ccccn2)cc1,CHEMBL231
CHEMBL511,COc1ccc(CN(CCN(C)C)c2ccccn2)cc1,CHEMBL231
CHEMBL715,Cc1cc2c(s1)Nc1ccccc1N=C2N1CCN(C)CC1,CHEMBL231
CHEMBL715,Cc1cc2c(s1)Nc1ccccc1N=C2N1CCN(C)CC1,CHEMBL231
CHEMBL1909072,NC(=O)C1CCN(CCCN2c3ccccc3Sc3ccc(Cl)cc32)CC1,CHEMBL231
CHEMBL1909072,NC(=O)C1CCN(CCCN2c3ccccc3Sc3ccc(Cl)cc32)CC1,CHEMBL231
CHEMBL445,CNCCC=C1c2ccccc2CCc2ccccc21,CHEMBL231
CHEMBL445,CNCCC=C1c2ccccc2CCc2ccccc21,CHEMBL231
CHEMBL716,OCCOCCN1CCN(C2=Nc3ccccc3Sc3ccccc32)CC1,CHEMBL231
CHEMBL716,OCCOCCN1CCN(C2=Nc3ccccc3Sc3ccccc32)CC1,CHEMBL231
CHEMBL728,CN1CCN(CCCN2c3ccccc3Sc3ccc(Cl)cc32)CC1,CHEMBL231
CHEMBL728,CN1CCN(CCCN2c3ccccc3Sc3ccc(Cl)cc32)CC1,CHEMBL231
CHEMBL534,CN1CCC(=C2c3ccccc3CC(=O)c3sccc32)CC1,CHEMBL231
CHEMBL534,CN1CCC(=C2c3ccccc3CC(=O)c3sccc32)CC1,CHEMBL231
CHEMBL21731,CNCCCC12CCC(c3ccccc31)c1ccccc12,CHEMBL231
CHEMBL21731,CNCCCC12CCC(c3ccccc31)c1ccccc12,CHEMBL231
CHEMBL6437,CN1CCN2c3ccccc3Cc3ccccc3C2C1,CHEMBL231
CHEMBL6437,CN1CCN2c3ccccc3Cc3ccccc3C2C1,CHEMBL231
CHEMBL157138,CCN(CC)C(=O)N[C@H]1C=C2c3cccc4[nH]cc(c34)C[C@H]2N(C)C1,CHEMBL231
CHEMBL157138,CCN(CC)C(=O)N[C@H]1C=C2c3cccc4[nH]cc(c34)C[C@H]2N(C)C1,CHEMBL231
CHEMBL1411979,CN(C)CCN(Cc1cccs1)c1ccccn1,CHEMBL231
CHEMBL1411979,CN(C)CCN(Cc1cccs1)c1ccccn1,CHEMBL231
CHEMBL395110,CN1CCCC(CN2c3ccccc3Sc3ccccc32)C1,CHEMBL231
CHEMBL395110,CN1CCCC(CN2c3ccccc3Sc3ccccc32)C1,CHEMBL231
CHEMBL998,CCOC(=O)N1CCC(=C2c3ccc(Cl)cc3CCc3cccnc32)CC1,CHEMBL231
CHEMBL998,CCOC(=O)N1CCC(=C2c3ccc(Cl)cc3CCc3cccnc32)CC1,CHEMBL231
CHEMBL621,O=c1n(CCCN2CCN(c3cccc(Cl)c3)CC2)nc2ccccn12,CHEMBL231
CHEMBL479,CSc1ccc2c(c1)N(CCC1CCCCN1C)c1ccccc1S2,CHEMBL231
CHEMBL479,CSc1ccc2c(c1)N(CCC1CCCCN1C)c1ccccc1S2,CHEMBL231
CHEMBL85,Cc1nc2n(c(=O)c1CCN1CCC(c3noc4cc(F)ccc34)CC1)CCCC2,CHEMBL231
CHEMBL85,Cc1nc2n(c(=O)c1CCN1CCC(c3noc4cc(F)ccc34)CC1)CCCC2,CHEMBL231
CHEMBL17157,CC(C)(C)c1ccc(C(O)CCCN2CCC(C(O)(c3ccccc3)c3ccccc3)CC2)cc1,CHEMBL231
CHEMBL17157,CC(C)(C)c1ccc(C(O)CCCN2CCC(C(O)(c3ccccc3)c3ccccc3)CC2)cc1,CHEMBL231
CHEMBL1910386,O=C(c1cc2ccccc2[nH]1)N1CCN(CCN2CCC(Nc3nc4ccccc4n3Cc3ccc(F)cc3)CC2)CC1,CHEMBL231
CHEMBL1910385,COc1ccc(CN(CCN(C)CC(C)Nc2ccc3[nH]c(C(=O)N4CCN(C)CC4)cc3c2)c2ccccn2)cc1,CHEMBL231
CHEMBL1910383,O=C(c1cc2ccccc2[nH]1)N1CCN(CCOC(c2ccccc2)c2ccccc2)CC1,CHEMBL231
CHEMBL1910382,COc1ccc(CN(CCN(C)CCN2CCN(C(=O)c3cc4cc(Cl)ccc4[nH]3)CC2)c2ccccn2)cc1,CHEMBL231
CHEMBL1910381,COc1ccc(CN(CCN(C)CCN2CCN(C(=O)c3cc4ccccc4[nH]3)CC2)c2ccccn2)cc1,CHEMBL231
CHEMBL1910378,COc1ccc(CN(CCN2CCN(C(=O)c3cc4ccccc4[nH]3)CC2)c2ccccn2)cc1,CHEMBL231
CHEMBL296419,COc1ccc(CCN2CCC(Nc3nc4ccccc4n3Cc3ccc(F)cc3)CC2)cc1,CHEMBL231
CHEMBL657,CN(C)CCOC(c1ccccc1)c1ccccc1,CHEMBL231
CHEMBL511,COc1ccc(CN(CCN(C)C)c2ccccn2)cc1,CHEMBL231
CHEMBL1628227,CN(C)CCC=C1c2ccccc2COc2ccccc21,CHEMBL231
CHEMBL511,COc1ccc(CN(CCN(C)C)c2ccccn2)cc1,CHEMBL231
CHEMBL1923521,c1ccc(Cc2ccccc2OC2CCNCC2)cc1,CHEMBL231
CHEMBL1923522,CN1CCN(c2nc(N3CCCC3)c3cnn(C)c3n2)CC1,CHEMBL231
CHEMBL1923521,c1ccc(Cc2ccccc2OC2CCNCC2)cc1,CHEMBL231
CHEMBL1923522,CN1CCN(c2nc(N3CCCC3)c3cnn(C)c3n2)CC1,CHEMBL231
CHEMBL1087089,CN1CCCC(c2nc3ccccc3n2Cc2ccc(F)cc2)C1,CHEMBL231
CHEMBL1935431,CN(C)C(=O)CN1CCCC(c2nc3ccccc3n2Cc2ccc(F)cc2)C1,CHEMBL231
CHEMBL1935432,CCN(CC)C(=O)CN1CCCC(c2nc3ccccc3n2Cc2ccc(F)cc2)C1,CHEMBL231
CHEMBL1935433,O=C(CN1CCCC(c2nc3ccccc3n2Cc2ccc(F)cc2)C1)N1CCCCC1,CHEMBL231
CHEMBL1935434,O=C(CN1CCCC(c2nc3ccccc3n2Cc2ccc(F)cc2)C1)N1CCOCC1,CHEMBL231
CHEMBL1935435,Fc1ccc(Cn2c(C3CCCN(Cc4ncco4)C3)nc3ccccc32)cc1,CHEMBL231
CHEMBL1935436,OCCN1CCCC(c2nc3ccccc3n2Cc2ccc(F)cc2)C1,CHEMBL231
CHEMBL1935437,Fc1ccc(Cn2c([C@@H]3CCCNC3)nc3ccccc32)cc1,CHEMBL231
CHEMBL1095819,CN1CCC[C@@H](c2nc3ccccc3n2Cc2ccc(F)cc2)C1,CHEMBL231
CHEMBL1935431,CN(C)C(=O)CN1CCCC(c2nc3ccccc3n2Cc2ccc(F)cc2)C1,CHEMBL231
CHEMBL1935435,Fc1ccc(Cn2c(C3CCCN(Cc4ncco4)C3)nc3ccccc32)cc1,CHEMBL231
CHEMBL1935438,c1ccc(OCCn2c(C3CCCNC3)nc3ccccc32)cc1,CHEMBL231
CHEMBL1094510,CN1CCCC(c2nc3ccccc3n2CCOc2ccccc2)C1,CHEMBL231
CHEMBL1935439,CN(C)C(=O)CN1CCCC(c2nc3ccccc3n2CCOc2ccccc2)C1,CHEMBL231
CHEMBL1935440,c1ccc(OCCn2c(C3CCCN(Cc4ncco4)C3)nc3ccccc32)cc1,CHEMBL231
CHEMBL1935439,CN(C)C(=O)CN1CCCC(c2nc3ccccc3n2CCOc2ccccc2)C1,CHEMBL231
CHEMBL1935441,Cc1ccc(Cn2c([C@H]3CNCCO3)nc3ccccc32)cc1,CHEMBL231
CHEMBL1935442,Fc1ccc(Cn2c([C@H]3CNCCO3)nc3ccccc32)cc1,CHEMBL231
CHEMBL1935443,Cc1ccc(Cn2c(C3CNCCO3)nc3ccccc32)cc1C,CHEMBL231
CHEMBL1935444,Cc1ccc(Cn2c(C3CNCCS3)nc3ccccc32)cc1,CHEMBL231
CHEMBL1935444,Cc1ccc(Cn2c(C3CNCCS3)nc3ccccc32)cc1,CHEMBL231
CHEMBL1935444,Cc1ccc(Cn2c(C3CNCCS3)nc3ccccc32)cc1,CHEMBL231
CHEMBL1935445,Fc1ccc(Cn2c(C3CNCCS3)nc3ccccc32)cc1,CHEMBL231
CHEMBL1935446,Fc1ccc(Cn2c([C@H]3CNCCS3)nc3ccccc32)cc1,CHEMBL231
CHEMBL1935445,Fc1ccc(Cn2c(C3CNCCS3)nc3ccccc32)cc1,CHEMBL231
CHEMBL1935447,COc1ccc(Cn2c([C@H]3CNCCS3)nc3ccccc32)cc1,CHEMBL231
CHEMBL1935448,COc1ccc(Cn2c(C3CNCCS3)nc3ccccc32)cc1,CHEMBL231
CHEMBL550818,CN(CC1CCOCC1)C1CCN(c2nc3ccccc3n2Cc2ccc(F)cc2)CC1,CHEMBL231
CHEMBL556450,Cc1cnn(C2CCN(c3nc4ccccc4n3Cc3ccc(F)cc3)CC2)c1,CHEMBL231
CHEMBL1940412,Fc1ccc(OCCCN2CCN(c3ccccc3)CC2)cc1,CHEMBL231
CHEMBL1940414,c1ccc(OCCCN2CCN(c3ccccc3)CC2)cc1,CHEMBL231
CHEMBL1940418,Fc1ccc(CCCCN2CCN(c3ccccn3)CC2)cc1,CHEMBL231
CHEMBL1940419,Fc1ccc(SCCCN2CCN(c3ccccn3)CC2)cc1,CHEMBL231
CHEMBL1940420,Fc1ccc(OCCCN2CCN(c3ccccn3)CC2)cc1,CHEMBL231
CHEMBL42,CN1CCN(C2=Nc3cc(Cl)ccc3Nc3ccccc32)CC1,CHEMBL231
CHEMBL1946254,Clc1ccc(N2CCCN(CCCCc3nc4ccccc4s3)CC2)cc1,CHEMBL231
CHEMBL1946257,O=C(CCCCN1CCCN(c2ccc(Cl)cc2)CC1)c1nc2ccccc2s1,CHEMBL231
CHEMBL1946745,OC1(c2ccc(Cl)cc2)C[C@H]2CC[C@@H](C1)N2CCCCc1nc2ccccc2s1,CHEMBL231
CHEMBL2037528,O=C(CCCCN1CCN(c2ccc(Cl)cc2)CC1)c1nc2ccccc2s1,CHEMBL231
CHEMBL2037531,O=C(CCCCN1CCC(c2ccccc2)CC1)c1nc2ccccc2s1,CHEMBL231
CHEMBL2146813,O=c1c2ccncc2c(Cc2ccc(Cl)cc2)nn1C[C@H]1CCCN1CCCCc1ccc(OCCCN2CCCCCC2)cc1,CHEMBL231
CHEMBL2146809,CN1CCC[C@@H]1Cn1nc(Cc2ccc(Cl)cc2)c2ncccc2c1=O,CHEMBL231
CHEMBL2146807,CCCCN1CCC[C@@H]1Cn1nc(Cc2ccc(Cl)cc2)c2cccnc2c1=O,CHEMBL231
CHEMBL2146801,COCCN1CCC[C@@H]1Cn1nc(Cc2ccc(Cl)cc2)c2cnccc2c1=O,CHEMBL231
CHEMBL2146806,CCCCN1CCC[C@@H]1Cn1nc(Cc2ccc(Cl)cc2)c2cnccc2c1=O,CHEMBL231
CHEMBL2146804,CN1CCC[C@@H]1Cn1nc(Cc2ccc(Cl)cc2)c2ccncc2c1=O,CHEMBL231
CHEMBL1767136,CN1CCC[C@@H]1Cn1nc(Cc2ccc(Cl)cc2)c2ccccc2c1=O,CHEMBL231
CHEMBL1767136,CN1CCC[C@@H]1Cn1nc(Cc2ccc(Cl)cc2)c2ccccc2c1=O,CHEMBL231
CHEMBL2146802,CCCCN1CCC[C@@H]1Cn1nc(Cc2ccc(Cl)cc2)c2ccccc2c1=O,CHEMBL231
CHEMBL2146803,COCCN1CCC[C@@H]1Cn1nc(Cc2ccc(Cl)cc2)c2ccccc2c1=O,CHEMBL231
CHEMBL2146804,CN1CCC[C@@H]1Cn1nc(Cc2ccc(Cl)cc2)c2ccncc2c1=O,CHEMBL231
CHEMBL2146805,CN1CCC[C@@H]1Cn1nc(Cc2ccc(Cl)cc2)c2cnccc2c1=O,CHEMBL231
CHEMBL2146806,CCCCN1CCC[C@@H]1Cn1nc(Cc2ccc(Cl)cc2)c2cnccc2c1=O,CHEMBL231
CHEMBL2146801,COCCN1CCC[C@@H]1Cn1nc(Cc2ccc(Cl)cc2)c2cnccc2c1=O,CHEMBL231
CHEMBL2146484,CN1CCC[C@@H]1Cn1nc(Cc2ccc(Cl)cc2)c2cccnc2c1=O,CHEMBL231
CHEMBL2146807,CCCCN1CCC[C@@H]1Cn1nc(Cc2ccc(Cl)cc2)c2cccnc2c1=O,CHEMBL231
CHEMBL2146808,COCCN1CCC[C@@H]1Cn1nc(Cc2ccc(Cl)cc2)c2cccnc2c1=O,CHEMBL231
CHEMBL1767164,O=c1c2ccccc2c(Cc2ccc(Cl)cc2)nn1C[C@H]1CCCN1CCCCc1ccc(OCCCN2CCCCCC2)cc1,CHEMBL231
CHEMBL2146812,CN1CCC[C@@H]1Cn1nc(Cc2ccc(Cl)cc2)c2nccnc2c1=O,CHEMBL231
CHEMBL2146808,COCCN1CCC[C@@H]1Cn1nc(Cc2ccc(Cl)cc2)c2cccnc2c1=O,CHEMBL231
CHEMBL2146484,CN1CCC[C@@H]1Cn1nc(Cc2ccc(Cl)cc2)c2cccnc2c1=O,CHEMBL231
CHEMBL2146805,CN1CCC[C@@H]1Cn1nc(Cc2ccc(Cl)cc2)c2cnccc2c1=O,CHEMBL231
CHEMBL2146802,CCCCN1CCC[C@@H]1Cn1nc(Cc2ccc(Cl)cc2)c2ccccc2c1=O,CHEMBL231
CHEMBL2146809,CN1CCC[C@@H]1Cn1nc(Cc2ccc(Cl)cc2)c2ncccc2c1=O,CHEMBL231
CHEMBL2146810,CCCCN1CCC[C@@H]1Cn1nc(Cc2ccc(Cl)cc2)c2ncccc2c1=O,CHEMBL231
CHEMBL2146811,COCCN1CCC[C@@H]1Cn1nc(Cc2ccc(Cl)cc2)c2ncccc2c1=O,CHEMBL231
CHEMBL2146812,CN1CCC[C@@H]1Cn1nc(Cc2ccc(Cl)cc2)c2nccnc2c1=O,CHEMBL231
CHEMBL2146813,O=c1c2ccncc2c(Cc2ccc(Cl)cc2)nn1C[C@H]1CCCN1CCCCc1ccc(OCCCN2CCCCCC2)cc1,CHEMBL231
CHEMBL1767164,O=c1c2ccccc2c(Cc2ccc(Cl)cc2)nn1C[C@H]1CCCN1CCCCc1ccc(OCCCN2CCCCCC2)cc1,CHEMBL231
CHEMBL639,CN1CCCC(n2nc(Cc3ccc(Cl)cc3)c3ccccc3c2=O)CC1,CHEMBL231
CHEMBL639,CN1CCCC(n2nc(Cc3ccc(Cl)cc3)c3ccccc3c2=O)CC1,CHEMBL231
CHEMBL42,CN1CCN(C2=Nc3cc(Cl)ccc3Nc3ccccc32)CC1,CHEMBL231
CHEMBL715,Cc1cc2c(s1)Nc1ccccc1N=C2N1CCN(C)CC1,CHEMBL231
CHEMBL1767164,O=c1c2ccccc2c(Cc2ccc(Cl)cc2)nn1C[C@H]1CCCN1CCCCc1ccc(OCCCN2CCCCCC2)cc1,CHEMBL231
CHEMBL2151156,CC1(C)CCCN(CCCOc2ccc(C3CCN(C(=O)c4ccc(CCC(=O)O)c5ccccc45)CC3)cc2)C1,CHEMBL231
CHEMBL292195,CN(CCCCc1c[nH]cn1)CCC(c1ccc(Cl)cc1)c1ccccn1,CHEMBL231
CHEMBL2158793,Cc1cc(F)ccc1OC1CCN(CC2CCN([C@@](C)(Cc3ccc(F)cc3)C(=O)O)CC2)CC1,CHEMBL231
CHEMBL2158792,Cc1cc(OC2CCN(CC3CCN([C@@](C)(Cc4ccc(F)cc4)C(=O)O)CC3)CC2)ccc1Cl,CHEMBL231
CHEMBL2158791,Cc1cc(Cl)ccc1OC1CCN(CC2CCN([C@@](C)(Cc3ccc(F)cc3)C(=O)O)CC2)CC1,CHEMBL231
CHEMBL2158790,Cc1c(OC2CCN(CC3CCN([C@@](C)(Cc4ccc(F)cc4)C(=O)O)CC3)CC2)ccc(Cl)c1Cl,CHEMBL231
CHEMBL2158789,Cc1c(OC2CCN(CC3CCN([C@@](C)(Cc4ccccc4)C(=O)O)CC3)CC2)ccc(Cl)c1Cl,CHEMBL231
CHEMBL2158788,Cc1c(OC2CCN(CC3CCN([C@@H](Cc4ccccc4)C(=O)O)CC3)CC2)ccc(Cl)c1Cl,CHEMBL231
CHEMBL2158787,C[C@](Cc1ccc(F)cc1)(C(=O)O)N1CCC(CN2CCC(Oc3ccc(Cl)c(Cl)c3)CC2)CC1,CHEMBL231
CHEMBL2158786,C[C@](Cc1ccccc1)(C(=O)O)N1CCC(CN2CCC(Oc3ccc(Cl)c(Cl)c3)CC2)CC1,CHEMBL231
CHEMBL2158784,Cc1c(OC2CCN(CC3CCN([C@@H](Cc4ccc(F)cc4)C(=O)O)CC3)CC2)ccc(Cl)c1Cl,CHEMBL231
CHEMBL2158783,Cc1c(Cl)ccc(OC2CCN(CC3CCN([C@@H](Cc4ccc(F)cc4)C(=O)O)CC3)CC2)c1Cl,CHEMBL231
CHEMBL2158782,Cc1cc(OC2CCN(CC3CCN([C@@H](Cc4ccc(F)cc4)C(=O)O)CC3)CC2)ccc1Cl,CHEMBL231
CHEMBL2158781,Cc1cc(F)ccc1OC1CCN(CC2CCN([C@@H](Cc3ccc(F)cc3)C(=O)O)CC2)CC1,CHEMBL231
CHEMBL2158780,Cc1cc(Cl)ccc1OC1CCN(CC2CCN([C@@H](Cc3ccc(F)cc3)C(=O)O)CC2)CC1,CHEMBL231
CHEMBL2158779,O=C(O)[C@H](Cc1ccc(F)cc1)N1CCC(CN2CCC(Oc3ccc(Cl)cc3Cl)CC2)CC1,CHEMBL231
CHEMBL2158777,O=C(O)[C@H](Cc1cccc(C(F)(F)F)c1)N1CCC(CN2CCC(Oc3ccc(Cl)c(Cl)c3)CC2)CC1,CHEMBL231
CHEMBL2158776,COc1ccc(C[C@@H](C(=O)O)N2CCC(CN3CCC(Oc4ccc(Cl)c(Cl)c4)CC3)CC2)cc1,CHEMBL231
CHEMBL2158775,COc1ccccc1C[C@@H](C(=O)O)N1CCC(CN2CCC(Oc3ccc(Cl)c(Cl)c3)CC2)CC1,CHEMBL231
CHEMBL2158774,Cc1ccc(C[C@@H](C(=O)O)N2CCC(CN3CCC(Oc4ccc(Cl)c(Cl)c4)CC3)CC2)cc1,CHEMBL231
CHEMBL2158773,Cc1cccc(C[C@@H](C(=O)O)N2CCC(CN3CCC(Oc4ccc(Cl)c(Cl)c4)CC3)CC2)c1,CHEMBL231
CHEMBL2158772,Cc1ccccc1C[C@@H](C(=O)O)N1CCC(CN2CCC(Oc3ccc(Cl)c(Cl)c3)CC2)CC1,CHEMBL231
CHEMBL2158771,N#Cc1ccc(C[C@@H](C(=O)O)N2CCC(CN3CCC(Oc4ccc(Cl)c(Cl)c4)CC3)CC2)cc1,CHEMBL231
CHEMBL2158770,N#Cc1cccc(C[C@@H](C(=O)O)N2CCC(CN3CCC(Oc4ccc(Cl)c(Cl)c4)CC3)CC2)c1,CHEMBL231
CHEMBL2158769,N#Cc1ccccc1C[C@@H](C(=O)O)N1CCC(CN2CCC(Oc3ccc(Cl)c(Cl)c3)CC2)CC1,CHEMBL231
CHEMBL2158841,O=C(O)[C@H](Cc1ccc(F)cc1)N1CCC(CN2CCC(Oc3ccc(Cl)c(Cl)c3)CC2)CC1,CHEMBL231
CHEMBL2158840,O=C(O)[C@H](Cc1cccc(F)c1)N1CCC(CN2CCC(Oc3ccc(Cl)c(Cl)c3)CC2)CC1,CHEMBL231
CHEMBL2158839,O=C(O)[C@H](Cc1ccccc1F)N1CCC(CN2CCC(Oc3ccc(Cl)c(Cl)c3)CC2)CC1,CHEMBL231
CHEMBL2158838,O=C(O)[C@H](Cc1ccc(Cl)cc1)N1CCC(CN2CCC(Oc3ccc(Cl)c(Cl)c3)CC2)CC1,CHEMBL231
CHEMBL2158837,O=C(O)[C@H](Cc1ccccc1Cl)N1CCC(CN2CCC(Oc3ccc(Cl)c(Cl)c3)CC2)CC1,CHEMBL231
CHEMBL2158836,O=C(O)[C@@H](Cc1ccccc1)N1CCC(CN2CCC(Oc3ccc(Cl)c(Cl)c3)CC2)CC1,CHEMBL231
CHEMBL2158835,O=C(O)[C@H](Cc1ccccc1)N1CCC(CN2CCC(Oc3ccc(Cl)c(Cl)c3)CC2)CC1,CHEMBL231
CHEMBL2158834,O=C(O)c1cccnc1N1CCC(CN2CCC(Oc3ccc(Cl)c(Cl)c3)CC2)CC1,CHEMBL231
CHEMBL2158833,O=C(O)c1ccc(CN2CCC(CN3CCC(Oc4ccc(Cl)c(Cl)c4)CC3)CC2)cc1,CHEMBL231
CHEMBL2158832,O=C(O)c1cccc(CN2CCC(CN3CCC(Oc4ccc(Cl)c(Cl)c4)CC3)CC2)c1,CHEMBL231
CHEMBL2158831,O=C(O)c1ccccc1CN1CCC(CN2CCC(Oc3ccc(Cl)c(Cl)c3)CC2)CC1,CHEMBL231
CHEMBL2158830,O=C(O)COc1ccc(N2CCC(CN3CCC(Oc4ccc(Cl)c(Cl)c4)CC3)CC2)cc1,CHEMBL231
CHEMBL2158829,O=C(O)COc1cccc(N2CCC(CN3CCC(Oc4ccc(Cl)c(Cl)c4)CC3)CC2)c1,CHEMBL231
CHEMBL2158828,O=C(O)COc1ccccc1N1CCC(CN2CCC(Oc3ccc(Cl)c(Cl)c3)CC2)CC1,CHEMBL231
CHEMBL2158827,O=C(O)Cc1ccc(N2CCC(CN3CCC(Oc4ccc(Cl)c(Cl)c4)CC3)CC2)cc1,CHEMBL231
CHEMBL2158826,O=C(O)Cc1cccc(N2CCC(CN3CCC(Oc4ccc(Cl)c(Cl)c4)CC3)CC2)c1,CHEMBL231
CHEMBL2158825,O=C(O)Cc1ccccc1N1CCC(CN2CCC(Oc3ccc(Cl)c(Cl)c3)CC2)CC1,CHEMBL231
CHEMBL2158824,O=C(O)c1ccc(N2CCC(CN3CCC(Oc4ccc(Cl)c(Cl)c4)CC3)CC2)cc1,CHEMBL231
CHEMBL2158823,O=C(O)c1cccc(N2CCC(CN3CCC(Oc4ccc(Cl)c(Cl)c4)CC3)CC2)c1,CHEMBL231
CHEMBL2158822,O=C(O)c1ccccc1N1CCC(CN2CCC(Oc3ccc(Cl)c(Cl)c3)CC2)CC1,CHEMBL231
CHEMBL2158821,O=C(O)[C@@H](c1ccccc1)N1CCC(CN2CCC(Oc3ccc(Cl)c(Cl)c3)CC2)CC1,CHEMBL231
CHEMBL2158820,O=C(O)[C@H](c1ccccc1)N1CCC(CN2CCC(Oc3ccc(Cl)c(Cl)c3)CC2)CC1,CHEMBL231
CHEMBL2158819,O=C(O)C(c1ccccc1)N1CCC(CN2CCC(Oc3ccc(Cl)c(Cl)c3)CC2)CC1,CHEMBL231
CHEMBL2158818,O=C(O)C(c1ccccc1)N1CCO[C@H](CN2CCC(Oc3ccc(Cl)c(Cl)c3)CC2)C1,CHEMBL231
CHEMBL2158817,O=C(O)C(c1ccccc1)N1CCO[C@@H](CN2CCC(Oc3ccc(Cl)c(Cl)c3)CC2)C1,CHEMBL231
CHEMBL2158816,O=C(O)C(c1ccccc1)N1CCCC(CN2CCC(Oc3ccc(Cl)c(Cl)c3)CC2)C1,CHEMBL231
CHEMBL2158815,O=C(O)C(c1ccccc1)N1CCC(N2CCC(Oc3ccc(Cl)c(Cl)c3)CC2)CC1,CHEMBL231
CHEMBL2158814,Cc1ccc(S(=O)(=O)NC(=O)N2CCC(N3CCC(Oc4ccc(Cl)c(Cl)c4)CC3)CC2)cc1,CHEMBL231
CHEMBL51,O=C(c1ccc(F)cc1)C1CCN(CCn2c(=O)[nH]c3ccccc3c2=O)CC1,CHEMBL231
CHEMBL908,CN(C)CC/C=C1/c2ccccc2Sc2ccc(Cl)cc21,CHEMBL231
CHEMBL511,COc1ccc(CN(CCN(C)C)c2ccccn2)cc1,CHEMBL231
CHEMBL2171021,Cc1c(Cl)ccc(OC2CCN(C3CCN(C(=O)c4cccc(S(C)(=O)=O)c4)CC3)CC2)c1Cl,CHEMBL231
CHEMBL2171020,O=C(c1c[nH]c(=O)c2ccccc12)N1CCC(N2CCC(Oc3ccc(Cl)c(Cl)c3)CC2)CC1,CHEMBL231
CHEMBL2171019,CS(=O)(=O)c1cccc(C(=O)N2CCC(N3CCC(Oc4ccc(Cl)c(Cl)c4)CC3)CC2)c1,CHEMBL231
CHEMBL2171013,Cc1ccc(S(=O)(=O)N(C)C(=O)N2CCC(N3CCC(Oc4ccc(Cl)c(Cl)c4)CC3)CC2)cc1,CHEMBL231
CHEMBL2171016,Cc1c(Cl)ccc(OC2CCN(C3CCN(S(=O)(=O)NC(=O)c4ccccc4)CC3)CC2)c1Cl,CHEMBL231
CHEMBL2171015,O=C(NS(=O)(=O)N1CCC(N2CCC(Oc3ccc(Cl)c(Cl)c3)CC2)CC1)c1ccccc1,CHEMBL231
CHEMBL2171014,Cc1c(Cl)ccc(OC2CCN(C3CCN(C(=O)NS(=O)(=O)c4ccc(N(C)C)cc4)CC3)CC2)c1Cl,CHEMBL231
CHEMBL2171215,O=C(NS(=O)(=O)Cc1ccccc1)N1CCC(N2CCC(Oc3ccc(Cl)c(Cl)c3)CC2)CC1,CHEMBL231
CHEMBL2171049,Cc1ccc(S(=O)(=O)NC(=O)N2CCC(N3CCC(Oc4ccc(Cl)cc4)CC3)CC2)cc1,CHEMBL231
CHEMBL2171048,Cc1ccc(S(=O)(=O)NC(=O)N2CCC(N3CCC(Oc4ccc(Cl)cc4C)CC3)CC2)cc1,CHEMBL231
CHEMBL2171047,Cc1ccc(S(=O)(=O)NC(=O)N2CCC(N3CCC(Oc4ccc(Cl)c(C)c4Cl)CC3)CC2)cc1,CHEMBL231
CHEMBL2171046,Cc1ccc(S(=O)(=O)NC(=O)N2CCC(N3CCC(Oc4ccc(Cl)cc4Cl)CC3)CC2)cc1,CHEMBL231
CHEMBL2171045,O=C(NS(=O)(=O)c1cccc(C(F)(F)F)c1)N1CCC(N2CCC(Oc3ccc(Cl)c(Cl)c3)CC2)CC1,CHEMBL231
CHEMBL2171044,N#Cc1cccc(S(=O)(=O)NC(=O)N2CCC(N3CCC(Oc4ccc(Cl)c(Cl)c4)CC3)CC2)c1,CHEMBL231
CHEMBL2171043,O=C(NS(=O)(=O)c1cccc(Cl)c1)N1CCC(N2CCC(Oc3ccc(Cl)c(Cl)c3)CC2)CC1,CHEMBL231
CHEMBL2171042,Cc1cccc(S(=O)(=O)NC(=O)N2CCC(N3CCC(Oc4ccc(Cl)c(Cl)c4)CC3)CC2)c1,CHEMBL231
CHEMBL2171041,CN(C)c1ccccc1S(=O)(=O)NC(=O)N1CCC(N2CCC(Oc3ccc(Cl)c(Cl)c3)CC2)CC1,CHEMBL231
CHEMBL2171040,COc1ccccc1S(=O)(=O)NC(=O)N1CCC(N2CCC(Oc3ccc(Cl)c(Cl)c3)CC2)CC1,CHEMBL231
CHEMBL2171039,O=C(NS(=O)(=O)c1ccccc1Cl)N1CCC(N2CCC(Oc3ccc(Cl)c(Cl)c3)CC2)CC1,CHEMBL231
CHEMBL2171038,Cc1ccccc1S(=O)(=O)NC(=O)N1CCC(N2CCC(Oc3ccc(Cl)c(Cl)c3)CC2)CC1,CHEMBL231
CHEMBL2171037,CN(C)c1ccc(S(=O)(=O)NC(=O)N2CCC(N3CCC(Oc4ccc(Cl)c(Cl)c4)CC3)CC2)cc1,CHEMBL231
CHEMBL2171036,COc1ccc(S(=O)(=O)NC(=O)N2CCC(N3CCC(Oc4ccc(Cl)c(Cl)c4)CC3)CC2)cc1,CHEMBL231
CHEMBL2171035,O=C(NS(=O)(=O)c1ccc(Cl)cc1)N1CCC(N2CCC(Oc3ccc(Cl)c(Cl)c3)CC2)CC1,CHEMBL231
CHEMBL2171034,O=C(NS(=O)(=O)c1ccc(F)cc1)N1CCC(N2CCC(Oc3ccc(Cl)c(Cl)c3)CC2)CC1,CHEMBL231
CHEMBL2158814,Cc1ccc(S(=O)(=O)NC(=O)N2CCC(N3CCC(Oc4ccc(Cl)c(Cl)c4)CC3)CC2)cc1,CHEMBL231
CHEMBL2171033,O=C(NS(=O)(=O)c1ccccc1)N1CCC(N2CCC(Oc3ccc(Cl)c(Cl)c3)CC2)CC1,CHEMBL231
CHEMBL2171032,CS(=O)(=O)c1cccc(C(=O)N2CC[C@@H](N3CCC(Oc4ccc(Cl)c(Cl)c4)CC3)[C@H](C(=O)O)C2)c1,CHEMBL231
CHEMBL2171029,O=C(O)CCCCn1nnc(-c2ccc(C(=O)N3CCC(N4CCC(Oc5ccc(Cl)c(Cl)c5)CC4)CC3)cc2)n1,CHEMBL231
CHEMBL2171028,O=C(O)CCNc1ccccc1C(=O)N1CCC(N2CCC(Oc3ccc(Cl)c(Cl)c3)CC2)CC1,CHEMBL231
CHEMBL2171027,O=C(O)CCCS(=O)(=O)c1cccc(C(=O)N2CCC(N3CCC(Oc4ccc(Cl)c(Cl)c4)CC3)CC2)c1,CHEMBL231
CHEMBL2171026,O=C(c1ccc(-c2nn[nH]n2)cc1)N1CCC(N2CCC(Oc3ccc(Cl)c(Cl)c3)CC2)CC1,CHEMBL231
CHEMBL2171025,O=C(c1ccc(-c2noc(=O)[nH]2)cc1)N1CCC(N2CCC(Oc3ccc(Cl)c(Cl)c3)CC2)CC1,CHEMBL231
CHEMBL2171024,O=C(O)c1cccc(C(=O)N2CCC(N3CCC(Oc4ccc(Cl)c(Cl)c4)CC3)CC2)c1,CHEMBL231
CHEMBL2171023,O=C(O)c1ccccc1C(=O)N1CCC(N2CCC(Oc3ccc(Cl)c(Cl)c3)CC2)CC1,CHEMBL231
CHEMBL2171022,O=C(O)COc1cccc(C(=O)N2CCC(N3CCC(Oc4ccc(Cl)c(Cl)c4)CC3)CC2)c1,CHEMBL231
CHEMBL2178582,O=C(O)Cc1ccc2c(c1)/C(=C/CN1CCCC(Cc3ccccc3)C1)c1ccccc1CO2,CHEMBL231
CHEMBL302005,CN(C)C/C=C1\c2ccccc2COc2ccc(CC(=O)O)cc21,CHEMBL231
CHEMBL2178580,Cc1ccc(C(=O)N2CCC(=CC(=O)N[C@@H]3CCN(Cc4ccc5cc(F)ccc5c4)C3)CC2)nn1,CHEMBL231
CHEMBL2158814,Cc1ccc(S(=O)(=O)NC(=O)N2CCC(N3CCC(Oc4ccc(Cl)c(Cl)c4)CC3)CC2)cc1,CHEMBL231
CHEMBL2204360,Cc1ccc(Sc2ccccc2N2CCNCC2)c(C)c1.Cl,CHEMBL231
CHEMBL2207665,Cn1cc(C(=O)NC[C@@H](O)CN2CCC(Oc3ccc(Cl)c(Cl)c3)CC2)c(C(F)(F)F)cc1=O,CHEMBL231
CHEMBL2207664,Cc1c(Cl)ccc(OC2CCN(C[C@H](O)CNC(=O)c3c[nH]c(=O)cc3C(F)(F)F)CC2)c1Cl,CHEMBL231
CHEMBL2207663,Cc1cc(Cl)ccc1OC1CCN(C[C@H](O)CNC(=O)c2c[nH]c(=O)cc2C(F)(F)F)CC1,CHEMBL231
CHEMBL2207662,O=C(NC[C@@H](O)CN1CCC(Oc2ccc(Cl)c(Cl)c2)CC1)c1c[nH]c(=O)cc1C(F)(F)F,CHEMBL231
CHEMBL2207661,O=C(NC[C@@H](O)CN1CCC(Oc2ccc(Cl)c(Cl)c2)CC1)c1c[nH]nc1C1CC1,CHEMBL231
CHEMBL2207660,Cc1c(Cl)ccc(OC2CCN(C[C@H](O)CNC(=O)c3c[nH]nc3C(F)(F)F)CC2)c1Cl,CHEMBL231
CHEMBL2207659,Cc1cc(Cl)ccc1OC1CCN(C[C@H](O)CNC(=O)c2c[nH]nc2C(F)(F)F)CC1,CHEMBL231
CHEMBL2207658,O=C(NC[C@@H](O)CN1CCC(Oc2ccc(Cl)c(Cl)c2)CC1)c1c[nH]nc1C(F)(F)F,CHEMBL231
CHEMBL2207657,Cc1cc(Cl)ccc1OC1CCN(C[C@H](O)CNC(=O)c2c[nH]c(=O)c3c(F)cccc23)CC1,CHEMBL231
CHEMBL2207656,O=C(NC[C@@H](O)CN1CCC(Oc2ccc(Cl)c(Cl)c2)CC1)c1c[nH]c(=O)c2c(F)cccc12,CHEMBL231
CHEMBL2207655,CC1(O)CN(S(=O)(=O)c2ccc3c(C(=O)NC[C@@H](O)CN4CCC(Oc5ccc(Cl)c(Cl)c5)CC4)c[nH]c(=O)c3c2)C1,CHEMBL231
CHEMBL2207654,O=C(NC[C@@H](O)CN1CCC(Oc2ccc(Cl)c(Cl)c2)CC1)c1c[nH]c(=O)c2cc(S(=O)(=O)N3CCC3)ccc12,CHEMBL231
CHEMBL2207286,CN(C)S(=O)(=O)c1ccc2c(C(=O)NC[C@@H](O)CN3CCC(Oc4ccc(Cl)c(Cl)c4)CC3)c[nH]c(=O)c2c1,CHEMBL231
CHEMBL2207285,O=C(NC[C@@H](O)CN1CCC(Oc2ccc(Cl)c(Cl)c2)CC1)c1c[nH]c(=O)c2cc(S(=O)(=O)NC3CC3)ccc12,CHEMBL231
CHEMBL2207284,CNS(=O)(=O)c1ccc2c(C(=O)NC[C@@H](O)CN3CCC(Oc4ccc(Cl)c(Cl)c4)CC3)c[nH]c(=O)c2c1,CHEMBL231
CHEMBL2207283,Cc1c(Cl)ccc(OC2CCN(C[C@H](O)CNC(=O)c3c[nH]c(=O)c4ccc(S(C)(=O)=O)cc34)CC2)c1Cl,CHEMBL231
CHEMBL2207282,NS(=O)(=O)c1ccc2c(C(=O)NC[C@@H](O)CN3CCC(Oc4ccc(Cl)c(Cl)c4)CC3)c[nH]c(=O)c2c1,CHEMBL231
CHEMBL2207281,O=C(NC[C@@H](O)CN1CCC(Oc2ccc(Cl)c(Cl)c2)CC1)c1c[nH]c(=O)c2cc(S(=O)(=O)NCCO)ccc12,CHEMBL231
CHEMBL2207280,O=C(NC[C@@H](O)CN1CCC(Oc2ccc(Cl)c(Cl)c2)CC1)c1c[nH]c(=O)c2ccc(F)cc12,CHEMBL231
CHEMBL2207279,Cc1cc(Cl)ccc1OC1CCN(C[C@H](O)CNC(=O)c2c[nH]c(=O)c3cc(F)ccc23)CC1,CHEMBL231
CHEMBL2207278,O=C(NC[C@@H](O)CN1CCC(Oc2ccc(Cl)c(Cl)c2)CC1)c1c[nH]c(=O)c2cc(F)ccc12,CHEMBL231
CHEMBL2207277,Cc1cc(Cl)ccc1OC1CCN(C[C@H](O)CNC(=O)c2c[nH]c(=O)c3ccc(S(C)(=O)=O)cc23)CC1,CHEMBL231
CHEMBL2207276,Cc1cc(Cl)ccc1OC1CCN(C[C@H](O)CNC(=O)c2c[nH]c(=O)c3cc(S(C)(=O)=O)ccc23)CC1,CHEMBL231
CHEMBL2207672,Cc1c(Cl)ccc(OC2CCN(C[C@H](O)CNC(=O)c3c[nH]c(=O)c4cc(S(C)(=O)=O)ccc34)CC2)c1Cl,CHEMBL231
CHEMBL2207671,CS(=O)(=O)c1ccc2c(C(=O)NC[C@@H](O)CN3CCC(Oc4ccc(Cl)c(Cl)c4)CC3)c[nH]c(=O)c2c1,CHEMBL231
CHEMBL2207670,CS(=O)(=O)c1ccc2c(C(=O)NC[C@@H](O)CN3CCC(Oc4ccc(C#N)c(Cl)c4)CC3)c[nH]c(=O)c2c1,CHEMBL231
CHEMBL2207669,N#Cc1ccc(OC2CCN(C[C@H](O)CNC(=O)c3c[nH]c(=O)c4ccccc34)CC2)cc1Cl,CHEMBL231
CHEMBL2207667,NC(=O)c1c(OC2CCN(C[C@H](O)CNC(=O)c3c[nH]c(=O)c4ccccc34)CC2)ccc(Cl)c1Cl,CHEMBL231
CHEMBL2207666,O=C(NC[C@@H](O)CN1CCC(Oc2ccc(Cl)c(Cl)c2)CC1)c1c[nH]c(=O)c2ccccc12,CHEMBL231
CHEMBL2208424,N#Cc1cccc(OC[C@@H](O)CCN2CCC(Oc3ccc(Cl)c(Cl)c3)CC2)c1,CHEMBL231
CHEMBL2208431,O=C(NC[C@@H](O)CN1CCC(Oc2ccc(Cl)c(Cl)c2)CC1)c1n[nH]c(=O)c2ccccc12,CHEMBL231
CHEMBL2208429,O=C(NC[C@@H](O)CN1CCC(Oc2ccc(Cl)c(Cl)c2)CC1)c1n[nH]c2ccccc12,CHEMBL231
CHEMBL2208433,CN(C[C@@H](O)CN1CCC(Oc2ccc(Cl)c(Cl)c2)CC1)C(=O)c1c[nH]c(=O)c2ccccc12,CHEMBL231
CHEMBL2208432,O=C(NC[C@@H](O)CN1CCC(Oc2ccc(Cl)c(Cl)c2)CC1)n1c(=O)[nH]c2ccccc21,CHEMBL231
CHEMBL2208430,O=C(NC[C@@H](O)CN1CCC(Oc2ccc(Cl)c(Cl)c2)CC1)c1c[nH]c2ccccc12,CHEMBL231
CHEMBL2208419,N#Cc1cccc(OC[C@@H](O)CN2CCC(Oc3ccc(Cl)c(Cl)c3)CC2)c1,CHEMBL231
CHEMBL2207666,O=C(NC[C@@H](O)CN1CCC(Oc2ccc(Cl)c(Cl)c2)CC1)c1c[nH]c(=O)c2ccccc12,CHEMBL231
CHEMBL2208434,O=C(NC[C@@H](O)CN1CCC(Oc2ccc(Cl)c(Cl)c2)CC1)c1cc(=O)[nH]c2ccccc12,CHEMBL231
CHEMBL2208435,O=C(NC[C@@H](O)CN1CCC(Oc2ccc(Cl)c(Cl)c2)CC1)c1cnnc2ccccc12,CHEMBL231
CHEMBL2208420,N#Cc1cccc(OCCCN2CCC(Oc3ccc(Cl)c(Cl)c3)CC2)c1,CHEMBL231
CHEMBL2208425,O=C(NC[C@@H](O)CN1CCC(Oc2ccc(Cl)c(Cl)c2)CC1)c1cn2cc(F)ccc2n1,CHEMBL231
CHEMBL2208423,N#Cc1cccc(C(=O)NC[C@@H](O)CN2CCC(Oc3ccc(Cl)c(Cl)c3)CC2)c1,CHEMBL231
CHEMBL2208421,COc1cccc(SC[C@@H](O)CN2CCC(Oc3ccc(Cl)c(Cl)c3)CC2)c1,CHEMBL231
CHEMBL2208427,COc1cc(C(=O)NC[C@@H](O)CN2CCC(Oc3ccc(Cl)c(Cl)c3)CC2)ccc1N,CHEMBL231
CHEMBL2208422,N#Cc1cccc(S(=O)(=O)NC[C@@H](O)CN2CCC(Oc3ccc(Cl)c(Cl)c3)CC2)c1,CHEMBL231
CHEMBL2208426,CS(=O)(=O)c1ccc(C(=O)NC[C@@H](O)CN2CCC(Oc3ccc(Cl)c(Cl)c3)CC2)s1,CHEMBL231
CHEMBL2208428,CS(=O)(=O)c1ccccc1C(=O)NC[C@@H](O)CN1CCC(Oc2ccc(Cl)c(Cl)c2)CC1,CHEMBL231
CHEMBL2208418,O[C@@H](CNC1CCN(Cc2ccc(Cl)c(Cl)c2)CC1)COc1ccc2ncsc2c1,CHEMBL231
CHEMBL272899,CCCc1ccc2c(c1)sc(=O)n2CCN1CCCCCC1,CHEMBL231
CHEMBL511,COc1ccc(CN(CCN(C)C)c2ccccn2)cc1,CHEMBL231
CHEMBL511,COc1ccc(CN(CCN(C)C)c2ccccn2)cc1,CHEMBL231
CHEMBL511,COc1ccc(CN(CCN(C)C)c2ccccn2)cc1,CHEMBL231
CHEMBL511,COc1ccc(CN(CCN(C)C)c2ccccn2)cc1,CHEMBL231
CHEMBL511,COc1ccc(CN(CCN(C)C)c2ccccn2)cc1,CHEMBL231
CHEMBL481153,O=C(OCCN1CCCC1)N1c2ccccc2Sc2ccccc21,CHEMBL231
CHEMBL643,CC(CN1c2ccccc2Sc2ccccc21)N(C)C,CHEMBL231
CHEMBL71,CN(C)CCCN1c2ccccc2Sc2ccc(Cl)cc21,CHEMBL231
CHEMBL11,CN(C)CCCN1c2ccccc2CCc2ccccc21,CHEMBL231
CHEMBL505,CN(C)CCC(c1ccc(Cl)cc1)c1ccccn1,CHEMBL231
CHEMBL505,CN(C)CCC(c1ccc(Cl)cc1)c1ccccn1,CHEMBL231
CHEMBL3104092,CN1CCc2c(c3cccc4c3n2Cc2ccccc2C4)C1,CHEMBL231
CHEMBL3104091,CN1CCc2c(c3cccc4c3n2-c2ccccc2CC4)C1,CHEMBL231
CHEMBL3104092,CN1CCc2c(c3cccc4c3n2Cc2ccccc2C4)C1,CHEMBL231
CHEMBL3104091,CN1CCc2c(c3cccc4c3n2-c2ccccc2CC4)C1,CHEMBL231
CHEMBL90,NCCc1c[nH]cn1,CHEMBL231
CHEMBL715,Cc1cc2c(s1)Nc1ccccc1N=C2N1CCN(C)CC1,CHEMBL231
CHEMBL42,CN1CCN(C2=Nc3cc(Cl)ccc3Nc3ccccc32)CC1,CHEMBL231
CHEMBL716,OCCOCCN1CCN(C2=Nc3ccccc3Sc3ccccc32)CC1,CHEMBL231
CHEMBL1112,O=C1CCc2ccc(OCCCCN3CCN(c4cccc(Cl)c4Cl)CC3)cc2N1,CHEMBL231
CHEMBL85,Cc1nc2n(c(=O)c1CCN1CCC(c3noc4cc(F)ccc34)CC1)CCCC2,CHEMBL231
CHEMBL3217984,CN1CCC2C(C1)c1cccc3c1N2c1ccccc1CS3,CHEMBL231
CHEMBL42,CN1CCN(C2=Nc3cc(Cl)ccc3Nc3ccccc32)CC1,CHEMBL231
CHEMBL715,Cc1cc2c(s1)Nc1ccccc1N=C2N1CCN(C)CC1,CHEMBL231
CHEMBL3290012,O=S(=O)(NCCCCN1CCC(c2noc3cc(F)ccc23)CC1)c1cc2ccccc2s1,CHEMBL231
CHEMBL511,COc1ccc(CN(CCN(C)C)c2ccccn2)cc1,CHEMBL231
CHEMBL511,COc1ccc(CN(CCN(C)C)c2ccccn2)cc1,CHEMBL231
CHEMBL1940402,OC1(c2ccc(Cl)cc2)CCN(CCCCc2ccc(F)cc2)CC1,CHEMBL231
CHEMBL1940403,OC1(c2ccc(Cl)cc2)CCN(CCCSc2ccc(F)cc2)CC1,CHEMBL231
CHEMBL3358509,O=C(NCCCCN1CCN(c2ccccc2)CC1)c1ccc2ncccc2c1,CHEMBL231
CHEMBL998,CCOC(=O)N1CCC(=C2c3ccc(Cl)cc3CCc3cccnc32)CC1,CHEMBL231
CHEMBL331603,CCCC(=O)N1CCC(=C2c3ccc(Cl)cc3CCc3cccnc32)CC1,CHEMBL231
CHEMBL3357041,C/C=C/C(=O)N1CCC(=C2c3ccc(Cl)cc3CCc3cccnc32)CC1,CHEMBL231
CHEMBL3357042,CC(C)CC(=O)N1CCC(=C2c3ccc(Cl)cc3CCc3cccnc32)CC1,CHEMBL231
CHEMBL3357043,CCCCC(=O)N1CCC(=C2c3ccc(Cl)cc3CCc3cccnc32)CC1,CHEMBL231
CHEMBL511,COc1ccc(CN(CCN(C)C)c2ccccn2)cc1,CHEMBL231
CHEMBL3409256,NC(=O)c1ccccc1OCCCN1CCN(c2cccc3c2ccn3S(=O)(=O)c2ccccc2)CC1,CHEMBL231
CHEMBL17157,CC(C)(C)c1ccc(C(O)CCCN2CCC(C(O)(c3ccccc3)c3ccccc3)CC2)cc1,CHEMBL231
CHEMBL914,CC(C)(C(=O)O)c1ccc(C(O)CCCN2CCC(C(O)(c3ccccc3)c3ccccc3)CC2)cc1,CHEMBL231
CHEMBL3609328,CN1CCN(C2=Nc3cc(F)ccc3Nc3ccc(F)cc32)CC1,CHEMBL231
CHEMBL716,OCCOCCN1CCN(C2=Nc3ccccc3Sc3ccccc32)CC1,CHEMBL231
CHEMBL715,Cc1cc2c(s1)Nc1ccccc1N=C2N1CCN(C)CC1,CHEMBL231
CHEMBL85,Cc1nc2n(c(=O)c1CCN1CCC(c3noc4cc(F)ccc34)CC1)CCCC2,CHEMBL231
CHEMBL1112,O=C1CCc2ccc(OCCCCN3CCN(c4cccc(Cl)c4Cl)CC3)cc2N1,CHEMBL231
CHEMBL42,CN1CCN(C2=Nc3cc(Cl)ccc3Nc3ccccc32)CC1,CHEMBL231
CHEMBL708,O=C1Cc2cc(CCN3CCN(c4nsc5ccccc45)CC3)c(Cl)cc2N1,CHEMBL231
CHEMBL213912,CN1CCN(C2=Nc3ccc(Cl)cc3Oc3ccccc32)CC1,CHEMBL231
CHEMBL3754166,C=CCN(CC=C)CCc1c[nH]c2ccc(Br)cc12,CHEMBL231
CHEMBL3752576,C=CCN(CC=C)CCc1c[nH]c2ccccc12,CHEMBL231
CHEMBL3754496,C=CCN(CC=C)CCc1c[nH]c2ccc(F)cc12,CHEMBL231
CHEMBL3752900,C=CCN(CC=C)CCc1c[nH]c2ccc(Cl)cc12,CHEMBL231
CHEMBL511,COc1ccc(CN(CCN(C)C)c2ccccn2)cc1,CHEMBL231
CHEMBL90,NCCc1c[nH]cn1,CHEMBL231
CHEMBL3818994,O=C(CCCN1CCc2ccccc2C1)c1ccc(F)cc1,CHEMBL231
CHEMBL3818989,O=C(CCCN1CCc2ccccc2C1)c1ccccc1,CHEMBL231
CHEMBL3818200,N#Cc1ccc(C(=O)CCCN2CCc3ccccc3C2)cc1,CHEMBL231
CHEMBL3817898,COc1ccc(C(=O)CCCN2CCc3ccccc3C2)cc1,CHEMBL231
CHEMBL1112,O=C1CCc2ccc(OCCCCN3CCN(c4cccc(Cl)c4Cl)CC3)cc2N1,CHEMBL231
CHEMBL3818989,O=C(CCCN1CCc2ccccc2C1)c1ccccc1,CHEMBL231
CHEMBL3818200,N#Cc1ccc(C(=O)CCCN2CCc3ccccc3C2)cc1,CHEMBL231
CHEMBL3817898,COc1ccc(C(=O)CCCN2CCc3ccccc3C2)cc1,CHEMBL231
CHEMBL3818124,O=C1NCN(c2ccccc2)C12CCN(CCCCc1nc3cc(Cl)ccc3s1)CC2,CHEMBL231
CHEMBL3818478,O=C1NCN(c2ccccc2)C12CCN(CCCCc1c[nH]c3ccccc13)CC2,CHEMBL231
CHEMBL3818805,O=c1[nH]c2cc(Cl)ccc2n1C1CCN(CCCCc2c[nH]c3ccccc23)CC1,CHEMBL231
CHEMBL3819434,Cl.OC1(c2ccc(Cl)cc2)CC2CCC(C1)N2CCCCc1nc2ccccc2s1,CHEMBL231
CHEMBL3819567,O=C1NCN(c2ccccc2)C12CCN(CCCCc1nc3ccccc3s1)CC2,CHEMBL231
CHEMBL3818124,O=C1NCN(c2ccccc2)C12CCN(CCCCc1nc3cc(Cl)ccc3s1)CC2,CHEMBL231
CHEMBL3818478,O=C1NCN(c2ccccc2)C12CCN(CCCCc1c[nH]c3ccccc13)CC2,CHEMBL231
CHEMBL3818805,O=c1[nH]c2cc(Cl)ccc2n1C1CCN(CCCCc2c[nH]c3ccccc23)CC1,CHEMBL231
CHEMBL3819434,Cl.OC1(c2ccc(Cl)cc2)CC2CCC(C1)N2CCCCc1nc2ccccc2s1,CHEMBL231
CHEMBL3959209,Cl.Cl.c1ccc2c(c1)CCN(CCCc1nc3ccccc3[nH]1)C2,CHEMBL231
CHEMBL3899099,Cl.Clc1cccc2c1CN(CCCCc1nc3ccccc3s1)CC2,CHEMBL231
CHEMBL3970299,Cl.Clc1ccc2sc(CCCCN3CCc4ccccc4C3)nc2c1,CHEMBL231
CHEMBL3941795,Cl.Clc1ccc2sc(CCCCN3CCC4CCCCC4C3)nc2c1,CHEMBL231
CHEMBL3978642,Cl.O=C1c2ccccc2CC1CCN1CCc2ccccc2C1,CHEMBL231
CHEMBL3899099,Cl.Clc1cccc2c1CN(CCCCc1nc3ccccc3s1)CC2,CHEMBL231
CHEMBL3970299,Cl.Clc1ccc2sc(CCCCN3CCc4ccccc4C3)nc2c1,CHEMBL231
CHEMBL3941795,Cl.Clc1ccc2sc(CCCCN3CCC4CCCCC4C3)nc2c1,CHEMBL231
CHEMBL3978642,Cl.O=C1c2ccccc2CC1CCN1CCc2ccccc2C1,CHEMBL231
CHEMBL3906929,CN1CCC(Oc2ccccc2Cc2ccccc2)CC1.O=C(O)/C=C/C(=O)O,CHEMBL231
CHEMBL3944629,C[N+]1(C)CCC(Oc2ccccc2Cc2ccccc2)CC1.[I-],CHEMBL231
CHEMBL3922367,c1ccc(-c2ccccc2OC2CCNCC2)cc1,CHEMBL231
CHEMBL3910939,Clc1ccc(Cc2ccccc2OC2CCNCC2)cc1.O=C(O)/C=C/C(=O)O,CHEMBL231
CHEMBL3895427,c1ccc(Cc2ccccc2OCCCN2CCCCC2)cc1,CHEMBL231
CHEMBL3905009,CN1CCC(Oc2ccccc2Cc2ccc(Cl)cc2)CC1.O=C(O)/C=C/C(=O)O,CHEMBL231
CHEMBL1628227,CN(C)CCC=C1c2ccccc2COc2ccccc21,CHEMBL231
CHEMBL3953343,CNCCOc1ccccc1Cc1ccccc1.O=C(O)/C=C/C(=O)O,CHEMBL231
CHEMBL3925724,CN(C)CCOc1ccccc1Cc1ccccc1.O=C(O)/C=C/C(=O)O,CHEMBL231
CHEMBL3975229,c1ccc(Cc2ccccc2OCCCN2CCCCCC2)cc1,CHEMBL231
CHEMBL3962094,O=C(O)/C=C/C(=O)O.c1ccc(Cc2ccccc2OCCN2CCC2)cc1,CHEMBL231
CHEMBL435505,c1ccc(Cc2ccccc2OCCN2CCCC2)cc1,CHEMBL231
CHEMBL364565,c1ccc(Cc2ccccc2OCCN2CCCCC2)cc1,CHEMBL231
CHEMBL3943575,c1ccc(Cc2ccccc2OCCN2CCCCCC2)cc1,CHEMBL231
CHEMBL3983211,CN1CCC(Oc2ccccc2)CC1.O=C(O)/C=C/C(=O)O,CHEMBL231
CHEMBL3981091,NCCCOc1ccccc1Cc1ccccc1.O=C(O)/C=C/C(=O)O,CHEMBL231
CHEMBL3964404,CNCCCOc1ccccc1Cc1ccccc1.O=C(O)/C=C/C(=O)O,CHEMBL231
CHEMBL3955589,CN(C)CCCOc1ccccc1Cc1ccccc1.O=C(O)/C=C/C(=O)O,CHEMBL231
CHEMBL3984221,O=C(O)/C=C/C(=O)O.c1ccc(Cc2ccccc2OCCCN2CCC2)cc1,CHEMBL231
CHEMBL187367,c1ccc(Cc2ccccc2OCCCN2CCCC2)cc1,CHEMBL231
CHEMBL345415,C/C(C#Cc1ccccc1)=C/CO/N=C1/CN2CCC1C2,CHEMBL216
CHEMBL160939,C/C(C#Cc1ccc(F)cc1)=C/CO/N=C1/CN2CCC1C2,CHEMBL216
CHEMBL434469,COc1cccc(C#C/C(C)=C/CO/N=C2\CN3CCC2C3)c1,CHEMBL216
CHEMBL160928,COc1ccc(C#C/C(C)=C\CO/N=C2\CN3CCC2C3)cc1OC,CHEMBL216
CHEMBL160858,C/C(C#Cc1cccs1)=C\CO/N=C1\CN2CCC1C2,CHEMBL216
CHEMBL159208,COc1ccc(C#C/C(C)=C\CO/N=C2/CN3CCC2C3)cc1OC,CHEMBL216
CHEMBL156749,COc1ccc(C#C/C(C)=C/CO/N=C2\CN3CCC2C3)cc1OC,CHEMBL216
CHEMBL156050,C/C(C#Cc1ccc(F)cc1)=C/CO/N=C1\CN2CCC1C2,CHEMBL216
CHEMBL351561,C/C(C#Cc1cccs1)=C/CO/N=C1\CN2CCC1C2,CHEMBL216
CHEMBL86903,C#C/C(C)=C\CO/N=C1\CN2CCC1C2,CHEMBL216
CHEMBL157197,COc1ccc(C#C/C(C)=C\CO/N=C2/CN3CCC2C3)cc1,CHEMBL216
CHEMBL158180,C/C(C#Cc1ccc(F)cc1)=C\CO/N=C1\CN2CCC1C2,CHEMBL216
CHEMBL156445,COc1cccc(C#C/C(C)=C\CO/N=C2\CN3CCC2C3)c1,CHEMBL216
CHEMBL405426,C/C(C#Cc1ccc(Cl)cc1)=C/CO/N=C1/CN2CCC1C2,CHEMBL216
CHEMBL345205,C/C(C#Cc1ccc(C)cc1)=C/CO/N=C1/CN2CCC1C2,CHEMBL216
CHEMBL87622,C#C/C(C)=C/CO/N=C1\CN2CCC1C2,CHEMBL216
CHEMBL348412,C/C(C#Cc1ccc(C)cc1)=C/CO/N=C1\CN2CCC1C2,CHEMBL216
CHEMBL350223,COc1ccc(C#C/C(C)=C\CO/N=C2\CN3CCC2C3)cc1,CHEMBL216
CHEMBL434072,C#C/C(C)=C\CO/N=C1/CN2CCC1C2,CHEMBL216
CHEMBL348079,C/C(C#Cc1cccs1)=C/CO/N=C1/CN2CCC1C2,CHEMBL216
CHEMBL345250,C/C(C#Cc1ccc(F)cc1)=C\CO/N=C1/CN2CCC1C2,CHEMBL216
CHEMBL156925,COc1cccc(C#C/C(C)=C/CO/N=C2/CN3CCC2C3)c1,CHEMBL216
CHEMBL376897,C[N+]1(C)[C@@H]2C[C@@H](OC(=O)[C@H](CO)c3ccccc3)C[C@H]1[C@@H]1O[C@@H]12,CHEMBL216
CHEMBL1092,Cl.OC(CCN1CCCCC1)(c1ccccc1)C1CCCCC1,CHEMBL216
CHEMBL3349343,CCOC(=O)C1=C(C)[N+](C)(C)c2ccc3c(c21)CN1CCc2cc(OC)ccc2C1O3.[I-],CHEMBL216
CHEMBL3349343,CCOC(=O)C1=C(C)[N+](C)(C)c2ccc3c(c21)CN1CCc2cc(OC)ccc2C1O3.[I-],CHEMBL216
CHEMBL433867,CCCCSc1nsnc1OC1CN2CCC1CC2,CHEMBL216
CHEMBL126237,CCCCCCSc1nsnc1OC1CN2CCC1CC2,CHEMBL216
CHEMBL126846,CCCSc1nsnc1OC1CN2CCC1C2,CHEMBL216
CHEMBL341242,CCCCOc1nsnc1OC1CN2CCC1CC2,CHEMBL216
CHEMBL129764,CCCCCOc1nsnc1OC1CN2CCC1CC2,CHEMBL216
CHEMBL27673,COc1ccccc1CNCCCCCCNCCCCCCCCNCCCCCCNCc1ccccc1OC,CHEMBL216
CHEMBL126846,CCCSc1nsnc1OC1CN2CCC1C2,CHEMBL216
CHEMBL340435,CCCSc1nsnc1OC1CN2CCCC1C2,CHEMBL216
CHEMBL21536,CCCCCCOc1nsnc1C1=CCCN(C)C1,CHEMBL216
CHEMBL126332,CCCCCCOc1nsnc1OC1CN2CCC1CC2,CHEMBL216
CHEMBL125732,CCCCCSc1nsnc1OC1CN2CCC1CC2,CHEMBL216
CHEMBL64000,CC(=O)OC1CC2CCCC1N2,CHEMBL216
CHEMBL7303,COC(=O)C1=CCCN(C)C1,CHEMBL216
CHEMBL517712,CN1[C@@H]2CC[C@H]1C[C@@H](OC(=O)C(CO)c1ccccc1)C2,CHEMBL216
CHEMBL14,C[N+](C)(C)CCOC(N)=O.[Cl-],CHEMBL216
CHEMBL84113,O=C(OC1CC2CCCC1N2)c1ccccc1,CHEMBL216
CHEMBL440138,CCC(=O)OC1CC2CCCC1N2C,CHEMBL216
CHEMBL287868,CN1CC2CC(OC(=O)C(C)(c3ccccc3)c3ccccc3)CC1C2,CHEMBL216
CHEMBL310558,CCC(=O)OC1CC2CCCC1N2,CHEMBL216
CHEMBL7634,O=C1CCCN1CC#CCN1CCCC1,CHEMBL216
CHEMBL315428,O=C(OC1CC2CCCC1N2)c1ccc([N+](=O)[O-])cc1,CHEMBL216
CHEMBL85190,CN1C2CCCC1C(OC(=O)c1ccccc1)C2,CHEMBL216
CHEMBL12587,C[C@@H]1O[C@H](C[N+](C)(C)C)C[C@H]1O,CHEMBL216
CHEMBL443780,CCN(CC)CCOC(=O)C(C)(c1ccccc1)C1CCCCC1,CHEMBL216
CHEMBL274822,COc1cc(CO/N=C2\CN3CCC2C3)on1.Cl,CHEMBL216
CHEMBL100209,Cl.Clc1cc(CO/N=C/C2CN3CCC2C3)on1,CHEMBL216
CHEMBL26505,CCN(CC)CCOC(=O)C(C)(c1ccccc1)c1ccccc1,CHEMBL216
CHEMBL327626,Brc1cc(CO/N=C2\CN3CCC2C3)on1.Cl,CHEMBL216
CHEMBL320194,Cl.N#Cc1cc(CO/N=C2\CN3CCC2CC3)on1,CHEMBL216
CHEMBL24369,CCN(CC)CCCCCOC(=O)C(C)(c1ccccc1)C1CCCCC1,CHEMBL216
CHEMBL99310,Cl.Clc1cc(CO/N=C2\CN3CCC2CC3)on1,CHEMBL216
CHEMBL285440,CN(C)CCCCOC(=O)C(C)(c1ccccc1)C1CCCCC1,CHEMBL216
CHEMBL7634,O=C1CCCN1CC#CCN1CCCC1,CHEMBL216
CHEMBL97208,COc1cc(CO/N=C/C2CN3CCC2C3)on1.Cl,CHEMBL216
CHEMBL284137,CCN(CC)CCCOC(=O)C(C)(c1ccccc1)C1CCCCC1,CHEMBL216
CHEMBL285898,CCN(CC)CCCCOC(=O)C(C)(c1ccccc1)C1CCCCC1,CHEMBL216
CHEMBL97581,Cl.N#Cc1cc(CO/N=C2\CN3CCC2C3)on1,CHEMBL216
CHEMBL7303,COC(=O)C1=CCCN(C)C1,CHEMBL216
CHEMBL286008,CN(C)CCCOC(=O)C(C)(c1ccccc1)C1CCCCC1,CHEMBL216
CHEMBL320221,Cl.Clc1cc(CO/N=C2\CN3CCC2C3)on1,CHEMBL216
CHEMBL95983,Brc1cc(CO/N=C2\CN3CCC2CC3)on1.Cl,CHEMBL216
CHEMBL21536,CCCCCCOc1nsnc1C1=CCCN(C)C1,CHEMBL216
CHEMBL277642,C[C@@H]1OC(=O)[C@H]2C[C@H]3CCCC[C@@H]3[C@@H](/C=C/[C@H]3CCC[C@H](C)N3C)[C@@H]12,CHEMBL216
CHEMBL337131,CN1CCC=C(c2nsnc2SCCCSc2nsnc2C2=CCCN(C)C2)C1,CHEMBL216
CHEMBL22278,CN1CCCCC1CCC=C1c2ccccc2Cc2ccccc21,CHEMBL216
CHEMBL143468,CN1CCC=C(c2nsnc2OCCCCCCCCCCOc2nsnc2C2=CCCN(C)C2)C1,CHEMBL216
CHEMBL22071,CN1CCCCC1C/C=C/C1c2ccccc2Cc2ccccc21,CHEMBL216
CHEMBL415038,CN1CCCC[C@H]1/C=C/C1c2ccccc2Cc2ccccc21,CHEMBL216
CHEMBL415037,CN1CCCC[C@H]1CC=C1c2ccccc2Cc2ccccc21,CHEMBL216
CHEMBL142766,CN1CCC=C(c2nsnc2OCCOCCOc2nsnc2C2=CCCN(C)C2)C1,CHEMBL216
CHEMBL22829,CN1CCCC[C@@H]1/C=C/C1c2ccccc2Cc2ccccc21,CHEMBL216
CHEMBL142184,CN1CCC=C(c2nsnc2SCCCCSc2nsnc2C2=CCCN(C)C2)C1,CHEMBL216
CHEMBL54002,CCCCCCSc1nccnc1OC1CN2CCC1C2,CHEMBL216
CHEMBL335542,CN1CCC=C(c2nsnc2OCCOCCOCCOCCOc2nsnc2C2=CCCN(C)C2)C1,CHEMBL216
CHEMBL335542,CN1CCC=C(c2nsnc2OCCOCCOCCOCCOc2nsnc2C2=CCCN(C)C2)C1,CHEMBL216
CHEMBL335542,CN1CCC=C(c2nsnc2OCCOCCOCCOCCOc2nsnc2C2=CCCN(C)C2)C1,CHEMBL216
CHEMBL143466,CN1CCC=C(c2nsnc2SCCCCCCCCCCCSc2nsnc2C2=CCCN(C)C2)C1,CHEMBL216
CHEMBL300998,CCCCCCOc1nccnc1OC1CN2CCC1C2,CHEMBL216
CHEMBL300998,CCCCCCOc1nccnc1OC1CN2CCC1C2,CHEMBL216
CHEMBL142538,CN1CCC=C(c2nsnc2OCCCCCCCCCCCCOc2nsnc2C2=CCCN(C)C2)C1,CHEMBL216
CHEMBL21942,CN1CCCCC1/C=C/C1c2ccccc2Cc2ccccc21,CHEMBL216
CHEMBL143469,CN1CCC=C(c2nsnc2OCCCCCCCCCOc2nsnc2C2=CCCN(C)C2)C1,CHEMBL216
CHEMBL341759,CN1CCC=C(c2nsnc2SCCCCCCSc2nsnc2C2=CCCN(C)C2)C1,CHEMBL216
CHEMBL139887,CN1CCC=C(c2nsnc2OCCOCCOCCOCCOCCOCCOc2nsnc2C2=CCCN(C)C2)C1,CHEMBL216
CHEMBL292408,CCCCCCOc1nccnc1O[C@@H]1CN2CCC1C2,CHEMBL216
CHEMBL142126,CN1CCC=C(c2nsnc2OCCCCCCOc2nsnc2C2=CCCN(C)C2)C1,CHEMBL216
CHEMBL336933,CN1CCC=C(c2nsnc2SCCCCCCCCCSc2nsnc2C2=CCCN(C)C2)C1,CHEMBL216
CHEMBL336933,CN1CCC=C(c2nsnc2SCCCCCCCCCSc2nsnc2C2=CCCN(C)C2)C1,CHEMBL216
CHEMBL140789,CN1CCC=C(c2nsnc2SCCCCCCCCSc2nsnc2C2=CCCN(C)C2)C1,CHEMBL216
CHEMBL140746,CN1CCC=C(c2nsnc2SCCCCCSc2nsnc2C2=CCCN(C)C2)C1,CHEMBL216
CHEMBL140746,CN1CCC=C(c2nsnc2SCCCCCSc2nsnc2C2=CCCN(C)C2)C1,CHEMBL216
CHEMBL139603,CN1CCC=C(c2nsnc2SCCCCCCCCCCCCSc2nsnc2C2=CCCN(C)C2)C1,CHEMBL216
CHEMBL140985,CN1CCC=C(c2nsnc2SCCCCCCCSc2nsnc2C2=CCCN(C)C2)C1,CHEMBL216
CHEMBL140985,CN1CCC=C(c2nsnc2SCCCCCCCSc2nsnc2C2=CCCN(C)C2)C1,CHEMBL216
CHEMBL56106,CCCCCCSc1cncc(OC2CN3CCC2C3)n1,CHEMBL216
CHEMBL542622,CCCCCCSc1nccnc1O[C@H]1CN2CCC1C2.Cl,CHEMBL216
CHEMBL542622,CCCCCCSc1nccnc1O[C@H]1CN2CCC1C2.Cl,CHEMBL216
CHEMBL141452,CN1CCC=C(c2nsnc2OCCCCCCCCOc2nsnc2C2=CCCN(C)C2)C1,CHEMBL216
CHEMBL279712,CN1CCCC[C@@H]1CC=C1c2ccccc2Cc2ccccc21,CHEMBL216
CHEMBL293345,CCCCCCSc1nccnc1O[C@@H]1CN2CCC1C2,CHEMBL216
CHEMBL25334,CN1CCCCC1/C=C/C1c2ccccc2OC2C=CC=CC21,CHEMBL216
CHEMBL418189,CN1CCCCC1CC=C1c2ccccc2Cc2ccccc21,CHEMBL216
CHEMBL54002,CCCCCCSc1nccnc1OC1CN2CCC1C2,CHEMBL216
CHEMBL54219,CCCCCCOc1nccnc1SC1CN2CCC1C2,CHEMBL216
CHEMBL21536,CCCCCCOc1nsnc1C1=CCCN(C)C1,CHEMBL216
CHEMBL21536,CCCCCCOc1nsnc1C1=CCCN(C)C1,CHEMBL216
CHEMBL140142,CN1CCC=C(c2nsnc2OCCOCCOCCOCCOCCOc2nsnc2C2=CCCN(C)C2)C1,CHEMBL216
CHEMBL343055,CN1CCC=C(c2nsnc2SCCSc2nsnc2C2=CCCN(C)C2)C1,CHEMBL216
CHEMBL143434,CN1CCC=C(c2nsnc2SCCCCCCCCCCSc2nsnc2C2=CCCN(C)C2)C1,CHEMBL216
CHEMBL291339,CCCCCCSc1nccnc1O[C@H]1CN2CCC1C2,CHEMBL216
CHEMBL297690,CCCCCCSc1nccnc1SC1CN2CCC1C2,CHEMBL216
CHEMBL73074,COc1ccc2c(c1)N=C(N1CCN(C)CC1)c1ccccc1N2,CHEMBL216
CHEMBL308566,C=C(c1ccc(S(=O)(=O)c2ccc(OC)cc2)cc1)C1CCN(C2CCN(C(=O)OCC)CC2)CC1,CHEMBL216
CHEMBL72794,COc1ccc2c(c1)C(N1CCN(C)CC1)=Nc1ccccc1N2,CHEMBL216
CHEMBL71147,C=C(c1ccc(S(=O)(=O)c2ccc(OC)cc2)cc1)C1CCN(C2CCCCC2)CC1,CHEMBL216
CHEMBL415300,CN1CCN(C2=Nc3ccccc3Nc3ccc(Cl)cc32)CC1,CHEMBL216
CHEMBL72551,C=C(c1ccc(S(=O)(=O)c2ccc(OC)cc2)cc1)C1CCN(C2CCN(C(=O)CCC)CC2)CC1,CHEMBL216
CHEMBL42,CN1CCN(C2=Nc3cc(Cl)ccc3Nc3ccccc32)CC1,CHEMBL216
CHEMBL310712,CN1CCN(C2=Nc3cc(OS(=O)(=O)C(F)(F)F)ccc3Nc3ccccc32)CC1,CHEMBL216
CHEMBL70609,CN1CCN(C2=Nc3cc(OS(C)(=O)=O)ccc3Nc3ccccc32)CC1,CHEMBL216
CHEMBL70319,CN1CCN(C2=Nc3cc(Cl)ccc3Nc3ccc(OS(=O)(=O)C(F)(F)F)cc32)CC1,CHEMBL216
CHEMBL308090,CN1CCN(C2=Nc3ccccc3Nc3ccc(O)cc32)CC1,CHEMBL216
CHEMBL70377,CN1CCN(C2=Nc3cc(O)ccc3Nc3ccccc32)CC1,CHEMBL216
CHEMBL420008,C=C(c1ccc(S(=O)(=O)c2ccc(OC)cc2)cc1)C1CCN(C2CCNCC2)CC1,CHEMBL216
CHEMBL421113,C=C(c1ccc(S(=O)(=O)c2ccc(OC)cc2)cc1)C1CCN(C2CCN(S(=O)(=O)CCC)CC2)CC1,CHEMBL216
CHEMBL335542,CN1CCC=C(c2nsnc2OCCOCCOCCOCCOc2nsnc2C2=CCCN(C)C2)C1,CHEMBL216
CHEMBL335542,CN1CCC=C(c2nsnc2OCCOCCOCCOCCOc2nsnc2C2=CCCN(C)C2)C1,CHEMBL216
CHEMBL538793,CC(=O)OCCCCCCCCCCCCOc1nsnc1C1=CCCN(C)C1.Cl,CHEMBL216
CHEMBL555992,CC(=O)OCCOCCOCCOCCOc1nsnc1C1=CCCN(C)C1.Cl,CHEMBL216
CHEMBL21536,CCCCCCOc1nsnc1C1=CCCN(C)C1,CHEMBL216
CHEMBL21536,CCCCCCOc1nsnc1C1=CCCN(C)C1,CHEMBL216
CHEMBL545077,CN1CCC=C(c2nsnc2OCCCCCCCCCCCCO)C1.Cl,CHEMBL216
CHEMBL553058,COc1nsnc1OCCOCCOCCOCCOc1nsnc1C1=CCCN(C)C1.Cl,CHEMBL216
CHEMBL553058,COc1nsnc1OCCOCCOCCOCCOc1nsnc1C1=CCCN(C)C1.Cl,CHEMBL216
CHEMBL273586,c1ccc2c(c1)C(=C1CN3CCC1CC3)c1ccccc1-2,CHEMBL216
CHEMBL544840,CN1CCC=C(c2nsnc2OCCOCCOCCOCCO)C1.Cl,CHEMBL216
CHEMBL25564,Cc1cc(NCCN2C3CCCC2CC3)nnc1-c1ccccc1,CHEMBL216
CHEMBL281456,Cc1cc(NCCN2C3CCCC2CC3)nnc1-c1ccccc1O,CHEMBL216
CHEMBL69306,C#CCOc1noc2c1CNCCC2,CHEMBL216
CHEMBL96290,COc1ccc(COc2ccc(-c3cc(/C=C4/CN5CCC4CC5)on3)cc2)cc1,CHEMBL216
CHEMBL328565,COc1ccc(COc2ccc(-c3cc(/C=C4\CN5CCC4CC5)on3)cc2OCc2ccc(OC)cc2)cc1,CHEMBL216
CHEMBL327827,COc1ccc(COc2ccc(-c3cc(/C=C4\CN5CCC4C5)on3)cc2OCc2ccc(OC)cc2)cc1,CHEMBL216
CHEMBL305264,CC(C)Oc1noc2c1CNCCC2,CHEMBL216
CHEMBL94601,COc1ccc(COc2ccc(-c3cc(/C=C4/CN5CCC4CC5)on3)cc2OCc2ccc(OC)cc2)cc1,CHEMBL216
CHEMBL69305,CCOc1noc2c1CNCCC2,CHEMBL216
CHEMBL9967,CN1CCN(CC(=O)N2c3ccccc3C(=O)Nc3cccnc32)CC1,CHEMBL216
CHEMBL423832,CCCc1cc(NCC(C)(C)N(CC)CC)nnc1-c1ccccc1,CHEMBL216
CHEMBL316625,C(#Cc1ccccc1)CSc1nsnc1[C@@H]1CN2CCC[C@H]1C2,CHEMBL216
CHEMBL319109,C(#Cc1ccccc1)COc1nsnc1[C@@H]1CN2CCC[C@H]1C2,CHEMBL216
CHEMBL98255,C(#Cc1ccccc1)COc1nsnc1[C@H]1CN2CCC[C@H]1C2,CHEMBL216
CHEMBL291351,CN1CCC=C(c2nsnc2OCC#Cc2ccccc2)C1,CHEMBL216
CHEMBL100147,C(#Cc1ccccc1)CSc1nsnc1[C@H]1CN2CCC[C@H]1C2,CHEMBL216
CHEMBL100163,C(#Cc1ccccc1)COc1nsnc1[C@@H]1CN2CC[C@H]1C2,CHEMBL216
CHEMBL327269,C(#Cc1ccccc1)COc1nsnc1[C@H]1CN2CCC1C2,CHEMBL216
CHEMBL99521,C(#Cc1ccccc1)COc1nsnc1C1CN2CCC1CC2,CHEMBL216
CHEMBL1169506,C(#Cc1ccccc1)COc1nsnc1[C@H]1CN2CC[C@@H]1C2,CHEMBL216
CHEMBL60419,C(#Cc1ccccc1)COc1nsnc1C12CN3CC1C2C3,CHEMBL216
CHEMBL423831,CN(C)CCC1=C(C(C)(C)c2ccccn2)c2ccccc2C1,CHEMBL216
CHEMBL167223,CC(C1=C(CCN(C)C)Cc2cc(Cl)ccc21)c1ccccn1,CHEMBL216
CHEMBL354523,CCC(C1=C(CCN(C)C)Cc2cc(Cl)ccc21)c1ccccn1,CHEMBL216
CHEMBL354678,CCC(C1=C(CCN(C)C)Cc2ccccc21)c1ccccn1,CHEMBL216
CHEMBL170221,CC(C1=C(CCN(C)C)Cc2ccccc21)c1ccccc1,CHEMBL216
CHEMBL171216,CC(C1=C(CN(C)C(C)C)Cc2ccccc21)c1ccccn1,CHEMBL216
CHEMBL170088,CCCC(C1=C(CCN(C)C)Cc2ccccc21)c1ccccn1,CHEMBL216
CHEMBL1493369,C[C@@H](C1=C(CCN(C)C)Cc2ccccc21)c1ccccn1,CHEMBL216
CHEMBL171102,CN(C)CCC1=C(C(c2ccccc2)c2ccccn2)c2ccccc2C1,CHEMBL216
CHEMBL434684,CC(C1=C(CN(C)C)Cc2ccccc21)c1ccccn1,CHEMBL216
CHEMBL338611,Cn1c(=O)c2c(ncn2CCCN2CCC(C(c3ccccc3)c3ccccc3)CC2)n(C)c1=O.O=C(O)/C=C/C(=O)O,CHEMBL216
CHEMBL69452,CCO/C(O)=C1\CN2CC(CCC2COCc2ccccc2)C1=O,CHEMBL216
CHEMBL716,OCCOCCN1CCN(C2=Nc3ccccc3Sc3ccccc32)CC1,CHEMBL216
CHEMBL353311,C[C@@H]1OC(=O)[C@H]2C[C@H]3CCCC[C@@H]3[C@@H](CCCNC34CC5CC(CC(C5)C3)C4)[C@@H]12,CHEMBL216
CHEMBL352618,C[C@@H]1OC(=O)[C@H]2C[C@H]3CCCC[C@@H]3[C@@H](CCCN3CCOCC3)[C@@H]12,CHEMBL216
CHEMBL715,Cc1cc2c(s1)Nc1ccccc1N=C2N1CCN(C)CC1,CHEMBL216
CHEMBL354636,C[C@@H]1OC(=O)[C@H]2C[C@H]3CCCC[C@@H]3[C@@H](CCCN3CCCC4CCCCC43)[C@@H]12,CHEMBL216
CHEMBL170977,C[C@@H]1OC(=O)[C@H]2C[C@H]3CCCC[C@@H]3[C@@H](CCCN3CCSCC3)[C@@H]12,CHEMBL216
CHEMBL42,CN1CCN(C2=Nc3cc(Cl)ccc3Nc3ccccc32)CC1,CHEMBL216
CHEMBL277642,C[C@@H]1OC(=O)[C@H]2C[C@H]3CCCC[C@@H]3[C@@H](/C=C/[C@H]3CCC[C@H](C)N3C)[C@@H]12,CHEMBL216
CHEMBL355854,C[C@@H]1OC(=O)[C@H]2C[C@H]3CCCC[C@@H]3[C@@H](CC[C@H]3CCC[C@H](C)N3C)[C@@H]12,CHEMBL216
CHEMBL352756,C[C@@H]1OC(=O)[C@H]2C[C@H]3CCCC[C@@H]3[C@@H](CCCN3CCc4ccccc4C3)[C@@H]12,CHEMBL216
CHEMBL172272,C[C@@H]1OC(=O)[C@H]2C[C@H]3CCCC[C@@H]3[C@@H](CCCN3CCC(N4CCCCC4)CC3)[C@@H]12,CHEMBL216
CHEMBL308090,CN1CCN(C2=Nc3ccccc3Nc3ccc(O)cc32)CC1,CHEMBL216
CHEMBL73074,COc1ccc2c(c1)N=C(N1CCN(C)CC1)c1ccccc1N2,CHEMBL216
CHEMBL42,CN1CCN(C2=Nc3cc(Cl)ccc3Nc3ccccc32)CC1,CHEMBL216
CHEMBL70377,CN1CCN(C2=Nc3cc(O)ccc3Nc3ccccc32)CC1,CHEMBL216
CHEMBL310712,CN1CCN(C2=Nc3cc(OS(=O)(=O)C(F)(F)F)ccc3Nc3ccccc32)CC1,CHEMBL216
CHEMBL415300,CN1CCN(C2=Nc3ccccc3Nc3ccc(Cl)cc32)CC1,CHEMBL216
CHEMBL72794,COc1ccc2c(c1)C(N1CCN(C)CC1)=Nc1ccccc1N2,CHEMBL216
CHEMBL115078,CCCCCCCCCCCCCC(=O)NCC(=O)N[C@@H](CO)C(=O)OCc1ccccc1,CHEMBL216
CHEMBL112297,CCCCCCCCCCCCCCCC(=O)OC[C@H](NC(=O)CNC(=O)CCCCCCCCCCCCC)C(=O)OCc1ccccc1,CHEMBL216
CHEMBL112297,CCCCCCCCCCCCCCCC(=O)OC[C@H](NC(=O)CNC(=O)CCCCCCCCCCCCC)C(=O)OCc1ccccc1,CHEMBL216
CHEMBL359027,C1=C(c2csc3ccccc23)C2CCN1CC2,CHEMBL216
CHEMBL12980,O=C(OC1CN2CCC1CC2)C(O)(c1ccccc1)c1ccccc1,CHEMBL216
CHEMBL343236,c1ccc2c(c1)CC(C1CN3CCC1CC3)O2,CHEMBL216
CHEMBL342958,C1=C(c2nc3ccccc3s2)C2CCN1CC2,CHEMBL216
CHEMBL144693,c1ccc2oc(C3CN4CCC3CC4)cc2c1,CHEMBL216
CHEMBL341476,C1=C(c2ccco2)C2CCN1CC2,CHEMBL216
CHEMBL144385,C1=C(c2coc3ccccc23)C2CCN1CC2,CHEMBL216
CHEMBL9967,CN1CCN(CC(=O)N2c3ccccc3C(=O)Nc3cccnc32)CC1,CHEMBL216
CHEMBL125764,C1=C(c2cccs2)C2CCN1CC2,CHEMBL216
CHEMBL109405,C1=C(c2cc3ccccc3o2)C2CCN1CC2,CHEMBL216
CHEMBL144751,C1=C(c2nc3ccccc3o2)C2CCN1CC2,CHEMBL216
CHEMBL357444,COc1ccccc1C1=CN2CCC1CC2,CHEMBL216
CHEMBL167004,CN(C)c1ccnc(N2CCc3ccccc3C2)c1,CHEMBL216
CHEMBL344327,C1=C(c2cc3ccccc3s2)C2CCN1CC2,CHEMBL216
CHEMBL134641,CO/N=C(\C#N)[C@H]1CN2CCC1CC2,CHEMBL216
CHEMBL611476,CC1CCN(CC(=O)N2c3ccccc3C(=O)Nc3cccnc32)CC1,CHEMBL216
CHEMBL279453,CCCN(CCC)CC1CCCCN1CCNC(=O)N1c2ccccc2C(=O)Nc2cccnc21,CHEMBL216
CHEMBL17045,CCN(CC)CC1CCCCN1CC(=O)N1c2ccccc2C(=O)Nc2cccnc21,CHEMBL216
CHEMBL22108,CC(C1=C(CCN(C)C)Cc2ccccc21)c1ccccn1,CHEMBL216
CHEMBL9967,CN1CCN(CC(=O)N2c3ccccc3C(=O)Nc3cccnc32)CC1,CHEMBL216
CHEMBL279453,CCCN(CCC)CC1CCCCN1CCNC(=O)N1c2ccccc2C(=O)Nc2cccnc21,CHEMBL216
CHEMBL265256,CN(CCCCCCCCN(C)CCCCCCN(CC(=O)N1c2ccccc2C(=O)Nc2cccnc21)CC(=O)N1c2ccccc2C(=O)Nc2cccnc21)CCCCCCNCC(=O)N1c2ccccc2C(=O)Nc2cccnc21,CHEMBL216
CHEMBL277642,C[C@@H]1OC(=O)[C@H]2C[C@H]3CCCC[C@@H]3[C@@H](/C=C/[C@H]3CCC[C@H](C)N3C)[C@@H]12,CHEMBL216
CHEMBL135645,CO/N=C(\C#N)C12CCCN(CC1)C2,CHEMBL216
CHEMBL148404,Nc1ccc(CN2CCC(NC(=O)[C@](O)(c3ccccc3)[C@@H]3CCC(F)(F)C3)CC2)nc1,CHEMBL216
CHEMBL343659,Cc1cccc(CN2CCC(NC(=O)C(O)(c3ccccc3)C3CCCC3)CC2)n1,CHEMBL216
CHEMBL146464,O=C(NC1CCN(Cc2ccccc2)CC1)C(O)(c1ccccc1)C1CCCC1,CHEMBL216
CHEMBL149486,Cc1ccc(CN2CCC(NC(=O)C(O)(c3ccccc3)C3CCCC3)CC2)cc1,CHEMBL216
CHEMBL147653,O=C(NC1CCN(Cc2ccccc2)CC1)[C@](O)(c1ccccc1)[C@@H]1CCC(F)(F)C1,CHEMBL216
CHEMBL74736,CCN(CC)CCOCCOC(=O)C1(c2ccccc2)CCCCC1,CHEMBL216
CHEMBL146249,CC(C)=CCCN1CCC(NC(=O)[C@](O)(c2ccccc2)[C@H]2CC[C@@H](F)C2)CC1,CHEMBL216
CHEMBL73017,O=C(OCOCCN1CCCC1)C1(c2ccc(Cl)c(Cl)c2)CCCCC1,CHEMBL216
CHEMBL147778,Cc1cccc(CN2CCC(NC(=O)[C@](O)(c3ccccc3)[C@@H]3CCC(F)(F)C3)CC2)n1,CHEMBL216
CHEMBL146351,CC(C)=CCCN1CCC(NC(=O)[C@](O)(c2ccccc2)[C@H]2CCC(F)(F)C2)CC1,CHEMBL216
CHEMBL343644,CC(C)=CCCN1CCC(NC(=O)[C@](O)(c2ccccc2)[C@H]2CC[C@H](F)C2)CC1,CHEMBL216
CHEMBL358193,O=C(NC1CCN(Cc2ccsc2)CC1)C(O)(c1ccccc1)C1CCCC1,CHEMBL216
CHEMBL145913,O=C(NC1CCN(Cc2cccc(O)c2)CC1)[C@](O)(c1ccccc1)[C@@H]1CCC(F)(F)C1,CHEMBL216
CHEMBL147554,O=C(NC1CCN(Cc2cccc(CO)c2)CC1)[C@](O)(c1ccccc1)[C@@H]1CCC(F)(F)C1,CHEMBL216
CHEMBL277642,C[C@@H]1OC(=O)[C@H]2C[C@H]3CCCC[C@@H]3[C@@H](/C=C/[C@H]3CCC[C@H](C)N3C)[C@@H]12,CHEMBL216
CHEMBL356181,Nc1ccc(CN2CCC(NC(=O)[C@](O)(c3ccccc3)[C@@H]3CCC(F)(F)C3)CC2)cc1F,CHEMBL216
CHEMBL146359,O=C(NC1CCN(CC2CCCCC2)CC1)[C@](O)(c1ccccc1)[C@@H]1CCC(F)(F)C1,CHEMBL216
CHEMBL75217,CCN(CC)CCOCOC(=O)C1(c2ccc(Cl)c(Cl)c2)CCCCC1,CHEMBL216
CHEMBL343449,Nc1ccc(CN2CCC(NC(=O)[C@](O)(c3ccccc3)[C@@H]3CCC(F)(F)C3)CC2)cc1,CHEMBL216
CHEMBL356305,Cc1cc(CN2CCC(NC(=O)C(O)(c3ccccc3)C3CCCC3)CC2)cs1,CHEMBL216
CHEMBL101054,CCCCOc1nsnc1C1=CCCN(C)C1,CHEMBL216
CHEMBL150219,CC(C)=CCCN1CCC(NC(=O)[C@](O)(c2ccccc2)[C@@H]2CCC(F)(F)C2)CC1,CHEMBL216
CHEMBL147105,O=C(NC1CCN(Cc2ccccn2)CC1)[C@](O)(c1ccccc1)[C@@H]1CCC(F)(F)C1,CHEMBL216
CHEMBL346194,O=C(NC1CCN(Cc2ccccn2)CC1)C(O)(c1ccccc1)C1CCCC1,CHEMBL216
CHEMBL72219,CCN(CC)CCOCCOC(=O)C1(c2ccc(Cl)cc2)CCCC1,CHEMBL216
CHEMBL69678,Nc1cccc(CN2CCC(NC(=O)[C@](O)(c3ccccc3)[C@@H]3CCC(F)(F)C3)CC2)n1,CHEMBL216
CHEMBL358726,Cc1cccc(CN2CCC(NC(=O)C(O)(c3ccccc3)C3CCCC3)CC2)c1,CHEMBL216
CHEMBL422665,Nc1cccc(CN2CCC(NC(=O)[C@](O)(c3ccccc3)[C@@H]3CCC(F)(F)C3)CC2)c1,CHEMBL216
CHEMBL149484,COc1cccc(CN2CCC(NC(=O)[C@](O)(c3ccccc3)[C@@H]3CCC(F)(F)C3)CC2)c1,CHEMBL216
CHEMBL148129,O=C(NC1CCN(CC2CCCCCC2)CC1)C(O)(c1ccccc1)C1CCCC1,CHEMBL216
CHEMBL146291,O=C(NC1CCN(CC2CCCCCCC2)CC1)C(O)(c1ccccc1)C1CCCC1,CHEMBL216
CHEMBL148450,COc1cccc(CN2CCC(NC(=O)C(O)(c3ccccc3)C3CCCC3)CC2)c1,CHEMBL216
CHEMBL358289,O=C(NC1CCN(CC2CCCCCC2)CC1)[C@](O)(c1ccccc1)[C@@H]1CCC(F)(F)C1,CHEMBL216
CHEMBL149769,O=C(NC1CCN(CC2CCCCC2)CC1)C(O)(c1ccccc1)C1CCCC1,CHEMBL216
CHEMBL59836,CC(C)=CCCN1CCC(NC(=O)[C@](O)(c2ccccc2)C2CCCC2)CC1,CHEMBL216
CHEMBL147611,O=C(NC1CCN(Cc2cccc(F)c2)CC1)[C@](O)(c1ccccc1)[C@@H]1CCC(F)(F)C1,CHEMBL216
CHEMBL277642,C[C@@H]1OC(=O)[C@H]2C[C@H]3CCCC[C@@H]3[C@@H](/C=C/[C@H]3CCC[C@H](C)N3C)[C@@H]12,CHEMBL216
CHEMBL146567,Cc1cccc(CN2CCC(NC(=O)[C@](O)(c3ccccc3)[C@@H]3CCC(F)(F)C3)CC2)c1,CHEMBL216
CHEMBL147695,O=C(NC1CCN(Cc2ccoc2)CC1)[C@](O)(c1ccccc1)[C@@H]1CCC(F)(F)C1,CHEMBL216
CHEMBL327289,CCCCCCCOc1nsnc1C1=CCCN(C)C1,CHEMBL216
CHEMBL120399,CCCCCCCc1nsnc1C1=CCCN(C)C1,CHEMBL216
CHEMBL517712,CN1[C@@H]2CC[C@H]1C[C@@H](OC(=O)C(CO)c1ccccc1)C2,CHEMBL216
CHEMBL359220,CC(C)=CCCN1CCC(NC(=O)[C@](O)(c2ccccc2)[C@H]2CC[C@H](O)C2)CC1,CHEMBL216
CHEMBL147672,O=C(NC1CCN(Cc2ccoc2)CC1)C(O)(c1ccccc1)C1CCCC1,CHEMBL216
CHEMBL73234,CCN(CC)CCOCCOC(=O)C1(c2ccccc2)CCCC1,CHEMBL216
CHEMBL356505,O=C(NC1CCN(Cc2ccsc2)CC1)[C@](O)(c1ccccc1)[C@@H]1CCC(F)(F)C1,CHEMBL216
CHEMBL353140,CCN(CCCCC1CCN(CC(=O)N2c3ccccc3NC(=O)c3ccccc32)CC1)C(=O)c1ccc(F)cc1,CHEMBL216
CHEMBL166385,CCOC(=O)N(CC)CCCCC1CCN(CC(=O)N2c3ccccc3NC(=O)c3ccccc32)CC1,CHEMBL216
CHEMBL168145,CCN(CCCCC1CCN(CC(=O)N2c3ccccc3NC(=O)c3ccccc32)CC1)C(=O)c1cccc(I)c1,CHEMBL216
CHEMBL168149,CCN(CCCCC1CCN(CC(=O)N2c3ccccc3C(=O)N(C(=O)c3ccc(F)cc3)c3ccccc32)CC1)C(=O)c1ccc(F)cc1,CHEMBL216
CHEMBL355874,CCNCCCCC1CCN(CC(=O)N2c3ccccc3NC(=O)c3ccccc32)CC1,CHEMBL216
CHEMBL306903,O=C(NCC1CCNCC1)[C@](O)(c1ccccc1)[C@@H]1CCC(F)(F)C1,CHEMBL216
CHEMBL71799,NCC1CCC(NC(=O)[C@](O)(c2ccccc2)[C@@H]2CCC(F)(F)C2)CC1,CHEMBL216
CHEMBL69402,NCC(=O)N1CCN(C(=O)[C@](O)(c2ccccc2)[C@@H]2CCC(F)(F)C2)CC1,CHEMBL216
CHEMBL71933,CNCCC1CCN(C(=O)[C@](O)(c2ccccc2)[C@@H]2CCC(F)(F)C2)CC1,CHEMBL216
CHEMBL69678,Nc1cccc(CN2CCC(NC(=O)[C@](O)(c3ccccc3)[C@@H]3CCC(F)(F)C3)CC2)n1,CHEMBL216
CHEMBL68584,NC1CCN(C(=O)[C@](O)(c2ccccc2)[C@@H]2CCC(F)(F)C2)CC1,CHEMBL216
CHEMBL69648,NCCC1CCN(C(=O)[C@](O)(c2ccccc2)C2CCCC2)CC1,CHEMBL216
CHEMBL263040,NCCCCC1CCN(C(=O)[C@](O)(c2ccccc2)[C@@H]2CCC(F)(F)C2)CC1,CHEMBL216
CHEMBL71431,NC1CCN(C(=O)[C@](O)(c2ccccc2)C2CCCC2)CC1,CHEMBL216
CHEMBL302145,NCc1cccc(NC(=O)[C@](O)(c2ccccc2)[C@@H]2CCC(F)(F)C2)c1,CHEMBL216
CHEMBL69582,NCCN1CCN(C(=O)[C@](O)(c2ccccc2)[C@@H]2CCC(F)(F)C2)CC1,CHEMBL216
CHEMBL410890,NCCC1CCN(C(=O)[C@](O)(c2ccccc2)[C@@H]2CCC(F)(F)C2)CC1,CHEMBL216
CHEMBL66820,NCCCC1CCN(C(=O)[C@](O)(c2ccccc2)[C@@H]2CCC(F)(F)C2)CC1,CHEMBL216
CHEMBL69383,O=C(NC1CCNCC1)[C@](O)(c1ccccc1)[C@@H]1CCC(F)(F)C1,CHEMBL216
CHEMBL305531,NCC1CCN(C(=O)[C@](O)(c2ccccc2)[C@@H]2CCC(F)(F)C2)C1,CHEMBL216
CHEMBL66322,NCC1CCN(C(=O)[C@](O)(c2ccccc2)[C@@H]2CCC(F)(F)C2)CC1,CHEMBL216
CHEMBL67873,O=C(NCCC1CCNCC1)[C@](O)(c1ccccc1)[C@@H]1CCC(F)(F)C1,CHEMBL216
CHEMBL71483,CC(C)(N)CC1CCN(C(=O)[C@](O)(c2ccccc2)[C@@H]2CCC(F)(F)C2)CC1,CHEMBL216
CHEMBL443267,CCC1(CCN)CCN(C(=O)[C@](O)(c2ccccc2)[C@@H]2CCC(F)(F)C2)CC1,CHEMBL216
CHEMBL302809,CC1(CCN)CCN(C(=O)[C@](O)(c2ccccc2)[C@@H]2CCC(F)(F)C2)CC1,CHEMBL216
CHEMBL68384,NCC=C1CCN(C(=O)[C@](O)(c2ccccc2)[C@@H]2CCC(F)(F)C2)CC1,CHEMBL216
CHEMBL67814,O=C(N1CCNCC1)[C@](O)(c1ccccc1)[C@@H]1CCC(F)(F)C1,CHEMBL216
CHEMBL424416,O=C(N1CCCNCC1)[C@](O)(c1ccccc1)[C@@H]1CCC(F)(F)C1,CHEMBL216
CHEMBL68609,CC1(N)CCN(C(=O)[C@](O)(c2ccccc2)[C@@H]2CCC(F)(F)C2)CC1,CHEMBL216
CHEMBL66400,NCC1CCN(C(=O)[C@](O)(c2ccccc2)C2CCCC2)CC1,CHEMBL216
CHEMBL2111540,COc1ccc([S@@+]([O-])c2ccc(C(C#N)N3CCN(C4CCCCC4)CC3)cc2)cc1,CHEMBL216
CHEMBL60833,Clc1cccc(C#CCOc2nsnc2C23CN4CC2C3C4)c1,CHEMBL216
CHEMBL418491,Fc1ccc(C#CCSc2nsnc2C23CN4CC2C3C4)cc1,CHEMBL216
CHEMBL2111540,COc1ccc([S@@+]([O-])c2ccc(C(C#N)N3CCN(C4CCCCC4)CC3)cc2)cc1,CHEMBL216
CHEMBL291872,Fc1cc(F)cc(C#CCOc2nsnc2C23CN4CC2C3C4)c1,CHEMBL216
CHEMBL73341,COc1ccc([S+]([O-])c2ccc(C(C#N)N3CCN(C4CCCCC4)CC3)cc2)cc1,CHEMBL216
CHEMBL75448,CC(c1ccc(S(=O)(=O)c2ccc(Cl)cc2)cc1)N1CCN(C2CCCCC2)CC1,CHEMBL216
CHEMBL70464,COc1ccc([S+]([O-])c2ccc(C(N3CCN(C4CCCCC4)CC3)C(F)(F)F)cc2)cc1,CHEMBL216
CHEMBL2111540,COc1ccc([S@@+]([O-])c2ccc(C(C#N)N3CCN(C4CCCCC4)CC3)cc2)cc1,CHEMBL216
CHEMBL60419,C(#Cc1ccccc1)COc1nsnc1C12CN3CC1C2C3,CHEMBL216
CHEMBL312085,CC(c1ccc(S(=O)(=O)c2ccccc2)cc1)N1CCN(C2CCCCC2)CC1,CHEMBL216
CHEMBL160666,C[C@@H]1OC[C@H]2C[C@H]3CCCC[C@@H]3[C@@H](/C=C/[C@H]3CCC[C@H](C)N3C)[C@H]21,CHEMBL216
CHEMBL73661,CC(c1ccc(S(=O)(=O)c2ccc(C(C)(C)C)cc2)cc1)N1CCN(C2CCCCC2)CC1,CHEMBL216
CHEMBL72956,CC(c1ccc(S(=O)(=O)c2ccc(S(C)(=O)=O)cc2)cc1)N1CCN(C2CCCCC2)CC1,CHEMBL216
CHEMBL293982,Fc1cccc(C#CCSc2nsnc2C23CN4CC2C3C4)c1,CHEMBL216
CHEMBL2111540,COc1ccc([S@@+]([O-])c2ccc(C(C#N)N3CCN(C4CCCCC4)CC3)cc2)cc1,CHEMBL216
CHEMBL307810,COc1ccc([S+]([O-])c2ccc(C(C)N3CCN(C4CCCCC4)CC3)cc2)cc1,CHEMBL216
CHEMBL310912,COc1ccc(S(=O)(=O)c2ccc(C(C)N3CCN(C4CCCCC4)CC3)cc2)cc1,CHEMBL216
CHEMBL72455,Cc1ccc(S(=O)(=O)c2ccc(C(C)N3CCN(C4CCCCC4)CC3)cc2)cc1,CHEMBL216
CHEMBL294082,Fc1ccc(C#CCOc2nsnc2C23CN4CC2C3C4)cc1,CHEMBL216
CHEMBL2111540,COc1ccc([S@@+]([O-])c2ccc(C(C#N)N3CCN(C4CCCCC4)CC3)cc2)cc1,CHEMBL216
CHEMBL421304,COc1ccc([S+]([O-])c2ccc(C(C3CCCCC3)N3CCN(C4CCCCC4)CC3)cc2)cc1,CHEMBL216
CHEMBL277642,C[C@@H]1OC(=O)[C@H]2C[C@H]3CCCC[C@@H]3[C@@H](/C=C/[C@H]3CCC[C@H](C)N3C)[C@@H]12,CHEMBL216
CHEMBL70531,CC(c1ccc(S(=O)(=O)c2ccccc2)cc1)N1CCN(CCO)CC1,CHEMBL216
CHEMBL60777,Fc1cc(Cl)cc(C#CCOc2nsnc2C23CN4CC2C3C4)c1,CHEMBL216
CHEMBL303360,Clc1cccc(C#CCSc2nsnc2C23CN4CC2C3C4)c1,CHEMBL216
CHEMBL60331,Fc1cc(Cl)cc(C#CCSc2nsnc2C23CN4CC2C3C4)c1,CHEMBL216
CHEMBL71088,CC(c1ccc(S(=O)(=O)c2ccccc2)cc1)N1CCNCC1,CHEMBL216
CHEMBL73145,CCOC(=O)N1CCN(C(C)c2ccc(S(=O)(=O)c3ccccc3)cc2)CC1,CHEMBL216
CHEMBL431787,COc1ccc([S+]([O-])c2ccc(C(C(N)=O)N3CCN(C4CCCCC4)CC3)cc2)cc1,CHEMBL216
CHEMBL21536,CCCCCCOc1nsnc1C1=CCCN(C)C1,CHEMBL216
CHEMBL304247,Fc1cccc(C#CCOc2nsnc2C23CN4CC2C3C4)c1,CHEMBL216
CHEMBL73410,CC(c1ccc(S(=O)(=O)c2ccccc2)cc1)N1CCN(C)CC1,CHEMBL216
CHEMBL417560,C(#Cc1ccccc1)CSc1nsnc1C12CN3CC1C2C3,CHEMBL216
CHEMBL64029,Fc1cc(F)cc(C#CCSc2nsnc2C23CN4CC2C3C4)c1,CHEMBL216
CHEMBL291351,CN1CCC=C(c2nsnc2OCC#Cc2ccccc2)C1,CHEMBL216
CHEMBL60374,Clc1ccc(C#CCSc2nsnc2C23CN4CC2C3C4)cc1,CHEMBL216
CHEMBL130835,COc1ccccc1CN1CCC(C2CCN(C(=O)CCCCCCC(=O)N3CCC(C4CCN(Cc5ccccc5OC)CC4)CC3)CC2)CC1,CHEMBL216
CHEMBL127273,COc1ccccc1CN1CCC(C2CCN(CCCCCCCCN3CCC(C4CCN(Cc5ccccc5OC)CC4)CC3)CC2)CC1,CHEMBL216
CHEMBL27673,COc1ccccc1CNCCCCCCNCCCCCCCCNCCCCCCNCc1ccccc1OC,CHEMBL216
CHEMBL120472,CCN1CCC(c2ccccc2)=C(C(=O)OCCC2CCCCC2)C1.O=C(O)C(=O)O,CHEMBL216
CHEMBL118241,CCCCCCCCOC(=O)C1CN(CC)CC=C1c1ccccc1.O=C(O)C(=O)O,CHEMBL216
CHEMBL124173,CCN1CC=C(c2ccccc2)C(C(=O)OCCc2ccc(C)cc2)C1.O=C(O)C(=O)O,CHEMBL216
CHEMBL332980,CCN1CCC(c2ccccc2)=C(C(=O)OC2CCCCC2)C1.O=C(O)C(=O)O,CHEMBL216
CHEMBL1160977,CCCCCCOC(=O)C1CN(CC)CC=C1c1ccccc1.O=C(O)C(O)C(O)C(=O)O,CHEMBL216
CHEMBL543890,CCN1CCC(c2ccccc2)=C(C(=O)OCCCc2ccccc2)C1.Cl,CHEMBL216
CHEMBL332181,CCCCOC(=O)C1CN(CC)CC=C1c1ccccc1.O=C(O)C(=O)O,CHEMBL216
CHEMBL120581,CCN1CCC(c2ccccc2)=C(C(=O)OCC(C)C)C1.O=C(O)C(=O)O,CHEMBL216
CHEMBL340561,CCCCCOC(=O)C1=C(c2ccccc2)CCN(CC)C1.O=C(O)C(=O)O,CHEMBL216
CHEMBL2112955,O=C(CCNC(=O)CNC(=O)CC(c1ccccc1)(c1ccccc1)c1ccccc1)NC[C@H]1CCCN(CC2CCCCC2)C1,CHEMBL216
CHEMBL82378,CC(C)=CCO/N=C1\CN2CCC1C2,CHEMBL216
CHEMBL9967,CN1CCN(CC(=O)N2c3ccccc3C(=O)Nc3cccnc32)CC1,CHEMBL216
CHEMBL2112957,O=C(NC[C@H]1CCCN(CC2CCCCC2)C1)[C@H]1CCCN1C(=O)[C@@H]1CCCN1C(=O)CC(c1ccccc1)(c1ccccc1)c1ccccc1,CHEMBL216
CHEMBL104332,C=CCOC(=O)c1c(C)n(Cc2ccc(OC)cc2)c2ccc3c(c12)CN1CCc2cc(OC)ccc2C1O3,CHEMBL216
CHEMBL369062,O=C(CCCNC(=O)CC(c1ccccc1)(c1ccccc1)c1ccccc1)NCCC(=O)NCC1CCCN(CC2CCCCC2)C1,CHEMBL216
CHEMBL543177,CCN1CCC(c2ccccc2)=C(C(=O)OCc2ccccc2)C1.Cl,CHEMBL216
CHEMBL330892,CCN1CC=C(c2ccccc2)C(C(=O)OCCc2ccccc2)C1.O=C(O)C(=O)O,CHEMBL216
CHEMBL2112961,O=C(CNC(=O)[C@@H]1CCCN1C(=O)CC(c1ccccc1)(c1ccccc1)c1ccccc1)NC[C@H]1CCCN(CC2CCCCC2)C1,CHEMBL216
CHEMBL517712,CN1[C@@H]2CC[C@H]1C[C@@H](OC(=O)C(CO)c1ccccc1)C2,CHEMBL216
CHEMBL121552,CCN1CC=C(c2ccccc2)C(C(=O)OCC(C)C)C1.O=C(O)C(=O)O,CHEMBL216
CHEMBL262198,CCN1CCC(c2ccccc2)=C(C(=O)OCCc2ccccc2)C1.O=C(O)C(=O)O,CHEMBL216
CHEMBL1160977,CCCCCCOC(=O)C1CN(CC)CC=C1c1ccccc1.O=C(O)C(O)C(O)C(=O)O,CHEMBL216
CHEMBL1346,NC(=O)C(c1ccccc1)(c1ccccc1)[C@@H]1CCN(CCc2ccc3c(c2)CCO3)C1,CHEMBL216
CHEMBL121059,CCCCCCCCCOC(=O)C1=C(c2ccccc2)CCN(CC)C1,CHEMBL216
CHEMBL2112956,O=C(CCCCCNC(=O)CC(c1ccccc1)(c1ccccc1)c1ccccc1)NC[C@H]1CCCN(CC2CCCCC2)C1,CHEMBL216
CHEMBL333125,CCN1CCC(c2ccccc2)=C(C(=O)OCCCCc2ccccc2)C1.O=C(O)C(=O)O,CHEMBL216
CHEMBL177040,O=C(CCCNC(=O)CNC(=O)CC(c1ccccc1)(c1ccccc1)c1ccccc1)NCC1CCCN(CC2CCCCC2)C1,CHEMBL216
CHEMBL312823,C#C/C=C/CO/N=C1\CN2CCC1C2,CHEMBL216
CHEMBL121476,CCCCCCCOC(=O)C1CN(CC)CC=C1c1ccccc1.O=C(O)C(=O)O,CHEMBL216
CHEMBL120080,CCCCCCCCOC(=O)C1=C(c2ccccc2)CCN(CC)C1.O=C(O)C(=O)O,CHEMBL216
CHEMBL121520,CCN1CCC(c2ccccc2)=C(C(=O)OCC2CCCCC2)C1.O=C(O)C(=O)O,CHEMBL216
CHEMBL262455,COc1cccc(C#CCO/N=C2\CN3CC[C@@H]2C3)c1,CHEMBL216
CHEMBL81878,COc1cccc(C#CCO/N=C2\CN3CCC2C3)c1,CHEMBL216
CHEMBL122353,CCCOC(=O)C1CN(CC)CC=C1c1ccccc1.O=C(O)C(=O)O,CHEMBL216
CHEMBL116601,CCCCCOC(=O)C1CN(CC)CC=C1c1ccccc1.O=C(O)C(=O)O,CHEMBL216
CHEMBL340780,CCCCCCOC(=O)[C@H]1CN(CC)CC[C@H]1c1ccccc1.O=C(O)C(=O)O,CHEMBL216
CHEMBL2112959,O=C(CCNC(=O)CC(c1ccccc1)(c1ccccc1)c1ccccc1)NCCC(=O)NC[C@H]1CCCN(CC2CCCCC2)C1,CHEMBL216
CHEMBL120972,CCCCCCCCCOC(=O)C1CN(CC)CC=C1c1ccccc1,CHEMBL216
CHEMBL333065,CCCCCCOC(=O)C1CN(CC)CC=C1c1ccccc1.O=C(O)C(=O)O,CHEMBL216
CHEMBL330999,CCN1CC=C(c2ccccc2)C(C(=O)OCC2CCCCC2)C1.O=C(O)C(=O)O,CHEMBL216
CHEMBL122354,CCCCCCOC(=O)C1=C(c2ccccc2)CCN(CC)C1.O=C(O)C(=O)O,CHEMBL216
CHEMBL324712,CCCCOC(=O)C1=C(c2ccccc2)CCN(CC)C1.O=C(O)C(=O)O,CHEMBL216
CHEMBL332320,CCCCCCCCCCOC(=O)C1=C(c2ccccc2)CCN(CC)C1,CHEMBL216
CHEMBL541584,CCN1CC=C(c2ccccc2)C(C(=O)OCc2ccccc2)C1.Cl,CHEMBL216
CHEMBL120119,CCN1CCC(c2ccccc2)=C(C(=O)OCCc2ccc(C)cc2)C1.O=C(O)C(=O)O,CHEMBL216
CHEMBL540316,CCN1CC=C(c2ccccc2)C(C(=O)OCCCc2ccccc2)C1.Cl,CHEMBL216
CHEMBL331516,CCN1CCC(c2ccccc2)=C(C(=O)OCCCCCc2ccccc2)C1.O=C(O)C(=O)O,CHEMBL216
CHEMBL1160977,CCCCCCOC(=O)C1CN(CC)CC=C1c1ccccc1.O=C(O)C(O)C(O)C(=O)O,CHEMBL216
CHEMBL121299,CCN1CC=C(c2ccccc2)C(C(=O)OCCc2ccc(OC)cc2)C1.O=C(O)C(=O)O,CHEMBL216
CHEMBL334245,CCCCCCCOC(=O)C1=C(c2ccccc2)CCN(CC)C1.O=C(O)C(=O)O,CHEMBL216
CHEMBL120329,CCCOC(=O)C1=C(c2ccccc2)CCN(CC)C1.O=C(O)C(=O)O,CHEMBL216
CHEMBL2112958,O=C(CCNC(=O)[C@@H]1CCCN1C(=O)CC(c1ccccc1)(c1ccccc1)c1ccccc1)NC[C@H]1CCCN(CC2CCCCC2)C1,CHEMBL216
CHEMBL2112589,CCN1CC[C@@H](c2ccccc2)[C@H](C(=O)OCCc2ccccc2)C1.O=C(O)C(=O)O,CHEMBL216
CHEMBL324936,CCN1CC=C(c2ccccc2)C(C(=O)OC2CCCCC2)C1.O=C(O)C(=O)O,CHEMBL216
CHEMBL120599,CCN1CC=C(c2ccccc2)C(C(=O)OCCC2CCCCC2)C1.O=C(O)C(=O)O,CHEMBL216
CHEMBL2114066,COc1ccc([S@+]([O-])c2ccc(C(C#N)N3CCN(C4CCCCC4)CC3)cc2)cc1,CHEMBL216
CHEMBL2114068,C=C(c1ccc([S@@+]([O-])c2ccc(OC)cc2)cc1)C1CCN(C2CCCCC2)CC1,CHEMBL216
CHEMBL2115126,COc1ccc([S@+]([O-])c2ccc(C(C#N)C3CCN(C4CCCCC4)CC3)cc2)cc1,CHEMBL216
CHEMBL70828,C=C(c1ccc(Sc2ccc(OC)cc2)cc1)C1CCN(C2CCCCC2)CC1,CHEMBL216
CHEMBL2114064,COc1ccc([S@@+]([O-])c2ccc(C(C#N)C3CCN(C4CCCCC4)CC3)cc2)cc1,CHEMBL216
CHEMBL2115128,C=C(c1ccc([S@+]([O-])c2ccc(OC)cc2)cc1)C1CCN(C2CCCCC2)CC1,CHEMBL216
CHEMBL71124,COc1ccc([S+]([O-])c2ccc(C(C)C3CCN(C4CCCCC4)CC3)cc2)cc1,CHEMBL216
CHEMBL307810,COc1ccc([S+]([O-])c2ccc(C(C)N3CCN(C4CCCCC4)CC3)cc2)cc1,CHEMBL216
CHEMBL69595,COc1ccc(S(=O)(=O)c2ccc(C(C#N)C3CCN(C4CCCCC4)CC3)cc2)cc1,CHEMBL216
CHEMBL2115127,COc1ccc([S@+]([O-])c2ccc(C(=O)C3CCN(C4CCCCC4)CC3)cc2)cc1,CHEMBL216
CHEMBL71147,C=C(c1ccc(S(=O)(=O)c2ccc(OC)cc2)cc1)C1CCN(C2CCCCC2)CC1,CHEMBL216
CHEMBL2114067,COc1ccc([S@@+]([O-])c2ccc(C(=O)C3CCN(C4CCCCC4)CC3)cc2)cc1,CHEMBL216
CHEMBL2111540,COc1ccc([S@@+]([O-])c2ccc(C(C#N)N3CCN(C4CCCCC4)CC3)cc2)cc1,CHEMBL216
CHEMBL71971,COc1ccc(S(=O)(=O)c2ccc(C(C#N)N3CCN(C4CCCCC4)CC3)cc2)cc1,CHEMBL216
CHEMBL71531,COc1ccc(S(=O)(=O)c2ccc(C(=O)C3CCN(C4CCCCC4)CC3)cc2)cc1,CHEMBL216
CHEMBL277642,C[C@@H]1OC(=O)[C@H]2C[C@H]3CCCC[C@@H]3[C@@H](/C=C/[C@H]3CCC[C@H](C)N3C)[C@@H]12,CHEMBL216
CHEMBL355854,C[C@@H]1OC(=O)[C@H]2C[C@H]3CCCC[C@@H]3[C@@H](CC[C@H]3CCC[C@H](C)N3C)[C@@H]12,CHEMBL216
CHEMBL427145,C[C@@H]1OC(=O)[C@H]2C[C@H]3CCCC[C@@H]3[C@@H](CC[C@H]3CCC[C@H](C)N3)[C@@H]12,CHEMBL216
CHEMBL182761,C[C@@H]1OC(=O)[C@H]2C[C@H]3CCCC[C@@H]3/C(=C/C[C@H]3CCC[C@H](C)N3C)[C@@H]12,CHEMBL216
CHEMBL183903,C[C@@H]1OC(=O)[C@H]2C[C@H]3CCCC[C@@H]3C(CCC3CCC(C)(C)N3C)[C@@H]12,CHEMBL216
CHEMBL181447,C[C@@H]1OC(=O)[C@H]2C=C3CCCC[C@@H]3/C(=C/CC3CCC(C)(C)N3C)[C@@H]12,CHEMBL216
CHEMBL9967,CN1CCN(CC(=O)N2c3ccccc3C(=O)Nc3cccnc32)CC1,CHEMBL216
CHEMBL9967,CN1CCN(CC(=O)N2c3ccccc3C(=O)Nc3cccnc32)CC1,CHEMBL216
CHEMBL2368393,O=C(CCC1=[N+]2C(=Cc3ccc(-c4cccs4)n3[B-]2(F)F)C=C1)NCCCCCCN1CCN(CC(=O)N2c3ccccc3C(=O)Nc3cccnc32)CC1,CHEMBL216
CHEMBL2368393,O=C(CCC1=[N+]2C(=Cc3ccc(-c4cccs4)n3[B-]2(F)F)C=C1)NCCCCCCN1CCN(CC(=O)N2c3ccccc3C(=O)Nc3cccnc32)CC1,CHEMBL216
CHEMBL2368390,O=C(CCC1=[N+]2C(=Cc3ccc(-c4cccs4)n3[B-]2(F)F)C=C1)NCCOCCOCCN1CCN(CC(=O)N2c3ccccc3C(=O)Nc3cccnc32)CC1,CHEMBL216
CHEMBL2368390,O=C(CCC1=[N+]2C(=Cc3ccc(-c4cccs4)n3[B-]2(F)F)C=C1)NCCOCCOCCN1CCN(CC(=O)N2c3ccccc3C(=O)Nc3cccnc32)CC1,CHEMBL216
CHEMBL365702,C[N+]1=C(CCC(=O)NCCCCCC(=O)NCCCCN2CCN(CC(=O)N3c4ccccc4C(=O)Nc4cccnc43)CC2)C=C/C1=C/c1ccc(-c2cccs2)n1[BH-](F)F,CHEMBL216
CHEMBL365702,C[N+]1=C(CCC(=O)NCCCCCC(=O)NCCCCN2CCN(CC(=O)N3c4ccccc4C(=O)Nc4cccnc43)CC2)C=C/C1=C/c1ccc(-c2cccs2)n1[BH-](F)F,CHEMBL216
CHEMBL2368391,O=C(CCCCCNC(=O)CCC1=[N+]2C(=Cc3ccc(-c4cccs4)n3[B-]2(F)F)C=C1)NCCCCCC(=O)NCCCCN1CCN(CC(=O)N2c3ccccc3C(=O)Nc3cccnc32)CC1,CHEMBL216
CHEMBL2368391,O=C(CCCCCNC(=O)CCC1=[N+]2C(=Cc3ccc(-c4cccs4)n3[B-]2(F)F)C=C1)NCCCCCC(=O)NCCCCN1CCN(CC(=O)N2c3ccccc3C(=O)Nc3cccnc32)CC1,CHEMBL216
CHEMBL2368392,O=C(CCC1=[N+]2C(=Cc3ccc(-c4cccs4)n3[B-]2(F)F)C=C1)NCCOCCOCCOCCOCCOCCOCCN1CCN(CC(=O)N2c3ccccc3C(=O)Nc3cccnc32)CC1,CHEMBL216
CHEMBL2368392,O=C(CCC1=[N+]2C(=Cc3ccc(-c4cccs4)n3[B-]2(F)F)C=C1)NCCOCCOCCOCCOCCOCCOCCN1CCN(CC(=O)N2c3ccccc3C(=O)Nc3cccnc32)CC1,CHEMBL216
CHEMBL405526,CCN(CC)c1ccc2c(-c3ccc(S(=O)(=O)N(C)CCCCCC(=O)NCCOCCOCCN4CCN(CC(=O)N5c6ccccc6C(=O)Nc6cccnc65)CC4)cc3S(=O)(=O)[O-])c3ccc(=[N+](CC)CC)cc-3oc2c1,CHEMBL216
CHEMBL405526,CCN(CC)c1ccc2c(-c3ccc(S(=O)(=O)N(C)CCCCCC(=O)NCCOCCOCCN4CCN(CC(=O)N5c6ccccc6C(=O)Nc6cccnc65)CC4)cc3S(=O)(=O)[O-])c3ccc(=[N+](CC)CC)cc-3oc2c1,CHEMBL216
CHEMBL1161713,CCN1/C(=C/C=C/C2N(CCCCCC(=O)NCCOCCOCCN3CCN(CC(=O)N4c5ccccc5C(=O)Nc5cccnc54)CC3)c3ccc(S(=O)(=O)O)cc3C2(C)C)C(C)(C)c2cc(S(=O)(=O)O)ccc21,CHEMBL216
CHEMBL1161713,CCN1/C(=C/C=C/C2N(CCCCCC(=O)NCCOCCOCCN3CCN(CC(=O)N4c5ccccc5C(=O)Nc5cccnc54)CC3)c3ccc(S(=O)(=O)O)cc3C2(C)C)C(C)(C)c2cc(S(=O)(=O)O)ccc21,CHEMBL216
CHEMBL194837,Cc1cc(OCCN(C)C)nc2ccc(NC(=O)COc3ccc(Cl)cc3Cl)cc12,CHEMBL216
CHEMBL9967,CN1CCN(CC(=O)N2c3ccccc3C(=O)Nc3cccnc32)CC1,CHEMBL216
CHEMBL220095,CCN(CC)c1ccc2c(-c3ccc(S(=O)(=O)NCCCCCC(=O)NCCOCCOCCN4CCN(CC(=O)N5c6ccccc6C(=O)Nc6cccnc65)CC4)cc3S(=O)(=O)[O-])c3ccc(=[N+](CC)CC)cc-3oc2c1,CHEMBL216
CHEMBL198982,O=C(CCCCCNC(=O)CCc1ccc2n1[B-](F)(F)[N+]1=C(c3cccs3)C=CC1=C2)NCCCCN1CCN(CC(=O)N2c3ccccc3C(=O)Nc3cccnc32)CC1,CHEMBL216
CHEMBL269117,CCN1/C(=C/C=C/c2ccc3cc(NC(=O)CCCCC(=O)NCCOCCOCCN4CCN(CC(=O)N5c6ccccc6C(=O)Nc6cccnc65)CC4)ccc3[n+]2CC)C=Cc2ccccc21.[I-],CHEMBL216
CHEMBL375340,CCN(CC)c1ccc(C(=C2C=CC(=[N+](CC)CC)C=C2)c2ccc(S(=O)(=O)NCCCCCC(=O)NCCOCCOCCN3CCN(CC(=O)N4c5ccccc5C(=O)Nc5cccnc54)CC3)cc2S(=O)(=O)[O-])cc1,CHEMBL216
CHEMBL9967,CN1CCN(CC(=O)N2c3ccccc3C(=O)Nc3cccnc32)CC1,CHEMBL216
CHEMBL3350391,CN1[C@@H]2CC[C@H]1C[C@@H](NC(c1ccc(F)cc1)c1ccc(F)cc1)C2,CHEMBL216
CHEMBL317757,CN1C2CCC1CC(OC(c1ccc(F)cc1)c1ccc(F)cc1)C2,CHEMBL216
CHEMBL3085019,CN1[C@@H]2CC[C@H]1C[C@H](NC(c1ccc(F)cc1)c1ccc(F)cc1)C2,CHEMBL216
CHEMBL3085028,C=CCN1[C@@H]2CC[C@H]1C[C@@H](NC(c1ccc(F)cc1)c1ccc(F)cc1)C2,CHEMBL216
CHEMBL3085027,Fc1ccc(C(N[C@H]2C[C@H]3CC[C@@H](C2)N3)c2ccc(F)cc2)cc1,CHEMBL216
CHEMBL3085033,CN(C(c1ccc(F)cc1)c1ccc(F)cc1)[C@H]1C[C@H]2CC[C@@H](C1)N2C,CHEMBL216
CHEMBL3085032,CN1[C@@H]2CC[C@H]1C[C@@H](NC(c1ccc(Cl)c(Cl)c1)c1ccc(Cl)c(Cl)c1)C2,CHEMBL216
CHEMBL3085025,CN1[C@@H]2CC[C@H]1C[C@@H](NC(c1ccccc1)c1ccc(Cl)cc1)C2,CHEMBL216
CHEMBL3085024,CN1[C@@H]2CC[C@H]1C[C@@H](NC(c1ccc(Cl)cc1)c1ccc(Cl)cc1)C2,CHEMBL216
CHEMBL205654,Cc1c(NC2CC2)nc(C2CC2)nc1N1CCCCCC1,CHEMBL216
CHEMBL377241,CN[C@@H]1CCN(c2ccc(-n3ncc4cc(-c5ccc(C(F)(F)F)cc5)sc4c3=O)cn2)C1,CHEMBL216
CHEMBL212645,O=C(NCC1CCN(C2CCCC2)CC1)[C@H]1CCCN1C(=O)[C@@H]1C[C@@H](O)CN1C(=O)CC(c1ccc(F)cc1)(c1ccc(F)cc1)c1ccc(F)cc1,CHEMBL216
CHEMBL214898,O=C(NCC1CCN(CC2CCCC2)CC1)[C@H]1CCCN1C(=O)[C@@H]1C[C@@H](O)CN1C(=O)CC(c1ccc(F)cc1)(c1ccc(F)cc1)c1ccc(F)cc1,CHEMBL216
CHEMBL215189,O=C(NCC1CCN(CC2CCC2)CC1)[C@H]1CCCN1C(=O)[C@@H]1C[C@@H](O)CN1C(=O)CC(c1ccc(F)cc1)(c1ccc(F)cc1)c1ccc(F)cc1,CHEMBL216
CHEMBL378772,O=C(NCC1CCN(CC2CC2)CC1)[C@H]1CCCN1C(=O)[C@@H]1C[C@@H](O)CN1C(=O)CC(c1ccc(F)cc1)(c1ccc(F)cc1)c1ccc(F)cc1,CHEMBL216
CHEMBL214342,CN1CCC(CNC(=O)[C@H]2CCCN2C(=O)[C@@H]2C[C@@H](O)CN2C(=O)CC(c2ccc(F)cc2)(c2ccc(F)cc2)c2ccc(F)cc2)CC1,CHEMBL216
CHEMBL438822,O=C(NC[C@@H]1CCCNC1)[C@H]1CCCN1C(=O)[C@@H]1C[C@@H](O)CN1C(=O)CC(c1ccc(F)cc1)(c1ccc(F)cc1)c1ccc(F)cc1,CHEMBL216
CHEMBL214029,O=C(NCCC1CCNCC1)[C@H]1CCCN1C(=O)[C@@H]1C[C@@H](O)CN1C(=O)CC(c1ccc(F)cc1)(c1ccc(F)cc1)c1ccc(F)cc1,CHEMBL216
CHEMBL215180,O=C(NCC1CCNCC1)[C@H]1CCCN1C(=O)[C@@H]1C[C@@H](O)CN1C(=O)CC(c1ccc(F)cc1)(c1ccc(F)cc1)c1ccc(F)cc1,CHEMBL216
CHEMBL378859,O=C(NCCC1CCNCC1)[C@H]1CCCN1C(=O)[C@@H]1C[C@@H](O)CN1C(=O)CC(c1ccc(Cl)cc1)(c1ccc(Cl)cc1)c1ccc(Cl)cc1,CHEMBL216
CHEMBL378872,O=C(NCC1CCNCC1)[C@H]1CCCN1C(=O)[C@@H]1C[C@@H](O)CN1C(=O)CC(c1ccc(Cl)cc1)(c1ccc(Cl)cc1)c1ccc(Cl)cc1,CHEMBL216
CHEMBL218755,COc1nsnc1OCCOCCOCCOc1nsnc1C1=CCCN(C)C1,CHEMBL216
CHEMBL216927,COc1nsnc1OCCOCCOCCOCCOc1nsnc1C1=CCCN(C)C1,CHEMBL216
CHEMBL216928,COc1nsc(OCCOCCOCCOCCOc2nsnc2C2C=CCCN2C)n1,CHEMBL216
CHEMBL376295,COc1nsnc1OCCCOCCCOCCCOc1nsnc1-c1cccnc1,CHEMBL216
CHEMBL219118,COc1nsc(OCCCOCCCOCCCOc2nsnc2-c2cccnc2)n1,CHEMBL216
CHEMBL335542,CN1CCC=C(c2nsnc2OCCOCCOCCOCCOc2nsnc2C2=CCCN(C)C2)C1,CHEMBL216
CHEMBL21536,CCCCCCOc1nsnc1C1=CCCN(C)C1,CHEMBL216
CHEMBL216928,COc1nsc(OCCOCCOCCOCCOc2nsnc2C2C=CCCN2C)n1,CHEMBL216
CHEMBL386983,COc1nsnc1OCCOCCOCCOCCOCCOc1nsnc1C1=CCCN(C)C1,CHEMBL216
CHEMBL216927,COc1nsnc1OCCOCCOCCOCCOc1nsnc1C1=CCCN(C)C1,CHEMBL216
CHEMBL21536,CCCCCCOc1nsnc1C1=CCCN(C)C1,CHEMBL216
CHEMBL335542,CN1CCC=C(c2nsnc2OCCOCCOCCOCCOc2nsnc2C2=CCCN(C)C2)C1,CHEMBL216
CHEMBL21536,CCCCCCOc1nsnc1C1=CCCN(C)C1,CHEMBL216
CHEMBL335542,CN1CCC=C(c2nsnc2OCCOCCOCCOCCOc2nsnc2C2=CCCN(C)C2)C1,CHEMBL216
CHEMBL216927,COc1nsnc1OCCOCCOCCOCCOc1nsnc1C1=CCCN(C)C1,CHEMBL216
CHEMBL21536,CCCCCCOc1nsnc1C1=CCCN(C)C1,CHEMBL216
CHEMBL335542,CN1CCC=C(c2nsnc2OCCOCCOCCOCCOc2nsnc2C2=CCCN(C)C2)C1,CHEMBL216
CHEMBL373515,CN1CCC[C@H]1[C@H]1CSC(c2ccccc2)(c2ccccc2)O1,CHEMBL216
CHEMBL376897,C[N+]1(C)[C@@H]2C[C@@H](OC(=O)[C@H](CO)c3ccccc3)C[C@H]1[C@@H]1O[C@@H]12,CHEMBL216
CHEMBL222259,C[N+]1(C)CCC[C@@H]1[C@@H]1CS[C@@](c2ccccc2)(C2CCCCC2)O1.[I-],CHEMBL216
CHEMBL376057,C[N+]1(C)CCC[C@H]1[C@H]1CS[C@](c2ccccc2)(C2CCCCC2)O1.[I-],CHEMBL216
CHEMBL220393,C[N+]1(C)CCC[C@@H]1[C@@H]1CS[C@](c2ccccc2)(C2CCCCC2)O1.[I-],CHEMBL216
CHEMBL219786,C[N+]1(C)CCC[C@H]1[C@H]1CS[C@@](c2ccccc2)(C2CCCCC2)O1.[I-],CHEMBL216
CHEMBL375851,C[N+]1(C)CCC[C@@H]1[C@@H]1CSC(c2ccccc2)(c2ccccc2)O1.[I-],CHEMBL216
CHEMBL375969,C[N+]1(C)CCC[C@H]1[C@H]1CSC(c2ccccc2)(c2ccccc2)O1.[I-],CHEMBL216
CHEMBL219825,CN1CCC[C@@H]1[C@@H]1CS[C@@](c2ccccc2)(C2CCCCC2)O1,CHEMBL216
CHEMBL376255,CN1CCC[C@H]1[C@H]1CS[C@](c2ccccc2)(C2CCCCC2)O1,CHEMBL216
CHEMBL376870,CN1CCC[C@@H]1[C@@H]1CS[C@](c2ccccc2)(C2CCCCC2)O1,CHEMBL216
CHEMBL385328,CN1CCC[C@H]1[C@H]1CS[C@@](c2ccccc2)(C2CCCCC2)O1,CHEMBL216
CHEMBL375073,CN1CCC[C@@H]1[C@@H]1CSC(c2ccccc2)(c2ccccc2)O1,CHEMBL216
CHEMBL45454,C[N+](C)(C)C[C@@H]1CS[C@@](c2ccccc2)(C2CCCCC2)O1.[I-],CHEMBL216
CHEMBL71,CN(C)CCCN1c2ccccc2Sc2ccc(Cl)cc21,CHEMBL216
CHEMBL715,Cc1cc2c(s1)Nc1ccccc1N=C2N1CCN(C)CC1,CHEMBL216
CHEMBL42,CN1CCN(C2=Nc3cc(Cl)ccc3Nc3ccccc32)CC1,CHEMBL216
CHEMBL242345,COc1ccccc1CNCCCCCCN1CCC(CCC2CCN(CCCCCCNCc3ccccc3OC)CC2)CC1,CHEMBL216
CHEMBL27673,COc1ccccc1CNCCCCCCNCCCCCCCCNCCCCCCNCc1ccccc1OC,CHEMBL216
CHEMBL234252,CN(C)C1(CNCCc2ccccc2)COc2ccccc2OC1,CHEMBL216
CHEMBL234440,CN(C)C1(CNCCC2CCOCC2)COc2cc(Cl)c(Cl)cc2OC1,CHEMBL216
CHEMBL392186,CN(C)C1(CNCCC2CCOCC2)COc2ccc(F)cc2OC1,CHEMBL216
CHEMBL234258,CN(C)C1(CNCCC2CCC(CO)CC2)COc2ccccc2OC1,CHEMBL216
CHEMBL391977,CN(C)C1(CNCCC2CCC(O)CC2)COc2ccccc2OC1,CHEMBL216
CHEMBL233202,CN(C)C1(CNCCC2=CCSCC2)COc2ccccc2OC1,CHEMBL216
CHEMBL233201,CN(C)C1(CNCCC2CCSCC2)COc2ccccc2OC1,CHEMBL216
CHEMBL394255,CN(C)C1(CNCC=C2CCOCC2)COc2ccccc2OC1,CHEMBL216
CHEMBL435353,CN(C)C1(CNCCC2CCOCC2)COc2ccccc2OC1,CHEMBL216
CHEMBL394137,CN(C)C1(CNCCC23CC4CC(CC(C4)C2)C3)COc2ccccc2OC1,CHEMBL216
CHEMBL234439,CN(C)C1(CNCCC2CCCCCC2)COc2ccccc2OC1,CHEMBL216
CHEMBL234438,CN(C)C1(CNCCC2CCCCC2)COc2ccccc2OC1,CHEMBL216
CHEMBL394254,CN(C)C1(CNCCC2CCCC2)COc2ccccc2OC1,CHEMBL216
CHEMBL234257,CN(C)C1(CNCC2CCCCC2)COc2ccccc2OC1,CHEMBL216
CHEMBL1231,CCN(CC)CC#CCOC(=O)C(O)(c1ccccc1)C1CCCCC1,CHEMBL216
CHEMBL233198,CC(C)c1ccc(CCNCC2(N(C)C)COc3ccccc3OC2)cc1,CHEMBL216
CHEMBL234254,CN(C)C1(CNCCc2ccc(Cl)cc2)COc2ccccc2OC1,CHEMBL216
CHEMBL234253,Cc1ccc(CCNCC2(N(C)C)COc3ccccc3OC2)cc1,CHEMBL216
CHEMBL420008,C=C(c1ccc(S(=O)(=O)c2ccc(OC)cc2)cc1)C1CCN(C2CCNCC2)CC1,CHEMBL216
CHEMBL70860,C=C(c1ccc(S(=O)(=O)c2ccc(OC)cc2)cc1)C1CCN(C2CCN(C(=O)OCc3ccccc3)CC2)CC1,CHEMBL216
CHEMBL440491,C=C(c1ccc(S(=O)(=O)c2ccc(OC)cc2)cc1)C1CCN(C2CCN(C(=O)OCC(C)C)CC2)CC1,CHEMBL216
CHEMBL72408,C=C(c1ccc(S(=O)(=O)c2ccc(OC)cc2)cc1)C1CCN(C2CCN(C(=O)OCCCC)CC2)CC1,CHEMBL216
CHEMBL74352,C=C(c1ccc(S(=O)(=O)c2ccc(OC)cc2)cc1)C1CCN(C2CCN(C(=O)OCCC)CC2)CC1,CHEMBL216
CHEMBL308566,C=C(c1ccc(S(=O)(=O)c2ccc(OC)cc2)cc1)C1CCN(C2CCN(C(=O)OCC)CC2)CC1,CHEMBL216
CHEMBL307234,C=C(c1ccc(S(=O)(=O)c2ccc(OC)cc2)cc1)C1CCN(C2CCN(C(=O)OC)CC2)CC1,CHEMBL216
CHEMBL422770,C=C(c1ccc(S(=O)(=O)c2ccc(OC)cc2)cc1)C1CCN(C2CCN(S(=O)(=O)Cc3ccccc3)CC2)CC1,CHEMBL216
CHEMBL72363,C=C(c1ccc(S(=O)(=O)c2ccc(OC)cc2)cc1)C1CCN(C2CCN(S(=O)(=O)CCCC)CC2)CC1,CHEMBL216
CHEMBL73893,C=C(c1ccc(S(=O)(=O)c2ccc(OC)cc2)cc1)C1CCN(C2CCN(S(=O)(=O)C(C)C)CC2)CC1,CHEMBL216
CHEMBL421113,C=C(c1ccc(S(=O)(=O)c2ccc(OC)cc2)cc1)C1CCN(C2CCN(S(=O)(=O)CCC)CC2)CC1,CHEMBL216
CHEMBL72787,C=C(c1ccc(S(=O)(=O)c2ccc(OC)cc2)cc1)C1CCN(C2CCN(C(=O)Cc3ccccc3)CC2)CC1,CHEMBL216
CHEMBL70848,C=C(c1ccc(S(=O)(=O)c2ccc(OC)cc2)cc1)C1CCN(C2CCN(C(=O)C(C)C)CC2)CC1,CHEMBL216
CHEMBL74117,C=C(c1ccc(S(=O)(=O)c2ccc(OC)cc2)cc1)C1CCN(C2CCN(C(=O)C3CC3)CC2)CC1,CHEMBL216
CHEMBL305607,C=C(c1ccc(S(=O)(=O)c2ccc(OC)cc2)cc1)C1CCN(C2CCN(C(=O)CC)CC2)CC1,CHEMBL216
CHEMBL72551,C=C(c1ccc(S(=O)(=O)c2ccc(OC)cc2)cc1)C1CCN(C2CCN(C(=O)CCC)CC2)CC1,CHEMBL216
CHEMBL73245,C=C(c1ccc(S(=O)(=O)c2ccc(OC)cc2)cc1)C1CCN(C2CCN(S(=O)(=O)CC)CC2)CC1,CHEMBL216
CHEMBL72494,C=C(c1ccc(S(=O)(=O)c2ccc(OC)cc2)cc1)C1CCN(C2CCN(S(=O)(=O)c3ccccc3)CC2)CC1,CHEMBL216
CHEMBL72957,C=C(c1ccc(S(=O)(=O)c2ccc(OC)cc2)cc1)C1CCN(C2CCN(C(=O)OC(C)C)CC2)CC1,CHEMBL216
CHEMBL9967,CN1CCN(CC(=O)N2c3ccccc3C(=O)Nc3cccnc32)CC1,CHEMBL216
CHEMBL3085058,C[N+]1(C)[C@@H]2CC[C@H]1C[C@H](OC(=O)N(Cc1ccccc1)c1ccccc1)C2.[Br-],CHEMBL216
CHEMBL3085093,CN1[C@@H]2CC[C@H]1C[C@@H](OC(=O)N(Cc1ccc(C#N)cc1)c1ccsc1)C2,CHEMBL216
CHEMBL3085092,CN1[C@@H]2CC[C@H]1C[C@@H](OC(=O)N(CC1CCCCC1)c1ccsc1)C2,CHEMBL216
CHEMBL3085091,CN1[C@@H]2CC[C@H]1C[C@H](OC(=O)N(Cc1ccsc1)c1ccsc1)C2,CHEMBL216
CHEMBL3085090,CN1[C@@H]2CC[C@H]1C[C@H](OC(=O)N(Cc1ccccc1)c1ccsc1)C2,CHEMBL216
CHEMBL3085089,CN1[C@@H]2CC[C@H]1C[C@H](OC(=O)N(Cc1ccccc1)c1cccs1)C2,CHEMBL216
CHEMBL3085087,CN1[C@@H]2CC[C@H]1C[C@H](OC(=O)N(Cc1ccoc1)c1ccccc1)C2,CHEMBL216
CHEMBL3085086,Cc1ccsc1CN(C(=O)O[C@H]1C[C@H]2CC[C@@H](C1)N2C)c1ccccc1,CHEMBL216
CHEMBL3085078,CN1[C@@H]2CC[C@H]1C[C@@H](OC(=O)N(Cc1ccsc1)c1ccccc1)C2,CHEMBL216
CHEMBL3085077,CN1[C@@H]2CC[C@H]1C[C@H](OC(=O)N(Cc1cccs1)c1ccccc1)C2,CHEMBL216
CHEMBL3085076,CN1[C@@H]2CC[C@H]1C[C@H](OC(=O)N(Cc1ccccc1)c1ccccc1)C2,CHEMBL216
CHEMBL3085075,C[N+]1(C)[C@@H]2CC[C@H]1C[C@@H](OC(=O)N(Cc1cccc(C#N)c1)c1ccsc1)C2.[Br-],CHEMBL216
CHEMBL3085074,C[N+]1(C)[C@@H]2CC[C@H]1C[C@H](OC(=O)N(CC1CCCCC1)c1ccsc1)C2.[Br-],CHEMBL216
CHEMBL3085073,C[N+]1(C)[C@@H]2CC[C@H]1C[C@@H](OC(=O)N(Cc1ccsc1)c1ccsc1)C2.[Br-],CHEMBL216
CHEMBL3085072,C[N+]1(C)[C@@H]2CC[C@H]1C[C@H](OC(=O)N(Cc1ccccc1)c1ccsc1)C2.[Br-],CHEMBL216
CHEMBL3085071,C[N+]1(C)[C@@H]2CC[C@H]1C[C@H](OC(=O)N(Cc1ccccc1)c1cccs1)C2.[Br-],CHEMBL216
CHEMBL3085070,Cc1ccoc1CN(C(=O)O[C@H]1C[C@H]2CC[C@@H](C1)[N+]2(C)C)c1ccccc1.[Br-],CHEMBL216
CHEMBL3085069,C[N+]1(C)[C@@H]2CC[C@H]1C[C@H](OC(=O)N(Cc1ccoc1)c1ccccc1)C2.[Br-],CHEMBL216
CHEMBL3085068,Cc1ccsc1CN(C(=O)O[C@H]1C[C@H]2CC[C@@H](C1)[N+]2(C)C)c1ccccc1.[Br-],CHEMBL216
CHEMBL3085067,Cc1ccc(CN(C(=O)O[C@@H]2C[C@H]3CC[C@@H](C2)[N+]3(C)C)c2ccccc2)s1.[Br-],CHEMBL216
CHEMBL3085065,C[N+]1(C)[C@@H]2CC[C@H]1C[C@@H](OC(=O)N(Cc1ccc(C#N)cc1)c1ccccc1)C2.[Br-],CHEMBL216
CHEMBL3085063,C[N+]1(C)[C@@H]2CC[C@H]1C[C@H](OC(=O)N(Cc1cccc(Br)c1)c1ccccc1)C2.[Br-],CHEMBL216
CHEMBL3085062,COc1ccc(CN(C(=O)O[C@H]2C[C@H]3CC[C@@H](C2)[N+]3(C)C)c2ccccc2)cc1.[Br-],CHEMBL216
CHEMBL3085061,C[N+]1(C)[C@@H]2CC[C@H]1C[C@H](OC(=O)N(Cc1ccc(Br)cc1)c1ccccc1)C2.[Br-],CHEMBL216
CHEMBL3085060,C[N+]1(C)[C@@H]2CC[C@H]1C[C@@H](OC(=O)N(Cc1ccsc1)c1ccccc1)C2.[Br-],CHEMBL216
CHEMBL3085059,C[N+]1(C)[C@@H]2CC[C@H]1C[C@H](OC(=O)N(Cc1cccs1)c1ccccc1)C2.[Br-],CHEMBL216
CHEMBL237488,CC(C)=CCn1c(N2CCC[C@@H](N)C2)nc2c1c(=O)n(CC(=O)c1ccccc1)c(=O)n2C,CHEMBL216
CHEMBL237500,CC#CCn1c(N2CCC[C@@H](N)C2)nc2c1c(=O)n(Cc1nc(C)c3ccccc3n1)c(=O)n2C,CHEMBL216
CHEMBL391089,CC(C)=CCn1c(N2CCC[C@H](N)C2)nc2c1c(=O)n(Cc1nccc3ccccc13)c(=O)n2C,CHEMBL216
CHEMBL429450,CC(C)=CCn1c(N2CCC[C@@H](N)C2)nc2c1c(=O)n(Cc1nccc3ccccc13)c(=O)n2C,CHEMBL216
CHEMBL237067,CC(C)=CCn1c(N2CCC[C@H](N)C2)nc2c1c(=O)n(CC(=O)c1ccccc1)c(=O)n2C,CHEMBL216
CHEMBL252258,CC(=O)N1C2C=C(CN3C4CCC3CC(NC(=O)Nc3cc(F)cc(C(F)(F)F)c3)C4)CC1CCC2,CHEMBL216
CHEMBL21536,CCCCCCOc1nsnc1C1=CCCN(C)C1,CHEMBL216
CHEMBL405125,CCOC(=O)CCCCOc1nsnc1C1=CCCN(C)C1,CHEMBL216
CHEMBL408822,CN1CCC=C(c2nsnc2OCCCCn2cccc2)C1,CHEMBL216
CHEMBL291351,CN1CCC=C(c2nsnc2OCC#Cc2ccccc2)C1,CHEMBL216
CHEMBL99768,CN1CCC=C(c2nsnc2OCCCCc2ccccc2)C1,CHEMBL216
CHEMBL270031,CN1CCC=C(c2nsnc2OCCCN)C1,CHEMBL216
CHEMBL403829,CN1CCC=C(c2nsnc2OCCCCO)C1,CHEMBL216
CHEMBL21536,CCCCCCOc1nsnc1C1=CCCN(C)C1,CHEMBL216
CHEMBL327754,CCCCCOc1nsnc1C1=CCCN(C)C1,CHEMBL216
CHEMBL101054,CCCCOc1nsnc1C1=CCCN(C)C1,CHEMBL216
CHEMBL303922,CCCOc1nsnc1C1=CCCN(C)C1,CHEMBL216
CHEMBL99476,CCOc1nsnc1C1=CCCN(C)C1,CHEMBL216
CHEMBL21536,CCCCCCOc1nsnc1C1=CCCN(C)C1,CHEMBL216
CHEMBL408822,CN1CCC=C(c2nsnc2OCCCCn2cccc2)C1,CHEMBL216
CHEMBL1382,Cc1ccc(O)c([C@H](CCN(C(C)C)C(C)C)c2ccccc2)c1,CHEMBL216
CHEMBL271108,CC(C)N(CC[C@H](c1ccccc1)c1cc(CCNC(=O)CCCCCNC(=O)COc2ccc(/C=C/C3=[N+]4C(=Cc5ccc(-c6cccs6)n5[B-]4(F)F)C=C3)cc2)ccc1O)C(C)C,CHEMBL216
CHEMBL257643,CCN(CC)c1ccc(/C=C/c2cc[n+](CCC[N+](CC)(CC)CC)cc2)cc1.[Br-].[Br-],CHEMBL216
CHEMBL257431,CCCCN(CCCC)c1ccc(/C=C/c2cc[n+](CCC[N+](CC)(CC)CC)cc2)cc1.[Br-].[Br-],CHEMBL216
CHEMBL134641,CO/N=C(\C#N)[C@H]1CN2CCC1CC2,CHEMBL216
CHEMBL1162116,Cc1nccn1CC#CCOc1ccon1,CHEMBL216
CHEMBL77793,Cc1nccn1CC#CCN1CCCC1=O,CHEMBL216
CHEMBL7634,O=C1CCCN1CC#CCN1CCCC1,CHEMBL216
CHEMBL21536,CCCCCCOc1nsnc1C1=CCCN(C)C1,CHEMBL216
CHEMBL254586,C[N+]1(CCCC(O)(c2ccccc2)c2ccccc2)CCCCC1.[I-],CHEMBL216
CHEMBL256121,CC#CCn1c(N2CCC[C@@H](N)C2)nc2c(C)nn(Cc3nc(C)c4ccccc4n3)c(=O)c21,CHEMBL216
CHEMBL540359,CC(C)OC(=O)c1ccc(NC(=O)N[C@@H](Cc2ccc(O)cc2)C(=O)N[C@H]2CCC[N+](C)(Cc3cccc(O)c3)C2)cc1.[I-],CHEMBL216
CHEMBL539887,Cc1cn2cc(CNC(=O)[C@H](Cc3ccc(O)cc3)NC(=O)Nc3ccc(C(=O)OC(C)C)cc3)[n+](Cc3ccc4ccccc4c3)c2s1.O=C([O-])C(F)(F)F,CHEMBL216
CHEMBL540359,CC(C)OC(=O)c1ccc(NC(=O)N[C@@H](Cc2ccc(O)cc2)C(=O)N[C@H]2CCC[N+](C)(Cc3cccc(O)c3)C2)cc1.[I-],CHEMBL216
CHEMBL540396,Cc1cn2cc(CNC(=O)[C@H](Cc3ccc(O)cc3)NC(=O)Nc3ccc(C(=O)OC4CCCCC4)s3)[n+](Cc3ccc4ccccc4c3)c2s1.[I-],CHEMBL216
CHEMBL451821,CN[C@@H](C(=O)N(C)[C@H]1CC[C@@]2(C)C(=CC[C@H]3[C@@H]4CC[C@@H]5[C@H](C)N(C)C[C@@]54CC[C@@H]32)C1)C(C)C,CHEMBL216
CHEMBL555474,CCOC(=O)c1ccc(NC(=O)N[C@@H](Cc2ccc(O)cc2)C(=O)N[C@H]2CCC[N+](C)(Cc3ccc(F)cc3)C2)cc1.[I-],CHEMBL216
CHEMBL540144,CCOC(=O)c1ccc(NC(=O)N[C@@H](Cc2ccc(O)cc2)C(=O)N[C@H]2CC[N+](C)(Cc3ccc(F)cc3)C2)cc1.[I-],CHEMBL216
CHEMBL555471,CCOC(=O)c1ccc(NC(=O)N[C@@H](Cc2ccc(O)cc2)C(=O)N[C@H]2CC[N+](C)(Cc3ccc(O)cc3)C2)cc1.[I-],CHEMBL216
CHEMBL540359,CC(C)OC(=O)c1ccc(NC(=O)N[C@@H](Cc2ccc(O)cc2)C(=O)N[C@H]2CCC[N+](C)(Cc3cccc(O)c3)C2)cc1.[I-],CHEMBL216
CHEMBL538360,CC(C)OC(=O)c1ccc(NC(=O)N[C@@H](Cc2ccc(O)cc2)C(=O)N[C@H]2CCC[N+]3(CCCCCC3)C2)cc1.[I-],CHEMBL216
CHEMBL550885,CC(C)OC(=O)c1ccc(NC(=O)N[C@@H](Cc2ccc(O)cc2)C(=O)N[C@H]2CCC[N+](CC3CC3)(CC3CC3)C2)cc1.[I-],CHEMBL216
CHEMBL540145,C=CC[N+]1(Cc2cccc(O)c2)CCC[C@H](NC(=O)[C@H](Cc2ccc(O)cc2)NC(=O)Nc2ccc(C(=O)OC(C)C)cc2)C1.[I-],CHEMBL216
CHEMBL553448,C[N+]1(Cc2ccc(O)cc2)CCC[C@H](NC(=O)[C@H](Cc2ccc(O)cc2)NC(=O)Nc2ccc(C(=O)OC3CCCCC3)s2)C1.[I-],CHEMBL216
CHEMBL540148,CC(C)OC(=O)c1ccc(NC(=O)N[C@@H](Cc2ccc(O)cc2)C(=O)N[C@H]2CCC[N+](C)(Cc3ccc(O)cc3)C2)s1.[I-],CHEMBL216
CHEMBL540401,Cc1nc(-c2ccc(NC(=O)N[C@@H](Cc3ccc(O)cc3)C(=O)N[C@H]3CCC[N+](C)(Cc4ccc(O)cc4)C3)cc2)no1.[I-],CHEMBL216
CHEMBL540146,Cc1noc(-c2ccc(NC(=O)N[C@@H](Cc3ccc(O)cc3)C(=O)N[C@H]3CCC[N+](C)(Cc4ccc(O)cc4)C3)cc2)n1.[I-],CHEMBL216
CHEMBL555706,CC(C)NC(=O)c1ccc(NC(=O)N[C@@H](Cc2ccc(O)cc2)C(=O)N[C@H]2CCC[N+](C)(Cc3ccc(O)cc3)C2)cc1.[I-],CHEMBL216
CHEMBL540398,CCOC(=O)c1ccc(NC(=O)N[C@@H](Cc2ccc(Cl)c(Cl)c2)C(=O)N[C@H]2CC[N+](C)(Cc3ccc4c(c3)OCO4)C2)cc1.[I-],CHEMBL216
CHEMBL540400,CCOC(=O)c1ccc(NC(=O)N[C@@H](Cc2cccc(Cl)c2)C(=O)N[C@H]2CC[N+](C)(Cc3ccc4c(c3)OCO4)C2)cc1.[I-],CHEMBL216
CHEMBL554918,CCOC(=O)c1ccc(NC(=O)N[C@@H](Cc2ccc(C(=O)c3ccccc3)cc2)C(=O)N[C@H]2CC[N+](C)(Cc3ccc4c(c3)OCO4)C2)cc1.[I-],CHEMBL216
CHEMBL495102,CCOC(=O)c1ccc(NC(=O)N[C@@H](Cc2ccc(-c3ccccc3)cc2)C(=O)N[C@H]2CC[N+](C)(Cc3ccc4c(c3)OCO4)C2)cc1.[I-],CHEMBL216
CHEMBL555707,CCOC(=O)c1ccc(NC(=O)N[C@@H](Cc2ccc(C(F)(F)F)cc2)C(=O)N[C@H]2CC[N+](C)(Cc3ccc4c(c3)OCO4)C2)cc1.[I-],CHEMBL216
CHEMBL553433,CCOC(=O)c1ccc(NC(=O)N[C@@H](Cc2ccc(C#N)cc2)C(=O)N[C@H]2CC[N+](C)(Cc3ccc4c(c3)OCO4)C2)cc1.[I-],CHEMBL216
CHEMBL466271,CCOC(=O)c1ccc(NC(=O)N[C@@H](Cc2ccc(Br)cc2)C(=O)N[C@H]2CC[N+](C)(Cc3ccc4c(c3)OCO4)C2)cc1.[I-],CHEMBL216
CHEMBL555019,CCOC(=O)c1ccc(NC(=O)N[C@@H](Cc2ccc(Cl)cc2)C(=O)N[C@H]2CC[N+](C)(Cc3ccc4c(c3)OCO4)C2)cc1.[I-],CHEMBL216
CHEMBL527216,CCOC(=O)c1ccc(NC(=O)N[C@@H](Cc2ccc(F)cc2)C(=O)N[C@H]2CC[N+](C)(Cc3ccc4c(c3)OCO4)C2)cc1.[I-],CHEMBL216
CHEMBL554632,CCOC(=O)c1ccc(NC(=O)N[C@@H](Cc2ccc(C)cc2)C(=O)N[C@H]2CC[N+](C)(Cc3ccc4c(c3)OCO4)C2)cc1.[I-],CHEMBL216
CHEMBL539885,CCOC(=O)c1ccc(NC(=O)N[C@@H](Cc2ccc(OC)cc2)C(=O)N[C@H]2CC[N+](C)(Cc3ccc4c(c3)OCO4)C2)cc1.[I-],CHEMBL216
CHEMBL540399,CCOC(=O)c1ccc(NC(=O)N[C@@H](Cc2ccc(O)cc2)C(=O)N[C@H]2CC[N+](C)(Cc3ccc4c(c3)OCO4)C2)cc1.[I-],CHEMBL216
CHEMBL521244,CCOC(=O)c1ccc(NC(=O)N[C@@H](Cc2ccc(O)cc2)C(=O)NC2CCN(Cc3cccc(C#N)c3)C2)cc1,CHEMBL216
CHEMBL521523,C[C@H]1CN(Cc2cccc(-c3cc(CNC(=O)c4cccc(CC5CCNCC5)c4)ccc3F)c2)CCN1,CHEMBL216
CHEMBL523518,CN1CCC[C@@H]1[C@@H]1C[S+]([O-])C(c2ccccc2)(c2ccccc2)O1,CHEMBL216
CHEMBL541671,C[N+]1(C)CCC[C@H]1[C@H]1C[S+]([O-])[C@](c2ccccc2)(C2CCCCC2)O1.[I-],CHEMBL216
CHEMBL539121,C[N+]1(C)CCC[C@@H]1[C@@H]1C[S+]([O-])[C@@](c2ccccc2)(C2CCCCC2)O1.[I-],CHEMBL216
CHEMBL541671,C[N+]1(C)CCC[C@H]1[C@H]1C[S+]([O-])[C@](c2ccccc2)(C2CCCCC2)O1.[I-],CHEMBL216
CHEMBL539121,C[N+]1(C)CCC[C@@H]1[C@@H]1C[S+]([O-])[C@@](c2ccccc2)(C2CCCCC2)O1.[I-],CHEMBL216
CHEMBL539120,C[N+]1(C)CCC[C@H]1[C@H]1C[S+]([O-])[C@@](c2ccccc2)(C2CCCCC2)O1.[I-],CHEMBL216
CHEMBL554916,C[N+]1(C)CCC[C@@H]1[C@@H]1C[S+]([O-])[C@](c2ccccc2)(C2CCCCC2)O1.[I-],CHEMBL216
CHEMBL539120,C[N+]1(C)CCC[C@H]1[C@H]1C[S+]([O-])[C@@](c2ccccc2)(C2CCCCC2)O1.[I-],CHEMBL216
CHEMBL554916,C[N+]1(C)CCC[C@@H]1[C@@H]1C[S+]([O-])[C@](c2ccccc2)(C2CCCCC2)O1.[I-],CHEMBL216
CHEMBL539373,C[N+]1(C)CCC[C@H]1[C@H]1C[S+]([O-])C(c2ccccc2)(c2ccccc2)O1.[I-],CHEMBL216
CHEMBL539373,C[N+]1(C)CCC[C@H]1[C@H]1C[S+]([O-])C(c2ccccc2)(c2ccccc2)O1.[I-],CHEMBL216
CHEMBL556390,C[N+]1(C)CCC[C@@H]1[C@@H]1C[S+]([O-])C(c2ccccc2)(c2ccccc2)O1.[I-],CHEMBL216
CHEMBL524061,CN1CCC[C@H]1[C@H]1C[S+]([O-])[C@](c2ccccc2)(C2CCCCC2)O1,CHEMBL216
CHEMBL496915,CN1CCC[C@@H]1[C@@H]1C[S+]([O-])[C@@](c2ccccc2)(C2CCCCC2)O1,CHEMBL216
CHEMBL493980,CN1CCC[C@H]1[C@H]1C[S+]([O-])[C@@](c2ccccc2)(C2CCCCC2)O1,CHEMBL216
CHEMBL493979,CN1CCC[C@@H]1[C@@H]1C[S+]([O-])[C@](c2ccccc2)(C2CCCCC2)O1,CHEMBL216
CHEMBL493980,CN1CCC[C@H]1[C@H]1C[S+]([O-])[C@@](c2ccccc2)(C2CCCCC2)O1,CHEMBL216
CHEMBL493979,CN1CCC[C@@H]1[C@@H]1C[S+]([O-])[C@](c2ccccc2)(C2CCCCC2)O1,CHEMBL216
CHEMBL493795,CN1CCC[C@H]1[C@H]1C[S+]([O-])C(c2ccccc2)(c2ccccc2)O1,CHEMBL216
CHEMBL523518,CN1CCC[C@@H]1[C@@H]1C[S+]([O-])C(c2ccccc2)(c2ccccc2)O1,CHEMBL216
CHEMBL493795,CN1CCC[C@H]1[C@H]1C[S+]([O-])C(c2ccccc2)(c2ccccc2)O1,CHEMBL216
CHEMBL496915,CN1CCC[C@@H]1[C@@H]1C[S+]([O-])[C@@](c2ccccc2)(C2CCCCC2)O1,CHEMBL216
CHEMBL557808,C[N+](C)(C)C[C@@H]1C[S+]([O-])[C@@](c2ccccc2)(C2CCCCC2)O1.[I-],CHEMBL216
CHEMBL493079,O=C(NCc1cccc(-c2cccc(CN3CCNCC3)c2)c1)c1ccc2c(c1)OCO2,CHEMBL216
CHEMBL521523,C[C@H]1CN(Cc2cccc(-c3cc(CNC(=O)c4cccc(CC5CCNCC5)c4)ccc3F)c2)CCN1,CHEMBL216
CHEMBL555476,C[C@H]1CN(Cc2cccc(-c3cc(CNC(=O)c4cccc(CN5CC[N+](C)(C)CC5)c4)ccc3F)c2)CCN1.O=C([O-])C(F)(F)F,CHEMBL216
CHEMBL492437,C[C@H]1CN(Cc2cccc(-c3cc(CNC(=O)c4cccc(CN5CCNCC5)c4)ccc3F)c2)CCN1,CHEMBL216
CHEMBL493465,C[C@H]1CN(Cc2cccc(-c3cc(CNC(=O)c4cccc(C#N)c4)ccc3F)c2)CCN1,CHEMBL216
CHEMBL493266,CCC(=O)c1cccc(C(=O)NCc2ccc(F)c(-c3cccc(CN4CCN[C@@H](C)C4)c3)c2)c1,CHEMBL216
CHEMBL493265,CC(=O)c1cccc(C(=O)NCc2ccc(F)c(-c3cccc(CN4CCN[C@@H](C)C4)c3)c2)c1,CHEMBL216
CHEMBL522460,Cc1ccccc1CN1CCC(N2CCC(n3c(=O)[nH]c4ccccc43)CC2)CC1,CHEMBL216
CHEMBL9967,CN1CCN(CC(=O)N2c3ccccc3C(=O)Nc3cccnc32)CC1,CHEMBL216
CHEMBL9967,CN1CCN(CC(=O)N2c3ccccc3C(=O)Nc3cccnc32)CC1,CHEMBL216
CHEMBL524097,OC(c1ccccc1)(c1ccccc1)C12CC[N+](CCCOc3ccccc3)(CC1)CC2.[Br-],CHEMBL216
CHEMBL523299,OC(c1ccccc1)(c1ccccc1)C12CC[N+](CCOCc3ccccc3)(CC1)CC2.[Br-],CHEMBL216
CHEMBL524097,OC(c1ccccc1)(c1ccccc1)C12CC[N+](CCCOc3ccccc3)(CC1)CC2.[Br-],CHEMBL216
CHEMBL523299,OC(c1ccccc1)(c1ccccc1)C12CC[N+](CCOCc3ccccc3)(CC1)CC2.[Br-],CHEMBL216
CHEMBL477542,N=C(N)NCCCCCCCCC(=O)C(N)CCCNC(=N)N,CHEMBL216
CHEMBL517712,CN1[C@@H]2CC[C@H]1C[C@@H](OC(=O)C(CO)c1ccccc1)C2,CHEMBL216
CHEMBL522460,Cc1ccccc1CN1CCC(N2CCC(n3c(=O)[nH]c4ccccc43)CC2)CC1,CHEMBL216
CHEMBL489576,O=c1[nH]c2cc(F)ccc2n1C1CCN(C2CCN(Cc3ccccc3C(F)(F)F)CC2)CC1,CHEMBL216
CHEMBL521914,O=c1[nH]c2c(F)cccc2n1C1CCN(C2CCN(Cc3ccccc3C(F)(F)F)CC2)CC1,CHEMBL216
CHEMBL490797,Cc1ccccc1CN1CCC(N2CCC(n3c(=O)[nH]c4ccc(F)cc43)CC2)CC1,CHEMBL216
CHEMBL522451,Cc1ccccc1CN1CCC(N2CCC(n3c(=O)[nH]c4cc(F)ccc43)CC2)CC1,CHEMBL216
CHEMBL490598,Cc1ccccc1CN1CCC(N2CCC(n3c(=O)[nH]c4c(F)cccc43)CC2)CC1,CHEMBL216
CHEMBL478034,O=c1[nH]c2ccccc2n1C1CCN(C2CCN(Cc3ccccc3[N+](=O)[O-])CC2)CC1,CHEMBL216
CHEMBL477821,O=c1[nH]c2ccccc2n1C1CCN(C2CCN(Cc3ccccc3Cl)CC2)CC1,CHEMBL216
CHEMBL491209,CCOC(=O)N1CCC(N2CCC(n3c(=O)[nH]c4ccccc43)CC2)CC1,CHEMBL216
CHEMBL42,CN1CCN(C2=Nc3cc(Cl)ccc3Nc3ccccc32)CC1,CHEMBL216
CHEMBL716,OCCOCCN1CCN(C2=Nc3ccccc3Sc3ccccc32)CC1,CHEMBL216
CHEMBL715,Cc1cc2c(s1)Nc1ccccc1N=C2N1CCN(C)CC1,CHEMBL216
CHEMBL265256,CN(CCCCCCCCN(C)CCCCCCN(CC(=O)N1c2ccccc2C(=O)Nc2cccnc21)CC(=O)N1c2ccccc2C(=O)Nc2cccnc21)CCCCCCNCC(=O)N1c2ccccc2C(=O)Nc2cccnc21,CHEMBL216
CHEMBL2021479,CN(C)[C@H]1CCCC[C@H]1N(C)CC(=O)N1c2ccccc2NC(=O)c2ccccc21.O=C(O)C(=O)O.O=C(O)C(=O)O,CHEMBL216
CHEMBL2021478,CN(C)[C@@H]1CCCC[C@@H]1N(C)CC(=O)N1c2ccccc2NC(=O)c2ccccc21.O=C(O)C(=O)O.O=C(O)C(=O)O,CHEMBL216
CHEMBL2021477,CN(C)[C@H]1CCCC[C@@H]1N(C)CC(=O)N1c2ccccc2NC(=O)c2ccccc21.O=C(O)C(=O)O.O=C(O)C(=O)O,CHEMBL216
CHEMBL2021476,CN(C)[C@@H]1CCCC[C@H]1N(C)CC(=O)N1c2ccccc2NC(=O)c2ccccc21.O=C(O)C(=O)O.O=C(O)C(=O)O,CHEMBL216
CHEMBL9967,CN1CCN(CC(=O)N2c3ccccc3C(=O)Nc3cccnc32)CC1,CHEMBL216
CHEMBL9967,CN1CCN(CC(=O)N2c3ccccc3C(=O)Nc3cccnc32)CC1,CHEMBL216
CHEMBL451821,CN[C@@H](C(=O)N(C)[C@H]1CC[C@@]2(C)C(=CC[C@H]3[C@@H]4CC[C@@H]5[C@H](C)N(C)C[C@@]54CC[C@@H]32)C1)C(C)C,CHEMBL216
CHEMBL3084639,CN1[C@@H]2CC[C@H]1C[C@@H](CC(c1ccccc1)(c1ccccc1)c1ccccc1)C2,CHEMBL216
CHEMBL3084678,CN1[C@@H]2CC[C@H]1C[C@@H](CC(C(=O)O)(c1ccccc1)c1ccccc1)C2,CHEMBL216
CHEMBL3084662,CN1[C@@H]2CC[C@H]1C[C@@H](CC(O)(c1ccccc1)c1ccccc1)C2,CHEMBL216
CHEMBL3084658,C[N+]1(C)[C@@H]2CC[C@H]1C[C@@H](CC(O)(c1ccccc1)c1ccccc1)C2.[Br-],CHEMBL216
CHEMBL3084650,CN1[C@@H]2CC[C@H]1C[C@@H](CC(C#N)(c1ccccc1)c1ccccc1)C2,CHEMBL216
CHEMBL2103803,C[N+]1(C)[C@@H]2CC[C@H]1C[C@@H](CC(C#N)(c1ccccc1)c1ccccc1)C2.[Br-],CHEMBL216
CHEMBL3084679,CN1[C@@H]2CC[C@H]1C[C@@H](CC(CO)(c1ccccc1)c1ccccc1)C2,CHEMBL216
CHEMBL3084643,C[N+]1(C)[C@@H]2CC[C@H]1C[C@@H](CC(CO)(c1ccccc1)c1ccccc1)C2.[Br-],CHEMBL216
CHEMBL3084662,CN1[C@@H]2CC[C@H]1C[C@@H](CC(O)(c1ccccc1)c1ccccc1)C2,CHEMBL216
CHEMBL3084658,C[N+]1(C)[C@@H]2CC[C@H]1C[C@@H](CC(O)(c1ccccc1)c1ccccc1)C2.[Br-],CHEMBL216
CHEMBL3084650,CN1[C@@H]2CC[C@H]1C[C@@H](CC(C#N)(c1ccccc1)c1ccccc1)C2,CHEMBL216
CHEMBL3084679,CN1[C@@H]2CC[C@H]1C[C@@H](CC(CO)(c1ccccc1)c1ccccc1)C2,CHEMBL216
CHEMBL3084643,C[N+]1(C)[C@@H]2CC[C@H]1C[C@@H](CC(CO)(c1ccccc1)c1ccccc1)C2.[Br-],CHEMBL216
CHEMBL564226,C[C@H](C1=C(CCN(C)C)Cc2ccccc21)c1ccccn1,CHEMBL216
CHEMBL559251,CN(C)CCC1=C(Cc2cnccn2)c2ccccc2C1,CHEMBL216
CHEMBL564144,C[C@@H](c1ccccn1)c1c(CCN(C)C)sc2ccccc12,CHEMBL216
CHEMBL540982,CN(C)CCc1sc2ccccc2c1Cc1ccc(F)cc1,CHEMBL216
CHEMBL563920,C[C@@H](c1ccccn1)c1c(CCN(C)C)oc2ccccc12,CHEMBL216
CHEMBL549577,O=C(O[C@H]1CN2CCC1CC2)C1c2ccccc2Oc2ccccc21,CHEMBL216
CHEMBL551525,O=C(O[C@H]1CN2CCC1CC2)C1c2ccccc2CCc2ccccc21,CHEMBL216
CHEMBL563887,O=C(O[C@H]1CN2CCC1CC2)C1(O)c2ccccc2-c2ccccc21,CHEMBL216
CHEMBL551729,O=C(O[C@H]1CN2CCC1CC2)C(O)(c1cccs1)c1cccs1,CHEMBL216
CHEMBL558910,O=C(O[C@H]1CN2CCC1CC2)C(O)(c1ccccc1)c1ccccc1,CHEMBL216
CHEMBL564747,O=C(O[C@H]1CN2CCC1CC2)[C@@](O)(c1ccccc1)c1cccs1,CHEMBL216
CHEMBL556426,O=C(O[C@H]1CN2CCC1CC2)[C@](O)(c1ccccc1)c1cccs1,CHEMBL216
CHEMBL562642,O=C(O[C@H]1CN2CCC1CC2)[C@](O)(c1cccs1)C1CCCC1,CHEMBL216
CHEMBL554699,O=C(O[C@H]1CN2CCC1CC2)[C@@](O)(c1cccs1)C1CCCC1,CHEMBL216
CHEMBL563996,CCCCCCC[N+]12CCC(CC1)[C@@H](OC(=O)C1(O)c3ccccc3-c3ccccc31)C2.[Br-],CHEMBL216
CHEMBL562655,O=C(O[C@H]1C[N+]2(CCc3ccccc3)CCC1CC2)C1(O)c2ccccc2-c2ccccc21.[Br-],CHEMBL216
CHEMBL561870,O=C(O[C@H]1C[N+]2(CCCOc3ccccc3)CCC1CC2)C1(O)c2ccccc2-c2ccccc21.[Br-],CHEMBL216
CHEMBL560327,C[N+]12CCC(CC1)[C@@H](OC(=O)C(O)(c1cccs1)c1cccs1)C2.[Br-],CHEMBL216
CHEMBL549784,CCCCCCC[N+]12CCC(CC1)[C@@H](OC(=O)C(O)(c1cccs1)c1cccs1)C2.[Br-],CHEMBL216
CHEMBL556634,O=C(O[C@H]1C[N+]2(Cc3ccccc3)CCC1CC2)C(O)(c1cccs1)c1cccs1.[Br-],CHEMBL216
CHEMBL564057,O=C(O[C@H]1C[N+]2(CCc3ccccc3)CCC1CC2)C(O)(c1cccs1)c1cccs1.[Br-],CHEMBL216
CHEMBL554725,O=C(O[C@H]1C[N+]2(CCCCc3ccccc3)CCC1CC2)C(O)(c1cccs1)c1cccs1.[Br-],CHEMBL216
CHEMBL551466,O=C(O[C@H]1C[N+]2(CCCOc3ccccc3)CCC1CC2)C(O)(c1cccs1)c1cccs1.[Br-],CHEMBL216
CHEMBL559106,O=C(O[C@H]1C[N+]2(CCc3ccccc3)CCC1CC2)C1c2ccccc2Oc2ccccc21.[Br-],CHEMBL216
CHEMBL564515,O=C(O[C@H]1C[N+]2(CCc3ccccc3)CCC1CC2)C1(O)c2ccccc2Oc2ccccc21.[Br-],CHEMBL216
CHEMBL562890,O=C(O[C@H]1C[N+]2(CCCOc3ccccc3)CCC1CC2)C1(O)c2ccccc2Oc2ccccc21.[Br-],CHEMBL216
CHEMBL551731,O=C(O[C@H]1C[N+]2(CCCOc3ccccc3)CCC1CC2)C(O)(c1ccccc1)c1ccccc1.[Br-],CHEMBL216
CHEMBL556635,O=C(O[C@H]1C[N+]2(CCCOc3ccccc3)CCC1CC2)[C@](O)(c1cccs1)C1CCCC1.[Br-],CHEMBL216
CHEMBL549986,O=C(O[C@H]1C[N+]2(CCCOc3ccccc3)CCC1CC2)[C@@](O)(c1cccs1)C1CCCC1.[Br-],CHEMBL216
CHEMBL556221,CC1(C(=O)O[C@H]2C[N+]3(CCCOc4ccccc4)CCC2CC3)c2ccccc2Oc2ccccc21.[Br-],CHEMBL216
CHEMBL559931,CC1(C(=O)O[C@H]2C[N+]3(CCCOc4ccccc4)CCC2CC3)c2ccccc2-c2ccccc21.[Br-],CHEMBL216
CHEMBL551063,O=C(O[C@H]1C[N+]2(CCCOc3ccccc3)CCC1CC2)C(c1cccs1)c1cccs1.[Br-],CHEMBL216
CHEMBL551327,O=C(O[C@H]1C[N+]2(CCCOc3ccccc3)CCC1CC2)C(O)(c1ccsc1)c1ccsc1.[Br-],CHEMBL216
CHEMBL561187,CC(C(=O)O[C@H]1C[N+]2(CCCOc3ccccc3)CCC1CC2)(c1cccs1)c1cccs1.[Br-],CHEMBL216
CHEMBL556222,O=C(O[C@H]1C[N+]2(CCCOc3ccccc3)CCC1CC2)[C@@](O)(c1ccccc1)c1cccs1.[Br-],CHEMBL216
CHEMBL564765,O=C(O[C@H]1C[N+]2(CCCOc3ccccc3)CCC1CC2)[C@](O)(c1ccccc1)c1cccs1.[Br-],CHEMBL216
CHEMBL564057,O=C(O[C@H]1C[N+]2(CCc3ccccc3)CCC1CC2)C(O)(c1cccs1)c1cccs1.[Br-],CHEMBL216
CHEMBL1908368,CC(C)[N+]1(C)C2CCC1CC(OC(=O)C(CO)c1ccccc1)C2.O.[Br-],CHEMBL216
CHEMBL3545181,C[N+]1(C)[C@@H]2C[C@@H](OC(=O)C(O)(c3cccs3)c3cccs3)C[C@H]1[C@@H]1O[C@@H]12.O.[Br-],CHEMBL216
CHEMBL556635,O=C(O[C@H]1C[N+]2(CCCOc3ccccc3)CCC1CC2)[C@](O)(c1cccs1)C1CCCC1.[Br-],CHEMBL216
CHEMBL551466,O=C(O[C@H]1C[N+]2(CCCOc3ccccc3)CCC1CC2)C(O)(c1cccs1)c1cccs1.[Br-],CHEMBL216
CHEMBL3545181,C[N+]1(C)[C@@H]2C[C@@H](OC(=O)C(O)(c3cccs3)c3cccs3)C[C@H]1[C@@H]1O[C@@H]12.O.[Br-],CHEMBL216
CHEMBL1908368,CC(C)[N+]1(C)C2CCC1CC(OC(=O)C(CO)c1ccccc1)C2.O.[Br-],CHEMBL216
CHEMBL559557,CN(CCc1ccccc1)C1CCN(c2nc3ccccc3n2Cc2ccc(F)cc2)CC1,CHEMBL216
CHEMBL576663,CN1CCCC1c1ccc(C(O)(c2ccccc2)c2ccccc2)o1,CHEMBL216
CHEMBL583051,CN1CCCC1c1ccc(C(O)(c2ccccc2)C2CCCCC2)o1,CHEMBL216
CHEMBL571121,CN1CCC[C@@H]1c1ccc([C@](O)(c2ccccc2)C2CCCCC2)o1,CHEMBL216
CHEMBL571341,CN1CCC[C@H]1c1ccc([C@](O)(c2ccccc2)C2CCCCC2)o1,CHEMBL216
CHEMBL569212,CN1CCC[C@@H]1c1ccc([C@@](O)(c2ccccc2)C2CCCCC2)o1,CHEMBL216
CHEMBL571123,CN1CCCC1c1ccc(C(c2ccccc2)c2ccccc2)o1,CHEMBL216
CHEMBL576707,CN1CCCC1c1ccc(C(c2ccccc2)C2CCCCC2)o1,CHEMBL216
CHEMBL569729,C[N+]1(C)CCCC1c1ccc(C(O)(c2ccccc2)c2ccccc2)o1.[I-],CHEMBL216
CHEMBL569760,C[N+]1(C)CCCC1c1ccc(C(O)(c2ccccc2)C2CCCCC2)o1.[I-],CHEMBL216
CHEMBL569307,C[N+]1(C)CCC[C@@H]1c1ccc([C@](O)(c2ccccc2)C2CCCCC2)o1.[I-],CHEMBL216
CHEMBL568870,C[N+]1(C)CCC[C@H]1c1ccc([C@](O)(c2ccccc2)C2CCCCC2)o1.[I-],CHEMBL216
CHEMBL568775,C[N+]1(C)CCC[C@@H]1c1ccc([C@@](O)(c2ccccc2)C2CCCCC2)o1.[I-],CHEMBL216
CHEMBL583027,C[N+]1(C)CCCC1c1ccc(C(c2ccccc2)c2ccccc2)o1.[I-],CHEMBL216
CHEMBL569712,C[N+]1(C)CCCC1c1ccc(C(c2ccccc2)C2CCCCC2)o1.[I-],CHEMBL216
CHEMBL376897,C[N+]1(C)[C@@H]2C[C@@H](OC(=O)[C@H](CO)c3ccccc3)C[C@H]1[C@@H]1O[C@@H]12,CHEMBL216
CHEMBL608151,CCOC[C@H]1[C@@H]2CNC[C@@]21c1ccc(Cl)c(Cl)c1,CHEMBL216
CHEMBL1091774,C[C@@H](c1ccccn1)c1c(CCN2CCCC2)sc2ccccc12,CHEMBL216
CHEMBL1091790,CC(c1ccncc1)c1c(CCN(C)C)sc2ccccc12,CHEMBL216
CHEMBL1083911,O=C(NCC1CCNCC1)c1ccccc1-c1nc(Cl)cs1,CHEMBL216
CHEMBL1082679,O=C(NCC1CCNCC1)c1cc(F)ccc1-c1cccc(Cl)c1,CHEMBL216
CHEMBL1082680,O=C(NCC1CCNCC1)c1c(F)cccc1-c1cccc(Cl)c1,CHEMBL216
CHEMBL1082316,O=C(NCC1CCNCC1)c1ccc(Cl)cc1-c1cccc(Cl)c1,CHEMBL216
CHEMBL1083277,O=C(NCC1CCNCC1)c1cc(Cl)ccc1-c1cccc(Cl)c1,CHEMBL216
CHEMBL1083414,O=C(NCC1CCNCC1)c1c(Cl)cccc1-c1cccc(Cl)c1,CHEMBL216
CHEMBL1083717,Cc1ccc(C(=O)NCC2CCNCC2)c(-c2cccc(Cl)c2)c1,CHEMBL216
CHEMBL1084850,OC(CCC1CCNCC1)c1ccccc1-c1cccc(Cl)c1,CHEMBL216
CHEMBL1084804,O=C(Cc1ccccc1-c1cccc(Cl)c1)NC1CCNCC1,CHEMBL216
CHEMBL1084805,CN(C(=O)Cc1ccccc1-c1cccc(Cl)c1)C1CCNCC1,CHEMBL216
CHEMBL1083402,O=S(=O)(CCC1CCNCC1)c1ccccc1-c1cccc(Cl)c1,CHEMBL216
CHEMBL1083404,O=C(NCC1CCNCC1)c1c(F)cccc1-c1cc(Cl)ccc1Cl,CHEMBL216
CHEMBL1083925,C[C@H]1CNCC[C@@H]1CNC(=O)c1c(F)cccc1-c1cccc(Cl)c1,CHEMBL216
CHEMBL1083926,C[C@H]1CNCC[C@H]1CNC(=O)c1c(F)cccc1-c1cccc(Cl)c1,CHEMBL216
CHEMBL1083618,O=C(NCC1=CCNCC1)c1c(F)cccc1-c1cccc(Cl)c1,CHEMBL216
CHEMBL1083927,CC1CNCC=C1CNC(=O)c1c(-c2cccc(Cl)c2)ccc(Cl)c1F,CHEMBL216
CHEMBL1083621,O=C(NCC1CCNCC1)c1c(-c2cccc(Cl)c2)ccc(Cl)c1F,CHEMBL216
CHEMBL1083002,CC[C@H]1CNCC[C@@H]1CNC(=O)c1c(F)cccc1-c1cccc(Cl)c1,CHEMBL216
CHEMBL1083003,O=C(NC[C@H]1CCNC[C@H]1F)c1c(F)cccc1-c1cccc(Cl)c1,CHEMBL216
CHEMBL1083317,O=C(NCC1=C(F)CNCC1)c1c(-c2cccc(Cl)c2)ccc(Cl)c1F,CHEMBL216
CHEMBL1085985,O=C(NCC1(F)CCNCC1)c1c(F)cccc1-c1cccc(Cl)c1,CHEMBL216
CHEMBL1082365,C[C@H]1CNCC[C@]1(F)CNC(=O)c1c(F)cccc1-c1cccc(Cl)c1,CHEMBL216
CHEMBL1083911,O=C(NCC1CCNCC1)c1ccccc1-c1nc(Cl)cs1,CHEMBL216
CHEMBL1082341,O=C(NCC12CCN(CC1)CC2)c1ccccc1-c1nc(Cl)cs1,CHEMBL216
CHEMBL1085507,O=C(NCC1CCNCC1)c1ccccc1-c1cccc(Cl)c1,CHEMBL216
CHEMBL1084818,O=C(NCC1CCNCC1)c1ccccc1-c1ccc(F)c(Cl)c1,CHEMBL216
CHEMBL1084819,O=C(NCC1CCNCC1)c1ccccc1-c1ccc(Cl)c(Cl)c1,CHEMBL216
CHEMBL1083723,Cc1ccc(-c2ccccc2C(=O)NCC2CCNCC2)cc1Cl,CHEMBL216
CHEMBL1083108,O=C(NCC1CCNCC1)c1ccccc1-c1cc(Cl)ccc1F,CHEMBL216
CHEMBL1083109,O=C(NCC1CCNCC1)c1ccccc1-c1cc(Cl)ccc1Cl,CHEMBL216
CHEMBL1083419,Cc1ccc(Cl)cc1-c1ccccc1C(=O)NCC1CCNCC1,CHEMBL216
CHEMBL1084993,CC1CNCCC1CNC(=O)c1ccccc1-c1cccc(Cl)c1,CHEMBL216
CHEMBL1223753,Cc1cc2c(cc1F)[nH]c(=O)n2C1CCN(C2CCOCC2)CC1,CHEMBL216
CHEMBL1223754,CCCO[C@H]1CC[C@](C)(N2CCC(n3c(=O)[nH]c4cc(F)c(C)cc43)CC2)CC1,CHEMBL216
CHEMBL1223803,CCCO[C@H]1CC[C@](C)(N2CCC(N3C(=O)Cc4ccc(C)cc43)CC2)CC1,CHEMBL216
CHEMBL1223804,CCO[C@H]1CC[C@](C)(N2CCC(N3C(=O)Cc4ccc(C)cc43)CC2)CC1,CHEMBL216
CHEMBL1223805,CO[C@H]1CC[C@](C)(N2CCC(N3C(=O)Cc4ccc(C)cc43)CC2)CC1,CHEMBL216
CHEMBL1223806,CO[C@H]1CC[C@](C)(N2CCC(n3c(=O)oc4ccc(C)cc43)CC2)CC1,CHEMBL216
CHEMBL1223807,CCO[C@H]1CC[C@](C)(N2CCC(n3c(=O)oc4ccccc43)CC2)CC1,CHEMBL216
CHEMBL1223860,CCO[C@H]1CC[C@](C)(N2CCC(n3c(=O)oc4cc(F)c(C)cc43)CC2)CC1,CHEMBL216
CHEMBL1223861,CCO[C@H]1CC[C@](C)(N2CCC(n3c(=O)oc4c(F)cc(C)cc43)CC2)CC1,CHEMBL216
CHEMBL1223862,CCO[C@H]1CC[C@](C)(N2CCC(n3c(=O)oc4ccc(OC)cc43)CC2)CC1,CHEMBL216
CHEMBL1223863,CCO[C@H]1CC[C@](C)(N2CCC(n3c(=O)oc4ccc(C#N)cc43)CC2)CC1,CHEMBL216
CHEMBL1223864,CCO[C@H]1CC[C@](C)(N2CCC(n3c(=O)oc4ccc(S(C)(=O)=O)cc43)CC2)CC1,CHEMBL216
CHEMBL1223938,CCO[C@H]1CC[C@](C)(N2CCC(n3c(=O)oc4ccc(S(=O)(=O)CC)cc43)CC2)CC1,CHEMBL216
CHEMBL1223939,CCCO[C@H]1CC[C@](C)(N2CCC(n3c(=O)oc4ccc(S(C)(=O)=O)cc43)CC2)CC1,CHEMBL216
CHEMBL1223940,COCCO[C@H]1CC[C@](C)(N2CCC(n3c(=O)oc4ccc(C)cc43)CC2)CC1,CHEMBL216
CHEMBL1223941,COCCO[C@H]1CC[C@](C)(N2CCC(n3c(=O)oc4ccc(C#N)cc43)CC2)CC1,CHEMBL216
CHEMBL1242923,O=C(Cc1ccccc1)NC1CCN(CCCN2C(=O)COc3ccccc32)CC1,CHEMBL216
CHEMBL845,Clc1ccc2c(c1)N=C(N1CCNCC1)c1ccccc1N2,CHEMBL216
CHEMBL1242951,O=C(Cc1ccccc1)NC1CCN(CCCN2C(=O)CCc3cc(F)c(F)cc32)CC1,CHEMBL216
CHEMBL667,CC(=O)OCC[N+](C)(C)C,CHEMBL216
CHEMBL1242923,O=C(Cc1ccccc1)NC1CCN(CCCN2C(=O)COc3ccccc32)CC1,CHEMBL216
CHEMBL21536,CCCCCCOc1nsnc1C1=CCCN(C)C1,CHEMBL216
CHEMBL1242950,CCCCC1CCN(CCCC(=O)c2ccccc2C)CC1,CHEMBL216
CHEMBL845,Clc1ccc2c(c1)N=C(N1CCNCC1)c1ccccc1N2,CHEMBL216
CHEMBL522460,Cc1ccccc1CN1CCC(N2CCC(n3c(=O)[nH]c4ccccc43)CC2)CC1,CHEMBL216
CHEMBL1242979,COc1ccc(CC(=O)NC2CCN(CCCN3C(=O)CCc4cc(F)c(F)cc43)CC2)cc1OC,CHEMBL216
CHEMBL1243010,COc1cccc(CC(=O)NC2CCN(CCCN3C(=O)COc4ccccc43)CC2)c1,CHEMBL216
CHEMBL1243011,O=C(Cc1ccccc1)NC1CCN(CCCN2C(=O)CCc3c(F)cccc32)CC1,CHEMBL216
CHEMBL1243043,O=C(Cc1ccccc1)NC1CCN(CCCN2C(=O)CCc3cc(F)ccc32)CC1,CHEMBL216
CHEMBL1243044,O=C(Cc1ccccc1)NC1CCN(CCCN2C(=O)CCc3ccc(F)cc32)CC1,CHEMBL216
CHEMBL1243074,O=C(Cc1ccccc1)NC1CCN(CCCN2C(=O)CCc3cccc(F)c32)CC1,CHEMBL216
CHEMBL1243109,COc1ccc2c(c1)N(CCCN1CCC(NC(=O)Cc3ccccc3)CC1)C(=O)CC2,CHEMBL216
CHEMBL1243110,O=C(Cc1ccccc1)NC1CCN(CCCN2C(=O)CCc3ccccc32)CC1,CHEMBL216
CHEMBL1243138,O=C(Cc1ccccc1)NC1CCN(CCCN2C(=O)CSc3ccccc32)CC1,CHEMBL216
CHEMBL1243202,CC(=O)NC1CCN(CCCN2C(=O)COc3ccccc32)CC1,CHEMBL216
CHEMBL1243232,CCC(=O)NC1CCN(CCCN2C(=O)COc3ccccc32)CC1,CHEMBL216
CHEMBL1243233,CC(C)C(=O)NC1CCN(CCCN2C(=O)COc3ccccc32)CC1,CHEMBL216
CHEMBL1243267,O=C(NC1CCN(CCCN2C(=O)COc3ccccc32)CC1)C1CC1,CHEMBL216
CHEMBL1243295,O=C(NC1CCN(CCCN2C(=O)COc3ccccc32)CC1)C1CCC1,CHEMBL216
CHEMBL1243328,CCC(=O)NC1CCN(CCCN2C(=O)CCc3c(F)cccc32)CC1,CHEMBL216
CHEMBL1243357,CCC(=O)NC1CCN(CCCN2C(=O)CCc3cc(F)ccc32)CC1,CHEMBL216
CHEMBL1243358,CCC(=O)NC1CCN(CCCN2C(=O)CCc3ccc(F)cc32)CC1,CHEMBL216
CHEMBL1243386,CCC(=O)NC1CCN(CCCN2C(=O)CCc3cccc(F)c32)CC1,CHEMBL216
CHEMBL1243387,CCC(=O)NC1CCN(CCCN2C(=O)CCc3cc(F)c(F)cc32)CC1,CHEMBL216
CHEMBL1242924,CC(=O)NC1CCN(CCCN2C(=O)CCc3cc(F)c(F)cc32)CC1,CHEMBL216
CHEMBL1242925,CCC(=O)NC1CCN(CCCN2C(=O)COc3cc(F)c(F)cc32)CC1,CHEMBL216
CHEMBL3545181,C[N+]1(C)[C@@H]2C[C@@H](OC(=O)C(O)(c3cccs3)c3cccs3)C[C@H]1[C@@H]1O[C@@H]12.O.[Br-],CHEMBL216
CHEMBL1201027,C[N+]1(C)CCC(OC(=O)C(O)(c2ccccc2)C2CCCC2)C1.[Br-],CHEMBL216
CHEMBL551466,O=C(O[C@H]1C[N+]2(CCCOc3ccccc3)CCC1CC2)C(O)(c1cccs1)c1cccs1.[Br-],CHEMBL216
CHEMBL9967,CN1CCN(CC(=O)N2c3ccccc3C(=O)Nc3cccnc32)CC1,CHEMBL216
CHEMBL1770373,c1ccc(Cc2ncc3c(n2)CCNCC3)cc1,CHEMBL216
CHEMBL1779131,O=C(O[C@H]1C[N+]2(CCOc3ccccc3)CCC1CC2)N(Cc1cccs1)c1ccccc1.[Br-],CHEMBL216
CHEMBL1779132,O=C(O[C@H]1C[N+]2(CCCc3cccs3)CCC1CC2)N(Cc1ccsc1)c1ccccc1.[Br-],CHEMBL216
CHEMBL1779133,O=C(O[C@H]1C[N+]2(CCOc3ccccc3)CCC1CC2)N(Cc1ccsc1)c1ccccc1.[Br-],CHEMBL216
CHEMBL1779134,CCCCN(C(=O)O[C@H]1C[N+]2(CCc3ccccc3)CCC1CC2)c1ccccc1.[Br-],CHEMBL216
CHEMBL1779135,CCCCN(C(=O)O[C@H]1C[N+]2(CCCc3ccccc3)CCC1CC2)c1ccccc1.[Br-],CHEMBL216
CHEMBL1779136,CCCCN(C(=O)O[C@H]1C[N+]2(CCCc3cccs3)CCC1CC2)c1ccccc1.[Br-],CHEMBL216
CHEMBL1779137,CCCCN(C(=O)O[C@H]1C[N+]2(CCOc3ccccc3)CCC1CC2)c1ccccc1.[Br-],CHEMBL216
CHEMBL1779138,Cc1cccc(N(Cc2cc(F)c(F)cc2F)C(=O)O[C@H]2C[N+]3(CCCc4ccccc4)CCC2CC3)c1.[Br-],CHEMBL216
CHEMBL1779139,Cc1cccc(N(Cc2cc(F)c(F)cc2F)C(=O)O[C@H]2C[N+]3(CCOc4ccccc4)CCC2CC3)c1.[Br-],CHEMBL216
CHEMBL1779140,O=C(O[C@H]1C[N+]2(CCOc3ccccc3)CCC1CC2)N(Cc1cc(F)c(F)c(F)c1)c1cccc(F)c1.[Br-],CHEMBL216
CHEMBL1779031,O=C(O[C@H]1CN2CCC1CC2)N(c1ccccc1)c1ccccc1,CHEMBL216
CHEMBL1777826,O=C(O[C@H]1CN2CCC1CC2)N(Cc1ccccc1)c1ccccc1,CHEMBL216
CHEMBL1779032,O=C(O[C@H]1CN2CCC1CC2)N(CCc1ccccc1)c1ccccc1,CHEMBL216
CHEMBL1779033,O=C(O[C@H]1CN2CCC1CC2)N(Cc1cccs1)c1ccccc1,CHEMBL216
CHEMBL1779034,O=C(O[C@H]1CN2CCC1CC2)N(Cc1ccsc1)c1ccccc1,CHEMBL216
CHEMBL1779035,CCCN(C(=O)O[C@H]1CN2CCC1CC2)c1ccccc1,CHEMBL216
CHEMBL1779036,CCCCN(C(=O)O[C@H]1CN2CCC1CC2)c1ccccc1,CHEMBL216
CHEMBL1779037,CCCCCN(C(=O)O[C@H]1CN2CCC1CC2)c1ccccc1,CHEMBL216
CHEMBL1779039,O=C(O[C@H]1CN2CCC1CC2)N(Cc1ccccc1)Cc1cccs1,CHEMBL216
CHEMBL1779040,O=C(O[C@H]1CN2CCC1CC2)N(Cc1cccs1)Cc1cccs1,CHEMBL216
CHEMBL1779041,CCCCN(Cc1cccs1)C(=O)O[C@H]1CN2CCC1CC2,CHEMBL216
CHEMBL1779042,Cc1ccc(N(Cc2ccccc2)C(=O)O[C@H]2CN3CCC2CC3)cc1,CHEMBL216
CHEMBL1779043,O=C(O[C@H]1CN2CCC1CC2)N(Cc1ccccc1)c1ccc(F)cc1,CHEMBL216
CHEMBL1779044,O=C(O[C@H]1CN2CCC1CC2)N(Cc1cccc(F)c1)c1cccc(F)c1,CHEMBL216
CHEMBL1779045,Cc1cccc(N(Cc2cc(F)c(F)cc2F)C(=O)O[C@H]2CN3CCC2CC3)c1,CHEMBL216
CHEMBL1779046,O=C(O[C@H]1CN2CCC1CC2)N(Cc1cc(F)c(F)c(F)c1)c1cccc(F)c1,CHEMBL216
CHEMBL1200803,O=C(O)CCC(=O)O.O=C(O[C@H]1CN2CCC1CC2)N1CCc2ccccc2[C@@H]1c1ccccc1,CHEMBL216
CHEMBL1779047,Cl.O=C(Nc1ccccc1-c1ccccc1)OC12CCN(CC1)CC2,CHEMBL216
CHEMBL1779048,O=C(O[C@H]1C[N+]2(CCc3ccccc3)CCC1CC2)N(Cc1ccccc1)c1ccccc1.[Br-],CHEMBL216
CHEMBL1779049,O=C(O[C@H]1C[N+]2(CCCc3ccccc3)CCC1CC2)N(Cc1ccccc1)c1ccccc1.[Br-],CHEMBL216
CHEMBL1779128,O=C(O[C@H]1C[N+]2(CCCc3cccs3)CCC1CC2)N(Cc1ccccc1)c1ccccc1.[Br-],CHEMBL216
CHEMBL1779129,O=C(O[C@H]1C[N+]2(CCOc3ccccc3)CCC1CC2)N(Cc1ccccc1)c1ccccc1.[Br-],CHEMBL216
CHEMBL1779130,C[N+]12CCC(CC1)[C@@H](OC(=O)N(Cc1cccs1)c1ccccc1)C2.[Br-],CHEMBL216
CHEMBL1777827,O=C(O[C@H]1C[N+]2(CCCc3cccs3)CCC1CC2)N(Cc1cccs1)c1ccccc1.[Br-],CHEMBL216
CHEMBL3084413,C[N+]1(C)[C@@H]2CC[C@H]1C[C@@H](C=C(c1cccs1)c1cccs1)C2.[Br-],CHEMBL216
CHEMBL2103803,C[N+]1(C)[C@@H]2CC[C@H]1C[C@@H](CC(C#N)(c1ccccc1)c1ccccc1)C2.[Br-],CHEMBL216
CHEMBL1223753,Cc1cc2c(cc1F)[nH]c(=O)n2C1CCN(C2CCOCC2)CC1,CHEMBL216
CHEMBL221753,CC(C)(C)CC(C)(C)c1ccc(OCCOCC[N+](C)(C)Cc2ccccc2)cc1.[Cl-],CHEMBL216
CHEMBL517712,CN1[C@@H]2CC[C@H]1C[C@@H](OC(=O)C(CO)c1ccccc1)C2,CHEMBL216
CHEMBL517712,CN1[C@@H]2CC[C@H]1C[C@@H](OC(=O)C(CO)c1ccccc1)C2,CHEMBL216
CHEMBL1201203,CN1[C@@H]2CC[C@H]1C[C@@H](OC(c1ccccc1)c1ccccc1)C2,CHEMBL216
CHEMBL1201203,CN1[C@@H]2CC[C@H]1C[C@@H](OC(c1ccccc1)c1ccccc1)C2,CHEMBL216
CHEMBL296419,COc1ccc(CCN2CCC(Nc3nc4ccccc4n3Cc3ccc(F)cc3)CC2)cc1,CHEMBL216
CHEMBL1113,Clc1ccc2c(c1)C(N1CCNCC1)=Nc1ccccc1O2,CHEMBL216
CHEMBL629,CN(C)CCC=C1c2ccccc2CCc2ccccc21,CHEMBL216
CHEMBL629,CN(C)CCC=C1c2ccccc2CCc2ccccc21,CHEMBL216
CHEMBL305660,CC(C)(C)c1ccc(C(=O)CCCN2CCC(OC(c3ccccc3)c3ccccc3)CC2)cc1,CHEMBL216
CHEMBL64894,CN(C)c1ccc(C(=C2C=CC(=[N+](C)C)C=C2)c2ccc(N(C)C)cc2)cc1.[Cl-],CHEMBL216
CHEMBL1319362,Br.CN1[C@@H]2CC[C@H]1C[C@@H](OC(=O)C(O)c1ccccc1)C2,CHEMBL216
CHEMBL1319362,Br.CN1[C@@H]2CC[C@H]1C[C@@H](OC(=O)C(O)c1ccccc1)C2,CHEMBL216
CHEMBL334255,CCCCCCCCCCCCCCCC[n+]1ccccc1.[Br-],CHEMBL216
CHEMBL334255,CCCCCCCCCCCCCCCC[n+]1ccccc1.[Br-],CHEMBL216
CHEMBL657,CN(C)CCOC(c1ccccc1)c1ccccc1,CHEMBL216
CHEMBL936,OC(CCCN1CCCCC1)(c1ccccc1)c1ccccc1,CHEMBL216
CHEMBL1628227,CN(C)CCC=C1c2ccccc2COc2ccccc21,CHEMBL216
CHEMBL1628227,CN(C)CCC=C1c2ccccc2COc2ccccc21,CHEMBL216
CHEMBL1123,CCN(CC)CCOC(=O)C1(C2CCCCC2)CCCCC1,CHEMBL216
CHEMBL1123,CCN(CC)CCOC(=O)C1(C2CCCCC2)CCCCC1,CHEMBL216
CHEMBL648,CN1CCN(C(c2ccccc2)c2ccccc2)CC1,CHEMBL216
CHEMBL1172,Clc1ccc2c(c1)CCc1cccnc1C2=C1CCNCC1,CHEMBL216
CHEMBL1172,Clc1ccc2c(c1)CCc1cccnc1C2=C1CCNCC1,CHEMBL216
CHEMBL42,CN1CCN(C2=Nc3cc(Cl)ccc3Nc3ccccc32)CC1,CHEMBL216
CHEMBL42,CN1CCN(C2=Nc3cc(Cl)ccc3Nc3ccccc32)CC1,CHEMBL216
CHEMBL1200406,CN(C)CCOC(c1ccccc1)c1ccccc1.Cn1c(=O)c2[nH]c(Cl)nc2n(C)c1=O,CHEMBL216
CHEMBL71,CN(C)CCCN1c2ccccc2Sc2ccc(Cl)cc21,CHEMBL216
CHEMBL71,CN(C)CCCN1c2ccccc2Sc2ccc(Cl)cc21,CHEMBL216
CHEMBL415,CN(C)CCCN1c2ccccc2CCc2ccc(Cl)cc21,CHEMBL216
CHEMBL415,CN(C)CCCN1c2ccccc2CCc2ccc(Cl)cc21,CHEMBL216
CHEMBL516,CN1CCC(=C2c3ccccc3C=Cc3ccccc32)CC1,CHEMBL216
CHEMBL516,CN1CCC(=C2c3ccccc3C=Cc3ccccc32)CC1,CHEMBL216
CHEMBL900,Cc1ccccc1C(OCCN(C)C)c1ccccc1,CHEMBL216
CHEMBL900,Cc1ccccc1C(OCCN(C)C)c1ccccc1,CHEMBL216
CHEMBL490,Fc1ccc([C@@H]2CCNC[C@H]2COc2ccc3c(c2)OCO3)cc1,CHEMBL216
CHEMBL490,Fc1ccc([C@@H]2CCNC[C@H]2COc2ccc3c(c2)OCO3)cc1,CHEMBL216
CHEMBL564,CN(C)CCCN1c2ccccc2Sc2ccccc21,CHEMBL216
CHEMBL643,CC(CN1c2ccccc2Sc2ccccc21)N(C)C,CHEMBL216
CHEMBL643,CC(CN1c2ccccc2Sc2ccccc21)N(C)C,CHEMBL216
CHEMBL445,CNCCC=C1c2ccccc2CCc2ccccc21,CHEMBL216
CHEMBL445,CNCCC=C1c2ccccc2CCc2ccccc21,CHEMBL216
CHEMBL1231,CCN(CC)CC#CCOC(=O)C(O)(c1ccccc1)C1CCCCC1,CHEMBL216
CHEMBL1231,CCN(CC)CC#CCOC(=O)C(O)(c1ccccc1)C1CCCCC1,CHEMBL216
CHEMBL1909073,CC[N+]1(CCOC(=O)C(O)(c2ccccc2)c2ccccc2)CCCCC1.[Br-],CHEMBL216
CHEMBL1909073,CC[N+]1(CCOC(=O)C(O)(c2ccccc2)c2ccccc2)CCCCC1.[Br-],CHEMBL216
CHEMBL728,CN1CCN(CCCN2c3ccccc3Sc3ccc(Cl)cc32)CC1,CHEMBL216
CHEMBL534,CN1CCC(=C2c3ccccc3CC(=O)c3sccc32)CC1,CHEMBL216
CHEMBL21731,CNCCCC12CCC(c3ccccc31)c1ccccc12,CHEMBL216
CHEMBL1354199,C[N+]1(C)[C@@H]2C[C@@H](OC(=O)[C@H](CO)c3ccccc3)C[C@H]1[C@@H]1O[C@@H]12.[Br-],CHEMBL216
CHEMBL1354199,C[N+]1(C)[C@@H]2C[C@@H](OC(=O)[C@H](CO)c3ccccc3)C[C@H]1[C@@H]1O[C@@H]12.[Br-],CHEMBL216
CHEMBL395110,CN1CCCC(CN2c3ccccc3Sc3ccccc32)C1,CHEMBL216
CHEMBL395110,CN1CCCC(CN2c3ccccc3Sc3ccccc32)C1,CHEMBL216
CHEMBL58,O=C1c2c(O)ccc(O)c2C(=O)c2c(NCCNCCO)ccc(NCCNCCO)c21,CHEMBL216
CHEMBL1490,OC(CCN1CCCCC1)(c1ccccc1)C1CCCCC1,CHEMBL216
CHEMBL1490,OC(CCN1CCCCC1)(c1ccccc1)C1CCCCC1,CHEMBL216
CHEMBL2107687,CCC(C)C(C(=O)OCC[N+](C)(CC)CC)c1ccccc1.[Br-],CHEMBL216
CHEMBL2107687,CCC(C)C(C(=O)OCC[N+](C)(CC)CC)c1ccccc1.[Br-],CHEMBL216
CHEMBL1200604,CCN(Cc1ccncc1)C(=O)C(CO)c1ccccc1,CHEMBL216
CHEMBL1200604,CCN(Cc1ccncc1)C(=O)C(CO)c1ccccc1,CHEMBL216
CHEMBL479,CSc1ccc2c(c1)N(CCC1CCCCN1C)c1ccccc1S2,CHEMBL216
CHEMBL479,CSc1ccc2c(c1)N(CCC1CCCCN1C)c1ccccc1S2,CHEMBL216
CHEMBL809,CN[C@H]1CC[C@@H](c2ccc(Cl)c(Cl)c2)c2ccccc21,CHEMBL216
CHEMBL1910856,CC(C)(CCC(C(N)=O)(c1ccccc1)c1ccccc1)N1CC(Oc2cccc(O)c2)C1,CHEMBL216
CHEMBL3545181,C[N+]1(C)[C@@H]2C[C@@H](OC(=O)C(O)(c3cccs3)c3cccs3)C[C@H]1[C@@H]1O[C@@H]12.O.[Br-],CHEMBL216
CHEMBL1908368,CC(C)[N+]1(C)C2CCC1CC(OC(=O)C(CO)c1ccccc1)C2.O.[Br-],CHEMBL216
CHEMBL1094510,CN1CCCC(c2nc3ccccc3n2CCOc2ccccc2)C1,CHEMBL216
CHEMBL1935445,Fc1ccc(Cn2c(C3CNCCS3)nc3ccccc32)cc1,CHEMBL216
CHEMBL42,CN1CCN(C2=Nc3cc(Cl)ccc3Nc3ccccc32)CC1,CHEMBL216
CHEMBL1939962,O=C(CCNS(=O)(=O)c1cccc2nsnc12)N1CCN(c2ccc(Br)cn2)CC1,CHEMBL216
CHEMBL237500,CC#CCn1c(N2CCC[C@@H](N)C2)nc2c1c(=O)n(Cc1nc(C)c3ccccc3n1)c(=O)n2C,CHEMBL216
CHEMBL2024331,CCOC(=O)N1C2CCC1CC(N1CCC[C@@H](NC(=O)c3ccccc3C)C1)C2,CHEMBL216
CHEMBL3084447,CCOC(=O)N1C[C@H]2CC[C@@H](C1)[C@H]2NCCNC(=O)c1ccccc1,CHEMBL216
CHEMBL2022960,CCCCC1CCN(CCCN2C(=O)COc3cc(F)ccc32)CC1,CHEMBL216
CHEMBL3084449,CCOC(=O)N1C[C@H]2CC[C@@H](C1)[C@H]2NCCNC(=O)c1cccc(Cl)c1,CHEMBL216
CHEMBL2024331,CCOC(=O)N1C2CCC1CC(N1CCC[C@@H](NC(=O)c3ccccc3C)C1)C2,CHEMBL216
CHEMBL3084447,CCOC(=O)N1C[C@H]2CC[C@@H](C1)[C@H]2NCCNC(=O)c1ccccc1,CHEMBL216
CHEMBL3084449,CCOC(=O)N1C[C@H]2CC[C@@H](C1)[C@H]2NCCNC(=O)c1cccc(Cl)c1,CHEMBL216
CHEMBL2024407,CCOC(=O)N1[C@@H]2CC[C@H]1C[C@@H](NCCNC(=O)c1ccccc1)C2,CHEMBL216
CHEMBL3084448,CCOC(=O)N1C[C@H]2CC[C@@H](C1)[C@H]2NCCNC(=O)c1ccccc1C,CHEMBL216
CHEMBL3084456,CCOC(=O)N1C[C@H]2CC[C@@H](C1)[C@H]2NCCNC(=O)c1cccs1,CHEMBL216
CHEMBL3084451,CCOC(=O)N1C[C@H]2CC[C@@H](C1)[C@H]2NCCNC(=O)c1cc(F)cc(F)c1,CHEMBL216
CHEMBL2024407,CCOC(=O)N1[C@@H]2CC[C@H]1C[C@@H](NCCNC(=O)c1ccccc1)C2,CHEMBL216
CHEMBL3084450,CCOC(=O)N1C[C@H]2CC[C@@H](C1)[C@H]2NCCNC(=O)c1cccc(OC)c1,CHEMBL216
CHEMBL2024405,CCOC(=O)N1C2CCC1CC(N1CC[C@@H](NC(=O)c3ccccc3)C1)C2,CHEMBL216
CHEMBL2023764,C=CCCCC[N@+]1(C)C2CCC1C[C@H](CC(C#N)(c1ccccc1)c1ccccc1)C2.[Br-],CHEMBL216
CHEMBL1231,CCN(CC)CC#CCOC(=O)C(O)(c1ccccc1)C1CCCCC1,CHEMBL216
CHEMBL376897,C[N+]1(C)[C@@H]2C[C@@H](OC(=O)[C@H](CO)c3ccccc3)C[C@H]1[C@@H]1O[C@@H]12,CHEMBL216
CHEMBL2042554,CN(C)C[C@@H]1COCC(c2ccccc2)(c2ccccc2)O1.O=C(O)C(=O)O,CHEMBL216
CHEMBL2042553,CN(C)C[C@H]1COCC(c2ccccc2)(c2ccccc2)O1.O=C(O)C(=O)O,CHEMBL216
CHEMBL2042552,CN(C)CC1COCC(c2ccccc2)(c2ccccc2)O1.O=C(O)C(=O)O,CHEMBL216
CHEMBL2042406,C[N+](C)(C)C[C@@H]1COCC(c2ccccc2)(c2ccccc2)O1.[I-],CHEMBL216
CHEMBL2042405,C[N+](C)(C)C[C@H]1COCC(c2ccccc2)(c2ccccc2)O1.[I-],CHEMBL216
CHEMBL2042404,C[N+](C)(C)CC1COCC(c2ccccc2)(c2ccccc2)O1.[I-],CHEMBL216
CHEMBL667,CC(=O)OCC[N+](C)(C)C,CHEMBL216
CHEMBL2059306,O=C1CCc2ccccc2N1CCCN1CCC(n2c(=O)[nH]c3ccccc32)CC1,CHEMBL216
CHEMBL2059307,O=C1CCc2ncccc2N1CCCN1CCC(n2c(=O)[nH]c3ccccc32)CC1,CHEMBL216
CHEMBL2059310,O=C1CCc2cccnc2N1CCCN1CCC(n2c(=O)[nH]c3ccccc32)CC1,CHEMBL216
CHEMBL2059322,O=C1COc2ccccc2N1CCCN1CCC(n2c(=O)[nH]c3ccc(F)cc32)CC1,CHEMBL216
CHEMBL1242923,O=C(Cc1ccccc1)NC1CCN(CCCN2C(=O)COc3ccccc32)CC1,CHEMBL216
CHEMBL2059323,O=C1COc2ccccc2N1CCCN1CCC(n2c(=O)[nH]c3cc(F)ccc32)CC1,CHEMBL216
CHEMBL2059317,O=C1CCc2c(F)cccc2N1CCCN1CCC(n2c(=O)[nH]c3ccccc32)CC1,CHEMBL216
CHEMBL2059311,O=C1COc2ccccc2N1CCCN1CCC(n2c(=O)[nH]c3ccccc32)CC1,CHEMBL216
CHEMBL2059306,O=C1CCc2ccccc2N1CCCN1CCC(n2c(=O)[nH]c3ccccc32)CC1,CHEMBL216
CHEMBL2059324,O=C1COc2ccccc2N1CCCN1CCC(n2c(=O)[nH]c3c(F)cccc32)CC1,CHEMBL216
CHEMBL2059305,O=C1CCc2ccccc2N1CCCN1CCC(c2ccc3[nH]ccc3c2)CC1,CHEMBL216
CHEMBL2059320,O=C1CCc2cccc(F)c2N1CCCN1CCC(n2c(=O)[nH]c3ccccc32)CC1,CHEMBL216
CHEMBL2057513,O=C(C1CN(S(=O)(=O)c2cccc3cnccc23)C1)N1CCN(c2ccncc2)CC1,CHEMBL216
CHEMBL2057775,Cc1cc(N2CCN(C(=O)C3CN(S(=O)(=O)c4cccc5cnccc45)C3)CC2)ccn1,CHEMBL216
CHEMBL2057512,O=C(C1CN(S(=O)(=O)c2ccc3c(c2)CCO3)C1)N1CCN(c2ccncc2)CC1,CHEMBL216
CHEMBL2057772,O=C(C1CN(S(=O)(=O)c2cccc3cnccc23)C1)N1CCN(c2ccnc(Cl)c2)CC1,CHEMBL216
CHEMBL2057776,O=C(C1CN(S(=O)(=O)c2cccc3cnccc23)C1)N1CC2CN(c3ccncc3)CC2C1,CHEMBL216
CHEMBL2057508,Cc1cc(S(=O)(=O)N2CC(C(=O)N3CCN(c4ccncc4)CC3)C2)cnc1Cl,CHEMBL216
CHEMBL2057508,Cc1cc(S(=O)(=O)N2CC(C(=O)N3CCN(c4ccncc4)CC3)C2)cnc1Cl,CHEMBL216
CHEMBL2057776,O=C(C1CN(S(=O)(=O)c2cccc3cnccc23)C1)N1CC2CN(c3ccncc3)CC2C1,CHEMBL216
CHEMBL2057772,O=C(C1CN(S(=O)(=O)c2cccc3cnccc23)C1)N1CCN(c2ccnc(Cl)c2)CC1,CHEMBL216
CHEMBL2057512,O=C(C1CN(S(=O)(=O)c2ccc3c(c2)CCO3)C1)N1CCN(c2ccncc2)CC1,CHEMBL216
CHEMBL2057513,O=C(C1CN(S(=O)(=O)c2cccc3cnccc23)C1)N1CCN(c2ccncc2)CC1,CHEMBL216
CHEMBL2057775,Cc1cc(N2CCN(C(=O)C3CN(S(=O)(=O)c4cccc5cnccc45)C3)CC2)ccn1,CHEMBL216
CHEMBL596508,O=C(O)c1cn(Cc2ccc(-c3ccccc3)cc2)c2c(F)ccc(F)c2c1=O,CHEMBL216
CHEMBL596507,O=C(O)c1cn(Cc2ccc(-c3ccccc3)cc2)c2cccc(F)c2c1=O,CHEMBL216
CHEMBL2063422,Cn1cc(-c2ccc(Cn3cc(C(=O)O)c(=O)c4c(F)cccc43)c(F)c2)cn1,CHEMBL216
CHEMBL1223753,Cc1cc2c(cc1F)[nH]c(=O)n2C1CCN(C2CCOCC2)CC1,CHEMBL216
CHEMBL2146599,Cc1ccc2[nH]c(=O)n(C3CCN(C4CCOCC4)CC3)c2c1,CHEMBL216
CHEMBL2146598,O=c1[nH]c2ccccc2n1C1CCN(C2CCOCC2)CC1,CHEMBL216
CHEMBL2146597,O=c1[nH]c2ccccc2n1C1CCN(C2CCCCC2)CC1,CHEMBL216
CHEMBL2164910,CN1CCN(C(=O)C(F)(Cc2ccccc2)c2ccccc2)CC1,CHEMBL216
CHEMBL2164905,CN1CCN(C(=O)[C@@](F)(Cc2ccccc2)c2ccccc2)CC1,CHEMBL216
CHEMBL836,CCOc1ccccc1OCCN[C@H](C)Cc1ccc(OC)c(S(N)(=O)=O)c1,CHEMBL1867
CHEMBL134,Clc1cccc(Cl)c1NC1=NCCN1,CHEMBL1867
CHEMBL298936,Cc1c(NC2=NCCN2)ccc2c1NCCO2,CHEMBL1867
CHEMBL49137,Cc1c(NC2=NCCN2)ccc2nccnc12,CHEMBL1867
CHEMBL49284,Cc1c(NC2=NCCN2)ccc2c1NCCN2,CHEMBL1867
CHEMBL40650,COc1cccc2c1CC[C@H]1CN(CCn3c(=O)[nH]c4c(sc5cccnc54)c3=O)C[C@@H]21,CHEMBL1867
CHEMBL647,Nc1cc(Cl)c(N=C2NCCN2)c(Cl)c1,CHEMBL1867
CHEMBL92221,Cc1c(NC2=NCCN2)cccc1-c1ccccc1,CHEMBL1867
CHEMBL27251,CN1CCc2ccc3c4c2[C@H]1Cc1cccc(c1-4)[C@@H]3N,CHEMBL1867
CHEMBL30739,Cc1sc(C)c2c1CCCC2c1c[nH]cn1,CHEMBL1867
CHEMBL30534,c1cc(-c2c[nH]cn2)c2ccsc2c1,CHEMBL1867
CHEMBL30955,C1=C(c2c[nH]cn2)c2sccc2CC1,CHEMBL1867
CHEMBL286246,C1=C(c2c[nH]cn2)c2ccsc2CC1,CHEMBL1867
CHEMBL284795,Cc1sc(C)c2c1CCC=C2c1c[nH]cn1,CHEMBL1867
CHEMBL284213,c1nc(C2CCCc3sccc32)c[nH]1,CHEMBL1867
CHEMBL407509,C1=NCC(CC2=Cc3ccccc3CC2)N1,CHEMBL1867
CHEMBL353972,CCC1(c2c[nH]cn2)Cc2ccccc2C1,CHEMBL1867
CHEMBL167644,C1=NCC(Cc2cc3ccccc3o2)N1,CHEMBL1867
CHEMBL168168,Clc1cccc2ccc(CC3CN=CN3)cc12,CHEMBL1867
CHEMBL354611,C1=NC[C@@H](C2C[C@@]23CCc2ccccc2C3)N1,CHEMBL1867
CHEMBL353843,C1=NCC(CC2Cc3ccccc3C2)N1,CHEMBL1867
CHEMBL41,CNCCC(Oc1ccc(C(F)(F)F)cc1)c1ccccc1,CHEMBL1867
CHEMBL165529,C1=NC[C@]2(CC[C@@H]3Cc4ccccc4C[C@H]3C2)N1,CHEMBL1867
CHEMBL353139,Fc1cccc2c1C=C(CC1CN=CN1)CC2,CHEMBL1867
CHEMBL262777,CN[C@H](CC(C)C)C(=O)N[C@H]1C(=O)N[C@@H](CC(N)=O)C(=O)N[C@H]2C(=O)N[C@H]3C(=O)N[C@H](C(=O)N[C@H](C(=O)O)c4cc(O)cc(O)c4-c4cc3ccc4O)[C@H](O)c3ccc(c(Cl)c3)Oc3cc2cc(c3O[C@@H]2O[C@H](CO)[C@@H](O)[C@H](O)[C@H]2O[C@H]2C[C@](C)(N)[C@H](O)[C@H](C)O2)Oc2ccc(cc2Cl)[C@H]1O,CHEMBL1867
CHEMBL353200,Clc1cccc2c1C=C(CC1CN=CN1)CC2,CHEMBL1867
CHEMBL436234,Fc1ccc2c(c1)C=C(CC1CN=CN1)CC2,CHEMBL1867
CHEMBL353212,C1=NC[C@H](C[C@]23CCc4ccccc4C2C3)N1,CHEMBL1867
CHEMBL555190,Cl.Cl.O=C(NCCCCCNC(=O)[C@@H]1[C@H]2C[C@H]3c4[nH]c5ccccc5c4CCN3C[C@@H]2CC[C@@H]1O)[C@@H]1[C@H]2C[C@H]3c4[nH]c5ccccc5c4CCN3C[C@@H]2CC[C@@H]1O,CHEMBL1867
CHEMBL268758,COc1ccccc1N1CCN(CCn2c(=O)[nH]c3scc(-c4ccccc4)c3c2=O)CC1,CHEMBL1867
CHEMBL551711,Cl.Cl.O=C(NCCCCCCCCCCCCNC(=O)[C@@H]1[C@H]2C[C@H]3c4[nH]c5ccccc5c4CCN3C[C@@H]2CC[C@@H]1O)[C@@H]1[C@H]2C[C@H]3c4[nH]c5ccccc5c4CCN3C[C@@H]2CC[C@@H]1O,CHEMBL1867
CHEMBL538808,Cl.Cl.O=C(NCCCCCCCCNC(=O)[C@@H]1[C@H]2C[C@H]3c4[nH]c5ccccc5c4CCN3C[C@@H]2CC[C@@H]1O)[C@@H]1[C@H]2C[C@H]3c4[nH]c5ccccc5c4CCN3C[C@@H]2CC[C@@H]1O,CHEMBL1867
CHEMBL540594,Cl.Cl.O=C(NCCCNC(=O)[C@@H]1[C@H]2C[C@H]3c4[nH]c5ccccc5c4CCN3C[C@@H]2CC[C@@H]1O)[C@@H]1[C@H]2C[C@H]3c4[nH]c5ccccc5c4CCN3C[C@@H]2CC[C@@H]1O,CHEMBL1867
CHEMBL539824,Cl.Cl.O=C(NCCCCNC(=O)[C@@H]1[C@H]2C[C@H]3c4[nH]c5ccccc5c4CCN3C[C@@H]2CC[C@@H]1O)[C@@H]1[C@H]2C[C@H]3c4[nH]c5ccccc5c4CCN3C[C@@H]2CC[C@@H]1O,CHEMBL1867
CHEMBL554019,Cl.Cl.O=C(NCCCCCCCCCCNC(=O)[C@@H]1[C@H]2C[C@H]3c4[nH]c5ccccc5c4CCN3C[C@@H]2CC[C@@H]1O)[C@@H]1[C@H]2C[C@H]3c4[nH]c5ccccc5c4CCN3C[C@@H]2CC[C@@H]1O,CHEMBL1867
CHEMBL539606,Cl.Cl.O=C(NCCCCCCCCCNC(=O)[C@@H]1[C@H]2C[C@H]3c4[nH]c5ccccc5c4CCN3C[C@@H]2CC[C@@H]1O)[C@@H]1[C@H]2C[C@H]3c4[nH]c5ccccc5c4CCN3C[C@@H]2CC[C@@H]1O,CHEMBL1867
CHEMBL542520,Cl.Cl.O=C(NCCNC(=O)[C@@H]1[C@H]2C[C@H]3c4[nH]c5ccccc5c4CCN3C[C@@H]2CC[C@@H]1O)[C@@H]1[C@H]2C[C@H]3c4[nH]c5ccccc5c4CCN3C[C@@H]2CC[C@@H]1O,CHEMBL1867
CHEMBL543232,Cl.Cl.O=C(NCCCCCCCNC(=O)[C@@H]1[C@H]2C[C@H]3c4[nH]c5ccccc5c4CCN3C[C@@H]2CC[C@@H]1O)[C@@H]1[C@H]2C[C@H]3c4[nH]c5ccccc5c4CCN3C[C@@H]2CC[C@@H]1O,CHEMBL1867
CHEMBL13856,COc1ccccc1N1CCN(CCn2c(=O)[nH]c3scc(-c4cccc(C)c4)c3c2=O)CC1,CHEMBL1867
CHEMBL15245,COC(=O)[C@@H]1[C@H]2C[C@H]3c4[nH]c5ccccc5c4CCN3C[C@@H]2CC[C@@H]1O,CHEMBL1867
CHEMBL542527,Cl.Cl.O=C(NCCCCCCNC(=O)[C@@H]1[C@H]2C[C@H]3c4[nH]c5ccccc5c4CCN3C[C@@H]2CC[C@@H]1O)[C@@H]1[C@H]2C[C@H]3c4[nH]c5ccccc5c4CCN3C[C@@H]2CC[C@@H]1O,CHEMBL1867
CHEMBL327931,CO/C(O)=C1\C(C)=NC(C)=C(C(=O)NCCCN2CCC(c3ccccc3)CC2)C1c1ccc(Cl)c([N+](=O)[O-])c1,CHEMBL1867
CHEMBL25554,COc1cccc(OC)c1OCCNCC1COc2ccccc2O1,CHEMBL1867
CHEMBL597,Cc1ccc(N(CC2=NCCN2)c2cccc(O)c2)cc1,CHEMBL1867
CHEMBL114166,CC(C)=CCOc1ccc(Cl)c2c1CCN(C)CC2,CHEMBL1867
CHEMBL91022,CO/C(O)=C1\C(C)=NC(C)=C(C(=O)NCCCN2CCC(c3ccccc3)CC2)C1c1ccc([N+](=O)[O-])cc1,CHEMBL1867
CHEMBL279436,CC1=C(C(N)=O)C(c2ccc([N+](=O)[O-])cc2)C(C(=O)NCCCN2CCC(c3ccccc3)(c3ccccc3)CC2)=C(C)N1,CHEMBL1867
CHEMBL279436,CC1=C(C(N)=O)C(c2ccc([N+](=O)[O-])cc2)C(C(=O)NCCCN2CCC(c3ccccc3)(c3ccccc3)CC2)=C(C)N1,CHEMBL1867
CHEMBL69733,COc1ccc(CCCN2CCC(CCC(=O)c3cc(Cl)c(N)c4c3OCCO4)CC2)cc1OC,CHEMBL1867
CHEMBL6437,CN1CCN2c3ccccc3Cc3ccccc3C2C1,CHEMBL1867
CHEMBL111496,CCS(=O)(=O)Nc1cccc2c1CCCC2c1c[nH]cn1,CHEMBL1867
CHEMBL61006,CC(N)C(O)c1ccccc1,CHEMBL1867
CHEMBL323402,Nc1cccc2c1CCCC2c1c[nH]cn1,CHEMBL1867
CHEMBL111554,CS(=O)(=O)Nc1cccc2c1CCCC2c1c[nH]cn1,CHEMBL1867
CHEMBL109783,CS(=O)(=O)Nc1c(O)ccc2c1CCCC2C1=NCCN1,CHEMBL1867
CHEMBL111771,CCS(=O)(=O)Nc1cccc2c1CCC2c1c[nH]cn1,CHEMBL1867
CHEMBL326702,CCS(=O)(=O)Nc1cccc(Cc2c[nH]cn2)c1,CHEMBL1867
CHEMBL317912,Oc1cccc2c1CCCC2c1c[nH]cn1,CHEMBL1867
CHEMBL327116,CCS(=O)(=O)Nc1ccc2c(c1)C(c1c[nH]cn1)CCC2,CHEMBL1867
CHEMBL108804,CS(=O)(=O)Nc1c(O)ccc2c1CCCC2c1c[nH]cn1,CHEMBL1867
CHEMBL110751,O=C(Nc1cccc2c1CCCC2c1c[nH]cn1)C(F)(F)F,CHEMBL1867
CHEMBL111463,CN(c1cccc2c1CCCC2c1c[nH]cn1)S(C)(=O)=O,CHEMBL1867
CHEMBL25467,C=Cc1sc2ccc(Cl)c3c2c1CN(C)CC3,CHEMBL1867
CHEMBL123448,CCc1sc2ccc(Cl)c3c2c1CN(C)CC3,CHEMBL1867
CHEMBL279436,CC1=C(C(N)=O)C(c2ccc([N+](=O)[O-])cc2)C(C(=O)NCCCN2CCC(c3ccccc3)(c3ccccc3)CC2)=C(C)N1,CHEMBL1867
CHEMBL114166,CC(C)=CCOc1ccc(Cl)c2c1CCN(C)CC2,CHEMBL1867
CHEMBL15245,COC(=O)[C@@H]1[C@H]2C[C@H]3c4[nH]c5ccccc5c4CCN3C[C@@H]2CC[C@@H]1O,CHEMBL1867
CHEMBL122404,COC(=O)C1=CO[C@@H](C)[C@@H]2CN3CCc4c([nH]c5ccccc45)[C@H]3C[C@H]12,CHEMBL1867
CHEMBL123138,CN1CCc2c(Cl)ccc3oc(Br)c(c23)C1,CHEMBL1867
CHEMBL10347,COC(=O)[C@H]1[C@H]2C[C@H]3c4[nH]c5ccccc5c4CCN3C[C@H]2CC[C@@H]1O,CHEMBL1867
CHEMBL123349,CN1CCc2cccc(Cl)c2CC1,CHEMBL1867
CHEMBL70692,CSc1c(F)cccc1NCC1=NCCN1,CHEMBL1867
CHEMBL70692,CSc1c(F)cccc1NCC1=NCCN1,CHEMBL1867
CHEMBL540035,CCSc1ccccc1NCC1=NCCN1.Cl,CHEMBL1867
CHEMBL540035,CCSc1ccccc1NCC1=NCCN1.Cl,CHEMBL1867
CHEMBL306792,CSc1cc(F)ccc1NCC1=NCCN1,CHEMBL1867
CHEMBL306792,CSc1cc(F)ccc1NCC1=NCCN1,CHEMBL1867
CHEMBL553276,CC(C)Sc1ccccc1NCC1=NCCN1.Cl,CHEMBL1867
CHEMBL70691,COc1ccc(SC)c(NCC2=NCCN2)c1,CHEMBL1867
CHEMBL70691,COc1ccc(SC)c(NCC2=NCCN2)c1,CHEMBL1867
CHEMBL70751,CSc1ccc(Cl)cc1NCC1=NCCN1,CHEMBL1867
CHEMBL70751,CSc1ccc(Cl)cc1NCC1=NCCN1,CHEMBL1867
CHEMBL72724,CSc1ccc(C(F)(F)F)cc1NCC1=NCCN1,CHEMBL1867
CHEMBL72441,CSc1ccc(C)cc1NCC1=NCCN1,CHEMBL1867
CHEMBL72441,CSc1ccc(C)cc1NCC1=NCCN1,CHEMBL1867
CHEMBL72768,CSc1ccc(F)cc1NCC1=NCCN1,CHEMBL1867
CHEMBL72768,CSc1ccc(F)cc1NCC1=NCCN1,CHEMBL1867
CHEMBL540542,CSc1ccccc1NCC1=NCCN1.Cl,CHEMBL1867
CHEMBL540542,CSc1ccccc1NCC1=NCCN1.Cl,CHEMBL1867
CHEMBL762,Cc1cc(C(C)(C)C)c(O)c(C)c1CC1=NCCN1,CHEMBL1867
CHEMBL762,Cc1cc(C(C)(C)C)c(O)c(C)c1CC1=NCCN1,CHEMBL1867
CHEMBL2,COc1cc2nc(N3CCN(C(=O)c4ccco4)CC3)nc(N)c2cc1OC,CHEMBL1867
CHEMBL328631,COc1cc2c(cc1OC)C1=NO[C@@H](CN3CCN(C/C=C(\C)c4ccc(F)cc4F)CC3)[C@@H]1CO2,CHEMBL1867
CHEMBL98889,COc1cc2c(cc1OC)C1=NO[C@@H](CN3CCN(C/C(C)=C/c4cccnc4)CC3)[C@@H]1CO2,CHEMBL1867
CHEMBL328114,COc1cc2c(cc1OC)C1=NO[C@@H](CN3CCN(C/C=C/c4ccccc4)CC3)[C@@H]1CO2,CHEMBL1867
CHEMBL95218,COc1cc2c(cc1OC)C1=NO[C@@H](CN3CCN(C/C=C/c4cccc(F)c4)CC3)[C@@H]1CO2,CHEMBL1867
CHEMBL419894,COc1cc2c(cc1OC)C1=NO[C@@H](CN3CCN(C/C=C/c4ccc(F)cc4)CC3)[C@@H]1CO2,CHEMBL1867
CHEMBL101411,COc1cc2c(cc1OC)C1=NO[C@@H](CN3CCN(C/C=C/c4ccc(Cl)cc4)CC3)[C@@H]1CO2,CHEMBL1867
CHEMBL101361,COc1cc2c(cc1OC)C1=NO[C@@H](CN3CCN(C/C=C(\C)c4ccccc4OC)CC3)[C@@H]1CO2,CHEMBL1867
CHEMBL419336,COc1cc2c(cc1OC)C1=NO[C@@H](CN3CCN(C/C(C)=C/c4cccc(F)c4F)CC3)[C@@H]1CO2,CHEMBL1867
CHEMBL99916,COc1cc2c(cc1OC)C1=NO[C@@H](CN3CCN(C/C(C)=C/c4ccco4)CC3)[C@@H]1CO2,CHEMBL1867
CHEMBL98646,COc1cc2c(cc1OC)C1=NO[C@@H](CN3CCN(C/C(C)=C/c4cccs4)CC3)[C@@H]1CO2,CHEMBL1867
CHEMBL101596,COc1cc2c(cc1OC)C1=NO[C@@H](CN3CCN(C/C(C)=C/c4ccsc4)CC3)[C@@H]1CO2,CHEMBL1867
CHEMBL328195,COc1cc2c(cc1OC)C1=NO[C@@H](CN3CCN(C/C=C(\C)c4ccsc4)CC3)[C@@H]1CO2,CHEMBL1867
CHEMBL319573,COc1cc2c(cc1OC)C1=NO[C@@H](CN3CCN(C/C=C/c4ccccc4F)CC3)[C@@H]1CO2,CHEMBL1867
CHEMBL319119,COc1cc2c(cc1OC)C1=NO[C@@H](CN3CCN(C/C(C)=C/c4cc(F)ccc4F)CC3)[C@@H]1CO2,CHEMBL1867
CHEMBL329065,COc1cc2c(cc1OC)C1=NO[C@@H](CN3CCN(C/C=C(\C)c4ccc(O)cc4)CC3)[C@@H]1CO2,CHEMBL1867
CHEMBL318235,COc1cc2c(cc1OC)C1=NO[C@@H](CN3CCN(C/C(C)=C/c4ccc(F)cc4)CC3)[C@@H]1CO2,CHEMBL1867
CHEMBL98541,COc1cc2c(cc1OC)C1=NO[C@@H](CN3CCN(C/C=C(\C)c4ccc(F)cc4)CC3)[C@@H]1CO2,CHEMBL1867
CHEMBL91157,COc1cc2c(cc1OC)C1=NO[C@@H](CN3CCN(C/C(C)=C/c4ccccc4)CC3)[C@@H]1CO2,CHEMBL1867
CHEMBL419316,COc1cc2c(cc1OC)C1=NO[C@@H](CN3CCN(C/C=C(\C)c4ccccc4)CC3)[C@@H]1CO2,CHEMBL1867
CHEMBL99868,COc1ccccc1/C=C(\C)CN1CCN(C[C@@H]2ON=C3c4cc(OC)c(OC)cc4OC[C@H]32)CC1,CHEMBL1867
CHEMBL100879,COc1cc2c(cc1OC)C1=NO[C@@H](CN3CCN(C/C=C(\C)c4cccs4)CC3)[C@@H]1CO2,CHEMBL1867
CHEMBL263424,COc1cc2c(cc1OC)C1=NO[C@@H](CN3CCN(C/C(C)=C/c4cccc(F)c4)CC3)[C@@H]1CO2,CHEMBL1867
CHEMBL420830,COc1cc2c(cc1OC)C1=NO[C@@H](CN3CCN(C/C=C\c4ccccc4)CC3)[C@@H]1CO2,CHEMBL1867
CHEMBL319530,COc1cc2c(cc1OC)C1=NO[C@@H](CN3CCN(C/C=C(\C)c4ccco4)CC3)[C@@H]1CO2,CHEMBL1867
CHEMBL836,CCOc1ccccc1OCCN[C@H](C)Cc1ccc(OC)c(S(N)(=O)=O)c1,CHEMBL1867
CHEMBL19236,COc1nc(C)nc(Cl)c1NC1=NCCN1,CHEMBL1867
CHEMBL1437,NC[C@H](O)c1ccc(O)c(O)c1,CHEMBL1867
CHEMBL134,Clc1cccc(Cl)c1NC1=NCCN1,CHEMBL1867
CHEMBL133231,NC1=NC2(CCc3cccc(Cl)c3C2)CO1,CHEMBL1867
CHEMBL336332,COc1cccc2c1CCC1(CN=CN1)C2,CHEMBL1867
CHEMBL131220,Fc1cccc2c1CC1(CC2)CN=CN1,CHEMBL1867
CHEMBL338683,Clc1cc(Cl)c2c(c1)CC1(CC2)CN=CN1,CHEMBL1867
CHEMBL133579,COc1ccc2c(c1)CC1(CC2)CN=CN1,CHEMBL1867
CHEMBL336970,COc1ccc2c(c1)CCC1(CN=CN1)C2,CHEMBL1867
CHEMBL98471,Cc1ccc2c(c1)CC1(CC2)CN=CN1,CHEMBL1867
CHEMBL130853,C1=NCC2(CCc3ccccc3C2)N1,CHEMBL1867
CHEMBL99864,CCC1=C(C(N)=O)C(c2ccc([N+](=O)[O-])cc2)C(C(=O)NCCCN2CCC(c3ccccc3)(c3ccccc3)CC2)=C(CCCCOC)N1,CHEMBL1867
CHEMBL131417,COc1cccc2c1CC1(CC2)CN=CN1,CHEMBL1867
CHEMBL295186,c1ccc(C[C@H]2C3CCC(C3)[C@H]2NC2=NCCO2)cc1,CHEMBL1867
CHEMBL50720,c1ccc(CCC[C@H]2CCCC[C@@H]2NC2=NCCO2)cc1,CHEMBL1867
CHEMBL47313,c1ccc(CC[C@H]2CCCC[C@@H]2NC2=NCCO2)cc1,CHEMBL1867
CHEMBL297752,CCC[C@H]1CCCC[C@@H]1NC1=NCCO1,CHEMBL1867
CHEMBL297752,CCC[C@H]1CCCC[C@@H]1NC1=NCCO1,CHEMBL1867
CHEMBL297228,c1ccc([C@H]2CCCC[C@@H]2NC2=NCCO2)cc1,CHEMBL1867
CHEMBL50719,c1ccc(C[C@H]2CCCC[C@@H]2NC2=NCCO2)cc1,CHEMBL1867
CHEMBL297827,C(=C/c1ccccc1)\C[C@H]1C2CCC(C2)[C@H]1NC1=NCCO1,CHEMBL1867
CHEMBL297827,C(=C/c1ccccc1)\C[C@H]1C2CCC(C2)[C@H]1NC1=NCCO1,CHEMBL1867
CHEMBL48341,c1ccc(CCC[C@H]2C3CCC(C3)[C@H]2NC2=NCCO2)cc1,CHEMBL1867
CHEMBL48341,c1ccc(CCC[C@H]2C3CCC(C3)[C@H]2NC2=NCCO2)cc1,CHEMBL1867
CHEMBL296660,CCC[C@H]1C2CCC(C2)[C@H]1NC1=NCCO1,CHEMBL1867
CHEMBL296660,CCC[C@H]1C2CCC(C2)[C@H]1NC1=NCCO1,CHEMBL1867
CHEMBL93171,COc1cc2c(cc1OC)C1=NOC(CN3CCN(C/C(C)=C/c4ccccc4)CC3)C1CO2,CHEMBL1867
CHEMBL77913,COc1ccc(Nc2ncc[nH]2)c(C)c1,CHEMBL1867
CHEMBL162436,O=c1c(CCN2CCc3oc4ccccc4c3C2)c(Cc2ccccc2)nc2ccccn12,CHEMBL1867
CHEMBL90997,Fc1ccc2c(c1)CC(CC1CN=CN1)C2,CHEMBL1867
CHEMBL164612,Cc1nc2ccccn2c(=O)c1CCN1CCc2oc3c(Cl)cccc3c2C1,CHEMBL1867
CHEMBL162490,COc1cccn2c(=O)c(CCN3CCc4oc5ccccc5c4C3)c(C)nc12,CHEMBL1867
CHEMBL308863,COc1ccc(Nc2ncc[nH]2)c(C)c1OC,CHEMBL1867
CHEMBL422597,COc1ccc2c(c1)C1=NOC(CN3CCN(C/C=C/c4ccccc4)CC3)C1CO2,CHEMBL1867
CHEMBL91157,COc1cc2c(cc1OC)C1=NO[C@@H](CN3CCN(C/C(C)=C/c4ccccc4)CC3)[C@@H]1CO2,CHEMBL1867
CHEMBL351483,Cc1nc2ccc(Cl)cn2c(=O)c1CCN1CCc2oc3ccccc3c2C1,CHEMBL1867
CHEMBL419316,COc1cc2c(cc1OC)C1=NO[C@@H](CN3CCN(C/C=C(\C)c4ccccc4)CC3)[C@@H]1CO2,CHEMBL1867
CHEMBL165677,Cc1nc2ccccn2c(=O)c1CCN1CCc2oc3ccc(Cl)cc3c2C1,CHEMBL1867
CHEMBL94435,COc1cc2c(cc1OC)C1=NOC(CN3CCN(Cc4cc5ccccc5s4)CC3)C1CO2,CHEMBL1867
CHEMBL844,Brc1c(NC2=NCCN2)ccc2nccnc12,CHEMBL1867
CHEMBL844,Brc1c(NC2=NCCN2)ccc2nccnc12,CHEMBL1867
CHEMBL432155,Cc1c(Nc2ncc[nH]2)ccc2c1NCCO2,CHEMBL1867
CHEMBL432155,Cc1c(Nc2ncc[nH]2)ccc2c1NCCO2,CHEMBL1867
CHEMBL93801,COc1cc2c(cc1OC)C1=NOC(CN3CCN(Cc4csc5ccccc45)CC3)C1CO2,CHEMBL1867
CHEMBL91297,COc1cc2c(cc1OC)C1=NOC(CN3CCN(Cc4cccc5ccccc45)CC3)C1CO2,CHEMBL1867
CHEMBL165350,Cc1nc2ccc(Br)cn2c(=O)c1CCN1CCc2oc3ccccc3c2C1,CHEMBL1867
CHEMBL165796,Cc1ccn2c(=O)c(CCN3CCc4oc5ccccc5c4C3)c(C)nc2c1,CHEMBL1867
CHEMBL75491,Cc1c(Nc2ncc[nH]2)ccc2nccnc12,CHEMBL1867
CHEMBL92860,COc1cc2c(cc1OC)C1=NO[C@@H](CN3CCN(Cc4ccc5ccccc5c4)CC3)[C@@H]1CO2,CHEMBL1867
CHEMBL74544,c1c[nH]c(Nc2ccc3[nH]cnc3c2)n1,CHEMBL1867
CHEMBL162058,COc1cc2nc(C)c(CCN3CCc4oc5ccccc5c4C3)c(=O)n2cc1OC,CHEMBL1867
CHEMBL75257,COc1c(C(C)(C)C)cc(C)c(Nc2ncc[nH]2)c1C,CHEMBL1867
CHEMBL328114,COc1cc2c(cc1OC)C1=NO[C@@H](CN3CCN(C/C=C/c4ccccc4)CC3)[C@@H]1CO2,CHEMBL1867
CHEMBL268258,COc1cccc2c1CCC[C@H]2CN(C)CCc1ccc2ccoc2c1,CHEMBL1867
CHEMBL420830,COc1cc2c(cc1OC)C1=NO[C@@H](CN3CCN(C/C=C\c4ccccc4)CC3)[C@@H]1CO2,CHEMBL1867
CHEMBL92496,COc1cc2c(cc1OC)C1=NOC(CN3CCN(CCc4ccccc4)CC3)C1CO2,CHEMBL1867
CHEMBL91157,COc1cc2c(cc1OC)C1=NO[C@@H](CN3CCN(C/C(C)=C/c4ccccc4)CC3)[C@@H]1CO2,CHEMBL1867
CHEMBL162501,Cc1nc2ccccn2c(=O)c1CCN1CCc2oc3ccccc3c2C1,CHEMBL1867
CHEMBL90966,COc1cc2c(cc1OC)C1=NOC(CN3CCN(Cc4ccc5ncccc5c4)CC3)C1CO2,CHEMBL1867
CHEMBL165776,Cc1nc2ccccn2c(=O)c1CCCN1CCc2oc3ccccc3c2C1,CHEMBL1867
CHEMBL162826,Cc1nc2c(O)cccn2c(=O)c1CCN1CCc2oc3ccccc3c2C1,CHEMBL1867
CHEMBL10316,c1ccc2c(c1)OCC(C1=NCCN1)O2,CHEMBL1867
CHEMBL76457,Brc1ccccc1Nc1ncc[nH]1,CHEMBL1867
CHEMBL163247,Cc1nc2c(Cl)cc(Cl)cn2c(=O)c1CCN1CCc2oc3ccccc3c2C1,CHEMBL1867
CHEMBL162232,Cc1cc(C)n2c(=O)c(CCN3CCc4oc5ccccc5c4C3)c(C)nc2c1,CHEMBL1867
CHEMBL1022,Clc1cccc(Cl)c1Nc1ncc[nH]1,CHEMBL1867
CHEMBL308570,Cc1c(Nc2ncc[nH]2)ccc2c1OCCO2,CHEMBL1867
CHEMBL308570,Cc1c(Nc2ncc[nH]2)ccc2c1OCCO2,CHEMBL1867
CHEMBL351200,Cc1nc2c(C)cccn2c(=O)c1CCN1CCc2oc3ccccc3c2C1,CHEMBL1867
CHEMBL49137,Cc1c(NC2=NCCN2)ccc2nccnc12,CHEMBL1867
CHEMBL90419,COc1cc2c(cc1OC)C1=NOC(CN3CCN(CCCc4ccccc4)CC3)C1CO2,CHEMBL1867
CHEMBL162147,Cc1nc2c(Cl)cc(C(F)(F)F)cn2c(=O)c1CCN1CCc2oc3ccccc3c2C1,CHEMBL1867
CHEMBL90247,COc1ccc2c(c1)OCC1C2=NOC1CN1CCN(C/C=C/c2ccccc2)CC1,CHEMBL1867
CHEMBL328735,COc1cc2c(cc1OC)C1=NOC(CN3CCN(CCC(=O)c4ccccc4)CC3)C1CO2,CHEMBL1867
CHEMBL93489,COc1cc2c(cc1OC)C1=NOC(CN3CCN(C/C=C/c4ccccc4)CC3)C1CO2,CHEMBL1867
CHEMBL327875,COc1cc2c(cc1OC)C1=NOC(CN3CCN(C/C=C(\C)c4ccccc4)CC3)C1CO2,CHEMBL1867
CHEMBL328114,COc1cc2c(cc1OC)C1=NO[C@@H](CN3CCN(C/C=C/c4ccccc4)CC3)[C@@H]1CO2,CHEMBL1867
CHEMBL90943,C(=C/c1ccccc1)\CN1CCN(CC2ON=C3c4ccccc4OCC32)CC1,CHEMBL1867
CHEMBL91824,COc1cc2c(cc1OC)C1=NOC(CN3CCN(Cc4cnc5ccccc5c4)CC3)C1CO2,CHEMBL1867
CHEMBL162682,Cc1nc2ccc(I)cn2c(=O)c1CCN1CCc2oc3ccccc3c2C1,CHEMBL1867
CHEMBL92860,COc1cc2c(cc1OC)C1=NO[C@@H](CN3CCN(Cc4ccc5ccccc5c4)CC3)[C@@H]1CO2,CHEMBL1867
CHEMBL165181,Cc1nc2ccccn2c(=O)c1CCN1CCc2sc3ccccc3c2C1,CHEMBL1867
CHEMBL654,CN1CCN2c3ncccc3Cc3ccccc3C2C1,CHEMBL1867
CHEMBL90843,COc1cc2c(cc1OC)C1=NOC(CN3CCN(Cc4ccccc4)CC3)C1CO2,CHEMBL1867
CHEMBL419316,COc1cc2c(cc1OC)C1=NO[C@@H](CN3CCN(C/C=C(\C)c4ccccc4)CC3)[C@@H]1CO2,CHEMBL1867
CHEMBL162370,Cc1ccc2nc(C)c(CCN3CCc4oc5ccccc5c4C3)c(=O)n2c1,CHEMBL1867
CHEMBL163190,Cc1nc2cccc(C)n2c(=O)c1CCN1CCc2oc3ccccc3c2C1,CHEMBL1867
CHEMBL94129,COc1cc2c(cc1OC)C1=NOC(CN3CCN(Cc4ccc5ccccc5c4)CC3)C1CO2,CHEMBL1867
CHEMBL328377,COc1cc2c(cc1OC)C1=NOC(CN3CCN(CC4=Cc5ccccc5C4)CC3)C1CO2,CHEMBL1867
CHEMBL78190,COc1cc(C)c(Nc2ncc[nH]2)cc1C(C)(C)C,CHEMBL1867
CHEMBL43860,CC1=C(C(=O)NCCCN2CCC(c3ccc(F)cc3)CC2)[C@@H](c2ccc(F)c(F)c2)CC(=O)N1,CHEMBL1867
CHEMBL74283,Brc1c(NC2=NCCN2)ccc2c1NCCN2,CHEMBL1867
CHEMBL74283,Brc1c(NC2=NCCN2)ccc2c1NCCN2,CHEMBL1867
CHEMBL844,Brc1c(NC2=NCCN2)ccc2nccnc12,CHEMBL1867
CHEMBL844,Brc1c(NC2=NCCN2)ccc2nccnc12,CHEMBL1867
CHEMBL72753,Clc1c(NC2=NCCN2)ccc2nccnc12,CHEMBL1867
CHEMBL72753,Clc1c(NC2=NCCN2)ccc2nccnc12,CHEMBL1867
CHEMBL49137,Cc1c(NC2=NCCN2)ccc2nccnc12,CHEMBL1867
CHEMBL49137,Cc1c(NC2=NCCN2)ccc2nccnc12,CHEMBL1867
CHEMBL49395,c1cnc2cc(NC3=NCCN3)ccc2n1,CHEMBL1867
CHEMBL70676,Ic1c(NC2=NCCN2)ccc2nccnc12,CHEMBL1867
CHEMBL70676,Ic1c(NC2=NCCN2)ccc2nccnc12,CHEMBL1867
CHEMBL72147,Cc1cnc2c(Br)c(NC3=NCCN3)ccc2n1,CHEMBL1867
CHEMBL289480,C1COC(NC(C2CC2)C2CC2)=N1,CHEMBL1867
CHEMBL289480,C1COC(NC(C2CC2)C2CC2)=N1,CHEMBL1867
CHEMBL15245,COC(=O)[C@@H]1[C@H]2C[C@H]3c4[nH]c5ccccc5c4CCN3C[C@@H]2CC[C@@H]1O,CHEMBL1867
CHEMBL134,Clc1cccc(Cl)c1NC1=NCCN1,CHEMBL1867
CHEMBL134,Clc1cccc(Cl)c1NC1=NCCN1,CHEMBL1867
CHEMBL75030,c1ccc2c(c1)CCCC2NC1=NCCO1,CHEMBL1867
CHEMBL75030,c1ccc2c(c1)CCCC2NC1=NCCO1,CHEMBL1867
CHEMBL310335,CCC[C@H]1CCCCC1NC1=NCCO1,CHEMBL1867
CHEMBL310335,CCC[C@H]1CCCCC1NC1=NCCO1,CHEMBL1867
CHEMBL305928,C1CCCC(NC2=NCCO2)CC1,CHEMBL1867
CHEMBL305928,C1CCCC(NC2=NCCO2)CC1,CHEMBL1867
CHEMBL306377,c1ccc2c(c1)CCCC2NC1=NCCCO1,CHEMBL1867
CHEMBL306377,c1ccc2c(c1)CCCC2NC1=NCCCO1,CHEMBL1867
CHEMBL91157,COc1cc2c(cc1OC)C1=NO[C@@H](CN3CCN(C/C(C)=C/c4ccccc4)CC3)[C@@H]1CO2,CHEMBL1867
CHEMBL91157,COc1cc2c(cc1OC)C1=NO[C@@H](CN3CCN(C/C(C)=C/c4ccccc4)CC3)[C@@H]1CO2,CHEMBL1867
CHEMBL419316,COc1cc2c(cc1OC)C1=NO[C@@H](CN3CCN(C/C=C(\C)c4ccccc4)CC3)[C@@H]1CO2,CHEMBL1867
CHEMBL419316,COc1cc2c(cc1OC)C1=NO[C@@H](CN3CCN(C/C=C(\C)c4ccccc4)CC3)[C@@H]1CO2,CHEMBL1867
CHEMBL92860,COc1cc2c(cc1OC)C1=NO[C@@H](CN3CCN(Cc4ccc5ccccc5c4)CC3)[C@@H]1CO2,CHEMBL1867
CHEMBL92860,COc1cc2c(cc1OC)C1=NO[C@@H](CN3CCN(Cc4ccc5ccccc5c4)CC3)[C@@H]1CO2,CHEMBL1867
CHEMBL268258,COc1cccc2c1CCC[C@H]2CN(C)CCc1ccc2ccoc2c1,CHEMBL1867
CHEMBL90997,Fc1ccc2c(c1)CC(CC1CN=CN1)C2,CHEMBL1867
CHEMBL328114,COc1cc2c(cc1OC)C1=NO[C@@H](CN3CCN(C/C=C/c4ccccc4)CC3)[C@@H]1CO2,CHEMBL1867
CHEMBL2112978,C(=C/c1ccccc1)\CN1CCN(C[C@@H]2ON=C3c4ccccc4OC[C@H]32)CC1,CHEMBL1867
CHEMBL2112981,C(=C/c1ccccc1)\CN1CCN(C[C@@H]2ON=C3c4ccccc4NC[C@H]32)CC1,CHEMBL1867
CHEMBL2112984,c1ccc2c(c1)NC[C@@H]1C2=NO[C@H]1CN1CCN(Cc2ccc3ccccc3c2)CC1,CHEMBL1867
CHEMBL2112970,CN1C[C@@H]2C(=NO[C@H]2CN2CCN(C/C=C/c3ccccc3)CC2)c2ccccc21,CHEMBL1867
CHEMBL2112973,CCNC(=O)N1C[C@@H]2C(=NO[C@H]2CN2CCN(C/C=C/c3ccccc3)CC2)c2ccccc21,CHEMBL1867
CHEMBL2112975,CCOC(=O)N1C[C@@H]2C(=NO[C@H]2CN2CCN(C/C=C/c3ccccc3)CC2)c2ccccc21,CHEMBL1867
CHEMBL426959,CC(=O)N1C[C@@H]2C(=NO[C@H]2CN2CCN(CCC/C=C/c3ccccc3)CC2)c2ccccc21,CHEMBL1867
CHEMBL2112983,COc1cc2c(cc1OC)C1=NO[C@@H](CN3CCN(C/C=C/c4ccccc4)CC3)[C@@H]1CN2,CHEMBL1867
CHEMBL2112985,COc1cc2c(cc1OC)C1=NO[C@@H](CN3CCN(C/C(C)=C/c4ccccc4)CC3)[C@@H]1CN2,CHEMBL1867
CHEMBL2112971,COc1cc2c(cc1OC)C1=NO[C@@H](CN3CCN(C/C=C(\C)c4ccccc4)CC3)[C@@H]1CN2,CHEMBL1867
CHEMBL2112976,COc1cc2c(cc1OC)C1=NO[C@@H](CN3CCN(Cc4ccc5ccccc5c4)CC3)[C@@H]1CN2,CHEMBL1867
CHEMBL2112969,COc1cc2c(cc1OC)C1=NO[C@@H](CN3CCN(CCOc4ccc(F)cc4)CC3)[C@@H]1CN2,CHEMBL1867
CHEMBL2112977,COc1cc2c(cc1OC)N(C)C[C@@H]1C2=NO[C@H]1CN1CCN(CCC/C(C)=C/c2ccccc2)CC1,CHEMBL1867
CHEMBL2112979,C1=C[C@@H]2C(=NO[C@H]2CN2CCN(C/C=C/c3ccccc3)CC2)c2ccccc21,CHEMBL1867
CHEMBL2112982,COc1ccc2c(c1)C=C[C@@H]1C2=NO[C@H]1CN1CCN(C/C=C/c2ccccc2)CC1,CHEMBL1867
CHEMBL2112972,COc1ccc2c(c1)C=C[C@@H]1C2=NO[C@H]1CN1CCN(Cc2ccc3ccccc3c2)CC1,CHEMBL1867
CHEMBL176002,COc1ccc2c(c1)OC[C@@H]1C2=NO[C@H]1CN1CCN(C/C(C)=C/c2ccccc2)CC1,CHEMBL1867
CHEMBL180470,C/C(=C\c1ccccc1)CN1CCN(C[C@@H]2ON=C3c4ccc(O)cc4OC[C@H]32)CC1,CHEMBL1867
CHEMBL435352,COCCOc1ccc2c(c1)OC[C@@H]1C2=NO[C@H]1CN1CCN(C/C(C)=C/c2ccccc2)CC1,CHEMBL1867
CHEMBL179237,CCOCCOCCOc1ccc2c(c1)OC[C@@H]1C2=NO[C@H]1CN1CCN(C/C(C)=C/c2ccccc2)CC1,CHEMBL1867
CHEMBL369378,C/C(=C\c1ccccc1)CN1CCN(C[C@@H]2ON=C3c4ccc(OC5CCCC5)cc4OC[C@H]32)CC1,CHEMBL1867
CHEMBL176261,C/C(=C\c1ccccc1)CN1CCN(C[C@@H]2ON=C3c4ccc(OCCN(C)C)cc4OC[C@H]32)CC1,CHEMBL1867
CHEMBL176116,CC(=O)Oc1ccc2c(c1)OC[C@@H]1C2=NO[C@H]1CN1CCN(C/C(C)=C/c2ccccc2)CC1,CHEMBL1867
CHEMBL175853,COCC(=O)Oc1ccc2c(c1)OC[C@@H]1C2=NO[C@H]1CN1CCN(C/C(C)=C/c2ccccc2)CC1,CHEMBL1867
CHEMBL175911,C/C(=C\c1ccccc1)CN1CCN(C[C@@H]2ON=C3c4ccc(OC(=O)C5CC5)cc4OC[C@H]32)CC1,CHEMBL1867
CHEMBL180322,C=CC(=O)Oc1ccc2c(c1)OC[C@@H]1C2=NO[C@H]1CN1CCN(C/C(C)=C/c2ccccc2)CC1,CHEMBL1867
CHEMBL178588,C/C(=C\c1ccccc1)CN1CCN(C[C@@H]2ON=C3c4ccc(OC(=O)C(C)(C)C)cc4OC[C@H]32)CC1,CHEMBL1867
CHEMBL425324,C/C(=C\c1ccccc1)CN1CCN(C[C@@H]2ON=C3c4ccc(OC(=O)c5ccncc5)cc4OC[C@H]32)CC1,CHEMBL1867
CHEMBL180003,CN(C)c1nc(N[C@H]2CC[C@@H](NS(=O)(=O)c3ccc(Br)cc3OC(F)(F)F)CC2)nc2ccccc12,CHEMBL1867
CHEMBL360081,COc1cc(OC)cc(C(=O)N[C@H]2CC[C@@H](Nc3nc(N(C)C)c4ccccc4n3)CC2)c1,CHEMBL1867
CHEMBL359510,CN(C)c1nc(N[C@H]2CC[C@@H](NC(=O)c3cccc(Br)c3)CC2)nc2ccccc12,CHEMBL1867
CHEMBL367355,CN(C)c1nc(NCC2CCC(CNC(=O)c3ccc(Br)cc3OC(F)(F)F)CC2)nc2ccccc12,CHEMBL1867
CHEMBL360117,CN(C)c1nc(NCC2CCC(CNCc3ccc(Br)cc3OC(F)(F)F)CC2)nc2ccccc12,CHEMBL1867
CHEMBL178084,CN(C)c1nc(NC2CCC(NCc3ccc(Br)cc3OC(F)(F)F)CC2)nc2ccccc12,CHEMBL1867
CHEMBL180962,Cc1cccc(C(=O)N[C@H]2CC[C@@H](Nc3nc(N(C)C)c4ccccc4n3)CC2)c1,CHEMBL1867
CHEMBL181632,CN(C)c1nc(N[C@H]2CC[C@@H](NC(=O)c3cccc(C(F)(F)F)c3)CC2)nc2ccccc12,CHEMBL1867
CHEMBL182235,CN(Cc1ccc(Br)cc1OC(F)(F)F)CC1CCC(CNc2nc(N(C)C)c3ccccc3n2)CC1,CHEMBL1867
CHEMBL362193,CN(C)c1nc(N[C@H]2CC[C@@H](NC(=O)c3cccc(F)c3)CC2)nc2ccccc12,CHEMBL1867
CHEMBL181099,CN(C)c1nc(N[C@H]2CC[C@@H](NC(=O)c3cccc(C#N)c3)CC2)nc2ccccc12,CHEMBL1867
CHEMBL537846,CN(C)c1nc(NC[C@H]2CC[C@H](CNS(=O)(=O)c3ccc(Br)cc3OC(F)(F)F)CC2)nc2ccccc12.Cl,CHEMBL1867
CHEMBL181217,CN(C)c1nc(N[C@H]2CC[C@@H](CNS(=O)(=O)c3ccc(Br)cc3OC(F)(F)F)CC2)nc2ccccc12,CHEMBL1867
CHEMBL361442,CN(C)c1nc(N[C@H]2CC[C@@H](NC(=O)c3ccc(F)cc3)CC2)nc2ccccc12,CHEMBL1867
CHEMBL179878,CN(C)c1nc(N[C@H]2CC[C@@H](NC(=O)c3cccc(Cl)c3)CC2)nc2ccccc12,CHEMBL1867
CHEMBL181383,CN(C)c1nc(N[C@H]2CC[C@@H](NC(=O)c3cccc([N+](=O)[O-])c3)CC2)nc2ccccc12,CHEMBL1867
CHEMBL360671,CN(C)c1nc(NC2CCN(S(=O)(=O)c3ccc(Br)cc3OC(F)(F)F)CC2)nc2ccccc12,CHEMBL1867
CHEMBL182150,CN(C)c1nc(N[C@H]2CC[C@@H](NC(=O)c3ccc(F)c(F)c3)CC2)nc2ccccc12,CHEMBL1867
CHEMBL362400,CN(C)c1nc(N[C@H]2CC[C@@H](NC(=O)c3ccc(Cl)c(Cl)c3)CC2)nc2ccccc12,CHEMBL1867
CHEMBL360159,CN(C)c1nc(N[C@H]2CC[C@@H](NC(=O)c3ccc(F)c(F)c3F)CC2)nc2ccccc12,CHEMBL1867
CHEMBL181727,CN(C)c1nc(NCC2CCC(CN(C)S(=O)(=O)c3ccc(Br)cc3OC(F)(F)F)CC2)nc2ccccc12,CHEMBL1867
CHEMBL193438,CN(C)c1nc(NCC2CCC(CNS(=O)(=O)c3ccc(Br)cc3OC(F)(F)F)CC2)nc2ccccc12,CHEMBL1867
CHEMBL17645,Nc1nc(NC[C@H]2CC[C@H](CNS(=O)(=O)c3cccc4ccccc34)CC2)nc2ccccc12,CHEMBL1867
CHEMBL192266,Nc1nc(NCC2CCC(CNS(=O)(=O)c3ccc(Br)cc3OC(F)(F)F)CC2)nc2ccccc12,CHEMBL1867
CHEMBL425012,O=S(=O)(NCC1CCC(CNc2ncc3ccccc3n2)CC1)c1ccc(Br)cc1OC(F)(F)F,CHEMBL1867
CHEMBL195123,CN(C)c1nc(NCC2CCC(CNS(C)(=O)=O)CC2)nc2ccccc12,CHEMBL1867
CHEMBL193666,CCCCS(=O)(=O)NCC1CCC(CNc2nc(N(C)C)c3ccccc3n2)CC1,CHEMBL1867
CHEMBL193970,CN(C)c1nc(NCC2CCC(NS(=O)(=O)c3ccc(Br)cc3OC(F)(F)F)CC2)nc2ccccc12,CHEMBL1867
CHEMBL194602,CN(C)c1nc(NC2CCC(CNS(=O)(=O)c3ccc(Br)cc3OC(F)(F)F)CC2)nc2ccccc12,CHEMBL1867
CHEMBL193771,CN(C)c1nc(NC2CCC(NS(=O)(=O)c3ccc(Br)cc3OC(F)(F)F)CC2)nc2ccccc12,CHEMBL1867
CHEMBL195810,O=S(=O)(NCC1CCC(Nc2ncc3ccccc3n2)CC1)c1ccc(Br)cc1OC(F)(F)F,CHEMBL1867
CHEMBL195346,O=S(=O)(NC1CCC(Nc2ncc3ccccc3n2)CC1)c1ccc(Br)cc1OC(F)(F)F,CHEMBL1867
CHEMBL194173,CN(C)c1nc(NCC2CCN(S(=O)(=O)c3ccc(Br)cc3OC(F)(F)F)CC2)nc2ccccc12,CHEMBL1867
CHEMBL360671,CN(C)c1nc(NC2CCN(S(=O)(=O)c3ccc(Br)cc3OC(F)(F)F)CC2)nc2ccccc12,CHEMBL1867
CHEMBL366164,CN(C)C[C@H]1C[C@@H]2c3ccccc3Sc3ccc(F)cc3[C@H]2O1,CHEMBL1867
CHEMBL329566,CN(C)C[C@H]1C[C@@H]2c3ccccc3Cc3ccccc3[C@H]2O1,CHEMBL1867
CHEMBL42,CN1CCN(C2=Nc3cc(Cl)ccc3Nc3ccccc32)CC1,CHEMBL1867
CHEMBL715,Cc1cc2c(s1)Nc1ccccc1N=C2N1CCN(C)CC1,CHEMBL1867
CHEMBL85,Cc1nc2n(c(=O)c1CCN1CCC(c3noc4cc(F)ccc34)CC1)CCCC2,CHEMBL1867
CHEMBL654,CN1CCN2c3ncccc3Cc3ccccc3C2C1,CHEMBL1867
CHEMBL6437,CN1CCN2c3ccccc3Cc3ccccc3C2C1,CHEMBL1867
CHEMBL195706,CN(C)C[C@@H]1CC2c3ccccc3Oc3ccc(F)cc3[C@H]2O1,CHEMBL1867
CHEMBL194659,CN(C)C[C@H]1CC2c3ccccc3Oc3ccc(F)cc3[C@H]2O1,CHEMBL1867
CHEMBL364270,CN(C)C[C@@H]1CC2c3ccccc3Oc3ccc(Cl)cc3[C@H]2O1,CHEMBL1867
CHEMBL435301,CN(C)C[C@H]1CC2c3ccccc3Oc3ccc(Cl)cc3[C@H]2O1,CHEMBL1867
CHEMBL363581,CN(C)C[C@@H]1CC2c3ccccc3Sc3ccc(F)cc3[C@H]2O1,CHEMBL1867
CHEMBL193639,CN(C)C[C@H]1CC2c3ccccc3Sc3ccc(F)cc3[C@H]2O1,CHEMBL1867
CHEMBL193639,CN(C)C[C@H]1CC2c3ccccc3Sc3ccc(F)cc3[C@H]2O1,CHEMBL1867
CHEMBL15245,COC(=O)[C@@H]1[C@H]2C[C@H]3c4[nH]c5ccccc5c4CCN3C[C@@H]2CC[C@@H]1O,CHEMBL1867
CHEMBL196451,O=C(CCCNC(=O)[C@@H]1C2C[C@H]3c4[nH]c5ccccc5c4CCN3C[C@@H]2CC[C@@H]1O)OCc1ccccc1,CHEMBL1867
CHEMBL597,Cc1ccc(N(CC2=NCCN2)c2cccc(O)c2)cc1,CHEMBL1867
CHEMBL362954,COc1cccc(N(NC2=NCCN2)c2ccc(C)cc2)c1,CHEMBL1867
CHEMBL194849,Cc1ccc(N(NC2=NCCN2)c2cccc(O)c2)cc1,CHEMBL1867
CHEMBL194323,COc1cccc(N(NC2=NCCO2)c2ccc(C)cc2)c1,CHEMBL1867
CHEMBL370818,Cc1ccc(N(NC2=NCCO2)c2cccc(O)c2)cc1,CHEMBL1867
CHEMBL426317,COc1cccc(N2CCN(CCCCn3ncc(=O)n(C)c3=O)CC2)c1,CHEMBL1867
CHEMBL425069,COc1cccc(OC)c1C(=O)NN1c2ccc(Cl)cc2N=C(N2CCN(C)CC2)c2ccccc21,CHEMBL1867
CHEMBL217299,Oc1cc2c(cc1O)C1c3ccccc3CNC1CO2,CHEMBL1867
CHEMBL128168,CC(Oc1ccccc1-c1ccccc1)C1=NCCN1,CHEMBL1867
CHEMBL128168,CC(Oc1ccccc1-c1ccccc1)C1=NCCN1,CHEMBL1867
CHEMBL130884,CC(Nc1ccccc1-c1ccccc1)C1=NCCN1,CHEMBL1867
CHEMBL223836,CC(Oc1ccccc1-c1cccc(F)c1)C1=NCCN1,CHEMBL1867
CHEMBL222371,CC(Oc1ccccc1-c1cccc(N)c1)C1=NCCN1,CHEMBL1867
CHEMBL221523,CC(Oc1ccccc1-c1ccc([N+](=O)[O-])cc1)C1=NCCN1,CHEMBL1867
CHEMBL222928,CC(Oc1ccccc1-c1cccc([N+](=O)[O-])c1)C1=NCCN1,CHEMBL1867
CHEMBL222138,CC(Oc1ccccc1-c1ccccc1[N+](=O)[O-])C1=NCCN1,CHEMBL1867
CHEMBL222798,CC(Oc1ccccc1-c1ccc(O)cc1)C1=NCCN1,CHEMBL1867
CHEMBL374584,CC(Oc1ccccc1-c1cccc(O)c1)C1=NCCN1,CHEMBL1867
CHEMBL373830,CC(Oc1ccccc1-c1ccccc1O)C1=NCCN1,CHEMBL1867
CHEMBL426900,Cc1ccc(-c2ccccc2OC(C)C2=NCCN2)cc1,CHEMBL1867
CHEMBL222973,Cc1cccc(-c2ccccc2OC(C)C2=NCCN2)c1,CHEMBL1867
CHEMBL223830,Cc1ccccc1-c1ccccc1OC(C)C1=NCCN1,CHEMBL1867
CHEMBL385310,CC(Oc1ccccc1-c1ccsc1)C1=NCCN1,CHEMBL1867
CHEMBL223829,CC(Oc1ccccc1-c1cccs1)C1=NCCN1,CHEMBL1867
CHEMBL442045,CC(Oc1ccccc1-c1ccncc1)C1=NCCN1,CHEMBL1867
CHEMBL373535,CC(Oc1ccccc1-c1cccnc1)C1=NCCN1,CHEMBL1867
CHEMBL223836,CC(Oc1ccccc1-c1cccc(F)c1)C1=NCCN1,CHEMBL1867
CHEMBL222371,CC(Oc1ccccc1-c1cccc(N)c1)C1=NCCN1,CHEMBL1867
CHEMBL385310,CC(Oc1ccccc1-c1ccsc1)C1=NCCN1,CHEMBL1867
CHEMBL223829,CC(Oc1ccccc1-c1cccs1)C1=NCCN1,CHEMBL1867
CHEMBL373535,CC(Oc1ccccc1-c1cccnc1)C1=NCCN1,CHEMBL1867
CHEMBL390718,COc1cc2c(cc1OC)C1=NOC(CN3CCN(C/C(C)=C/c4ccccc4)CC3)C1CN2,CHEMBL1867
CHEMBL318235,COc1cc2c(cc1OC)C1=NO[C@@H](CN3CCN(C/C(C)=C/c4ccc(F)cc4)CC3)[C@@H]1CO2,CHEMBL1867
CHEMBL318235,COc1cc2c(cc1OC)C1=NO[C@@H](CN3CCN(C/C(C)=C/c4ccc(F)cc4)CC3)[C@@H]1CO2,CHEMBL1867
CHEMBL318235,COc1cc2c(cc1OC)C1=NO[C@@H](CN3CCN(C/C(C)=C/c4ccc(F)cc4)CC3)[C@@H]1CO2,CHEMBL1867
CHEMBL226636,COc1cc2c(cc1OC)C1=NOC(CN3CCN(C/C=C/c4ccc(F)cc4)CC3)C1CO2,CHEMBL1867
CHEMBL226636,COc1cc2c(cc1OC)C1=NOC(CN3CCN(C/C=C/c4ccc(F)cc4)CC3)C1CO2,CHEMBL1867
CHEMBL226636,COc1cc2c(cc1OC)C1=NOC(CN3CCN(C/C=C/c4ccc(F)cc4)CC3)C1CO2,CHEMBL1867
CHEMBL390718,COc1cc2c(cc1OC)C1=NOC(CN3CCN(C/C(C)=C/c4ccccc4)CC3)C1CN2,CHEMBL1867
CHEMBL390718,COc1cc2c(cc1OC)C1=NOC(CN3CCN(C/C(C)=C/c4ccccc4)CC3)C1CN2,CHEMBL1867
CHEMBL128168,CC(Oc1ccccc1-c1ccccc1)C1=NCCN1,CHEMBL1867
CHEMBL397753,C[C@H](Oc1ccccc1-c1cccc([N+](=O)[O-])c1)C1=NCCN1,CHEMBL1867
CHEMBL242693,C[C@@H](Oc1ccccc1-c1cccc([N+](=O)[O-])c1)C1=NCCN1,CHEMBL1867
CHEMBL222928,CC(Oc1ccccc1-c1cccc([N+](=O)[O-])c1)C1=NCCN1,CHEMBL1867
CHEMBL223836,CC(Oc1ccccc1-c1cccc(F)c1)C1=NCCN1,CHEMBL1867
CHEMBL374584,CC(Oc1ccccc1-c1cccc(O)c1)C1=NCCN1,CHEMBL1867
CHEMBL373535,CC(Oc1ccccc1-c1cccnc1)C1=NCCN1,CHEMBL1867
CHEMBL396013,C[C@H](Oc1ccccc1-c1ccccc1)C1=NCCN1,CHEMBL1867
CHEMBL242265,C[C@@H](Oc1ccccc1-c1ccccc1)C1=NCCN1,CHEMBL1867
CHEMBL128168,CC(Oc1ccccc1-c1ccccc1)C1=NCCN1,CHEMBL1867
CHEMBL223836,CC(Oc1ccccc1-c1cccc(F)c1)C1=NCCN1,CHEMBL1867
CHEMBL373535,CC(Oc1ccccc1-c1cccnc1)C1=NCCN1,CHEMBL1867
CHEMBL396013,C[C@H](Oc1ccccc1-c1ccccc1)C1=NCCN1,CHEMBL1867
CHEMBL10316,c1ccc2c(c1)OCC(C1=NCCN1)O2,CHEMBL1867
CHEMBL247665,COc1cc2c(cc1OC)CN(Cc1ccc(OC)c3oc(C(=O)N4CCC(N5CCCC5)CC4)cc13)CC2,CHEMBL1867
CHEMBL394218,COc1cc2c(cc1OC)CN(Cc1ccc(OC)c3oc(C(=O)NC4CN5CCC4CC5)cc13)CC2,CHEMBL1867
CHEMBL247664,COc1cc2c(cc1OC)CN(Cc1ccc(OC)c3oc(C(=O)NCC(C)(C)N)cc13)CC2,CHEMBL1867
CHEMBL392771,COc1cc2c(cc1OC)CN(Cc1ccc(OC)c3oc(-c4cccc(C(=O)NCCN(C)C)c4)cc13)CC2,CHEMBL1867
CHEMBL246852,COc1cc2c(cc1OC)CN(Cc1ccc(OC)c3oc(-c4ccccc4C(F)(F)F)cc13)CC2,CHEMBL1867
CHEMBL246229,COc1cc2c(cc1OC)CN(Cc1ccc(OC)c3oc(-c4ccccn4)cc13)CC2,CHEMBL1867
CHEMBL392991,COc1cc2c(cc1OC)CN(Cc1ccc(OC)c3oc(-c4ccco4)cc13)CC2,CHEMBL1867
CHEMBL537669,COC(=O)[C@@H]1[C@H]2C[C@H]3c4[nH]c5ccccc5c4CCN3C[C@@H]2CC[C@@H]1O.Cl,CHEMBL1867
CHEMBL402388,COc1cccc2c1CCC2c1ncc[nH]1,CHEMBL1867
CHEMBL14638,O=C(c1ccc(OCCCc2c[nH]cn2)cc1)C1CC1,CHEMBL1867
CHEMBL260374,S=C(NC1CCCCC1)N1CCC(c2cnc[nH]2)CC1,CHEMBL1867
CHEMBL1627,CNC(=O)C(CCN1CCC(O)(c2ccc(Cl)cc2)CC1)(c1ccccc1)c1ccccc1,CHEMBL1867
CHEMBL493091,CN(C)CCCOc1ccc(CCNC(=O)c2cc(Br)c[nH]2)cc1Br,CHEMBL1867
CHEMBL493091,CN(C)CCCOc1ccc(CCNC(=O)c2cc(Br)c[nH]2)cc1Br,CHEMBL1867
CHEMBL494678,CN1CCN(c2cc(-c3ccc(C#N)cc3)nc(N)n2)CC1,CHEMBL1867
CHEMBL597,Cc1ccc(N(CC2=NCCN2)c2cccc(O)c2)cc1,CHEMBL1867
CHEMBL273485,CC(Oc1ccccc1)C1=NCCN1,CHEMBL1867
CHEMBL492648,COC1(C2=NCCN2)COc2cccc(-c3ccccc3)c2O1,CHEMBL1867
CHEMBL492647,COC1(C2=NCCN2)COc2c(cccc2-c2ccccc2)O1,CHEMBL1867
CHEMBL522151,c1ccc(-c2cccc3c2OC(C2=NCCN2)CO3)cc1,CHEMBL1867
CHEMBL492444,c1ccc(-c2ccc3c(c2)OCC(C2=NCCN2)O3)cc1,CHEMBL1867
CHEMBL523048,c1ccc(-c2ccccc2OC(C2=NCCN2)c2ccccc2)cc1,CHEMBL1867
CHEMBL451229,CC(Oc1ccccc1C1CCCCC1)C1=NCCN1,CHEMBL1867
CHEMBL495096,CC(Oc1ccccc1C1CCCC1)C1=NCCN1,CHEMBL1867
CHEMBL495095,C=CCc1ccccc1OC(C)C1=NCCN1,CHEMBL1867
CHEMBL495097,CC(Oc1ccccc1/C=N/OCc1ccccc1)C1=NCCN1,CHEMBL1867
CHEMBL493675,CC(Oc1ccccc1/C=N/O)C1=NCCN1,CHEMBL1867
CHEMBL128168,CC(Oc1ccccc1-c1ccccc1)C1=NCCN1,CHEMBL1867
CHEMBL10332,COC1(C2=NCCN2)COc2ccccc2O1,CHEMBL1867
CHEMBL10316,c1ccc2c(c1)OCC(C1=NCCN1)O2,CHEMBL1867
CHEMBL494885,c1ccc(OC(C2=NCCN2)c2ccccc2)cc1,CHEMBL1867
CHEMBL128168,CC(Oc1ccccc1-c1ccccc1)C1=NCCN1,CHEMBL1867
CHEMBL451229,CC(Oc1ccccc1C1CCCCC1)C1=NCCN1,CHEMBL1867
CHEMBL495096,CC(Oc1ccccc1C1CCCC1)C1=NCCN1,CHEMBL1867
CHEMBL477816,O=C(NCCN1CCCN(CC2COc3ccccc3O2)CC1)c1cccnc1Oc1ccccc1,CHEMBL1867
CHEMBL478026,O=C(NCCN1CCN(CC2COc3ccccc3O2)CC1)c1cccnc1Oc1ccccc1,CHEMBL1867
CHEMBL515331,N#Cc1cccc(Oc2ncccc2C(=O)NCCN2CCCN(CC3COc4ccccc4O3)CC2)c1,CHEMBL1867
CHEMBL477608,CC(C)(C)Nc1ncccc1C(=O)NCCN1CCCN(CC2COc3ccccc3O2)CC1,CHEMBL1867
CHEMBL514837,CCCCOc1ncccc1C(=O)NCCN1CCCN(CC2COc3ccccc3O2)CC1,CHEMBL1867
CHEMBL476569,CCCCOc1cccc(C(=O)NCCN2CCCN(CC3COc4ccccc4O3)CC2)n1,CHEMBL1867
CHEMBL491419,c1ccc(Oc2ncccc2COCCN2CCCN(CC3COc4ccccc4O3)CC2)cc1,CHEMBL1867
CHEMBL491420,c1ccc(Oc2ncccc2-c2noc(CN3CCCN(CC4COc5ccccc5O4)CC3)n2)cc1,CHEMBL1867
CHEMBL179648,c1ccc(CN2CCN(CC3CCc4ccccc4O3)CC2)cc1,CHEMBL1867
CHEMBL524153,O=C(NCCN1CCCN(C[C@H]2COc3ccccc3O2)CC1)c1cccnc1Oc1ccccc1,CHEMBL1867
CHEMBL518592,COc1ccccc1N1CCN(CC2COc3ccccc3O2)CC1,CHEMBL1867
CHEMBL514837,CCCCOc1ncccc1C(=O)NCCN1CCCN(CC2COc3ccccc3O2)CC1,CHEMBL1867
CHEMBL476569,CCCCOc1cccc(C(=O)NCCN2CCCN(CC3COc4ccccc4O3)CC2)n1,CHEMBL1867
CHEMBL491419,c1ccc(Oc2ncccc2COCCN2CCCN(CC3COc4ccccc4O3)CC2)cc1,CHEMBL1867
CHEMBL491420,c1ccc(Oc2ncccc2-c2noc(CN3CCCN(CC4COc5ccccc5O4)CC3)n2)cc1,CHEMBL1867
CHEMBL179648,c1ccc(CN2CCN(CC3CCc4ccccc4O3)CC2)cc1,CHEMBL1867
CHEMBL15245,COC(=O)[C@@H]1[C@H]2C[C@H]3c4[nH]c5ccccc5c4CCN3C[C@@H]2CC[C@@H]1O,CHEMBL1867
CHEMBL512062,c1ccc(-c2ccccc2[C@@H]2Cc3nccn3C2)cc1,CHEMBL1867
CHEMBL512289,c1ccc([C@@H]2Cc3nccn3C2)c(-c2ccncc2)c1,CHEMBL1867
CHEMBL513871,CS(=O)(=O)Nc1cccc(-c2ccccc2[C@@H]2Cc3nccn3C2)c1,CHEMBL1867
CHEMBL469127,CNS(=O)(=O)CCc1ccccc1[C@@H]1Cc2nccn2C1,CHEMBL1867
CHEMBL466012,CNC(=O)c1cccc(-c2ccccc2[C@@H]2Cc3nccn3C2)c1,CHEMBL1867
CHEMBL584606,C=Cc1c(C)nn(CCCN2CCN(c3ccc(C)cc3)CC2)c(=O)c1N,CHEMBL1867
CHEMBL537669,COC(=O)[C@@H]1[C@H]2C[C@H]3c4[nH]c5ccccc5c4CCN3C[C@@H]2CC[C@@H]1O.Cl,CHEMBL1867
CHEMBL571314,CC(OC1=NCCN1)c1ccccc1,CHEMBL1867
CHEMBL570973,C=CCc1ccccc1C(C)OC1=NCCN1,CHEMBL1867
CHEMBL570863,Cc1ccccc1C(C)OC1=NCCN1,CHEMBL1867
CHEMBL576078,CCCc1ccccc1C(C)OC1=NCCN1,CHEMBL1867
CHEMBL576623,CC(OC1=NCCN1)c1ccccc1C1CC1,CHEMBL1867
CHEMBL13852,c1ccc(C2CC2)c(OCC2=NCCN2)c1,CHEMBL1867
CHEMBL576819,Cc1ccccc1COC1=NCCN1,CHEMBL1867
CHEMBL569933,CCCc1ccccc1COC1=NCCN1,CHEMBL1867
CHEMBL182150,CN(C)c1nc(N[C@H]2CC[C@@H](NC(=O)c3ccc(F)c(F)c3)CC2)nc2ccccc12,CHEMBL1867
CHEMBL568400,Cc1cc(N(C)C)nc(N[C@H]2CC[C@@H](NC(=O)c3ccc(Cl)c(Cl)c3)CC2)n1,CHEMBL1867
CHEMBL583014,Cc1cc(N(C)C)nc(N[C@H]2CC[C@@H](NC(=O)c3cc(C(F)(F)F)cc(C(F)(F)F)c3)CC2)n1,CHEMBL1867
CHEMBL577904,Cc1cnc(N[C@H]2CC[C@@H](CNC(=O)c3ccc(F)c(F)c3)CC2)nc1N(C)C,CHEMBL1867
CHEMBL566075,Cc1cnc(N[C@H]2CC[C@@H](CNC(=O)c3cc(C(F)(F)F)cc(C(F)(F)F)c3)CC2)nc1N(C)C,CHEMBL1867
CHEMBL589390,Cc1ccc2c(c1)c1c(n2CCc2ccc(C)nc2)CCN(C)C1,CHEMBL1867
CHEMBL605081,Cc1ccc(CCn2c3c(c4cc(C)ccc42)CN(C)CC3)cc1,CHEMBL1867
CHEMBL592752,Cc1ccc2c(c1)c1c(n2CCc2ccccc2)CCN(C)C1,CHEMBL1867
CHEMBL605405,Cc1ccc2c(c1)c1c(n2/C=C\c2ccccc2)CCN(C)C1,CHEMBL1867
CHEMBL1085510,CN1CC2C(=NO[C@H]2CN2CCN(C/C=C/c3ccccc3)CC2)c2ccccc21,CHEMBL1867
CHEMBL1221498,COc1ccccc1N1CCN(CCNC(=O)c2ccc3ccccc3c2)CC1,CHEMBL1867
CHEMBL1221499,COc1ccccc1N1CCN(CCNS(=O)(=O)c2ccc3ccccc3c2)CC1,CHEMBL1867
CHEMBL1221544,COc1ccccc1N1CCN(CCCNC(=O)c2ccc3ccccc3c2)CC1,CHEMBL1867
CHEMBL497749,COc1ccccc1N1CCN(CCCNS(=O)(=O)c2ccc3ccccc3c2)CC1,CHEMBL1867
CHEMBL25236,COc1ccccc1N1CCN(CCCCNC(=O)c2ccc3ccccc3c2)CC1,CHEMBL1867
CHEMBL1221545,COc1ccccc1N1CCN(CCCCNS(=O)(=O)c2ccc3ccccc3c2)CC1,CHEMBL1867
CHEMBL1221591,COc1ccccc1N1CCN(CCCCCNC(=O)c2ccc3ccccc3c2)CC1,CHEMBL1867
CHEMBL1221592,COc1ccccc1N1CCN(CCCCCNS(=O)(=O)c2ccc3ccccc3c2)CC1,CHEMBL1867
CHEMBL1221593,COc1ccccc1N1CCN(CCCCCCNC(=O)c2ccc3ccccc3c2)CC1,CHEMBL1867
CHEMBL1221594,COc1ccccc1N1CCN(CCCCCCNS(=O)(=O)c2ccc3ccccc3c2)CC1,CHEMBL1867
CHEMBL1255771,C[C@]12C[C@@]1(c1c[nH]cn1)Cc1ccccc12,CHEMBL1867
CHEMBL1255770,CC1(C)[C@@H]2c3ccccc3C[C@@]21c1c[nH]cn1,CHEMBL1867
CHEMBL1255724,CCC[C@H]1[C@@H]2c3ccccc3C[C@]12c1c[nH]cn1,CHEMBL1867
CHEMBL1255723,CC[C@H]1[C@@H]2c3ccccc3C[C@]12c1c[nH]cn1,CHEMBL1867
CHEMBL1256378,C[C@H]1[C@@H]2c3ccccc3C[C@]12c1c[nH]cn1,CHEMBL1867
CHEMBL1255617,c1ccc2c(c1)[C@H]1C[C@@]1(c1c[nH]cn1)C21CC1,CHEMBL1867
CHEMBL1255617,c1ccc2c(c1)[C@H]1C[C@@]1(c1c[nH]cn1)C21CC1,CHEMBL1867
CHEMBL1255617,c1ccc2c(c1)[C@H]1C[C@@]1(c1c[nH]cn1)C21CC1,CHEMBL1867
CHEMBL1255616,CCC[C@H]1c2ccccc2[C@H]2C[C@]21c1c[nH]cn1,CHEMBL1867
CHEMBL1256610,CC[C@H]1c2ccccc2[C@H]2C[C@]21c1c[nH]cn1,CHEMBL1867
CHEMBL1256609,C[C@H]1c2ccccc2[C@H]2C[C@]21c1c[nH]cn1,CHEMBL1867
CHEMBL1256608,CC(C)O[C@H]1c2ccccc2[C@H]2C[C@]21c1c[nH]cn1,CHEMBL1867
CHEMBL1256566,CCCO[C@H]1c2ccccc2[C@H]2C[C@]21c1c[nH]cn1,CHEMBL1867
CHEMBL1256565,CCO[C@H]1c2ccccc2[C@H]2C[C@]21c1c[nH]cn1,CHEMBL1867
CHEMBL1256503,CO[C@H]1c2ccccc2[C@H]2C[C@]21c1c[nH]cn1,CHEMBL1867
CHEMBL1256503,CO[C@H]1c2ccccc2[C@H]2C[C@]21c1c[nH]cn1,CHEMBL1867
CHEMBL1256503,CO[C@H]1c2ccccc2[C@H]2C[C@]21c1c[nH]cn1,CHEMBL1867
CHEMBL1256502,CO[C@@H]1c2ccccc2[C@H]2C[C@]21c1c[nH]cn1,CHEMBL1867
CHEMBL1256414,c1ccc2c(c1)C[C@]1(c3c[nH]cn3)C[C@H]21,CHEMBL1867
CHEMBL1256414,c1ccc2c(c1)C[C@]1(c3c[nH]cn3)C[C@H]21,CHEMBL1867
CHEMBL1256414,c1ccc2c(c1)C[C@]1(c3c[nH]cn3)C[C@H]21,CHEMBL1867
CHEMBL1255582,CCC1(c2c[nH]cn2)Cc2ccc(F)cc2C1,CHEMBL1867
CHEMBL353972,CCC1(c2c[nH]cn2)Cc2ccccc2C1,CHEMBL1867
CHEMBL273485,CC(Oc1ccccc1)C1=NCCN1,CHEMBL1867
CHEMBL128168,CC(Oc1ccccc1-c1ccccc1)C1=NCCN1,CHEMBL1867
CHEMBL242265,C[C@@H](Oc1ccccc1-c1ccccc1)C1=NCCN1,CHEMBL1867
CHEMBL396013,C[C@H](Oc1ccccc1-c1ccccc1)C1=NCCN1,CHEMBL1867
CHEMBL222928,CC(Oc1ccccc1-c1cccc([N+](=O)[O-])c1)C1=NCCN1,CHEMBL1867
CHEMBL242693,C[C@@H](Oc1ccccc1-c1cccc([N+](=O)[O-])c1)C1=NCCN1,CHEMBL1867
CHEMBL397753,C[C@H](Oc1ccccc1-c1cccc([N+](=O)[O-])c1)C1=NCCN1,CHEMBL1867
CHEMBL495095,C=CCc1ccccc1OC(C)C1=NCCN1,CHEMBL1867
CHEMBL1276139,C=CCc1ccccc1O[C@H](C)C1=NCCN1,CHEMBL1867
CHEMBL1276140,C=CCc1ccccc1O[C@@H](C)C1=NCCN1,CHEMBL1867
CHEMBL1276218,CC(Oc1ccccc1C1CC1)C1=NCCN1,CHEMBL1867
CHEMBL1276219,C[C@@H](Oc1ccccc1C1CC1)C1=NCCN1,CHEMBL1867
CHEMBL1276220,C[C@H](Oc1ccccc1C1CC1)C1=NCCN1,CHEMBL1867
CHEMBL385310,CC(Oc1ccccc1-c1ccsc1)C1=NCCN1,CHEMBL1867
CHEMBL1276247,C[C@@H](Oc1ccccc1-c1ccsc1)C1=NCCN1,CHEMBL1867
CHEMBL1276248,C[C@H](Oc1ccccc1-c1ccsc1)C1=NCCN1,CHEMBL1867
CHEMBL374584,CC(Oc1ccccc1-c1cccc(O)c1)C1=NCCN1,CHEMBL1867
CHEMBL1278084,C[C@@H](Oc1ccccc1-c1cccc(O)c1)C1=NCCN1,CHEMBL1867
CHEMBL1278085,C[C@H](Oc1ccccc1-c1cccc(O)c1)C1=NCCN1,CHEMBL1867
CHEMBL128168,CC(Oc1ccccc1-c1ccccc1)C1=NCCN1,CHEMBL1867
CHEMBL396013,C[C@H](Oc1ccccc1-c1ccccc1)C1=NCCN1,CHEMBL1867
CHEMBL385310,CC(Oc1ccccc1-c1ccsc1)C1=NCCN1,CHEMBL1867
CHEMBL1276248,C[C@H](Oc1ccccc1-c1ccsc1)C1=NCCN1,CHEMBL1867
CHEMBL134,Clc1cccc(Cl)c1NC1=NCCN1,CHEMBL1867
CHEMBL1641679,Cl.c1ccc2c(N=C3NCCN3)n[nH]c2c1,CHEMBL1867
CHEMBL1641681,Cl.Clc1cccc2[nH]nc(N=C3NCCN3)c12,CHEMBL1867
CHEMBL1641682,Cc1cccc2[nH]nc(N=C3NCCN3)c12.Cl,CHEMBL1867
CHEMBL1641689,Cl.Clc1cccc2c(N=C3NCCN3)n[nH]c12,CHEMBL1867
CHEMBL1437,NC[C@H](O)c1ccc(O)c(O)c1,CHEMBL1867
CHEMBL778,Cc1cccc([C@H](C)c2c[nH]cn2)c1C,CHEMBL1867
CHEMBL134,Clc1cccc(Cl)c1NC1=NCCN1,CHEMBL1867
CHEMBL1186220,c1ccc2c(c1)cnn2N=C1NCCN1,CHEMBL1867
CHEMBL1186774,Clc1cccc2c1cnn2N=C1NCCN1,CHEMBL1867
CHEMBL1186788,Cc1cccc2cnn(N=C3NCCN3)c12,CHEMBL1867
CHEMBL1641690,Clc1cccc2cnn(N=C3NCCN3)c12,CHEMBL1867
CHEMBL493,CC(C)C[C@H]1C(=O)N2CCC[C@H]2[C@]2(O)O[C@](NC(=O)[C@@H]3C=C4c5cccc6[nH]c(Br)c(c56)C[C@H]4N(C)C3)(C(C)C)C(=O)N12,CHEMBL1867
CHEMBL493,CC(C)C[C@H]1C(=O)N2CCC[C@H]2[C@]2(O)O[C@](NC(=O)[C@@H]3C=C4c5cccc6[nH]c(Br)c(c56)C[C@H]4N(C)C3)(C(C)C)C(=O)N12,CHEMBL1867
CHEMBL1201203,CN1[C@@H]2CC[C@H]1C[C@@H](OC(c1ccccc1)c1ccccc1)C2,CHEMBL1867
CHEMBL844,Brc1c(NC2=NCCN2)ccc2nccnc12,CHEMBL1867
CHEMBL844,Brc1c(NC2=NCCN2)ccc2nccnc12,CHEMBL1867
CHEMBL633,CCCCc1oc2ccccc2c1C(=O)c1cc(I)c(OCCN(CC)CC)c(I)c1,CHEMBL1867
CHEMBL633,CCCCc1oc2ccccc2c1C(=O)c1cc(I)c(OCCN(CC)CC)c(I)c1,CHEMBL1867
CHEMBL1403281,CC(C)C[C@H]1C(=O)N2CCC[C@H]2[C@]2(O)O[C@](NC(=O)[C@@H]3C=C4c5cccc6[nH]cc(c56)C[C@H]4N(C)C3)(C(C)C)C(=O)N12,CHEMBL1867
CHEMBL1403281,CC(C)C[C@H]1C(=O)N2CCC[C@H]2[C@]2(O)O[C@](NC(=O)[C@@H]3C=C4c5cccc6[nH]cc(c56)C[C@H]4N(C)C3)(C(C)C)C(=O)N12,CHEMBL1867
CHEMBL629,CN(C)CCC=C1c2ccccc2CCc2ccccc21,CHEMBL1867
CHEMBL1491,CCOC(=O)C1=C(COCCN)NC(C)=C(C(=O)OC)C1c1ccccc1Cl,CHEMBL1867
CHEMBL305660,CC(C)(C)c1ccc(C(=O)CCCN2CCC(OC(c3ccccc3)c3ccccc3)CC2)cc1,CHEMBL1867
CHEMBL64894,CN(C)c1ccc(C(=C2C=CC(=[N+](C)C)C=C2)c2ccc(N(C)C)cc2)cc1.[Cl-],CHEMBL1867
CHEMBL679,CNC[C@H](O)c1ccc(O)c(O)c1,CHEMBL1867
CHEMBL420,N=C(N)N/N=C/c1c(Cl)cccc1Cl,CHEMBL1867
CHEMBL420,N=C(N)N/N=C/c1c(Cl)cccc1Cl,CHEMBL1867
CHEMBL50588,CC[C@H]1CN2CCc3cc(OC)c(OC)cc3[C@@H]2C[C@@H]1C[C@H]1NCCc2cc(OC)c(OC)cc21,CHEMBL1867
CHEMBL50588,CC[C@H]1CN2CCc3cc(OC)c(OC)cc3[C@@H]2C[C@@H]1C[C@H]1NCCc2cc(OC)c(OC)cc21,CHEMBL1867
CHEMBL862,N=C(N)NC(=O)Cc1c(Cl)cccc1Cl,CHEMBL1867
CHEMBL862,N=C(N)NC(=O)Cc1c(Cl)cccc1Cl,CHEMBL1867
CHEMBL1385840,CC(C)[C@H]1C(=O)N2CCC[C@H]2[C@]2(O)O[C@](NC(=O)[C@@H]3C=C4c5cccc6[nH]cc(c56)C[C@H]4N(C)C3)(C(C)C)C(=O)N12,CHEMBL1867
CHEMBL1385840,CC(C)[C@H]1C(=O)N2CCC[C@H]2[C@]2(O)O[C@](NC(=O)[C@@H]3C=C4c5cccc6[nH]cc(c56)C[C@H]4N(C)C3)(C(C)C)C(=O)N12,CHEMBL1867
CHEMBL30008,Fc1ccc(C(c2ccc(F)cc2)N2CCN(C/C=C/c3ccccc3)CC2)cc1,CHEMBL1867
CHEMBL726,OCCN1CCN(CCCN2c3ccccc3Sc3ccc(C(F)(F)F)cc32)CC1,CHEMBL1867
CHEMBL726,OCCN1CCN(CCCN2c3ccccc3Sc3ccc(C(F)(F)F)cc32)CC1,CHEMBL1867
CHEMBL442,CN1C[C@H](C(=O)N[C@]2(C)O[C@@]3(O)[C@@H]4CCCN4C(=O)[C@H](Cc4ccccc4)N3C2=O)C=C2c3cccc4[nH]cc(c34)C[C@H]21,CHEMBL1867
CHEMBL442,CN1C[C@H](C(=O)N[C@]2(C)O[C@@]3(O)[C@@H]4CCCN4C(=O)[C@H](Cc4ccccc4)N3C2=O)C=C2c3cccc4[nH]cc(c34)C[C@H]21,CHEMBL1867
CHEMBL134,Clc1cccc(Cl)c1NC1=NCCN1,CHEMBL1867
CHEMBL134,Clc1cccc(Cl)c1NC1=NCCN1,CHEMBL1867
CHEMBL1255837,CC(C)[C@@]1(NC(=O)[C@@H]2C[C@@H]3c4cccc5[nH]cc(c45)C[C@H]3N(C)C2)O[C@@]2(O)[C@@H]3CCCN3C(=O)[C@H](Cc3ccccc3)N2C1=O.CS(=O)(=O)O,CHEMBL1867
CHEMBL1255837,CC(C)[C@@]1(NC(=O)[C@@H]2C[C@@H]3c4cccc5[nH]cc(c45)C[C@H]3N(C)C2)O[C@@]2(O)[C@@H]3CCCN3C(=O)[C@H](Cc3ccccc3)N2C1=O.CS(=O)(=O)O,CHEMBL1867
CHEMBL1732,CN1C[C@H](C(=O)N[C@]2(C)O[C@@]3(O)[C@@H]4CCCN4C(=O)[C@H](Cc4ccccc4)N3C2=O)C[C@@H]2c3cccc4[nH]cc(c34)C[C@H]21,CHEMBL1867
CHEMBL1732,CN1C[C@H](C(=O)N[C@]2(C)O[C@@]3(O)[C@@H]4CCCN4C(=O)[C@H](Cc4ccccc4)N3C2=O)C[C@@H]2c3cccc4[nH]cc(c34)C[C@H]21,CHEMBL1867
CHEMBL42,CN1CCN(C2=Nc3cc(Cl)ccc3Nc3ccccc32)CC1,CHEMBL1867
CHEMBL42,CN1CCN(C2=Nc3cc(Cl)ccc3Nc3ccccc32)CC1,CHEMBL1867
CHEMBL71,CN(C)CCCN1c2ccccc2Sc2ccc(Cl)cc21,CHEMBL1867
CHEMBL43064,C(=C/c1ccccc1)\CN1CCN(C(c2ccccc2)c2ccccc2)CC1,CHEMBL1867
CHEMBL516,CN1CCC(=C2c3ccccc3C=Cc3ccccc32)CC1,CHEMBL1867
CHEMBL516,CN1CCC(=C2c3ccccc3C=Cc3ccccc32)CC1,CHEMBL1867
CHEMBL723,COc1ccccc1OCCNCC(O)COc1cccc2[nH]c3ccccc3c12,CHEMBL1867
CHEMBL723,COc1ccccc1OCCNCC(O)COc1cccc2[nH]c3ccccc3c12,CHEMBL1867
CHEMBL334255,CCCCCCCCCCCCCCCC[n+]1ccccc1.[Br-],CHEMBL1867
CHEMBL334255,CCCCCCCCCCCCCCCC[n+]1ccccc1.[Br-],CHEMBL1867
CHEMBL1626,CN1CCC[C@@H]1CCO[C@](C)(c1ccccc1)c1ccc(Cl)cc1,CHEMBL1867
CHEMBL1626,CN1CCC[C@@H]1CCO[C@](C)(c1ccccc1)c1ccc(Cl)cc1,CHEMBL1867
CHEMBL762,Cc1cc(C(C)(C)C)c(O)c(C)c1CC1=NCCN1,CHEMBL1867
CHEMBL762,Cc1cc(C(C)(C)C)c(O)c(C)c1CC1=NCCN1,CHEMBL1867
CHEMBL564,CN(C)CCCN1c2ccccc2Sc2ccccc21,CHEMBL1867
CHEMBL643,CC(CN1c2ccccc2Sc2ccccc21)N(C)C,CHEMBL1867
CHEMBL531,CCCN1C[C@H](CSC)C[C@@H]2c3cccc4[nH]cc(c34)C[C@H]21,CHEMBL1867
CHEMBL531,CCCN1C[C@H](CSC)C[C@@H]2c3cccc4[nH]cc(c34)C[C@H]21,CHEMBL1867
CHEMBL715,Cc1cc2c(s1)Nc1ccccc1N=C2N1CCN(C)CC1,CHEMBL1867
CHEMBL597,Cc1ccc(N(CC2=NCCN2)c2cccc(O)c2)cc1,CHEMBL1867
CHEMBL597,Cc1ccc(N(CC2=NCCN2)c2cccc(O)c2)cc1,CHEMBL1867
CHEMBL1909072,NC(=O)C1CCN(CCCN2c3ccccc3Sc3ccc(Cl)cc32)CC1,CHEMBL1867
CHEMBL1909072,NC(=O)C1CCN(CCCN2c3ccccc3Sc3ccc(Cl)cc32)CC1,CHEMBL1867
CHEMBL445,CNCCC=C1c2ccccc2CCc2ccccc21,CHEMBL1867
CHEMBL728,CN1CCN(CCCN2c3ccccc3Sc3ccc(Cl)cc32)CC1,CHEMBL1867
CHEMBL728,CN1CCN(CCCN2c3ccccc3Sc3ccc(Cl)cc32)CC1,CHEMBL1867
CHEMBL6437,CN1CCN2c3ccccc3Cc3ccccc3C2C1,CHEMBL1867
CHEMBL6437,CN1CCN2c3ccccc3Cc3ccccc3C2C1,CHEMBL1867
CHEMBL1221512,CC[C@H](C)[C@@H](CO[C@@H](Cc1ccccc1)C(=O)N[C@@H](CCS(C)(=O)=O)C(=O)OC(C)C)NC[C@@H](N)CS,CHEMBL1867
CHEMBL19215,CN1C[C@H](CNC(=O)OCc2ccccc2)C[C@@H]2c3cccc4c3c(cn4C)C[C@H]21,CHEMBL1867
CHEMBL19215,CN1C[C@H](CNC(=O)OCc2ccccc2)C[C@@H]2c3cccc4c3c(cn4C)C[C@H]21,CHEMBL1867
CHEMBL157138,CCN(CC)C(=O)N[C@H]1C=C2c3cccc4[nH]cc(c34)C[C@H]2N(C)C1,CHEMBL1867
CHEMBL157138,CCN(CC)C(=O)N[C@H]1C=C2c3cccc4[nH]cc(c34)C[C@H]2N(C)C1,CHEMBL1867
CHEMBL1909065,CO[C@@H]1[C@@H](OC)[C@H](C)[C@@](O)(CC(=O)O)O[C@H]1[C@H](C)[C@H]1O[C@@]2(CC[C@@](C)([C@H]3CC[C@@](C)([C@@H]4O[C@@H]([C@H]5O[C@](C)(O)[C@H](C)C[C@@H]5C)C[C@@H]4O[C@@H]4C[C@H](OC)[C@@H](OC)[C@H](C)O4)O3)O2)C[C@H](O)[C@H]1C,CHEMBL1867
CHEMBL1909065,CO[C@@H]1[C@@H](OC)[C@H](C)[C@@](O)(CC(=O)O)O[C@H]1[C@H](C)[C@H]1O[C@@]2(CC[C@@](C)([C@H]3CC[C@@](C)([C@@H]4O[C@@H]([C@H]5O[C@](C)(O)[C@H](C)C[C@@H]5C)C[C@@H]4O[C@@H]4C[C@H](OC)[C@@H](OC)[C@H](C)O4)O3)O2)C[C@H](O)[C@H]1C,CHEMBL1867
CHEMBL6966,COc1ccc(CCN(C)CCCC(C#N)(c2ccc(OC)c(OC)c2)C(C)C)cc1OC,CHEMBL1867
CHEMBL15245,COC(=O)[C@@H]1[C@H]2C[C@H]3c4[nH]c5ccccc5c4CCN3C[C@@H]2CC[C@@H]1O,CHEMBL1867
CHEMBL15245,COC(=O)[C@@H]1[C@H]2C[C@H]3c4[nH]c5ccccc5c4CCN3C[C@@H]2CC[C@@H]1O,CHEMBL1867
CHEMBL479,CSc1ccc2c(c1)N(CCC1CCCCN1C)c1ccccc1S2,CHEMBL1867
CHEMBL479,CSc1ccc2c(c1)N(CCC1CCCCN1C)c1ccccc1S2,CHEMBL1867
CHEMBL85,Cc1nc2n(c(=O)c1CCN1CCC(c3noc4cc(F)ccc34)CC1)CCCC2,CHEMBL1867
CHEMBL85,Cc1nc2n(c(=O)c1CCN1CCC(c3noc4cc(F)ccc34)CC1)CCCC2,CHEMBL1867
CHEMBL809,CN[C@H]1CC[C@@H](c2ccc(Cl)c(Cl)c2)c2ccccc21,CHEMBL1867
CHEMBL809,CN[C@H]1CC[C@@H](c2ccc(Cl)c(Cl)c2)c2ccccc21,CHEMBL1867
CHEMBL833,Clc1ccccc1CN1CCc2sccc2C1,CHEMBL1867
CHEMBL134,Clc1cccc(Cl)c1NC1=NCCN1,CHEMBL1867
CHEMBL1437,NC[C@H](O)c1ccc(O)c(O)c1,CHEMBL1867
CHEMBL17860,CC(Oc1c(Cl)cccc1Cl)C1=NCCN1,CHEMBL1867
CHEMBL1956191,CC(Oc1ccccc1Cl)C1=NCCN1,CHEMBL1867
CHEMBL1956192,CC(Oc1ccccc1Br)C1=NCCN1,CHEMBL1867
CHEMBL1956193,CC(Oc1ccccc1C(F)(F)F)C1=NCCN1,CHEMBL1867
CHEMBL156336,CCc1ccccc1OC(C)C1=NCCN1,CHEMBL1867
CHEMBL266613,CC(Oc1ccccc1C(C)C)C1=NCCN1,CHEMBL1867
CHEMBL1956194,C=C(C)c1ccccc1OC(C)C1=NCCN1,CHEMBL1867
CHEMBL1956195,CC(Oc1ccccc1CC1CC1)C1=NCCN1,CHEMBL1867
CHEMBL1956196,CCOc1ccccc1OC(C)C1=NCCN1,CHEMBL1867
CHEMBL14208,CC(C)Oc1ccccc1OC(C)C1=NCCN1,CHEMBL1867
CHEMBL1956197,CC(Oc1ccccc1OC1CC1)C1=NCCN1,CHEMBL1867
CHEMBL1956199,COc1ccccc1OC(C)C1=NCCN1,CHEMBL1867
CHEMBL17860,CC(Oc1c(Cl)cccc1Cl)C1=NCCN1,CHEMBL1867
CHEMBL155866,Cc1cccc(C)c1OC(C)C1=NCCN1,CHEMBL1867
CHEMBL157955,CCc1cccc(CC)c1OC(C)C1=NCCN1,CHEMBL1867
CHEMBL157206,C=CCc1cccc(CC=C)c1OC(C)C1=NCCN1,CHEMBL1867
CHEMBL1956201,CC(Oc1ccccc1C=O)C1=NCCN1,CHEMBL1867
CHEMBL1956202,CC(=O)c1ccccc1OC(C)C1=NCCN1,CHEMBL1867
CHEMBL155866,Cc1cccc(C)c1OC(C)C1=NCCN1,CHEMBL1867
CHEMBL157955,CCc1cccc(CC)c1OC(C)C1=NCCN1,CHEMBL1867
CHEMBL10316,c1ccc2c(c1)OCC(C1=NCCN1)O2,CHEMBL1867
CHEMBL2022280,CN1CCN(C2=Nc3cc(Cl)ccc3Oc3ncccc32)CC1.O=C(O)/C=C/C(=O)O,CHEMBL1867
CHEMBL42,CN1CCN(C2=Nc3cc(Cl)ccc3Nc3ccccc32)CC1,CHEMBL1867
CHEMBL134,Clc1cccc(Cl)c1NC1=NCCN1,CHEMBL1867
CHEMBL289480,C1COC(NC(C2CC2)C2CC2)=N1,CHEMBL1867
CHEMBL495095,C=CCc1ccccc1OC(C)C1=NCCN1,CHEMBL1867
CHEMBL1276139,C=CCc1ccccc1O[C@H](C)C1=NCCN1,CHEMBL1867
CHEMBL1276140,C=CCc1ccccc1O[C@@H](C)C1=NCCN1,CHEMBL1867
CHEMBL1956195,CC(Oc1ccccc1CC1CC1)C1=NCCN1,CHEMBL1867
CHEMBL2089155,C[C@@H](Oc1ccccc1CC1CC1)C1=NCCN1,CHEMBL1867
CHEMBL2089156,C[C@H](Oc1ccccc1CC1CC1)C1=NCCN1,CHEMBL1867
CHEMBL326702,CCS(=O)(=O)Nc1cccc(Cc2c[nH]cn2)c1,CHEMBL1867
CHEMBL2261346,Br.CS(=O)(=O)Nc1c(O)ccc2c1CCCC2C1=NCCN1,CHEMBL1867
CHEMBL513389,Cc1ccc(OCC(O)C(C)NC(C)C)c2c1CCC2,CHEMBL1867
CHEMBL15245,COC(=O)[C@@H]1[C@H]2C[C@H]3c4[nH]c5ccccc5c4CCN3C[C@@H]2CC[C@@H]1O,CHEMBL1867
CHEMBL15245,COC(=O)[C@@H]1[C@H]2C[C@H]3c4[nH]c5ccccc5c4CCN3C[C@@H]2CC[C@@H]1O,CHEMBL1867
CHEMBL481153,O=C(OCCN1CCCC1)N1c2ccccc2Sc2ccccc21,CHEMBL1867
CHEMBL2413154,COc1ccccc1N1CCN(CCCCn2ncc(=O)n(C)c2=O)CC1,CHEMBL1867
CHEMBL2431280,c1ccc(OC2CC2)c(OCC2=NCCN2)c1,CHEMBL1867
CHEMBL2431279,Brc1ccccc1OCC1=NCCN1,CHEMBL1867
CHEMBL13917,CCCc1ccccc1OCC1=NCCN1,CHEMBL1867
CHEMBL13852,c1ccc(C2CC2)c(OCC2=NCCN2)c1,CHEMBL1867
CHEMBL2431281,c1ccc(OCC2=NCCN2)c(CC2CC2)c1,CHEMBL1867
CHEMBL14107,C=CCc1ccccc1OCC1=NCCN1,CHEMBL1867
CHEMBL1956197,CC(Oc1ccccc1OC1CC1)C1=NCCN1,CHEMBL1867
CHEMBL1956192,CC(Oc1ccccc1Br)C1=NCCN1,CHEMBL1867
CHEMBL2431282,CCCc1ccccc1OC(C)C1=NCCN1,CHEMBL1867
CHEMBL1276220,C[C@H](Oc1ccccc1C1CC1)C1=NCCN1,CHEMBL1867
CHEMBL1276219,C[C@@H](Oc1ccccc1C1CC1)C1=NCCN1,CHEMBL1867
CHEMBL1276218,CC(Oc1ccccc1C1CC1)C1=NCCN1,CHEMBL1867
CHEMBL2089156,C[C@H](Oc1ccccc1CC1CC1)C1=NCCN1,CHEMBL1867
CHEMBL2089155,C[C@@H](Oc1ccccc1CC1CC1)C1=NCCN1,CHEMBL1867
CHEMBL1956195,CC(Oc1ccccc1CC1CC1)C1=NCCN1,CHEMBL1867
CHEMBL1276140,C=CCc1ccccc1O[C@@H](C)C1=NCCN1,CHEMBL1867
CHEMBL1276139,C=CCc1ccccc1O[C@H](C)C1=NCCN1,CHEMBL1867
CHEMBL495095,C=CCc1ccccc1OC(C)C1=NCCN1,CHEMBL1867
CHEMBL2436555,Cl.NC1=Nc2ccc(Cl)cc2CN1,CHEMBL1867
CHEMBL2436555,Cl.NC1=Nc2ccc(Cl)cc2CN1,CHEMBL1867
CHEMBL762,Cc1cc(C(C)(C)C)c(O)c(C)c1CC1=NCCN1,CHEMBL1867
CHEMBL762,Cc1cc(C(C)(C)C)c(O)c(C)c1CC1=NCCN1,CHEMBL1867
CHEMBL3104091,CN1CCc2c(c3cccc4c3n2-c2ccccc2CC4)C1,CHEMBL1867
CHEMBL3104091,CN1CCc2c(c3cccc4c3n2-c2ccccc2CC4)C1,CHEMBL1867
CHEMBL1112,O=C1CCc2ccc(OCCCCN3CCN(c4cccc(Cl)c4Cl)CC3)cc2N1,CHEMBL1867
CHEMBL3217984,CN1CCC2C(C1)c1cccc3c1N2c1ccccc1CS3,CHEMBL1867
CHEMBL1256176,COC1(C2=NCCN2)COc2ccccc2O1.Cl,CHEMBL1867
CHEMBL1705,Cl.Clc1cccc(Cl)c1NC1=NCCN1,CHEMBL1867
CHEMBL3289532,CN(C)c1ccc(/N=C(/N)NCc2ccco2)cc1.Cl,CHEMBL1867
CHEMBL3289521,Cl.N=C(Nc1ccccc1)Nc1ccc2c(c1)CCCC2,CHEMBL1867
CHEMBL3289540,CCOc1ccc(NC(=N)N)cc1.Cl,CHEMBL1867
CHEMBL3289551,CCOc1ccc(N=C2NCCN2)cc1.Cl,CHEMBL1867
CHEMBL1186220,c1ccc2c(c1)cnn2N=C1NCCN1,CHEMBL1867
CHEMBL3343699,Fc1ccc2cnn(N=C3NCCN3)c2c1,CHEMBL1867
CHEMBL3343700,Fc1cccc2cnn(N=C3NCCN3)c12,CHEMBL1867
CHEMBL3343699,Fc1ccc2cnn(N=C3NCCN3)c2c1,CHEMBL1867
CHEMBL3343700,Fc1cccc2cnn(N=C3NCCN3)c12,CHEMBL1867
CHEMBL1437,NC[C@H](O)c1ccc(O)c(O)c1,CHEMBL1867
CHEMBL1186220,c1ccc2c(c1)cnn2N=C1NCCN1,CHEMBL1867
CHEMBL3335523,CCNC(=O)[C@H]1O[C@@H](n2cnc3c(N)nc(NCCc4ccc(CCC(=O)Nc5ccc(OC(C)=O)c([N+](=O)[O-])c5)cc4)nc32)[C@H](O)[C@@H]1O,CHEMBL1867
CHEMBL3735756,COc1ccc(CCN(CCCc2ccccc2)CCc2ccc3c(c2)OCO3)cc1OC,CHEMBL1867
CHEMBL3754496,C=CCN(CC=C)CCc1c[nH]c2ccc(F)cc12,CHEMBL1867
CHEMBL3752900,C=CCN(CC=C)CCc1c[nH]c2ccc(Cl)cc12,CHEMBL1867
CHEMBL3754166,C=CCN(CC=C)CCc1c[nH]c2ccc(Br)cc12,CHEMBL1867
CHEMBL3753318,C=CCN(CC=C)CCc1c[nH]c2ccc(C)cc12,CHEMBL1867
CHEMBL2391541,C=CCN(CC=C)CCc1c[nH]c2ccc(OC)cc12,CHEMBL1867
CHEMBL3752576,C=CCN(CC=C)CCc1c[nH]c2ccccc12,CHEMBL1867
CHEMBL3769968,C=CCOc1cc(F)c(F)cc1C1CC1CN.Cl,CHEMBL1867
CHEMBL679,CNC[C@H](O)c1ccc(O)c(O)c1,CHEMBL1867
CHEMBL289480,C1COC(NC(C2CC2)C2CC2)=N1,CHEMBL1867
CHEMBL57895,CCC1(C2=NCCN2)Cc2ccccc2O1,CHEMBL1867
CHEMBL134,Clc1cccc(Cl)c1NC1=NCCN1,CHEMBL1867
CHEMBL778,Cc1cccc([C@H](C)c2c[nH]cn2)c1C,CHEMBL1867
CHEMBL353972,CCC1(c2c[nH]cn2)Cc2ccccc2C1,CHEMBL1867
CHEMBL679,CNC[C@H](O)c1ccc(O)c(O)c1,CHEMBL1867
CHEMBL289480,C1COC(NC(C2CC2)C2CC2)=N1,CHEMBL1867
CHEMBL134,Clc1cccc(Cl)c1NC1=NCCN1,CHEMBL1867
CHEMBL778,Cc1cccc([C@H](C)c2c[nH]cn2)c1C,CHEMBL1867
CHEMBL337862,c1ccc(-c2ccccc2NCC2=NCCN2)cc1,CHEMBL1867
CHEMBL844,Brc1c(NC2=NCCN2)ccc2nccnc12,CHEMBL1867
CHEMBL778,Cc1cccc([C@H](C)c2c[nH]cn2)c1C,CHEMBL1867
CHEMBL134,Clc1cccc(Cl)c1NC1=NCCN1,CHEMBL1867
CHEMBL1079,Clc1ccc2nsnc2c1NC1=NCCN1,CHEMBL1867
CHEMBL1215,CNC[C@H](O)c1cccc(O)c1,CHEMBL1867
CHEMBL267014,Clc1ccc(N2CCN(Cc3c[nH]c4ncccc34)CC2)cc1,CHEMBL1867
CHEMBL146556,c1ccc2c(c1)CC(CN1CCN(c3ccc4c(c3)OCCO4)CC1)C2,CHEMBL1867
CHEMBL4216870,NCCCCCCn1cc(CCCCN2CCC(c3ccc(-c4cc(C(=O)O)cc5cc(-c6ccc(C(F)(F)F)cc6)ccc45)cc3)CC2)nn1,CHEMBL1867
CHEMBL1626,CN1CCC[C@@H]1CCO[C@](C)(c1ccccc1)c1ccc(Cl)cc1,CHEMBL1867
CHEMBL4438801,CCOP(=O)(OCC)C1(c2ccccc2)N=CC2C(=O)N(c3cccc([N+](=O)[O-])c3)C(=O)C21,CHEMBL1867
CHEMBL4438158,CCOP(=O)(OCC)C1(c2ccccc2)N=CC2C(=O)N(Cc3ccccc3)C(=O)C21,CHEMBL1867
CHEMBL4554450,CCOP(=O)(OCC)C1(c2ccccc2)N=CC2C(=O)N(C(C)(C)C)C(=O)C21,CHEMBL1867
CHEMBL4568994,CCOP(=O)(OCC)C1(Cc2ccc(F)cc2)N=CC2C(=O)N(c3ccccc3)C(=O)C21,CHEMBL1867
CHEMBL4454147,CCOP(=O)(OCC)C1(c2ccc(F)cc2)N=CC2C(=O)N(c3ccccc3)C(=O)C21,CHEMBL1867
CHEMBL4450506,CCOP(=O)(OCC)C1(c2ccccc2)N=CC2C(=O)N(c3ccc(F)c(Cl)c3)C(=O)C21,CHEMBL1867
CHEMBL4482861,CCOP(=O)(OCC)C1(c2ccccc2)N=CC2C(=O)N(c3ccccc3)C(=O)C21,CHEMBL1867
CHEMBL4535472,CCOP(=O)(OCC)C1(c2ccccc2)N=CC2C(=O)N(C3CCCCC3)C(=O)C21,CHEMBL1867
CHEMBL4536304,CCOP(=O)(OCC)C1N=CC2C(=O)N(c3ccc(OC)cc3)C(=O)C21,CHEMBL1867
CHEMBL4439953,CCOP(=O)(OCC)C1N=CC2C(=O)N(c3ccc(F)c(Cl)c3)C(=O)C21,CHEMBL1867
CHEMBL4483022,CCOP(=O)(OCC)C1N=CC2C(=O)N(C3CCCCC3)C(=O)C21,CHEMBL1867
CHEMBL4467833,CCOP(=O)(OCC)C1N=CC2C(=O)N(C)C(=O)C21,CHEMBL1867
CHEMBL404505,c1ccc2oc(C3=NCCN3)cc2c1,CHEMBL1867
CHEMBL15245,COC(=O)[C@@H]1[C@H]2C[C@H]3c4[nH]c5ccccc5c4CCN3C[C@@H]2CC[C@@H]1O,CHEMBL1867
CHEMBL4083252,COc1ccccc1N1CCN(CCCSc2nnc(-c3ccccc3)n2C)CC1,CHEMBL1867
CHEMBL301265,CCCN[C@H]1CCc2nc(N)sc2C1,CHEMBL1867
CHEMBL4784373,CC(=O)Nc1ccc(OCCCN2CCC(c3noc4cc(F)ccc34)CC2)cc1,CHEMBL1867
CHEMBL85,Cc1nc2n(c(=O)c1CCN1CCC(c3noc4cc(F)ccc34)CC1)CCCC2,CHEMBL1867
CHEMBL4794963,CC(=O)Nc1ccc(OCCCCN2CCC(c3noc4cc(F)ccc34)CC2)cc1,CHEMBL1867
CHEMBL4867565,O=S(=O)(c1cccc(F)c1)n1ccc2c(N3CCNCC3)nc3ccccc3c21,CHEMBL1867
CHEMBL4520788,CNCc1ccccc1-c1csc([C@H](C)Nc2nc(C)nc3cc(OC)c(OC)cc23)c1,CHEMBL1867
CHEMBL4520788,CNCc1ccccc1-c1csc([C@H](C)Nc2nc(C)nc3cc(OC)c(OC)cc23)c1,CHEMBL1867
CHEMBL4558518,CC(C)(C)OC(=O)N1CCCC1CNC1CCC(c2cc(F)ccc2F)(S(=O)(=O)c2ccc(Cl)cc2)CC1,CHEMBL1867
CHEMBL4558518,CC(C)(C)OC(=O)N1CCCC1CNC1CCC(c2cc(F)ccc2F)(S(=O)(=O)c2ccc(Cl)cc2)CC1,CHEMBL1867
CHEMBL4860528,CCCCCNC(=O)/N=C(\N)NCCCc1sc(N)nc1C,CHEMBL1867
CHEMBL5207281,CCCCCNC(=O)/N=C(\N)NCCCc1nnc(N)s1.O=C(O)C(F)(F)F.O=C(O)C(F)(F)F,CHEMBL1867
CHEMBL5206565,N/C(=N\C(=O)NCc1ccccc1)NCCCc1nnc(N)s1.O=C(O)C(F)(F)F.O=C(O)C(F)(F)F,CHEMBL1867
CHEMBL5201074,C[C@@H](NC(=O)/N=C(\N)NCCCc1ncn[nH]1)c1ccccc1.Cl.Cl,CHEMBL1867
CHEMBL4520788,CNCc1ccccc1-c1csc([C@H](C)Nc2nc(C)nc3cc(OC)c(OC)cc23)c1,CHEMBL1867
CHEMBL4558518,CC(C)(C)OC(=O)N1CCCC1CNC1CCC(c2cc(F)ccc2F)(S(=O)(=O)c2ccc(Cl)cc2)CC1,CHEMBL1867
CHEMBL17860,CC(Oc1c(Cl)cccc1Cl)C1=NCCN1,CHEMBL1867
CHEMBL1112,O=C1CCc2ccc(OCCCCN3CCN(c4cccc(Cl)c4Cl)CC3)cc2N1,CHEMBL1867
CHEMBL134,Clc1cccc(Cl)c1NC1=NCCN1,CHEMBL1867
CHEMBL1079,Clc1ccc2nsnc2c1NC1=NCCN1,CHEMBL1867
CHEMBL312448,Cc1cc(C(C)(C)C)cc(C)c1CC1=NCCN1,CHEMBL1867
CHEMBL723,COc1ccccc1OCCNCC(O)COc1cccc2[nH]c3ccccc3c12,CHEMBL1867
CHEMBL15245,COC(=O)[C@@H]1[C@H]2C[C@H]3c4[nH]c5ccccc5c4CCN3C[C@@H]2CC[C@@H]1O,CHEMBL1867
CHEMBL42,CN1CCN(C2=Nc3cc(Cl)ccc3Nc3ccccc32)CC1,CHEMBL1867
CHEMBL6437,CN1CCN2c3ccccc3Cc3ccccc3C2C1,CHEMBL1867
CHEMBL14376,COc1cc(C(C)=O)ccc1OCCCN1CCC(c2noc3cc(F)ccc23)CC1,CHEMBL1867
CHEMBL76370,CCCCCNC(=N)N/N=C/c1c[nH]c2ccc(OC)cc12,CHEMBL1867
CHEMBL1732,CN1C[C@H](C(=O)N[C@]2(C)O[C@@]3(O)[C@@H]4CCCN4C(=O)[C@H](Cc4ccccc4)N3C2=O)C[C@@H]2c3cccc4[nH]cc(c34)C[C@H]21,CHEMBL1867
CHEMBL398880,CN(C)S(=O)(=O)c1ccc2c(c1)N(CCCN1CCC(CCO)CC1)c1ccccc1S2,CHEMBL1867
CHEMBL76725,N=C(N)NCC1COc2ccccc2O1,CHEMBL1867
CHEMBL152408,CN1CCC(=C2c3ccccc3Sc3ccccc32)CC1,CHEMBL1867
CHEMBL2110775,NC(=O)C1(N2CCCCC2)CCN(CCCN2c3ccccc3CCc3ccccc32)CC1,CHEMBL1867
CHEMBL1472975,O=C1[C@H]2CCCC[C@H]2C(=O)N1CCCCN1CCN(c2nsc3ccccc23)CC1,CHEMBL1867
CHEMBL1112,O=C1CCc2ccc(OCCCCN3CCN(c4cccc(Cl)c4Cl)CC3)cc2N1,CHEMBL1867
CHEMBL85,Cc1nc2n(c(=O)c1CCN1CCC(c3noc4cc(F)ccc34)CC1)CCCC2,CHEMBL1867
CHEMBL1372950,CO[C@]12C[C@@H](COC(=O)c3cncc(Br)c3)CN(C)[C@@H]1Cc1cn(C)c3cccc2c13,CHEMBL1867
CHEMBL420,N=C(N)N/N=C/c1c(Cl)cccc1Cl,CHEMBL1867
CHEMBL50588,CC[C@H]1CN2CCc3cc(OC)c(OC)cc3[C@@H]2C[C@@H]1C[C@H]1NCCc2cc(OC)c(OC)cc21,CHEMBL1867
CHEMBL1106,NC1=NCC2c3ccccc3Cc3ccccc3N12,CHEMBL1867
CHEMBL1237021,O=C1[C@@H]2[C@H]3CC[C@H](C3)[C@@H]2C(=O)N1C[C@@H]1CCCC[C@H]1CN1CCN(c2nsc3ccccc23)CC1,CHEMBL1867
CHEMBL1266,c1ccc2c(c1)CCCC2C1=NCCN1,CHEMBL1867
CHEMBL2107015,c1ccc2c(SC3=NCCN3)c[nH]c2c1,CHEMBL1867
CHEMBL15245,COC(=O)[C@@H]1[C@H]2C[C@H]3c4[nH]c5ccccc5c4CCN3C[C@@H]2CC[C@@H]1O,CHEMBL1867
CHEMBL1201087,C=CCN1C[C@H](C(=O)N(CCCN(C)C)C(=O)NCC)C[C@@H]2c3cccc4[nH]cc(c34)C[C@H]21,CHEMBL1867
CHEMBL588,Oc1ccc(C2CNCCc3c2cc(O)c(O)c3Cl)cc1,CHEMBL1867
CHEMBL42,CN1CCN(C2=Nc3cc(Cl)ccc3Nc3ccccc32)CC1,CHEMBL1867
CHEMBL157138,CCN(CC)C(=O)N[C@H]1C=C2c3cccc4[nH]cc(c34)C[C@H]2N(C)C1,CHEMBL1867
CHEMBL142635,COc1ccccc1N1CCN(CC(O)COc2cccc3ccccc23)CC1,CHEMBL1867
CHEMBL6437,CN1CCN2c3ccccc3Cc3ccccc3C2C1,CHEMBL1867
CHEMBL14376,COc1cc(C(C)=O)ccc1OCCCN1CCC(c2noc3cc(F)ccc23)CC1,CHEMBL1867
CHEMBL19215,CN1C[C@H](CNC(=O)OCc2ccccc2)C[C@@H]2c3cccc4c3c(cn4C)C[C@H]21,CHEMBL1867
CHEMBL493,CC(C)C[C@H]1C(=O)N2CCC[C@H]2[C@]2(O)O[C@](NC(=O)[C@@H]3C=C4c5cccc6[nH]c(Br)c(c56)C[C@H]4N(C)C3)(C(C)C)C(=O)N12,CHEMBL1867
CHEMBL2104895,CN1CCC2=C(C1)c1ccccc1Cc1ccccc12,CHEMBL1867
CHEMBL1378,CCSc1ccc2c(c1)N(CCCN1CCN(C)CC1)c1ccccc1S2,CHEMBL1867
CHEMBL761,c1ccc2c(CC3=NCCN3)cccc2c1,CHEMBL1867
CHEMBL1112,O=C1CCc2ccc(OCCCCN3CCN(c4cccc(Cl)c4Cl)CC3)cc2N1,CHEMBL1867
CHEMBL85,Cc1nc2n(c(=O)c1CCN1CCC(c3noc4cc(F)ccc34)CC1)CCCC2,CHEMBL1867
CHEMBL862,N=C(N)NC(=O)Cc1c(Cl)cccc1Cl,CHEMBL1867
CHEMBL77921,Cc1cccc(C(C)c2c[nH]cn2)c1C,CHEMBL1867
CHEMBL134,Clc1cccc(Cl)c1NC1=NCCN1,CHEMBL1867
CHEMBL312448,Cc1cc(C(C)(C)C)cc(C)c1CC1=NCCN1,CHEMBL1867
CHEMBL15245,COC(=O)[C@@H]1[C@H]2C[C@H]3c4[nH]c5ccccc5c4CCN3C[C@@H]2CC[C@@H]1O,CHEMBL1867
CHEMBL597,Cc1ccc(N(CC2=NCCN2)c2cccc(O)c2)cc1,CHEMBL1867
CHEMBL1437,NC[C@H](O)c1ccc(O)c(O)c1,CHEMBL1867
CHEMBL3187365,CN1CC2c3ccccc3Oc3ccc(Cl)cc3C2C1,CHEMBL1867
CHEMBL6437,CN1CCN2c3ccccc3Cc3ccccc3C2C1,CHEMBL1867
CHEMBL1732,CN1C[C@H](C(=O)N[C@]2(C)O[C@@]3(O)[C@@H]4CCCN4C(=O)[C@H](Cc4ccccc4)N3C2=O)C[C@@H]2c3cccc4[nH]cc(c34)C[C@H]21,CHEMBL1867
CHEMBL761,c1ccc2c(CC3=NCCN3)cccc2c1,CHEMBL1867
CHEMBL2365712,CC(C)[C@H]1C(=O)N2CCC[C@H]2[C@]2(O)O[C@](NC(=O)[C@@H]3C[C@@H]4c5cccc6[nH]cc(c56)C[C@H]4N(C)C3)(C(C)C)C(=O)N12,CHEMBL1867
CHEMBL312448,Cc1cc(C(C)(C)C)cc(C)c1CC1=NCCN1,CHEMBL1867
CHEMBL15245,COC(=O)[C@@H]1[C@H]2C[C@H]3c4[nH]c5ccccc5c4CCN3C[C@@H]2CC[C@@H]1O,CHEMBL1867
CHEMBL73151,CCN(CC)C(=O)N[C@H]1C[C@@H]2c3cccc4[nH]cc(c34)C[C@H]2N(C)C1,CHEMBL1867
CHEMBL3187365,CN1CC2c3ccccc3Oc3ccc(Cl)cc3C2C1,CHEMBL1867
CHEMBL442,CN1C[C@H](C(=O)N[C@]2(C)O[C@@]3(O)[C@@H]4CCCN4C(=O)[C@H](Cc4ccccc4)N3C2=O)C=C2c3cccc4[nH]cc(c34)C[C@H]21,CHEMBL1867
CHEMBL1371770,c1cnc(N2CCN(Cc3ccc4c(c3)OCO4)CC2)nc1,CHEMBL1867
CHEMBL761,c1ccc2c(CC3=NCCN3)cccc2c1,CHEMBL1867
CHEMBL679,CNC[C@H](O)c1ccc(O)c(O)c1,CHEMBL1867
CHEMBL679,CNC[C@H](O)c1ccc(O)c(O)c1,CHEMBL1867
CHEMBL762,Cc1cc(C(C)(C)C)c(O)c(C)c1CC1=NCCN1,CHEMBL1867
CHEMBL17860,CC(Oc1c(Cl)cccc1Cl)C1=NCCN1,CHEMBL1867
CHEMBL19236,COc1nc(C)nc(Cl)c1NC1=NCCN1,CHEMBL1867
CHEMBL862,N=C(N)NC(=O)Cc1c(Cl)cccc1Cl,CHEMBL1867
CHEMBL134,Clc1cccc(Cl)c1NC1=NCCN1,CHEMBL1867
CHEMBL1079,Clc1ccc2nsnc2c1NC1=NCCN1,CHEMBL1867
CHEMBL279085,C=CCN1CCc2nc(N)sc2CC1,CHEMBL1867
CHEMBL1437,NC[C@H](O)c1ccc(O)c(O)c1,CHEMBL1867
CHEMBL844,Brc1c(NC2=NCCN2)ccc2nccnc12,CHEMBL1867
CHEMBL761,c1ccc2c(CC3=NCCN3)cccc2c1,CHEMBL1867
CHEMBL4297337,[11CH3]OCc1cccnc1N1CCN(C[C@H]2COc3ccccc3O2)CC1,CHEMBL1867
CHEMBL5400232,COc1ccccc1N1CCN(CCCNC(=O)Nc2ccccc2-c2ccccc2)CC1,CHEMBL1867
CHEMBL5394229,COc1ccccc1N1CCN(CCCNC(=O)Nc2ccccc2-c2ccc(-c3ccccc3)cc2)CC1,CHEMBL1867
CHEMBL5425252,COc1ccccc1N1CCN(CCCNC(=O)NCc2ccccc2-c2ccccc2)CC1,CHEMBL1867
CHEMBL5403204,COc1ccc(-c2ccccc2)c(CNC(=O)NCCCN2CCN(c3ccccc3OC)CC2)c1,CHEMBL1867
CHEMBL2106195,Cc1cccc([C@H](C)c2c[nH]cn2)c1C.Cl,CHEMBL1867
CHEMBL103769,S=C(NCCCc1c[nH]cn1)NCCCN(Cc1ccc(Cl)c(Cl)c1)c1ccc(Br)cn1,CHEMBL1867
CHEMBL543113,CN1C2CCC1CC(OC(c1ccc(F)cc1)c1ccc(F)cc1)C2.Cl,CHEMBL1867
CHEMBL2105760,O=c1ccc2ccc(OCCCCN3CCN(c4cccc5sccc45)CC3)cc2[nH]1,CHEMBL1867
CHEMBL2062257,Brc1c(NC2=NCCN2)ccc2nccnc12.O=C(O)C(O)C(O)C(=O)O,CHEMBL1867
CHEMBL1200517,CN1C[C@H](C(=O)N[C@]2(C)O[C@@]3(O)[C@@H]4CCCN4C(=O)[C@H](Cc4ccccc4)N3C2=O)C[C@@H]2c3cccc4[nH]cc(c34)C[C@H]21.CS(=O)(=O)O,CHEMBL1867
CHEMBL1257131,COC(=O)[C@H]1[C@H]2C[C@H]3c4[nH]c5ccccc5c4CCN3C[C@H]2CC[C@@H]1O.Cl,CHEMBL1867
CHEMBL1705,Cl.Clc1cccc(Cl)c1NC1=NCCN1,CHEMBL1867
CHEMBL540612,COc1ccccc1N1CCN(CCCCNC(=O)c2ccc3ccccc3c2)CC1.Cl,CHEMBL1867
CHEMBL5075931,NCCc1cn(S(=O)(=O)c2c(Cl)nc3sccn23)c2ccccc12.O=C(O)C(=O)O,CHEMBL1867
CHEMBL1256876,Cl.NC[C@@H]1O[C@H](C23CC4CC(CC(C4)C2)C3)Cc2c1ccc(O)c2O,CHEMBL1867
CHEMBL2106195,Cc1cccc([C@H](C)c2c[nH]cn2)c1C.Cl,CHEMBL1867
CHEMBL1200791,Cc1cc(C(C)(C)C)c(O)c(C)c1CC1=NCCN1.Cl,CHEMBL1867
CHEMBL4803066,O=c1c2cccn2c2ccccc2n1CCCN1CCC(c2ccc(Cl)cc2)CC1,CHEMBL1867
CHEMBL1201087,C=CCN1C[C@H](C(=O)N(CCCN(C)C)C(=O)NCC)C[C@@H]2c3cccc4[nH]cc(c34)C[C@H]21,CHEMBL1867
CHEMBL1200329,Cl.Clc1ccc2nsnc2c1NC1=NCCN1,CHEMBL1867
CHEMBL2062257,Brc1c(NC2=NCCN2)ccc2nccnc12.O=C(O)C(O)C(O)C(=O)O,CHEMBL1867
CHEMBL1200494,Cl.N=C(N)NC(=O)Cc1c(Cl)cccc1Cl,CHEMBL1867
CHEMBL1257131,COC(=O)[C@H]1[C@H]2C[C@H]3c4[nH]c5ccccc5c4CCN3C[C@H]2CC[C@@H]1O.Cl,CHEMBL1867
CHEMBL1257131,COC(=O)[C@H]1[C@H]2C[C@H]3c4[nH]c5ccccc5c4CCN3C[C@H]2CC[C@@H]1O.Cl,CHEMBL1867
CHEMBL5087452,NC[C@H](O)c1ccc(O)c(O)c1.O.O=C(O)[C@H](O)[C@@H](O)C(=O)O,CHEMBL1867
CHEMBL1705,Cl.Clc1cccc(Cl)c1NC1=NCCN1,CHEMBL1867
CHEMBL679,CNC[C@H](O)c1ccc(O)c(O)c1,CHEMBL1867
CHEMBL5084234,CSc1ccccc1N1CCN(CCCCCC(=O)NC2CCCc3ccccc32)CC1.Cl,CHEMBL1867
CHEMBL520992,Br.Cc1cccc(C2CN(C)CCc3c2cc(O)c(O)c3Cl)c1,CHEMBL1867
CHEMBL2261346,Br.CS(=O)(=O)Nc1c(O)ccc2c1CCCC2C1=NCCN1,CHEMBL1867
CHEMBL15245,COC(=O)[C@@H]1[C@H]2C[C@H]3c4[nH]c5ccccc5c4CCN3C[C@@H]2CC[C@@H]1O,CHEMBL1867
CHEMBL5558621,CCOC(=O)[C@@H]1[C@H]2C[C@H]3c4[nH]c5ccccc5c4CCN3C[C@@H]2CC[C@@H]1O,CHEMBL1867
CHEMBL5532158,CC(C)OC(=O)[C@@H]1[C@H]2C[C@H]3c4[nH]c5ccccc5c4CCN3C[C@@H]2CC[C@@H]1O,CHEMBL1867
CHEMBL5517823,CC(C)CCOC(=O)[C@@H]1[C@H]2C[C@H]3c4[nH]c5ccccc5c4CCN3C[C@@H]2CC[C@@H]1O,CHEMBL1867
CHEMBL5559513,O=C(OC1CCCC1)[C@@H]1[C@H]2C[C@H]3c4[nH]c5ccccc5c4CCN3C[C@@H]2CC[C@@H]1O,CHEMBL1867
CHEMBL5517796,CC(C)(C)OC(=O)[C@@H]1[C@H]2C[C@H]3c4[nH]c5ccccc5c4CCN3C[C@@H]2CC[C@@H]1O,CHEMBL1867
CHEMBL5555198,O=C(OC[C@H]1CCCN1)[C@@H]1[C@H]2C[C@H]3c4[nH]c5ccccc5c4CCN3C[C@@H]2CC[C@@H]1O,CHEMBL1867
CHEMBL5558945,O=C(OC[C@@H]1CCCN1)[C@@H]1[C@H]2C[C@H]3c4[nH]c5ccccc5c4CCN3C[C@@H]2CC[C@@H]1O,CHEMBL1867
CHEMBL5542188,CNCCOC(=O)[C@@H]1[C@H]2C[C@H]3c4[nH]c5ccccc5c4CCN3C[C@@H]2CC[C@@H]1O,CHEMBL1867
CHEMBL5542960,O=C(OC1CCNCC1)[C@@H]1[C@H]2C[C@H]3c4[nH]c5ccccc5c4CCN3C[C@@H]2CC[C@@H]1O,CHEMBL1867
CHEMBL5542653,O=C(OC1CCCNC1)[C@@H]1[C@H]2C[C@H]3c4[nH]c5ccccc5c4CCN3C[C@@H]2CC[C@@H]1O,CHEMBL1867
CHEMBL5555089,O=C(OCC1CNC1)[C@@H]1[C@H]2C[C@H]3c4[nH]c5ccccc5c4CCN3C[C@@H]2CC[C@@H]1O,CHEMBL1867
CHEMBL5512567,O=C(OC[C@H]1CCN1)[C@@H]1[C@H]2C[C@H]3c4[nH]c5ccccc5c4CCN3C[C@@H]2CC[C@@H]1O,CHEMBL1867
CHEMBL5556857,O=C(OC[C@@H]1CCN1)[C@@H]1[C@H]2C[C@H]3c4[nH]c5ccccc5c4CCN3C[C@@H]2CC[C@@H]1O,CHEMBL1867
CHEMBL5558449,O=C(OC[C@@H]1CCNC1)[C@@H]1[C@H]2C[C@H]3c4[nH]c5ccccc5c4CCN3C[C@@H]2CC[C@@H]1O,CHEMBL1867
CHEMBL5532116,O=C(OC[C@H]1CCNC1)[C@@H]1[C@H]2C[C@H]3c4[nH]c5ccccc5c4CCN3C[C@@H]2CC[C@@H]1O,CHEMBL1867
CHEMBL5559006,O=C(O[C@@H]1CCNC1)[C@@H]1[C@H]2C[C@H]3c4[nH]c5ccccc5c4CCN3C[C@@H]2CC[C@@H]1O,CHEMBL1867
CHEMBL5559060,O=C(O[C@H]1CCNC1)[C@@H]1[C@H]2C[C@H]3c4[nH]c5ccccc5c4CCN3C[C@@H]2CC[C@@H]1O,CHEMBL1867
CHEMBL5558450,O=C(OC1CNC1)[C@@H]1[C@H]2C[C@H]3c4[nH]c5ccccc5c4CCN3C[C@@H]2CC[C@@H]1O,CHEMBL1867
CHEMBL5505942,N[C@H]1C[C@H](OC(=O)[C@@H]2[C@H]3C[C@H]4c5[nH]c6ccccc6c5CCN4C[C@@H]3CC[C@@H]2O)C1,CHEMBL1867
CHEMBL5532522,N[C@H]1C[C@@H](OC(=O)[C@@H]2[C@H]3C[C@H]4c5[nH]c6ccccc6c5CCN4C[C@@H]3CC[C@@H]2O)C1,CHEMBL1867
CHEMBL5558127,CN1CC[C@H](OC(=O)[C@@H]2[C@H]3C[C@H]4c5[nH]c6ccccc6c5CCN4C[C@@H]3CC[C@@H]2O)C1,CHEMBL1867
CHEMBL5555776,O=C(O[C@H]1CCOC1)[C@@H]1[C@H]2C[C@H]3c4[nH]c5ccccc5c4CCN3C[C@@H]2CC[C@@H]1O,CHEMBL1867
CHEMBL5532201,O=C(OC1COC1)[C@@H]1[C@H]2C[C@H]3c4[nH]c5ccccc5c4CCN3C[C@@H]2CC[C@@H]1O,CHEMBL1867
CHEMBL5537032,O=C(N[C@H]1CCNC1)[C@@H]1[C@H]2C[C@H]3c4[nH]c5ccccc5c4CCN3C[C@@H]2CC[C@@H]1O,CHEMBL1867
CHEMBL15245,COC(=O)[C@@H]1[C@H]2C[C@H]3c4[nH]c5ccccc5c4CCN3C[C@@H]2CC[C@@H]1O,CHEMBL1867
CHEMBL5558621,CCOC(=O)[C@@H]1[C@H]2C[C@H]3c4[nH]c5ccccc5c4CCN3C[C@@H]2CC[C@@H]1O,CHEMBL1867
CHEMBL5532158,CC(C)OC(=O)[C@@H]1[C@H]2C[C@H]3c4[nH]c5ccccc5c4CCN3C[C@@H]2CC[C@@H]1O,CHEMBL1867
CHEMBL5517823,CC(C)CCOC(=O)[C@@H]1[C@H]2C[C@H]3c4[nH]c5ccccc5c4CCN3C[C@@H]2CC[C@@H]1O,CHEMBL1867
CHEMBL5559513,O=C(OC1CCCC1)[C@@H]1[C@H]2C[C@H]3c4[nH]c5ccccc5c4CCN3C[C@@H]2CC[C@@H]1O,CHEMBL1867
CHEMBL5517796,CC(C)(C)OC(=O)[C@@H]1[C@H]2C[C@H]3c4[nH]c5ccccc5c4CCN3C[C@@H]2CC[C@@H]1O,CHEMBL1867
CHEMBL5555198,O=C(OC[C@H]1CCCN1)[C@@H]1[C@H]2C[C@H]3c4[nH]c5ccccc5c4CCN3C[C@@H]2CC[C@@H]1O,CHEMBL1867
CHEMBL5558945,O=C(OC[C@@H]1CCCN1)[C@@H]1[C@H]2C[C@H]3c4[nH]c5ccccc5c4CCN3C[C@@H]2CC[C@@H]1O,CHEMBL1867
CHEMBL5542188,CNCCOC(=O)[C@@H]1[C@H]2C[C@H]3c4[nH]c5ccccc5c4CCN3C[C@@H]2CC[C@@H]1O,CHEMBL1867
CHEMBL5542960,O=C(OC1CCNCC1)[C@@H]1[C@H]2C[C@H]3c4[nH]c5ccccc5c4CCN3C[C@@H]2CC[C@@H]1O,CHEMBL1867
CHEMBL5542653,O=C(OC1CCCNC1)[C@@H]1[C@H]2C[C@H]3c4[nH]c5ccccc5c4CCN3C[C@@H]2CC[C@@H]1O,CHEMBL1867
CHEMBL5555089,O=C(OCC1CNC1)[C@@H]1[C@H]2C[C@H]3c4[nH]c5ccccc5c4CCN3C[C@@H]2CC[C@@H]1O,CHEMBL1867
CHEMBL5512567,O=C(OC[C@H]1CCN1)[C@@H]1[C@H]2C[C@H]3c4[nH]c5ccccc5c4CCN3C[C@@H]2CC[C@@H]1O,CHEMBL1867
CHEMBL5556857,O=C(OC[C@@H]1CCN1)[C@@H]1[C@H]2C[C@H]3c4[nH]c5ccccc5c4CCN3C[C@@H]2CC[C@@H]1O,CHEMBL1867
CHEMBL5558449,O=C(OC[C@@H]1CCNC1)[C@@H]1[C@H]2C[C@H]3c4[nH]c5ccccc5c4CCN3C[C@@H]2CC[C@@H]1O,CHEMBL1867
CHEMBL5532116,O=C(OC[C@H]1CCNC1)[C@@H]1[C@H]2C[C@H]3c4[nH]c5ccccc5c4CCN3C[C@@H]2CC[C@@H]1O,CHEMBL1867
CHEMBL5559006,O=C(O[C@@H]1CCNC1)[C@@H]1[C@H]2C[C@H]3c4[nH]c5ccccc5c4CCN3C[C@@H]2CC[C@@H]1O,CHEMBL1867
CHEMBL5559060,O=C(O[C@H]1CCNC1)[C@@H]1[C@H]2C[C@H]3c4[nH]c5ccccc5c4CCN3C[C@@H]2CC[C@@H]1O,CHEMBL1867
CHEMBL5558450,O=C(OC1CNC1)[C@@H]1[C@H]2C[C@H]3c4[nH]c5ccccc5c4CCN3C[C@@H]2CC[C@@H]1O,CHEMBL1867
CHEMBL5505942,N[C@H]1C[C@H](OC(=O)[C@@H]2[C@H]3C[C@H]4c5[nH]c6ccccc6c5CCN4C[C@@H]3CC[C@@H]2O)C1,CHEMBL1867
CHEMBL5532522,N[C@H]1C[C@@H](OC(=O)[C@@H]2[C@H]3C[C@H]4c5[nH]c6ccccc6c5CCN4C[C@@H]3CC[C@@H]2O)C1,CHEMBL1867
CHEMBL5558127,CN1CC[C@H](OC(=O)[C@@H]2[C@H]3C[C@H]4c5[nH]c6ccccc6c5CCN4C[C@@H]3CC[C@@H]2O)C1,CHEMBL1867
CHEMBL5555776,O=C(O[C@H]1CCOC1)[C@@H]1[C@H]2C[C@H]3c4[nH]c5ccccc5c4CCN3C[C@@H]2CC[C@@H]1O,CHEMBL1867
CHEMBL5532201,O=C(OC1COC1)[C@@H]1[C@H]2C[C@H]3c4[nH]c5ccccc5c4CCN3C[C@@H]2CC[C@@H]1O,CHEMBL1867
CHEMBL5537032,O=C(N[C@H]1CCNC1)[C@@H]1[C@H]2C[C@H]3c4[nH]c5ccccc5c4CCN3C[C@@H]2CC[C@@H]1O,CHEMBL1867
CHEMBL15245,COC(=O)[C@@H]1[C@H]2C[C@H]3c4[nH]c5ccccc5c4CCN3C[C@@H]2CC[C@@H]1O,CHEMBL1867
CHEMBL5505942,N[C@H]1C[C@H](OC(=O)[C@@H]2[C@H]3C[C@H]4c5[nH]c6ccccc6c5CCN4C[C@@H]3CC[C@@H]2O)C1,CHEMBL1867
CHEMBL15245,COC(=O)[C@@H]1[C@H]2C[C@H]3c4[nH]c5ccccc5c4CCN3C[C@@H]2CC[C@@H]1O,CHEMBL1867
CHEMBL5505942,N[C@H]1C[C@H](OC(=O)[C@@H]2[C@H]3C[C@H]4c5[nH]c6ccccc6c5CCN4C[C@@H]3CC[C@@H]2O)C1,CHEMBL1867
CHEMBL5505942,N[C@H]1C[C@H](OC(=O)[C@@H]2[C@H]3C[C@H]4c5[nH]c6ccccc6c5CCN4C[C@@H]3CC[C@@H]2O)C1,CHEMBL1867
CHEMBL15245,COC(=O)[C@@H]1[C@H]2C[C@H]3c4[nH]c5ccccc5c4CCN3C[C@@H]2CC[C@@H]1O,CHEMBL1867
CHEMBL15245,COC(=O)[C@@H]1[C@H]2C[C@H]3c4[nH]c5ccccc5c4CCN3C[C@@H]2CC[C@@H]1O,CHEMBL1867
CHEMBL15245,COC(=O)[C@@H]1[C@H]2C[C@H]3c4[nH]c5ccccc5c4CCN3C[C@@H]2CC[C@@H]1O,CHEMBL1867
CHEMBL1437,NC[C@H](O)c1ccc(O)c(O)c1,CHEMBL1867
CHEMBL134,Clc1cccc(Cl)c1NC1=NCCN1,CHEMBL1867
CHEMBL862,N=C(N)NC(=O)Cc1c(Cl)cccc1Cl,CHEMBL1867
CHEMBL2107417,C[C@@H](Oc1c(Cl)cccc1Cl)C1=NCCN1,CHEMBL1867
CHEMBL5556741,CC(c1cccc(C2(C(F)(F)F)N=N2)c1)c1c[nH]cn1,CHEMBL1867
CHEMBL4594267,COc1cccc2c1CCOC2C1=NCCN1,CHEMBL1867
CHEMBL5542211,C[C@H](c1c[nH]cn1)c1cccc2ccccc12,CHEMBL1867
CHEMBL5542553,c1ccc2c(Nc3ccncc3)cncc2c1,CHEMBL1867
CHEMBL5523596,Clc1cccc2c(Nc3ccncc3)cccc12,CHEMBL1867
CHEMBL5517987,C1=C(c2ccc3c(c2)CC3)CNCC1,CHEMBL1867
CHEMBL5517941,NC1=N[C@]2(CCc3cccc(Cl)c3C2)OC1,CHEMBL1867
CHEMBL778,Cc1cccc([C@H](C)c2c[nH]cn2)c1C,CHEMBL1867
CHEMBL778,Cc1cccc([C@H](C)c2c[nH]cn2)c1C,CHEMBL1867
CHEMBL5531990,Fc1cccc2c1OCC=C2c1c[nH]cn1,CHEMBL1867
CHEMBL5557225,Clc1cccc2c1OCC=C2c1c[nH]cn1,CHEMBL1867
CHEMBL5558705,Cc1cccc2c1OCC=C2c1c[nH]cn1,CHEMBL1867
CHEMBL5558235,Brc1cccc2c1OCC=C2c1c[nH]cn1,CHEMBL1867
CHEMBL5518086,Cc1cc(C)c2c(c1)C(c1c[nH]cn1)=CCO2,CHEMBL1867
CHEMBL5512438,Fc1cc(Br)c2c(c1)C(c1c[nH]cn1)=CCO2,CHEMBL1867
CHEMBL5550026,Cc1ccc2c(c1Br)OCC=C2c1c[nH]cn1,CHEMBL1867
CHEMBL5532154,Clc1ccc2c(c1)C(c1c[nH]cn1)CCO2,CHEMBL1867
CHEMBL5555957,Brc1ccc2c(c1)OCCC2c1c[nH]cn1,CHEMBL1867
CHEMBL5518085,Fc1ccc2c(c1)OCCC2c1c[nH]cn1,CHEMBL1867
CHEMBL5558012,Fc1cccc2c1OCCC2c1c[nH]cn1,CHEMBL1867
CHEMBL5557226,Clc1cccc2c1OCCC2c1c[nH]cn1,CHEMBL1867
CHEMBL5558506,Cc1cccc2c1OCCC2c1c[nH]cn1,CHEMBL1867
CHEMBL5532450,Brc1cccc2c1OCCC2c1c[nH]cn1,CHEMBL1867
CHEMBL1621,Cc1nc2n(c(=O)c1CCN1CCC(c3noc4cc(F)ccc34)CC1)CCCC2O,CHEMBL1867
CHEMBL726,OCCN1CCN(CCCN2c3ccccc3Sc3ccc(C(F)(F)F)cc32)CC1,CHEMBL1867
CHEMBL493,CC(C)C[C@H]1C(=O)N2CCC[C@H]2[C@]2(O)O[C@](NC(=O)[C@@H]3C=C4c5cccc6[nH]c(Br)c(c56)C[C@H]4N(C)C3)(C(C)C)C(=O)N12,CHEMBL1867
CHEMBL157138,CCN(CC)C(=O)N[C@H]1C=C2c3cccc4[nH]cc(c34)C[C@H]2N(C)C1,CHEMBL1867
CHEMBL531,CCCN1C[C@H](CSC)C[C@@H]2c3cccc4[nH]cc(c34)C[C@H]21,CHEMBL1867
CHEMBL70,CN1CC[C@]23c4c5ccc(O)c4O[C@H]2[C@@H](O)C=C[C@H]3[C@H]1C5,CHEMBL1867
CHEMBL5566821,COc1cc([Se]C(F)(F)F)c(OC)cc1CCN.Cl,CHEMBL1867
CHEMBL134,Clc1cccc(Cl)c1NC1=NCCN1,CHEMBL1867
CHEMBL15245,COC(=O)[C@@H]1[C@H]2C[C@H]3c4[nH]c5ccccc5c4CCN3C[C@@H]2CC[C@@H]1O,CHEMBL1867
CHEMBL5566821,COc1cc([Se]C(F)(F)F)c(OC)cc1CCN.Cl,CHEMBL1867
CHEMBL134,Clc1cccc(Cl)c1NC1=NCCN1,CHEMBL1867
CHEMBL15245,COC(=O)[C@@H]1[C@H]2C[C@H]3c4[nH]c5ccccc5c4CCN3C[C@@H]2CC[C@@H]1O,CHEMBL1867
CHEMBL5566821,COc1cc([Se]C(F)(F)F)c(OC)cc1CCN.Cl,CHEMBL1867
CHEMBL134,Clc1cccc(Cl)c1NC1=NCCN1,CHEMBL1867
CHEMBL5566821,COc1cc([Se]C(F)(F)F)c(OC)cc1CCN.Cl,CHEMBL1867
CHEMBL134,Clc1cccc(Cl)c1NC1=NCCN1,CHEMBL1867
CHEMBL6161495,N#Cc1c(N)nc(N2CCCCC2)c(C#N)c1-c1cccnc1,CHEMBL1867
