mol_id,smiles,target
CHEMBL68920,Cc1cc(C)c(/C=C2\C(=O)Nc3ncnc(Nc4ccc(F)c(Cl)c4)c32)[nH]1,CHEMBL203
CHEMBL68920,Cc1cc(C)c(/C=C2\C(=O)Nc3ncnc(Nc4ccc(F)c(Cl)c4)c32)[nH]1,CHEMBL203
CHEMBL69960,Cc1cc(C(=O)N2CCOCC2)[nH]c1/C=C1\C(=O)Nc2ncnc(Nc3ccc(F)c(Cl)c3)c21,CHEMBL203
CHEMBL69960,Cc1cc(C(=O)N2CCOCC2)[nH]c1/C=C1\C(=O)Nc2ncnc(Nc3ccc(F)c(Cl)c3)c21,CHEMBL203
CHEMBL76589,N#CC(C#N)=C(N)/C(C#N)=C/c1ccc(O)cc1,CHEMBL203
CHEMBL304271,CCN(CC)CC(O)CNC(=O)c1cc(C)c(/C=C2\C(=O)Nc3ncnc(Nc4ccc(F)c(Cl)c4)c32)[nH]1,CHEMBL203
CHEMBL136491,CN(C)/N=N/c1ccc2ncnc(Nc3cccc(Cl)c3)c2c1,CHEMBL203
CHEMBL133024,C/N=N/Nc1ccc2ncnc(Nc3cccc(Cl)c3)c2c1,CHEMBL203
CHEMBL138125,Brc1cccc(Nc2ncnc3ccc(N/N=N/Cc4ccccn4)cc23)c1,CHEMBL203
CHEMBL137364,Brc1cccc(Nc2ncnc3ccc(N/N=N/CCN4CCOCC4)cc23)c1,CHEMBL203
CHEMBL302552,O=C1Nc2ncnc(Nc3ccc(F)c(Cl)c3)c2/C1=C/c1ccc(C(=O)NCCN2CCOCC2)[nH]1,CHEMBL203
CHEMBL67057,Cc1cc(C(=O)N2CCOCC2)[nH]c1/C=C1\C(=O)Nc2ncnc(Nc3ccc4c(ccn4Cc4ccccc4)c3)c21,CHEMBL203
CHEMBL67057,Cc1cc(C(=O)N2CCOCC2)[nH]c1/C=C1\C(=O)Nc2ncnc(Nc3ccc4c(ccn4Cc4ccccc4)c3)c21,CHEMBL203
CHEMBL432903,CCN(CC)CCNC(=O)c1c(C)[nH]c(/C=C2\C(=O)Nc3ncnc(Nc4ccc(F)c(Cl)c4)c32)c1C,CHEMBL203
CHEMBL69964,Cc1cc(/C=C2\C(=O)Nc3ncnc(Nc4ccc(F)c(Cl)c4)c32)[nH]c1C(=O)N1CCN(C)CC1,CHEMBL203
CHEMBL69629,Cc1cc(C(=O)NCCN2CCOCC2)[nH]c1/C=C1\C(=O)Nc2ncnc(Nc3ccc(F)c(Cl)c3)c21,CHEMBL203
CHEMBL69629,Cc1cc(C(=O)NCCN2CCOCC2)[nH]c1/C=C1\C(=O)Nc2ncnc(Nc3ccc(F)c(Cl)c3)c21,CHEMBL203
CHEMBL66570,CCN1CCN(C(=O)c2cc(C)c(/C=C3\C(=O)Nc4ncnc(Nc5ccc(F)c(Cl)c5)c43)[nH]2)CC1,CHEMBL203
CHEMBL66570,CCN1CCN(C(=O)c2cc(C)c(/C=C3\C(=O)Nc4ncnc(Nc5ccc(F)c(Cl)c5)c43)[nH]2)CC1,CHEMBL203
CHEMBL305194,Cc1cc(C(=O)O)[nH]c1/C=C1\C(=O)Nc2ncnc(Nc3ccc(F)c(Cl)c3)c21,CHEMBL203
CHEMBL343352,Nc1ccc2ncnc(Nc3cccc(Cl)c3)c2c1,CHEMBL203
CHEMBL52765,Nc1ccc2ncnc(Nc3cccc(Br)c3)c2c1,CHEMBL203
CHEMBL308645,Cc1cc(CCC(=O)O)[nH]c1/C=C1\C(=O)Nc2ncnc(Nc3ccc(F)c(Cl)c3)c21,CHEMBL203
CHEMBL67003,Cc1cc(C(=O)N2CCOCC2)[nH]c1/C=C1\C(=O)Nc2ncnc(Nc3ccc4c(cnn4Cc4ccccc4)c3)c21,CHEMBL203
CHEMBL67003,Cc1cc(C(=O)N2CCOCC2)[nH]c1/C=C1\C(=O)Nc2ncnc(Nc3ccc4c(cnn4Cc4ccccc4)c3)c21,CHEMBL203
CHEMBL134312,CN(C)/N=N/c1ccc2ncnc(Nc3cccc(Br)c3)c2c1,CHEMBL203
CHEMBL305246,Cc1cc(C(=O)N2CCN(C)CC2)[nH]c1/C=C1\C(=O)Nc2ncnc(Nc3ccc(F)c(Cl)c3)c21,CHEMBL203
CHEMBL305246,Cc1cc(C(=O)N2CCN(C)CC2)[nH]c1/C=C1\C(=O)Nc2ncnc(Nc3ccc(F)c(Cl)c3)c21,CHEMBL203
CHEMBL69966,C#Cc1cccc(Nc2ncnc3c2/C(=C/c2[nH]c(C(=O)NCCN4CCOCC4)cc2C)C(=O)N3)c1,CHEMBL203
CHEMBL69966,C#Cc1cccc(Nc2ncnc3c2/C(=C/c2[nH]c(C(=O)NCCN4CCOCC4)cc2C)C(=O)N3)c1,CHEMBL203
CHEMBL69358,CCN(CC)CCNC(=O)c1cc(C)c(/C=C2\C(=O)Nc3ncnc(Nc4ccc(F)c(Cl)c4)c32)[nH]1,CHEMBL203
CHEMBL69358,CCN(CC)CCNC(=O)c1cc(C)c(/C=C2\C(=O)Nc3ncnc(Nc4ccc(F)c(Cl)c4)c32)[nH]1,CHEMBL203
CHEMBL137189,C/N=N/Nc1ccc2ncnc(Nc3cccc(C)c3)c2c1,CHEMBL203
CHEMBL137617,C/N=N/Nc1ccc2ncnc(Nc3cccc(Br)c3)c2c1,CHEMBL203
CHEMBL69071,Cc1cc(C(=O)N2CC(C)NC(C)C2)[nH]c1/C=C1\C(=O)Nc2ncnc(Nc3ccc(F)c(Cl)c3)c21,CHEMBL203
CHEMBL137534,CN(C)CC/N=N/Nc1ccc2ncnc(Nc3cccc(Br)c3)c2c1,CHEMBL203
CHEMBL424093,Brc1cccc(Nc2ncnc3ccc(N/N=N/Cc4ccccc4)cc23)c1,CHEMBL203
CHEMBL264382,Cc1cc(C(=O)NCCN2CCOCC2)[nH]c1/C=C1\C(=O)Nc2ncnc(Nc3ccc4c(ccn4Cc4ccccc4)c3)c21,CHEMBL203
CHEMBL264382,Cc1cc(C(=O)NCCN2CCOCC2)[nH]c1/C=C1\C(=O)Nc2ncnc(Nc3ccc4c(ccn4Cc4ccccc4)c3)c21,CHEMBL203
CHEMBL305782,Cc1[nH]c(/C=C2\C(=O)Nc3ncnc(Nc4ccc(F)c(Cl)c4)c32)c(C)c1CCC(=O)O,CHEMBL203
CHEMBL133023,Cc1cccc(Nc2ncnc3ccc(/N=N/N(C)C)cc23)c1,CHEMBL203
CHEMBL136674,COCC/N=N/Nc1ccc2ncnc(Nc3cccc(Br)c3)c2c1,CHEMBL203
CHEMBL138691,C=CC(=O)N(CCN(C)C)c1cc2c(Nc3cccc(Br)c3)ncnc2cn1,CHEMBL203
CHEMBL52829,Cc1cccc(Nc2ncnc3cnc(N(C)C)nc23)c1,CHEMBL203
CHEMBL139307,C=CC(=O)N(CCCN1CCOCC1)c1ccc2ncnc(Nc3cccc(Br)c3)c2c1,CHEMBL203
CHEMBL139307,C=CC(=O)N(CCCN1CCOCC1)c1ccc2ncnc(Nc3cccc(Br)c3)c2c1,CHEMBL203
CHEMBL322298,CCn1c(=O)c(-c2c(Cl)cccc2Cl)cc2cnc(Nc3ccccc3)nc21,CHEMBL203
CHEMBL111197,COc1cccc(Nc2ncc3cc(-c4c(Cl)cccc4Cl)c(=O)n(C)c3n2)c1,CHEMBL203
CHEMBL136058,O=C(/C=C/C(=O)Nc1cc2c(Nc3cccc(Br)c3)ncnc2cn1)NCCCN1CCOCC1,CHEMBL203
CHEMBL136058,O=C(/C=C/C(=O)Nc1cc2c(Nc3cccc(Br)c3)ncnc2cn1)NCCCN1CCOCC1,CHEMBL203
CHEMBL136058,O=C(/C=C/C(=O)Nc1cc2c(Nc3cccc(Br)c3)ncnc2cn1)NCCCN1CCOCC1,CHEMBL203
CHEMBL51854,COc1ncc2ncnc(Nc3cccc(Br)c3)c2n1,CHEMBL203
CHEMBL298931,Cc1cccc(Nc2ncnc3cnc(N)nc23)c1,CHEMBL203
CHEMBL545315,C=CC(=O)Nc1cc2c(Nc3ccc(F)c(Cl)c3)ncnc2cc1OCCCN1CCOCC1.Cl.Cl,CHEMBL203
CHEMBL545315,C=CC(=O)Nc1cc2c(Nc3ccc(F)c(Cl)c3)ncnc2cc1OCCCN1CCOCC1.Cl.Cl,CHEMBL203
CHEMBL545315,C=CC(=O)Nc1cc2c(Nc3ccc(F)c(Cl)c3)ncnc2cc1OCCCN1CCOCC1.Cl.Cl,CHEMBL203
CHEMBL52591,CNc1ncc2ncnc(Nc3cccc(C)c3)c2n1,CHEMBL203
CHEMBL422292,CCOC(=O)/C=C/C(=O)Nc1cc2c(Nc3cccc(Br)c3)ncnc2cn1,CHEMBL203
CHEMBL422292,CCOC(=O)/C=C/C(=O)Nc1cc2c(Nc3cccc(Br)c3)ncnc2cn1,CHEMBL203
CHEMBL113023,COc1ccc(Nc2ncc3cc(-c4c(Cl)cccc4Cl)c(=O)n(C)c3n2)cc1C,CHEMBL203
CHEMBL417420,Brc1cccc(Nc2ncnc3cnc(NCCCN4CCOCC4)nc23)c1,CHEMBL203
CHEMBL327127,Cn1c(=O)c(-c2c(Cl)cccc2Cl)cc2cnc(Nc3cccc(CO)c3)nc21,CHEMBL203
CHEMBL294475,Brc1cccc(Nc2ncnc3cnc(NCCN4CCOCC4)nc23)c1,CHEMBL203
CHEMBL294475,Brc1cccc(Nc2ncnc3cnc(NCCN4CCOCC4)nc23)c1,CHEMBL203
CHEMBL53310,CNc1ncc2ncnc(Nc3ccccc3)c2n1,CHEMBL203
CHEMBL285063,C=CC(=O)Nc1ccc2ncnc(Nc3cccc(Br)c3)c2c1,CHEMBL203
CHEMBL285063,C=CC(=O)Nc1ccc2ncnc(Nc3cccc(Br)c3)c2c1,CHEMBL203
CHEMBL136404,C/C=C/C(=O)Nc1cc2c(Nc3cccc(Br)c3)ncnc2cn1,CHEMBL203
CHEMBL136404,C/C=C/C(=O)Nc1cc2c(Nc3cccc(Br)c3)ncnc2cn1,CHEMBL203
CHEMBL334697,C=CC(=O)N(C)c1cc2c(Nc3cccc(Br)c3)ncnc2cn1,CHEMBL203
CHEMBL334697,C=CC(=O)N(C)c1cc2c(Nc3cccc(Br)c3)ncnc2cn1,CHEMBL203
CHEMBL434827,CCN(CC)CCCNC(=O)/C=C/C(=O)Nc1cc2c(Nc3cccc(Br)c3)ncnc2cn1,CHEMBL203
CHEMBL434827,CCN(CC)CCCNC(=O)/C=C/C(=O)Nc1cc2c(Nc3cccc(Br)c3)ncnc2cn1,CHEMBL203
CHEMBL434827,CCN(CC)CCCNC(=O)/C=C/C(=O)Nc1cc2c(Nc3cccc(Br)c3)ncnc2cn1,CHEMBL203
CHEMBL137082,C=CC(=O)N(CCCN1CCOCC1)c1cc2c(Nc3cccc(Br)c3)ncnc2cn1,CHEMBL203
CHEMBL137082,C=CC(=O)N(CCCN1CCOCC1)c1cc2c(Nc3cccc(Br)c3)ncnc2cn1,CHEMBL203
CHEMBL53311,Clc1ncc2ncnc(Nc3cccc(Br)c3)c2n1,CHEMBL203
CHEMBL299622,CNc1ncc2ncnc(Nc3cccc(Br)c3)c2n1,CHEMBL203
CHEMBL299622,CNc1ncc2ncnc(Nc3cccc(Br)c3)c2n1,CHEMBL203
CHEMBL138363,C=C(C)C(=O)Nc1cc2c(Nc3cccc(Br)c3)ncnc2cn1,CHEMBL203
CHEMBL138363,C=C(C)C(=O)Nc1cc2c(Nc3cccc(Br)c3)ncnc2cn1,CHEMBL203
CHEMBL93464,C/C=C/C(=O)Nc1ccc2ncnc(Nc3cccc(Br)c3)c2c1,CHEMBL203
CHEMBL93464,C/C=C/C(=O)Nc1ccc2ncnc(Nc3cccc(Br)c3)c2c1,CHEMBL203
CHEMBL53831,Nc1ncc2ncnc(Nc3cccc(Br)c3)c2n1,CHEMBL203
CHEMBL299881,Cc1cccc(Nc2ncnc3cnc(NCCN4CCOCC4)nc23)c1,CHEMBL203
CHEMBL31965,C=CC(=O)Nc1cc2c(Nc3ccc(F)c(Cl)c3)ncnc2cc1OCCCN1CCOCC1,CHEMBL203
CHEMBL344486,CCOC(=O)/C=C/C(=O)Nc1ccc2ncnc(Nc3cccc(Br)c3)c2c1,CHEMBL203
CHEMBL344486,CCOC(=O)/C=C/C(=O)Nc1ccc2ncnc(Nc3cccc(Br)c3)c2c1,CHEMBL203
CHEMBL138940,O=C(/C=C/C(=O)Nc1cc2c(Nc3ccc(F)c(Cl)c3)ncnc2cn1)NCCCN1CCOCC1,CHEMBL203
CHEMBL138940,O=C(/C=C/C(=O)Nc1cc2c(Nc3ccc(F)c(Cl)c3)ncnc2cn1)NCCCN1CCOCC1,CHEMBL203
CHEMBL138940,O=C(/C=C/C(=O)Nc1cc2c(Nc3ccc(F)c(Cl)c3)ncnc2cn1)NCCCN1CCOCC1,CHEMBL203
CHEMBL321193,Cn1c(=O)c(-c2c(Cl)cccc2Cl)cc2cnc(Nc3cccc(O)c3)nc21,CHEMBL203
CHEMBL53426,Brc1cccc(Nc2ncnc3cnc(NCCc4c[nH]cn4)nc23)c1,CHEMBL203
CHEMBL53426,Brc1cccc(Nc2ncnc3cnc(NCCc4c[nH]cn4)nc23)c1,CHEMBL203
CHEMBL53711,CN(C)c1cc2c(Nc3cccc(Br)c3)ncnc2cn1,CHEMBL203
CHEMBL53711,CN(C)c1cc2c(Nc3cccc(Br)c3)ncnc2cn1,CHEMBL203
CHEMBL344177,O=C(/C=C/Cl)Nc1cc2c(Nc3cccc(Br)c3)ncnc2cn1,CHEMBL203
CHEMBL344177,O=C(/C=C/Cl)Nc1cc2c(Nc3cccc(Br)c3)ncnc2cn1,CHEMBL203
CHEMBL136178,CC(=O)/C=C/C(=O)Nc1ccc2ncnc(Nc3cccc(Br)c3)c2c1,CHEMBL203
CHEMBL136511,C=CS(=O)(=O)Nc1ccc2ncnc(Nc3cccc(Br)c3)c2c1,CHEMBL203
CHEMBL136511,C=CS(=O)(=O)Nc1ccc2ncnc(Nc3cccc(Br)c3)c2c1,CHEMBL203
CHEMBL416307,Cc1cccc(Nc2ncnc3cnc(NCCc4c[nH]cn4)nc23)c1,CHEMBL203
CHEMBL136102,CN(C)CCCNC(=O)/C=C/C(=O)N(C)c1cc2c(Nc3cccc(Br)c3)ncnc2cn1,CHEMBL203
CHEMBL136102,CN(C)CCCNC(=O)/C=C/C(=O)N(C)c1cc2c(Nc3cccc(Br)c3)ncnc2cn1,CHEMBL203
CHEMBL336264,C=CS(=O)(=O)c1cc2c(Nc3cccc(Br)c3)ncnc2cn1,CHEMBL203
CHEMBL104153,COc1ccc(Nc2ncc3cc(-c4c(Cl)cccc4Cl)c(=O)n(C)c3n2)cc1,CHEMBL203
CHEMBL53156,CNc1ccc2ncnc(Nc3cccc(Br)c3)c2n1,CHEMBL203
CHEMBL53156,CNc1ccc2ncnc(Nc3cccc(Br)c3)c2n1,CHEMBL203
CHEMBL95774,C=CC(=O)Nc1cc2c(Nc3ccc(F)c(Cl)c3)c(C#N)cnc2cc1OCCCN1CCOCC1,CHEMBL203
CHEMBL268868,O=C1NC(=O)c2cc(Nc3ccccc3)c(Nc3ccccc3)cc21,CHEMBL203
CHEMBL268868,O=C1NC(=O)c2cc(Nc3ccccc3)c(Nc3ccccc3)cc21,CHEMBL203
CHEMBL53711,CN(C)c1cc2c(Nc3cccc(Br)c3)ncnc2cn1,CHEMBL203
CHEMBL335440,O=S(=O)(CCO)c1cc2c(Nc3cccc(Br)c3)ncnc2cn1,CHEMBL203
CHEMBL50647,Cn1c(=O)c(-c2c(Cl)cccc2Cl)cc2cnc(Nc3ccc(CC(=O)O)cc3)nc21,CHEMBL203
CHEMBL320705,COc1ccccc1Nc1ncc2cc(-c3c(Cl)cccc3Cl)c(=O)n(C)c2n1,CHEMBL203
CHEMBL51228,Brc1cccc(Nc2ncnc3cnc(NCCCn4ccnc4)nc23)c1,CHEMBL203
CHEMBL92086,C=C(C)C(=O)Nc1ccc2ncnc(Nc3cccc(Br)c3)c2c1,CHEMBL203
CHEMBL92086,C=C(C)C(=O)Nc1ccc2ncnc(Nc3cccc(Br)c3)c2c1,CHEMBL203
CHEMBL109631,Cn1c(=O)c(-c2c(Cl)cccc2Cl)cc2cnc(Nc3cccc(C(=O)O)c3)nc21,CHEMBL203
CHEMBL52015,CN(C)c1ccc2ncnc(Nc3cccc(Br)c3)c2c1,CHEMBL203
CHEMBL53796,CN(C)c1ccc2ncnc(Nc3cccc(Br)c3)c2n1,CHEMBL203
CHEMBL53796,CN(C)c1ccc2ncnc(Nc3cccc(Br)c3)c2n1,CHEMBL203
CHEMBL51853,Nc1cc2c(Nc3cccc(Br)c3)ncnc2cn1,CHEMBL203
CHEMBL51853,Nc1cc2c(Nc3cccc(Br)c3)ncnc2cn1,CHEMBL203
CHEMBL334801,CN(C)CCCNC(=O)/C=C/C(=O)Nc1cc2c(Nc3cccc(Br)c3)ncnc2cn1,CHEMBL203
CHEMBL334801,CN(C)CCCNC(=O)/C=C/C(=O)Nc1cc2c(Nc3cccc(Br)c3)ncnc2cn1,CHEMBL203
CHEMBL334801,CN(C)CCCNC(=O)/C=C/C(=O)Nc1cc2c(Nc3cccc(Br)c3)ncnc2cn1,CHEMBL203
CHEMBL434828,O=C(/C=C/c1ccccc1)Nc1cc2c(Nc3cccc(Br)c3)ncnc2cn1,CHEMBL203
CHEMBL434828,O=C(/C=C/c1ccccc1)Nc1cc2c(Nc3cccc(Br)c3)ncnc2cn1,CHEMBL203
CHEMBL50519,COc1ccc2ncnc(Nc3cccc(Br)c3)c2n1,CHEMBL203
CHEMBL51659,C=CC(=O)Nc1cc2c(Nc3cccc(Br)c3)ncnc2cn1,CHEMBL203
CHEMBL51659,C=CC(=O)Nc1cc2c(Nc3cccc(Br)c3)ncnc2cn1,CHEMBL203
CHEMBL135142,O=C(/C=C/C(F)(F)F)Nc1ccc2ncnc(Nc3cccc(Br)c3)c2c1,CHEMBL203
CHEMBL135142,O=C(/C=C/C(F)(F)F)Nc1ccc2ncnc(Nc3cccc(Br)c3)c2c1,CHEMBL203
CHEMBL343722,C=C=CC(=O)Nc1ccc2ncnc(Nc3cccc(Br)c3)c2c1,CHEMBL203
CHEMBL343722,C=C=CC(=O)Nc1ccc2ncnc(Nc3cccc(Br)c3)c2c1,CHEMBL203
CHEMBL104244,CN1CCN(CCCCNc2ncc3cc(-c4c(Cl)cccc4Cl)c(=O)n(C)c3n2)CC1,CHEMBL203
CHEMBL53777,CN(C)c1ncc2ncnc(Nc3cccc(Br)c3)c2n1,CHEMBL203
CHEMBL53777,CN(C)c1ncc2ncnc(Nc3cccc(Br)c3)c2n1,CHEMBL203
CHEMBL140561,CN(C)CCCOC(=O)/C=C/C(=O)Nc1ccc2ncnc(Nc3cccc(Br)c3)c2c1,CHEMBL203
CHEMBL140561,CN(C)CCCOC(=O)/C=C/C(=O)Nc1ccc2ncnc(Nc3cccc(Br)c3)c2c1,CHEMBL203
CHEMBL140561,CN(C)CCCOC(=O)/C=C/C(=O)Nc1ccc2ncnc(Nc3cccc(Br)c3)c2c1,CHEMBL203
CHEMBL345077,C=C[S+]([O-])c1cc2c(Nc3cccc(Br)c3)ncnc2cn1,CHEMBL203
CHEMBL139044,C=C/C=C/C(=O)Nc1cc2c(Nc3cccc(Br)c3)ncnc2cn1,CHEMBL203
CHEMBL139044,C=C/C=C/C(=O)Nc1cc2c(Nc3cccc(Br)c3)ncnc2cn1,CHEMBL203
CHEMBL139095,C=CS(=O)(=O)Nc1cc2c(Nc3cccc(Br)c3)ncnc2cn1,CHEMBL203
CHEMBL139095,C=CS(=O)(=O)Nc1cc2c(Nc3cccc(Br)c3)ncnc2cn1,CHEMBL203
CHEMBL113070,Cn1c(=O)c(-c2c(Cl)cccc2Cl)cc2cnc(Nc3ccc(CCCC(=O)O)cc3)nc21,CHEMBL203
CHEMBL134371,O=C(O)/C=C/C(=O)Nc1ccc2ncnc(Nc3cccc(Br)c3)c2c1,CHEMBL203
CHEMBL301612,Cn1c(=O)c(-c2c(Cl)cccc2Cl)cc2cnc(Nc3ccccc3)nc21,CHEMBL203
CHEMBL52765,Nc1ccc2ncnc(Nc3cccc(Br)c3)c2c1,CHEMBL203
CHEMBL50344,CNc1ccc2ncnc(Nc3cccc(Br)c3)c2c1,CHEMBL203
CHEMBL342828,O=C(/C=C/C(=O)Nc1cc2c(Nc3cccc(Br)c3)ncnc2cn1)NCCCn1ccnc1,CHEMBL203
CHEMBL342828,O=C(/C=C/C(=O)Nc1cc2c(Nc3cccc(Br)c3)ncnc2cn1)NCCCn1ccnc1,CHEMBL203
CHEMBL342828,O=C(/C=C/C(=O)Nc1cc2c(Nc3cccc(Br)c3)ncnc2cn1)NCCCn1ccnc1,CHEMBL203
CHEMBL54067,CN(C)CCNc1ncc2ncnc(Nc3cccc(Br)c3)c2n1,CHEMBL203
CHEMBL52197,COc1ccc2ncnc(Nc3cccc(Br)c3)c2c1,CHEMBL203
CHEMBL345109,CN(C)CCCNC(=O)/C=C/C(=O)Nc1ccc2ncnc(Nc3cccc(Br)c3)c2c1,CHEMBL203
CHEMBL345109,CN(C)CCCNC(=O)/C=C/C(=O)Nc1ccc2ncnc(Nc3cccc(Br)c3)c2c1,CHEMBL203
CHEMBL345109,CN(C)CCCNC(=O)/C=C/C(=O)Nc1ccc2ncnc(Nc3cccc(Br)c3)c2c1,CHEMBL203
CHEMBL607707,CCOc1cc2ncc(C#N)c(Nc3ccc(F)c(Cl)c3)c2cc1NC(=O)/C=C/CN(C)C,CHEMBL203
CHEMBL300217,Nc1ccc2ncnc(Nc3cccc(Br)c3)c2n1,CHEMBL203
CHEMBL300217,Nc1ccc2ncnc(Nc3cccc(Br)c3)c2n1,CHEMBL203
CHEMBL53753,CNc1cc2c(Nc3cccc(Br)c3)ncnc2cn1,CHEMBL203
CHEMBL14932,Oc1ccc2ncnc(Nc3ccc(OCc4ccccc4)cc3)c2c1,CHEMBL203
CHEMBL38199,Brc1cccc(Nc2ncnc3cc4c(cnn4CCN4CCOCC4)cc23)c1,CHEMBL203
CHEMBL38199,Brc1cccc(Nc2ncnc3cc4c(cnn4CCN4CCOCC4)cc23)c1,CHEMBL203
CHEMBL553,C#Cc1cccc(Nc2ncnc3cc(OCCOC)c(OCCOC)cc23)c1,CHEMBL203
CHEMBL939,COc1cc2ncnc(Nc3ccc(F)c(Cl)c3)c2cc1OCCCN1CCOCC1,CHEMBL203
CHEMBL29197,COc1cc2ncnc(Nc3cccc(Br)c3)c2cc1OC,CHEMBL203
CHEMBL287007,CN(C)Cc1c[nH]c2cc3ncnc(Nc4cccc(Br)c4)c3cc12,CHEMBL203
CHEMBL287007,CN(C)Cc1c[nH]c2cc3ncnc(Nc4cccc(Br)c4)c3cc12,CHEMBL203
CHEMBL15346,CS(=O)(=O)CCNCCCCOc1ccc2ncnc(Nc3ccc(OCc4ccccc4)cc3)c2c1,CHEMBL203
CHEMBL15202,COc1ccc2ncnc(Nc3ccc(OCc4ccccc4)cc3)c2c1,CHEMBL203
CHEMBL554,CS(=O)(=O)CCNCc1ccc(-c2ccc3ncnc(Nc4ccc(OCc5cccc(F)c5)c(Cl)c4)c3c2)o1,CHEMBL203
CHEMBL36819,O=C(O)Cn1ncc2cc3c(Nc4cccc(Br)c4)ncnc3cc21,CHEMBL203
CHEMBL40130,Brc1cccc(Nc2ncnc3cc4c(ccn4CCN4CCOCC4)cc23)c1,CHEMBL203
CHEMBL40130,Brc1cccc(Nc2ncnc3cc4c(ccn4CCN4CCOCC4)cc23)c1,CHEMBL203
CHEMBL14627,O=C(NCCCCOc1ccc2ncnc(Nc3ccc(OCc4ccccc4)cc3)c2c1)C(F)(F)F,CHEMBL203
CHEMBL290096,Brc1cccc(Nc2ncnc3ccccc23)c1,CHEMBL203
CHEMBL460731,CS(=O)(=O)CCNCCCCOc1ccc2ncnc(Nc3ccc(F)c(Cl)c3)c2c1,CHEMBL203
CHEMBL460731,CS(=O)(=O)CCNCCCCOc1ccc2ncnc(Nc3ccc(F)c(Cl)c3)c2c1,CHEMBL203
CHEMBL37543,OCC(O)Cn1ncc2cc3c(Nc4cccc(Br)c4)ncnc3cc21,CHEMBL203
CHEMBL37543,OCC(O)Cn1ncc2cc3c(Nc4cccc(Br)c4)ncnc3cc21,CHEMBL203
CHEMBL287289,CN(C)CCCn1ccc2cc3c(Nc4cccc(Br)c4)ncnc3cc21,CHEMBL203
CHEMBL287289,CN(C)CCCn1ccc2cc3c(Nc4cccc(Br)c4)ncnc3cc21,CHEMBL203
CHEMBL514436,CS(=O)(=O)CCNCCCCOc1ccc2ncnc(Nc3ccc(OCc4cccc(F)c4)c(Cl)c3)c2c1,CHEMBL203
CHEMBL39320,Cn1ncc2cc3c(Nc4cccc(Br)c4)ncnc3cc21,CHEMBL203
CHEMBL39320,Cn1ncc2cc3c(Nc4cccc(Br)c4)ncnc3cc21,CHEMBL203
CHEMBL289162,O=C(O)Cn1ccc2cc3c(Nc4cccc(Br)c4)ncnc3cc21,CHEMBL203
CHEMBL14952,CS(=O)(=O)CCNCCCOc1ccc2ncnc(Nc3ccc(OCc4ccccc4)cc3)c2c1,CHEMBL203
CHEMBL37373,CN(C)CCn1ccc2cc3c(Nc4cccc(Br)c4)ncnc3cc21,CHEMBL203
CHEMBL37373,CN(C)CCn1ccc2cc3c(Nc4cccc(Br)c4)ncnc3cc21,CHEMBL203
CHEMBL39715,COC(=O)CN(C)Cc1c[nH]c2cc3ncnc(Nc4cccc(Br)c4)c3cc12,CHEMBL203
CHEMBL39715,COC(=O)CN(C)Cc1c[nH]c2cc3ncnc(Nc4cccc(Br)c4)c3cc12,CHEMBL203
CHEMBL289213,CN(CC(=O)O)Cc1c[nH]c2cc3ncnc(Nc4cccc(Br)c4)c3cc12,CHEMBL203
CHEMBL273789,CS(=O)(=O)CCN(CCCCOc1ccc2ncnc(Nc3ccc(OCc4ccccc4)cc3)c2c1)C(=O)C(F)(F)F,CHEMBL203
CHEMBL517907,C#Cc1cccc(Nc2ncnc3ccc(OCCCCNCCS(C)(=O)=O)cc23)c1,CHEMBL203
CHEMBL517907,C#Cc1cccc(Nc2ncnc3ccc(OCCCCNCCS(C)(=O)=O)cc23)c1,CHEMBL203
CHEMBL460732,CS(=O)(=O)CCNCCCCOc1ccc2ncnc(Nc3ccc(S(=O)(=O)c4ccccc4)cc3)c2c1,CHEMBL203
CHEMBL540701,C=CCOc1ccc2ncnc(Nc3ccc(OCc4ccccc4)cc3)c2c1,CHEMBL203
CHEMBL287832,CN(C)CCn1ncc2cc3c(Nc4cccc(Br)c4)ncnc3cc21,CHEMBL203
CHEMBL287832,CN(C)CCn1ncc2cc3c(Nc4cccc(Br)c4)ncnc3cc21,CHEMBL203
CHEMBL39337,Brc1cccc(Nc2ncnc3cc4[nH]ncc4cc23)c1,CHEMBL203
CHEMBL39337,Brc1cccc(Nc2ncnc3cc4[nH]ncc4cc23)c1,CHEMBL203
CHEMBL39337,Brc1cccc(Nc2ncnc3cc4[nH]ncc4cc23)c1,CHEMBL203
CHEMBL40734,Brc1cccc(Nc2ncnc3cc4[nH]ccc4cc23)c1,CHEMBL203
CHEMBL40734,Brc1cccc(Nc2ncnc3cc4[nH]ccc4cc23)c1,CHEMBL203
CHEMBL40734,Brc1cccc(Nc2ncnc3cc4[nH]ccc4cc23)c1,CHEMBL203
CHEMBL39811,CN(C)CCN(C)Cc1c[nH]c2cc3ncnc(Nc4cccc(Br)c4)c3cc12,CHEMBL203
CHEMBL39811,CN(C)CCN(C)Cc1c[nH]c2cc3ncnc(Nc4cccc(Br)c4)c3cc12,CHEMBL203
CHEMBL36727,Cn1ccc2cc3c(Nc4cccc(Br)c4)ncnc3cc21,CHEMBL203
CHEMBL36727,Cn1ccc2cc3c(Nc4cccc(Br)c4)ncnc3cc21,CHEMBL203
CHEMBL39355,Brc1cccc(Nc2ncnc3cc4c(cnn4CCCN4CCOCC4)cc23)c1,CHEMBL203
CHEMBL39355,Brc1cccc(Nc2ncnc3cc4c(cnn4CCCN4CCOCC4)cc23)c1,CHEMBL203
CHEMBL493428,CS(=O)(=O)CCNCCCCOc1ccc2ncnc(Nc3ccc4c(cnn4Cc4cccc(F)c4)c3)c2c1,CHEMBL203
CHEMBL416611,OCC(O)Cn1ccc2cc3c(Nc4cccc(Br)c4)ncnc3cc21,CHEMBL203
CHEMBL416611,OCC(O)Cn1ccc2cc3c(Nc4cccc(Br)c4)ncnc3cc21,CHEMBL203
CHEMBL36967,Brc1cccc(Nc2ncnc3cc4[nH]cc(CN5CCOCC5)c4cc23)c1,CHEMBL203
CHEMBL36967,Brc1cccc(Nc2ncnc3cc4[nH]cc(CN5CCOCC5)c4cc23)c1,CHEMBL203
CHEMBL36164,OCCN(CCO)Cc1c[nH]c2cc3ncnc(Nc4cccc(Br)c4)c3cc12,CHEMBL203
CHEMBL36164,OCCN(CCO)Cc1c[nH]c2cc3ncnc(Nc4cccc(Br)c4)c3cc12,CHEMBL203
CHEMBL435809,CO[C@H]1[C@@H](N(C)C(=O)c2ccc(C(=O)O)cc2)C[C@@H]2O[C@@]1(C)n1c3ccccc3c3c4c(c5c6ccccc6n2c5c31)C(=O)NC4,CHEMBL203
CHEMBL57347,CN1CCN(CCCNc2ncc3cc(-c4c(Cl)cccc4Cl)c(NC(=O)NC(C)(C)C)nc3n2)CC1,CHEMBL203
CHEMBL160846,CS(=O)(=O)CCNc1nc(-c2ccc3ncnc(Nc4ccc(OCc5ccccc5)c(Cl)c4)c3c2)cs1,CHEMBL203
CHEMBL160846,CS(=O)(=O)CCNc1nc(-c2ccc3ncnc(Nc4ccc(OCc5ccccc5)c(Cl)c4)c3c2)cs1,CHEMBL203
CHEMBL422347,CS(=O)(=O)CCNc1nc(-c2ccc3ncnc(Nc4ccc(OCc5ccccc5)cc4)c3c2)cs1,CHEMBL203
CHEMBL160303,CS(=O)(=O)CCNc1nc(-c2ccc3ncnc(Nc4ccc5c(cnn5Cc5ccccc5)c4)c3c2)cs1,CHEMBL203
CHEMBL160303,CS(=O)(=O)CCNc1nc(-c2ccc3ncnc(Nc4ccc5c(cnn5Cc5ccccc5)c4)c3c2)cs1,CHEMBL203
CHEMBL338935,CO[C@H]1[C@@H](N(C)C(=O)CN)C[C@@H]2O[C@@]1(C)n1c3ccccc3c3c4c(c5c6ccccc6n2c5c31)C(=O)NC4,CHEMBL203
CHEMBL132348,CO[C@H]1[C@@H](N(C)CC(=O)O)C[C@@H]2O[C@@]1(C)n1c3ccccc3c3c4c(c5c6ccccc6n2c5c31)C(=O)NC4,CHEMBL203
CHEMBL335648,CO[C@H]1[C@@H]([N+](C)(C)C)C[C@@H]2O[C@@]1(C)n1c3ccccc3c3c4c(c5c6ccccc6n2c5c31)C(=O)NC4,CHEMBL203
CHEMBL155761,CS(=O)(=O)CCNc1nc(-c2ccc3ncnc(Nc4ccc(OCc5cccc(F)c5)c(Cl)c4)c3c2)cs1,CHEMBL203
CHEMBL155761,CS(=O)(=O)CCNc1nc(-c2ccc3ncnc(Nc4ccc(OCc5cccc(F)c5)c(Cl)c4)c3c2)cs1,CHEMBL203
CHEMBL45827,CCN(CC)CCCCNc1ncc2cc(-c3c(Cl)cccc3Cl)c(NC(=O)NC(C)(C)C)nc2n1,CHEMBL203
CHEMBL157084,CS(=O)(=O)CCNc1nc(-c2ccc3ncnc(Nc4ccc(F)c(Cl)c4)c3c2)cs1,CHEMBL203
CHEMBL388978,CN[C@@H]1C[C@H]2O[C@@](C)([C@@H]1OC)n1c3ccccc3c3c4c(c5c6ccccc6n2c5c31)C(=O)NC4,CHEMBL203
CHEMBL337027,CO[C@H]1[C@@H](N(C)C(=O)CCC(=O)O)C[C@@H]2O[C@@]1(C)n1c3ccccc3c3c4c(c5c6ccccc6n2c5c31)C(=O)NC4,CHEMBL203
CHEMBL337026,CN[C@H]1C[C@@H]2O[C@](C)([C@H]1OC)n1c3ccccc3c3c4c(c5c6ccccc6n2c5c31)C(=O)NC4=O,CHEMBL203
CHEMBL340611,CC[N+](C)(C)[C@H]1C[C@@H]2O[C@](C)([C@H]1OC)n1c3ccccc3c3c4c(c5c6ccccc6n2c5c31)C(=O)NC4,CHEMBL203
CHEMBL338049,CN[C@H]1C[C@@H]2O[C@](C)([C@H]1OC)n1c3ccccc3c3c4c(c5c6ccccc6n2c5c31)C(=O)N[C@@H]4O,CHEMBL203
CHEMBL338155,CN[C@H]1C[C@@H]2O[C@](C)([C@H]1OC)n1c3ccccc3c3c4c(c5c6ccccc6n2c5c31)[C@H](O)NC4=O,CHEMBL203
CHEMBL2448064,COc1cc2c(Nc3ccc(Cl)cc3F)ncnc2cc1OCC1CCNCC1.Cl,CHEMBL203
CHEMBL2448064,COc1cc2c(Nc3ccc(Cl)cc3F)ncnc2cc1OCC1CCNCC1.Cl,CHEMBL203
CHEMBL25579,COc1cc2c(Nc3ccc(Cl)cc3F)ncnc2cc1OCCN(C)c1ccncc1,CHEMBL203
CHEMBL25579,COc1cc2c(Nc3ccc(Cl)cc3F)ncnc2cc1OCCN(C)c1ccncc1,CHEMBL203
CHEMBL281872,COc1cc2c(Nc3ccc(Br)cc3F)ncnc2cc1OCCn1ccnn1,CHEMBL203
CHEMBL422758,COc1cc2c(Nc3c(F)cc(Cl)cc3F)ncnc2cc1OCC1CCN(C)CC1,CHEMBL203
CHEMBL1907763,COc1cc2c(Nc3ccc(Cl)cc3F)ncnc2cc1OC[C@@H]1CCCN(C)C1,CHEMBL203
CHEMBL1907763,COc1cc2c(Nc3ccc(Cl)cc3F)ncnc2cc1OC[C@@H]1CCCN(C)C1,CHEMBL203
CHEMBL24137,COc1cc2c(Nc3ccc(Cl)cc3F)ncnc2cc1OCCCN1CCOCC1,CHEMBL203
CHEMBL24137,COc1cc2c(Nc3ccc(Cl)cc3F)ncnc2cc1OCCCN1CCOCC1,CHEMBL203
CHEMBL24828,COc1cc2/c(=N/c3ccc(Br)cc3F)nc[nH]c2cc1OCC1CCN(C)CC1,CHEMBL203
CHEMBL24828,COc1cc2/c(=N/c3ccc(Br)cc3F)nc[nH]c2cc1OCC1CCN(C)CC1,CHEMBL203
CHEMBL1744349,COc1cc2c(Nc3ccc(Cl)cc3F)ncnc2cc1OC/C=C/CN1CCCC1.Cl,CHEMBL203
CHEMBL1744349,COc1cc2c(Nc3ccc(Cl)cc3F)ncnc2cc1OC/C=C/CN1CCCC1.Cl,CHEMBL203
CHEMBL24979,COc1cc2c(Nc3ccc(Br)cc3F)ncnc2cc1OCCC1CCN(C)CC1,CHEMBL203
CHEMBL24979,COc1cc2c(Nc3ccc(Br)cc3F)ncnc2cc1OCCC1CCN(C)CC1,CHEMBL203
CHEMBL2448065,COc1cc2c(Nc3ccc(Cl)cc3F)ncnc2cc1OCC1CCN(C)CC1.Cl,CHEMBL203
CHEMBL2448065,COc1cc2c(Nc3ccc(Cl)cc3F)ncnc2cc1OCC1CCN(C)CC1.Cl,CHEMBL203
CHEMBL1907764,COc1cc2c(Nc3ccc(Br)cc3F)ncnc2cc1OC[C@@H]1CCCN(C)C1,CHEMBL203
CHEMBL1907764,COc1cc2c(Nc3ccc(Br)cc3F)ncnc2cc1OC[C@@H]1CCCN(C)C1,CHEMBL203
CHEMBL283088,COc1cc2c(Nc3ccc(Cl)cc3F)ncnc2cc1OCCN1CCN(C)CC1,CHEMBL203
CHEMBL283088,COc1cc2c(Nc3ccc(Cl)cc3F)ncnc2cc1OCCN1CCN(C)CC1,CHEMBL203
CHEMBL2448067,COc1cc2c(Nc3ccc(Cl)cc3F)ncnc2cc1OCCCN1CCCC1.Cl,CHEMBL203
CHEMBL2448067,COc1cc2c(Nc3ccc(Cl)cc3F)ncnc2cc1OCCCN1CCCC1.Cl,CHEMBL203
CHEMBL1202477,COc1cc2c(Nc3ccc(Br)cc3F)ncnc2cc1OCCCN1CCN(C)CC1.Cl,CHEMBL203
CHEMBL1202477,COc1cc2c(Nc3ccc(Br)cc3F)ncnc2cc1OCCCN1CCN(C)CC1.Cl,CHEMBL203
CHEMBL416191,COc1cc2c(Nc3c(F)cc(Br)cc3F)ncnc2cc1OCC1CCN(C)CC1,CHEMBL203
CHEMBL533849,COc1cc2c(Nc3ccc(Br)cc3F)ncnc2cc1OCC1CCN(C)CC1.Cl,CHEMBL203
CHEMBL1907944,COc1cc2c(Nc3ccc(Br)cc3F)ncnc2cc1OC[C@H]1CCCN(C)C1,CHEMBL203
CHEMBL1907944,COc1cc2c(Nc3ccc(Br)cc3F)ncnc2cc1OC[C@H]1CCCN(C)C1,CHEMBL203
CHEMBL1744347,COc1cc2c(Nc3ccc(Cl)cc3F)ncnc2cc1OCCCN1CCN(C)CC1.Cl,CHEMBL203
CHEMBL1744347,COc1cc2c(Nc3ccc(Cl)cc3F)ncnc2cc1OCCCN1CCN(C)CC1.Cl,CHEMBL203
CHEMBL25610,COc1cc2c(Nc3ccc(Cl)cc3F)ncnc2cc1OCCN1CCOCC1,CHEMBL203
CHEMBL26641,COc1cc2c(Nc3ccc(Br)cc3F)ncnc2cc1OCCC1CCNCC1,CHEMBL203
CHEMBL26641,COc1cc2c(Nc3ccc(Br)cc3F)ncnc2cc1OCCC1CCNCC1,CHEMBL203
CHEMBL1202473,COc1cc2c(Nc3cc(O)c(C)cc3F)ncnc2cc1OCC1CCN(C)CC1.Cl,CHEMBL203
CHEMBL1202473,COc1cc2c(Nc3cc(O)c(C)cc3F)ncnc2cc1OCC1CCN(C)CC1.Cl,CHEMBL203
CHEMBL25425,COc1cc2c(Nc3ccc(Cl)cc3F)ncnc2cc1OCCC1CCN(C)CC1,CHEMBL203
CHEMBL25425,COc1cc2c(Nc3ccc(Cl)cc3F)ncnc2cc1OCCC1CCN(C)CC1,CHEMBL203
CHEMBL286160,COCCOc1cc2ncnc(Nc3ccc(Cl)cc3F)c2cc1OC,CHEMBL203
CHEMBL286160,COCCOc1cc2ncnc(Nc3ccc(Cl)cc3F)c2cc1OC,CHEMBL203
CHEMBL2448066,COc1cc2c(Nc3cc(O)c(Cl)cc3F)ncnc2cc1OCC1CCN(C)CC1.Cl,CHEMBL203
CHEMBL2448066,COc1cc2c(Nc3cc(O)c(Cl)cc3F)ncnc2cc1OCC1CCN(C)CC1.Cl,CHEMBL203
CHEMBL1202478,COc1cc2c(Nc3ccc(Br)cc3F)ncnc2cc1OC/C=C/CN1CCCC1.Cl,CHEMBL203
CHEMBL1202478,COc1cc2c(Nc3ccc(Br)cc3F)ncnc2cc1OC/C=C/CN1CCCC1.Cl,CHEMBL203
CHEMBL607707,CCOc1cc2ncc(C#N)c(Nc3ccc(F)c(Cl)c3)c2cc1NC(=O)/C=C/CN(C)C,CHEMBL203
CHEMBL126384,Brc1cccc(Nc2ncnc3cc(NCCCCN4CCOCC4)ncc23)c1,CHEMBL203
CHEMBL129509,Cc1cccc(Nc2ncnc3cc(NCCCN4CCOCC4)ncc23)c1,CHEMBL203
CHEMBL126137,CN(C)CCN(C)c1cc2ncnc(Nc3cccc(Br)c3)c2cn1,CHEMBL203
CHEMBL128987,Brc1cccc(Nc2ncnc3cc(NCCN4CCOCC4)ncc23)c1,CHEMBL203
CHEMBL128987,Brc1cccc(Nc2ncnc3cc(NCCN4CCOCC4)ncc23)c1,CHEMBL203
CHEMBL435993,OCCN(CCO)CCNc1cc2ncnc(Nc3cccc(Br)c3)c2cn1,CHEMBL203
CHEMBL340898,Cc1cccc(Nc2ncnc3cc(NCCCn4ccnc4)ncc23)c1,CHEMBL203
CHEMBL338215,Cc1cccc(Nc2ncnc3cc(NCCCCN(C)C)ncc23)c1,CHEMBL203
CHEMBL340484,CN1CCN(CCCNc2cc3ncnc(Nc4cccc(Br)c4)c3cn2)CC1,CHEMBL203
CHEMBL127058,OCCN(CCO)CCCNc1cc2ncnc(Nc3cccc(Br)c3)c2cn1,CHEMBL203
CHEMBL128467,O=S(=O)(O)CCNc1cc2ncnc(Nc3cccc(Br)c3)c2cn1,CHEMBL203
CHEMBL340700,CN(CC(O)CO)c1cc2ncnc(Nc3cccc(Br)c3)c2cn1,CHEMBL203
CHEMBL338114,Brc1cccc(Nc2ncnc3cc(NCCc4c[nH]cn4)ncc23)c1,CHEMBL203
CHEMBL341319,CN(CCO)c1cc2ncnc(Nc3cccc(Br)c3)c2cn1,CHEMBL203
CHEMBL340508,NNc1cc2ncnc(Nc3cccc(Br)c3)c2cn1,CHEMBL203
CHEMBL29197,COc1cc2ncnc(Nc3cccc(Br)c3)c2cc1OC,CHEMBL203
CHEMBL285063,C=CC(=O)Nc1ccc2ncnc(Nc3cccc(Br)c3)c2c1,CHEMBL203
CHEMBL127041,OCCNc1cc2ncnc(Nc3cccc(Br)c3)c2cn1,CHEMBL203
CHEMBL126791,Brc1cccc(Nc2ncnc3cc(NCCCn4ccnc4)ncc23)c1,CHEMBL203
CHEMBL54400,CNc1cc2ncnc(Nc3cccc(Br)c3)c2cn1,CHEMBL203
CHEMBL54400,CNc1cc2ncnc(Nc3cccc(Br)c3)c2cn1,CHEMBL203
CHEMBL128468,O=C(O)CCCNc1cc2ncnc(Nc3cccc(Br)c3)c2cn1,CHEMBL203
CHEMBL341522,Cc1cccc(Nc2ncnc3cc(NCCCN4CCN(C)CC4)ncc23)c1,CHEMBL203
CHEMBL111038,COc1cc2ncc(C#N)c(Nc3cccc(Br)c3)c2cc1OC,CHEMBL203
CHEMBL339416,[O-][N+]1(CCCNc2cc3ncnc(Nc4cccc(Br)c4)c3cn2)CCOCC1,CHEMBL203
CHEMBL30973,CN(C)C/C=C/C(=O)Nc1ccc2ncc(C#N)c(Nc3cccc(Br)c3)c2c1,CHEMBL203
CHEMBL115187,CCCN(CC#CC(=O)Nc1ccc2ncc(C#N)c(Nc3cccc(Br)c3)c2c1)CCC,CHEMBL203
CHEMBL92812,CNc1ccc2c(Nc3cccc(Br)c3)ncnc2c1,CHEMBL203
CHEMBL129825,CN(C)CCCCNc1cc2ncnc(Nc3cccc(Br)c3)c2cn1,CHEMBL203
CHEMBL420624,Nc1ccc2c(Nc3cccc(Br)c3)ncnc2c1,CHEMBL203
CHEMBL129579,OCC(O)C(O)C(O)C(O)CNc1cc2ncnc(Nc3cccc(Br)c3)c2cn1,CHEMBL203
CHEMBL126893,CN(C)CCCNc1cc2ncnc(Nc3cccc(Br)c3)c2cn1,CHEMBL203
CHEMBL127082,CNc1cc2ncnc(Nc3cccc(C)c3)c2cn1,CHEMBL203
CHEMBL128759,OCCN(CCO)c1cc2ncnc(Nc3cccc(Br)c3)c2cn1,CHEMBL203
CHEMBL126372,OCC(O)CNc1cc2ncnc(Nc3cccc(Br)c3)c2cn1,CHEMBL203
CHEMBL126372,OCC(O)CNc1cc2ncnc(Nc3cccc(Br)c3)c2cn1,CHEMBL203
CHEMBL157128,COCC1CCCN1CC#CC(=O)Nc1ccc2ncc(C#N)c(Nc3cccc(Br)c3)c2c1,CHEMBL203
CHEMBL116853,COc1cc2ncc(C#N)c(Nc3cccc(Br)c3)c2cc1NC(=O)C#CCN(C)C,CHEMBL203
CHEMBL53428,CN(C)c1cc2ncnc(Nc3cccc(Br)c3)c2cn1,CHEMBL203
CHEMBL53428,CN(C)c1cc2ncnc(Nc3cccc(Br)c3)c2cn1,CHEMBL203
CHEMBL125568,OCC(CO)Nc1cc2ncnc(Nc3cccc(Br)c3)c2cn1,CHEMBL203
CHEMBL129824,CN(C)CCCCCNc1cc2ncnc(Nc3cccc(Br)c3)c2cn1,CHEMBL203
CHEMBL128432,CN(C)CCNc1cc2ncnc(Nc3cccc(Br)c3)c2cn1,CHEMBL203
CHEMBL94061,CN(C)C/C=C/C(=O)Nc1ccc2ncnc(Nc3cccc(Br)c3)c2c1,CHEMBL203
CHEMBL340399,Cc1cccc(Nc2ncnc3cc(NCCc4c[nH]cn4)ncc23)c1,CHEMBL203
CHEMBL52076,Nc1cc2ncnc(Nc3cccc(Br)c3)c2cn1,CHEMBL203
CHEMBL52076,Nc1cc2ncnc(Nc3cccc(Br)c3)c2cn1,CHEMBL203
CHEMBL127611,CN(CC(O)C(O)C(O)C(O)CO)c1cc2ncnc(Nc3cccc(Br)c3)c2cn1,CHEMBL203
CHEMBL113900,CC(C)N(CC#CC(=O)Nc1ccc2ncc(C#N)c(Nc3cccc(Br)c3)c2c1)C(C)C,CHEMBL203
CHEMBL126623,Brc1cccc(Nc2ncnc3cc(NCCCN4CCOCC4)ncc23)c1,CHEMBL203
CHEMBL126623,Brc1cccc(Nc2ncnc3cc(NCCCN4CCOCC4)ncc23)c1,CHEMBL203
CHEMBL126903,CN(CC(=O)O)c1cc2ncnc(Nc3cccc(Br)c3)c2cn1,CHEMBL203
CHEMBL127086,O=C(O)CCNc1cc2ncnc(Nc3cccc(Br)c3)c2cn1,CHEMBL203
CHEMBL338175,O=C(O)CNc1cc2ncnc(Nc3cccc(Br)c3)c2cn1,CHEMBL203
CHEMBL355330,Nc1ncnc2c1c(-c1cccc(O)c1)cn2C1CCC1,CHEMBL203
CHEMBL153525,Brc1cccc(Nc2ncnc3ccc4cc[nH]c4c23)c1,CHEMBL203
CHEMBL152905,Nc1ccc2sc3c(Nc4cccc(Br)c4)ncnc3c2c1,CHEMBL203
CHEMBL152905,Nc1ccc2sc3c(Nc4cccc(Br)c4)ncnc3c2c1,CHEMBL203
CHEMBL29197,COc1cc2ncnc(Nc3cccc(Br)c3)c2cc1OC,CHEMBL203
CHEMBL544867,Cc1cccc(Nc2ncnc3c2sc2ccc([N+](=O)[O-])cc23)c1.Cl,CHEMBL203
CHEMBL542755,COc1cccc2sc3c(Nc4cccc(Br)c4)ncnc3c12.Cl,CHEMBL203
CHEMBL153206,COc1ccc2[nH]c3ncnc(Nc4cccc(Br)c4)c3c2c1,CHEMBL203
CHEMBL153206,COc1ccc2[nH]c3ncnc(Nc4cccc(Br)c4)c3c2c1,CHEMBL203
CHEMBL346846,COc1ccc2c(c1)sc1c(Nc3cccc(Br)c3)ncnc12,CHEMBL203
CHEMBL153739,CN(C)c1ccc2sc3c(Nc4cccc(Br)c4)ncnc3c2c1,CHEMBL203
CHEMBL150280,c1ccc(Nc2[nH]cnc3nc4ccccc4c2-3)cc1,CHEMBL203
CHEMBL553351,Cl.O=[N+]([O-])c1ccc2sc3c(Nc4cccc(Br)c4)ncnc3c2c1,CHEMBL203
CHEMBL98798,COc1cc2ncnc(Oc3cccc(Br)c3)c2cc1OC,CHEMBL203
CHEMBL423224,Brc1cccc(Nc2[nH]cnc3nc4ccccc4c2-3)c1,CHEMBL203
CHEMBL347282,Nc1ccc2sc3c(Nc4cccc(C(F)(F)F)c4)ncnc3c2c1,CHEMBL203
CHEMBL346863,Brc1cccc(Nc2ncnc3c2sc2ncsc23)c1.CO,CHEMBL203
CHEMBL169570,Nc1ncnc2c1c(-c1ccc(O)cc1)cn2C1CCCC1,CHEMBL203
CHEMBL415738,Cc1cccc(Nc2cc(NCCO)ncn2)c1,CHEMBL203
CHEMBL329672,Clc1cccc(Nc2ncnc3ccccc23)c1,CHEMBL203
CHEMBL29197,COc1cc2ncnc(Nc3cccc(Br)c3)c2cc1OC,CHEMBL203
CHEMBL553137,Cl.Cn1c2ccccc2c2ncnc(Nc3cccc(Br)c3)c21,CHEMBL203
CHEMBL169390,Nc1ncnc2c1c(-c1cccc(O)c1)cn2C1CCCC1,CHEMBL203
CHEMBL40734,Brc1cccc(Nc2ncnc3cc4[nH]ccc4cc23)c1,CHEMBL203
CHEMBL153170,Brc1cccc(Nc2ncnc3ccc4[nH]cnc4c23)c1,CHEMBL203
CHEMBL355982,Brc1cccc(Nc2ncnc3sccc23)c1,CHEMBL203
CHEMBL345988,Nc1nc(Nc2cccc(Br)c2)c2c(n1)[nH]c1ccccc12,CHEMBL203
CHEMBL544868,Cl.O=[N+]([O-])c1ccc2sc3c(Nc4ccccc4)ncnc3c2c1,CHEMBL203
CHEMBL97162,COc1nccc(-c2c(-c3ccc(F)cc3)ncn2[C@H]2CC[C@H](O)CC2)n1,CHEMBL203
CHEMBL345294,Brc1cccc(Nc2ncnc3ccsc23)c1,CHEMBL203
CHEMBL155278,Cc1cccc(Nc2ncnc3c2sc2ccc(N)cc23)c1,CHEMBL203
CHEMBL155278,Cc1cccc(Nc2ncnc3c2sc2ccc(N)cc23)c1,CHEMBL203
CHEMBL539822,Cl.Nc1ccc2c(c1)sc1c(Nc3cccc(Br)c3)ncnc12,CHEMBL203
CHEMBL540082,Cl.O=[N+]([O-])c1cccc2c1sc1c(Nc3cccc(Br)c3)ncnc12,CHEMBL203
CHEMBL356850,Brc1cccc(Nc2ncnc3c2sc2ccccc23)c1,CHEMBL203
CHEMBL356850,Brc1cccc(Nc2ncnc3c2sc2ccccc23)c1,CHEMBL203
CHEMBL357367,CCO.Nc1ccc2sc3c(Nc4ccccc4)ncnc3c2c1,CHEMBL203
CHEMBL151593,CO.Nc1cccc2c1sc1c(Nc3cccc(Br)c3)ncnc12,CHEMBL203
CHEMBL153419,c1ccc(CNc2ncnc3c2sc2ccccc23)cc1,CHEMBL203
CHEMBL153573,Nc1cc2sc3c(Nc4cccc(Br)c4)ncnc3c2cc1F,CHEMBL203
CHEMBL153573,Nc1cc2sc3c(Nc4cccc(Br)c4)ncnc3c2cc1F,CHEMBL203
CHEMBL357570,CCNc1cc2sc3c(Nc4cccc(Br)c4)ncnc3c2cc1F.CCO,CHEMBL203
CHEMBL357570,CCNc1cc2sc3c(Nc4cccc(Br)c4)ncnc3c2cc1F.CCO,CHEMBL203
CHEMBL6195771,Brc1cccc(Nc2ncnc3c2[nH]c2ccccc23)c1.Cl,CHEMBL203
CHEMBL6195771,Brc1cccc(Nc2ncnc3c2[nH]c2ccccc23)c1.Cl,CHEMBL203
CHEMBL358934,CCO.CNc1ccc2sc3c(Nc4cccc(Br)c4)ncnc3c2c1,CHEMBL203
CHEMBL358934,CCO.CNc1ccc2sc3c(Nc4cccc(Br)c4)ncnc3c2c1,CHEMBL203
CHEMBL540590,Cl.O=[N+]([O-])c1ccc2c(c1)sc1c(Nc3cccc(Br)c3)ncnc12,CHEMBL203
CHEMBL39337,Brc1cccc(Nc2ncnc3cc4[nH]ncc4cc23)c1,CHEMBL203
CHEMBL555921,COc1cccc2c1sc1c(Nc3cccc(Br)c3)ncnc12.Cl,CHEMBL203
CHEMBL155100,Brc1cccc(Nc2ncnc3c2ccc2[nH]cnc23)c1,CHEMBL203
CHEMBL168661,COc1cccc(-c2cn(C3CCN(CCN(C)CCO)CC3)c3ncnc(N)c23)c1,CHEMBL203
CHEMBL172514,COCCNCCN1CCC(n2cc(-c3cccc(OC)c3)c3c(N)ncnc32)CC1,CHEMBL203
CHEMBL263528,NC(=O)CN1CCC(n2cc(-c3cccc(O)c3)c3c(N)ncnc32)CC1,CHEMBL203
CHEMBL545541,COc1cc2ncnc(NCc3ccccc3)c2cc1OC.Cl,CHEMBL203
CHEMBL541586,COc1cc2ncnc(Nc3cccc(F)c3)c2cc1OC.Cl,CHEMBL203
CHEMBL540068,COc1cc2ncnc(Nc3cccc(Cl)c3)c2cc1OC.Cl,CHEMBL203
CHEMBL135853,COc1cc2ncnc(Oc3cccc(Cl)c3)c2cc1OC,CHEMBL203
CHEMBL555201,COc1cc2ncnc(Nc3ccc(O)cc3)c2cc1OC.Cl,CHEMBL203
CHEMBL542484,COc1cc2ncnc(Nc3ccccc3)c2cc1OC.Cl,CHEMBL203
CHEMBL135902,COc1cc2ncnc(Sc3cccc(Cl)c3)c2cc1OC,CHEMBL203
CHEMBL57347,CN1CCN(CCCNc2ncc3cc(-c4c(Cl)cccc4Cl)c(NC(=O)NC(C)(C)C)nc3n2)CC1,CHEMBL203
CHEMBL542729,COc1ccc2ncnc(Nc3cc(OC)c(OC)c(OC)c3)c2c1.Cl,CHEMBL203
CHEMBL555321,Cl.Clc1cccc(Nc2ncnc3ccccc23)c1,CHEMBL203
CHEMBL542733,COc1ccc(Nc2ncnc3cc(OC)c(OC)cc23)cc1.Cl,CHEMBL203
CHEMBL56505,COc1cc2ncnc(Nc3ccc(F)c(Cl)c3)c2cc1OCCN(CCO)CCO,CHEMBL203
CHEMBL56802,COc1cc2ncnc(Nc3cccc(C)c3)c2cc1OC,CHEMBL203
CHEMBL122534,Nc1cc2ncnc(Nc3ccccc3)c2cn1,CHEMBL203
CHEMBL57990,COc1cc2ncnc(Nc3ccc(F)c(Cl)c3)c2cc1OCCCN(C)C,CHEMBL203
CHEMBL331792,Cc1cccc(Nc2ncnc3cc(N)ncc23)c1,CHEMBL203
CHEMBL55794,COc1cc2ncnc(Nc3ccc(F)c(Cl)c3)c2cc1OCCNC(C)C,CHEMBL203
CHEMBL294395,COCCN(CCOC)CCOc1cc2c(Nc3ccc(F)c(Cl)c3)ncnc2cc1OC,CHEMBL203
CHEMBL52076,Nc1cc2ncnc(Nc3cccc(Br)c3)c2cn1,CHEMBL203
CHEMBL338625,Nc1cc2ncnc(Nc3ccc(Br)cc3)c2cn1,CHEMBL203
CHEMBL124673,Nc1cc2ncnc(Nc3cccc([N+](=O)[O-])c3)c2cn1,CHEMBL203
CHEMBL301018,COc1cc2ncnc(Nc3ccc(F)c(Cl)c3)c2cc1OC,CHEMBL203
CHEMBL7917,COc1cc2ncnc(Nc3cccc(Cl)c3)c2cc1OC,CHEMBL203
CHEMBL7917,COc1cc2ncnc(Nc3cccc(Cl)c3)c2cc1OC,CHEMBL203
CHEMBL299672,COc1cc2ncnc(Nc3ccc(F)c(Cl)c3)c2cc1OCCCN1CCCC1,CHEMBL203
CHEMBL1788321,COc1cc2ncnc(Nc3ccc(F)c(Cl)c3)c2cc1OC[C@H](O)CN1CCOCC1,CHEMBL203
CHEMBL7827,O=c1c(-c2cccc(Cl)c2)coc2cc(O)cc(O)c12,CHEMBL203
CHEMBL56936,COc1cc2ncnc(Nc3ccc(F)c(Cl)c3)c2cc1OCCNCCN(C)C,CHEMBL203
CHEMBL60826,COc1cc2ncnc(Nc3ccc(F)c(Cl)c3)c2cc1OCC(O)Cn1ccnc1,CHEMBL203
CHEMBL125550,Nc1cc2ncnc(Nc3cccc(I)c3)c2cn1,CHEMBL203
CHEMBL123322,Nc1cc2ncnc(Nc3cccc(O)c3)c2cn1,CHEMBL203
CHEMBL440453,COc1cc(O)c2c(O)c(-c3cccc(Cl)c3)cnc2c1,CHEMBL203
CHEMBL125810,Nc1cc2ncnc(Nc3cccc(C(F)(F)F)c3)c2cn1,CHEMBL203
CHEMBL334173,COc1cccc(Nc2ncnc3cc(N)ncc23)c1,CHEMBL203
CHEMBL14699,COc1cc2ncnc(Nc3ccc(F)c(Cl)c3)c2cc1OCCN1CCOCC1,CHEMBL203
CHEMBL281300,C=CC(=O)Nc1ccc2ncc(C#N)c(Nc3cccc(Br)c3)c2c1,CHEMBL203
CHEMBL281300,C=CC(=O)Nc1ccc2ncc(C#N)c(Nc3cccc(Br)c3)c2c1,CHEMBL203
CHEMBL56912,COCCNCCOc1cc2c(Nc3ccc(F)c(Cl)c3)ncnc2cc1OC,CHEMBL203
CHEMBL55425,CCN(CC)CCCOc1cc2c(Nc3ccc(F)c(Cl)c3)ncnc2cc1OC,CHEMBL203
CHEMBL31276,CN(C)C/C=C/C(=O)Nc1cc2c(Nc3cccc(Br)c3)c(C#N)cnc2cn1,CHEMBL203
CHEMBL31276,CN(C)C/C=C/C(=O)Nc1cc2c(Nc3cccc(Br)c3)c(C#N)cnc2cn1,CHEMBL203
CHEMBL56027,COc1cc2ncnc(Nc3ccc(F)c(Cl)c3)c2cc1OCCNC(C)(CO)CO,CHEMBL203
CHEMBL294034,COc1cc2ncnc(Nc3ccc(F)c(Cl)c3)c2cc1OCCn1ccnc1,CHEMBL203
CHEMBL939,COc1cc2ncnc(Nc3ccc(F)c(Cl)c3)c2cc1OCCCN1CCOCC1,CHEMBL203
CHEMBL7866,COC(=O)Cn1cc(-c2cccc(Cl)c2)c(=O)c2c(O)cc(OC)cc21,CHEMBL203
CHEMBL283682,CC#CC(=O)Nc1ccc2ncc(C#N)c(Nc3cccc(Br)c3)c2c1,CHEMBL203
CHEMBL30973,CN(C)C/C=C/C(=O)Nc1ccc2ncc(C#N)c(Nc3cccc(Br)c3)c2c1,CHEMBL203
CHEMBL30973,CN(C)C/C=C/C(=O)Nc1ccc2ncc(C#N)c(Nc3cccc(Br)c3)c2c1,CHEMBL203
CHEMBL293090,CNCCOc1cc2c(Nc3ccc(F)c(Cl)c3)ncnc2cc1OC,CHEMBL203
CHEMBL56142,COc1cc2ncnc(Nc3ccc(F)c(Cl)c3)c2cc1OCCN1CCCCC1,CHEMBL203
CHEMBL293064,CCN(CC)CCOc1cc2c(Nc3ccc(F)c(Cl)c3)ncnc2cc1OC,CHEMBL203
CHEMBL56502,COc1cc2ncnc(Nc3ccc(F)c(Cl)c3)c2cc1OCC(O)CN,CHEMBL203
CHEMBL7819,COc1cc(O)c2c(=O)c(-c3cccc(Cl)c3)cn(C)c2c1,CHEMBL203
CHEMBL291514,COc1cc2ncnc(Nc3ccc(F)c(Cl)c3)c2cc1OCCCN1CCCCC1,CHEMBL203
CHEMBL122132,Nc1cc2ncnc(Nc3ccccc3Br)c2cn1,CHEMBL203
CHEMBL1744086,COc1cc2ncnc(Nc3ccc(F)c(Cl)c3)c2cc1OC[C@@H](O)CN1CCOCC1,CHEMBL203
CHEMBL124528,Nc1cc2ncnc(Nc3cccc(Cl)c3)c2cn1,CHEMBL203
CHEMBL57759,COc1cc2ncnc(Nc3ccc(F)c(Cl)c3)c2cc1OCCN(C)C,CHEMBL203
CHEMBL607707,CCOc1cc2ncc(C#N)c(Nc3ccc(F)c(Cl)c3)c2cc1NC(=O)/C=C/CN(C)C,CHEMBL203
CHEMBL607707,CCOc1cc2ncc(C#N)c(Nc3ccc(F)c(Cl)c3)c2cc1NC(=O)/C=C/CN(C)C,CHEMBL203
CHEMBL300791,COc1cc2ncnc(Nc3ccc(F)c(Cl)c3)c2cc1OCCN1CCN(C)CC1,CHEMBL203
CHEMBL57892,COc1cc2ncnc(Nc3ccc(F)c(Cl)c3)c2cc1OCCNC(C)(C)C,CHEMBL203
CHEMBL57758,COc1cc2ncnc(Nc3ccc(F)c(Cl)c3)c2cc1OCCN1CCCC1,CHEMBL203
CHEMBL56266,CNCC(O)COc1cc2c(Nc3ccc(F)c(Cl)c3)ncnc2cc1OC,CHEMBL203
CHEMBL266995,Oc1cc(O)c2c(O)c(-c3cccc(Cl)c3)cnc2c1,CHEMBL203
CHEMBL299893,COc1cc2ncnc(Nc3ccc(F)c(Cl)c3)c2cc1OCC(O)CN(CCO)CCO,CHEMBL203
CHEMBL332846,Nc1cc2ncnc(NCc3ccccc3N)c2cn1,CHEMBL203
CHEMBL552859,C=C(CN(C)C)C(=O)c1ccc(OCc2ccccc2)cc1.Cl,CHEMBL203
CHEMBL542891,CCOC(=O)C1CCN(CCC(=O)c2ccc(OCc3ccccc3)cc2)CC1.Cl,CHEMBL203
CHEMBL80030,C=C(CN(C)C)C(=O)c1ccc(OS(=O)(=O)c2ccc(C(=O)O)cc2)cc1,CHEMBL203
CHEMBL30432,CN(C)c1cc2c(Nc3ccc4c(cnn4Cc4ccccc4)c3)ncnc2cn1,CHEMBL203
CHEMBL30432,CN(C)c1cc2c(Nc3ccc4c(cnn4Cc4ccccc4)c3)ncnc2cn1,CHEMBL203
CHEMBL76432,c1ccc(-c2cc3ncnc(Nc4ccc5[nH]ccc5c4)c3s2)cc1,CHEMBL203
CHEMBL312818,c1ccc(CCCN(c2cc3ncnc(Nc4ccc5[nH]ccc5c4)c3s2)n2ccnc2)cc1,CHEMBL203
CHEMBL80540,c1cc(Nc2ccc3[nH]ccc3c2)c2sc(-c3ccc(CNCCN4CCNCC4)cc3)cc2n1,CHEMBL203
CHEMBL312753,OCc1ccc(-c2cc3ncnc(Nc4ccc5[nH]ccc5c4)c3s2)cc1,CHEMBL203
CHEMBL80809,CC(=O)NCCNCc1ccc(-c2cc3ncnc(Nc4ccc5[nH]ccc5c4)c3s2)cc1,CHEMBL203
CHEMBL312818,c1ccc(CCCN(c2cc3ncnc(Nc4ccc5[nH]ccc5c4)c3s2)n2ccnc2)cc1,CHEMBL203
CHEMBL310740,OCCNCc1ccc(-c2cc3nccc(Nc4ccc5[nH]ccc5c4)c3s2)cc1,CHEMBL203
CHEMBL308498,CC(C)(CO)NCc1ccc(-c2cc3ncnc(Nc4ccc5[nH]ccc5c4)c3s2)cc1,CHEMBL203
CHEMBL78018,NCc1ccc(-c2cc3ncnc(Nc4ccc5[nH]ccc5c4)c3s2)cc1,CHEMBL203
CHEMBL421326,OCCOCCNCc1ccc(-c2cc3nccc(Nc4ccc5[nH]ccc5c4)c3s2)cc1,CHEMBL203
CHEMBL79060,Cc1cc2cc(Nc3ccnc4cc(-c5ccc(CNCCN6CCNCC6)cc5)sc34)ccc2[nH]1,CHEMBL203
CHEMBL56543,N#C/C(=C\c1ccc(O)c(O)c1)C(=O)NCc1ccccc1,CHEMBL203
CHEMBL79206,CN(CCO)Cc1ccc(-c2cc3nccc(Nc4ccc5[nH]ccc5c4)c3s2)cc1,CHEMBL203
CHEMBL76751,c1csc(-c2cc3ncnc(Nc4ccc5[nH]ccc5c4)c3s2)c1,CHEMBL203
CHEMBL311109,NC(=O)C1CCN(Cc2ccc(-c3cc4ncnc(Nc5ccc6[nH]ccc6c5)c4s3)cc2)CC1,CHEMBL203
CHEMBL312482,c1cc(Nc2ccc3[nH]ccc3c2)c2sc(-c3ccc(CN4CCOCC4)cc3)cc2n1,CHEMBL203
CHEMBL79215,c1ccc(NCCN(c2cc3ncnc(Nc4ccc5[nH]ccc5c4)c3s2)n2cccc2)cc1,CHEMBL203
CHEMBL431977,NC(=O)C1CCN(Cc2ccc(-c3cc4nccc(Nc5ccc6[nH]ccc6c5)c4s3)cc2)CC1,CHEMBL203
CHEMBL81712,O=C(c1ccccc1)c1cc2ncnc(Nc3ccc4[nH]ccc4c3)c2s1,CHEMBL203
CHEMBL310853,c1csc(-c2cc3nccc(Nc4ccc5[nH]ccc5c4)c3s2)c1,CHEMBL203
CHEMBL80302,Cc1cc2cc(Nc3ncnc4cc(-c5ccccc5)sc34)ccc2[nH]1,CHEMBL203
CHEMBL310827,Cc1c[nH]c2ccc(Nc3ncnc4cc(-c5ccccc5)sc34)cc12,CHEMBL203
CHEMBL81375,Cc1cc2cc(Nc3ccnc4cc(-c5ccc(CN(C)CCO)cc5)sc34)ccc2[nH]1,CHEMBL203
CHEMBL308498,CC(C)(CO)NCc1ccc(-c2cc3ncnc(Nc4ccc5[nH]ccc5c4)c3s2)cc1,CHEMBL203
CHEMBL77782,CN(C)CCc1ccc(-c2cc3ncnc(Nc4ccc5[nH]ccc5c4)c3s2)cc1,CHEMBL203
CHEMBL76432,c1ccc(-c2cc3ncnc(Nc4ccc5[nH]ccc5c4)c3s2)cc1,CHEMBL203
CHEMBL306732,CN(C)c1ccc(Nc2ncnc3cc(-c4ccccc4)sc23)cc1,CHEMBL203
CHEMBL418909,CC(=O)NCCNCc1ccc(-c2cc3nccc(Nc4ccc5[nH]ccc5c4)c3s2)cc1,CHEMBL203
CHEMBL77452,OCCCNCc1ccc(-c2cc3nccc(Nc4ccc5[nH]ccc5c4)c3s2)cc1,CHEMBL203
CHEMBL76751,c1csc(-c2cc3ncnc(Nc4ccc5[nH]ccc5c4)c3s2)c1,CHEMBL203
CHEMBL161956,CN(CCO)c1cc2c(Nc3cccc(Br)c3)ncnc2cn1,CHEMBL203
CHEMBL351629,CN(CC(=O)O)c1cc2c(Nc3cccc(Br)c3)ncnc2cn1,CHEMBL203
CHEMBL165731,Cc1cccc(Nc2ncnc3cnc(NCCN4CCOCC4)cc23)c1,CHEMBL203
CHEMBL165731,Cc1cccc(Nc2ncnc3cnc(NCCN4CCOCC4)cc23)c1,CHEMBL203
CHEMBL53711,CN(C)c1cc2c(Nc3cccc(Br)c3)ncnc2cn1,CHEMBL203
CHEMBL165228,Cc1nc(Nc2cccc(Br)c2)c2cc(NCCN3CCOCC3)ncc2n1,CHEMBL203
CHEMBL166255,CN(CCO)CCNc1cc2c(Nc3cccc(Br)c3)ncnc2cn1,CHEMBL203
CHEMBL166255,CN(CCO)CCNc1cc2c(Nc3cccc(Br)c3)ncnc2cn1,CHEMBL203
CHEMBL165630,OCCN(CCO)CCNc1cc2c(Nc3cccc(Br)c3)ncnc2cn1,CHEMBL203
CHEMBL165630,OCCN(CCO)CCNc1cc2c(Nc3cccc(Br)c3)ncnc2cn1,CHEMBL203
CHEMBL165495,Cc1cccc(Nc2ncnc3cnc(N)cc23)c1,CHEMBL203
CHEMBL163369,OCCN(CCO)CCCNc1cc2c(Nc3cccc(Br)c3)ncnc2cn1,CHEMBL203
CHEMBL163369,OCCN(CCO)CCCNc1cc2c(Nc3cccc(Br)c3)ncnc2cn1,CHEMBL203
CHEMBL53753,CNc1cc2c(Nc3cccc(Br)c3)ncnc2cn1,CHEMBL203
CHEMBL166307,CN1CCN(NCCCNc2cc3c(Nc4cccc(Br)c4)ncnc3cn2)CC1,CHEMBL203
CHEMBL166307,CN1CCN(NCCCNc2cc3c(Nc4cccc(Br)c4)ncnc3cn2)CC1,CHEMBL203
CHEMBL162223,Brc1cccc(Nc2ncnc3cnc(NCCc4ccccn4)cc23)c1,CHEMBL203
CHEMBL162223,Brc1cccc(Nc2ncnc3cnc(NCCc4ccccn4)cc23)c1,CHEMBL203
CHEMBL162719,CN1CCN(c2cc3c(Nc4cccc(Br)c4)ncnc3cn2)CC1,CHEMBL203
CHEMBL162719,CN1CCN(c2cc3c(Nc4cccc(Br)c4)ncnc3cn2)CC1,CHEMBL203
CHEMBL162821,CNc1cc2c(Nc3cccc(C)c3)ncnc2cn1,CHEMBL203
CHEMBL162821,CNc1cc2c(Nc3cccc(C)c3)ncnc2cn1,CHEMBL203
CHEMBL105436,COc1cccc(-c2cn(-c3ccc(CCN(C)CCO)cc3)c3ncnc(N)c23)c1,CHEMBL203
CHEMBL162053,CN(C)CCN(C)c1cc2c(Nc3cccc(Br)c3)ncnc2cn1,CHEMBL203
CHEMBL162053,CN(C)CCN(C)c1cc2c(Nc3cccc(Br)c3)ncnc2cn1,CHEMBL203
CHEMBL165574,Brc1cccc(Nc2ncnc3cnc(NCCCN4CCOCC4)cc23)c1,CHEMBL203
CHEMBL165574,Brc1cccc(Nc2ncnc3cnc(NCCCN4CCOCC4)cc23)c1,CHEMBL203
CHEMBL53940,CNc1cc2c(Nc3ccccc3)ncnc2cn1,CHEMBL203
CHEMBL165788,CNc1cc2c(Nc3cccc(C(F)(F)F)c3)ncnc2cn1,CHEMBL203
CHEMBL166093,OCC(O)CNc1cc2c(Nc3cccc(Br)c3)ncnc2cn1,CHEMBL203
CHEMBL349070,CN(C)CCCCNc1cc2c(Nc3cccc(Br)c3)ncnc2cn1,CHEMBL203
CHEMBL349070,CN(C)CCCCNc1cc2c(Nc3cccc(Br)c3)ncnc2cn1,CHEMBL203
CHEMBL162142,Brc1cccc(Nc2ncnc3cnc(NCCc4c[nH]cn4)cc23)c1,CHEMBL203
CHEMBL162142,Brc1cccc(Nc2ncnc3cnc(NCCc4c[nH]cn4)cc23)c1,CHEMBL203
CHEMBL165508,Brc1cccc(Nc2ncnc3cnc(NCc4cccnc4)cc23)c1,CHEMBL203
CHEMBL165508,Brc1cccc(Nc2ncnc3cnc(NCc4cccnc4)cc23)c1,CHEMBL203
CHEMBL165547,CN(CC(O)CO)c1cc2c(Nc3cccc(Br)c3)ncnc2cn1,CHEMBL203
CHEMBL165864,OCCNc1cc2c(Nc3cccc(Br)c3)ncnc2cn1,CHEMBL203
CHEMBL161895,Cc1cccc(Nc2ncnc3cnc(NCCc4c[nH]cn4)cc23)c1,CHEMBL203
CHEMBL433520,CCN(CC)CC(O)CNc1cc2c(Nc3cccc(Br)c3)ncnc2cn1,CHEMBL203
CHEMBL433520,CCN(CC)CC(O)CNc1cc2c(Nc3cccc(Br)c3)ncnc2cn1,CHEMBL203
CHEMBL433520,CCN(CC)CC(O)CNc1cc2c(Nc3cccc(Br)c3)ncnc2cn1,CHEMBL203
CHEMBL424375,COc1cccc(-c2cn(-c3ccc(CNCCO)cc3)c3ncnc(N)c23)c1,CHEMBL203
CHEMBL355816,O=C(O)CNc1cc2c(Nc3cccc(Br)c3)ncnc2cn1,CHEMBL203
CHEMBL166154,CNc1cc2c(Nc3cccc(Cl)c3)ncnc2cn1,CHEMBL203
CHEMBL163188,Cc1cccc(Nc2ncnc3cnc(N(C)C)cc23)c1,CHEMBL203
CHEMBL163168,O=C(O)CCNc1cc2c(Nc3cccc(Br)c3)ncnc2cn1,CHEMBL203
CHEMBL162508,Cc1cccc(Nc2ncnc3cnc(NCCCN4CCOCC4)cc23)c1,CHEMBL203
CHEMBL166358,CN(C)CCCNc1cc2c(Nc3cccc(Br)c3)ncnc2cn1,CHEMBL203
CHEMBL166358,CN(C)CCCNc1cc2c(Nc3cccc(Br)c3)ncnc2cn1,CHEMBL203
CHEMBL162981,Brc1cccc(Nc2ncnc3cnc(NCCCn4ccnc4)cc23)c1,CHEMBL203
CHEMBL162981,Brc1cccc(Nc2ncnc3cnc(NCCCn4ccnc4)cc23)c1,CHEMBL203
CHEMBL51853,Nc1cc2c(Nc3cccc(Br)c3)ncnc2cn1,CHEMBL203
CHEMBL51853,Nc1cc2c(Nc3cccc(Br)c3)ncnc2cn1,CHEMBL203
CHEMBL162034,CN(C)CCNc1cc2c(Nc3cccc(Br)c3)ncnc2cn1,CHEMBL203
CHEMBL162034,CN(C)CCNc1cc2c(Nc3cccc(Br)c3)ncnc2cn1,CHEMBL203
CHEMBL162034,CN(C)CCNc1cc2c(Nc3cccc(Br)c3)ncnc2cn1,CHEMBL203
CHEMBL162622,Brc1cccc(Nc2ncnc3cnc(NCCN4CCOCC4)cc23)c1,CHEMBL203
CHEMBL162622,Brc1cccc(Nc2ncnc3cnc(NCCN4CCOCC4)cc23)c1,CHEMBL203
CHEMBL162622,Brc1cccc(Nc2ncnc3cnc(NCCN4CCOCC4)cc23)c1,CHEMBL203
CHEMBL449093,O=C(O)c1ccc(S(=O)(=O)Oc2ccc(/C=C/[N+](=O)[O-])cc2)cc1O,CHEMBL203
CHEMBL388978,CN[C@@H]1C[C@H]2O[C@@](C)([C@@H]1OC)n1c3ccccc3c3c4c(c5c6ccccc6n2c5c31)C(=O)NC4,CHEMBL203
CHEMBL77688,O=C(O)c1ccc(S(=O)(=O)Oc2ccc(/C=C/[N+](=O)[O-])cc2)c(O)c1,CHEMBL203
CHEMBL286343,C=CC(=O)Nc1cc2c(Nc3cccc(Br)c3)ncnc2cc1OCCCn1ccnc1,CHEMBL203
CHEMBL286343,C=CC(=O)Nc1cc2c(Nc3cccc(Br)c3)ncnc2cc1OCCCn1ccnc1,CHEMBL203
CHEMBL31965,C=CC(=O)Nc1cc2c(Nc3ccc(F)c(Cl)c3)ncnc2cc1OCCCN1CCOCC1,CHEMBL203
CHEMBL31965,C=CC(=O)Nc1cc2c(Nc3ccc(F)c(Cl)c3)ncnc2cc1OCCCN1CCOCC1,CHEMBL203
CHEMBL285063,C=CC(=O)Nc1ccc2ncnc(Nc3cccc(Br)c3)c2c1,CHEMBL203
CHEMBL285063,C=CC(=O)Nc1ccc2ncnc(Nc3cccc(Br)c3)c2c1,CHEMBL203
CHEMBL27685,C=CC(=O)Nc1cc2c(Nc3ccc(F)c(Br)c3)ncnc2cc1OCCCN1CCOCC1,CHEMBL203
CHEMBL27685,C=CC(=O)Nc1cc2c(Nc3ccc(F)c(Br)c3)ncnc2cc1OCCCN1CCOCC1,CHEMBL203
CHEMBL31630,C=CC(=O)N(C)c1nc2c(Nc3ccc(F)c(Cl)c3)ncnc2cc1OCCCN1CCOCC1,CHEMBL203
CHEMBL31630,C=CC(=O)N(C)c1nc2c(Nc3ccc(F)c(Cl)c3)ncnc2cc1OCCCN1CCOCC1,CHEMBL203
CHEMBL27688,C=CC(=O)Nc1cc2c(Nc3cccc(C)c3)ncnc2cc1OCCCN1CCOCC1,CHEMBL203
CHEMBL27688,C=CC(=O)Nc1cc2c(Nc3cccc(C)c3)ncnc2cc1OCCCN1CCOCC1,CHEMBL203
CHEMBL31373,C=CC(=O)Nc1ccc2ncnc(Nc3ccc(F)c(Cl)c3)c2c1,CHEMBL203
CHEMBL31373,C=CC(=O)Nc1ccc2ncnc(Nc3ccc(F)c(Cl)c3)c2c1,CHEMBL203
CHEMBL31816,C=CC(=O)Nc1nc2c(Nc3ccc(F)c(Cl)c3)ncnc2cc1OC,CHEMBL203
CHEMBL31816,C=CC(=O)Nc1nc2c(Nc3ccc(F)c(Cl)c3)ncnc2cc1OC,CHEMBL203
CHEMBL417478,C=CC(=O)Nc1nc2c(Nc3ccc(F)c(Cl)c3)ncnc2cc1/C=C/CCN1CCOCC1,CHEMBL203
CHEMBL417478,C=CC(=O)Nc1nc2c(Nc3ccc(F)c(Cl)c3)ncnc2cc1/C=C/CCN1CCOCC1,CHEMBL203
CHEMBL32844,C=CC(=O)Nc1cc2c(Nc3cccc(Br)c3)ncnc2cc1OCCCN1CCN(C)CC1,CHEMBL203
CHEMBL32844,C=CC(=O)Nc1cc2c(Nc3cccc(Br)c3)ncnc2cc1OCCCN1CCN(C)CC1,CHEMBL203
CHEMBL31588,C=CC(=O)Nc1cc2c(Nc3cccc(Br)c3)ncnc2cc1OCCCCN(C)C,CHEMBL203
CHEMBL31588,C=CC(=O)Nc1cc2c(Nc3cccc(Br)c3)ncnc2cc1OCCCCN(C)C,CHEMBL203
CHEMBL31656,C=CC(=O)Nc1nc2c(Nc3ccc(F)c(Cl)c3)ncnc2cc1OCCCN1CCOCC1,CHEMBL203
CHEMBL31419,C=CC(=O)Nc1cc2c(Nc3cccc(Br)c3)ncnc2cc1OCCCN1CCOCC1,CHEMBL203
CHEMBL31419,C=CC(=O)Nc1cc2c(Nc3cccc(Br)c3)ncnc2cc1OCCCN1CCOCC1,CHEMBL203
CHEMBL31326,C=CC(=O)Nc1cc2c(Nc3cccc(Br)c3)ncnc2cc1SCCCN(CC)CC,CHEMBL203
CHEMBL31326,C=CC(=O)Nc1cc2c(Nc3cccc(Br)c3)ncnc2cc1SCCCN(CC)CC,CHEMBL203
CHEMBL31815,C=CC(=O)Nc1ccc2ncnc(Nc3cccc(C)c3)c2c1,CHEMBL203
CHEMBL31815,C=CC(=O)Nc1ccc2ncnc(Nc3cccc(C)c3)c2c1,CHEMBL203
CHEMBL280757,C=CC(=O)Nc1ccc2ncnc(Nc3ccc(F)c(Br)c3)c2c1,CHEMBL203
CHEMBL280757,C=CC(=O)Nc1ccc2ncnc(Nc3ccc(F)c(Br)c3)c2c1,CHEMBL203
CHEMBL28418,C=CC(=O)Nc1ccc2ncnc(Nc3ccc(F)c(Cl)c3)c2n1,CHEMBL203
CHEMBL28418,C=CC(=O)Nc1ccc2ncnc(Nc3ccc(F)c(Cl)c3)c2n1,CHEMBL203
CHEMBL281543,C=CC(=O)Nc1nc2c(Nc3ccc(F)c(Cl)c3)ncnc2cc1CCCCN1CCOCC1,CHEMBL203
CHEMBL284326,C=CC(=O)Nc1nc2c(Nc3ccc(F)c(Cl)c3)ncnc2cc1OCCCN1CCN(C)CC1,CHEMBL203
CHEMBL284326,C=CC(=O)Nc1nc2c(Nc3ccc(F)c(Cl)c3)ncnc2cc1OCCCN1CCN(C)CC1,CHEMBL203
CHEMBL32079,C=CC(=O)Nc1cc2c(Nc3ccc(F)c(Cl)c3)ncnc2cc1OCCOCCCCO,CHEMBL203
CHEMBL31622,C=CC(=O)Nc1cc2c(Nc3cccc(C)c3)ncnc2cc1OCCCN1CCN(C)CC1,CHEMBL203
CHEMBL31622,C=CC(=O)Nc1cc2c(Nc3cccc(C)c3)ncnc2cc1OCCCN1CCN(C)CC1,CHEMBL203
CHEMBL31570,C=CC(=O)Nc1nc2c(Nc3ccc(F)c(Cl)c3)ncnc2cc1OCCOC,CHEMBL203
CHEMBL283201,C=CC(=O)Nc1ccc2ncnc(Nc3ccc(CN(C)C)c(Br)c3)c2c1,CHEMBL203
CHEMBL31369,C=CC(=O)Nc1ccc2ncnc(Nc3ccc(OCCN(C)C)c(Br)c3)c2c1,CHEMBL203
CHEMBL420624,Nc1ccc2c(Nc3cccc(Br)c3)ncnc2c1,CHEMBL203
CHEMBL333082,Nc1cccc2c(Nc3cccc(Br)c3)ncnc12,CHEMBL203
CHEMBL53690,C=CC(=O)Nc1ccc2ncnc(Nc3cccc(C(F)(F)F)c3)c2c1,CHEMBL203
CHEMBL53690,C=CC(=O)Nc1ccc2ncnc(Nc3cccc(C(F)(F)F)c3)c2c1,CHEMBL203
CHEMBL297968,C=CC(=O)Nc1ccc2c(Nc3cccc(C)c3)ncnc2c1,CHEMBL203
CHEMBL297968,C=CC(=O)Nc1ccc2c(Nc3cccc(C)c3)ncnc2c1,CHEMBL203
CHEMBL126192,CCOc1cc2ncnc(Nc3cccc(-c4nccs4)c3)c2cc1OCC,CHEMBL203
CHEMBL328216,Nc1cc2ncnc(Nc3cccc(Br)c3)c2cc1N,CHEMBL203
CHEMBL93032,Oc1cc2ncnc(Nc3cccc(Br)c3)c2cc1O,CHEMBL203
CHEMBL119033,COc1cccc2ncnc(Nc3cccc(Br)c3)c12,CHEMBL203
CHEMBL280757,C=CC(=O)Nc1ccc2ncnc(Nc3ccc(F)c(Br)c3)c2c1,CHEMBL203
CHEMBL280757,C=CC(=O)Nc1ccc2ncnc(Nc3ccc(F)c(Br)c3)c2c1,CHEMBL203
CHEMBL326596,COc1ccc2c(NCc3ccccc3)ncnc2c1,CHEMBL203
CHEMBL329672,Clc1cccc(Nc2ncnc3ccccc23)c1,CHEMBL203
CHEMBL430571,C=CC(=O)Nc1ccc2ncnc(Nc3ccc(OCc4ccccc4)cc3)c2c1,CHEMBL203
CHEMBL430571,C=CC(=O)Nc1ccc2ncnc(Nc3ccc(OCc4ccccc4)cc3)c2c1,CHEMBL203
CHEMBL52913,C=CC(=O)Nc1ccc2c(Nc3cccc(Cl)c3)ncnc2c1,CHEMBL203
CHEMBL52913,C=CC(=O)Nc1ccc2c(Nc3cccc(Cl)c3)ncnc2c1,CHEMBL203
CHEMBL92825,Ic1cccc(Nc2ncnc3ccccc23)c1,CHEMBL203
CHEMBL54091,C=CC(=O)Nc1cc2c(Nc3ccc(F)c(Br)c3)ncnc2cn1,CHEMBL203
CHEMBL54091,C=CC(=O)Nc1cc2c(Nc3ccc(F)c(Br)c3)ncnc2cn1,CHEMBL203
CHEMBL53665,C=CC(=O)Nc1ccc2ncnc(Nc3ccc(F)c(Br)c3)c2n1,CHEMBL203
CHEMBL53665,C=CC(=O)Nc1ccc2ncnc(Nc3ccc(F)c(Br)c3)c2n1,CHEMBL203
CHEMBL93181,COc1ccc2c(Nc3cccc(Br)c3)ncnc2c1,CHEMBL203
CHEMBL296168,C=CC(=O)Nc1ccc2ncnc(Nc3cccc(Br)c3)c2n1,CHEMBL203
CHEMBL296168,C=CC(=O)Nc1ccc2ncnc(Nc3cccc(Br)c3)c2n1,CHEMBL203
CHEMBL51741,C=CC(=O)Nc1ccc2ncnc(N3CCc4ccc(Br)cc43)c2c1,CHEMBL203
CHEMBL51741,C=CC(=O)Nc1ccc2ncnc(N3CCc4ccc(Br)cc43)c2c1,CHEMBL203
CHEMBL325245,COc1cc2ncnc(NCc3ccccc3)c2cc1OC,CHEMBL203
CHEMBL51659,C=CC(=O)Nc1cc2c(Nc3cccc(Br)c3)ncnc2cn1,CHEMBL203
CHEMBL51659,C=CC(=O)Nc1cc2c(Nc3cccc(Br)c3)ncnc2cn1,CHEMBL203
CHEMBL340862,CCOc1cc2ncnc(Nc3cccc(-c4cncs4)c3)c2cc1OCC,CHEMBL203
CHEMBL115745,COc1cc2ncnc(NCc3ccccc3)c2cc1O,CHEMBL203
CHEMBL49986,C=CC(=O)Nc1cc2ncnc(Nc3cccc(Br)c3)c2cn1,CHEMBL203
CHEMBL49986,C=CC(=O)Nc1cc2ncnc(Nc3cccc(Br)c3)c2cn1,CHEMBL203
CHEMBL332938,COc1ccc2ncnc(NCc3ccccc3)c2c1,CHEMBL203
CHEMBL443523,C=CC(=O)Nc1ccc2c(Nc3cccc(Br)c3)ncnc2c1,CHEMBL203
CHEMBL443523,C=CC(=O)Nc1ccc2c(Nc3cccc(Br)c3)ncnc2c1,CHEMBL203
CHEMBL125920,CCOc1cc2ncnc(Nc3cccc(-c4cc[nH]n4)c3)c2cc1OCC,CHEMBL203
CHEMBL28418,C=CC(=O)Nc1ccc2ncnc(Nc3ccc(F)c(Cl)c3)c2n1,CHEMBL203
CHEMBL28418,C=CC(=O)Nc1ccc2ncnc(Nc3ccc(F)c(Cl)c3)c2n1,CHEMBL203
CHEMBL65250,C#Cc1cc(Nc2ncnc3cc(OC)c(OC)cc23)ccc1F,CHEMBL203
CHEMBL290096,Brc1cccc(Nc2ncnc3ccccc23)c1,CHEMBL203
CHEMBL52765,Nc1ccc2ncnc(Nc3cccc(Br)c3)c2c1,CHEMBL203
CHEMBL29197,COc1cc2ncnc(Nc3cccc(Br)c3)c2cc1OC,CHEMBL203
CHEMBL102726,c1ccc(CNc2ncnc3ccccc23)cc1,CHEMBL203
CHEMBL285063,C=CC(=O)Nc1ccc2ncnc(Nc3cccc(Br)c3)c2c1,CHEMBL203
CHEMBL285063,C=CC(=O)Nc1ccc2ncnc(Nc3cccc(Br)c3)c2c1,CHEMBL203
CHEMBL31373,C=CC(=O)Nc1ccc2ncnc(Nc3ccc(F)c(Cl)c3)c2c1,CHEMBL203
CHEMBL31373,C=CC(=O)Nc1ccc2ncnc(Nc3ccc(F)c(Cl)c3)c2c1,CHEMBL203
CHEMBL54088,C=CC(=O)Nc1cc2c(Nc3cccc(C)c3)ncnc2cn1,CHEMBL203
CHEMBL54088,C=CC(=O)Nc1cc2c(Nc3cccc(C)c3)ncnc2cn1,CHEMBL203
CHEMBL31815,C=CC(=O)Nc1ccc2ncnc(Nc3cccc(C)c3)c2c1,CHEMBL203
CHEMBL31815,C=CC(=O)Nc1ccc2ncnc(Nc3cccc(C)c3)c2c1,CHEMBL203
CHEMBL53555,C=CC(=O)Nc1cc2c(Nc3ccc(F)c(Cl)c3)ncnc2cn1,CHEMBL203
CHEMBL53555,C=CC(=O)Nc1cc2c(Nc3ccc(F)c(Cl)c3)ncnc2cn1,CHEMBL203
CHEMBL53637,C=CC(=O)Nc1ccc2ncnc(Nc3cccc(Cl)c3)c2c1,CHEMBL203
CHEMBL53637,C=CC(=O)Nc1ccc2ncnc(Nc3cccc(Cl)c3)c2c1,CHEMBL203
CHEMBL125086,CCOc1cc2ncnc(Nc3cccc(-c4ccco4)c3)c2cc1OCC,CHEMBL203
CHEMBL127223,CCOc1cc2ncnc(Nc3cccc(-c4cscn4)c3)c2cc1OCC,CHEMBL203
CHEMBL53203,C=CC(=O)Nc1ccc2ncnc(Nc3ccc(Oc4ccccc4)cc3)c2c1,CHEMBL203
CHEMBL53203,C=CC(=O)Nc1ccc2ncnc(Nc3ccc(Oc4ccccc4)cc3)c2c1,CHEMBL203
CHEMBL93173,COc1cc2ncnc(NCc3cccc(C)c3)c2cc1OC,CHEMBL203
CHEMBL330323,COc1cc2ncnc(Nc3nccc4ccccc34)c2cc1OC,CHEMBL203
CHEMBL301018,COc1cc2ncnc(Nc3ccc(F)c(Cl)c3)c2cc1OC,CHEMBL203
CHEMBL301018,COc1cc2ncnc(Nc3ccc(F)c(Cl)c3)c2cc1OC,CHEMBL203
CHEMBL329867,COc1cc2ncnc(Nc3cncc4ccccc34)c2cc1OC,CHEMBL203
CHEMBL105053,C[C@@H](Nc1[nH]cnc2nc(-c3ccccc3)cc1-2)c1ccccc1,CHEMBL203
CHEMBL420059,COc1cc2ncnc(NC3CC3c3ccccc3)c2cc1OCCN1CCOCC1,CHEMBL203
CHEMBL419137,COc1cc2ncnc(NC3CC3c3ccccc3)c2cc1OC,CHEMBL203
CHEMBL419137,COc1cc2ncnc(NC3CC3c3ccccc3)c2cc1OC,CHEMBL203
CHEMBL91484,COc1cc2ncnc(NC3CC3c3ccccc3)c2cc1OCCCN(C)C,CHEMBL203
CHEMBL91484,COc1cc2ncnc(NC3CC3c3ccccc3)c2cc1OCCCN(C)C,CHEMBL203
CHEMBL103864,C[C@H](Nc1[nH]cnc2c3ccccc3nc1-2)c1ccccc1,CHEMBL203
CHEMBL90540,COc1cc2ncnc(NC3CC3c3ccccc3)c2cc1OC(C)=O,CHEMBL203
CHEMBL328106,COc1cc2ncnc(Nc3ccc(Br)cc3)c2cc1OC,CHEMBL203
CHEMBL316064,COc1cc2ncnc(Nc3cccc(C(F)(F)F)c3)c2cc1OC,CHEMBL203
CHEMBL52765,Nc1ccc2ncnc(Nc3cccc(Br)c3)c2c1,CHEMBL203
CHEMBL93302,Oc1ccc2c(Nc3cccc(Br)c3)ncnc2c1,CHEMBL203
CHEMBL418967,CCCOc1cc2ncnc(Nc3cccc(Br)c3)c2cc1OCCC,CHEMBL203
CHEMBL93032,Oc1cc2ncnc(Nc3cccc(Br)c3)c2cc1O,CHEMBL203
CHEMBL328216,Nc1cc2ncnc(Nc3cccc(Br)c3)c2cc1N,CHEMBL203
CHEMBL94191,COc1cc2ncnc(Nc3ccccc3)c2cc1OC,CHEMBL203
CHEMBL328879,COc1ccc2ncnc(Nc3ccccc3)c2c1,CHEMBL203
CHEMBL318736,CCCCOc1cc2ncnc(Nc3cccc(Br)c3)c2cc1OCCCC,CHEMBL203
CHEMBL96780,COc1cc2ncnc(Nc3cccc(Br)c3)c2cc1N,CHEMBL203
CHEMBL90013,CN(C)c1ccc2c(Nc3cccc(Br)c3)ncnc2c1,CHEMBL203
CHEMBL433205,Nc1ccc2c(Nc3cccc(C(F)(F)F)c3)ncnc2c1,CHEMBL203
CHEMBL52197,COc1ccc2ncnc(Nc3cccc(Br)c3)c2c1,CHEMBL203
CHEMBL91980,Nc1ccc2c(Nc3cccc(I)c3)ncnc2c1,CHEMBL203
CHEMBL93051,Brc1cccc(Nc2ncnc3cc4c(cc23)OCO4)c1,CHEMBL203
CHEMBL93966,Nc1ccc2c(Nc3cccc(F)c3)ncnc2c1,CHEMBL203
CHEMBL328955,Nc1ccc2c(Nc3cccc(Cl)c3)ncnc2c1,CHEMBL203
CHEMBL92174,COc1cc2ncnc(Nc3ccccc3Br)c2cc1OC,CHEMBL203
CHEMBL93461,CC(=O)Nc1ccc2c(Nc3cccc(Br)c3)ncnc2c1,CHEMBL203
CHEMBL329672,Clc1cccc(Nc2ncnc3ccccc23)c1,CHEMBL203
CHEMBL420254,CCNc1ccc2c(Nc3cccc(Br)c3)ncnc2c1,CHEMBL203
CHEMBL63469,Nc1cc2c(Nc3cccc(Br)c3)ncnc2cc1Cl,CHEMBL203
CHEMBL52015,CN(C)c1ccc2ncnc(Nc3cccc(Br)c3)c2c1,CHEMBL203
CHEMBL7917,COc1cc2ncnc(Nc3cccc(Cl)c3)c2cc1OC,CHEMBL203
CHEMBL93734,CC(=O)Nc1cc2ncnc(Nc3cccc(Br)c3)c2cc1[N+](=O)[O-],CHEMBL203
CHEMBL92985,Fc1cccc(Nc2ncnc3ccccc23)c1,CHEMBL203
CHEMBL330224,Nc1ccc2c(Nc3ccccc3)ncnc2c1,CHEMBL203
CHEMBL66409,O=[N+]([O-])c1cc2c(Nc3cccc(Br)c3)ncnc2cc1Cl,CHEMBL203
CHEMBL447230,COc1cc2ncnc(N(C)c3cccc(Br)c3)c2cc1OC,CHEMBL203
CHEMBL94431,COc1cc2ncnc(Nc3cccc(F)c3)c2cc1OC,CHEMBL203
CHEMBL92936,CNc1cc2ncnc(Nc3cccc(Br)c3)c2cc1[N+](=O)[O-],CHEMBL203
CHEMBL92937,CNc1cc2ncnc(Nc3cccc(Br)c3)c2cc1N,CHEMBL203
CHEMBL50344,CNc1ccc2ncnc(Nc3cccc(Br)c3)c2c1,CHEMBL203
CHEMBL96489,CN(C)c1cc2ncnc(Nc3cccc(Br)c3)c2cc1N,CHEMBL203
CHEMBL290096,Brc1cccc(Nc2ncnc3ccccc23)c1,CHEMBL203
CHEMBL93545,Nc1cc2ncnc(Nc3cccc(Br)c3)c2cc1[N+](=O)[O-],CHEMBL203
CHEMBL96065,COc1cc2ncnc(Nc3cccc(I)c3)c2cc1OC,CHEMBL203
CHEMBL328691,COC(=O)Nc1ccc2ncnc(Nc3cccc(Br)c3)c2c1,CHEMBL203
CHEMBL92709,COc1cc2ncnc(Nc3cc(Br)cc(Br)c3)c2cc1OC,CHEMBL203
CHEMBL65038,COc1cc2ncnc(Nc3cccc(Br)c3)c2cc1[N+](=O)[O-],CHEMBL203
CHEMBL29197,COc1cc2ncnc(Nc3cccc(Br)c3)c2cc1OC,CHEMBL203
CHEMBL317925,COc1cc2ncnc(Nc3cccc(Br)c3)c2c(OC)c1OC,CHEMBL203
CHEMBL92398,COc1ccc2c(Nc3ccccc3)ncnc2c1,CHEMBL203
CHEMBL327307,COc1cc2ncnc(Nc3ccc(Br)c(Br)c3)c2cc1OC,CHEMBL203
CHEMBL92825,Ic1cccc(Nc2ncnc3ccccc23)c1,CHEMBL203
CHEMBL93181,COc1ccc2c(Nc3cccc(Br)c3)ncnc2c1,CHEMBL203
CHEMBL420624,Nc1ccc2c(Nc3cccc(Br)c3)ncnc2c1,CHEMBL203
CHEMBL92812,CNc1ccc2c(Nc3cccc(Br)c3)ncnc2c1,CHEMBL203
CHEMBL30973,CN(C)C/C=C/C(=O)Nc1ccc2ncc(C#N)c(Nc3cccc(Br)c3)c2c1,CHEMBL203
CHEMBL93783,CN(C/C=C/C(=O)Nc1ccc2ncnc(Nc3cccc(Br)c3)c2c1)CCO,CHEMBL203
CHEMBL93032,Oc1cc2ncnc(Nc3cccc(Br)c3)c2cc1O,CHEMBL203
CHEMBL177053,Brc1cccc(Nc2ncnc3cc4ncsc4cc23)c1,CHEMBL203
CHEMBL426580,Cc1nc2cc3c(Nc4cccc(Br)c4)ncnc3cc2[nH]1,CHEMBL203
CHEMBL92902,CN1CCC=C(C(=O)Nc2ccc3ncnc(Nc4cccc(Br)c4)c3c2)C1,CHEMBL203
CHEMBL327838,COCCOCC#CC(=O)Nc1ccc2ncnc(Nc3cccc(Br)c3)c2c1,CHEMBL203
CHEMBL328704,CCN(CC)CC#CC(=O)Nc1ccc2ncnc(Nc3cccc(Br)c3)c2c1,CHEMBL203
CHEMBL113900,CC(C)N(CC#CC(=O)Nc1ccc2ncc(C#N)c(Nc3cccc(Br)c3)c2c1)C(C)C,CHEMBL203
CHEMBL117324,COC[C@@H]1CCCN1CC#CC(=O)Nc1ccc2ncc(C#N)c(Nc3cccc(Br)c3)c2c1,CHEMBL203
CHEMBL172652,Brc1cccc(Nc2ncnc3cc4[nH]nnc4cc23)c1,CHEMBL203
CHEMBL94066,C=C(CN1CCOCC1)C(=O)Nc1ccc2ncnc(Nc3cccc(Br)c3)c2c1,CHEMBL203
CHEMBL94061,CN(C)C/C=C/C(=O)Nc1ccc2ncnc(Nc3cccc(Br)c3)c2c1,CHEMBL203
CHEMBL153525,Brc1cccc(Nc2ncnc3ccc4cc[nH]c4c23)c1,CHEMBL203
CHEMBL366580,Brc1cccc(Nc2ncnc3cc4c[nH]nc4cc23)c1,CHEMBL203
CHEMBL329642,C/C=C\C(=O)Nc1ccc2ncnc(Nc3cccc(Br)c3)c2c1,CHEMBL203
CHEMBL92356,CCN1CCN(CC#CC(=O)Nc2ccc3ncnc(Nc4cccc(Br)c4)c3c2)CC1,CHEMBL203
CHEMBL94062,O=C(C#CCO)Nc1ccc2ncnc(Nc3cccc(Br)c3)c2c1,CHEMBL203
CHEMBL153170,Brc1cccc(Nc2ncnc3ccc4[nH]cnc4c23)c1,CHEMBL203
CHEMBL93784,COCC1CCCN1CC#CC(=O)Nc1ccc2ncnc(Nc3cccc(Br)c3)c2c1,CHEMBL203
CHEMBL116853,COc1cc2ncc(C#N)c(Nc3cccc(Br)c3)c2cc1NC(=O)C#CCN(C)C,CHEMBL203
CHEMBL176582,Cn1cnc2cc3ncnc(Nc4cccc(Br)c4)c3cc21,CHEMBL203
CHEMBL93537,O=C(/C=C/CN1CCSCC1)Nc1ccc2ncnc(Nc3cccc(Br)c3)c2c1,CHEMBL203
CHEMBL94123,O=C(/C=C/N1CCOCC1)Nc1ccc2ncnc(Nc3cccc(Br)c3)c2c1,CHEMBL203
CHEMBL39337,Brc1cccc(Nc2ncnc3cc4[nH]ncc4cc23)c1,CHEMBL203
CHEMBL93386,O=C(C#CCN1CCOCC1)Nc1ccc2ncnc(Nc3cccc(Br)c3)c2c1,CHEMBL203
CHEMBL92731,CCCN(C/C=C/C(=O)Nc1ccc2ncnc(Nc3cccc(Br)c3)c2c1)CCC,CHEMBL203
CHEMBL93049,COCOCC#CC(=O)Nc1ccc2ncnc(Nc3cccc(Br)c3)c2c1,CHEMBL203
CHEMBL40734,Brc1cccc(Nc2ncnc3cc4[nH]ccc4cc23)c1,CHEMBL203
CHEMBL29197,COc1cc2ncnc(Nc3cccc(Br)c3)c2cc1OC,CHEMBL203
CHEMBL93051,Brc1cccc(Nc2ncnc3cc4c(cc23)OCO4)c1,CHEMBL203
CHEMBL155100,Brc1cccc(Nc2ncnc3c2ccc2[nH]cnc23)c1,CHEMBL203
CHEMBL93464,C/C=C/C(=O)Nc1ccc2ncnc(Nc3cccc(Br)c3)c2c1,CHEMBL203
CHEMBL92961,CC(C)N(CC#CC(=O)Nc1ccc2ncnc(Nc3cccc(Br)c3)c2c1)C(C)C,CHEMBL203
CHEMBL175101,CN(C)CCn1cnc2cc3c(Nc4cccc(Br)c4)ncnc3cc21,CHEMBL203
CHEMBL328245,CCCN(CC#CC(=O)Nc1ccc2ncnc(Nc3cccc(Br)c3)c2c1)CCC,CHEMBL203
CHEMBL91925,CCN(CC)C/C=C/C(=O)Nc1ccc2ncnc(Nc3cccc(Br)c3)c2c1,CHEMBL203
CHEMBL316127,O=C(/C=C/CN1CCOCC1)Nc1ccc2ncnc(Nc3cccc(Br)c3)c2c1,CHEMBL203
CHEMBL174426,Cn1cnc2cc3c(Nc4cccc(Br)c4)ncnc3cc21,CHEMBL203
CHEMBL91748,CN(C)/C=C/C(=O)Nc1ccc2ncnc(Nc3cccc(Br)c3)c2c1,CHEMBL203
CHEMBL91009,COCC#CC(=O)Nc1ccc2ncnc(Nc3cccc(Br)c3)c2c1,CHEMBL203
CHEMBL607707,CCOc1cc2ncc(C#N)c(Nc3ccc(F)c(Cl)c3)c2cc1NC(=O)/C=C/CN(C)C,CHEMBL203
CHEMBL173498,Brc1cccc(Nc2ncnc3cc4nccnc4cc23)c1,CHEMBL203
CHEMBL2112369,COC[C@@H]1CCCN1C/C=C\C(=O)Nc1ccc2ncnc(Nc3cccc(Br)c3)c2c1,CHEMBL203
CHEMBL90595,O=C(C#CCN1CCCCC1)Nc1ccc2ncnc(Nc3cccc(Br)c3)c2c1,CHEMBL203
CHEMBL419501,COC[C@H]1CCCN1C/C=C/C(=O)Nc1ccc2ncnc(Nc3cccc(Br)c3)c2c1,CHEMBL203
CHEMBL290096,Brc1cccc(Nc2ncnc3ccccc23)c1,CHEMBL203
CHEMBL91811,CC(C)N(C)CC#CC(=O)Nc1ccc2ncnc(Nc3cccc(Br)c3)c2c1,CHEMBL203
CHEMBL328977,O=C(C#CCN1CCSCC1)Nc1ccc2ncnc(Nc3cccc(Br)c3)c2c1,CHEMBL203
CHEMBL94068,O=C(/C=C/CN1CCCCC1)Nc1ccc2ncnc(Nc3cccc(Br)c3)c2c1,CHEMBL203
CHEMBL285063,C=CC(=O)Nc1ccc2ncnc(Nc3cccc(Br)c3)c2c1,CHEMBL203
CHEMBL115187,CCCN(CC#CC(=O)Nc1ccc2ncc(C#N)c(Nc3cccc(Br)c3)c2c1)CCC,CHEMBL203
CHEMBL427298,CN(C)CCn1cnc2c(Cl)c3c(Nc4cccc(Br)c4)ncnc3cc21,CHEMBL203
CHEMBL329856,CN(C)CC#CC(=O)Nc1ccc2ncnc(Nc3cccc(Br)c3)c2c1,CHEMBL203
CHEMBL442754,COCCN(C)C/C=C/C(=O)Nc1ccc2ncnc(Nc3cccc(Br)c3)c2c1,CHEMBL203
CHEMBL94109,O=C(/C=C/CN1CCC(N2CCCCC2)CC1)Nc1ccc2ncnc(Nc3cccc(Br)c3)c2c1,CHEMBL203
CHEMBL91867,CC#CC(=O)Nc1ccc2ncnc(Nc3cccc(Br)c3)c2c1,CHEMBL203
CHEMBL2112370,COC[C@@H]1CCCN1C/C=C/C(=O)Nc1ccc2ncnc(Nc3cccc(Br)c3)c2c1,CHEMBL203
CHEMBL176891,CN(C)CCn1cnc2cc3ncnc(Nc4cccc(Br)c4)c3cc21,CHEMBL203
CHEMBL414220,C=CCN(C)CC#CC(=O)Nc1ccc2ncnc(Nc3cccc(Br)c3)c2c1,CHEMBL203
CHEMBL328216,Nc1cc2ncnc(Nc3cccc(Br)c3)c2cc1N,CHEMBL203
CHEMBL169970,O=C(Oc1ccccc1)c1cc(NCc2cc(O)ccc2O)ccc1O,CHEMBL203
CHEMBL553908,COc1cc2ncnc(N(C)c3cccc(Cl)c3)c2cc1OC.Cl,CHEMBL203
CHEMBL355294,O=C(NOCc1ccccc1)c1cc(NCc2cc(O)ccc2O)ccc1O,CHEMBL203
CHEMBL301359,c1ccc2ncncc2c1,CHEMBL203
CHEMBL53375,COc1cc2ncnc(Nc3cccc(Br)c3)c2cn1,CHEMBL203
CHEMBL52472,COc1ccc2ncncc2c1,CHEMBL203
CHEMBL301549,COc1ccc2c(Nc3cccc(Br)c3)ncnc2n1,CHEMBL203
CHEMBL53796,CN(C)c1ccc2ncnc(Nc3cccc(Br)c3)c2n1,CHEMBL203
CHEMBL53796,CN(C)c1ccc2ncnc(Nc3cccc(Br)c3)c2n1,CHEMBL203
CHEMBL352583,O=C(OCc1ccccc1)c1cc(NCc2cc(O)ccc2O)ccc1O,CHEMBL203
CHEMBL53299,COc1ccc(CNc2cc3c(Nc4cccc(Br)c4)ncnc3cn2)cc1,CHEMBL203
CHEMBL53940,CNc1cc2c(Nc3ccccc3)ncnc2cn1,CHEMBL203
CHEMBL298637,CNc1ccc2c(Nc3cccc(Br)c3)ncnc2n1,CHEMBL203
CHEMBL50519,COc1ccc2ncnc(Nc3cccc(Br)c3)c2n1,CHEMBL203
CHEMBL53062,COc1cc2c(Nc3cccc(Br)c3)ncnc2cn1,CHEMBL203
CHEMBL53062,COc1cc2c(Nc3cccc(Br)c3)ncnc2cn1,CHEMBL203
CHEMBL54805,Brc1cccc(Nc2ncnc3cccnc23)c1,CHEMBL203
CHEMBL170996,CC(C)(C)ONC(=O)c1cc(NCc2cc(O)ccc2O)ccc1O,CHEMBL203
CHEMBL53300,Nc1ccc2ncncc2c1,CHEMBL203
CHEMBL54400,CNc1cc2ncnc(Nc3cccc(Br)c3)c2cn1,CHEMBL203
CHEMBL54400,CNc1cc2ncnc(Nc3cccc(Br)c3)c2cn1,CHEMBL203
CHEMBL53711,CN(C)c1cc2c(Nc3cccc(Br)c3)ncnc2cn1,CHEMBL203
CHEMBL291496,Clc1ccc2ncnc(Nc3cccc(Br)c3)c2n1,CHEMBL203
CHEMBL52418,CC(=O)Nc1cc2ncnc(Nc3cccc(Br)c3)c2cn1,CHEMBL203
CHEMBL53156,CNc1ccc2ncnc(Nc3cccc(Br)c3)c2n1,CHEMBL203
CHEMBL53156,CNc1ccc2ncnc(Nc3cccc(Br)c3)c2n1,CHEMBL203
CHEMBL296377,Clc1cc2c(Nc3cccc(Br)c3)ncnc2cn1,CHEMBL203
CHEMBL53753,CNc1cc2c(Nc3cccc(Br)c3)ncnc2cn1,CHEMBL203
CHEMBL168533,O=C(OCCCc1ccccc1)c1cc(NCc2cc(O)ccc2O)ccc1O,CHEMBL203
CHEMBL52882,CNC1=CC2N=CN(C)/C(=N\c3cccc(Br)c3)C2C=N1,CHEMBL203
CHEMBL51265,Brc1cccc(Nc2ncnc3cnccc23)c1,CHEMBL203
CHEMBL51853,Nc1cc2c(Nc3cccc(Br)c3)ncnc2cn1,CHEMBL203
CHEMBL51853,Nc1cc2c(Nc3cccc(Br)c3)ncnc2cn1,CHEMBL203
CHEMBL542484,COc1cc2ncnc(Nc3ccccc3)c2cc1OC.Cl,CHEMBL203
CHEMBL169514,O=C(Oc1ccc2ccccc2c1)c1cc(NCc2cc(O)ccc2O)ccc1O,CHEMBL203
CHEMBL55150,CN(C)c1ccc2ncncc2c1,CHEMBL203
CHEMBL52076,Nc1cc2ncnc(Nc3cccc(Br)c3)c2cn1,CHEMBL203
CHEMBL52076,Nc1cc2ncnc(Nc3cccc(Br)c3)c2cn1,CHEMBL203
CHEMBL53850,CNc1ccc2ncncc2c1,CHEMBL203
CHEMBL55729,Nc1ccc2cncnc2c1,CHEMBL203
CHEMBL52784,CN(C)c1ccc2cncnc2c1,CHEMBL203
CHEMBL422335,O=C(Oc1cccc(O)c1)c1cc(NCc2cc(O)ccc2O)ccc1O,CHEMBL203
CHEMBL51707,Fc1cc2ncnc(Nc3cccc(Br)c3)c2cn1,CHEMBL203
CHEMBL295961,CNc1ccc2cncnc2c1,CHEMBL203
CHEMBL168366,O=C(OCCc1ccccc1)c1cc(NCc2cc(O)ccc2O)ccc1O,CHEMBL203
CHEMBL168366,O=C(OCCc1ccccc1)c1cc(NCc2cc(O)ccc2O)ccc1O,CHEMBL203
CHEMBL52665,Brc1cccc(Nc2ncnc3ccncc23)c1,CHEMBL203
CHEMBL169657,CONC(=O)c1cc(NCc2cc(O)ccc2O)ccc1O,CHEMBL203
CHEMBL300217,Nc1ccc2ncnc(Nc3cccc(Br)c3)c2n1,CHEMBL203
CHEMBL300217,Nc1ccc2ncnc(Nc3cccc(Br)c3)c2n1,CHEMBL203
CHEMBL300491,COc1ccc2cncnc2c1,CHEMBL203
CHEMBL319620,O=C(O)c1cc(NCc2cc(O)ccc2O)ccc1O,CHEMBL203
CHEMBL319620,O=C(O)c1cc(NCc2cc(O)ccc2O)ccc1O,CHEMBL203
CHEMBL168915,O=C(Oc1cccc2ccccc12)c1cc(NCc2cc(O)ccc2O)ccc1O,CHEMBL203
CHEMBL53428,CN(C)c1cc2ncnc(Nc3cccc(Br)c3)c2cn1,CHEMBL203
CHEMBL53428,CN(C)c1cc2ncnc(Nc3cccc(Br)c3)c2cn1,CHEMBL203
CHEMBL53121,Fc1cc2c(Nc3cccc(Br)c3)ncnc2cn1,CHEMBL203
CHEMBL53404,CC(=O)Nc1cc2ncnc(NCc3ccccc3)c2cn1,CHEMBL203
CHEMBL54788,Fc1ccc2ncnc(Nc3cccc(Br)c3)c2n1,CHEMBL203
CHEMBL29197,COc1cc2ncnc(Nc3cccc(Br)c3)c2cc1OC,CHEMBL203
CHEMBL29197,COc1cc2ncnc(Nc3cccc(Br)c3)c2cc1OC,CHEMBL203
CHEMBL56543,N#C/C(=C\c1ccc(O)c(O)c1)C(=O)NCc1ccccc1,CHEMBL203
CHEMBL332612,Nc1ccc(Nc2[nH]nc3ncnc(Nc4cccc(Cl)c4)c23)cc1,CHEMBL203
CHEMBL118904,O=[N+]([O-])c1cccc(-c2[nH]nc3ncnc(Nc4cccc(Cl)c4)c23)c1,CHEMBL203
CHEMBL332333,c1ccc(Nc2nc[nH]c3nnc(Nc4ccccc4)c2-3)cc1,CHEMBL203
CHEMBL332882,Nc1cccc(-c2[nH]nc3ncnc(Nc4cccc(Cl)c4)c23)c1,CHEMBL203
CHEMBL120979,COc1cccc(Nc2[nH]nc3ncnc(Nc4cccc(Cl)c4)c23)c1,CHEMBL203
CHEMBL301612,Cn1c(=O)c(-c2c(Cl)cccc2Cl)cc2cnc(Nc3ccccc3)nc21,CHEMBL203
CHEMBL122245,COc1ccc(CNc2[nH]nc3ncnc(Nc4cccc(Cl)c4)c23)cc1,CHEMBL203
CHEMBL122245,COc1ccc(CNc2[nH]nc3ncnc(Nc4cccc(Cl)c4)c23)cc1,CHEMBL203
CHEMBL332765,CN(C)c1ccc(Nc2[nH]nc3ncnc(Nc4cccc(Cl)c4)c23)cc1,CHEMBL203
CHEMBL121796,Clc1cccc(Nc2[nH]cnc3nnc(NCc4ccccc4)c2-3)c1,CHEMBL203
CHEMBL121796,Clc1cccc(Nc2[nH]cnc3nnc(NCc4ccccc4)c2-3)c1,CHEMBL203
CHEMBL121190,Nc1[nH]cnc2nnc(Nc3cccc(Cl)c3)c1-2,CHEMBL203
CHEMBL331906,Oc1cccc(-c2[nH]nc3ncnc(Nc4cccc(Cl)c4)c23)c1,CHEMBL203
CHEMBL332906,Nc1ccc(-c2[nH]nc3ncnc(Nc4cccc(Cl)c4)c23)cc1,CHEMBL203
CHEMBL122068,Nc1nc(N)c2c(Nc3cccc(Cl)c3)[nH]nc2n1,CHEMBL203
CHEMBL333231,Clc1cccc(CNc2[nH]nc3ncnc(Nc4cccc(Cl)c4)c23)c1,CHEMBL203
CHEMBL332971,COc1ccc(-c2[nH]nc3ncnc(Nc4cccc(Cl)c4)c23)cc1,CHEMBL203
CHEMBL123189,COc1cccc(CNc2[nH]nc3ncnc(Nc4cccc(Cl)c4)c23)c1,CHEMBL203
CHEMBL123189,COc1cccc(CNc2[nH]nc3ncnc(Nc4cccc(Cl)c4)c23)c1,CHEMBL203
CHEMBL420885,CC(C)(C)OC(=O)Nc1ccc(-c2[nH]nc3ncnc(Nc4cccc(Cl)c4)c23)cc1,CHEMBL203
CHEMBL333038,Clc1cccc(Nc2nc[nH]c3nnc(Nc4cccc(Cl)c4)c2-3)c1,CHEMBL203
CHEMBL120319,Clc1cccc(Nc2[nH]nc3ncnc(Nc4cccc(Br)c4)c23)c1,CHEMBL203
CHEMBL121260,Clc1cccc(Nc2[nH]nc3ncnc(Nc4ccccc4)c23)c1,CHEMBL203
CHEMBL121954,Oc1cccc(Nc2[nH]nc3ncnc(Nc4cccc(Cl)c4)c23)c1,CHEMBL203
CHEMBL121954,Oc1cccc(Nc2[nH]nc3ncnc(Nc4cccc(Cl)c4)c23)c1,CHEMBL203
CHEMBL24828,COc1cc2/c(=N/c3ccc(Br)cc3F)nc[nH]c2cc1OCC1CCN(C)CC1,CHEMBL203
CHEMBL122411,COc1ccc(Nc2[nH]nc3ncnc(Nc4cccc(Cl)c4)c23)cc1,CHEMBL203
CHEMBL29197,COc1cc2ncnc(Nc3cccc(Br)c3)c2cc1OC,CHEMBL203
CHEMBL29197,COc1cc2ncnc(Nc3cccc(Br)c3)c2cc1OC,CHEMBL203
CHEMBL122182,Oc1ccc(Nc2[nH]nc3ncnc(Nc4cccc(Cl)c4)c23)cc1,CHEMBL203
CHEMBL122182,Oc1ccc(Nc2[nH]nc3ncnc(Nc4cccc(Cl)c4)c23)cc1,CHEMBL203
CHEMBL120069,Cc1cccc(Nc2[nH]cnc3nnc(Nc4cccc(Cl)c4)c2-3)c1,CHEMBL203
CHEMBL120069,Cc1cccc(Nc2[nH]cnc3nnc(Nc4cccc(Cl)c4)c2-3)c1,CHEMBL203
CHEMBL119977,Clc1cccc(Nc2[nH]cnc3nnc(-c4ccccc4)c2-3)c1,CHEMBL203
CHEMBL119977,Clc1cccc(Nc2[nH]cnc3nnc(-c4ccccc4)c2-3)c1,CHEMBL203
CHEMBL118130,Oc1ccc(-c2[nH]nc3ncnc(Nc4cccc(Cl)c4)c23)cc1,CHEMBL203
CHEMBL75208,Cc1[nH]c2ncnc(Nc3cccc(C#N)c3)c2c1C,CHEMBL203
CHEMBL306315,Clc1cccc(Nc2ncnc3[nH]c4ccccc4c23)c1,CHEMBL203
CHEMBL306315,Clc1cccc(Nc2ncnc3[nH]c4ccccc4c23)c1,CHEMBL203
CHEMBL433305,c1ccc(Nc2ncnc3[nH]c4c(c23)CCCC4)cc1,CHEMBL203
CHEMBL307209,Clc1cccc(Nc2ncnc3[nH]c(-c4ccccc4)c(-c4ccccc4)c23)c1,CHEMBL203
CHEMBL73406,Cc1[nH]c2ncnc(Nc3cc(Cl)cc(Cl)c3)c2c1C,CHEMBL203
CHEMBL72393,Brc1cccc(Nc2ncnc3[nH]c4c(c23)CCCC4)c1,CHEMBL203
CHEMBL268868,O=C1NC(=O)c2cc(Nc3ccccc3)c(Nc3ccccc3)cc21,CHEMBL203
CHEMBL308593,Cc1[nH]c2ncnc(Nc3cccc(Cl)c3)c2c1-c1ccccc1,CHEMBL203
CHEMBL74481,Cc1ccc(Nc2ncnc3[nH]c4c(c23)CCCC4)cc1,CHEMBL203
CHEMBL75177,Clc1cccc(Nc2ncnc3[nH]c4c(c23)CCCC4)c1,CHEMBL203
CHEMBL75177,Clc1cccc(Nc2ncnc3[nH]c4c(c23)CCCC4)c1,CHEMBL203
CHEMBL306081,Cc1[nH]c2ncnc(Nc3cccc(Cl)c3)c2c1C,CHEMBL203
CHEMBL306081,Cc1[nH]c2ncnc(Nc3cccc(Cl)c3)c2c1C,CHEMBL203
CHEMBL74722,Cc1[nH]c2ncnc(Nc3cccc(Br)c3)c2c1C,CHEMBL203
CHEMBL311129,Cc1c(-c2ccccc2)[nH]c2ncnc(Nc3cccc(Cl)c3)c12,CHEMBL203
CHEMBL29197,COc1cc2ncnc(Nc3cccc(Br)c3)c2cc1OC,CHEMBL203
CHEMBL179164,CCOc1cc2ncc(C#N)c(Nc3ccc4c(ccn4S(=O)(=O)c4ccccc4)c3)c2cc1NC(=O)/C=C/CN(C)C,CHEMBL203
CHEMBL178654,CCOc1cc2ncc(C#N)c(Nc3ccc(OCc4cccc(F)c4)c(Cl)c3)c2cc1NC(=O)/C=C/CN(C)C,CHEMBL203
CHEMBL179726,COc1cc2ncc(C#N)c(Nc3ccc(OCc4ccccc4)c(Cl)c3)c2cc1NC(=O)/C=C/CN(C)C,CHEMBL203
CHEMBL424959,COc1cc2ncc(C#N)c(Nc3ccc(OCc4ccccc4)cc3)c2cc1NC(=O)/C=C/CN(C)C,CHEMBL203
CHEMBL360028,CCOc1cc2ncc(C#N)c(Nc3ccc(OCc4ccc(F)cc4F)c(Cl)c3)c2cc1NC(=O)/C=C/CN(C)C,CHEMBL203
CHEMBL179363,CCOc1cc2ncc(C#N)c(Nc3ccc(OCc4cccc(Cl)c4)c(Cl)c3)c2cc1NC(=O)/C=C/CN(C)C,CHEMBL203
CHEMBL362232,CCOc1cc2ncc(C#N)c(Nc3ccc(OCc4ccccc4OC)c(Cl)c3)c2cc1NC(=O)/C=C/CN(C)C,CHEMBL203
CHEMBL426051,CCOc1cc2ncc(C#N)c(Nc3ccc(OCc4cccs4)c(Cl)c3)c2cc1NC(=O)/C=C/CN(C)C,CHEMBL203
CHEMBL175552,CCOc1cc2ncc(C#N)c(Nc3ccc(N(C)Cc4ccccc4)c(Cl)c3)c2cc1NC(=O)/C=C/CN(C)C,CHEMBL203
CHEMBL178199,CCOc1cc2ncc(C#N)c(Nc3ccc(OCCc4ccccc4)c(Cl)c3)c2cc1NC(=O)/C=C/CN(C)C,CHEMBL203
CHEMBL360780,CCOc1cc2ncc(C#N)c(Nc3cc(Cl)c(OCc4ccccc4)c(Cl)c3)c2cc1NC(=O)/C=C/CN(C)C,CHEMBL203
CHEMBL180516,CCOc1cc2ncc(C#N)c(Nc3ccc(OCc4ccc(F)cc4)c(Cl)c3)c2cc1NC(=O)/C=C/CN(C)C,CHEMBL203
CHEMBL178290,CCOc1cc2ncc(C#N)c(Nc3ccc(OCc4cc(F)cc(F)c4)c(Cl)c3)c2cc1NC(=O)/C=C/CN(C)C,CHEMBL203
CHEMBL180415,CCOc1cc2ncc(C#N)c(Nc3ccc(OCc4ccc(Cl)cc4)c(Cl)c3)c2cc1NC(=O)/C=C/CN(C)C,CHEMBL203
CHEMBL179527,CCOc1cc2ncc(C#N)c(Nc3ccc(OCc4cccc(C#N)c4)c(Cl)c3)c2cc1NC(=O)/C=C/CN(C)C,CHEMBL203
CHEMBL179659,CCOc1cc2ncc(C#N)c(Nc3ccc(OCc4cccc(C)c4)c(Cl)c3)c2cc1NC(=O)/C=C/CN(C)C,CHEMBL203
CHEMBL179123,CCOc1cc2ncc(C#N)c(Nc3ccc(OCC4CCCCC4)c(Cl)c3)c2cc1NC(=O)/C=C/CN(C)C,CHEMBL203
CHEMBL180022,CCOc1cc2ncc(C#N)c(Nc3ccc(OCc4ccccn4)c(Cl)c3)c2cc1NC(=O)/C=C/CN(C)C,CHEMBL203
CHEMBL176199,CCOc1cc2ncc(C#N)c(Nc3ccc(OCc4ccco4)c(Cl)c3)c2cc1NC(=O)/C=C/CN(C)C,CHEMBL203
CHEMBL175513,CCOc1cc2ncc(C#N)c(Nc3ccc(OCc4nc5ccccc5s4)c(Cl)c3)c2cc1NC(=O)/C=C/CN(C)C,CHEMBL203
CHEMBL175621,CCOc1cc2ncc(C#N)c(Nc3ccc(OCc4ccnc5ccccc45)c(Cl)c3)c2cc1NC(=O)/C=C/CN(C)C,CHEMBL203
CHEMBL359629,CCOc1cc2ncc(C#N)c(Nc3ccc(OCc4cccc5ccccc45)c(Cl)c3)c2cc1NC(=O)/C=C/CN(C)C,CHEMBL203
CHEMBL178573,CCOc1cc2ncc(C#N)c(Nc3ccc(OCc4ccc5ccccc5c4)c(Cl)c3)c2cc1NC(=O)/C=C/CN(C)C,CHEMBL203
CHEMBL360662,CCOc1cc2ncc(C#N)c(Nc3ccc(O[C@H](C)c4ccccc4)c(Cl)c3)c2cc1NC(=O)/C=C/CN(C)C,CHEMBL203
CHEMBL179577,CCOc1cc2ncc(C#N)c(Nc3ccc(NCc4ccccc4)c(Cl)c3)c2cc1NC(=O)/C=C/CN(C)C,CHEMBL203
CHEMBL179766,CCOc1cc2ncc(C#N)c(Nc3ccc(NCc4cccc5ccccc45)c(Cl)c3)c2cc1NC(=O)/C=C/CN(C)C,CHEMBL203
CHEMBL179633,COc1cc2ncc(C#N)c(Nc3ccc(NCc4cccnc4)c(Cl)c3)c2cc1NC(=O)/C=C/CN(C)C,CHEMBL203
CHEMBL178096,COc1cc2ncc(C#N)c(Nc3ccc(NCNc4ccccc4)c(Cl)c3)c2cc1NC(=O)/C=C/CN(C)C,CHEMBL203
CHEMBL178144,CCOc1cc2ncc(C#N)c(Nc3ccc(OCc4ccccc4)c(Cl)c3)c2cc1NC(=O)/C=C/CN(C)CCOC,CHEMBL203
CHEMBL361343,CCOc1cc2ncc(C#N)c(Nc3ccc(OCc4ccccc4)c(Cl)c3)c2cc1NC(=O)/C=C/CN(C)CCO,CHEMBL203
CHEMBL369088,CCOc1cc2ncc(C#N)c(Nc3ccc(OCc4ccccc4)c(Cl)c3)c2cc1NC(=O)/C=C/CN(CC(C)O)CC(C)O,CHEMBL203
CHEMBL178958,CCOc1cc2ncc(C#N)c(Nc3ccc(OCc4ccccc4)c(Cl)c3)c2cc1NC(=O)/C=C/CN1CCCC1COC,CHEMBL203
CHEMBL360958,CCOc1cc2ncc(C#N)c(Nc3ccc(OCc4ccccc4)c(Cl)c3)c2cc1NC(=O)/C=C/CN1CCCCC1,CHEMBL203
CHEMBL362611,CCOc1cc2ncc(C#N)c(Nc3ccc(OCc4ccccc4)c(Cl)c3)c2cc1NC(=O)/C=C/CN1CCC(O)CC1,CHEMBL203
CHEMBL362824,CCOc1cc2ncc(C#N)c(Nc3ccc(OCc4ccccc4)c(Cl)c3)c2cc1NC(=O)/C=C/CN1CCC(O)(O)CC1,CHEMBL203
CHEMBL153763,CCOc1cc2ncc(C#N)c(Nc3ccc(OCc4ccccc4)c(Cl)c3)c2cc1NC(=O)/C=C/CN1C(C)CCCC1C,CHEMBL203
CHEMBL175556,CCOc1cc2ncc(C#N)c(Nc3ccc(OCc4ccccc4)c(Cl)c3)c2cc1NC(=O)/C=C/CN1CCOCC1,CHEMBL203
CHEMBL175557,CCOc1cc2ncc(C#N)c(Nc3ccc(OCc4ccccc4)c(Cl)c3)c2cc1NC(=O)/C=C/CN1CCSCC1,CHEMBL203
CHEMBL368702,CCOc1cc2ncc(C#N)c(Nc3ccc(OCc4ccccc4)c(Cl)c3)c2cc1NC(=O)/C=C/CN1CCC1,CHEMBL203
CHEMBL178312,CCOc1cc2ncc(C#N)c(Nc3ccc(OCc4ccccc4)c(Cl)c3)c2cc1NC(=O)/C=C/CN1CCCC1,CHEMBL203
CHEMBL359630,CCOc1cc2ncc(C#N)c(Nc3ccc(OCc4ccccc4)c(Cl)c3)c2cc1NC(=O)/C=C/Cc1c[nH]cn1,CHEMBL203
CHEMBL368234,CCOc1cc2ncc(C#N)c(Nc3ccc(OCc4ccccc4)c(Cl)c3)c2cc1NC(=O)/C=C/c1cn(C)cn1,CHEMBL203
CHEMBL179969,C=CS(=O)(=O)Nc1cc2c(Nc3ccc(OCc4ccccc4)c(Cl)c3)c(C#N)cnc2cc1OCC,CHEMBL203
CHEMBL175492,C=C(CN(C)C)C(=O)Nc1cc2c(Nc3ccc(OCc4ccccc4)c(Cl)c3)c(C#N)cnc2cc1OCC,CHEMBL203
CHEMBL179607,C=C(CN1CCOCC1)C(=O)Nc1cc2c(Nc3ccc(OCc4ccccc4)c(Cl)c3)c(C#N)cnc2cc1OCC,CHEMBL203
CHEMBL360519,CCOc1cc2ncc(C#N)c(Nc3ccc(OCc4ccccc4Cl)c(Cl)c3)c2cc1NC(=O)/C=C/CN(C)C,CHEMBL203
CHEMBL179052,CCOc1cc2ncc(C#N)c(Nc3ccc(OCc4ccccc4)c(Cl)c3)c2cc1NC(=O)/C=C/CN(C(C)C)C(C)C,CHEMBL203
CHEMBL180175,COc1cc2ncc(C#N)c(Nc3ccc(Sc4nccn4C)c(Cl)c3)c2cc1NC(=O)/C=C/CN(C)C,CHEMBL203
CHEMBL179572,COc1cc2ncc(C#N)c(Nc3ccc(Sc4nccs4)c(Cl)c3)c2cc1NC(=O)/C=C/CN(C)C,CHEMBL203
CHEMBL434720,CCOc1cc2ncc(C#N)c(Nc3ccc(OCc4ccccc4)c(Cl)c3)c2cc1NC(=O)/C=C/CN(C)C,CHEMBL203
CHEMBL175558,COc1cc2ncc(C#N)c(Nc3ccc(Sc4ncc(-c5ccccc5)s4)c(Cl)c3)c2cc1NC(=O)/C=C/CN(C)C,CHEMBL203
CHEMBL367492,CCOc1cc2ncc(C#N)c(Nc3ccc(Sc4nc(-c5ccccc5)cs4)c(Cl)c3)c2cc1NC(=O)/C=C/CN(C)C,CHEMBL203
CHEMBL360979,COc1cc2ncc(C#N)c(Nc3ccc(Cc4nc(-c5ccccc5)cs4)c(Cl)c3)c2cc1NC(=O)/C=C/CN(C)C,CHEMBL203
CHEMBL607707,CCOc1cc2ncc(C#N)c(Nc3ccc(F)c(Cl)c3)c2cc1NC(=O)/C=C/CN(C)C,CHEMBL203
CHEMBL179652,CCOc1cc2ncc(C#N)c(Nc3ccc4c(ccn4Cc4ccccc4)c3)c2cc1NC(=O)/C=C/CN(C)C,CHEMBL203
CHEMBL180227,COc1cc2ncc(C#N)c(Nc3ccc4c(cnn4Cc4ccccc4)c3)c2cc1NC(=O)/C=C/CN(C)C,CHEMBL203
CHEMBL181275,Fc1ccc(Nc2ncnc3nn4ccccc4c23)cc1Cl,CHEMBL203
CHEMBL182254,Fc1cccc(COc2ccc(Nc3ncnc4nn5ccccc5c34)cc2Cl)c1,CHEMBL203
CHEMBL181742,Clc1cc(Nc2ncnc3nn4ccccc4c23)ccc1OCc1ccccc1,CHEMBL203
CHEMBL52765,Nc1ccc2ncnc(Nc3cccc(Br)c3)c2c1,CHEMBL203
CHEMBL343352,Nc1ccc2ncnc(Nc3cccc(Cl)c3)c2c1,CHEMBL203
CHEMBL181617,ClCCNc1ccc2ncnc(Nc3cccc(Br)c3)c2c1,CHEMBL203
CHEMBL179451,ClCCNc1ccc2ncnc(Nc3cccc(Cl)c3)c2c1,CHEMBL203
CHEMBL7917,COc1cc2ncnc(Nc3cccc(Cl)c3)c2cc1OC,CHEMBL203
CHEMBL185637,Fc1ccc(Nc2ncnn3cccc23)cc1Cl,CHEMBL203
CHEMBL188304,Cc1ccn2ncnc(Nc3ccc(F)c(Cl)c3)c12,CHEMBL203
CHEMBL186080,Cc1cc2c(Nc3ccc(F)c(Cl)c3)ncnn2c1,CHEMBL203
CHEMBL186001,Cc1ccc(Nc2ncnn3cc(C)c(C)c23)cc1O,CHEMBL203
CHEMBL190651,COCC(=O)Nc1ccc2ncnc(Nc3cc(Cl)c(Cl)cc3F)c2c1,CHEMBL203
CHEMBL192737,COCC(=O)Nc1ccc2ncnc(Nc3cccc(Br)c3)c2c1,CHEMBL203
CHEMBL190567,COCC(=O)Nc1ccc2ncnc(Nc3cccc(I)c3)c2c1,CHEMBL203
CHEMBL275762,O=C(CCl)Nc1ccc2ncnc(Nc3cc(Cl)c(Cl)cc3F)c2c1,CHEMBL203
CHEMBL275762,O=C(CCl)Nc1ccc2ncnc(Nc3cc(Cl)c(Cl)cc3F)c2c1,CHEMBL203
CHEMBL275762,O=C(CCl)Nc1ccc2ncnc(Nc3cc(Cl)c(Cl)cc3F)c2c1,CHEMBL203
CHEMBL275762,O=C(CCl)Nc1ccc2ncnc(Nc3cc(Cl)c(Cl)cc3F)c2c1,CHEMBL203
CHEMBL193159,O=C(CCl)Nc1ccc2ncnc(Nc3cccc(Br)c3)c2c1,CHEMBL203
CHEMBL193159,O=C(CCl)Nc1ccc2ncnc(Nc3cccc(Br)c3)c2c1,CHEMBL203
CHEMBL193160,O=C(CCl)Nc1ccc2ncnc(Nc3cccc(I)c3)c2c1,CHEMBL203
CHEMBL193160,O=C(CCl)Nc1ccc2ncnc(Nc3cccc(I)c3)c2c1,CHEMBL203
CHEMBL193160,O=C(CCl)Nc1ccc2ncnc(Nc3cccc(I)c3)c2c1,CHEMBL203
CHEMBL190094,CN(C)C/C=C/C(=O)Nc1ccc2ncnc(Nc3cc(Cl)c(Cl)cc3F)c2c1,CHEMBL203
CHEMBL190094,CN(C)C/C=C/C(=O)Nc1ccc2ncnc(Nc3cc(Cl)c(Cl)cc3F)c2c1,CHEMBL203
CHEMBL190094,CN(C)C/C=C/C(=O)Nc1ccc2ncnc(Nc3cc(Cl)c(Cl)cc3F)c2c1,CHEMBL203
CHEMBL190094,CN(C)C/C=C/C(=O)Nc1ccc2ncnc(Nc3cc(Cl)c(Cl)cc3F)c2c1,CHEMBL203
CHEMBL94061,CN(C)C/C=C/C(=O)Nc1ccc2ncnc(Nc3cccc(Br)c3)c2c1,CHEMBL203
CHEMBL94061,CN(C)C/C=C/C(=O)Nc1ccc2ncnc(Nc3cccc(Br)c3)c2c1,CHEMBL203
CHEMBL94061,CN(C)C/C=C/C(=O)Nc1ccc2ncnc(Nc3cccc(Br)c3)c2c1,CHEMBL203
CHEMBL189779,CN(C)C/C=C/C(=O)Nc1ccc2ncnc(Nc3cccc(I)c3)c2c1,CHEMBL203
CHEMBL372246,C=CC(=O)Nc1cc2c(Nc3cc(Cl)c(Cl)cc3F)ncnc2cc1N1CCN(C)CC1,CHEMBL203
CHEMBL365805,C=CC(=O)Nc1cc2c(Nc3cccc(Br)c3)ncnc2cc1N1CCN(C)CC1,CHEMBL203
CHEMBL437879,COc1cc2ncnc(Nc3cc(Cl)c(Cl)cc3F)c2cc1OC,CHEMBL203
CHEMBL437879,COc1cc2ncnc(Nc3cc(Cl)c(Cl)cc3F)c2cc1OC,CHEMBL203
CHEMBL363815,C=CC(=O)Nc1ccc2ncnc(Nc3cc(Cl)c(Cl)cc3F)c2c1,CHEMBL203
CHEMBL363815,C=CC(=O)Nc1ccc2ncnc(Nc3cc(Cl)c(Cl)cc3F)c2c1,CHEMBL203
CHEMBL363815,C=CC(=O)Nc1ccc2ncnc(Nc3cc(Cl)c(Cl)cc3F)c2c1,CHEMBL203
CHEMBL196018,CCOC(=O)c1cn2ncnc(Nc3ccc(F)c(Cl)c3)c2c1CC,CHEMBL203
CHEMBL370934,CCOC(=O)c1cn2ncnc(Nc3cccc(Br)c3)c2c1CC,CHEMBL203
CHEMBL108952,CC(O)[C@H](NC(=O)[C@H](Cc1ccc([N+](=O)[O-])cc1)NC(=O)CCCN=C(N)N)C(=O)N[C@H](CO)c1ccccc1,CHEMBL204
CHEMBL3142655,COc1cc(CNC(=O)[C@@H]2CCCN2C(=O)C(N)C(c2ccccc2)c2ccccc2)cc(OC)c1,CHEMBL204
CHEMBL3142745,Cc1ccc(C)c(CNC(=O)[C@@H]2CCCN2C(=O)C(N)C(c2ccccc2)c2ccccc2)c1,CHEMBL204
CHEMBL3142745,Cc1ccc(C)c(CNC(=O)[C@@H]2CCCN2C(=O)C(N)C(c2ccccc2)c2ccccc2)c1,CHEMBL204
CHEMBL431443,CC(O)[C@H](NC(=O)[C@H](Cc1ccc([N+](=O)[O-])cc1)NC(=O)CCCN=C(N)N)C(=O)N[C@H](C)Cc1ccccc1,CHEMBL204
CHEMBL3142679,NC(C(=O)N1CCC[C@H]1C(=O)NCc1cccc(O)c1)C(c1ccccc1)c1ccccc1,CHEMBL204
CHEMBL47481,Nc1cc[n+](Cc2ccc(OC(CCc3ccccc3)c3ccccc3)cc2)cc1,CHEMBL204
CHEMBL3349684,N[C@@H](C(=O)N1CCC[C@H]1C(=O)NC[C@H]1CC[C@H](N)CC1)C(c1ccccc1)c1ccccc1,CHEMBL204
CHEMBL3349684,N[C@@H](C(=O)N1CCC[C@H]1C(=O)NC[C@H]1CC[C@H](N)CC1)C(c1ccccc1)c1ccccc1,CHEMBL204
CHEMBL177225,CCCCc1nc2ccc(OC3CCN(C(C)=N)CC3)cc2n1Cc1ccc2ccc(C(=N)N)cc2c1,CHEMBL204
CHEMBL111195,COC(=O)[C@@H](NC(=O)[C@@H](NC(=O)[C@H](Cc1ccc([N+](=O)[O-])cc1)NC(=O)CCCN=C(N)N)C(C)O)C1CCCCC1,CHEMBL204
CHEMBL366535,COC(=O)C(C)CN(c1ccc2nc(C)n(Cc3ccc4ccc(C(=N)N)cc4c3)c2c1)C1CCN(C(C)=N)CC1,CHEMBL204
CHEMBL322178,CC(O)[C@H](NC(=O)[C@H](Cc1ccc([N+](=O)[O-])cc1)NC(=O)CCCN=C(N)N)C(=O)N[C@@H](C)Cc1ccccc1,CHEMBL204
CHEMBL320707,CC(O)[C@H](NC(=O)[C@H](Cc1ccc([N+](=O)[O-])cc1)NC(=O)CCCN=C(N)N)C(=O)N[C@H](C)c1ccccc1,CHEMBL204
CHEMBL320351,CC(O)[C@H](NC(=O)[C@H](Cc1ccc([N+](=O)[O-])cc1)NC(=O)CCCN=C(N)N)C(=O)N[C@@H](C)c1ccccc1,CHEMBL204
CHEMBL3142678,Cc1cccc(CNC(=O)[C@@H]2CCCN2C(=O)C(N)C(c2ccccc2)c2ccccc2)c1C,CHEMBL204
CHEMBL3142752,Cc1cccc(CNC(=O)[C@@H]2CCCN2C(=O)C(N)C(c2ccccc2)c2ccccc2)c1,CHEMBL204
CHEMBL108183,NC(C(=O)N1CCC[C@H]1C(=O)NCc1cc(Cl)ccc1Cl)C(c1ccccc1)c1ccccc1,CHEMBL204
CHEMBL321268,COC(=O)[C@@H](NC(=O)[C@@H](NC(=O)[C@H](Cc1ccc([N+](=O)[O-])cc1)NC(=O)CCCN=C(N)N)C(C)O)c1ccccc1,CHEMBL204
CHEMBL3142667,NC(C(=O)N1CCC[C@H]1C(=O)NCc1ccccc1)C(c1ccccc1)c1ccccc1,CHEMBL204
CHEMBL3142667,NC(C(=O)N1CCC[C@H]1C(=O)NCc1ccccc1)C(c1ccccc1)c1ccccc1,CHEMBL204
CHEMBL369165,CCC(C)c1nc2ccc(OC3CCN(C(C)=N)CC3)cc2n1Cc1ccc2ccc(C(=N)N)cc2c1,CHEMBL204
CHEMBL173020,CC(=N)N1CCC(Oc2ccc3nc(C)n(Cc4ccc5ccc(C(=N)N)cc5c4)c3c2)CC1,CHEMBL204
CHEMBL273196,CN[C@H](Cc1ccccc1)C(=O)N1CCC[C@H]1C(=O)N[C@H](C=O)CCCNC(=N)N,CHEMBL204
CHEMBL273196,CN[C@H](Cc1ccccc1)C(=O)N1CCC[C@H]1C(=O)N[C@H](C=O)CCCNC(=N)N,CHEMBL204
CHEMBL3142712,NC(C(=O)N1CCC[C@H]1C(=O)NCC1CCCCC1)C(c1ccccc1)c1ccccc1,CHEMBL204
CHEMBL3142680,Cc1cc(CNC(=O)[C@@H]2CCCN2C(=O)C(N)C(c2ccccc2)c2ccccc2)c(C)cc1CN,CHEMBL204
CHEMBL177142,CC(=N)N1CCC(Oc2ccc3nc(C(C)C)n(Cc4ccc5ccc(C(=N)N)cc5c4)c3c2)CC1,CHEMBL204
CHEMBL172532,COC(=O)CN(c1ccc2nc(C)n(Cc3ccc4ccc(C(=N)N)cc4c3)c2c1)C1CCN(C(C)=N)CC1,CHEMBL204
CHEMBL48016,Nc1cc[n+](Cc2ccc(OC(c3ccccc3)c3ccccc3)cc2)cc1,CHEMBL204
CHEMBL419202,CC(O)[C@H](NC(=O)[C@H](Cc1ccc([N+](=O)[O-])cc1)NC(=O)CCCN=C(N)N)C(=O)N[C@H](CO)C1CCCCC1,CHEMBL204
CHEMBL3142739,NC(C(=O)N1CCC[C@H]1C(=O)NCc1cccc(Cl)c1Cl)C(c1ccccc1)c1ccccc1,CHEMBL204
CHEMBL3142750,NC(C(=O)N1CCC[C@H]1C(=O)NCc1cccc(Cl)c1)C(c1ccccc1)c1ccccc1,CHEMBL204
CHEMBL367840,CCc1nc2ccc(OC3CCN(C(C)=N)CC3)cc2n1Cc1ccc2ccc(C(=N)N)cc2c1,CHEMBL204
CHEMBL176813,CCCc1nc2ccc(OC3CCN(C(C)=N)CC3)cc2n1Cc1ccc2ccc(C(=N)N)cc2c1,CHEMBL204
CHEMBL3142700,NC(C(=O)N1CCC[C@H]1C(=O)NCc1cccc(Br)c1)C(c1ccccc1)c1ccccc1,CHEMBL204
CHEMBL425132,CC(=N)N1CCC(Oc2ccc3nc(C(C)(C)C)n(Cc4ccc5ccc(C(=N)N)cc5c4)c3c2)CC1,CHEMBL204
CHEMBL327093,CC(O)[C@H](NC(=O)[C@H](Cc1ccc([N+](=O)[O-])cc1)NC(=O)CCCN=C(N)N)C(=O)N[C@H](C(=O)O)C1CCCCC1,CHEMBL204
CHEMBL3142628,COc1cccc(CNC(=O)[C@@H]2CCCN2C(=O)C(N)C(c2ccccc2)c2ccccc2)c1,CHEMBL204
CHEMBL47102,CCN(CC)C(=O)c1cccc(-c2ccc3c(c2)[C@@H]2[C@@H](CCCCC(=N)N)C(=O)N(C(=O)OCCCc4ccccc4)[C@H]2C3)c1,CHEMBL204
CHEMBL46845,CCN(CC)C(=O)c1cccc(-c2ccc3c(c2)C[C@H]2[C@H]3[C@@H](CCCCC(=N)N)C(=O)N2C(=O)OC)c1,CHEMBL204
CHEMBL101030,O=C1O[C@H]2CCC[C@@H]2[C@@H]1Cc1ccccc1,CHEMBL204
CHEMBL102081,O=C1O[C@H]2CCC[C@@H]2[C@H]1Cc1ccccc1,CHEMBL204
CHEMBL457155,CC(C)=CC(=O)C[C@H]1C(=O)O[C@H]2C[C@]3(C)C4=CC[C@@H]5[C@](C)(CC[C@H]6OC(=O)[C@@]56C)[C@H]4CC[C@@]3(C)[C@@H]21,CHEMBL204
CHEMBL295886,CCN(CC)C(=O)c1cccc(-c2ccc3c(c2)[C@@H]2[C@@H](CCCCC(=N)N)C(=O)N(C(=O)OC)[C@H]2C3)c1,CHEMBL204
CHEMBL297169,CCN(CC)C(=O)c1cccc(-c2ccc3c(c2)[C@@H]2[C@@H](CCCCC(=N)N)C(=O)N(S(=O)(=O)c4ccccc4)[C@H]2C3)c1,CHEMBL204
CHEMBL323543,CC(=O)O.N=C(N)CCCC[C@H]1C(=O)O[C@H]2CCC[C@@H]21,CHEMBL204
CHEMBL100989,O=C1O[C@H]2CCC[C@@H]2[C@@H]1Sc1ccccc1,CHEMBL204
CHEMBL1160894,C[C@H]1CNc2cc(S(=O)(=O)N[C@H](CCCNC(=N)N)C(=O)N3CCCCC3C(=O)O)ccc2C1,CHEMBL204
CHEMBL318001,CC(C)=CC(=O)C[C@@H]1C(=O)O[C@H]2CCCC21,CHEMBL204
CHEMBL51173,N=C(N)c1ccc(C[C@@H](NC(=O)CNS(=O)(=O)c2ccc3ccccc3c2)C(=O)N2CCCCC2)cc1,CHEMBL204
CHEMBL101041,CC(C)=CC(=O)C[C@@H]1C(=O)O[C@H]2CCC[C@@H]21,CHEMBL204
CHEMBL99622,O=C1O[C@H]2CCC[C@@H]2[C@H]1Sc1ccccc1,CHEMBL204
CHEMBL102115,C=CC[C@@H]1C(=O)O[C@H]2CCC[C@@H]21,CHEMBL204
CHEMBL23813,O=S(=O)(Nc1cccc(OCCNc2ccncc2)c1)c1ccccc1,CHEMBL204
CHEMBL53163,CC(=O)NCC(=O)NC(CCCN=C(N)N)B(O)O,CHEMBL204
CHEMBL2028992,CC(C)(C)OC(=O)N[C@H](Cc1ccccc1)C(=O)NCC(=O)NC(CCCN=C(N)N)B(O)O,CHEMBL204
CHEMBL335484,N=C(N)c1ccc(CNC(=O)Cn2c(-c3ccc(Cl)cc3)c(Cl)nc(NCCc3ccccc3)c2=O)cc1,CHEMBL204
CHEMBL2028996,CC(=O)N1CCC[C@H]1C(=O)NC(CCCN=C(N)N)B(O)O,CHEMBL204
CHEMBL2028995,CC(=O)N[C@H](Cc1ccccc1)C(=O)NCC(=O)NC(CCCN=C(N)N)B(O)O,CHEMBL204
CHEMBL132855,Cc1c(Cl)nc(NCCc2ccccc2)c(=O)n1CC(=O)NCc1ccc(C(=N)N)cc1,CHEMBL204
CHEMBL329908,COc1cc(C)c(S(=O)(=O)N[C@@H](CC(=O)OC(C)(C)C)C(=O)NC(Cc2ccc3c(N)nccc3c2)C(=O)N2CCCCC2)c(C)c1C,CHEMBL204
CHEMBL131326,N=C(N)c1ccc(CNC(=O)Cn2c(-c3ccccc3)cnc(NCCc3ccccc3)c2=O)cc1,CHEMBL204
CHEMBL130100,Cc1ccc(-c2c(Cl)nc(NCCc3ccccc3)c(=O)n2CC(=O)NCc2ccc(C(=N)N)cc2)cc1,CHEMBL204
CHEMBL75084,N=C(N)c1ccc(CNC(=O)Cn2c(-c3ccccc3)c(Cl)nc(NCCc3ccccc3)c2=O)cc1,CHEMBL204
CHEMBL412136,N=C(N)c1ccc(CNC(=O)Cn2c(-c3ccc(F)cc3)c(Cl)nc(NCCc3ccccc3)c2=O)cc1,CHEMBL204
CHEMBL131190,N=C(N)c1ccc(CNC(=O)Cn2c(-c3ccccc3)cnc(NCCc3ccccc3)c2=O)cn1,CHEMBL204
CHEMBL130443,CS(=O)(=O)Nc1cccc(-c2c(Cl)nc(NCCc3ccccc3)c(=O)n2CC(=O)NCc2ccc(C(=N)N)cc2)c1,CHEMBL204
CHEMBL127554,CC(=O)Nc1cccc(-c2c(Cl)nc(NCCc3ccccc3)c(=O)n2CC(=O)NCc2ccc(C(=N)N)cc2)c1,CHEMBL204
CHEMBL290376,CC(=O)N[C@H](Cc1ccccc1)C(=O)N1CCC[C@H]1C(=O)N[C@@H](CCCN=C(N)N)B(O)O,CHEMBL204
CHEMBL336144,Cc1ccccc1-c1c(Cl)nc(NCCc2ccccc2)c(=O)n1CC(=O)NCc1ccc(C(=N)N)cc1,CHEMBL204
CHEMBL129294,Cc1cc(OCC/C=N/N=C(N)N)cc(OS(=O)(=O)c2ccc(Cl)s2)c1,CHEMBL204
CHEMBL341126,Cc1cc(OCC/C=N/N=C(N)N)cc(OS(=O)(=O)c2cccc(C)c2)c1,CHEMBL204
CHEMBL128436,Cc1cc(OCC2(/C=N/N=C(N)N)CC2)cc(OS(=O)(=O)c2ccccc2C#N)c1,CHEMBL204
CHEMBL538226,CC(=O)N[C@H](Cc1ccccc1)C(=O)N1CCC[C@H]1C(=O)N[C@H]1CCCN(C(=N)N)C1O.Cl,CHEMBL204
CHEMBL128443,Cc1cc(OCC/C=N/N=C(N)N)cc(OS(=O)(=O)c2cccc3cccnc23)c1,CHEMBL204
CHEMBL287807,Cc1cc(OCCCCN=C(N)N)cc(OS(=O)(=O)c2ccccc2Cl)c1,CHEMBL204
CHEMBL65219,CN1CCN=C1c1ccc(C(=O)N2CCN(S(=O)(=O)c3cc4ccc(Cl)cc4s3)CC2CC(=O)N2CCOCC2)cc1,CHEMBL204
CHEMBL158939,N=C(N)c1ccc(CNC(=O)[C@H]2CCCN2C(=O)[C@@H](CO)NS(=O)(=O)Cc2ccccc2)cc1,CHEMBL204
CHEMBL158405,C[C@H](NC(=O)[C@@H](CO)NS(=O)(=O)Cc1ccccc1)C(=O)NCc1ccc(C(=N)N)cc1,CHEMBL204
CHEMBL128576,Cc1cc(OCC/C=N/N=C(N)N)cc(OS(=O)(=O)c2cccnc2)c1,CHEMBL204
CHEMBL27008,CC(C)(C)CC(=O)N[C@H](Cc1ccccc1)C(=O)N1CCC[C@H]1C(=O)N[C@@H](CCCN=C(N)N)C(=O)c1nc2ccccc2[nH]1.O=C(O)C(F)(F)F,CHEMBL204
CHEMBL129282,COc1ccccc1S(=O)(=O)Oc1cc(C)cc(OCC/C=N/N=C(N)N)c1,CHEMBL204
CHEMBL128601,Cc1cc(OCC/C=N/N=C(N)N)cc(OS(=O)(=O)c2ccccc2S(C)(=O)=O)c1,CHEMBL204
CHEMBL435210,Cc1cc(OCC/C=N/N=C(N)N)cc(OS(=O)(=O)c2ccccc2C(F)(F)F)c1,CHEMBL204
CHEMBL34527,CC(C)(C)OC(=O)N[C@H](Cc1ccccc1)C(=O)N1CCC[C@@H]1C(=O)N[C@H](CC=O)CCCN=C(N)N,CHEMBL204
CHEMBL433510,CC(C)COC(=O)OC[C@@H](NS(=O)(=O)Cc1ccccc1)C(=O)N[C@@H](C)C(=O)NCc1ccc(C(=N)N)cc1,CHEMBL204
CHEMBL128560,Cc1cc(OCC/C=N/N=C(N)N)cc(OS(=O)(=O)c2cccc3ccccc23)c1,CHEMBL204
CHEMBL417682,CC(C)(C)OC(=O)N[C@H](Cc1ccccc1)C(=O)N1CCC[C@@H]1C(=O)N[C@H](C=O)CCCN=C(N)N,CHEMBL204
CHEMBL129059,Cc1cc(OCC/C=N/N=C(N)N)cc(OS(=O)(=O)c2ccccc2C#N)c1,CHEMBL204
CHEMBL339011,Cc1cc(OCC/C=N/N=C(N)N)cc(OS(=O)(=O)c2cccc(Cl)c2Cl)c1,CHEMBL204
CHEMBL338444,Cc1cc(OCC/C=N/N=C(N)N)cc(OS(=O)(=O)c2ccccc2Cl)c1,CHEMBL204
CHEMBL436851,CC(C)(C)CC(=O)N[C@H](Cc1ccccc1)C(=O)N1CCC[C@H]1C(=O)N[C@@H](CCCNC(=N)N)C(=O)c1nc2ccccc2o1.O=C(O)C(F)(F)F,CHEMBL204
CHEMBL340276,Cc1cc(OCC/C=N/N=C(N)N)cc(OS(=O)(=O)c2ccccc2OC(F)(F)F)c1,CHEMBL204
CHEMBL312151,N=C(N)N1CCCC(C[C@H](NC(=O)CN2C(=O)CN(CCCc3ccc([N+](=O)[O-])cc3)C(=O)[C@H]2Cc2ccccc2)C(=O)c2nccs2)C1,CHEMBL204
CHEMBL2373350,CSCc1nc(Cc2ccccc2)n(CC(=O)N[C@@H](CCCCN)B2O[C@@H]3C[C@@H]4C[C@@H](C4(C)C)[C@]3(C)O2)n1,CHEMBL204
CHEMBL2373559,CC1(C)[C@@H]2C[C@H]3OB([C@H](CCCCN)NC(=O)Cn4nc(CNC=O)nc4Cc4ccccc4)O[C@@]3(C)[C@H]1C2,CHEMBL204
CHEMBL41938,CC1(C)CNc2c(cc(CO)cc2S(=O)(=O)N[C@@H](Cc2nc3ccccc3s2)C(=O)N2CCC(CCF)CC2)C1,CHEMBL204
CHEMBL84536,COc1ccc(CCCN2CC(=O)N(CC(=O)N[C@@H](CC3CCCN(C(=N)N)C3)C(=O)c3nccs3)[C@H](Cc3ccccc3)C2=O)cc1,CHEMBL204
CHEMBL2373397,CC1(C)[C@@H]2C[C@H]3OB([C@H](CCCCN)NC(=O)Cn4nc(CS(C)(=O)=O)nc4Cc4ccccc4)O[C@@]3(C)[C@H]1C2,CHEMBL204
CHEMBL41144,CC1(C)CNc2c(cc(CCO)cc2S(=O)(=O)N[C@@H](Cc2nc3ccccc3s2)C(=O)N2CCC(CCF)CC2)C1,CHEMBL204
CHEMBL408553,N=C(N)N1CCCC(C[C@H](NC(=O)CN2C(=O)CN(CCCc3ccccc3)C(=O)[C@H]2Cc2ccc3ccccc3c2)C(=O)c2nccs2)C1,CHEMBL204
CHEMBL408553,N=C(N)N1CCCC(C[C@H](NC(=O)CN2C(=O)CN(CCCc3ccccc3)C(=O)[C@H]2Cc2ccc3ccccc3c2)C(=O)c2nccs2)C1,CHEMBL204
CHEMBL313769,N=C(N)N1CCCC(C[C@H](NC(=O)CN2C(=O)CN(CCCc3ccccc3)C(=O)[C@H]2Cc2ccc(Cl)c(Cl)c2)C(=O)c2nccs2)C1,CHEMBL204
CHEMBL313769,N=C(N)N1CCCC(C[C@H](NC(=O)CN2C(=O)CN(CCCc3ccccc3)C(=O)[C@H]2Cc2ccc(Cl)c(Cl)c2)C(=O)c2nccs2)C1,CHEMBL204
CHEMBL2373341,CC1(C)[C@@H]2C[C@H]3OB([C@H](CCCCN)NC(=O)Cn4nc(CO)nc4Cc4ccccc4)O[C@@]3(C)[C@H]1C2,CHEMBL204
CHEMBL2373349,Cc1nc(Cc2ccccc2)n(CC(=O)N[C@@H](CCCCN)B2O[C@@H]3C[C@@H]4C[C@@H](C4(C)C)[C@]3(C)O2)n1,CHEMBL204
CHEMBL289951,Cc1cc(OCCN(C)c2ccncc2)cc(OS(=O)(=O)c2ccccc2Cl)c1,CHEMBL204
CHEMBL433144,Cc1ccc(CCCN2CC(=O)N(CC(=O)N[C@@H](CC3CCCN(C(=N)N)C3)C(=O)c3nccs3)[C@H](Cc3ccccc3)C2=O)cc1,CHEMBL204
CHEMBL2375178,CC1(C)[C@@H]2C[C@H]3OB([C@H](CCCCN)NC(=O)Cn4nc(CC#N)nc4Cc4ccccc4)O[C@@]3(C)[C@H]1C2,CHEMBL204
CHEMBL170318,C[C@]12CC[C@@H](c3ccc4nc(C(F)(F)F)ccc4c3)C(=O)N1[C@H](C(=O)NC(CCCN=C(N)N)C(=O)c1nccs1)CS2.Cl,CHEMBL204
CHEMBL2373347,CC1(C)[C@@H]2C[C@H]3OB([C@H](CCCCN)NC(=O)Cn4nc(-c5cccc([N+](=O)[O-])c5)nc4Cc4ccccc4)O[C@@]3(C)[C@H]1C2,CHEMBL204
CHEMBL263806,CC1(C)CNc2c(cc(CCC(=O)N3CCN(CC(=O)N4CCOCC4)CC3)cc2S(=O)(=O)N[C@@H](Cc2nc3ccccc3s2)C(=O)N2CCC(CCF)CC2)C1,CHEMBL204
CHEMBL84084,N=C(N)N1CCCC(C[C@H](NC(=O)CN2C(=O)CN(CCCc3ccccc3)C(=O)[C@H]2Cc2cccc(Cl)c2)C(=O)c2nccs2)C1,CHEMBL204
CHEMBL312904,N=C(N)N1CCCC(C[C@H](NC(=O)CN2C(=O)CN(CCCc3ccc(Cl)c(Cl)c3)C(=O)[C@H]2Cc2ccccc2)C(=O)c2nccs2)C1,CHEMBL204
CHEMBL315086,N=C(N)N1CCCC(C[C@H](NC(=O)CN2C(=O)CN(CCCc3ccc(Cl)cc3)C(=O)[C@H]2Cc2ccccc2)C(=O)c2nccs2)C1,CHEMBL204
CHEMBL420589,N=C(N)N1CCCC(C[C@H](NC(=O)CN2C(=O)CN(CCCc3ccc(O)cc3)C(=O)[C@H]2Cc2ccccc2)C(=O)c2nccs2)C1,CHEMBL204
CHEMBL2373555,COC(=O)Cc1nc(Cc2ccccc2)n(CC(=O)N[C@@H](CCCCN)B2O[C@@H]3C[C@@H]4C[C@@H](C4(C)C)[C@]3(C)O2)n1,CHEMBL204
CHEMBL164985,O=C(O)CN[C@H](CC1CCCCC1)C(=O)N1CCC[C@H]1C(=O)NCC1CCc2n[nH]cc2C1,CHEMBL204
CHEMBL82753,N=C(N)N1CCCC(C[C@H](NC(=O)CN2C(=O)CN(CCCc3ccccc3)C(=O)[C@H]2Cc2ccccc2)C(=O)N2CCCC2)C1,CHEMBL204
CHEMBL43397,CNC(=O)OCc1cc2c(c(S(=O)(=O)N[C@@H](Cc3nc4ccccc4s3)C(=O)N3CCC(CCF)CC3)c1)NCC(C)(C)C2,CHEMBL204
CHEMBL2373343,CC1(C)[C@@H]2C[C@H]3OB([C@H](CCCCN)NC(=O)Cn4nc(-c5ccccc5)nc4Cc4ccccc4)O[C@@]3(C)[C@H]1C2,CHEMBL204
CHEMBL172647,C[C@]12CC[C@@H](CCc3ccccc3)C(=O)N1[C@H](C(=O)NC(CCCN=C(N)N)C(=O)c1nc3ccccc3s1)CS2.Cl,CHEMBL204
CHEMBL2373302,CC1(C)[C@@H]2C[C@H]3OB([C@H](CCCCN)NC(=O)Cn4nc(CNS(=O)(=O)C(F)(F)F)nc4Cc4ccccc4)O[C@@]3(C)[C@H]1C2,CHEMBL204
CHEMBL2373403,CC1(C)[C@@H]2C[C@H]3OB([C@H](CCCCN)NC(=O)Cn4nc(CC#N)nc4Cc4cccc([N+](=O)[O-])c4)O[C@@]3(C)[C@H]1C2,CHEMBL204
CHEMBL83260,N=C(N)N1CCCC(C[C@H](NC(=O)CN2C(=O)CN(CCCc3ccccc3)C(=O)[C@H]2Cc2ccccc2Cl)C(=O)c2nccs2)C1,CHEMBL204
CHEMBL83260,N=C(N)N1CCCC(C[C@H](NC(=O)CN2C(=O)CN(CCCc3ccccc3)C(=O)[C@H]2Cc2ccccc2Cl)C(=O)c2nccs2)C1,CHEMBL204
CHEMBL2373367,CC(C)(C)OC(=O)CCc1nc(Cc2ccccc2)n(CC(=O)N[C@@H](CCCCN)B2O[C@@H]3C[C@@H]4C[C@@H](C4(C)C)[C@]3(C)O2)n1,CHEMBL204
CHEMBL289185,CC1(C)CNc2c(cc(CCCO)cc2S(=O)(=O)N[C@@H](Cc2nc3ccccc3s2)C(=O)N2CCC(CCF)CC2)C1,CHEMBL204
CHEMBL287714,COCCOCOCc1cc2c(c(S(=O)(=O)N[C@@H](Cc3nc4ccccc4s3)C(=O)N3CCC(CCF)CC3)c1)NCC(C)(C)C2,CHEMBL204
CHEMBL352392,C[C@]12CC[C@@H](CCCc3ccccc3)C(=O)N1[C@H](C(=O)NC(CCCN=C(N)N)C(=O)c1nccs1)CS2.Cl,CHEMBL204
CHEMBL352392,C[C@]12CC[C@@H](CCCc3ccccc3)C(=O)N1[C@H](C(=O)NC(CCCN=C(N)N)C(=O)c1nccs1)CS2.Cl,CHEMBL204
CHEMBL63033,NC(N)=NCCCCNC(=O)[C@@H]1CCCN1C(=O)[C@H](N)Cc1ccccc1,CHEMBL204
CHEMBL83001,N=C(N)N1CCCC(C[C@H](NC(=O)CN2C(=O)CN(CCCc3ccccc3)C(=O)[C@H]2Cc2ccccc2)C(=O)c2nc3ccccc3s2)C1,CHEMBL204
CHEMBL83001,N=C(N)N1CCCC(C[C@H](NC(=O)CN2C(=O)CN(CCCc3ccccc3)C(=O)[C@H]2Cc2ccccc2)C(=O)c2nc3ccccc3s2)C1,CHEMBL204
CHEMBL2373440,CC(C)(C)CC(=O)NCc1nc(Cc2ccccc2)n(CC(=O)N[C@@H](CCCCN)B2O[C@@H]3C[C@@H]4C[C@@H](C4(C)C)[C@]3(C)O2)n1,CHEMBL204
CHEMBL65505,CC1CCN(C(=O)[C@H](CCCN=C(N)N)NS(=O)(=O)c2cccc3c(N(C)C)cccc23)CC1,CHEMBL204
CHEMBL287715,CC(=O)N1CCN(C(=O)CCc2cc3c(c(S(=O)(=O)N[C@@H](Cc4nc5ccccc5s4)C(=O)N4CCC(CCF)CC4)c2)NCC(C)(C)C3)CC1,CHEMBL204
CHEMBL353492,C[C@]12CC[C@H](c3ccc4nc(C(F)(F)F)ccc4c3)C(=O)N1[C@H](C(=O)NC(CCCN=C(N)N)C(=O)c1nccs1)CS2.Cl,CHEMBL204
CHEMBL164915,O=C(NCC1CCc2n[nH]cc2C1)[C@@H]1CCCN1C(=O)[C@@H](CC1CCCCC1)NS(=O)(=O)Cc1ccccc1,CHEMBL204
CHEMBL288920,CN(C)C(=O)CCc1cc2c(c(S(=O)(=O)N[C@@H](Cc3nc4ccccc4s3)C(=O)N3CCC(CCF)CC3)c1)NCC(C)(C)C2,CHEMBL204
CHEMBL369408,C[C@]12CC[C@@H](Cc3ccccc3)C(=O)N1[C@H](C(=O)NC(CCCN=C(N)N)C(=O)c1nc3ccccc3s1)CS2.Cl,CHEMBL204
CHEMBL317682,CN(CC(=O)N[C@@H](CCCCN)B(O)O)C(=O)CCc1ccccc1,CHEMBL204
CHEMBL2373342,CC1(C)[C@@H]2C[C@H]3OB([C@H](CCCCN)NC(=O)Cn4ncnc4Cc4ccccc4)O[C@@]3(C)[C@H]1C2,CHEMBL204
CHEMBL2373348,CC1(C)[C@@H]2C[C@H]3OB([C@H](CCCCN)NC(=O)Cn4nc(-c5cccc(N)c5)nc4Cc4ccccc4)O[C@@]3(C)[C@H]1C2,CHEMBL204
CHEMBL2373408,CC1(C)[C@@H]2C[C@H]3OB([C@H](CCCCN)NC(=O)Cn4nc(CC#N)nc4CCc4ccccc4)O[C@@]3(C)[C@H]1C2,CHEMBL204
CHEMBL79245,N=C(N)N1CCCC(C[C@H](NC(=O)CN2C(=O)CN(Cc3ccccc3)C(=O)[C@@H]2Cc2ccc3ccccc3c2)C(=O)c2nccs2)C1,CHEMBL204
CHEMBL79245,N=C(N)N1CCCC(C[C@H](NC(=O)CN2C(=O)CN(Cc3ccccc3)C(=O)[C@@H]2Cc2ccc3ccccc3c2)C(=O)c2nccs2)C1,CHEMBL204
CHEMBL289485,CC1(C)CNc2c(cc(CCCC(=O)O)cc2S(=O)(=O)N[C@@H](Cc2nc3ccccc3s2)C(=O)N2CCC(CCF)CC2)C1,CHEMBL204
CHEMBL329865,CCOC(=O)[C@]1(NS(=O)(=O)Cc2ccccc2)CCCN(CC(=O)N[C@H]2CCCN(C(=N)N)C2O)C1=O,CHEMBL204
CHEMBL2373346,CC(C)C(=O)NCc1nc(Cc2ccccc2)n(CC(=O)N[C@@H](CCCCN)B2O[C@@H]3C[C@@H]4C[C@@H](C4(C)C)[C@]3(C)O2)n1,CHEMBL204
CHEMBL47394,O=C1N(Cc2ccccc2)C(=O)N1Cc1ccccc1,CHEMBL204
CHEMBL404654,N=C(N)N1CCC[C@@H](C[C@H](NC(=O)CN2C(=O)CN(CCCc3ccccc3)C(=O)[C@H]2Cc2ccccc2)C(=O)c2nccs2)C1,CHEMBL204
CHEMBL404654,N=C(N)N1CCC[C@@H](C[C@H](NC(=O)CN2C(=O)CN(CCCc3ccccc3)C(=O)[C@H]2Cc2ccccc2)C(=O)c2nccs2)C1,CHEMBL204
CHEMBL314914,N=C(N)N1CCC[C@H](NC(=O)CN2CCC[C@@](N)(Cc3ccccc3)C2=O)C1O,CHEMBL204
CHEMBL2373401,CC1(C)[C@@H]2C[C@H]3OB([C@H](CCCCN)NC(=O)Cn4nc(Cc5ccccc5)nc4Cc4ccccc4)O[C@@]3(C)[C@H]1C2,CHEMBL204
CHEMBL173634,C[C@]12CC[C@@H](Cc3ccccc3)C(=O)N1[C@H](C(=O)NC(CCCN=C(N)N)C(=O)c1nccs1)CS2.Cl,CHEMBL204
CHEMBL2373558,CC1(C)[C@@H]2C[C@H]3OB([C@H](CCCCN)NC(=O)Cn4ncnc4CCc4ccccc4)O[C@@]3(C)[C@H]1C2,CHEMBL204
CHEMBL2373475,C[S+]([O-])Cc1nc(Cc2ccccc2)n(CC(=O)N[C@@H](CCCCN)B2O[C@@H]3C[C@@H]4C[C@@H](C4(C)C)[C@]3(C)O2)n1,CHEMBL204
CHEMBL412432,CC1(C)CNc2c(cc(CCNC(N)=O)cc2S(=O)(=O)N[C@@H](Cc2nc3ccccc3s2)C(=O)N2CCC(CCF)CC2)C1,CHEMBL204
CHEMBL263808,CC1(C)CNc2c(cc(CCC(=O)N3CCN(Cc4ccncc4)CC3)cc2S(=O)(=O)N[C@@H](Cc2nc3ccccc3s2)C(=O)N2CCC(CCF)CC2)C1,CHEMBL204
CHEMBL309298,CCCCN1CC(=O)N(CC(=O)N[C@@H](CC2CCCN(C(=N)N)C2)C(=O)c2nccs2)[C@H](Cc2ccccc2)C1=O,CHEMBL204
CHEMBL2373402,CCCc1nc(Cc2ccccc2)n(CC(=O)N[C@@H](CCCCN)B2O[C@@H]3C[C@@H]4C[C@@H](C4(C)C)[C@]3(C)O2)n1,CHEMBL204
CHEMBL416600,CC1(C)CNc2c(cccc2S(=O)(=O)N[C@@H](CCCN=C(N)N)C(=O)N2CCC(CCF)CC2)C1,CHEMBL204
CHEMBL174282,C[C@]12CC[C@@H](c3ccc4nc(C(F)(F)F)ccc4c3)C(=O)N1[C@H](C(=O)NC(CCCN=C(N)N)C(=O)c1nc3ccccc3s1)CS2.Cl,CHEMBL204
CHEMBL2373400,CC1(C)[C@@H]2C[C@H]3OB([C@H](CCCCN)NC(=O)Cn4nc(CCC(=O)O)nc4Cc4ccccc4)O[C@@]3(C)[C@H]1C2,CHEMBL204
CHEMBL171213,C[C@]12CC[C@H](CCCc3ccccc3)C(=O)N1[C@H](C(=O)NC(CCCN=C(N)N)C(=O)c1nccs1)CS2.Cl,CHEMBL204
CHEMBL2373399,CC1(C)[C@@H]2C[C@H]3OB([C@H](CCCCN)NC(=O)Cn4nnnc4CCc4ccccc4)O[C@@]3(C)[C@H]1C2,CHEMBL204
CHEMBL2373345,CC(C)(C)OC(=O)/C=C/c1nc(Cc2ccccc2)n(CC(=O)N[C@@H](CCCCN)B2O[C@@H]3C[C@@H]4C[C@@H](C4(C)C)[C@]3(C)O2)n1,CHEMBL204
CHEMBL2373351,CC1(C)[C@@H]2C[C@H]3OB([C@H](CCCCN)NC(=O)Cn4nc(CC#N)cc4CCc4ccccc4)O[C@@]3(C)[C@H]1C2,CHEMBL204
CHEMBL83692,N=C(N)N1CCCC(C[C@H](NC(=O)CN2C(=O)CN(CCCc3ccccc3)C(=O)[C@H]2Cc2ccc(Cl)cc2)C(=O)c2nccs2)C1,CHEMBL204
CHEMBL310722,CNC(=O)[C@H](CC1CCCN(C(=N)N)C1)NC(=O)CN1C(=O)CN(CCCc2ccccc2)C(=O)[C@H]1Cc1ccccc1,CHEMBL204
CHEMBL38996,CC1(C)CNc2c(cc(CCC(=O)O)cc2S(=O)(=O)N[C@@H](Cc2nc3ccccc3s2)C(=O)N2CCC(CCF)CC2)C1,CHEMBL204
CHEMBL2373344,CC1(C)[C@@H]2C[C@H]3OB([C@H](CCCCN)NC(=O)Cn4nc(COCc5ccccc5)nc4Cc4ccccc4)O[C@@]3(C)[C@H]1C2,CHEMBL204
CHEMBL2373405,CC1(C)[C@@H]2C[C@H]3OB([C@H](CCCCN)NC(=O)Cn4nc(CC#N)nc4Cc4ccccc4[N+](=O)[O-])O[C@@]3(C)[C@H]1C2,CHEMBL204
CHEMBL38927,N=C(N)N1CCC[C@H](NC(=O)CN2CCC[C@H](NS(=O)(=O)Cc3ccccc3)C2=O)C1O,CHEMBL204
CHEMBL423259,CN(CC(=O)N[C@@H](CCCSC(=N)N)B(O)O)C(=O)CCc1ccccc1,CHEMBL204
CHEMBL355792,Cl.NC(N)=NCCCC(NC(=O)[C@@H]1CS[C@H]2CC[C@@H](Cc3ccccc3)C(=O)N21)C(=O)c1nc2ccccc2s1,CHEMBL204
CHEMBL286064,CC1(C)CNc2c(cccc2S(=O)(=O)N[C@@H](Cc2nc3ccccc3s2)C(=O)N2CCC(CCF)CC2)C1,CHEMBL204
CHEMBL358910,N=C(N)c1ccc(/C=C2/CCCC/C(=C/c3ccc(C(N)=O)cc3)C2=O)cc1,CHEMBL204
CHEMBL2370449,CC[C@H](C)[C@H](NC(=O)[C@@H]1CCCN1C(=O)[C@H](CCC(=O)O)NC(=O)[C@H](Cc1ccccc1)NC(=O)[C@H](CC(=O)O)NC(=O)C/C=C/CNC(=O)CCCCC(=O)[C@H](CCCN=C(N)N)NC(=O)[C@@H]1CCCN1C(=O)[C@H](Cc1ccccc1)NC(C)=O)C(=O)N1CCC[C@H]1C(=O)N[C@@H](CC(C)C)C(=O)O,CHEMBL204
CHEMBL427978,CC[C@H](C)[C@H](NC(=O)[C@@H]1CCCN1C(=O)[C@H](CCC(=O)O)NC(=O)[C@H](Cc1ccccc1)NC(=O)[C@H](CC(=O)O)NC(=O)C/C=C/CNC(=O)C/C=C/CNC(=O)CCCCC(=O)C(CCCN=C(N)N)NC(=O)[C@@H]1CCCN1C(=O)[C@H](Cc1ccccc1)NC(C)=O)C(=O)N1CCC[C@H]1C(=O)N[C@@H](CC(C)C)C(=O)O,CHEMBL204
CHEMBL336438,Cc1nc(N)ccc1CNC(=O)Cn1c(C)cnc(N[C@H](C)Cc2ccccc2)c1=O,CHEMBL204
CHEMBL82535,N=C(N)N1CCC(OCCC2CCCCN2C(=O)[C@H](CC(=O)O)NC2CCCCC2)CC1,CHEMBL204
CHEMBL385670,CC[C@H](C)[C@H](NC(=O)[C@@H]1CCCN1C(=O)[C@H](CCC(=O)O)NC(=O)[C@H](Cc1ccccc1)NC(=O)[C@H](CC(=O)O)NC(=O)C/C=C/CNC(=O)C/C=C/CNC(=O)C/C=C/CNC(=O)CCCCC(=O)C(CCCN=C(N)N)NC(=O)[C@@H]1CCCN1C(=O)[C@H](Cc1ccccc1)NC(C)=O)C(=O)N1CCC[C@H]1C(=O)N[C@@H](CC(C)C)C(=O)O,CHEMBL204
CHEMBL359132,Cc1cc(C(=O)Nc2ccc(-c3ccccc3S(N)(=O)=O)cc2Cl)n(-c2cccc(C(=N)N)c2)n1,CHEMBL204
CHEMBL82658,N=C(N)N1CCC(OCCC2CCCCN2C(=O)[C@H](CC(=O)O)NC2CCCCCCC2)CC1,CHEMBL204
CHEMBL108237,N=C(N)NCCCC(NC(=O)[C@@H]1CC[C@H]2CN(C(=O)C3Cc4ccccc4CN3)CC(=O)N21)C(=O)c1nccs1,CHEMBL204
CHEMBL154238,CS(=O)(=O)c1ccccc1-c1ccc(NC(=O)c2cc(C(F)(F)F)nn2-c2cccc(C(=N)N)c2)cc1,CHEMBL204
CHEMBL312647,CN(C1CCCCC1)[C@@H](CCC(=O)O)C(=O)N1CCCC[C@H]1CCOC1CCN(C(=N)N)CC1,CHEMBL204
CHEMBL111646,N=C(N)NCCCC(NC(=O)[C@@H]1CC[C@H]2CN(C(=O)CCc3ccc(Cl)c(Cl)c3)CC(=O)N21)C(=O)c1nccs1,CHEMBL204
CHEMBL358918,N=C(N)c1ccc(/C=C2/CCCCC/C(=C/c3ccc(C(=N)N)cc3)C2=O)cc1,CHEMBL204
CHEMBL2370455,CC[C@H](C)[C@H](NC(=O)[C@H](CCC(=O)O)NC(=O)[C@H](CCC(=O)O)NC(=O)[C@H](Cc1ccccc1)NC(=O)[C@H](CC(=O)O)NC(=O)CNC(=O)[C@H](CC(=O)O)NC(=O)[C@H](CC(N)=O)NC(=O)[C@H](Cc1c[nH]cn1)NC(=O)[C@H](CO)NC(=O)[C@H](CCC(N)=O)NC(=O)CCC(=O)[C@H](CCCN=C(N)N)NC(=O)[C@@H]1CCCN1C(=O)[C@H](Cc1ccccc1)NC(C)=O)C(=O)N1CCC[C@H]1C(=O)N[C@@H](CCC(=O)O)C(=O)N[C@@H](CCC(=O)O)C(=O)N[C@@H](Cc1ccc(O)cc1)C(=O)N[C@@H](CC(C)C)C(=O)N[C@@H](CCC(N)=O)C(=O)O,CHEMBL204
CHEMBL81056,N=C(N)c1ccc(OCC[C@@H]2CCCCN2C(=O)[C@@H](CC2CCCCC2)NCC(=O)O)cc1,CHEMBL204
CHEMBL140885,Cc1nc(N)ccc1CNC(=O)Cn1c(C)c(Cl)nc(NCCc2ccccc2)c1=O,CHEMBL204
CHEMBL321167,N=C(N)NCCCC(NC(=O)[C@@H]1CC[C@H]2CN(C(=O)COc3ccccc3)CC(=O)N21)C(=O)c1nccs1,CHEMBL204
CHEMBL322307,N=C(N)NCCCC(NC(=O)[C@@H]1CC[C@H]2CN(C(=O)OCc3ccccc3)CC(=O)N21)C(=O)c1nccs1,CHEMBL204
CHEMBL110433,NC(N)=NCCCC(NC(=O)[C@@H]1CC[C@H]2CN(C(=O)[C@@H](N)Cc3ccc(O)cc3)CC(=O)N21)C(=O)c1nccs1,CHEMBL204
CHEMBL84389,CN(C1CCCCCC1)[C@@H](CC(=O)O)C(=O)N1CCCC[C@H]1CCOC1CCN(C(=N)N)CC1,CHEMBL204
CHEMBL322124,N=C(N)NCCCC(NC(=O)[C@@H]1CC[C@H]2CN(C(=O)NCc3ccccc3)CC(=O)N21)C(=O)c1nccs1,CHEMBL204
CHEMBL412702,CC[C@H](C)[C@H](NC(=O)[C@@H]1CCCN1C(=O)[C@H](CCC(=O)O)NC(=O)[C@H](Cc1ccccc1)NC(=O)[C@H](CC(=O)O)NC(=O)CNC(=O)[C@H](CC(=O)O)NC(=O)[C@H](CC(N)=O)NC(=O)[C@H](Cc1c[nH]cn1)NC(=O)[C@H](CO)NC(=O)[C@H](CCC(N)=O)NC(=O)[C@@H]1CCCN1C(=O)[C@H](CCCN=C(N)N)N(C)C(=O)[C@@H]1CCCN1C(=O)[C@H](Cc1ccccc1)NC(C)=O)C(=O)N1CCC[C@H]1C(=O)N[C@@H](CC(C)C)C(=O)O,CHEMBL204
CHEMBL309403,N=C(N)N1CCC(OCC[C@@H]2CCCCN2C(=O)[C@H](CC(=O)O)NC2CCCCCC2)CC1,CHEMBL204
CHEMBL25184,CCc1nc2ccc(OC3CCN(C(C)=N)CC3)cc2n1Cc1ccc(-c2ccc(C(=N)N)cc2)cc1,CHEMBL204
CHEMBL151049,N=C(N)c1ccc(/C=C2/CCC/C(=C\c3ccc(C(=N)N)cc3)C2=O)cc1,CHEMBL204
CHEMBL347931,CCCCc1cc(C(=O)Nc2ccc(-c3ccccc3S(N)(=O)=O)cc2)n(-c2cccc(C(=N)N)c2)n1.O=C(O)C(F)(F)F,CHEMBL204
CHEMBL346834,N=C(N)c1cccc(-n2cc(Br)cc2C(=O)Nc2ccc(-c3ccccc3S(N)(=O)=O)cc2)c1.O=C(O)C(F)(F)F,CHEMBL204
CHEMBL152281,N=C(N)c1cccc(-n2nc(C(F)(F)F)cc2C(=O)Nc2ccc(-c3ccccc3S(N)(=O)=O)cc2F)c1,CHEMBL204
CHEMBL84229,CN(C1CCC=CCC1)[C@@H](CC(=O)O)C(=O)N1CCCC[C@H]1CCOC1CCN(C(=N)N)CC1,CHEMBL204
CHEMBL107507,Cc1ccc(CCC(=O)N2CC(=O)N3[C@@H](CC[C@H]3C(=O)NC(CCCN=C(N)N)C(=O)c3nccs3)C2)cc1,CHEMBL204
CHEMBL431820,N=C(N)NCCCC(NC(=O)[C@@H]1CC[C@H]2CN(C(=O)CCc3cccc4ccccc34)CC(=O)N21)C(=O)c1nccs1,CHEMBL204
CHEMBL152859,Cc1cc(C(=O)Nc2ccc(-c3ccccc3S(N)(=O)=O)cc2Br)n(-c2cccc(C(=N)N)c2)n1,CHEMBL204
CHEMBL358835,CS(=O)(=O)c1ccccc1-c1ccc(NC(=O)c2cc(C(F)(F)F)nn2-c2cccc(C(=N)N)c2)c(F)c1,CHEMBL204
CHEMBL141266,Cc1nc(N)ccc1CNC(=O)Cn1c(C)cnc(NC(C)(C)Cc2ccccc2)c1=O,CHEMBL204
CHEMBL139178,Cc1nc(N)ccc1CNC(=O)Cn1c(C)cnc(N[C@@H](C)Cc2ccccc2)c1=O,CHEMBL204
CHEMBL108488,N=C(N)NCCCC(NC(=O)[C@@H]1CC[C@H]2CN(C(=O)CCc3ccc4ccccc4c3)CC(=O)N21)C(=O)c1nccs1,CHEMBL204
CHEMBL320781,NC(N)=NCCCC(NC(=O)[C@@H]1CC[C@H]2CN(C(=O)[C@@H](N)Cc3c[nH]c4ccccc34)CC(=O)N21)C(=O)c1nccs1,CHEMBL204
CHEMBL107762,N=C(N)NCCCC(NC(=O)[C@@H]1CC[C@H]2CN(C(=O)CCc3ccccc3F)CC(=O)N21)C(=O)c1nccs1,CHEMBL204
CHEMBL108691,N=C(N)NCCCC(NC(=O)[C@@H]1CC[C@H]2CN(C(=O)CCc3ccccc3)CC(=O)N21)C(=O)c1nccs1,CHEMBL204
CHEMBL111043,N=C(N)NCCCC(NC(=O)[C@@H]1CC[C@H]2CN(C(=O)CCC3CCCCC3)CC(=O)N21)C(=O)c1nccs1,CHEMBL204
CHEMBL323466,N=C(N)NCCCC(NC(=O)[C@@H]1CC[C@H]2CN(CCCc3ccccc3)CC(=O)N21)C(=O)c1nccs1,CHEMBL204
CHEMBL25477,CCc1nc2ccc(OC3CCN(C(C)=N)CC3)cc2n1C/C=C/c1cc(N)ccc1O,CHEMBL204
CHEMBL94336,N=C(N)c1ccc(/C=C2/CCCC/C(=C\c3ccc(C(=N)N)cc3)C2=O)cc1,CHEMBL204
CHEMBL154512,Cc1cc(C(=O)Nc2ccc(-c3ccccc3C(F)(F)F)cc2)n(-c2cccc(C(=N)N)c2)n1,CHEMBL204
CHEMBL79442,CN1CCC(N[C@@H](CC(=O)O)C(=O)N2CCCC[C@H]2CCOC2CCN(C(=N)N)CC2)CC1,CHEMBL204
CHEMBL321624,N=C(N)NCCCC(NC(=O)[C@@H]1CC[C@H]2CN(C(=O)CCCc3ccccc3)CC(=O)N21)C(=O)c1nccs1,CHEMBL204
CHEMBL81521,CN(C1CCCCC1)[C@@H](CC(=O)O)C(=O)N1CCCC[C@H]1CCOC1CCN(C(=N)N)CC1,CHEMBL204
CHEMBL139331,Cc1cnc(NCCc2ccccc2)c(=O)n1CC(=O)NCc1ccc(N)nc1,CHEMBL204
CHEMBL111641,N=C(N)NCCCC(NC(=O)[C@@H]1CC[C@H]2CN(C(=O)c3ccccc3)CC(=O)N21)C(=O)c1nccs1,CHEMBL204
CHEMBL283901,CCc1nc2cc(OC3CCN(C(C)=N)CC3)ccc2n1Cc1ccc(-c2cccc(C(=N)N)c2)cc1,CHEMBL204
CHEMBL24460,CCc1nc2ccc(OC3CCN(C(C)=N)CC3)cc2n1C/C=C/c1cccc(N)c1,CHEMBL204
CHEMBL151481,CN(C)C(=N)c1ccc(/C=C2/CCCC/C(=C\c3ccc(C(=N)N)cc3)C2=O)cc1,CHEMBL204
CHEMBL81436,N=C(N)N1CCC(OCCC2CCCCN2C(=O)[C@H](CC(=O)O)NCC2CCCCC2)CC1,CHEMBL204
CHEMBL81844,N=C(N)c1ccc(OCC[C@H]2CCCCN2C(=O)[C@@H](CC2CCCCC2)NCC(=O)O)cc1,CHEMBL204
CHEMBL11157,Cc1nc(N)ccc1CNC(=O)Cn1c(C)ccc(NS(=O)(=O)Cc2ccccc2)c1=O,CHEMBL204
CHEMBL422688,Cc1cc(C(=O)Nc2ccc(-c3ccccc3S(C)(=O)=O)cc2F)n(-c2cccc(C(=N)N)c2)n1,CHEMBL204
CHEMBL432209,N=C(N)NCCCC(NC(=O)[C@@H]1CC[C@H]2CN(C(=O)CCc3ccccn3)CC(=O)N21)C(=O)c1nccs1,CHEMBL204
CHEMBL275859,N=C(N)NCCC[C@H](NC(=O)[C@H](CO)NC(=O)[C@@H](Cc1ccccc1)NS(=O)(=O)Cc1ccccc1)C(=O)c1nccs1,CHEMBL204
CHEMBL81251,N=C(N)N1CCC(OCCC2CCCCN2C(=O)[C@H](CC(=O)O)NC2CCCC2)CC1,CHEMBL204
CHEMBL312661,CCS(=O)(=O)N[C@H](Cc1ccccc1)C(=O)N1CCC[C@H]1C(=O)NCC1CCN(C(=N)N)CC1,CHEMBL204
CHEMBL19080,Cc1nc(N)ccc1CNC(=O)Cn1c(C)cnc(NCCc2ccccc2)c1=O,CHEMBL204
CHEMBL108451,COc1ccc(CCC(=O)N2CC(=O)N3[C@@H](CC[C@H]3C(=O)NC(CCCN=C(N)N)C(=O)c3nccs3)C2)cc1,CHEMBL204
CHEMBL282260,CCc1nc2ccc(OC3CCN(C(C)=N)CC3)cc2n1Cc1cccc(-c2cccc(C(=N)N)c2)c1,CHEMBL204
CHEMBL356862,N=C(N)c1ccc(/C=C2/CCCCCCC/C(=C\c3ccc(C(=N)N)cc3)C2=O)cc1,CHEMBL204
CHEMBL83280,CCN(C1CCCCC1)[C@@H](CC(=O)O)C(=O)N1CCCCC1CCOC1CCN(C(=N)N)CC1,CHEMBL204
CHEMBL320781,NC(N)=NCCCC(NC(=O)[C@@H]1CC[C@H]2CN(C(=O)[C@@H](N)Cc3c[nH]c4ccccc34)CC(=O)N21)C(=O)c1nccs1,CHEMBL204
CHEMBL313788,N=C(N)N1CCC(OCCC2CCCCN2C(=O)[C@H](N)Cc2ccccc2)CC1,CHEMBL204
CHEMBL109289,N=C(N)NCCCC(NC(=O)[C@@H]1CC[C@H]2CN(C(=O)[C@@H](O)c3ccccc3)CC(=O)N21)C(=O)c1nccs1,CHEMBL204
CHEMBL109289,N=C(N)NCCCC(NC(=O)[C@@H]1CC[C@H]2CN(C(=O)[C@@H](O)c3ccccc3)CC(=O)N21)C(=O)c1nccs1,CHEMBL204
CHEMBL309670,N=C(N)N1CCC(OCCC2CCCCN2C(=O)[C@@H](CC2CCCCC2)NCC(=O)O)CC1,CHEMBL204
CHEMBL2370453,CC[C@H](C)[C@H](NC(=O)[C@H](CCC(=O)O)NC(=O)[C@H](CCC(=O)O)NC(=O)[C@H](Cc1ccccc1)NC(=O)[C@H](CC(=O)O)NC(=O)CNC(=O)[C@H](CC(=O)O)NC(=O)[C@H](CC(N)=O)NC(=O)[C@H](Cc1c[nH]cn1)NC(=O)[C@H](CO)NC(=O)[C@H](CCC(N)=O)NC(=O)CCCCC(=O)[C@H](CCCN=C(N)N)NC(=O)[C@@H]1CCCN1C(=O)[C@H](Cc1ccccc1)NC(C)=O)C(=O)N1CCC[C@H]1C(=O)N[C@@H](CCC(=O)O)C(=O)N[C@@H](CCC(=O)O)C(=O)N[C@@H](Cc1ccc(O)cc1)C(=O)N[C@@H](CC(C)C)C(=O)N[C@@H](CCC(N)=O)C(=O)O,CHEMBL204
CHEMBL316551,NC(N)=NCCCC(NC(=O)[C@@H]1CC[C@H]2CN(C(=O)[C@@H](N)Cc3ccc(F)cc3)CC(=O)N21)C(=O)c1nccs1,CHEMBL204
CHEMBL347307,Cc1cc(C(=O)Nc2ccc(-c3ccccc3S(N)(=O)=O)cc2F)n(-c2cccc(C(=N)N)c2)n1,CHEMBL204
CHEMBL422321,N=C(N)c1ccc(/C=C2/CCCCC/C(=C\c3ccc(C(=N)N)cc3)C2=O)cc1,CHEMBL204
CHEMBL440733,Cc1cc(C(=O)Nc2ccc(-c3ccccc3S(C)(=O)=O)cc2)n(-c2cccc(C(=N)N)c2)n1,CHEMBL204
CHEMBL418923,CCC(CC)N[C@@H](CC(=O)O)C(=O)N1CCCC[C@H]1CCOC1CCN(C(=N)N)CC1,CHEMBL204
CHEMBL322344,N=C(N)NCCCC(NC(=O)[C@@H]1CC[C@H]2CN(C(=O)[C@@H](O)Cc3ccccc3)CC(=O)N21)C(=O)c1nccs1,CHEMBL204
CHEMBL347846,N=C(N)c1cccc(-n2nc(C(F)(F)F)cc2C(=O)Nc2ccc(-c3ccccc3S(N)(=O)=O)cc2)c1,CHEMBL204
CHEMBL138855,Cc1cc(N)nc(C)c1CNC(=O)Cn1c(C)cnc(NCCc2ccccc2)c1=O,CHEMBL204
CHEMBL321013,N=C(N)NCCCC(NC(=O)[C@@H]1CC[C@H]2CN(C(=O)Cc3ccccc3)CC(=O)N21)C(=O)c1nccs1,CHEMBL204
CHEMBL110433,NC(N)=NCCCC(NC(=O)[C@@H]1CC[C@H]2CN(C(=O)[C@@H](N)Cc3ccc(O)cc3)CC(=O)N21)C(=O)c1nccs1,CHEMBL204
CHEMBL152854,Cc1cc(C(=O)Nc2ccc(-c3ccccc3S(N)(=O)=O)cc2)n(-c2cccc(C(=N)N)c2)n1.O=C(O)C(F)(F)F,CHEMBL204
CHEMBL109883,N=C(N)NCCCC(NC(=O)[C@@H]1CC[C@H]2CN(C(=O)CCc3ccccc3C(F)(F)F)CC(=O)N21)C(=O)c1nccs1,CHEMBL204
CHEMBL109456,N=C(N)NCCCC(NC(=O)[C@@H]1CC[C@H]2CN(C(=O)CCOc3ccccc3)CC(=O)N21)C(=O)c1nccs1,CHEMBL204
CHEMBL150739,N=C(N)c1ccc(/C=C2/CCCCCC/C(=C/c3ccc(C(=N)N)cc3)C2=O)cc1,CHEMBL204
CHEMBL2370451,CC[C@H](C)[C@H](NC(=O)[C@H](CCC(=O)O)NC(=O)[C@H](CCC(=O)O)NC(=O)[C@H](Cc1ccccc1)NC(=O)[C@H](CC(=O)O)NC(=O)CNC(=O)[C@H](CC(=O)O)NC(=O)[C@H](CC(N)=O)NC(=O)[C@H](Cc1c[nH]cn1)NC(=O)[C@H](CO)NC(=O)[C@H](CCC(N)=O)NC(=O)CC(=O)[C@H](CCCN=C(N)N)NC(=O)[C@@H]1CCCN1C(=O)[C@H](Cc1ccccc1)NC(C)=O)C(=O)N1CCC[C@H]1C(=O)N[C@@H](CCC(=O)O)C(=O)N[C@@H](CCC(=O)O)C(=O)N[C@@H](Cc1ccc(O)cc1)C(=O)N[C@@H](CC(C)C)C(=O)N[C@@H](CCC(N)=O)C(=O)O,CHEMBL204
CHEMBL2370450,CC[C@H](C)[C@H](NC(=O)[C@H](CCC(=O)O)NC(=O)[C@H](CCC(=O)O)NC(=O)[C@H](Cc1ccccc1)NC(=O)[C@H](CC(=O)O)NC(=O)CNC(=O)[C@H](CC(=O)O)NC(=O)[C@H](CC(N)=O)NC(=O)[C@H](Cc1c[nH]cn1)NC(=O)[C@H](CO)NC(=O)[C@H](CCC(N)=O)NC(=O)CCCC(=O)[C@H](CCCN=C(N)N)NC(=O)[C@@H]1CCCN1C(=O)[C@H](Cc1ccccc1)NC(C)=O)C(=O)N1CCC[C@H]1C(=O)N[C@@H](CCC(=O)O)C(=O)N[C@@H](CCC(=O)O)C(=O)N[C@@H](Cc1ccc(O)cc1)C(=O)N[C@@H](CC(C)C)C(=O)N[C@@H](CCC(N)=O)C(=O)O,CHEMBL204
CHEMBL73313,CC1CCCN(C(=O)C(C)(C)c2ccc3c(c2)nc(Cc2ccc(C(=N)N)cc2)c(=O)n3C)C1,CHEMBL204
CHEMBL77215,Cn1c(=O)c(Cc2ccc(C(=N)N)cc2)nc2cc(C(C)(C)C(=O)N3CCCC3)ccc21,CHEMBL204
CHEMBL76068,Cn1c(=O)c(Cc2ccc(C(=N)N)cc2)nc2cc(C3(C(=O)N4CCCC4C(=O)NCC(=O)O)CC3)ccc21,CHEMBL204
CHEMBL274152,Cc1nc(N)ccc1CNC(=O)Cn1c(C)cc2c(c1=O)NC(=O)[C@H](CC1CCC1)C2,CHEMBL204
CHEMBL160489,N=C(N)c1cccc(-n2nnnc2C(=O)Nc2ccc(-c3ccccc3S(N)(=O)=O)cc2)c1.O=C(O)C(F)(F)F,CHEMBL204
CHEMBL275110,CCC[C@H]1Cc2cc(C)n(CC(=O)NCc3ccc(N)nc3C)c(=O)c2NC1=O,CHEMBL204
CHEMBL39375,CCC1CCN(C(=O)C(Cc2nc3ccccc3s2)NS(=O)(=O)c2cccc3c2NCC(C)(C)C3)CC1,CHEMBL204
CHEMBL75255,CCOC(=O)C(C)(C)c1ccc2c(C)cc(Oc3ccc(C(=N)N)cc3)nc2c1,CHEMBL204
CHEMBL307385,Cn1c(=O)c(Cc2ccc(C(=N)N)cc2)nc2cc(C3(C(=O)N4CCCC4CO)CC3)ccc21,CHEMBL204
CHEMBL75828,CCOC(=O)C1(c2ccc3c(C)cc(Oc4ccc(C(=N)N)cc4)nc3c2)CCCC1,CHEMBL204
CHEMBL275520,Cc1nc(N)ccc1CNC(=O)Cn1c(C)cc2c(c1=O)NC(=O)[C@H](CC(C)C)C2,CHEMBL204
CHEMBL10800,CCC[C@@H]1Cc2cc(C)n(CC(=O)NCc3ccc(N)nc3C)c(=O)c2NC1=O,CHEMBL204
CHEMBL308604,CN(C)C(=O)C(C)(C)c1ccc2c(c1)nc(Cc1ccc(C(=N)N)cc1)c(=O)n2C,CHEMBL204
CHEMBL39086,CC1(C)CNc2c(cccc2S(=O)(=O)NC(Cc2nc3ccccc3s2)C(=O)N2CCC(CCF)CC2)C1,CHEMBL204
CHEMBL10545,Cc1nc(N)ccc1CNC(=O)Cn1c(C)cc2c(c1=O)NC(=O)[C@H](Cc1ccccc1)C2,CHEMBL204
CHEMBL307655,Cn1c(=O)c(Cc2ccc(C(=N)N)cc2)nc2cc(C(C)(C)C(=O)N3CCNCC3)ccc21,CHEMBL204
CHEMBL39086,CC1(C)CNc2c(cccc2S(=O)(=O)NC(Cc2nc3ccccc3s2)C(=O)N2CCC(CCF)CC2)C1,CHEMBL204
CHEMBL1907779,CC1(C)CNc2c(cccc2S(=O)(=O)N[C@@H](CSCCCN)C(=O)N2CCC(CCO)CC2)C1,CHEMBL204
CHEMBL308600,CCOC(=O)C1(c2ccc3c(c2)nc(Cc2ccc(C(=N)N)cc2)c(=O)n3C)CC1,CHEMBL204
CHEMBL1907778,CC1(C)CNc2c(cccc2S(=O)(=O)N[C@@H](CSCCCN)C(=O)N2CCC(CCF)CC2)C1,CHEMBL204
CHEMBL416600,CC1(C)CNc2c(cccc2S(=O)(=O)N[C@@H](CCCN=C(N)N)C(=O)N2CCC(CCF)CC2)C1,CHEMBL204
CHEMBL157417,N=C(N)c1cccc(-n2nncc2C(=O)Nc2ccc(-c3ccccc3S(N)(=O)=O)cc2)c1.O=C(O)C(F)(F)F,CHEMBL204
CHEMBL431577,Cn1c(=O)c(Cc2ccc(C(=N)N)cc2)nc2cc(C3(C(=O)N4CCCC4)CC3)ccc21,CHEMBL204
CHEMBL290025,CC1CNc2c(cccc2S(=O)(=O)N[C@@H](Cc2nc3ccccc3s2)C(=O)N2CCC(CCO)CC2)C1,CHEMBL204
CHEMBL10785,Cc1nc(N)ccc1CNC(=O)Cn1c(C)cc2c(c1=O)NC(=O)[C@H](CC1CC1)C2,CHEMBL204
CHEMBL72308,Cn1c(=O)c(Cc2ccc(C(=N)N)cc2)nc2cc(C(C)(C)C(=O)N3CCCCC3)ccc21,CHEMBL204
CHEMBL152854,Cc1cc(C(=O)Nc2ccc(-c3ccccc3S(N)(=O)=O)cc2)n(-c2cccc(C(=N)N)c2)n1.O=C(O)C(F)(F)F,CHEMBL204
CHEMBL10657,CC[C@@H]1Cc2cc(C)n(CC(=O)NCc3ccc(N)nc3C)c(=O)c2NC1=O,CHEMBL204
CHEMBL74701,CCOC(=O)C(C)(C)c1ccc2c(c1)nc(Cc1ccc(C(=N)N)cc1)c(=O)n2C,CHEMBL204
CHEMBL74263,Cn1c(=O)c(Cc2ccc(C(=N)N)cc2)nc2cc(C3(N(C(=O)CC(=O)O)C4CCCC4)CC3)ccc21,CHEMBL204
CHEMBL290025,CC1CNc2c(cccc2S(=O)(=O)N[C@@H](Cc2nc3ccccc3s2)C(=O)N2CCC(CCO)CC2)C1,CHEMBL204
CHEMBL96433,N=C(N)c1ccc2[nH]c(-c3cccc(-c4ccccc4)c3O)cc2c1,CHEMBL204
CHEMBL287964,COC(=O)NS(=O)(=O)c1ccccc1-c1ccc(C(=O)N[C@@H](CCCN=C(N)N)B2O[C@@H]3CC4CC(C4(C)C)[C@]3(C)O2)c(C)c1,CHEMBL204
CHEMBL289395,NC1CCC(CNC(=O)[C@@H]2CCCN2C(=O)[C@H](N)C(C2CCCCC2)C2CCCCC2)CC1,CHEMBL204
CHEMBL421760,N=C(N)C1CCCC(NC(=O)CN2CC[C@H](NS(=O)(=O)Cc3ccccc3)C2=O)C1O,CHEMBL204
CHEMBL51173,N=C(N)c1ccc(C[C@@H](NC(=O)CNS(=O)(=O)c2ccc3ccccc3c2)C(=O)N2CCCCC2)cc1,CHEMBL204
CHEMBL290363,CC1(C)C2CC1[C@]1(C)OB([C@H](CCCN=C(N)N)NC(=O)c3cccc(-c4ccccc4)c3)O[C@@H]1C2,CHEMBL204
CHEMBL290378,Cc1nc(-c2ccccc2)ncc1C(=O)N[C@@H](CCCN=C(N)N)B1O[C@@H]2CC3CC(C3(C)C)[C@]2(C)O1,CHEMBL204
CHEMBL422470,N=C(N)C1CCC[C@H](NC(=O)CN2CCC[C@H](NS(=O)(=O)NC3CCCCC3)C2=O)C1O,CHEMBL204
CHEMBL48608,Cc1cc(Br)c(O)c(-c2cc3cc(C(=N)N)ccc3[nH]2)c1,CHEMBL204
CHEMBL43140,CC1(C)C2CC1[C@]1(C)OB([C@H](CCCN=C(N)N)NC(=O)c3cccc(-c4cccc(NS(C)(=O)=O)c4)c3)O[C@@H]1C2,CHEMBL204
CHEMBL307727,CCC1(N)C(=O)N2C(Cc3ccccc3)C=CC(C(=O)NC(CCCCN)C(=O)C(N)=O)N2C1=O,CHEMBL204
CHEMBL297536,CC(C)(C)OC(=O)Nc1cccc(-c2ccc(C(=O)N[C@@H](CCCN=C(N)N)B3O[C@@H]4CC5CC(C5(C)C)[C@]4(C)O3)o2)c1,CHEMBL204
CHEMBL140890,N=C(N)C1CCC[C@H](NC(=O)CN2CCCC[C@H](NS(=O)(=O)c3ccccc3)C2=O)C1O,CHEMBL204
CHEMBL40364,CC1(C)C2CC1[C@]1(C)OB([C@H](CCCN=C(N)N)NC(=O)c3ccc(-c4ccccc4)o3)O[C@@H]1C2,CHEMBL204
CHEMBL263924,N=C(N)C1CCC[C@H](NC(=O)CN2CCC[C@H](NS(=O)(=O)c3cccc4ccccc34)C2=O)[C@@H]1O,CHEMBL204
CHEMBL290836,CC1(C)C2CC1[C@]1(C)OB([C@H](CCCN=C(N)N)NC(=O)c3ccc(-c4ccccc4)cc3F)O[C@@H]1C2,CHEMBL204
CHEMBL40854,Cc1cc(-c2ccccc2S(=O)(=O)NC(C)(C)C)ccc1C(=O)N[C@@H](CCCN=C(N)N)B1O[C@@H]2CC3CC(C3(C)C)[C@]2(C)O1,CHEMBL204
CHEMBL141106,N=C(N)C1CCC[C@H](NC(=O)CN2CCC[C@H](NS(=O)(=O)c3ccccc3)C2=O)C1O,CHEMBL204
CHEMBL308576,C=CCC1(CC=C)C(=O)N2CC(C)=CC(C(=O)NC(CCCCN)C(=O)C(=O)NCCc3ccc(C(N)=O)cc3)N2C1=O,CHEMBL204
CHEMBL3216390,Cl.Cl.N=C(N)NCCCNC(=O)[C@@H]1CCCCN1C(=O)[C@@H](CC1CCCCC1)NCC(=O)O,CHEMBL204
CHEMBL3216390,Cl.Cl.N=C(N)NCCCNC(=O)[C@@H]1CCCCN1C(=O)[C@@H](CC1CCCCC1)NCC(=O)O,CHEMBL204
CHEMBL337365,COC(=O)c1ccccc1CS(=O)(=O)N[C@H]1CCCCN(CC(=O)N[C@H]2CCCC(C(=N)N)C2O)C1=O,CHEMBL204
CHEMBL328772,N=C(N)c1ccc2[nH]c(-c3cccc(Br)c3O)cc2c1,CHEMBL204
CHEMBL92883,N=C(N)c1ccc2[nH]c(-c3cc(Cl)cc(-c4ccccc4)c3O)cc2c1,CHEMBL204
CHEMBL416795,NC1CCC(CNC(=O)[C@@H]2CCCN2C(=O)[C@H](N)C(c2ccccc2)c2ccccc2)CC1,CHEMBL204
CHEMBL75190,NCCCCC(NC(=O)C1C=CCn2c(=O)n(CC(c3ccccc3)c3ccccc3)c(=O)n21)C(=O)C(=O)NCCc1ccc(C(N)=O)cc1,CHEMBL204
CHEMBL23813,O=S(=O)(Nc1cccc(OCCNc2ccncc2)c1)c1ccccc1,CHEMBL204
CHEMBL264370,N=C(N)NCCC[C@H](NC(=O)c1ccc(-c2ccccc2)cc1)B(O)O,CHEMBL204
CHEMBL289318,Cc1cc(-c2ccccc2)ccc1C(=O)N[C@@H](CCCN=C(N)N)B1O[C@@H]2CC3CC(C3(C)C)[C@]2(C)O1,CHEMBL204
CHEMBL309360,CC1=CC(C(=O)NC(CCCCN)C(=O)C(=O)NCCc2ccc(C(N)=O)cc2)N2C(=O)C(CC(C)C)(CC(C)C)C(=O)N2C1,CHEMBL204
CHEMBL276880,CC1(C)C2CC1[C@]1(C)OB([C@H](CCCN=C(N)N)NC(=O)c3ccc(-c4ccccc4)cc3)O[C@@H]1C2,CHEMBL204
CHEMBL434971,CC1(C)C2CC1[C@]1(C)OB([C@H](CCCN=C(N)N)NC(=O)Cc3ccc(-c4ccccc4)cc3)O[C@@H]1C2,CHEMBL204
CHEMBL316334,N=C(N)c1ccc2[nH]c(-c3cc([N+](=O)[O-])cc(Br)c3O)cc2c1,CHEMBL204
CHEMBL306797,CC1=CC(C(=O)NC(CCCCN)C(=O)C(=O)NCCc2ccc(C(N)=O)cc2)n2c(=O)n(CC(c3ccccc3)c3ccccc3)c(=O)n2C1,CHEMBL204
CHEMBL75569,CC1=CC(C(=O)NC(CCCCN)C(=O)C(=O)NCc2ccc(C(N)=O)cc2)N2C(=O)C(N)(Cc3ccccc3)C(=O)N2C1,CHEMBL204
CHEMBL25835,O=C(CNS(=O)(=O)c1ccc2ccccc2c1)N[C@H](CCNc1ccncc1)C(=O)N1CCCCC1,CHEMBL204
CHEMBL282549,CN(c1cccc(OCCNc2ccncc2)c1)S(=O)(=O)c1ccccc1,CHEMBL204
CHEMBL296663,CC1(C)C2CC1[C@]1(C)OB([C@H](CCCN=C(N)N)NC(=O)c3ccc(-c4ccccc4)cc3N)O[C@@H]1C2,CHEMBL204
CHEMBL290376,CC(=O)N[C@H](Cc1ccccc1)C(=O)N1CCC[C@H]1C(=O)N[C@@H](CCCN=C(N)N)B(O)O,CHEMBL204
CHEMBL263204,CC1(C)C2CC1[C@]1(C)OB([C@H](CCCN=C(N)N)NC(=O)c3ccc(-c4ccccc4)c([N+](=O)[O-])c3)O[C@@H]1C2,CHEMBL204
CHEMBL423543,CN[C@H](Cc1ccccc1)C(=O)N1CCC[C@@H]1C(=O)N[C@H]1CCCC(C(=N)N)C1O,CHEMBL204
CHEMBL289147,CC1(C)C2CC1[C@]1(C)OB([C@H](CCCN=C(N)N)NC(=O)c3ccc(-c4ccccc4)c(N)c3)O[C@@H]1C2,CHEMBL204
CHEMBL94775,N=C(N)c1ccc2[nH]c(-c3cc([N+](=O)[O-])cc(-c4ccccc4)c3O)cc2c1,CHEMBL204
CHEMBL273264,N=C(N)Nc1ccc(C(=O)Oc2ccc3cc(C(=N)N)ccc3c2)cc1,CHEMBL204
CHEMBL334454,CC(C(=O)N[C@H]1CCCC(C(=N)N)C1O)N1CCC[C@H](NS(=O)(=O)Cc2ccccc2)C1=O,CHEMBL204
CHEMBL141574,CCCC(CCC)C(=O)N[C@@H](CC(=O)OC)C(=O)N1CCC[C@@H]1C(=O)N[C@H]1CCCC(C(=N)N)C1O,CHEMBL204
CHEMBL312452,CC1=CC(C(=O)NC(CCCCN)C(=O)C(=O)NCCc2ccc(C(N)=O)cc2)N2C(=O)C(Cc3ccccc3)(Cc3ccccc3)C(=O)N2C1,CHEMBL204
CHEMBL140494,N=C(N)C1CCC[C@H](NC(=O)CN2CCC[C@H](NS(=O)(=O)Cc3ccccc3)C2=O)C1O,CHEMBL204
CHEMBL140494,N=C(N)C1CCC[C@H](NC(=O)CN2CCC[C@H](NS(=O)(=O)Cc3ccccc3)C2=O)C1O,CHEMBL204
CHEMBL307587,CCCCC1(CCCC)C(=O)N2CC(C)=CC(C(=O)NC(CCCCN)C(=O)C(=O)NCCc3ccc(C(N)=O)cc3)N2C1=O,CHEMBL204
CHEMBL290212,CCN(CC)S(=O)(=O)c1ccccc1-c1ccc(C(=O)N[C@@H](CCCN=C(N)N)B2O[C@@H]3CC4CC(C4(C)C)[C@]3(C)O2)c(C)c1,CHEMBL204
CHEMBL42852,Cc1cc(-c2ccccc2)ccc1C(=O)N[C@@H](CCCCN)B1O[C@@H]2CC3CC(C3(C)C)[C@]2(C)O1,CHEMBL204
CHEMBL343805,N=C(N)C1CCC[C@H](NC(=O)CN2CCCC[C@H](NS(=O)(=O)Cc3ccccc3)C2=O)C1O,CHEMBL204
CHEMBL288071,CC(C)(C)OC(=O)N[C@@H](C(=O)N1CCC[C@H]1C(=O)NCC1CCC(N)CC1)C(C1CCCCC1)C1CCCCC1,CHEMBL204
CHEMBL418071,Cc1cc(-c2ccccc2S(N)(=O)=O)ccc1C(=O)N[C@@H](CCCN=C(N)N)B1O[C@@H]2CC3CC(C3(C)C)[C@]2(C)O1,CHEMBL204
CHEMBL139656,N=C(N)C1CCC[C@H](NC(=O)CN2CCC[C@@H](NS(=O)(=O)Cc3ccccc3)C2=O)C1O,CHEMBL204
CHEMBL290720,CC(C)(C)OC(=O)Nc1cccc(-c2cccc(C(=O)N[C@@H](CCCN=C(N)N)B3O[C@@H]4CC5CC(C5(C)C)[C@]4(C)O3)c2)c1,CHEMBL204
CHEMBL330234,N=C(N)c1ccc2[nH]c(-c3cc(Br)cc(Br)c3O)cc2c1,CHEMBL204
CHEMBL41152,Cc1cc(-c2ccccc2C(F)(F)F)ccc1C(=O)N[C@@H](CCCN=C(N)N)B1O[C@@H]2CC3CC(C3(C)C)[C@]2(C)O1,CHEMBL204
CHEMBL276881,CC(C)(C)OC(=O)Nc1cccc(-c2ccc(C(=O)N[C@@H](CCCN=C(N)N)B3O[C@@H]4CC5CC(C5(C)C)[C@]4(C)O3)s2)c1,CHEMBL204
CHEMBL297535,CC1(C)C2CC1[C@]1(C)OB([C@H](CCCN=C(N)N)NC(=O)c3ccc(-c4ccccc4)cc3[N+](=O)[O-])O[C@@H]1C2,CHEMBL204
CHEMBL40407,CC1(C)C2CC1[C@]1(C)OB([C@H](CCCN=C(N)N)NC(=O)c3ccc(-c4ccncc4)cc3)O[C@@H]1C2,CHEMBL204
CHEMBL1166,CC1CNc2c(cccc2S(=O)(=O)N[C@@H](CCCNC(=N)N)C(=O)N2CC[C@@H](C)C[C@@H]2C(=O)O)C1,CHEMBL204
CHEMBL139280,NCCCC[C@H](NC(=O)[C@@H]1CCCN1C(=O)[C@H](N)Cc1ccccc1)C(=O)C(=O)O,CHEMBL204
CHEMBL2370421,N=C(N)NCCC[C@@H](C=O)NC(=O)[C@@H]1CCCN1C(=O)[C@@H]1NCCc2ccccc21,CHEMBL204
CHEMBL2370424,N=C(N)NCCC[C@@H](C=O)NC(=O)[C@@H]1CCCN1C(=O)[C@H]1Cc2ccccc2CN1,CHEMBL204
CHEMBL342632,NCCCC[C@H](NC(=O)[C@@H]1CCCN1C(=O)CC(c1ccccc1)c1ccccc1)C(=O)c1nccs1,CHEMBL204
CHEMBL139242,CC(C)OC(=O)C(=O)[C@H](CCCCN)NC(=O)[C@@H]1CCCN1C(=O)[C@@H](CC1CCCCC1)NCC(=O)O,CHEMBL204
CHEMBL2448350,CC(C)(C)OC(=O)N1C[C@H](C(=O)N2CCC[C@H]2C(=O)N[C@@H](CCCCN)B2O[C@@H]3C[C@@H]4C[C@@H](C4(C)C)[C@]3(C)O2)[C@@H](c2cccc(C(F)(F)F)c2)C1.Cl,CHEMBL204
CHEMBL2448353,CC(C)(C)OC(=O)N1C[C@@H](C(=O)N2CCC[C@H]2C(=O)N[C@@H](CCCCN)B2O[C@@H]3C[C@@H]4C[C@@H](C4(C)C)[C@]3(C)O2)[C@H](c2cccc(C(F)(F)F)c2)C1.Cl,CHEMBL204
CHEMBL1166,CC1CNc2c(cccc2S(=O)(=O)N[C@@H](CCCNC(=N)N)C(=O)N2CC[C@@H](C)C[C@@H]2C(=O)O)C1,CHEMBL204
CHEMBL19080,Cc1nc(N)ccc1CNC(=O)Cn1c(C)cnc(NCCc2ccccc2)c1=O,CHEMBL204
CHEMBL353213,Cc1cnc(NCCc2ccccc2)c(=O)n1CC(=O)NCc1ccc2nccn2c1C,CHEMBL204
CHEMBL324413,N=C(N)NCCC[C@H](NC(=O)[C@@H]1CC[C@H]2CN(C(=O)CCc3ccccc3)CC(=O)N21)C(=O)c1nccs1,CHEMBL204
CHEMBL104472,CC(C)(C)OC(=O)N[C@H](Cc1ccccc1)C(=O)N1CCC[C@H]1C(=O)N[C@H](C=O)CCCN=C(N)N,CHEMBL204
CHEMBL2370416,CC(C)(C)OC(=O)N[C@H](C(=O)N1CCC[C@H]1C(=O)N[C@H](C=O)CCCN=C(N)N)c1ccc(F)cc1,CHEMBL204
CHEMBL169291,N=C(N)NCCC[C@H](NC(=O)[C@@H]1CC[C@H]2CN(C(=O)CCc3ccccc3)CC(=O)N21)C(=O)c1nc2c(s1)CCC2,CHEMBL204
CHEMBL256396,Cn1c(C(=O)[C@H](CCCNC(=N)N)NC(=O)[C@@H]2CC[C@H]3CN(C(=O)CCc4ccccc4)CC(=O)N32)nc2ccccc21,CHEMBL204
CHEMBL108670,CC(C)(C)OC(=O)NC(C(=O)N1CCC[C@H]1C(=O)NC(C=O)CCCN=C(N)N)c1ccc(Cl)c(Cl)c1,CHEMBL204
CHEMBL102216,CC(C)(C)OC(=O)N[C@@H](C(=O)N1CCC[C@H]1C(=O)N[C@H](C=O)CCCN=C(N)N)c1ccc(F)cc1,CHEMBL204
CHEMBL110898,CC(C)(C)OC(=O)N[C@@H](C(=O)N1CCC[C@H]1C(=O)NC(C=O)CCCN=C(N)N)c1cccc2ccccc12,CHEMBL204
CHEMBL438000,CC[C@H](C)[C@H](NC(=O)[C@H]1CCCN1C(=O)[C@H](CCC(=O)O)NC(=O)[C@@H](Cc1ccc(O)cc1)NC(=O)CC(N)C(=O)CCCCCCCNc1cccc2c(N(C)C)cccc12)C(=O)N1CCC[C@@H]1C(=O)N[C@@H](CCC(=O)O)C(=O)N[C@H](CCC(=O)O)C(=O)N[C@@H](C)C(=O)N[C@H](CC1CCCCC1)C(=O)N[C@@H](CCC(=O)O)C(=O)O,CHEMBL204
CHEMBL336523,Cc1cc(S(=O)(=O)NN2CCOC(CC(=O)NCc3ccc(C(=N)N)cc3)C2=O)c(C)cc1Cl,CHEMBL204
CHEMBL336321,Cc1ccc(C)c(S(=O)(=O)NN2CCOC(CC(=O)NCc3ccc(C(=N)N)cc3)C2=O)c1,CHEMBL204
CHEMBL138986,NCCCC[C@H](NC(=O)[C@@H]1CCCN1C(=O)[C@H](CC(=O)O)NS(=O)(=O)Cc1ccccc1)C(=O)C(=O)O,CHEMBL204
CHEMBL337780,NCCCC[C@H](NC(=O)[C@@H]1CCCCN1C(=O)[C@@H](CC1CCCCC1)NCC(=O)O)C(=O)C(=O)O,CHEMBL204
CHEMBL318998,CC(C)(C)OC(=O)N[C@@H](C(=O)N1CCC[C@H]1C(=O)N[C@H](C=O)CCCN=C(N)N)c1ccccc1,CHEMBL204
CHEMBL342850,NCCCC[C@H](NC(=O)[C@@H]1CCCN1C(=O)[C@H](N)Cc1ccccc1)C(=O)c1nccs1,CHEMBL204
CHEMBL2448352,CC1(C)[C@@H]2C[C@H]3OB([C@H](CCCCN)NC(=O)[C@@H]4CCCN4C(=O)[C@@H]4CNC[C@H]4c4cccc(C(F)(F)F)c4)O[C@@]3(C)[C@H]1C2.Cl.Cl,CHEMBL204
CHEMBL167550,Cc1cnc(NCCc2ccccc2)c(=O)n1CC(=O)NCc1ccc2nccn2c1,CHEMBL204
CHEMBL107598,CO[C@H](C(=O)N1CCC[C@H]1C(=O)NC(C=O)CCCN=C(N)N)c1ccccc1,CHEMBL204
CHEMBL169067,Cc1csc(C(=O)C(CCCN=C(N)N)NC(=O)[C@@H]2CC[C@H]3CN(C(=O)CCc4ccccc4)CC(=O)N32)n1,CHEMBL204
CHEMBL109109,CC(C)(C)OC(=O)N[C@H](C(=O)N1CCC[C@H]1C(=O)NC(C=O)CCCN=C(N)N)c1cccc2ccccc12,CHEMBL204
CHEMBL321322,CC(C)(C)OC(=O)N[C@@H](C(=O)N1CCC[C@H]1C(=O)N[C@H](C=O)CCCN=C(N)N)c1ccc(O)cc1,CHEMBL204
CHEMBL138267,NCCCC[C@H](NC(=O)[C@@H]1CCN1C(=O)[C@@H](CC1CCCCC1)NCC(=O)O)C(=O)C(=O)O,CHEMBL204
CHEMBL128437,COc1ccc(OC)c(S(=O)(=O)NN2CCOC(CC(=O)NCc3ccc(C(=N)N)cc3)C2=O)c1,CHEMBL204
CHEMBL327741,CC12OB(C(CCCCN)NC(=O)[C@@H]3CCCN3C(=O)[C@H]3CCCC[C@@H]3c3ccccc3)OC1C[C@@H]1C[C@H]2C1(C)C,CHEMBL204
CHEMBL2370858,NC(N)=NCCC[C@H](NC(=O)[C@@H]1CCCN1C(=O)[C@@H](N)Cc1ccccc1)C(=O)c1nccs1,CHEMBL204
CHEMBL215927,COCCOCOc1cc(Cc2cc(OC)c(Cc3cc(OC)c(Cc4cc(OC)c(Cc5cc(OC)c(Cc6cc(OC)ccc6OCC(=O)O)cc5OCOCCOC)cc4OCC(=O)O)cc3OCOCCOC)cc2OCC(=O)O)c(OC)cc1C,CHEMBL204
CHEMBL544760,CC1CNc2c(cccc2S(=O)(=O)N[C@H]2CCC[C@H]3CC[C@@H](C(=O)N[C@H]4CCCN(C(=N)N)C4O)N3C2=O)C1.Cl,CHEMBL204
CHEMBL336048,NCCCC[C@H](NC(=O)[C@@H]1CCCN1C(=O)[C@H](N)CC1CCCCC1)C(=O)c1nccs1,CHEMBL204
CHEMBL556036,Cl.N=C(N)N1CCC[C@H](NC(=O)[C@@H]2CC[C@@H]3CCC[C@H](NS(=O)(=O)Cc4ccccc4)C(=O)N32)C1O,CHEMBL204
CHEMBL2370418,CC(C)(C)OC(=O)N[C@@H](C(=O)N1CCC[C@H]1C(=O)N[C@H](C=O)CCCN=C(N)N)c1ccsc1,CHEMBL204
CHEMBL323963,C[C@H](C(=O)N1CCC[C@H]1C(=O)NC(C=O)CCCN=C(N)N)c1ccccc1,CHEMBL204
CHEMBL439487,CC[C@H](C)[C@H](NC(=O)[C@H]1CCCN1C(=O)[C@H](CCC(=O)O)NC(=O)[C@@H](Cc1ccc(O)cc1)NC(=O)CCC(=O)O)C(=O)N1CCC[C@@H]1C(=O)N[C@@H](CCC(=O)O)C(=O)N[C@H](CCC(=O)O)C(=O)N[C@@H](C)C(=O)N[C@H](CC1CCCCC1)C(=O)N[C@@H](CCC(=O)O)C(=O)O,CHEMBL204
CHEMBL439487,CC[C@H](C)[C@H](NC(=O)[C@H]1CCCN1C(=O)[C@H](CCC(=O)O)NC(=O)[C@@H](Cc1ccc(O)cc1)NC(=O)CCC(=O)O)C(=O)N1CCC[C@@H]1C(=O)N[C@@H](CCC(=O)O)C(=O)N[C@H](CCC(=O)O)C(=O)N[C@@H](C)C(=O)N[C@H](CC1CCCCC1)C(=O)N[C@@H](CCC(=O)O)C(=O)O,CHEMBL204
CHEMBL439713,CC[C@H](C)[C@H](NC(=O)[C@H]1CCCN1C(=O)[C@H](CCC(=O)O)NC(=O)[C@@H](Cc1ccc(O)cc1)NC(=O)CC(N)C(=O)CCCCCCCNC(=O)C1=CC(C)(C)N(O)C1(C)C)C(=O)N1CCC[C@@H]1C(=O)N[C@@H](CCC(=O)O)C(=O)N[C@H](CCC(=O)O)C(=O)N[C@@H](C)C(=O)N[C@H](CC1CCCCC1)C(=O)N[C@@H](CCC(=O)O)C(=O)O,CHEMBL204
CHEMBL344916,CCS(=O)(=O)N[C@H](CC1CCCCC1)C(=O)N1CCC[C@H]1C(=O)N[C@@H](CCCCN)C(=O)c1nccs1,CHEMBL204
CHEMBL343804,NCCCC[C@H](NC(=O)[C@@H]1CCCN1C(=O)[C@@H](CC1CCCCC1)NCC(=O)O)C(=O)C(=O)NCCc1ccccc1,CHEMBL204
CHEMBL2448354,Cl.NCCCC[C@H](NC(=O)[C@@H]1CCCN1C(=O)CCc1ccccc1)B(O)O,CHEMBL204
CHEMBL336229,NCCCC[C@H](NC(=O)[C@@H]1C=CCN1C(=O)[C@@H](CC1CCCCC1)NCC(=O)O)C(=O)C(=O)O,CHEMBL204
CHEMBL166543,N=C(N)c1cccc(CC(NC(=O)[C@@H]2CC[C@H]3CN(C(=O)CCc4ccccc4)CC(=O)N32)C(=O)c2nc3ccccc3s2)c1,CHEMBL204
CHEMBL320988,CC(C)(C)OC(=O)NC(C(=O)N1CCC[C@H]1C(=O)NC(C=O)CCCN=C(N)N)c1cccc(C(F)(F)F)c1,CHEMBL204
CHEMBL104305,NC(N)=NCCC[C@@H](C=O)NC(=O)[C@@H]1CCCN1C(=O)[C@H](N)c1ccccc1,CHEMBL204
CHEMBL355730,Cc1cnc(NCCc2ccccn2)c(=O)n1CC(=O)NCc1ccc2[nH]ccc2c1,CHEMBL204
CHEMBL319930,CC(C)(C)OC(=O)N[C@@H](C(=O)N1CCC[C@H]1C(=O)N[C@H](C=O)CCCN=C(N)N)C1CCCCC1,CHEMBL204
CHEMBL110780,CC(C)(C)OC(=O)N[C@@H](C(=O)N1CCC[C@H]1C(=O)NC(C=O)CCCN=C(N)N)c1ccc2ccccc2c1,CHEMBL204
CHEMBL446372,NCCCC[C@H](NC(=O)CN(C(=O)[C@H](N)CC1CCCCC1)C1CC1)C(=O)c1nccs1,CHEMBL204
CHEMBL139051,NCCCC[C@H](NC(=O)[C@@H]1CCCN1C(=O)[C@@H](CC1CCCCC1)NCC(=O)O)C(=O)C(=O)O,CHEMBL204
CHEMBL166602,Cc1cnc(NCCc2ccccc2)c(=O)n1CC(=O)NCc1ccn2ccnc2c1,CHEMBL204
CHEMBL422387,Cc1cnc(NCCc2ccccc2)c(=O)n1CC(=O)NCc1ccc2[nH]ccc2c1,CHEMBL204
CHEMBL164924,Cc1cnc(NCCc2ccccc2)c(=O)n1CC(=O)NCc1ccc2[nH]ccc2n1,CHEMBL204
CHEMBL168176,Cc1cnc(NCCc2ccccc2)c(=O)n1CC(=O)NCc1c[nH]c2nccc-2c1,CHEMBL204
CHEMBL2448349,Cl.NCCCC[C@H](NC(=O)[C@@H]1CCCN1C(=O)CCc1cccc(C(F)(F)F)c1)B(O)O,CHEMBL204
CHEMBL105205,CN[C@@H](C(=O)N1CCC[C@H]1C(=O)N[C@H](C=O)CCCN=C(N)N)c1ccccc1,CHEMBL204
CHEMBL164333,Cc1cnc(NCCc2ccccn2)c(=O)n1CC(=O)NCc1ccc2[nH]ccc2n1,CHEMBL204
CHEMBL105205,CN[C@@H](C(=O)N1CCC[C@H]1C(=O)N[C@H](C=O)CCCN=C(N)N)c1ccccc1,CHEMBL204
CHEMBL265393,CC[C@H](C)[C@H](NC(=O)[C@H]1CCCN1C(=O)[C@H](CCC(=O)O)NC(=O)[C@@H](Cc1ccc(O)cc1)NC(=O)CC(N)C(=O)CCCCCCCNC(=O)c1ccccc1N)C(=O)N1CCC[C@@H]1C(=O)N[C@@H](CCC(=O)O)C(=O)N[C@H](CCC(=O)O)C(=O)N[C@@H](C)C(=O)N[C@H](CC1CCCCC1)C(=O)N[C@@H](CCC(=O)O)C(=O)O,CHEMBL204
CHEMBL343794,NCCCC[C@H](NC(=O)CN(C(=O)[C@@H](CC1CCCCC1)NCC(=O)O)C1CCCC1)C(=O)C(=O)O,CHEMBL204
CHEMBL69840,N=C(N)N1CCC[C@H](NC(=O)[C@@H]2CC[C@@H]3CCC[C@H](NS(=O)(=O)c4cccc5ccccc45)C(=O)N32)C1O,CHEMBL204
CHEMBL341581,NCCCC[C@H](NC(=O)[C@@H]1CCCN1C(=O)[C@@H](CC1CCCCC1)NCC(=O)O)C(=O)c1ncco1,CHEMBL204
CHEMBL3037937,Cl.NCCC[C@H](NC(=O)[C@@H]1CCCN1C(=O)[C@@H]1CCCC[C@H]1c1ccccc1)B(O)O,CHEMBL204
CHEMBL141724,NCCCC[C@H](NC(=O)[C@H](Cc1ccccc1)NC(=O)CCC(=O)[C@H](CCCN=C(N)N)NC(=O)[C@@H]1CCCN1C(=O)[C@H](N)Cc1ccccc1)C(=O)O,CHEMBL204
CHEMBL355428,Cc1nc(C(=O)[C@H](CCCN=C(N)N)NC(=O)[C@@H]2CC[C@H]3CN(C(=O)CCc4ccccc4)CC(=O)N32)sc1CCO,CHEMBL204
CHEMBL101563,Cc1cnc(NCCc2ccccc2)c(=O)n1CC(=O)NCc1ccc2[nH]cnc2c1,CHEMBL204
CHEMBL137945,NCCCC[C@H](NC(=O)[C@@H]1CCCN1C(=O)[C@@H](CC1CCCCC1)NCC(=O)O)C(=O)c1nccs1,CHEMBL204
CHEMBL139359,NCCCC[C@H](NC(=O)[C@@H]1CC2CCCCC2N1C(=O)[C@@H](CC1CCCCC1)NCC(=O)O)C(=O)C(=O)O,CHEMBL204
CHEMBL266349,N=C(N)c1ccc(CNC(=O)[C@@H]2CCN2C(=O)[C@H](NCC(=O)O)C2CCCCC2)cc1,CHEMBL204
CHEMBL355314,Cc1cnc(NCCc2ccccn2)c(=O)n1CC(=O)NCc1cc2cc[nH]c2cn1,CHEMBL204
CHEMBL327113,CC[C@H](C(=O)N1CCC[C@H]1C(=O)NC(C=O)CCCN=C(N)N)c1ccccc1,CHEMBL204
CHEMBL342672,N=C(N)NCCC[C@@H]1NC(=O)[C@@H]2CCCN2C(=O)[C@@H](NC=O)CNC(=O)/C=C/[C@H](Cc2ccc(O)cc2)NC(=O)[C@@H](Cc2ccccc2)NC(=O)C1=O,CHEMBL204
CHEMBL167755,Cc1cnc(NCCc2ccccn2)c(=O)n1CC(=O)NCc1c[nH]c2nccc-2c1,CHEMBL204
CHEMBL2448355,CC1(C)[C@@H]2C[C@H]3OB([C@H](CCCCN)NC(=O)[C@@H]4CCCN4C(=O)[C@H]4CNC[C@@H]4c4cccc(C(F)(F)F)c4)O[C@@]3(C)[C@H]1C2.Cl.Cl,CHEMBL204
CHEMBL355060,NCCCC[C@H](NC(=O)[C@@H]1CC[C@H]2CN(C(=O)CCc3ccccc3)CC(=O)N21)C(=O)c1nccs1,CHEMBL204
CHEMBL167995,Cc1cnc(NCCc2ccccc2)c(=O)n1CC(=O)NCc1cc2cc[nH]c2cn1,CHEMBL204
CHEMBL140078,NCCCC[C@H](NC(=O)[C@@H]1CCCN1C(=O)[C@H](N)CC1CCCCC1)C(=O)C(=O)O,CHEMBL204
CHEMBL338788,Cc1cc(N)nc(C)c1CNC(=O)[C@@H]1CCCN1C(=O)[C@@H](Cc1ccc(Cl)c(Cl)c1)NS(=O)(=O)Cc1ccccc1,CHEMBL204
CHEMBL331181,Nc1nc(CNC(=O)[C@@H]2CCCN2C(=O)[C@H](N)C(C2CCCCC2)C2CCCCC2)cs1,CHEMBL204
CHEMBL40043,COc1ccc2cc(S(=O)(=O)NN(Cc3cccc(C(=N)N)c3)C(=O)N3CCC(C)CC3)ccc2c1,CHEMBL204
CHEMBL123142,Cc1cc(N)nc(C)c1CNC(=O)[C@@H]1CCCN1C(=O)[C@H](NC(=O)OC(C)(C)C)C(C1CCCCC1)C1CCCCC1,CHEMBL204
CHEMBL288862,N=C(N)c1ccc(CN(NS(=O)(=O)c2ccc3ccccc3c2)C(=O)N2CCCCCC2)cc1,CHEMBL204
CHEMBL19080,Cc1nc(N)ccc1CNC(=O)Cn1c(C)cnc(NCCc2ccccc2)c1=O,CHEMBL204
CHEMBL41220,N=C(N)c1ccc(CN(NS(=O)(=O)c2ccc3ccccc3c2)C(=O)N2CCCCC2)cc1,CHEMBL204
CHEMBL42091,Cc1ccc(NS(=O)(=O)Cc2ccccc2)c(=O)n1CC(=O)NCc1cc(Cl)ccc1Cl,CHEMBL204
CHEMBL331179,Nc1cc(CNC(=O)[C@@H]2CCCN2C(=O)[C@@H](Cc2ccc(Cl)c(Cl)c2)NS(=O)(=O)Cc2ccccc2)cs1,CHEMBL204
CHEMBL51173,N=C(N)c1ccc(C[C@@H](NC(=O)CNS(=O)(=O)c2ccc3ccccc3c2)C(=O)N2CCCCC2)cc1,CHEMBL204
CHEMBL296737,CCNC(=O)COc1ccc(Cl)cc1CNC(=O)Cn1c(C)ccc(NS(=O)(=O)Cc2ccccc2)c1=O,CHEMBL204
CHEMBL44226,Cc1cc(C(F)(F)F)c(N)c(=O)n1CC(=O)NCc1cc(Cl)ccc1OCC(=O)NCCCN(C)C,CHEMBL204
CHEMBL121982,Nc1ccc(CNC(=O)[C@@H]2CCCN2C(=O)[C@@H](Cc2ccc(Cl)c(Cl)c2)NS(=O)(=O)Cc2ccccc2)cn1,CHEMBL204
CHEMBL123759,O=C(NCc1ccccc1)[C@@H]1CCCN1C(=O)[C@@H](Cc1ccc(Cl)c(Cl)c1)NS(=O)(=O)Cc1ccccc1,CHEMBL204
CHEMBL421437,Nc1ccc(CNC(=O)[C@@H]2CCCN2C(=O)[C@H](N)C(C2CCCCC2)C2CCCCC2)cn1,CHEMBL204
CHEMBL43145,Cc1cc(C(F)(F)F)c(N)c(=O)n1CC(=O)NCc1cc(Cl)ccc1OCC(=O)NCCN(C)C,CHEMBL204
CHEMBL283717,N=C(N)NCCC[C@H](NC(=O)[C@@H]1CC[C@@H]2CC[C@@](N)(Cc3ccccc3)C(=O)N21)C(=O)c1nc2ccccc2s1,CHEMBL204
CHEMBL122331,CC(C)(C)OC(=O)N[C@@H](C(=O)N1CCC[C@H]1C(=O)NCc1ccc(N)nc1)C(C1CCCCC1)C1CCCCC1,CHEMBL204
CHEMBL43017,N=C(N)c1ccc(CN(NS(=O)(=O)c2ccc(-c3ccccc3)cc2)C(=O)N2CCCCCC2)cc1,CHEMBL204
CHEMBL265317,N=C(N)NCCC[C@H](NC(=O)[C@@H]1CC[C@@H]2CC[C@](N)(Cc3ccccc3)C(=O)N21)C(=O)c1nc2ccccc2s1,CHEMBL204
CHEMBL97597,CC1CCN(C(=O)C(Cc2cccc(C(=N)N)c2)NS(=O)(=O)c2ccc3ccccc3c2)CC1,CHEMBL204
CHEMBL39587,N/C(=N\O)c1ccc(CN(NS(=O)(=O)c2ccc3ccccc3c2)C(=O)N2CCCCCC2)cc1,CHEMBL204
CHEMBL37318,CC1CCN(C(=O)N(Cc2cccc(C(=N)N)c2)NS(=O)(=O)c2ccc3ccccc3c2)CC1,CHEMBL204
CHEMBL329908,COc1cc(C)c(S(=O)(=O)N[C@@H](CC(=O)OC(C)(C)C)C(=O)NC(Cc2ccc3c(N)nccc3c2)C(=O)N2CCCCC2)c(C)c1C,CHEMBL204
CHEMBL46638,CCNC(=O)COc1ccc(Cl)cc1CNC(=O)Cn1c(C)cnc(N)c1=O,CHEMBL204
CHEMBL337923,Cc1cc(N)nc(C)c1CNC(=O)[C@@H]1CCCN1C(=O)[C@H](NC(=O)OC(C)(C)C)C(c1ccccc1)c1ccccc1,CHEMBL204
CHEMBL42495,N[C@@H](C(=O)N1CCC[C@H]1C(=O)NCc1cc(Cl)ccc1Cl)C1CCCCC1,CHEMBL204
CHEMBL38626,N=C(N)c1cccc(CN(NS(=O)(=O)c2ccc3ccccc3c2)C(=O)N2CCCCCC2)c1,CHEMBL204
CHEMBL122801,Nc1ccc(CNC(=O)[C@@H]2CCCN2C(=O)[C@@H](Cc2ccc(Cl)c(Cl)c2)NS(=O)(=O)Cc2ccccc2)cc1,CHEMBL204
CHEMBL284549,N=C(N)NCCC[C@H](NC(=O)[C@@H]1CCN2CC[C@@](N)(Cc3ccccc3)C(=O)N12)C(=O)C(=O)NCCc1ccccc1,CHEMBL204
CHEMBL122601,Cc1cc(N)nc(C)c1CNC(=O)[C@@H]1CCCN1C(=O)[C@H](N)C(c1ccccc1)c1ccccc1,CHEMBL204
CHEMBL42039,CCNC(=O)COc1ccc(Cl)cc1CNC(=O)[C@@H]1CCCN1C(=O)[C@H](N)C1CCCCC1,CHEMBL204
CHEMBL296041,Cc1ccc(NS(=O)(=O)Cc2ccccc2)c(=O)n1CC(=O)NCc1cccc(Cl)c1,CHEMBL204
CHEMBL431524,CCNC(=O)COc1ccc(Cl)cc1CNC(=O)Cn1c(C)cnc(NCCc2ccccc2)c1=O,CHEMBL204
CHEMBL43641,CNC(=O)COc1ccc(Cl)cc1CNC(=O)Cn1c(C)cc(C(F)(F)F)c(N)c1=O,CHEMBL204
CHEMBL123942,Cc1cc(N)nc(C)c1CNC(=O)[C@@H]1CCCN1C(=O)[C@H](N)C(C1CCCCC1)C1CCCCC1,CHEMBL204
CHEMBL291101,COc1ccc2cc(S(=O)(=O)NN(Cc3ccc(C(=N)N)cc3)C(=O)N3CCC(C)CC3)ccc2c1,CHEMBL204
CHEMBL41947,COc1ccc2cc(S(=O)(=O)NN(Cc3cccc(C(=N)N)c3)C(=O)N3CCCCCC3)ccc2c1,CHEMBL204
CHEMBL45062,CCNC(=O)COc1ccc(Cl)cc1CNC(=O)Cn1c(C)cc(C(F)(F)F)c(N)c1=O,CHEMBL204
CHEMBL96486,Nc1ccc(CNC(=O)[C@@H]2CCCN2C(=O)[C@H](N)C(c2ccccc2)c2ccccc2)cn1,CHEMBL204
CHEMBL32182,N=C(N)NCCC[C@H](NC(=O)[C@@H]1CCN2CC[C@@](N)(Cc3ccccc3)C(=O)N12)C(=O)c1nccs1,CHEMBL204
CHEMBL39760,CC1CCCCN1C(=O)N(Cc1ccc(C(=N)N)cc1)NS(=O)(=O)c1ccc2ccccc2c1,CHEMBL204
CHEMBL125181,CN[C@H](Cc1ccccc1)C(=O)N1CCC[C@H]1C(=O)NC[C@H]1CC[C@H](N)CC1,CHEMBL204
CHEMBL122488,CC(C)(C)OC(=O)N[C@@H](C(=O)N1CCC[C@H]1C(=O)NCc1ccc(N)nc1)C(c1ccccc1)c1ccccc1,CHEMBL204
CHEMBL2448377,CC1(C)[C@@H]2C[C@H]3OB([C@H](CCCCN)NC(=O)[C@@H]4CCCN4C(=O)c4cccc(Sc5ccccc5C(F)(F)F)c4)O[C@@]3(C)[C@H]1C2.Cl,CHEMBL204
CHEMBL607008,CC(=O)N[C@H](Cc1ccccc1)C(=O)N1CCC[C@H]1C(=O)N[C@@H](CCCN=C(N)N)B(O)O.Cl,CHEMBL204
CHEMBL344993,CC1CNc2c(cccc2S(=O)(=O)NC(CCCN=C(N)N)C(=O)N2CCC(CCC(=O)NCCC(=O)O)CC2)C1,CHEMBL204
CHEMBL2448365,CC1(C)[C@@H]2C[C@H]3OB([C@H](CCCCN)NC(=O)[C@@H]4CCCN4C(=O)c4cccc(Cc5ccccc5C(F)(F)F)c4)O[C@@]3(C)[C@H]1C2.Cl,CHEMBL204
CHEMBL82032,N=C(N)N1CCC[C@H](NC(=O)CN2CCCC[C@H](NS(=O)(=O)Cc3ccccc3)C2=O)C1O,CHEMBL204
CHEMBL2448363,CC1(C)[C@@H]2C[C@H]3OB([C@H](CCCCN)NC(=O)[C@@H]4CCCN4C(=O)c4cccc(Cc5ccc(C(F)(F)F)cc5)c4)O[C@@]3(C)[C@H]1C2.Cl,CHEMBL204
CHEMBL13151,O=C([C@@H](NS(=O)(=O)c1cnccc1N[C@H](CO)Cc1ccccc1)c1ccc(O)cc1)N1CCC(CCF)CC1,CHEMBL204
CHEMBL320213,Cc1cc(C)cc(C(C)(C)CN(CC(=O)NC(CCCN=C(N)N)B(O)O)C(=O)CCc2ccccc2)c1,CHEMBL204
CHEMBL342083,CC1CNc2c(cccc2S(=O)(=O)NC(CCCN=C(N)N)C(=O)N2CCC(CCCl)CC2)C1,CHEMBL204
CHEMBL139606,CC(=O)NCCC1CCN(C(=O)C(CCCN=C(N)N)NS(=O)(=O)c2cccc3c2NCC(C)C3)CC1,CHEMBL204
CHEMBL2448359,CSc1ccccc1Cc1cccc(C(=O)N2CCC[C@H]2C(=O)N[C@@H](CCCCN)B2O[C@@H]3C[C@@H]4C[C@@H](C4(C)C)[C@]3(C)O2)c1.Cl,CHEMBL204
CHEMBL79422,N=C(N)N1CCC[C@H](NC(=O)CN2CCC[C@@](N)(Cc3ccccc3)C2=O)C1O.O=C(O)C(F)(F)F,CHEMBL204
CHEMBL102779,Cc1cc(C)cc(CCN(CC(=O)NC(CCC/N=C/N)B(O)O)C(=O)CCc2ccccc2)c1,CHEMBL204
CHEMBL2448373,CC1(C)[C@@H]2C[C@H]3OB([C@H](CCCCN)NC(=O)[C@@H]4CCCN4C(=O)c4cccc(Oc5ccccc5)c4)O[C@@]3(C)[C@H]1C2.Cl,CHEMBL204
CHEMBL102385,N=C(N)NCCCC(NC(=O)CN(CC1(c2ccccc2)CC1)C(=O)CCc1ccccc1)B(O)O,CHEMBL204
CHEMBL431056,NCCCCC(NC(=O)CN(CC1(c2ccccc2)CCCC1)C(=O)CCc1ccccc1)B(O)O,CHEMBL204
CHEMBL99630,C/C(=C1\CC(=O)N(c2ccc(C(C)(C)C)cc2)C1=O)c1cccc(C(=N)N)c1,CHEMBL204
CHEMBL1160045,N=C(N)c1ccc(CNC(=O)[C@@H]2C=CCN2C(=O)[C@@H](CC2CCCCC2)NCC(=O)O)s1.O=C(O)C(F)(F)F.O=C(O)C(F)(F)F,CHEMBL204
CHEMBL38927,N=C(N)N1CCC[C@H](NC(=O)CN2CCC[C@H](NS(=O)(=O)Cc3ccccc3)C2=O)C1O,CHEMBL204
CHEMBL431782,N=C(N)N1CCC[C@H](NC(=O)CN2CCC(NS(=O)(=O)Cc3ccccc3)C2=O)C1O,CHEMBL204
CHEMBL105393,N/C=N/CCCC(NC(=O)CN(CCc1ccccc1)C(=O)CCc1ccccc1)B(O)O,CHEMBL204
CHEMBL13265,O=C([C@@H](NS(=O)(=O)c1cnccc1N[C@H](CO)Cc1ccccc1)c1ccc(O)c(O)c1)N1CCC(CCF)CC1,CHEMBL204
CHEMBL12725,Nc1cc([C@H](NS(=O)(=O)c2cnccc2N[C@H](CO)Cc2ccccc2)C(=O)N2CCC(CCF)CC2)ccc1O,CHEMBL204
CHEMBL317639,CC(C)(CN(CC(=O)NC(CCC/N=C/N)B(O)O)C(=O)CCc1ccccc1)c1ccccc1,CHEMBL204
CHEMBL104331,N/C=N/CCCC(NC(=O)CN(CC1(c2ccccc2)CC1)C(=O)CCc1ccccc1)B(O)O,CHEMBL204
CHEMBL2448362,CC1(C)[C@@H]2C[C@H]3OB([C@H](CCCCN)NC(=O)[C@@H]4CCCN4C(=O)c4cccc(Cc5ccc6c(c5)OCO6)c4)O[C@@]3(C)[C@H]1C2.Cl,CHEMBL204
CHEMBL274142,COc1ccc([C@H](NS(=O)(=O)c2cnccc2N[C@H](CO)Cc2ccccc2)C(=O)N2CCC(CCF)CC2)cc1,CHEMBL204
CHEMBL103078,Cc1cc(C)cc(C(C)(C)CN(CC(=O)NC(CCC/N=C/N)B(O)O)C(=O)CCc2ccccc2)c1,CHEMBL204
CHEMBL431396,N=C(N)N1CCC[C@H](NC(=O)CN2CCCC[C@@](N)(Cc3ccccc3)C2=O)C1O.O=C(O)C(F)(F)F,CHEMBL204
CHEMBL105137,CC(C)(CN(CC(=O)NC(CCCN=C(N)N)B(O)O)C(=O)CCc1ccccc1)c1ccccc1,CHEMBL204
CHEMBL2448358,CC1(C)[C@@H]2C[C@H]3OB([C@H](CCCCN)NC(=O)[C@@H]4CCCN4C(=O)c4cccc(Cc5ccccc5Br)c4)O[C@@]3(C)[C@H]1C2.Cl,CHEMBL204
CHEMBL2448376,COc1ccccc1Sc1cccc(C(=O)N2CCC[C@H]2C(=O)N[C@@H](CCCCN)B2O[C@@H]3C[C@@H]4C[C@@H](C4(C)C)[C@]3(C)O2)c1.Cl,CHEMBL204
CHEMBL3038261,CC(=O)N[C@H](Cc1ccccc1)C(=O)N1CCC[C@H]1C(=O)N[C@@H](CCCCN)B(O)O.Cl,CHEMBL204
CHEMBL81590,N=C(N)N1CCC[C@H](NC(=O)CN2CCCC[C@](N)(Cc3ccccc3)C2=O)C1O.O=C(O)C(F)(F)F,CHEMBL204
CHEMBL416528,O=C([C@@H](NS(=O)(=O)c1cnccc1N[C@H](CO)Cc1ccccc1)c1ccccn1)N1CCC(CCF)CC1,CHEMBL204
CHEMBL102916,Cc1cc(C)cc(CCN(CC(=O)NC(CCCCN)B(O)O)C(=O)CCc2ccccc2)c1,CHEMBL204
CHEMBL275268,O=C([C@@H](NS(=O)(=O)c1cnccc1N[C@H](CO)Cc1ccccc1)c1ccc2ccccc2c1)N1CCC(CCF)CC1,CHEMBL204
CHEMBL103077,Cc1cc(C)cc(CCN(CC(=O)NC(CCCN=C(N)N)B(O)O)C(=O)CCc2ccccc2)c1,CHEMBL204
CHEMBL2448374,CC1(C)[C@@H]2C[C@H]3OB([C@H](CCCCN)NC(=O)[C@@H]4CCCN4C(=O)c4ccccc4Oc4ccccc4)O[C@@]3(C)[C@H]1C2.Cl,CHEMBL204
CHEMBL267544,CNc1ccc([C@H](NS(=O)(=O)c2cnccc2N[C@H](CO)Cc2ccccc2)C(=O)N2CCC(CCF)CC2)cc1,CHEMBL204
CHEMBL105212,CC(C)(CN(CC(=O)NC(CCCCN)B(O)O)C(=O)CCc1ccccc1)c1ccccc1,CHEMBL204
CHEMBL2448364,CC1(C)[C@@H]2C[C@H]3OB([C@H](CCCCN)NC(=O)[C@@H]4CCCN4C(=O)c4cccc(Cc5ccccc5)c4)O[C@@]3(C)[C@H]1C2.Cl,CHEMBL204
CHEMBL2448366,COc1ccccc1S(=O)(=O)c1cccc(C(=O)N2CCC[C@H]2C(=O)N[C@@H](CCCCN)B2O[C@@H]3C[C@@H]4C[C@@H](C4(C)C)[C@]3(C)O2)c1.Cl,CHEMBL204
CHEMBL12425,O=C([C@@H](NS(=O)(=O)c1cnccc1N[C@H](CO)Cc1ccccc1)c1cscn1)N1CCC(CCF)CC1,CHEMBL204
CHEMBL319050,Cc1cc(C)cc(C(C)(C)CN(CC(=O)NC(CCCCN)B(O)O)C(=O)CCc2ccccc2)c1,CHEMBL204
CHEMBL2448371,Cc1ccccc1Cc1cccc(C(=O)N2CCC[C@H]2C(=O)N[C@@H](CCCCN)B2O[C@@H]3C[C@@H]4C[C@@H](C4(C)C)[C@]3(C)O2)c1.Cl,CHEMBL204
CHEMBL274570,O=C([C@@H](NS(=O)(=O)c1cnccc1N[C@H](CO)Cc1ccccc1)c1ccccc1)N1CCC(CCF)CC1,CHEMBL204
CHEMBL2448375,COc1ccc(Sc2cccc(C(=O)N3CCC[C@H]3C(=O)N[C@@H](CCCCN)B3O[C@@H]4C[C@@H]5C[C@@H](C5(C)C)[C@]4(C)O3)c2)cc1.Cl,CHEMBL204
CHEMBL79832,CS(=O)(=O)NC1(Cc2ccccc2)CCCN(CC(=O)N[C@H]2CCCN(C(=N)N)C2O)C1=O.O=C(O)C(F)(F)F,CHEMBL204
CHEMBL276481,N=C(N)NCC[C@H](NS(=O)(=O)c1cnccc1N[C@H](CO)Cc1ccccc1)C(=O)N1CCC(CCF)CC1,CHEMBL204
CHEMBL320019,NCCCCC(NC(=O)CN(CC1(c2ccccc2)CC1)C(=O)CCc1ccccc1)B(O)O,CHEMBL204
CHEMBL2448372,CC1(C)[C@@H]2C[C@H]3OB([C@H](CCCCN)NC(=O)[C@@H]4CCCN4C(=O)c4cccc(Cc5cccc(C(F)(F)F)c5)c4)O[C@@]3(C)[C@H]1C2.Cl,CHEMBL204
CHEMBL2448367,CC1(C)[C@@H]2C[C@H]3OB([C@H](CCCCN)NC(=O)[C@@H]4CCCN4C(=O)c4cccc(S(=O)(=O)c5ccccc5)c4)O[C@@]3(C)[C@H]1C2.Cl,CHEMBL204
CHEMBL79640,N=C(N)N1CCC[C@H](NC(=O)CN2CCC[C@](N)(Cc3ccccc3)C2=O)C1O.O=C(O)C(F)(F)F,CHEMBL204
CHEMBL274124,O=C([C@@H](NS(=O)(=O)c1cnccc1N[C@H](CO)Cc1ccccc1)c1ccc2c(c1)OCO2)N1CCC(CCF)CC1,CHEMBL204
CHEMBL102930,N/C=N/CCCC(NC(=O)CN(CC1(c2ccccc2)CCCC1)C(=O)CCc1ccccc1)B(O)O,CHEMBL204
CHEMBL2448360,CC1(C)[C@@H]2C[C@H]3OB([C@H](CCCCN)NC(=O)[C@@H]4CCCN4C(=O)c4ccc(Cc5ccccc5)cc4)O[C@@]3(C)[C@H]1C2.Cl,CHEMBL204
CHEMBL12506,Nc1ccc([C@H](NS(=O)(=O)c2cnccc2N[C@H](CO)Cc2ccccc2)C(=O)N2CCC(CCF)CC2)cc1,CHEMBL204
CHEMBL419734,NCCCCC(NC(=O)CN(CCc1ccccc1)C(=O)CCc1ccccc1)B(O)O,CHEMBL204
CHEMBL2448356,CC1(C)[C@@H]2C[C@H]3OB([C@H](CCCCN)NC(=O)[C@@H]4CCCN4C(=O)c4ccccc4Cc4ccccc4)O[C@@]3(C)[C@H]1C2.Cl,CHEMBL204
CHEMBL2448357,CC1(C)[C@@H]2C[C@H]3OB([C@H](CCCCN)NC(=O)[C@@H]4CCCN4C(=O)c4cccc(Cc5cccc(F)c5)c4)O[C@@]3(C)[C@H]1C2.Cl,CHEMBL204
CHEMBL607008,CC(=O)N[C@H](Cc1ccccc1)C(=O)N1CCC[C@H]1C(=O)N[C@@H](CCCN=C(N)N)B(O)O.Cl,CHEMBL204
CHEMBL2448354,Cl.NCCCC[C@H](NC(=O)[C@@H]1CCCN1C(=O)CCc1ccccc1)B(O)O,CHEMBL204
CHEMBL420790,CN(C(=O)[C@H](Cc1ccc(CN)cc1)NS(=O)(=O)c1ccc2c(c1)CCCC2)C1CCCC1,CHEMBL204
CHEMBL11157,Cc1nc(N)ccc1CNC(=O)Cn1c(C)ccc(NS(=O)(=O)Cc2ccccc2)c1=O,CHEMBL204
CHEMBL19359,Cc1cnc(NCCc2ccccc2)c(=O)n1CC(=O)NCc1ccc(C(=N)N)cc1,CHEMBL204
CHEMBL288407,Cc1ccc(CCC(NC(=O)[C@@H]2CCCN2C(=O)[C@H](Cc2ccccc2)NC(=O)OCc2ccccc2)B2O[C@@H]3CC4CC(C4(C)C)[C@]3(C)O2)cc1,CHEMBL204
CHEMBL19666,Cc1ccc(NS(=O)(=O)Cc2ccccc2)c(=O)n1CC(=O)NCc1ccc(C(=N)N)s1,CHEMBL204
CHEMBL19241,Cc1ccc(NS(=O)(=O)Cc2ccccc2)c(=O)n1CC(=O)NCc1cnc(N)cn1,CHEMBL204
CHEMBL19548,Cc1cnc(NCCc2ccccc2)c(=O)n1CC(=O)NC[C@@H]1CNC(N)=N[C@@H]1C,CHEMBL204
CHEMBL431115,COCCC(NC(=O)[C@@H]1CCCN1C(=O)[C@H](Cc1ccccc1)NC(=O)OCc1ccccc1)B1O[C@@H]2CC3CC(C3(C)C)[C@]2(C)O1,CHEMBL204
CHEMBL3349045,COCCC[C@@H](NC(=O)[C@@H]1CCCN1C(=O)[C@@H](Cc1ccccc1)NC(=O)OCc1ccccc1)B1O[C@@H]2CC3CC(C3(C)C)[C@]2(C)O1,CHEMBL204
CHEMBL3349045,COCCC[C@@H](NC(=O)[C@@H]1CCCN1C(=O)[C@@H](Cc1ccccc1)NC(=O)OCc1ccccc1)B1O[C@@H]2CC3CC(C3(C)C)[C@]2(C)O1,CHEMBL204
CHEMBL288175,CC1(C)C2CC1[C@]1(C)OB(C(CCC3OCCO3)NC(=O)[C@@H]3CCCN3C(=O)[C@H](Cc3ccccc3)NC(=O)OCc3ccccc3)O[C@@H]1C2,CHEMBL204
CHEMBL7962,CN(C(=O)[C@H](Cc1ccc(C(=N)NN)cc1)NS(=O)(=O)c1ccc2ccccc2c1)C1CCCC1,CHEMBL204
CHEMBL19811,Cc1ccc(NS(=O)(=O)Cc2ccccc2)c(=O)n1CC(=O)NCC1CN=C(N)NC1,CHEMBL204
CHEMBL291261,CCC(C)(C)C(NC(=O)[C@@H]1CCCN1C(=O)[C@@H](NC(=O)OCc1ccccc1)C(c1ccccc1)c1ccccc1)B1O[C@@H]2CC3CC(C3(C)C)[C@]2(C)O1,CHEMBL204
CHEMBL291261,CCC(C)(C)C(NC(=O)[C@@H]1CCCN1C(=O)[C@@H](NC(=O)OCc1ccccc1)C(c1ccccc1)c1ccccc1)B1O[C@@H]2CC3CC(C3(C)C)[C@]2(C)O1,CHEMBL204
CHEMBL291261,CCC(C)(C)C(NC(=O)[C@@H]1CCCN1C(=O)[C@@H](NC(=O)OCc1ccccc1)C(c1ccccc1)c1ccccc1)B1O[C@@H]2CC3CC(C3(C)C)[C@]2(C)O1,CHEMBL204
CHEMBL17024,CCc1cccc(N(CC)C(=O)C2=CCCC2C(=O)NCc2ccc(C(=N)N)cc2)c1,CHEMBL204
CHEMBL19080,Cc1nc(N)ccc1CNC(=O)Cn1c(C)cnc(NCCc2ccccc2)c1=O,CHEMBL204
CHEMBL3349045,COCCC[C@@H](NC(=O)[C@@H]1CCCN1C(=O)[C@@H](Cc1ccccc1)NC(=O)OCc1ccccc1)B1O[C@@H]2CC3CC(C3(C)C)[C@]2(C)O1,CHEMBL204
CHEMBL314585,CN(C(=O)[C@H](Cc1ccc(CN)cc1)NS(=O)(=O)c1ccc2cc3ccccc3cc2c1)C1CCCC1,CHEMBL204
CHEMBL283555,COc1cccc(S(=O)(=O)Nc2cccn(CC(=O)NCc3ccc(C(=N)N)cc3Cl)c2=O)c1,CHEMBL204
CHEMBL279199,COc1cccc(S(=O)(=O)Nc2cccn(CC(=O)NCc3ccc(C(=N)N)cc3F)c2=O)c1,CHEMBL204
CHEMBL416912,COc1cccc(S(=O)(=O)Nc2cccn(CC(=O)NCc3ccc(C(=N)N)cc3OC)c2=O)c1,CHEMBL204
CHEMBL19644,Cc1cnc(NCCc2ccccc2)c(=O)n1CC(=O)NCc1ccc(C(=N)NO)s1,CHEMBL204
CHEMBL286606,CC1(C)C2CC1[C@]1(C)OB(C(CCCBr)NC(=O)[C@@H]3CCCN3C(=O)[C@H](Cc3ccccc3)NC(=O)OCc3ccccc3)O[C@@H]1C2,CHEMBL204
CHEMBL418050,CC1(C)C2CC1[C@]1(C)OB(C(Cc3ccccc3)NC(=O)[C@@H]3CCCN3C(=O)[C@@H](NC(=O)OCc3ccccc3)C(c3ccccc3)c3ccccc3)O[C@@H]1C2,CHEMBL204
CHEMBL418050,CC1(C)C2CC1[C@]1(C)OB(C(Cc3ccccc3)NC(=O)[C@@H]3CCCN3C(=O)[C@@H](NC(=O)OCc3ccccc3)C(c3ccccc3)c3ccccc3)O[C@@H]1C2,CHEMBL204
CHEMBL418050,CC1(C)C2CC1[C@]1(C)OB(C(Cc3ccccc3)NC(=O)[C@@H]3CCCN3C(=O)[C@@H](NC(=O)OCc3ccccc3)C(c3ccccc3)c3ccccc3)O[C@@H]1C2,CHEMBL204
CHEMBL142106,O=C(Cn1c(C(F)(F)F)cnc(NCC(F)(F)c2ccccn2)c1=O)NCc1ncccc1F,CHEMBL204
CHEMBL143139,Cc1nc(N)ccc1CNC(=O)Cn1c(C)cnc(NCC(C)(C)c2ccccc2)c1=O,CHEMBL204
CHEMBL314942,CN(C(=O)[C@H](Cc1ccc(CN)cc1)NS(=O)(=O)c1ccc(C2CCCCC2)cc1)C1CCCC1,CHEMBL204
CHEMBL419671,CN(C(=O)[C@H](Cc1ccc(CN)cc1)NS(=O)(=O)c1ccc(-c2ccccn2)s1)C1CCCC1,CHEMBL204
CHEMBL150338,NC(N)=NCCC[C@H](NC(=O)[C@@H]1CCCN1C(=O)[C@H](N)Cc1ccccc1)C(=O)c1nccs1,CHEMBL204
CHEMBL2448441,Br.CC1(C)C2CC1[C@]1(C)OB(C(CCC/C(S)=N/N)NC(=O)[C@@H]3CCCN3C(=O)[C@H](Cc3ccccc3)NC(=O)OCc3ccccc3)O[C@@H]1C2,CHEMBL204
CHEMBL266196,CN(C(=O)[C@H](Cc1ccc(CN)cc1)NS(=O)(=O)c1ccc2ccccc2c1)C1CCCC1,CHEMBL204
CHEMBL19689,Cc1cnc(NCC2(c3ccc(Cl)cc3)CCC2)c(=O)n1CC(=O)NCc1cnc(N)cn1,CHEMBL204
CHEMBL36744,COCCCC(NC(=O)[C@@H]1CCCN1C(=O)[C@@H](NC(=O)OCc1ccccc1)C(c1ccccc1)c1ccccc1)B1O[C@@H]2CC3CC(C3(C)C)[C@]2(C)O1,CHEMBL204
CHEMBL143138,Cc1nc(N)ccc1CNC(=O)Cn1c(C)cnc(NCCc2ccccn2)c1=O,CHEMBL204
CHEMBL19527,Cc1nc(N)ncc1CNC(=O)Cn1c(C)cnc(NCC(F)(F)c2ccccc2)c1=O,CHEMBL204
CHEMBL17365,CCc1cccc(N(C(=O)C2=CCCC2C(=O)NCc2ccc(C(=N)N)cc2)C2CCCCC2)c1,CHEMBL204
CHEMBL143008,Cc1nc(N)ccc1CNC(=O)Cn1c(C)cnc(NCCc2cccnc2)c1=O,CHEMBL204
CHEMBL19731,Cc1ccc(NS(=O)(=O)Cc2ccccc2)c(=O)n1CC(=O)NCc1ccc(C(=N)N)cc1,CHEMBL204
CHEMBL142153,Cc1ccnc(CNC(=O)Cn2c(C)cnc(NCC(F)(F)c3ccccc3)c2=O)c1,CHEMBL204
CHEMBL142546,Cc1nc(N)ccc1CNC(=O)Cn1c(C)cnc(NCC(F)(F)c2ccccc2)c1=O,CHEMBL204
CHEMBL313826,NCc1ccc(C[C@H](NS(=O)(=O)c2ccc3ccccc3c2)C(=O)N2CCCCC2)cc1,CHEMBL204
CHEMBL19740,Cc1cnc(NCC(F)(F)c2ccc(F)cc2)c(=O)n1CC(=O)NCc1cnc(N)cn1,CHEMBL204
CHEMBL291026,CCCCCC(NC(=O)[C@@H]1CCCN1C(=O)[C@H](Cc1ccccc1)NC(=O)OCc1ccccc1)B1O[C@@H]2CC3CC(C3(C)C)[C@]2(C)O1,CHEMBL204
CHEMBL143853,Cc1cnc(NCC(F)(F)c2ccccn2)c(=O)n1CC(=O)NCc1ccccn1,CHEMBL204
CHEMBL143418,Cc1nc(N)ccc1CNC(=O)Cn1c(C)cnc(NCC(F)(F)c2ccccn2)c1=O,CHEMBL204
CHEMBL424052,COc1ccc2cc(S(=O)(=O)N[C@@H](Cc3ccc(CN)cc3)C(=O)N(C)C3CCCC3)ccc2c1,CHEMBL204
CHEMBL342850,NCCCC[C@H](NC(=O)[C@@H]1CCCN1C(=O)[C@H](N)Cc1ccccc1)C(=O)c1nccs1,CHEMBL204
CHEMBL290577,CCC(C)(C)C(NC(=O)[C@@H]1CCCN1C(=O)[C@H](Cc1ccccc1)NC(=O)OCc1ccccc1)B1O[C@@H]2CC3CC(C3(C)C)[C@]2(C)O1,CHEMBL204
CHEMBL290577,CCC(C)(C)C(NC(=O)[C@@H]1CCCN1C(=O)[C@H](Cc1ccccc1)NC(=O)OCc1ccccc1)B1O[C@@H]2CC3CC(C3(C)C)[C@]2(C)O1,CHEMBL204
CHEMBL342994,COc1cccnc1CNC(=O)Cn1c(Cl)cnc(NCC(F)(F)c2ccccn2)c1=O,CHEMBL204
CHEMBL7656,CN(C(=O)[C@H](Cc1ccc(C(=N)N)cc1)NS(=O)(=O)c1ccc2ccccc2c1)C1CCCC1,CHEMBL204
CHEMBL287918,CCCCCC(NC(=O)[C@@H]1CCCN1C(=O)[C@@H](NC(=O)OCc1ccccc1)C(c1ccccc1)c1ccccc1)B1O[C@@H]2CC3CC(C3(C)C)[C@]2(C)O1,CHEMBL204
CHEMBL287918,CCCCCC(NC(=O)[C@@H]1CCCN1C(=O)[C@@H](NC(=O)OCc1ccccc1)C(c1ccccc1)c1ccccc1)B1O[C@@H]2CC3CC(C3(C)C)[C@]2(C)O1,CHEMBL204
CHEMBL287918,CCCCCC(NC(=O)[C@@H]1CCCN1C(=O)[C@@H](NC(=O)OCc1ccccc1)C(c1ccccc1)c1ccccc1)B1O[C@@H]2CC3CC(C3(C)C)[C@]2(C)O1,CHEMBL204
CHEMBL142224,Cc1ccnc(CNC(=O)Cn2c(C)cnc(NCC(F)(F)c3ccccn3)c2=O)c1,CHEMBL204
CHEMBL2092933,CCN(C(=O)C1=CCC[C@H]1C(=O)NCc1ccc(C(=N)N)cc1)c1cccc(OC)c1,CHEMBL204
CHEMBL19453,COc1cccc(S(=O)(=O)Nc2cccn(CC(=O)NCc3ccc(C(=N)N)cc3)c2=O)c1,CHEMBL204
CHEMBL19619,Cc1ccc(NS(=O)(=O)Cc2ccccc2)c(=O)n1CC(=O)NCc1ccc(C(=N)N)c(F)c1,CHEMBL204
CHEMBL143824,Cc1ccnc(CNC(=O)Cn2c(C)cnc(NCC(F)(F)c3ccccn3)c2=O)c1F,CHEMBL204
CHEMBL30054,O=C(Cn1c(Cl)cnc(NCC(F)(F)c2ccccn2)c1=O)NCc1ncccc1F,CHEMBL204
CHEMBL17455,CCN(C(=O)C1=CCCC1C(=O)NCc1ccc(C(=N)N)cc1)c1cc(OC)cc(OC)c1,CHEMBL204
CHEMBL145076,Cc1ncccc1CNC(=O)Cn1c(C)cnc(NCCc2ccccc2)c1=O,CHEMBL204
CHEMBL417457,Cc1cnc(NCCc2ccccc2)c(=O)n1CC(=O)NCc1ccc(C(=N)NO[Si](C)(C)C(C)(C)C)s1,CHEMBL204
CHEMBL19728,Cc1nc(N)nc(C)c1CNC(=O)Cn1c(C)ccc(NS(=O)(=O)Cc2ccccc2)c1=O,CHEMBL204
CHEMBL3349045,COCCC[C@@H](NC(=O)[C@@H]1CCCN1C(=O)[C@@H](Cc1ccccc1)NC(=O)OCc1ccccc1)B1O[C@@H]2CC3CC(C3(C)C)[C@]2(C)O1,CHEMBL204
CHEMBL356296,Cc1cnc(NCC(F)(F)c2ccccc2)c(=O)n1CC(=O)NCc1cc(Cl)ccn1,CHEMBL204
CHEMBL17636,CCN(C(=O)C1=CCCC1C(=O)NCc1ccc(C(=N)N)cc1)c1ccccc1OC,CHEMBL204
CHEMBL277695,Cc1cnc(NCCc2ccccc2)c(=O)n1CC(=O)NCc1ccc(C(=N)N)s1,CHEMBL204
CHEMBL291026,CCCCCC(NC(=O)[C@@H]1CCCN1C(=O)[C@H](Cc1ccccc1)NC(=O)OCc1ccccc1)B1O[C@@H]2CC3CC(C3(C)C)[C@]2(C)O1,CHEMBL204
CHEMBL84870,CN(C(=O)[C@H](Cc1ccc(CN)cc1)NS(=O)(=O)c1ccc(-c2ccccc2)cc1)C1CCCC1,CHEMBL204
CHEMBL417635,Cc1cnc(NCCc2ccccc2)c(=O)n1CC(=O)NCC1CN=C(N)NC1,CHEMBL204
CHEMBL275154,CCN(C(=O)C1=CCCC1C(=O)NCc1ccc(C(=N)N)cc1)c1cc(OC)ccc1OC,CHEMBL204
CHEMBL19599,N=C(N)NCCC[C@@H](NC(=O)Cn1cccc(NS(=O)(=O)Cc2ccccc2F)c1=O)C(=O)O,CHEMBL204
CHEMBL19080,Cc1nc(N)ccc1CNC(=O)Cn1c(C)cnc(NCCc2ccccc2)c1=O,CHEMBL204
CHEMBL342109,COc1ccnc(CNC(=O)Cn2c(Cl)cnc(NCC(F)(F)c3ccccn3)c2=O)c1,CHEMBL204
CHEMBL17139,CCN(C(=O)C1=CCCC1C(=O)NCc1ccc(C(=N)N)cc1)c1cccc(OC)c1,CHEMBL204
CHEMBL150960,N=C(N)NCCC[C@@H](NC(=O)[C@@H]1CCCN1C(=O)[C@@H](Cc1ccccc1)NC(=O)OCc1ccccc1)C(=O)c1nccs1,CHEMBL204
CHEMBL430545,CC1(C)C2CC1[C@]1(C)OB(C(CCCl)NC(=O)[C@@H]3CCCN3C(=O)[C@H](Cc3ccccc3)NC(=O)OCc3ccccc3)O[C@@H]1C2,CHEMBL204
CHEMBL288689,CC(C)C(NC(=O)[C@@H]1CCCN1C(=O)[C@@H](NC(=O)OCc1ccccc1)C(c1ccccc1)c1ccccc1)B1O[C@@H]2CC3CC(C3(C)C)[C@]2(C)O1,CHEMBL204
CHEMBL341909,Cc1ccnc(CNC(=O)Cn2c(C)cnc(NCC(F)(F)c3ccccc3)c2=O)c1F,CHEMBL204
CHEMBL291026,CCCCCC(NC(=O)[C@@H]1CCCN1C(=O)[C@H](Cc1ccccc1)NC(=O)OCc1ccccc1)B1O[C@@H]2CC3CC(C3(C)C)[C@]2(C)O1,CHEMBL204
CHEMBL291026,CCCCCC(NC(=O)[C@@H]1CCCN1C(=O)[C@H](Cc1ccccc1)NC(=O)OCc1ccccc1)B1O[C@@H]2CC3CC(C3(C)C)[C@]2(C)O1,CHEMBL204
CHEMBL291026,CCCCCC(NC(=O)[C@@H]1CCCN1C(=O)[C@H](Cc1ccccc1)NC(=O)OCc1ccccc1)B1O[C@@H]2CC3CC(C3(C)C)[C@]2(C)O1,CHEMBL204
CHEMBL421880,CN(C)c1cccc2c(S(=O)(=O)N[C@@H](Cc3ccc(CN)cc3)C(=O)N(C)C3CCCC3)cccc12,CHEMBL204
CHEMBL431292,Cc1ccc(NS(=O)(=O)Cc2ccccc2F)c(=O)n1CC(=O)N[C@H](CCCN=C(N)N)C(=O)O,CHEMBL204
CHEMBL282028,Cc1cnc(NCC(F)(F)c2ccccc2)c(=O)n1CC(=O)NCc1cnc(N)cn1,CHEMBL204
CHEMBL143879,Cc1cnc(NCC(F)(F)c2ccccc2)c(=O)n1CC(=O)NCc1ncccc1F,CHEMBL204
CHEMBL150787,CC(C)[C@@H](NC(=O)[C@H](N)Cc1ccccc1)C(=O)N[C@@H](CCCN=C(N)N)C(=O)c1nccs1,CHEMBL204
CHEMBL142776,O=C(Cn1c(Cl)cnc(NCC(F)(F)c2ccccn2)c1=O)NCc1ncccc1Cl,CHEMBL204
CHEMBL19700,Cc1nc(N)ncc1CNC(=O)Cn1c(C)ccc(NS(=O)(=O)Cc2cccc3c2OCCO3)c1=O,CHEMBL204
CHEMBL3349045,COCCC[C@@H](NC(=O)[C@@H]1CCCN1C(=O)[C@@H](Cc1ccccc1)NC(=O)OCc1ccccc1)B1O[C@@H]2CC3CC(C3(C)C)[C@]2(C)O1,CHEMBL204
CHEMBL141889,Cc1cnc(NCC(F)(F)c2ccccn2)c(=O)n1CC(=O)NCc1ncccc1F,CHEMBL204
CHEMBL142370,Cc1ccnc(CNC(=O)Cn2c(Cl)cnc(NCC(F)(F)c3ccccn3)c2=O)c1,CHEMBL204
CHEMBL283945,Cc1nc(N)ncc1CNC(=O)Cn1c(C)ccc(NS(=O)(=O)Cc2ccccc2)c1=O,CHEMBL204
CHEMBL142240,Cc1ccnc(CNC(=O)Cn2c(Cl)cnc(NCC(F)(F)c3ccccn3)c2=O)c1F,CHEMBL204
CHEMBL316205,CN(C(=O)[C@H](Cc1ccc(CN)cc1)NS(=O)(=O)c1ccc2c(c1)CCCCC2)C1CCCC1,CHEMBL204
CHEMBL19798,COc1cccc(S(=O)(=O)Nc2cccn(CC(=O)NCc3nc(C(=N)N)cs3)c2=O)c1,CHEMBL204
CHEMBL19037,Cc1ccc(NS(=O)(=O)Cc2ccccc2)c(=O)n1CC(=O)NCc1nc(CN)cs1,CHEMBL204
CHEMBL288176,CCC(C)(C)C(NC(=O)[C@@H]1CCCN1C(=O)[C@H](Cc1ccc2ccccc2c1)NC(=O)OCc1ccccc1)B1O[C@@H]2CC3CC(C3(C)C)[C@]2(C)O1,CHEMBL204
CHEMBL288176,CCC(C)(C)C(NC(=O)[C@@H]1CCCN1C(=O)[C@H](Cc1ccc2ccccc2c1)NC(=O)OCc1ccccc1)B1O[C@@H]2CC3CC(C3(C)C)[C@]2(C)O1,CHEMBL204
CHEMBL142699,O=C(Cn1ccnc(NCC(F)(F)c2ccccn2)c1=O)NCc1ncccc1F,CHEMBL204
CHEMBL143024,N#Cc1cnc(NCC(F)(F)c2ccccn2)c(=O)n1CC(=O)NCc1ncccc1F,CHEMBL204
CHEMBL142566,Cc1nc(N)ccc1CNC(=O)Cn1c(C)cnc(NCC(C)c2ccccc2)c1=O,CHEMBL204
CHEMBL143421,Cc1nc(N)ccc1CNC(=O)Cn1c(C)cnc(NCCc2ccncc2)c1=O,CHEMBL204
CHEMBL285285,CC1(C)C2CC1[C@]1(C)OB(C(Cc3ccccc3)NC(=O)[C@@H]3CCCN3C(=O)[C@H](Cc3ccccc3)NC(=O)OCc3ccccc3)O[C@@H]1C2,CHEMBL204
CHEMBL285285,CC1(C)C2CC1[C@]1(C)OB(C(Cc3ccccc3)NC(=O)[C@@H]3CCCN3C(=O)[C@H](Cc3ccccc3)NC(=O)OCc3ccccc3)O[C@@H]1C2,CHEMBL204
CHEMBL285285,CC1(C)C2CC1[C@]1(C)OB(C(Cc3ccccc3)NC(=O)[C@@H]3CCCN3C(=O)[C@H](Cc3ccccc3)NC(=O)OCc3ccccc3)O[C@@H]1C2,CHEMBL204
CHEMBL286606,CC1(C)C2CC1[C@]1(C)OB(C(CCCBr)NC(=O)[C@@H]3CCCN3C(=O)[C@H](Cc3ccccc3)NC(=O)OCc3ccccc3)O[C@@H]1C2,CHEMBL204
CHEMBL19831,COC(=O)c1ccc(F)cc1CS(=O)(=O)Nc1ccc(C)n(CC(=O)N[C@H](CCCN=C(N)N)C(=O)O)c1=O,CHEMBL204
CHEMBL274968,Cc1ccc(NS(=O)(=O)Cc2ccccc2)c(=O)n1CC(=O)NC[C@@H]1CNC(N)=N[C@@H]1C,CHEMBL204
CHEMBL17587,COc1ccc(OC)c(N(C(=O)C2=CCCC2C(=O)NCc2ccc(C(=N)N)cc2)C2CCCCC2)c1,CHEMBL204
CHEMBL83345,CCCc1ccc(S(=O)(=O)N[C@@H](Cc2ccc(CN)cc2)C(=O)N(C)C2CCCC2)cc1,CHEMBL204
CHEMBL151087,NC(N)=NCCC[C@H](NC(=O)[C@@H]1CCN1C(=O)[C@H](N)Cc1ccccc1)C(=O)c1nccs1,CHEMBL204
CHEMBL19071,Cc1nc(N)ncc1CNC(=O)Cn1c(C)cnc(NCCc2ccccc2)c1=O,CHEMBL204
CHEMBL291085,CCCCCCCCC(NC(=O)[C@@H]1CCCN1C(=O)[C@H](Cc1ccccc1)NC(=O)OCc1ccccc1)B1O[C@@H]2CC3CC(C3(C)C)[C@]2(C)O1,CHEMBL204
CHEMBL18873,Cc1cnc(NCCc2ccccc2)c(=O)n1CC(=O)NCc1cnc(N)cn1,CHEMBL204
CHEMBL59704,N=C(N)c1ccc2[nH]c(-c3cccc(Oc4ccccc4)c3O)cc2c1,CHEMBL204
CHEMBL422299,Cc1ccnc(CNC(=O)Cn2c(C#N)cnc(NCC(F)(F)c3ccccn3)c2=O)c1F,CHEMBL204
CHEMBL17311,CCN(C(=O)C1=CCCC1C(=O)NCc1ccc(C(=N)N)cc1)c1cc(Cl)ccc1C,CHEMBL204
CHEMBL334170,COCCN(CC1CC1)C(=O)c1cc(Cl)cc(OCCCON=C(N)N)c1,CHEMBL204
CHEMBL2204325,O=C1COc2ccc(Cl)cc2CNC(=O)[C@@H]2CCCN2C(=O)[C@@H](C2CCCCC2)NC(=O)CN1,CHEMBL204
CHEMBL284871,O=C(Cn1c(Cl)cnc(NCC(F)(F)c2cccc[n+]2[O-])c1=O)NCc1cc(F)ccc1C(F)(F)F,CHEMBL204
CHEMBL421243,Cc1cc(OCCCON=C(N)N)cc(C(=O)N(CCC(C)C)Cc2ccoc2)c1,CHEMBL204
CHEMBL29592,O=C(Cn1c(Cl)cnc(NCC(F)(F)c2cccc[n+]2[O-])c1=O)NCc1ccccc1,CHEMBL204
CHEMBL29417,COc1ccccc1CNC(=O)Cn1c(Cl)cnc(NCC(F)(F)c2cccc[n+]2[O-])c1=O,CHEMBL204
CHEMBL122198,CCN(Cc1ccccc1)C(=O)c1cc(Cl)cc(OCCCON=C(N)N)c1,CHEMBL204
CHEMBL280640,CCOc1ccccc1CNC(=O)Cn1c(Cl)cnc(NCC(F)(F)c2cccc[n+]2[O-])c1=O,CHEMBL204
CHEMBL338364,CCCN(Cc1ccncc1)C(=O)c1cc(C)cc(OCCCON=C(N)N)c1,CHEMBL204
CHEMBL93315,O=C1COc2ccc(Cl)cc2CNC(=O)[C@@H]2CCCN2C(=O)[C@@H](C2CCCCC2)NC(=O)CCCN1,CHEMBL204
CHEMBL37251,Cc1cc(C(=O)Nc2ccc(-c3ccccc3S(N)(=O)=O)cc2)n(-c2cccc(C(=N)N)c2)n1,CHEMBL204
CHEMBL285579,O=C(Cn1c(Cl)cnc(NCC(F)(F)c2cccc[n+]2[O-])c1=O)NCc1c(F)cccc1C(F)(F)F,CHEMBL204
CHEMBL123440,C=CCN(C(=O)c1cc(Cl)cc(OCCCONC(=N)N)c1)C1CCCC1,CHEMBL204
CHEMBL421096,CCCCN(Cc1ccoc1)C(=O)c1cc(C)cc(OCCCON=C(N)N)c1,CHEMBL204
CHEMBL96801,CN1CCOc2ccccc2CNC(=O)Cn2c(Cl)cnc(c2=O)N[C@@H](Cc2ccccc2)CNC(=O)C1,CHEMBL204
CHEMBL352564,NC1CCC(CNC(=O)[C@@H]2CCCN2C(=O)[C@@H](Cc2ccccc2)NS(=O)(=O)Cc2ccccc2)CC1,CHEMBL204
CHEMBL418965,O=C1Cn2c(Cl)cnc(c2=O)N[C@@H](Cc2ccccc2)CNCCCCCOc2ccc(Cl)cc2CN1,CHEMBL204
CHEMBL121892,Cc1cc(OCCCON=C(N)N)cc(C(=O)N(Cc2ccoc2)CC2CC2)c1,CHEMBL204
CHEMBL125181,CN[C@H](Cc1ccccc1)C(=O)N1CCC[C@H]1C(=O)NC[C@H]1CC[C@H](N)CC1,CHEMBL204
CHEMBL327421,O=C1Cn2c(Cl)cnc(c2=O)N[C@@H](Cc2ccccc2)CNCCCNCCc2ccccc2CN1,CHEMBL204
CHEMBL125772,CCCN(CC1CCC1)C(=O)c1cc(Cl)cc(OCCCON=C(N)N)c1,CHEMBL204
CHEMBL121456,Cc1cc(OCCCON=C(N)N)cc(C(=O)N(Cc2ccccn2)CC2CC2)c1,CHEMBL204
CHEMBL96376,O=C1COc2ccc(Cl)cc2CNC(=O)[C@@H]2CCCN2C(=O)[C@@H](C2CCCCC2)NC(=O)CCCCN1,CHEMBL204
CHEMBL94413,O=C1Cn2c(Cl)cnc(c2=O)N[C@@H](Cc2ccccc2)CNC(=O)OCCCCOc2ccc(Cl)cc2CN1,CHEMBL204
CHEMBL329266,O=C1Cn2c(Cl)cnc(c2=O)N[C@@H](Cc2ccccc2)CNCCCCCOc2ccccc2CN1,CHEMBL204
CHEMBL329912,O=C1Cn2c(Cl)cnc(c2=O)N[C@@H](Cc2ccccc2)CNCCCCNCc2ccccc2CN1,CHEMBL204
CHEMBL122205,Cc1cc(OCCCON=C(N)N)cc(C(=O)N(CCCCCC(N)=O)C2CCCCC2)c1,CHEMBL204
CHEMBL330788,Cc1cc(OCCCON=C(N)N)cc(C(=O)N(Cc2ccoc2)C2CCC2)c1,CHEMBL204
CHEMBL331769,COCCN(Cc1ccoc1)C(=O)c1cc(C)cc(OCCCON=C(N)N)c1,CHEMBL204
CHEMBL1560,C[C@H](CS)C(=O)N1CCC[C@H]1C(=O)O,CHEMBL204
CHEMBL27180,O=C(Cn1c(Cl)cnc(NCC(F)(F)c2cccc[n+]2[O-])c1=O)NCc1ccccc1OC(F)F,CHEMBL204
CHEMBL287417,O=C(Cn1c(Cl)cnc(NCC(F)(F)c2cccc[n+]2[O-])c1=O)NCc1cccc(F)c1,CHEMBL204
CHEMBL29510,O=C(Cn1c(Cl)cnc(NCC(F)(F)c2cccc[n+]2[O-])c1=O)NCc1cc(F)ccc1F,CHEMBL204
CHEMBL122497,N=C(N)NOCCCOc1cc(Cl)cc(C(=O)N(CCC(=O)O)CC2CC2)c1,CHEMBL204
CHEMBL122029,CCOC(=O)CCN(CC1CC1)C(=O)c1cc(C)cc(OCCCON=C(N)N)c1,CHEMBL204
CHEMBL125603,Cc1cc(OCCCON=C(N)N)cc(C(=O)N(Cc2ccncc2)CC2CC2)c1,CHEMBL204
CHEMBL317393,O=C1Cn2c(Cl)cnc(c2=O)N[C@@H](Cc2ccccc2)NCCCCCCOc2ccc(Cl)cc2CN1,CHEMBL204
CHEMBL416754,O=C(Cn1c(Cl)cnc(NCC(F)(F)c2cccc[n+]2[O-])c1=O)NCc1cccc(Cl)c1Cl,CHEMBL204
CHEMBL338284,CN(C(=O)c1cc(Cl)cc(OCCCON=C(N)N)c1)C1CCCCC1,CHEMBL204
CHEMBL126096,N=C(N)NOCCCOc1cc(Cl)cc(C(=O)N(CCc2ccncc2)CC2CC2)c1,CHEMBL204
CHEMBL29181,O=C(Cn1c(Cl)cnc(NCC(F)(F)c2cccc[n+]2[O-])c1=O)NCc1ccccc1OC(F)(F)F,CHEMBL204
CHEMBL123453,C=CCN(Cc1ccoc1)C(=O)c1cc(Cl)cc(OCCCONC(=N)N)c1,CHEMBL204
CHEMBL421081,Cc1cc(OCC2(CON=C(N)N)CC2)cc(C(=O)N(Cc2ccoc2)CC2CC2)c1,CHEMBL204
CHEMBL29657,O=C(Cn1c(Cl)cnc(NCC(F)(F)c2cccc[n+]2[O-])c1=O)NCc1ncccc1F,CHEMBL204
CHEMBL29656,O=C(Cn1c(Cl)cnc(NCC(F)(F)c2ccccn2)c1=O)NCc1ccccc1F,CHEMBL204
CHEMBL30054,O=C(Cn1c(Cl)cnc(NCC(F)(F)c2ccccn2)c1=O)NCc1ncccc1F,CHEMBL204
CHEMBL420912,N=C(N)NOCCCOc1cc(Cl)cc(C(=O)N(CCc2cccnc2)CC2CC2)c1,CHEMBL204
CHEMBL123028,C=CCN(C(=O)c1cc(C)cc(OCCCON=C(N)N)c1)C1CCCCC1,CHEMBL204
CHEMBL121396,CCCN(Cc1ccoc1)C(=O)c1cc(C)cc(OCC2(CON=C(N)N)CC2)c1,CHEMBL204
CHEMBL96599,O=C1Cn2c(Cl)cnc(c2=O)N[C@@H](Cc2ccccc2)CNCCOCCOc2ccccc2CN1,CHEMBL204
CHEMBL29019,O=C(Cn1c(Cl)cnc(NCC(F)(F)c2cccc[n+]2[O-])c1=O)NCc1ncccc1Cl,CHEMBL204
CHEMBL122144,CCN(C(=O)c1cc(C)cc(OCCCON=C(N)N)c1)C1CCCCC1,CHEMBL204
CHEMBL61327,Cc1cc(Br)c(O)c(C(=O)Nc2ccc(C(=N)N)cc2)c1,CHEMBL204
CHEMBL26213,COc1cccc(CNC(=O)Cn2c(Cl)cnc(NCC(F)(F)c3cccc[n+]3[O-])c2=O)c1,CHEMBL204
CHEMBL281982,O=C(Cn1c(Cl)cnc(NCC(F)(F)c2cccc[n+]2[O-])c1=O)NCc1cc(Cl)ccc1Cl,CHEMBL204
CHEMBL334315,N=C(N)NOCCCOc1cc(Cl)cc(C(=O)N(CCc2ccccn2)CC2CC2)c1,CHEMBL204
CHEMBL121817,Cc1cc(OCCCON=C(N)N)cc(C(=O)N(Cc2ccoc2)CC2CCCCC2)c1,CHEMBL204
CHEMBL125991,Cc1cc(OCCCON=C(N)N)cc(C(=O)N(CCC(N)=O)Cc2ccoc2)c1,CHEMBL204
CHEMBL122696,CCSCCN(Cc1ccoc1)C(=O)c1cc(C)cc(OCCCON=C(N)N)c1,CHEMBL204
CHEMBL25845,O=C(Cn1c(Cl)cnc(NCC(F)(F)c2cccc[n+]2[O-])c1=O)NCc1cccc(Cl)c1,CHEMBL204
CHEMBL331194,CCCN(Cc1ccccn1)C(=O)c1cc(C)cc(OCCCON=C(N)N)c1,CHEMBL204
CHEMBL92615,CN1CCCCCOc2ccc(Cl)cc2CNC(=O)Cn2c(Cl)cnc(c2=O)N[C@@H](Cc2ccccc2)C1,CHEMBL204
CHEMBL94864,O=C1Cn2c(Cl)cnc(c2=O)N[C@@H](Cc2ccccc2)CNC(=O)OC/C=C/COc2ccc(Cl)cc2CN1,CHEMBL204
CHEMBL125297,CCCN(Cc1nccs1)C(=O)c1cc(C)cc(OCCCON=C(N)N)c1,CHEMBL204
CHEMBL124164,N=C(N)NOCCCOc1cc(Cl)cc(C(=O)N(Cc2ccoc2)CC2CC2)c1,CHEMBL204
CHEMBL94640,N[C@H](C(=O)N1CCC[C@H]1C(=O)NCc1cc(Cl)ccc1Cl)C1CCCCC1,CHEMBL204
CHEMBL283851,O=C(Cn1c(Cl)cnc(NCC(F)(F)c2cccc[n+]2[O-])c1=O)NCc1cccc(OC(F)F)c1,CHEMBL204
CHEMBL28474,O=C(Cn1c(Cl)cnc(NCC(F)(F)c2cccc[n+]2[O-])c1=O)NCc1ccc(F)c(Cl)c1,CHEMBL204
CHEMBL124500,CCCN(CC1CCCC1)C(=O)c1cc(Cl)cc(OCCCON=C(N)N)c1,CHEMBL204
CHEMBL332660,CCCN(Cc1ccc(F)cc1)C(=O)c1cc(C)cc(OCCCON=C(N)N)c1,CHEMBL204
CHEMBL94622,O=C1COc2ccc(Cl)cc2CNC(=O)[C@@H]2CCCN2C(=O)C(C2CCCCC2)NC(=O)CCN1,CHEMBL204
CHEMBL316901,O=C1Cn2c(Cl)cnc(c2=O)N[C@@H](Cc2ccccc2)CNCCCCOc2ccc(Cl)cc2CN1,CHEMBL204
CHEMBL96354,O=C1Cn2c(Cl)cnc(c2=O)N[C@@H](Cc2ccccc2)CNCCOCCOc2ccc(Cl)cc2CN1,CHEMBL204
CHEMBL286720,O=C(Cn1c(Cl)cnc(NCC(F)(F)c2cccc[n+]2[O-])c1=O)NCc1ccccc1OCC(F)(F)F,CHEMBL204
CHEMBL26679,O=C(Cn1c(Cl)cnc(NCC(F)(F)c2cccc[n+]2[O-])c1=O)NCc1cc(Cl)ccc1F,CHEMBL204
CHEMBL96433,N=C(N)c1ccc2[nH]c(-c3cccc(-c4ccccc4)c3O)cc2c1,CHEMBL204
CHEMBL26804,O=C(Cn1c(Cl)cnc(NCC(F)(F)c2cccc[n+]2[O-])c1=O)NCc1ccccc1Cl,CHEMBL204
CHEMBL284225,O=C(Cn1c(Cl)cnc(NCC(F)(F)c2cccc[n+]2[O-])c1=O)NCc1ccccc1C(F)(F)F,CHEMBL204
CHEMBL122687,N=C(N)NOCCCOc1cc(Cl)cc(C(=O)N(CCN2CCOCC2)CC2CC2)c1,CHEMBL204
CHEMBL341539,CCCN(Cc1ccoc1)C(=O)c1cc(C)cc(OCCCON=C(N)N)c1,CHEMBL204
CHEMBL332232,Cc1cc(OCCCON=C(N)N)cc(C(=O)N(Cc2ccoc2)C(C)C)c1,CHEMBL204
CHEMBL282837,O=C(Cn1c(Cl)cnc(NCC(F)(F)c2cccc[n+]2[O-])c1=O)NCc1ccccc1F,CHEMBL204
CHEMBL333182,Cc1cc(OCCCON=C(N)N)cc(C(=O)N(Cc2ccsc2)CC2CC2)c1,CHEMBL204
CHEMBL96893,CCNC(=O)Oc1ccc(Cl)cc1CNC(=O)[C@@H]1CCCN1C(=O)[C@@H](N)C1CCCCC1,CHEMBL204
CHEMBL285796,Cc1ccccc1CNC(=O)Cn1c(Cl)cnc(NCC(F)(F)c2cccc[n+]2[O-])c1=O,CHEMBL204
CHEMBL122285,C=CCN(Cc1cccs1)C(=O)c1cc(Cl)cc(OCCCONC(=N)N)c1,CHEMBL204
CHEMBL123757,N=C(N)NOCCCOc1cc(Cl)cc(C(=O)N2CCc3ccccc3C2)c1,CHEMBL204
CHEMBL122162,Cc1cc(OCCCON=C(N)N)cc(C(=O)N(Cc2cccnc2)CC2CC2)c1,CHEMBL204
CHEMBL29744,O=C(Cn1c(Cl)cnc(NCC(F)(F)c2cccc[n+]2[O-])c1=O)NCc1cccc(Br)c1,CHEMBL204
CHEMBL122276,CCCN(Cc1cccnc1)C(=O)c1cc(C)cc(OCCCON=C(N)N)c1,CHEMBL204
CHEMBL329991,O=C1Cn2c(Cl)cnc(c2=O)N[C@@H](Cc2ccccc2)CNCCCOc2ccc(Cl)cc2CN1,CHEMBL204
CHEMBL124114,N=C(N)NOCCCOc1cc(Cl)cc(C(=O)N(CCN2CCCC2)CC2CC2)c1,CHEMBL204
CHEMBL28966,O=C(Cn1c(Cl)cnc(NCC(F)(F)c2cccc[n+]2[O-])c1=O)NCc1c(F)ccc(F)c1F,CHEMBL204
CHEMBL122553,COC(=O)CCN(CC1CC1)C(=O)c1cc(Cl)cc(OCCCON=C(N)N)c1,CHEMBL204
CHEMBL123226,C=CCN(C(=O)c1cc(C)cc(OCCCON=C(N)N)c1)C1CCCC1,CHEMBL204
CHEMBL121686,CCCN(CC1CCC1)C(=O)c1cc(C)cc(OCCCON=C(N)N)c1,CHEMBL204
CHEMBL339909,CCCN(CC1CC1)C(=O)c1cc(Cl)cc(OCCCON=C(N)N)c1,CHEMBL204
CHEMBL330560,CCN(CC)C(=O)CN[C@H](C(=O)N1CCC[C@H]1C(=O)NCc1cc(Cl)ccc1Cl)C1CCCCC1,CHEMBL204
CHEMBL94952,O=C1Cn2c(Cl)cnc(c2=O)N[C@@H](Cc2ccccc2)CNC(=O)OC/C=C\COc2ccc(Cl)cc2CN1,CHEMBL204
CHEMBL418017,Cc1cccc(CNC(=O)Cn2c(Cl)cnc(NCC(F)(F)c3cccc[n+]3[O-])c2=O)c1,CHEMBL204
CHEMBL29389,O=C(Cn1c(Cl)cnc(NCC(F)(F)c2cccc[n+]2[O-])c1=O)NCc1c(F)cccc1F,CHEMBL204
CHEMBL118159,Nc1ccc(C[C@H](NS(=O)(=O)c2cnccc2N[C@@H](Cc2ccccc2)CN2CCOCC2)C(=O)N2CCC(CCF)CC2)cc1,CHEMBL204
CHEMBL120388,O=C([C@H](Cc1ccc(F)cc1)NS(=O)(=O)c1cnccc1N[C@H](CO)Cc1ccccc1)N1CCC(CCF)CC1,CHEMBL204
CHEMBL103102,N=C(N)N1CCCCC1,CHEMBL204
CHEMBL298013,CN(C(=O)[C@H](Cc1ccc(C(=N)N)s1)NS(=O)(=O)c1ccc2ccccc2c1)C1CCCC1,CHEMBL204
CHEMBL32044,N=C(N)NCCCC(NC(=O)CNC(=O)[C@H](CCCN=C(N)N)NC(=O)OCc1ccccc1)C(=O)Nc1ccc([N+](=O)[O-])cc1,CHEMBL204
CHEMBL47908,CN(C(=O)[C@H](Cc1ccc(C(=N)NN)s1)NS(=O)(=O)c1ccc2ccccc2c1)C1CCCC1,CHEMBL204
CHEMBL121423,COc1ccc(C[C@@H](CO)Nc2ccncc2S(=O)(=O)N[C@@H](Cc2ccc(N)cc2)C(=O)N2CCC(CCF)CC2)cc1,CHEMBL204
CHEMBL119637,Nc1ccc(C[C@H](NS(=O)(=O)c2cnccc2N[C@H](CO)CC2CCCCC2)C(=O)N2CCC(CCF)CC2)cc1,CHEMBL204
CHEMBL120761,Nc1ccc(C[C@H](NS(=O)(=O)c2cnccc2N[C@H](COCCO)Cc2ccccc2)C(=O)N2CCC(CCF)CC2)cc1,CHEMBL204
CHEMBL48133,CCCc1ccc(S(=O)(=O)N[C@@H](Cc2ccc(C(=N)N)s2)C(=O)N(C)C2CCCC2)cc1,CHEMBL204
CHEMBL118905,O=C([C@H](Cc1ccccc1)NS(=O)(=O)c1cnccc1N[C@H](CO)Cc1ccccc1)N1CCC(CCF)CC1,CHEMBL204
CHEMBL7962,CN(C(=O)[C@H](Cc1ccc(C(=N)NN)cc1)NS(=O)(=O)c1ccc2ccccc2c1)C1CCCC1,CHEMBL204
CHEMBL354555,Cc1cc(N)ncc1CNC(=O)Cn1c(C)ccc(NS(=O)(=O)Cc2ccccc2)c1=O,CHEMBL204
CHEMBL296956,COc1ccc2cc(S(=O)(=O)N[C@@H](Cc3ccc(C(=N)N)s3)C(=O)N(C)C3CCCC3)ccc2c1,CHEMBL204
CHEMBL46842,CCCc1ccc(S(=O)(=O)N[C@@H](Cc2ccc(C(=N)N)cc2)C(=O)N(C)C2CCCC2)cc1,CHEMBL204
CHEMBL121950,Nc1ccc(C[C@H](NS(=O)(=O)c2cnccc2N[C@H](CO)Cc2ccccc2)C(=O)N2CCC(CCCl)CC2)cc1,CHEMBL204
CHEMBL118354,CCN(CC)C[C@H](Cc1ccccc1)Nc1ccncc1S(=O)(=O)N[C@@H](Cc1ccc(N)cc1)C(=O)N1CCC(CCF)CC1,CHEMBL204
CHEMBL333315,Nc1ccc(C[C@H](NS(=O)(=O)c2cnccc2N[C@@H](Cc2ccccc2)CN2CCCCC2)C(=O)N2CCC(CCF)CC2)cc1,CHEMBL204
CHEMBL353431,Cc1cc(N)nc(C)c1CNC(=O)Cn1c(C)ccc(NS(=O)(=O)Cc2ccccc2)c1=O,CHEMBL204
CHEMBL120609,CNC[C@H](Cc1ccccc1)Nc1ccncc1S(=O)(=O)N[C@@H](Cc1ccc(N)cc1)C(=O)N1CCC(CCF)CC1,CHEMBL204
CHEMBL287614,Cc1ccc(NS(=O)(=O)Cc2ccccc2)c(=O)n1CC(=O)NCC1CCN(C(=N)N)CC1,CHEMBL204
CHEMBL325019,Nc1ccc(C[C@H](NS(=O)(=O)c2cnccc2N[C@@H](Cc2ccccc2)CN2CCC(O)CC2)C(=O)N2CCC(CCF)CC2)cc1,CHEMBL204
CHEMBL120583,O=C([C@H](Cc1ccc(O)cc1)NS(=O)(=O)c1cnccc1N[C@H](CO)Cc1ccccc1)N1CCC(CCF)CC1,CHEMBL204
CHEMBL7656,CN(C(=O)[C@H](Cc1ccc(C(=N)N)cc1)NS(=O)(=O)c1ccc2ccccc2c1)C1CCCC1,CHEMBL204
CHEMBL118545,CCC1CCN(C(=O)[C@H](Cc2ccc(N)cc2)NS(=O)(=O)c2cnccc2N[C@H](CO)Cc2ccccc2)CC1,CHEMBL204
CHEMBL324291,Nc1ccc(C[C@H](NS(=O)(=O)c2cnccc2N[C@@H](Cc2ccccc2)CN2CCCC2)C(=O)N2CCC(CCF)CC2)cc1,CHEMBL204
CHEMBL20936,N=C(N)c1ccccc1,CHEMBL204
CHEMBL40239,CC(C)(C)OC(=O)N[C@@H](CCCN=C(N)N)C(=O)N1CCCC1C(=O)NC(C=O)CCCN=C(N)N,CHEMBL204
CHEMBL424545,Cc1ccc(NCCc2ccccc2)c(=O)n1CC(=O)NC[C@H]1CC[C@H](N)CC1,CHEMBL204
CHEMBL331871,COc1ccc(C[C@@H](C)Nc2ccncc2S(=O)(=O)N[C@@H](Cc2ccc(N)cc2)C(=O)N2CCC(CCF)CC2)cc1,CHEMBL204
CHEMBL121452,Nc1ccc(C[C@H](NS(=O)(=O)c2cnccc2N[C@H](CO)Cc2ccccc2)C(=O)N2CCC(CCF)CC2)cc1,CHEMBL204
CHEMBL349430,Cc1nc(N)ccc1CNC(=O)Cn1c(C)ccc(NCCc2ccccc2)c1=O,CHEMBL204
CHEMBL355441,Cc1ccc(NS(=O)(=O)Cc2ccccc2)c(=O)n1CC(=O)NCc1ccc(N)nc1,CHEMBL204
CHEMBL120871,CN(C)C[C@H](Cc1ccccc1)Nc1ccncc1S(=O)(=O)N[C@@H](Cc1ccc(N)cc1)C(=O)N1CCC(CCF)CC1,CHEMBL204
CHEMBL122010,CC(=O)N1CCN(C[C@H](Cc2ccccc2)Nc2ccncc2S(=O)(=O)N[C@@H](Cc2ccc(N)cc2)C(=O)N2CCC(CCF)CC2)CC1,CHEMBL204
CHEMBL3143980,CC[C@H](C)[C@H](NC(=O)c1ccccc1)C(=O)N[C@@H](CCC(=O)O)C(=O)NCC(=O)N[C@@H](CCCN=C(N)N)C(=O)Nc1ccc([N+](=O)[O-])cc1,CHEMBL204
CHEMBL118428,COc1ccc(C[C@H](NS(=O)(=O)c2cnccc2N[C@H](CO)Cc2ccccc2)C(=O)N2CCC(CCF)CC2)cc1,CHEMBL204
CHEMBL330776,CNc1ccc(C[C@H](NS(=O)(=O)c2cnccc2N[C@H](CO)Cc2ccccc2)C(=O)N2CCC(CCF)CC2)cc1,CHEMBL204
CHEMBL11157,Cc1nc(N)ccc1CNC(=O)Cn1c(C)ccc(NS(=O)(=O)Cc2ccccc2)c1=O,CHEMBL204
CHEMBL48929,Cc1nc(N)ccc1CNC(=O)Cn1cccc(NS(=O)(=O)Cc2ccccc2)c1=O,CHEMBL204
CHEMBL332293,COc1ccc(C[C@@H](CO)Nc2ccncc2S(=O)(=O)N[C@@H](Cc2ccc(N)cc2)C(=O)N2CCC(CCF)CC2)cc1OC,CHEMBL204
CHEMBL326686,CNC[C@H](CC1CCCCC1)Nc1ccncc1S(=O)(=O)N[C@@H](Cc1ccc(N)cc1)C(=O)N1CCC(CCF)CC1,CHEMBL204
CHEMBL96486,Nc1ccc(CNC(=O)[C@@H]2CCCN2C(=O)[C@H](N)C(c2ccccc2)c2ccccc2)cn1,CHEMBL204
CHEMBL119950,C[C@H](Cc1ccccc1)Nc1ccncc1S(=O)(=O)N[C@@H](Cc1ccc(N)cc1)C(=O)N1CCC(CCF)CC1,CHEMBL204
CHEMBL407211,CCCNC[C@H](Cc1ccccc1)Nc1ccncc1S(=O)(=O)N[C@@H](Cc1ccc(N)cc1)C(=O)N1CCC(CCF)CC1,CHEMBL204
CHEMBL120887,Nc1ccc(C[C@H](NS(=O)(=O)c2cnccc2N[C@H](CNCCO)Cc2ccccc2)C(=O)N2CCC(CCF)CC2)cc1,CHEMBL204
CHEMBL118644,COCCN(CCOC)C[C@H](Cc1ccccc1)Nc1ccncc1S(=O)(=O)N[C@@H](Cc1ccc(N)cc1)C(=O)N1CCC(CCF)CC1,CHEMBL204
CHEMBL324075,CCCCNC[C@H](Cc1ccccc1)Nc1ccncc1S(=O)(=O)N[C@@H](Cc1ccc(N)cc1)C(=O)N1CCC(CCF)CC1,CHEMBL204
CHEMBL332654,Nc1ccc(C[C@H](NS(=O)(=O)c2cnccc2N[C@@H](Cc2ccccc2)CN2CCNC(=O)C2)C(=O)N2CCC(CCF)CC2)cc1,CHEMBL204
CHEMBL332763,CCNC[C@H](Cc1ccccc1)Nc1ccncc1S(=O)(=O)N[C@@H](Cc1ccc(N)cc1)C(=O)N1CCC(CCF)CC1,CHEMBL204
CHEMBL327136,Cc1ccc(NS(=O)(=O)Cc2ccccc2)c(=O)n1CC(=O)NC1CCc2nc(N)sc2C1,CHEMBL204
CHEMBL111160,Cc1ccc(CS(=O)(=O)Nc2ccc(C)n(CC(=O)NC3CCc4nc(N)sc4C3)c2=O)cc1,CHEMBL204
CHEMBL109696,Cc1ccc(NS(=O)(=O)Cc2ccccc2)c(=O)n1CC(=O)N[C@@H]1CCc2nc(N)sc2C1,CHEMBL204
CHEMBL138049,N=C(N)C[C@H]1CC[C@@H](NC(=O)[C@@H]2CCCN2C(=O)[C@@H](Cc2ccccc2)NS(=O)(=O)Cc2ccccc2)CC1,CHEMBL204
CHEMBL24097,Cc1cc(NS(=O)(=O)c2ccccc2)cc(OCCNc2ccncc2)c1,CHEMBL204
CHEMBL421428,N=C(N)NCCCNC(=O)[C@@H]1CS[C@H]2CC[C@H](NS(=O)(=O)Cc3ccccc3)C(=O)N21.O=C(O)C(F)(F)F,CHEMBL204
CHEMBL120842,N=C(N)NCCCNC(=O)[C@@H]1CS[C@H]2CC[C@@H](NS(=O)(=O)Cc3ccccc3)C(=O)N21.O=C(O)C(F)(F)F,CHEMBL204
CHEMBL111122,Cc1ccc(NS(=O)(=O)Cc2ccccc2)c(=O)n1CC(=O)NC1CCc2c(sc(=N)n2N)C1,CHEMBL204
CHEMBL73737,N=C(N)c1ccc2[nH]c(-c3cc(Cl)cc(-c4cccc(N)c4)c3O)nc2c1,CHEMBL204
CHEMBL341920,N=C(N)c1ccc2[nH]cc(CC(=O)Nc3ccc(-c4ccccc4S(N)(=O)=O)cc3I)c2c1,CHEMBL204
CHEMBL419008,Cc1ccc(NS(=O)(=O)Cc2ccc(F)cc2)c(=O)n1CC(=O)N[C@@H]1CCc2nc(N)sc2C1,CHEMBL204
CHEMBL336661,N=C(N)c1ccc2[nH]cc(CC(=O)Nc3ccc(-c4ccccc4S(N)(=O)=O)cc3Br)c2c1,CHEMBL204
CHEMBL23813,O=S(=O)(Nc1cccc(OCCNc2ccncc2)c1)c1ccccc1,CHEMBL204
CHEMBL324859,Cc1ccc(CS(=O)(=O)Nc2ccc(C)n(CC(=O)NCC3CCc4n[nH]cc4C3)c2=O)cc1,CHEMBL204
CHEMBL110440,Cc1ccc(NS(=O)(=O)Cc2ccccc2)c(=O)n1CC(=O)NCC1CCc2n[nH]cc2C1,CHEMBL204
CHEMBL111468,Cc1ccc(NS(=O)(=O)Cc2ccc(F)cc2Cl)c(=O)n1CC(=O)NC1CCc2nc(N)sc2C1,CHEMBL204
CHEMBL110201,Cc1ccc(NS(=O)(=O)Cc2ccc(F)cc2)c(=O)n1CC(=O)NC1CCc2nc(N)sc2C1,CHEMBL204
CHEMBL110415,Cc1ccc(NS(=O)(=O)Cc2ccc(F)cc2)c(=O)n1CC(=O)NCC1CCc2n[nH]cc2C1,CHEMBL204
CHEMBL109999,Cc1ccc(NS(=O)(=O)Cc2ccc(F)cc2)c(=O)n1CC(=O)NC1CCc2c(sc(=N)n2N)C1,CHEMBL204
CHEMBL289790,Cc1cc(NS(=O)(=O)c2ccccc2)cc(OCCCCN=C(N)N)c1,CHEMBL204
CHEMBL109546,Cc1ccc(NS(=O)(=O)Cc2ccc(F)cc2Cl)c(=O)n1CC(=O)NCC1CCc2n[nH]cc2C1,CHEMBL204
CHEMBL83345,CCCc1ccc(S(=O)(=O)N[C@@H](Cc2ccc(CN)cc2)C(=O)N(C)C2CCCC2)cc1,CHEMBL204
CHEMBL114715,N=C(N)NCCCNC(=O)[C@@H]1CCCCN1C(=O)[C@@H](CC1CCCCC1)NCC(=O)O,CHEMBL204
CHEMBL114715,N=C(N)NCCCNC(=O)[C@@H]1CCCCN1C(=O)[C@@H](CC1CCCCC1)NCC(=O)O,CHEMBL204
CHEMBL283022,N=C(N)NCCC[C@H](NC(=O)[C@@H]1CCN2CC[C@@](N)(Cc3ccccc3)CN12)C(=O)C(=O)NCCc1ccc(Cl)cc1,CHEMBL204
CHEMBL433323,CS(=O)(=O)N1C[C@H](OCc2ccccc2)C[C@H]1C(=O)N[C@@H](CCCN=C(N)N)C(=O)CCl,CHEMBL204
CHEMBL290376,CC(=O)N[C@H](Cc1ccccc1)C(=O)N1CCC[C@H]1C(=O)N[C@@H](CCCN=C(N)N)B(O)O,CHEMBL204
CHEMBL290376,CC(=O)N[C@H](Cc1ccccc1)C(=O)N1CCC[C@H]1C(=O)N[C@@H](CCCN=C(N)N)B(O)O,CHEMBL204
CHEMBL320452,N=C(N)c1cccc(N(CCCc2ccc(-c3ccccc3S(N)(=O)=O)cc2)CCOc2ccccc2)c1.O=C(O)C(F)(F)F,CHEMBL204
CHEMBL28365,N=C(N)NCCC[C@H](NC(=O)[C@@H]1CCN2CC[C@@](N)(Cc3ccccc3)CN12)C(=O)C(=O)NCc1ccccc1,CHEMBL204
CHEMBL106202,CC(C)(C)OC(=O)N[C@@H](CC(=O)O)C(=O)N1CCCC1C(=O)N[C@@H](CCCN=C(N)N)C(=O)C(=O)NCCc1ccccc1,CHEMBL204
CHEMBL284436,N=C(N)NCCC[C@@H](CCl)NC(=O)[C@@H]1CCN2CC[C@@](N)(Cc3ccccc3)CN12,CHEMBL204
CHEMBL27852,N=C(N)NCCC[C@H](NC(=O)[C@@H]1CCC2CC[C@@](N)(Cc3ccccc3)CN21)C(=O)c1nc2ccccc2s1,CHEMBL204
CHEMBL331690,CCOC(=O)CN1CCC(Oc2c(F)c(Oc3cccc(C4=NCCN4C)c3)nc(Oc3cc(C(=N)N)ccc3O)c2F)CC1,CHEMBL204
CHEMBL69996,N=C(N)NCCC[C@H](NC(=O)[C@@H]1C[C@@H](OCc2ccccc2)CN1C(=O)CCc1ccccc1)C(=O)CCl,CHEMBL204
CHEMBL72466,CCC(=O)N1C[C@H](OCc2ccccc2)C[C@H]1C(=O)N[C@@H](CCCN=C(N)N)C(=O)CCl,CHEMBL204
CHEMBL72224,CC(=O)N1C[C@H](OCC2CCCCC2)C[C@H]1C(=O)N[C@@H](CCCN=C(N)N)C(=O)CCl,CHEMBL204
CHEMBL1166,CC1CNc2c(cccc2S(=O)(=O)N[C@@H](CCCNC(=N)N)C(=O)N2CC[C@@H](C)C[C@@H]2C(=O)O)C1,CHEMBL204
CHEMBL28817,N=C(N)NCCC[C@H](NC(=O)[C@@H]1CCN2CC[C@@](N)(Cc3ccccc3)CN12)C(=O)C(=O)NCCc1ccccc1,CHEMBL204
CHEMBL332189,CN1CCN=C1c1cccc(Oc2nc(Oc3cc(C(=N)N)ccc3O)c(F)c(O[C@H]3CN[C@H](C(=O)O)C3)c2F)c1,CHEMBL204
CHEMBL93854,COc1ccc2ccc(S(=O)(=O)N[C@H]3CCN(Cc4cc(C(=N)N)ccc4O)C3=O)cc2c1,CHEMBL204
CHEMBL29309,COc1ccc(CCNC(=O)C(=O)[C@H](CCCN=C(N)N)NC(=O)[C@@H]2CCN3CC[C@@](N)(Cc4ccccc4)CN23)cc1,CHEMBL204
CHEMBL71832,NC(N)=NCCC[C@H](NC(=O)[C@@H]1C[C@H](OCc2ccccc2)CN1C(=O)[C@H](N)Cc1ccccc1)C(=O)CCl,CHEMBL204
CHEMBL70668,CC(=O)N1C[C@H](OCc2ccccc2)C[C@H]1C(=O)N[C@@H](CCCN=C(N)N)C(=O)CCl,CHEMBL204
CHEMBL40854,Cc1cc(-c2ccccc2S(=O)(=O)NC(C)(C)C)ccc1C(=O)N[C@@H](CCCN=C(N)N)B1O[C@@H]2CC3CC(C3(C)C)[C@]2(C)O1,CHEMBL204
CHEMBL70473,NC(N)=NCCC[C@H](NC(=O)[C@@H]1C[C@@H](OCc2ccccc2)CN1C(=O)[C@H](N)Cc1ccccc1)C(=O)CCl,CHEMBL204
CHEMBL302033,CC(=O)N1C[C@H](OCCC(c2ccccc2)c2ccccc2)C[C@H]1C(=O)N[C@@H](CCCN=C(N)N)C(=O)CCl,CHEMBL204
CHEMBL332388,CCOC(=O)[C@@H]1C[C@@H](Oc2c(F)c(Oc3cccc(C(=O)N(C)C)c3)nc(Oc3cc(C(=N)N)ccc3O)c2F)CN1,CHEMBL204
CHEMBL307440,N=C(N)NCCC[C@H](NC(=O)[C@@H]1CCCN1C(=O)[C@H](N)Cc1ccccc1)C(=O)CCl,CHEMBL204
CHEMBL266196,CN(C(=O)[C@H](Cc1ccc(CN)cc1)NS(=O)(=O)c1ccc2ccccc2c1)C1CCCC1,CHEMBL204
CHEMBL70551,CCCCO[C@@H]1C[C@@H](C(=O)N[C@@H](CCCN=C(N)N)C(=O)CCl)N(C(C)=O)C1,CHEMBL204
CHEMBL265315,NC(N)=NCCC[C@@H](CCl)NC(=O)[C@@H]1CCCN1C(=O)[C@H](N)Cc1ccccc1,CHEMBL204
CHEMBL164661,NCc1ccc(C[C@H](NS(=O)(=O)c2ccc3ccccc3c2)C(=O)N2CCCC2)cc1,CHEMBL204
CHEMBL331213,CCOC(=O)[C@@H]1C[C@@H](Oc2c(F)c(Oc3cccc(C4=NCCN4C)c3)nc(Oc3cc(C(=N)N)ccc3O)c2F)CN1,CHEMBL204
CHEMBL308427,CC(=O)N1C[C@H](CCc2ccccc2)C[C@H]1C(=O)N[C@@H](CCCN=C(N)N)C(=O)CCl,CHEMBL204
CHEMBL120438,CN(C)C(=O)c1cccc(Oc2nc(Oc3cc(C(=N)N)ccc3O)c(F)c(OC3CCN(CC(=O)O)CC3)c2F)c1,CHEMBL204
CHEMBL320269,COC(=O)CN(CCOc1ccc(-c2ccccc2S(N)(=O)=O)cc1)c1cccc(C(=N)N)c1.O=C(O)C(F)(F)F,CHEMBL204
CHEMBL538226,CC(=O)N[C@H](Cc1ccccc1)C(=O)N1CCC[C@H]1C(=O)N[C@H]1CCCN(C(=N)N)C1O.Cl,CHEMBL204
CHEMBL96218,COc1ccc2sc(S(=O)(=O)N[C@H]3CCN(Cc4cc(C(=N)N)ccc4N)C3=O)cc2n1,CHEMBL204
CHEMBL289395,NC1CCC(CNC(=O)[C@@H]2CCCN2C(=O)[C@H](N)C(C2CCCCC2)C2CCCCC2)CC1,CHEMBL204
CHEMBL138877,N=C(N)N1CCC[C@H](C(=O)NC[C@@H]2CCCN2C(=O)[C@H](CO)NS(=O)(=O)c2ccc3ccccc3c2)C1,CHEMBL204
CHEMBL282830,N=C(N)NCCC[C@H](NC(=O)[C@@H]1CCN2CC[C@@](N)(Cc3ccccc3)CN12)C(=O)c1nc2ccccc2s1,CHEMBL204
CHEMBL27852,N=C(N)NCCC[C@H](NC(=O)[C@@H]1CCC2CC[C@@](N)(Cc3ccccc3)CN21)C(=O)c1nc2ccccc2s1,CHEMBL204
CHEMBL70472,CC(=O)N1C[C@H](OCCCc2ccccc2)C[C@H]1C(=O)N[C@@H](CCCN=C(N)N)C(=O)CCl,CHEMBL204
CHEMBL364255,N[C@H]1CC[C@H](CNC(=O)[C@@H]2CCCN2C(=O)C2(O)c3ccccc3-c3ccccc32)CC1,CHEMBL204
CHEMBL28922,N=C(N)NCCC[C@H](NC(=O)[C@@H]1CCN2CC[C@@](N)(Cc3ccccc3)CN12)C(=O)c1nccs1,CHEMBL204
CHEMBL332322,CN1CCN=C1c1cccc(Oc2nc(Oc3cc(C(=N)N)ccc3O)c(F)c(OC3CCN(CC(=O)O)CC3)c2F)c1,CHEMBL204
CHEMBL320934,CC(C)OC(=O)CN(CCOc1ccc(-c2ccccc2S(N)(=O)=O)cc1)c1cccc(C(=N)N)c1.O=C(O)C(F)(F)F,CHEMBL204
CHEMBL20240,CC(=N)N1CCC(Oc2ccc(N(Cc3ccc4ccc(C(=N)N)cc4c3)S(=O)(=O)CC(=O)O)cc2)CC1,CHEMBL204
CHEMBL309541,Cn1ccnc1-c1cccc(Oc2cc(C(=O)O)cc(Oc3cc(C(=N)N)ccc3O)n2)c1,CHEMBL204
CHEMBL18767,COC(=O)CN(CCCc1ccc(-c2ccccc2S(N)(=O)=O)cc1)c1cccc(C(=N)N)c1.O=C(O)C(F)(F)F,CHEMBL204
CHEMBL325166,N=C(N)N1CCC[C@@H](CNC(=O)C[C@H](NS(=O)(=O)c2ccc3ccccc3c2)C(=O)N(CC(=O)O)C2CC2)C1,CHEMBL204
CHEMBL609990,O=C([O-])C1O[C@@H](O[C@H]2C(O)C(NS(=O)(=O)[O-])[C@@H](O)O[C@H]2COS(=O)(=O)[O-])C(NS(=O)(=O)[O-])[C@@H](O)[C@@H]1O[C@@H]1OC(COS(=O)(=O)[O-])[C@@H](O[C@@H]2O[C@@H](C(=O)[O-])[C@@H](O[C@H]3O[C@@H](COS(=O)(=O)[O-])[C@@H](O)C(O)C3NS(=O)(=O)[O-])C(O)C2O)[C@H](OS(=O)(=O)[O-])C1OS(=O)(=O)[O-].[Na+].[Na+].[Na+].[Na+].[Na+].[Na+].[Na+].[Na+].[Na+].[Na+],CHEMBL204
CHEMBL24433,N=C(N)c1ccc(O)c(/C=C/CNc2ccc(OC3CCN(C(N)=O)CC3)c(C(F)(F)F)c2)c1,CHEMBL204
CHEMBL1909451,CO[C@H]1O[C@@H](COS(=O)(=O)[O-])[C@@H](O[C@@H]2O[C@H](C(=O)[O-])[C@@H](O[C@@H]3O[C@@H](COS(=O)(=O)[O-])[C@@H](O[C@@H]4O[C@@H](C(=O)[O-])[C@@H](O[C@H]5O[C@@H](COS(=O)(=O)[O-])[C@@H](OC)[C@H](OC)[C@H]5NS(=O)(=O)[O-])[C@H](OC)[C@H]4OC)[C@H](OS(=O)(=O)[O-])[C@H]3OS(=O)(=O)[O-])[C@H](OC)[C@H]2OS(=O)(=O)[O-])[C@@H](OC)[C@@H]1NS(=O)(=O)[O-].[Na+].[Na+].[Na+].[Na+].[Na+].[Na+].[Na+].[Na+].[Na+].[Na+],CHEMBL204
CHEMBL37637,Cc1cc(OCCCON=C(N)N)cc(OS(=O)(=O)c2ccccc2S(C)(=O)=O)c1,CHEMBL204
CHEMBL7587,CNc1ccc(C#CC[C@H](NS(=O)(=O)c2ccc3c(c2)CCCC3)C(=O)N(C)C2CCCC2)cc1,CHEMBL204
CHEMBL23042,CN(CC(=O)N[C@@H](CCCCN)B(O)O)C(=O)c1ccccc1S(=O)(=O)c1ccccc1,CHEMBL204
CHEMBL37476,Cc1cc(OCCCON=C(N)N)cc(OS(=O)(=O)c2ccc3c(c2)S(=O)(=O)CC3)c1,CHEMBL204
CHEMBL273196,CN[C@H](Cc1ccccc1)C(=O)N1CCC[C@H]1C(=O)N[C@H](C=O)CCCNC(=N)N,CHEMBL204
CHEMBL38927,N=C(N)N1CCC[C@H](NC(=O)CN2CCC[C@H](NS(=O)(=O)Cc3ccccc3)C2=O)C1O,CHEMBL204
CHEMBL266349,N=C(N)c1ccc(CNC(=O)[C@@H]2CCN2C(=O)[C@H](NCC(=O)O)C2CCCCC2)cc1,CHEMBL204
CHEMBL36272,Cc1cc(OCCCON=C(N)N)cc(OS(=O)(=O)c2ccccc2Cl)c1,CHEMBL204
CHEMBL282281,CN(CC(=O)N[C@@H](CCCCN)B(O)O)C(=O)c1ccccc1Sc1ccccc1C#N,CHEMBL204
CHEMBL281573,CN(CC(=O)N[C@@H](CCCCN)C(=O)C(=O)Nc1ccc(Oc2cccnc2)cc1)C(=O)c1ccccc1Sc1ccccc1C#N,CHEMBL204
CHEMBL85282,CCOC(=O)[C@]1(NS(=O)(=O)Cc2ccccc2)CCCN(CC(=O)N[C@H]2CCCN(C(=N)N)[C@@H]2O)C1=O,CHEMBL204
CHEMBL24097,Cc1cc(NS(=O)(=O)c2ccccc2)cc(OCCNc2ccncc2)c1,CHEMBL204
CHEMBL3215729,Cl.Cl.Cn1c(CNC(=O)[C@@H]2C=CCN2C(=O)[C@@H](CC2CCCCC2)NCC(=O)O)ccc1C(=N)N,CHEMBL204
CHEMBL289550,Cc1cc(OCCCON=C(N)N)cc(OS(=O)(=O)c2cccc3cnccc23)c1,CHEMBL204
CHEMBL37230,COc1cc(OCCCON=C(N)N)cc(OS(=O)(=O)c2ccccc2S(C)(=O)=O)c1,CHEMBL204
CHEMBL280186,CN(CC(=O)N[C@@H](CCCCN)C(=O)C(=O)Nc1cccc(N)c1)C(=O)c1ccccc1Sc1ccccc1C#N,CHEMBL204
CHEMBL433044,CCc1cc(OCCCONC(=N)N)cc(OS(=O)(=O)c2ccccc2S(C)(=O)=O)c1,CHEMBL204
CHEMBL283011,Cc1ccc(S(=O)(=O)N(c2cccc(OCCNc3ccncc3)c2)S(=O)(=O)c2ccc(C)cc2)cc1,CHEMBL204
CHEMBL79467,N=C(N)N1CCC[C@H](NC(=O)CN2CCC[C@@](N)(Cc3ccccc3)C2=O)[C@@H]1O,CHEMBL204
CHEMBL3084828,N[C@H]1CC[C@H](C(NC(=O)[C@@H]2CC[C@H]3CN(S(=O)(=O)Cc4ccccc4)CC(=O)N32)C(=O)C(=O)O)CC1,CHEMBL204
CHEMBL290455,Cc1cc(OCC(F)CON=C(N)N)cc(OS(=O)(=O)c2ccccc2S(C)(=O)=O)c1,CHEMBL204
CHEMBL37251,Cc1cc(C(=O)Nc2ccc(-c3ccccc3S(N)(=O)=O)cc2)n(-c2cccc(C(=N)N)c2)n1,CHEMBL204
CHEMBL37583,Cc1cc(OCCCON=C(N)N)cc(OS(=O)(=O)c2ccccc2C#N)c1,CHEMBL204
CHEMBL36943,COc1ccccc1S(=O)(=O)Oc1cc(C)cc(OCCCON=C(N)N)c1,CHEMBL204
CHEMBL36099,Cc1cc(OCC(O)CON=C(N)N)cc(OS(=O)(=O)c2ccccc2S(C)(=O)=O)c1,CHEMBL204
CHEMBL24987,CN(CC(=O)N[C@@H](CCCCN)C(=O)C(=O)Nc1ccc(Oc2ccc(N)cc2)cc1)C(=O)c1ccccc1Sc1ccccc1C#N,CHEMBL204
CHEMBL266551,CN(C(=O)[C@H](CC#Cc1ccc(N)c(N)c1)NS(=O)(=O)c1ccc2ccccc2c1)C1CCCC1,CHEMBL204
CHEMBL37889,Cc1cc(OCCCON=C(N)N)cc(OS(=O)(=O)c2cccc3cccnc23)c1,CHEMBL204
CHEMBL289367,Cc1cc(OCCCON=C(N)N)cc(OS(=O)(=O)c2cccc3c2NCCC3)c1,CHEMBL204
CHEMBL25118,COc1cc(OCCNc2ccncc2)cc(S(=O)(=O)c2ccccc2)c1,CHEMBL204
CHEMBL3084833,COC(=O)C(=O)C(NC(=O)[C@@H]1CC[C@H]2CN(S(=O)(=O)Cc3ccccc3)CC(=O)N21)[C@H]1CC[C@H](N)CC1,CHEMBL204
CHEMBL352564,NC1CCC(CNC(=O)[C@@H]2CCCN2C(=O)[C@@H](Cc2ccccc2)NS(=O)(=O)Cc2ccccc2)CC1,CHEMBL204
CHEMBL22886,CN(CC(=O)N[C@@H](CCCCN)B(O)O)C(=O)c1ccccc1Sc1ccccc1,CHEMBL204
CHEMBL308232,CC(C)C[C@H](NC(=O)[C@H](Cc1ccccc1)NC(=O)CCCN=C(N)N)C(=O)N[C@@H](CC1CCCCC1)[C@@H](O)c1nccs1,CHEMBL204
CHEMBL308232,CC(C)C[C@H](NC(=O)[C@H](Cc1ccccc1)NC(=O)CCCN=C(N)N)C(=O)N[C@@H](CC1CCCCC1)[C@@H](O)c1nccs1,CHEMBL204
CHEMBL421136,CCOC(=O)[C@]1(NS(=O)(=O)Cc2ccccc2)CCCN(CC(=O)N[C@H]2CCCN(C(=N)N)[C@H]2O)C1=O,CHEMBL204
CHEMBL286529,Cc1cc(OCCNc2ccncc2)cc(OS(=O)(=O)c2cccs2)c1,CHEMBL204
CHEMBL7758,CNc1ccc(C#CC[C@H](NS(=O)(=O)c2ccc3cc(OC)ccc3c2)C(=O)N(C)C2CCCC2)cc1,CHEMBL204
CHEMBL37669,CS(=O)(=O)c1ccccc1S(=O)(=O)Oc1cc(Cl)cc(OCCCON=C(N)N)c1,CHEMBL204
CHEMBL283553,CN(CC(=O)N[C@@H](CCCCN)B(O)O)C(=O)c1ccccc1Cc1ccccc1,CHEMBL204
CHEMBL3084831,CCCCOC(=O)C(=O)C(NC(=O)[C@@H]1CC[C@H]2CN(S(=O)(=O)Cc3ccccc3)CC(=O)N21)[C@H]1CC[C@H](N)CC1,CHEMBL204
CHEMBL434497,CS(=O)(=O)N[C@H](Cc1ccccc1)C(=O)N1CCC[C@H]1C(=O)NCC1CCC(N)CC1,CHEMBL204
CHEMBL3084827,CNC(=O)C(=O)C(NC(=O)[C@@H]1CC[C@H]2CN(S(=O)(=O)Cc3ccccc3)CC(=O)N21)[C@H]1CC[C@H](N)CC1,CHEMBL204
CHEMBL82524,N=C(N)N1CCC[C@H](NC(=O)CN2CCC[C@@](N)(Cc3ccccc3)C2=O)[C@H]1O,CHEMBL204
CHEMBL8122,CN(C(=O)[C@H](CC#Cc1ccc(N)cc1)NS(=O)(=O)c1ccc2ccccc2c1)C1CCCC1,CHEMBL204
CHEMBL22566,CN(CC(=O)N[C@@H](CCCCN)C(=O)C(=O)Nc1ccc(Oc2cccc(N)c2)cc1)C(=O)c1ccccc1Sc1ccccc1C#N,CHEMBL204
CHEMBL26452,CN(c1ccccc1)S(=O)(=O)c1cc(Cl)cc(OCCNc2ccncc2)c1,CHEMBL204
CHEMBL543817,Cl.Cn1cc(CNC(=O)[C@@H]2C=CCN2C(=O)[C@@H](CC2CCCCC2)NCC(=O)O)cc1C(=N)N,CHEMBL204
CHEMBL3084829,N[C@H]1CC[C@H](C(NC(=O)[C@@H]2CC[C@H]3CN(S(=O)(=O)Cc4ccccc4)CC(=O)N32)C(=O)c2nc3ccccc3s2)CC1,CHEMBL204
CHEMBL3084830,Cc1nc(C(=O)C(NC(=O)[C@@H]2CC[C@H]3CN(S(=O)(=O)Cc4ccccc4)CC(=O)N32)[C@H]2CC[C@H](N)CC2)sc1C(=O)O,CHEMBL204
CHEMBL37884,Cc1cc(OCCCON=C(N)N)cc(OS(=O)(=O)c2ccccc2S(=O)(=O)c2ccccc2)c1,CHEMBL204
CHEMBL3084832,N[C@H]1CC[C@H](C(NC(=O)[C@@H]2CC[C@H]3CN(S(=O)(=O)Cc4ccccc4)CC(=O)N32)C(=O)c2nccs2)CC1,CHEMBL204
CHEMBL3084834,N[C@H]1CC[C@H](C(NC(=O)[C@@H]2CC[C@H]3CN(S(=O)(=O)Cc4ccccc4)CC(=O)N32)C(=O)C(=O)NCC(=O)O)CC1,CHEMBL204
CHEMBL125181,CN[C@H](Cc1ccccc1)C(=O)N1CCC[C@H]1C(=O)NC[C@H]1CC[C@H](N)CC1,CHEMBL204
CHEMBL34925,C=C(CON=C(N)N)COc1cc(C)cc(OS(=O)(=O)c2ccccc2S(C)(=O)=O)c1,CHEMBL204
CHEMBL25188,O=S(=O)(Nc1cccc(OCCNc2ccncc2)c1)c1ccc(F)cc1,CHEMBL204
CHEMBL25522,Cc1cc(OCCNc2ccncc2)cc(OS(=O)(=O)c2ccccc2[N+](=O)[O-])c1,CHEMBL204
CHEMBL553108,CCCc1ccc(S(=O)(=O)N[C@@H](CC#Cc2ccc(NC)cc2)C(=O)N(C)C2CCCC2)cc1,CHEMBL204
CHEMBL36040,Cc1cc(OCC2(CONC(=N)N)CC2)cc(OS(=O)(=O)c2ccccc2S(C)(=O)=O)c1,CHEMBL204
CHEMBL279070,COc1ccccc1S(=O)(=O)N(CC(N)=O)c1cc(C)cc(OCCNc2ccncc2)c1,CHEMBL204
CHEMBL7124,CNc1ccc(C#CC[C@H](NS(=O)(=O)c2ccc3ccccc3c2)C(=O)N(C)C2CCCC2)cc1N,CHEMBL204
CHEMBL7964,CNc1ccc(C#CC[C@H](NS(=O)(=O)c2ccc3ccccc3c2)C(=O)N(C)C2CCCC2)cn1,CHEMBL204
CHEMBL3084837,CCSC(=O)C(=O)C(NC(=O)[C@@H]1CC[C@H]2CN(S(=O)(=O)Cc3ccccc3)CC(=O)N21)[C@H]1CC[C@H](N)CC1,CHEMBL204
CHEMBL24403,O=S(=O)(c1ccccc1)c1cc(Cl)cc(OCCNc2ccncc2)c1,CHEMBL204
CHEMBL2062141,CNC(=O)C(=O)[C@@H](NC(=O)[C@@H]1CCCN1C(=O)[C@@H](Cc1ccccc1)NC)[C@H]1CC[C@H](N)CC1,CHEMBL204
CHEMBL415479,CNc1ccc(C#CC[C@H](NS(=O)(=O)c2ccc3ccccc3c2)C(=O)N(C)C2CCCC2)cc1,CHEMBL204
CHEMBL38280,Cc1cc(OCCCON=C(N)N)cc(OS(=O)(=O)c2ccccc2N)c1,CHEMBL204
CHEMBL25105,N=C(N)c1ccc(OCCCCCCOc2ccc(C(=N)N)cc2)cc1,CHEMBL204
CHEMBL282549,CN(c1cccc(OCCNc2ccncc2)c1)S(=O)(=O)c1ccccc1,CHEMBL204
CHEMBL23813,O=S(=O)(Nc1cccc(OCCNc2ccncc2)c1)c1ccccc1,CHEMBL204
CHEMBL37894,Cc1cc(OCCCON=C(N)N)cc(OS(=O)(=O)c2cccc(S(C)(=O)=O)c2)c1,CHEMBL204
CHEMBL3084836,Cn1nnnc1C(=O)C(NC(=O)[C@@H]1CC[C@H]2CN(S(=O)(=O)Cc3ccccc3)CC(=O)N21)[C@H]1CC[C@H](N)CC1,CHEMBL204
CHEMBL279741,CN(CC(=O)N[C@@H](CCCCN)C(=O)C(=O)Nc1ccccc1)C(=O)c1ccccc1Sc1ccccc1C#N,CHEMBL204
CHEMBL25246,O=S(=O)(c1ccccc1)c1cccc(OCCNc2ccncc2)c1,CHEMBL204
CHEMBL34483,CS(=O)(=O)c1ccccc1S(=O)(=O)Oc1cc(F)cc(OCC2(CON=C(N)N)CC2)c1,CHEMBL204
CHEMBL416795,NC1CCC(CNC(=O)[C@@H]2CCCN2C(=O)[C@H](N)C(c2ccccc2)c2ccccc2)CC1,CHEMBL204
CHEMBL544558,CC[C@@H]1CC(C(=O)NCc2ccc(C(=N)N)cc2)N2C(=O)[C@](N)(CC3=CCCCC3)C[C@H](OC)[C@H]12.Cl,CHEMBL204
CHEMBL102589,CC[C@@H](C(=O)N1CCC[C@H]1C(=O)N[C@H](C=O)CCCN=C(N)N)c1ccccc1,CHEMBL204
CHEMBL105902,CC(C)(C)OC(=O)NC(C(=O)N1CCC[C@H]1C(=O)N[C@H](C=O)CCCN=C(N)N)c1cccc2ccccc12,CHEMBL204
CHEMBL319930,CC(C)(C)OC(=O)N[C@@H](C(=O)N1CCC[C@H]1C(=O)N[C@H](C=O)CCCN=C(N)N)C1CCCCC1,CHEMBL204
CHEMBL321322,CC(C)(C)OC(=O)N[C@@H](C(=O)N1CCC[C@H]1C(=O)N[C@H](C=O)CCCN=C(N)N)c1ccc(O)cc1,CHEMBL204
CHEMBL105205,CN[C@@H](C(=O)N1CCC[C@H]1C(=O)N[C@H](C=O)CCCN=C(N)N)c1ccccc1,CHEMBL204
CHEMBL102216,CC(C)(C)OC(=O)N[C@@H](C(=O)N1CCC[C@H]1C(=O)N[C@H](C=O)CCCN=C(N)N)c1ccc(F)cc1,CHEMBL204
CHEMBL553531,C[C@]1(O)CC[C@@H]2CCC(C(=O)NCc3ccc(C(=N)N)cc3)N2C1=O.Cl,CHEMBL204
CHEMBL542435,CC[C@@H]1CC(C(=O)NCc2ccc(C(=N)N)cc2)N2C(=O)[C@](N)(Cc3ccccc3)C[C@H](OC)[C@H]12.Cl,CHEMBL204
CHEMBL104305,NC(N)=NCCC[C@@H](C=O)NC(=O)[C@@H]1CCCN1C(=O)[C@H](N)c1ccccc1,CHEMBL204
CHEMBL318518,CC(C)(C)OC(=O)N[C@@H](C(=O)N1CCC[C@H]1C(=O)N[C@H](C=O)CCCN=C(N)N)c1ccc2ccccc2c1,CHEMBL204
CHEMBL318998,CC(C)(C)OC(=O)N[C@@H](C(=O)N1CCC[C@H]1C(=O)N[C@H](C=O)CCCN=C(N)N)c1ccccc1,CHEMBL204
CHEMBL320028,CC(C)(C)OC(=O)N[C@@H](C(=O)N1CCC[C@H]1C(=O)N[C@H](C=O)CCCN=C(N)N)c1cccc2ccccc12,CHEMBL204
CHEMBL105177,N=C(N)NCCC[C@@H](C=O)NC(=O)[C@@H]1CCCN1C(=O)[C@H]1NCCc2ccccc21,CHEMBL204
CHEMBL102552,N=C(N)NCCC[C@@H](C=O)NC(=O)[C@@H]1CCCN1C(=O)[C@@H]1Cc2ccccc2CN1,CHEMBL204
CHEMBL419543,CC(C)(C)OC(=O)N[C@@H](C(=O)N1CCC[C@H]1C(=O)N[C@H](C=O)CCCN=C(N)N)c1cccc(C(F)(F)F)c1,CHEMBL204
CHEMBL105902,CC(C)(C)OC(=O)NC(C(=O)N1CCC[C@H]1C(=O)N[C@H](C=O)CCCN=C(N)N)c1cccc2ccccc12,CHEMBL204
CHEMBL177607,CO[C@@H](C(=O)N1CCC[C@H]1C(=O)N[C@H](C=O)CCCN=C(N)N)c1ccccc1,CHEMBL204
CHEMBL544560,Cl.N=C(N)c1ccc(CNC(=O)C2CC[C@H]3CC[C@@](O)(Cc4ccccc4)C(=O)N23)cc1,CHEMBL204
CHEMBL544560,Cl.N=C(N)c1ccc(CNC(=O)C2CC[C@H]3CC[C@@](O)(Cc4ccccc4)C(=O)N23)cc1,CHEMBL204
CHEMBL542434,CO[C@H]1C[C@@](O)(Cc2ccccc2)C(=O)N2C(C(=O)NCc3ccc(C(=N)N)cc3)CC[C@@H]12.Cl,CHEMBL204
CHEMBL104472,CC(C)(C)OC(=O)N[C@H](Cc1ccccc1)C(=O)N1CCC[C@H]1C(=O)N[C@H](C=O)CCCN=C(N)N,CHEMBL204
CHEMBL317856,C[C@@H](C(=O)N1CCC[C@H]1C(=O)N[C@H](C=O)CCCN=C(N)N)c1ccccc1,CHEMBL204
CHEMBL174995,CN(C)C(=O)COc1ccc2c3ccccc3n(Cc3ccc4ccc(C(=N)N)cc4c3)c2c1,CHEMBL204
CHEMBL50467,CN(C)c1cccc2c(S(=O)(=O)NN=C(N)N)cccc12,CHEMBL204
CHEMBL268177,Nc1ccc(S(N)(=O)=O)cc1I,CHEMBL205
CHEMBL268439,Nc1ccc(S(=O)(=O)Nc2nnc(S(N)(=O)=O)s2)cc1,CHEMBL205
CHEMBL544127,CC(C)CN(C)Cc1cc(C(=O)c2csc(S(N)(=O)=O)c2)ccc1O.Cl,CHEMBL205
CHEMBL148167,NS(=O)(=O)c1ccc(NC(S)=NC(Cc2c[nH]cn2)C(=O)NCC(=O)O)cc1,CHEMBL205
CHEMBL358290,NS(=O)(=O)c1ccc(N/C(S)=N\CCc2ccccc2)cc1,CHEMBL205
CHEMBL148426,NS(=O)(=O)c1ccc(N/C(S)=N\CCc2c[nH]cn2)cc1,CHEMBL205
CHEMBL144766,NS(=O)(=O)c1ccc(N/C(S)=N\c2ccccc2C(=O)O)cc1,CHEMBL205
CHEMBL356059,NS(=O)(=O)c1ccc(N/C(S)=N/C(CCC(=O)O)C(=O)O)cc1,CHEMBL205
CHEMBL144970,NS(=O)(=O)c1ccc(N/C(S)=N/C(Cc2c[nH]c3ccccc23)C(=O)O)cc1,CHEMBL205
CHEMBL144186,CC(O)C(/N=C(\S)Nc1ccc(S(N)(=O)=O)cc1)C(=O)O,CHEMBL205
CHEMBL340519,COc1ccc(C(=O)c2coc(S(N)(=O)=O)c2)cc1,CHEMBL205
CHEMBL144982,CC(/N=C(/S)Nc1ccc(S(N)(=O)=O)cc1)C(=O)O,CHEMBL205
CHEMBL2370954,NS(=O)(=O)c1ccc(NC(=S)N2CCC[C@H]2C(=O)NCC(=O)NCC(=O)O)cc1,CHEMBL205
CHEMBL218490,CCN[C@H]1C[C@H](C)S(=O)(=O)c2sc(S(N)(=O)=O)cc21,CHEMBL205
CHEMBL144006,NC(=O)CC(/N=C(\S)Nc1ccc(S(N)(=O)=O)cc1)C(=O)O,CHEMBL205
CHEMBL344132,NS(=O)(=O)c1ccc(N/C(S)=N/C(Cc2ccc(O)cc2)C(=O)O)cc1,CHEMBL205
CHEMBL541089,CN(C)Cc1cc(C(=O)c2csc(S(N)(=O)=O)c2)ccc1O.Cl,CHEMBL205
CHEMBL541089,CN(C)Cc1cc(C(=O)c2csc(S(N)(=O)=O)c2)ccc1O.Cl,CHEMBL205
CHEMBL147385,CCC(C)C(/N=C(\S)Nc1ccc(S(N)(=O)=O)cc1)C(=O)O,CHEMBL205
CHEMBL865,Cc1onc(-c2ccccc2)c1-c1ccc(S(N)(=O)=O)cc1,CHEMBL205
CHEMBL144667,NS(=O)(=O)c1ccc(N/C(S)=N\Cc2ccccn2)cc1,CHEMBL205
CHEMBL144122,NS(=O)(=O)c1ccc(N/C(S)=N/C(Cc2ccccc2)C(=O)O)cc1,CHEMBL205
CHEMBL344316,NS(=O)(=O)c1ccc(N/C(S)=N\c2cccc(C(=O)O)c2)cc1,CHEMBL205
CHEMBL148387,CC(/N=C(/S)Nc1ccc(S(N)(=O)=O)cc1)C(=O)NC(Cc1ccccc1)C(=O)O,CHEMBL205
CHEMBL555153,Cl.NS(=O)(=O)c1cc(S(=O)(=O)c2ccc(CN3CCOCC3)cc2)cs1,CHEMBL205
CHEMBL555153,Cl.NS(=O)(=O)c1cc(S(=O)(=O)c2ccc(CN3CCOCC3)cc2)cs1,CHEMBL205
CHEMBL539817,CC(C)CN(C)Cc1cc(S(=O)(=O)c2csc(S(N)(=O)=O)c2)ccc1O.Cl,CHEMBL205
CHEMBL147726,NS(=O)(=O)c1ccc(N/C(S)=N/C(CC(=O)O)C(=O)O)cc1,CHEMBL205
CHEMBL544355,CC(C)CCNCc1cccc(C(=O)c2csc(S(N)(=O)=O)c2)c1.Cl,CHEMBL205
CHEMBL554875,CN1CCN(Cc2ccc(S(=O)(=O)c3csc(S(N)(=O)=O)c3)cc2)CC1.Cl,CHEMBL205
CHEMBL7092,Nc1ccc(S(N)(=O)=O)cc1Cl,CHEMBL205
CHEMBL17,NS(=O)(=O)c1cc(Cl)c(Cl)c(S(N)(=O)=O)c1,CHEMBL205
CHEMBL559014,CN1CCN(Cc2ccccc2S(=O)(=O)c2csc(S(N)(=O)=O)c2)CC1.Cl,CHEMBL205
CHEMBL553909,CN(C)Cc1cc(S(=O)(=O)c2coc(S(N)(=O)=O)c2)ccc1O.Cl,CHEMBL205
CHEMBL553909,CN(C)Cc1cc(S(=O)(=O)c2coc(S(N)(=O)=O)c2)ccc1O.Cl,CHEMBL205
CHEMBL553909,CN(C)Cc1cc(S(=O)(=O)c2coc(S(N)(=O)=O)c2)ccc1O.Cl,CHEMBL205
CHEMBL19,CC(=O)/N=c1/sc(S(N)(=O)=O)nn1C,CHEMBL205
CHEMBL7087,NCCc1ccc(S(N)(=O)=O)cc1,CHEMBL205
CHEMBL148069,NS(=O)(=O)c1ccc(N/C(S)=N/C(CO)C(=O)O)cc1,CHEMBL205
CHEMBL144537,NS(=O)(=O)c1ccc(NC(=S)N2CCCC2C(=O)O)cc1,CHEMBL205
CHEMBL545057,CCN(CC)Cc1cc(S(=O)(=O)c2csc(S(N)(=O)=O)c2)ccc1O.Cl,CHEMBL205
CHEMBL123923,Cc1ccc(S(=O)(=O)c2coc(S(N)(=O)=O)c2)cc1,CHEMBL205
CHEMBL20,CC(=O)Nc1nnc(S(N)(=O)=O)s1,CHEMBL205
CHEMBL218490,CCN[C@H]1C[C@H](C)S(=O)(=O)c2sc(S(N)(=O)=O)cc21,CHEMBL205
CHEMBL20,CC(=O)Nc1nnc(S(N)(=O)=O)s1,CHEMBL205
CHEMBL421940,NS(=O)(=O)c1ccc(N/C(S)=N\CCC(=O)O)cc1,CHEMBL205
CHEMBL357601,CSCCC(/N=C(\S)Nc1ccc(S(N)(=O)=O)cc1)C(=O)O,CHEMBL205
CHEMBL421767,NC(=O)CCC(/N=C(\S)Nc1ccc(S(N)(=O)=O)cc1)C(=O)O,CHEMBL205
CHEMBL544827,CC(C)CNCc1ccc(C(=O)c2csc(S(N)(=O)=O)c2)cc1.Cl,CHEMBL205
CHEMBL6853,Nc1ccc(S(N)(=O)=O)cc1F,CHEMBL205
CHEMBL540329,CNCc1ccc(C(=O)c2csc(S(N)(=O)=O)c2)cc1.Cl,CHEMBL205
CHEMBL541087,CCCCNCc1ccc(C(=O)c2csc(S(N)(=O)=O)c2)cc1.Cl,CHEMBL205
CHEMBL342088,NS(=O)(=O)c1ccc(N/C(S)=N/CC(=O)NCC(=O)O)cc1,CHEMBL205
CHEMBL144786,CC(C)CC(/N=C(\S)Nc1ccc(S(N)(=O)=O)cc1)C(=O)NCC(=O)O,CHEMBL205
CHEMBL127817,NS(=O)(=O)c1cc(S(=O)(=O)c2cccc(O)c2)cs1,CHEMBL205
CHEMBL145256,NS(=O)(=O)c1ccc(N/C(S)=N\c2ccc(C(=O)O)cc2)cc1,CHEMBL205
CHEMBL541341,CN1CCN(Cc2ccc(C(=O)c3csc(S(N)(=O)=O)c3)cc2)CC1.Cl,CHEMBL205
CHEMBL555312,CC(C)CNCc1ccc(S(=O)(=O)c2csc(S(N)(=O)=O)c2)cc1O.Cl,CHEMBL205
CHEMBL356322,NS(=O)(=O)c1ccc(N/C(S)=N\CC(=O)O)cc1,CHEMBL205
CHEMBL342050,CC(C)CC(/N=C(\S)Nc1ccc(S(N)(=O)=O)cc1)C(=O)O,CHEMBL205
CHEMBL555186,CC(C)CNCc1cccc(C(=O)c2csc(S(N)(=O)=O)c2)c1.Cl,CHEMBL205
CHEMBL555186,CC(C)CNCc1cccc(C(=O)c2csc(S(N)(=O)=O)c2)c1.Cl,CHEMBL205
CHEMBL144322,NS(=O)(=O)c1ccc(N/C(S)=N\CCCC(=O)O)cc1,CHEMBL205
CHEMBL262726,COc1ccc(S(=O)(=O)c2csc(S(N)(=O)=O)c2)cc1,CHEMBL205
CHEMBL6724,Nc1ccc(S(N)(=O)=O)cc1Br,CHEMBL205
CHEMBL357388,NS(=O)(=O)c1ccc(N/C(S)=N/C(CC(=O)O)C(=O)NC(CC(=O)O)C(=O)O)cc1,CHEMBL205
CHEMBL3143261,NS(=O)(=O)c1ccc(NC(=S)N[C@@H](CC(=O)O)C(=O)N[C@@H](CC(=O)O)C(=O)N[C@@H](CC(=O)O)C(=O)N[C@@H](CC(=O)O)C(=O)O)cc1,CHEMBL205
CHEMBL269122,Nc1ccc(S(=O)(=O)Nc2ccc(S(N)(=O)=O)cc2)cc1,CHEMBL205
CHEMBL357475,NCCCCC(/N=C(\S)Nc1ccc(S(N)(=O)=O)cc1)C(=O)O,CHEMBL205
CHEMBL557231,Cl.NS(=O)(=O)c1cc(S(=O)(=O)c2ccccc2CNCc2ccccn2)cs1,CHEMBL205
CHEMBL333747,NS(=O)(=O)c1cc(S(=O)(=O)c2ccc(O)cc2)co1,CHEMBL205
CHEMBL144352,NS(=O)(=O)c1ccc(N/C(S)=N/CCC(=O)NC(Cc2c[nH]cn2)C(=O)O)cc1,CHEMBL205
CHEMBL341530,NS(=O)(=O)c1cc(S(=O)(=O)c2ccc(O)cc2)cs1,CHEMBL205
CHEMBL341530,NS(=O)(=O)c1cc(S(=O)(=O)c2ccc(O)cc2)cs1,CHEMBL205
CHEMBL539558,CCCCNCc1ccc(S(=O)(=O)c2csc(S(N)(=O)=O)c2)cc1.Cl,CHEMBL205
CHEMBL17,NS(=O)(=O)c1cc(Cl)c(Cl)c(S(N)(=O)=O)c1,CHEMBL205
CHEMBL146887,CC(C)C(/N=C(\S)Nc1ccc(S(N)(=O)=O)cc1)C(=O)O,CHEMBL205
CHEMBL538536,CCN(CC)Cc1cc(S(=O)(=O)c2coc(S(N)(=O)=O)c2)ccc1O.Cl,CHEMBL205
CHEMBL538536,CCN(CC)Cc1cc(S(=O)(=O)c2coc(S(N)(=O)=O)c2)ccc1O.Cl,CHEMBL205
CHEMBL555355,Cl.NS(=O)(=O)c1cc(C(=O)c2cccc(CN3CCOCC3)c2)cs1,CHEMBL205
CHEMBL555355,Cl.NS(=O)(=O)c1cc(C(=O)c2cccc(CN3CCOCC3)c2)cs1,CHEMBL205
CHEMBL543415,CC(C)CNCc1ccc(S(=O)(=O)c2csc(S(N)(=O)=O)c2)cc1.Cl,CHEMBL205
CHEMBL543415,CC(C)CNCc1ccc(S(=O)(=O)c2csc(S(N)(=O)=O)c2)cc1.Cl,CHEMBL205
CHEMBL541597,CC(C)(C)NCc1ccc(S(=O)(=O)c2csc(S(N)(=O)=O)c2)cc1.Cl,CHEMBL205
CHEMBL7146,Nc1ccc(S(=O)(=O)NCCc2ccc(S(N)(=O)=O)cc2)cc1,CHEMBL205
CHEMBL19,CC(=O)/N=c1/sc(S(N)(=O)=O)nn1C,CHEMBL205
CHEMBL545756,Cl.NS(=O)(=O)c1cc(C(=O)c2ccc(CN3CCOCC3)cc2)cs1,CHEMBL205
CHEMBL545756,Cl.NS(=O)(=O)c1cc(C(=O)c2ccc(CN3CCOCC3)cc2)cs1,CHEMBL205
CHEMBL541856,CC(C)CNCc1cccc(S(=O)(=O)c2csc(S(N)(=O)=O)c2)c1.Cl,CHEMBL205
CHEMBL144383,NS(=O)(=O)c1ccc(N/C(S)=N/C(C(=O)O)c2ccccc2)cc1,CHEMBL205
CHEMBL144716,NS(=O)(=O)c1ccc(N/C(S)=N/C(CS)C(=O)O)cc1,CHEMBL205
CHEMBL143992,NS(=O)(=O)c1ccc(N/C(S)=N/C(Cc2ccc(O)c(O)c2)C(=O)O)cc1,CHEMBL205
CHEMBL540835,Cl.NS(=O)(=O)c1cc(C(=O)c2ccc(CNCc3ccccc3)cc2)cs1,CHEMBL205
CHEMBL542219,CCN(CC)Cc1cc(C(=O)c2csc(S(N)(=O)=O)c2)ccc1O.Cl,CHEMBL205
CHEMBL542219,CCN(CC)Cc1cc(C(=O)c2csc(S(N)(=O)=O)c2)ccc1O.Cl,CHEMBL205
CHEMBL541080,CN(C)Cc1cc(S(=O)(=O)c2csc(S(N)(=O)=O)c2)ccc1O.Cl,CHEMBL205
CHEMBL123979,COc1ccc(S(=O)(=O)c2coc(S(N)(=O)=O)c2)cc1,CHEMBL205
CHEMBL21,Nc1ccc(S(N)(=O)=O)cc1,CHEMBL205
CHEMBL266026,Nc1ccc(S(=O)(=O)NCc2ccc(S(N)(=O)=O)cc2)cc1,CHEMBL205
CHEMBL125102,NS(=O)(=O)c1cc(C(=O)c2ccc(O)cc2)cs1,CHEMBL205
CHEMBL341037,Cc1ccc(C(=O)c2csc(S(N)(=O)=O)c2)cc1,CHEMBL205
CHEMBL555588,CC(C)CNCc1ccccc1S(=O)(=O)c1csc(S(N)(=O)=O)c1.Cl,CHEMBL205
CHEMBL555588,CC(C)CNCc1ccccc1S(=O)(=O)c1csc(S(N)(=O)=O)c1.Cl,CHEMBL205
CHEMBL144818,NS(=O)(=O)c1ccc(N=C=S)cc1,CHEMBL205
CHEMBL545527,CCN(CC)Cc1ccc(S(=O)(=O)c2csc(S(N)(=O)=O)c2)cc1O.Cl,CHEMBL205
CHEMBL419,NCc1ccc(S(N)(=O)=O)cc1,CHEMBL205
CHEMBL6705,Nc1ccccc1S(N)(=O)=O,CHEMBL205
CHEMBL18,CCOc1ccc2nc(S(N)(=O)=O)sc2c1,CHEMBL205
CHEMBL344757,N=C(N)NCCCC(/N=C(\S)Nc1ccc(S(N)(=O)=O)cc1)C(=O)O,CHEMBL205
CHEMBL413114,COc1ccc(C(=O)c2csc(S(N)(=O)=O)c2)cc1,CHEMBL205
CHEMBL333588,Cc1ccc(S(=O)(=O)c2csc(S(N)(=O)=O)c2)cc1,CHEMBL205
CHEMBL144946,NS(=O)(=O)c1ccc(N/C(S)=N/C(C(=O)O)C(O)c2ccccc2)cc1,CHEMBL205
CHEMBL144301,NS(=O)(=O)c1ccc(N/C(S)=N/C(Cc2c[nH]cn2)C(=O)O)cc1,CHEMBL205
CHEMBL143891,NS(=O)(=O)c1ccc(NC(S)=NC(Cc2c[nH]cn2)C(=O)NC(Cc2ccccc2)C(=O)O)cc1,CHEMBL205
CHEMBL544826,CCC(C)NCc1cccc(S(=O)(=O)c2csc(S(N)(=O)=O)c2)c1.Cl,CHEMBL205
CHEMBL143033,NS(=O)(=O)c1ccc(N/C(S)=N\CCc2ccccn2)cc1,CHEMBL205
CHEMBL544129,Cl.NS(=O)(=O)c1cc(S(=O)(=O)c2ccc(CNCc3ccccn3)cc2)cs1,CHEMBL205
CHEMBL554012,CC(C)NCc1cccc(S(=O)(=O)c2csc(S(N)(=O)=O)c2)c1.Cl,CHEMBL205
CHEMBL544030,COCCNCc1cc2cc(S(N)(=O)=O)sc2s1.Cl,CHEMBL205
CHEMBL544030,COCCNCc1cc2cc(S(N)(=O)=O)sc2s1.Cl,CHEMBL205
CHEMBL554425,COCCN(CCOC)Cc1cc2cc(S(N)(=O)=O)sc2s1.Cl,CHEMBL205
CHEMBL554425,COCCN(CCOC)Cc1cc2cc(S(N)(=O)=O)sc2s1.Cl,CHEMBL205
CHEMBL543792,CC(C)CNCc1cc2sc(S(N)(=O)=O)cc2s1.Cl,CHEMBL205
CHEMBL543792,CC(C)CNCc1cc2sc(S(N)(=O)=O)cc2s1.Cl,CHEMBL205
CHEMBL104754,NS(=O)(=O)c1ccc(SCCCCO)c(F)c1,CHEMBL205
CHEMBL421060,NS(=O)(=O)OCCOc1ccc(-n2ccnc2)cc1,CHEMBL205
CHEMBL69114,CN(C)Cc1cc(S(=O)(=O)c2ccc(S(N)(=O)=O)s2)ccc1O,CHEMBL205
CHEMBL540026,Cl.NS(=O)(=O)c1cc2cc(CN3CCOCC3)sc2s1,CHEMBL205
CHEMBL540026,Cl.NS(=O)(=O)c1cc2cc(CN3CCOCC3)sc2s1,CHEMBL205
CHEMBL553832,COCCOCCNC(C)c1cc2cc(S(N)(=O)=O)sc2s1.Cl,CHEMBL205
CHEMBL553832,COCCOCCNC(C)c1cc2cc(S(N)(=O)=O)sc2s1.Cl,CHEMBL205
CHEMBL555385,CNCc1cc2cc(S(N)(=O)=O)sc2s1.Cl,CHEMBL205
CHEMBL555385,CNCc1cc2cc(S(N)(=O)=O)sc2s1.Cl,CHEMBL205
CHEMBL20,CC(=O)Nc1nnc(S(N)(=O)=O)s1,CHEMBL205
CHEMBL20,CC(=O)Nc1nnc(S(N)(=O)=O)s1,CHEMBL205
CHEMBL20,CC(=O)Nc1nnc(S(N)(=O)=O)s1,CHEMBL205
CHEMBL554042,Cl.NS(=O)(=O)c1cc2cc(CN(CCO)CCO)sc2s1,CHEMBL205
CHEMBL554042,Cl.NS(=O)(=O)c1cc2cc(CN(CCO)CCO)sc2s1,CHEMBL205
CHEMBL552892,CNCc1cc2sc(S(N)(=O)=O)cc2s1.Cl,CHEMBL205
CHEMBL552892,CNCc1cc2sc(S(N)(=O)=O)cc2s1.Cl,CHEMBL205
CHEMBL20,CC(=O)Nc1nnc(S(N)(=O)=O)s1,CHEMBL205
CHEMBL552890,Cl.NS(=O)(=O)c1cc2cc(CNCCO)sc2s1,CHEMBL205
CHEMBL17,NS(=O)(=O)c1cc(Cl)c(Cl)c(S(N)(=O)=O)c1,CHEMBL205
CHEMBL1160966,NC(=O)NCCOCCOCCNC(=O)c1ccc(S(N)(=O)=O)cc1,CHEMBL205
CHEMBL543798,COCCOCCCNCc1cc2cc(S(N)(=O)=O)sc2s1.Cl,CHEMBL205
CHEMBL104621,NS(=O)(=O)c1ccc(S(=O)(=O)CCCCO)s1,CHEMBL205
CHEMBL543561,Cl.NS(=O)(=O)c1cc2cc(CNC(CO)CO)sc2s1,CHEMBL205
CHEMBL556132,COCCNCc1cc2sc(S(N)(=O)=O)cc2s1.Cl,CHEMBL205
CHEMBL556132,COCCNCc1cc2sc(S(N)(=O)=O)cc2s1.Cl,CHEMBL205
CHEMBL51975,NS(=O)(=O)c1cc2cc(C(=O)NCC(O)CO)sc2s1,CHEMBL205
CHEMBL51975,NS(=O)(=O)c1cc2cc(C(=O)NCC(O)CO)sc2s1,CHEMBL205
CHEMBL121137,CC(C)(C)C(=O)Oc1ccc2sc(S(N)(=O)=O)cc2c1,CHEMBL205
CHEMBL538245,CC(C)CNCc1cc2cc(S(N)(=O)=O)sc2s1.Cl,CHEMBL205
CHEMBL538245,CC(C)CNCc1cc2cc(S(N)(=O)=O)sc2s1.Cl,CHEMBL205
CHEMBL543319,COCCOCCN(CCOC)C(C)c1cc2cc(S(N)(=O)=O)sc2s1.Cl,CHEMBL205
CHEMBL543319,COCCOCCN(CCOC)C(C)c1cc2cc(S(N)(=O)=O)sc2s1.Cl,CHEMBL205
CHEMBL105080,NS(=O)(=O)c1cc2cc(CN3CCOCC3)sc2o1,CHEMBL205
CHEMBL105080,NS(=O)(=O)c1cc2cc(CN3CCOCC3)sc2o1,CHEMBL205
CHEMBL542372,COCCCNCc1cc2cc(S(N)(=O)=O)sc2s1.Cl,CHEMBL205
CHEMBL555543,Cl.NS(=O)(=O)c1cc2cc(CN3CCSCC3)sc2s1,CHEMBL205
CHEMBL555543,Cl.NS(=O)(=O)c1cc2cc(CN3CCSCC3)sc2s1,CHEMBL205
CHEMBL544731,Cl.NS(=O)(=O)c1cc2cc(C(=O)NCCN3CCSCC3)sc2s1,CHEMBL205
CHEMBL544731,Cl.NS(=O)(=O)c1cc2cc(C(=O)NCCN3CCSCC3)sc2s1,CHEMBL205
CHEMBL542122,CC(C=O)N(Cc1cc2cc(S(N)(=O)=O)sc2s1)C(C)C=O.Cl,CHEMBL205
CHEMBL542122,CC(C=O)N(Cc1cc2cc(S(N)(=O)=O)sc2s1)C(C)C=O.Cl,CHEMBL205
CHEMBL544738,COCCN(CCOC)Cc1cc2sc(S(N)(=O)=O)cc2s1.Cl,CHEMBL205
CHEMBL544738,COCCN(CCOC)Cc1cc2sc(S(N)(=O)=O)cc2s1.Cl,CHEMBL205
CHEMBL545431,Cl.NS(=O)(=O)c1cc2cc(C(=O)NCCN3CCOCC3)sc2s1,CHEMBL205
CHEMBL545431,Cl.NS(=O)(=O)c1cc2cc(C(=O)NCCN3CCOCC3)sc2s1,CHEMBL205
CHEMBL122708,C[C@]12CC[C@@H]3c4ccc(OS(N)(=O)=O)cc4CC[C@H]3[C@@H]1CCC2=O,CHEMBL205
CHEMBL120304,NC(=O)Nc1ccc(S(=O)(=O)Nc2ccc(S(N)(=O)=O)cc2)cc1,CHEMBL205
CHEMBL218490,CCN[C@H]1C[C@H](C)S(=O)(=O)c2sc(S(N)(=O)=O)cc21,CHEMBL205
CHEMBL218490,CCN[C@H]1C[C@H](C)S(=O)(=O)c2sc(S(N)(=O)=O)cc21,CHEMBL205
CHEMBL52944,NS(=O)(=O)c1cc2cc(CN3CC[S+]([O-])CC3)sc2s1,CHEMBL205
CHEMBL52944,NS(=O)(=O)c1cc2cc(CN3CC[S+]([O-])CC3)sc2s1,CHEMBL205
CHEMBL541810,COCCN(CCNC(=O)c1cc2cc(S(N)(=O)=O)sc2s1)CCOC.Cl,CHEMBL205
CHEMBL1160416,NCC(=O)NCCOCCOCCNC(=O)c1ccc(S(N)(=O)=O)cc1,CHEMBL205
CHEMBL553217,C[S+]([O-])CCNCc1cc2cc(S(N)(=O)=O)sc2s1.Cl,CHEMBL205
CHEMBL553217,C[S+]([O-])CCNCc1cc2cc(S(N)(=O)=O)sc2s1.Cl,CHEMBL205
CHEMBL333193,NS(=O)(=O)c1cc2c(s1)S(=O)(=O)CCC2,CHEMBL205
CHEMBL333193,NS(=O)(=O)c1cc2c(s1)S(=O)(=O)CCC2,CHEMBL205
CHEMBL417975,CC(C)CN[C@H]1CCS(=O)(=O)c2sc(S(N)(=O)=O)cc21,CHEMBL205
CHEMBL417975,CC(C)CN[C@H]1CCS(=O)(=O)c2sc(S(N)(=O)=O)cc21,CHEMBL205
CHEMBL84649,COC(C)(C)C(=O)Oc1ccc2nc(S(N)(=O)=O)sc2c1,CHEMBL205
CHEMBL553951,Cl.NS(=O)(=O)c1cc2cc(CNCC3CC3)sc2s1,CHEMBL205
CHEMBL553951,Cl.NS(=O)(=O)c1cc2cc(CNCC3CC3)sc2s1,CHEMBL205
CHEMBL50395,COCCOCCN(CCOC)C(Cc1ccc(F)cc1)c1cc2cc(S(N)(=O)=O)sc2s1,CHEMBL205
CHEMBL50395,COCCOCCN(CCOC)C(Cc1ccc(F)cc1)c1cc2cc(S(N)(=O)=O)sc2s1,CHEMBL205
CHEMBL18,CCOc1ccc2nc(S(N)(=O)=O)sc2c1,CHEMBL205
CHEMBL67511,NS(=O)(=O)C(F)(F)F,CHEMBL205
CHEMBL555889,CN(C)CCNC(=O)c1cc2cc(S(N)(=O)=O)sc2s1.Cl,CHEMBL205
CHEMBL555889,CN(C)CCNC(=O)c1cc2cc(S(N)(=O)=O)sc2s1.Cl,CHEMBL205
CHEMBL51097,NS(=O)(=O)c1cc2cc(C(=O)N(CCO)CCO)sc2s1,CHEMBL205
CHEMBL51097,NS(=O)(=O)c1cc2cc(C(=O)N(CCO)CCO)sc2s1,CHEMBL205
CHEMBL120418,NS(=O)(=O)c1cc2c(s1)C(=O)CCS2,CHEMBL205
CHEMBL120418,NS(=O)(=O)c1cc2c(s1)C(=O)CCS2,CHEMBL205
CHEMBL1160965,N[C@@H](Cc1ccccc1)C(=O)NCCOCCOCCNC(=O)c1ccc(S(N)(=O)=O)cc1,CHEMBL205
CHEMBL120917,CC1(C)O[C@H]2[C@@H]3OS(=O)(=O)O[C@@H]3CC[C@@]2(COS(N)(=O)=O)O1,CHEMBL205
CHEMBL555542,Cl.NS(=O)(=O)c1cc2cc(CNCCCCO)sc2s1,CHEMBL205
CHEMBL475,C[C@H]1C[C@H](N)c2cc(S(N)(=O)=O)sc2S1(=O)=O,CHEMBL205
CHEMBL120728,CN(C)S(=O)(=O)Oc1ccc2nc(S(N)(=O)=O)sc2c1,CHEMBL205
CHEMBL19,CC(=O)/N=c1/sc(S(N)(=O)=O)nn1C,CHEMBL205
CHEMBL539259,CC(C)(C)NCc1cc2cc(S(N)(=O)=O)sc2s1.Cl,CHEMBL205
CHEMBL539259,CC(C)(C)NCc1cc2cc(S(N)(=O)=O)sc2s1.Cl,CHEMBL205
CHEMBL543559,COCCOCCN(CCOC)Cc1cc2cc(S(N)(=O)=O)sc2s1.Cl,CHEMBL205
CHEMBL543559,COCCOCCN(CCOC)Cc1cc2cc(S(N)(=O)=O)sc2s1.Cl,CHEMBL205
CHEMBL273822,CN[C@H]1C[C@H](C)S(=O)(=O)c2sc(S(N)(=O)=O)cc21,CHEMBL205
CHEMBL120046,COCCOCCN(CCOC)c1cc2cc(S(N)(=O)=O)sc2s1,CHEMBL205
CHEMBL120046,COCCOCCN(CCOC)c1cc2cc(S(N)(=O)=O)sc2s1,CHEMBL205
CHEMBL331858,COc1cccc(N2CCc3cc(S(N)(=O)=O)sc3S2(=O)=O)c1,CHEMBL205
CHEMBL53964,C[S+]([O-])CCNC(=O)c1cc2cc(S(N)(=O)=O)sc2s1,CHEMBL205
CHEMBL53964,C[S+]([O-])CCNC(=O)c1cc2cc(S(N)(=O)=O)sc2s1,CHEMBL205
CHEMBL555548,COCCOCCN(CCOCCOC)Cc1cc2cc(S(N)(=O)=O)sc2s1.Cl,CHEMBL205
CHEMBL555548,COCCOCCN(CCOCCOC)Cc1cc2cc(S(N)(=O)=O)sc2s1.Cl,CHEMBL205
CHEMBL544970,CSCCNCc1cc2cc(S(N)(=O)=O)sc2s1.Cl,CHEMBL205
CHEMBL544970,CSCCNCc1cc2cc(S(N)(=O)=O)sc2s1.Cl,CHEMBL205
CHEMBL121031,CCN[C@H]1CN(CCCCOC)S(=O)(=O)c2sc(S(N)(=O)=O)cc21,CHEMBL205
CHEMBL121031,CCN[C@H]1CN(CCCCOC)S(=O)(=O)c2sc(S(N)(=O)=O)cc21,CHEMBL205
CHEMBL333520,NS(=O)(=O)c1cc2cc(N3CCOCC3)sc2s1,CHEMBL205
CHEMBL333520,NS(=O)(=O)c1cc2cc(N3CCOCC3)sc2s1,CHEMBL205
CHEMBL121086,CC(C)(C)C(=O)Oc1ccc2cc(S(N)(=O)=O)oc2c1,CHEMBL205
CHEMBL50929,NCc1cc2cc(S(N)(=O)=O)sc2s1,CHEMBL205
CHEMBL544032,Cl.NS(=O)(=O)c1cc2cc(CNCCF)sc2s1,CHEMBL205
CHEMBL544032,Cl.NS(=O)(=O)c1cc2cc(CNCCF)sc2s1,CHEMBL205
CHEMBL333281,NS(=O)(=O)c1cc2cc(N3CCSCC3)sc2s1,CHEMBL205
CHEMBL333281,NS(=O)(=O)c1cc2cc(N3CCSCC3)sc2s1,CHEMBL205
CHEMBL539258,CS(=O)(=O)CCNCc1cc2cc(S(N)(=O)=O)sc2s1.Cl,CHEMBL205
CHEMBL539258,CS(=O)(=O)CCNCc1cc2cc(S(N)(=O)=O)sc2s1.Cl,CHEMBL205
CHEMBL120422,CCCCCCCCCS(=O)(=O)C(F)S(N)(=O)=O,CHEMBL205
CHEMBL553720,Cl.NS(=O)(=O)c1cc2cc(CNCC(F)(F)F)sc2s1,CHEMBL205
CHEMBL96020,COCCOC(=O)c1ccc(S(=O)(=O)/N=c2/sc(S(N)(=O)=O)nn2C)cc1,CHEMBL205
CHEMBL20,CC(=O)Nc1nnc(S(N)(=O)=O)s1,CHEMBL205
CHEMBL97141,NS(=O)(=O)c1nnc(NS(=O)(=O)c2cccc(C(=O)O)c2)s1,CHEMBL205
CHEMBL95545,CN(C)CCOCCOC(=O)c1ccc(S(=O)(=O)/N=c2/sc(S(N)(=O)=O)nn2C)cc1,CHEMBL205
CHEMBL18,CCOc1ccc2nc(S(N)(=O)=O)sc2c1,CHEMBL205
CHEMBL218490,CCN[C@H]1C[C@H](C)S(=O)(=O)c2sc(S(N)(=O)=O)cc21,CHEMBL205
CHEMBL265261,CC(CN(C)C)OC(=O)c1cccc(S(=O)(=O)Nc2nnc(S(N)(=O)=O)s2)c1,CHEMBL205
CHEMBL319110,COCCOC(=O)c1cccc(S(=O)(=O)Nc2nnc(S(N)(=O)=O)s2)c1,CHEMBL205
CHEMBL98389,CN(C)CCOC(=O)c1ccc(S(=O)(=O)Nc2nnc(S(N)(=O)=O)s2)cc1,CHEMBL205
CHEMBL418783,CN(C)CCOCCOC(=O)c1ccc(S(=O)(=O)Nc2nnc(S(N)(=O)=O)s2)cc1,CHEMBL205
CHEMBL318028,CN(C)CCOC(=O)c1cccc(S(=O)(=O)/N=c2/sc(S(N)(=O)=O)nn2C)c1,CHEMBL205
CHEMBL95943,CC(CN(C)C)OC(=O)c1cccc(S(=O)(=O)/N=c2/sc(S(N)(=O)=O)nn2C)c1,CHEMBL205
CHEMBL19,CC(=O)/N=c1/sc(S(N)(=O)=O)nn1C,CHEMBL205
CHEMBL100266,CN(C)CCOC(=O)c1cccc(S(=O)(=O)Nc2nnc(S(N)(=O)=O)s2)c1,CHEMBL205
CHEMBL73962,NS(=O)(=O)c1nnc(NS(=O)(=O)c2ccccc2)s1,CHEMBL205
CHEMBL95637,Cn1nc(S(N)(=O)=O)s/c1=N/S(=O)(=O)c1cccc(C(=O)O)c1,CHEMBL205
CHEMBL95421,COCCOC(=O)c1cccc(S(=O)(=O)/N=c2/sc(S(N)(=O)=O)nn2C)c1,CHEMBL205
CHEMBL317807,CN(C)CCOCCOC(=O)c1cccc(S(=O)(=O)/N=c2/sc(S(N)(=O)=O)nn2C)c1,CHEMBL205
CHEMBL328648,CN(C)CCOC(=O)c1ccc(S(=O)(=O)/N=c2/sc(S(N)(=O)=O)nn2C)cc1,CHEMBL205
CHEMBL329311,NS(=O)(=O)c1nnc(NS(=O)(=O)c2ccc(C(=O)O)cc2)s1,CHEMBL205
CHEMBL328633,NS(=O)(=O)c1nnc(NS(=O)(=O)c2cccc(C(=O)OCCO)c2)s1,CHEMBL205
CHEMBL98877,NS(=O)(=O)c1nnc(NS(=O)(=O)c2ccc(C(=O)OCCO)cc2)s1,CHEMBL205
CHEMBL98146,CC(CN(C)C)OC(=O)c1ccc(S(=O)(=O)Nc2nnc(S(N)(=O)=O)s2)cc1,CHEMBL205
CHEMBL100329,CCN(CC)CCNC(=O)c1cccc(S(=O)(=O)Nc2nnc(S(N)(=O)=O)s2)c1,CHEMBL205
CHEMBL317383,CCN(CC)CCNC(=O)c1cccc(S(=O)(=O)/N=c2/sc(S(N)(=O)=O)nn2C)c1,CHEMBL205
CHEMBL95264,CC(CN(C)C)OC(=O)c1ccc(S(=O)(=O)/N=c2/sc(S(N)(=O)=O)nn2C)cc1,CHEMBL205
CHEMBL99337,CCN(CC)CCNC(=O)c1ccc(S(=O)(=O)/N=c2/sc(S(N)(=O)=O)nn2C)cc1,CHEMBL205
CHEMBL220491,CCN[C@H]1CN(CCCOC)S(=O)(=O)c2sc(S(N)(=O)=O)cc21,CHEMBL205
CHEMBL99257,CN(C)CCOCCOC(=O)c1cccc(S(=O)(=O)Nc2nnc(S(N)(=O)=O)s2)c1,CHEMBL205
CHEMBL318820,Cn1nc(S(N)(=O)=O)s/c1=N/S(=O)(=O)c1ccc(C(=O)OCCO)cc1,CHEMBL205
CHEMBL98871,Cn1nc(S(N)(=O)=O)s/c1=N/S(=O)(=O)c1ccc(C(=O)O)cc1,CHEMBL205
CHEMBL309431,CCN(CC)CCNC(=O)c1ccc(S(=O)(=O)Nc2nnc(S(N)(=O)=O)s2)cc1,CHEMBL205
CHEMBL419329,Cn1nc(S(N)(=O)=O)s/c1=N/S(=O)(=O)c1cccc(C(=O)OCCO)c1,CHEMBL205
CHEMBL99927,COCCOC(=O)c1ccc(S(=O)(=O)Nc2nnc(S(N)(=O)=O)s2)cc1,CHEMBL205
CHEMBL220492,CC1(C)O[C@@H]2[C@@H](CO[C@@]3(COS(N)(=O)=O)OC(C)(C)O[C@@H]23)O1,CHEMBL205
CHEMBL69149,Cn1nc(S(N)(=O)=O)s/c1=N/C(=O)c1c(F)c(F)c(F)c(F)c1F,CHEMBL205
CHEMBL20,CC(=O)Nc1nnc(S(N)(=O)=O)s1,CHEMBL205
CHEMBL51668,NS(=O)(=O)c1ccc(CCNC(=O)c2ccc(S(N)(=O)=O)cc2)cc1,CHEMBL205
CHEMBL19,CC(=O)/N=c1/sc(S(N)(=O)=O)nn1C,CHEMBL205
CHEMBL71000,NS(=O)(=O)c1ccc(S(=O)(=O)Nc2cccc3[nH]cc(Cl)c23)cc1,CHEMBL205
CHEMBL50045,NS(=O)(=O)c1cc(C(=O)N[C@@H](Cc2c[nH]cn2)C(=O)NCC(=O)O)ccc1Cl,CHEMBL205
CHEMBL162064,NS(=O)(=O)c1cc2ccccc2[nH]1,CHEMBL205
CHEMBL165245,COc1ccc2cc(S(N)(=O)=O)[nH]c2c1,CHEMBL205
CHEMBL105691,Nc1cc(S(N)(=O)=O)ccc1S(=O)(=O)CCCO,CHEMBL205
CHEMBL104442,CC(=O)OCCS(=O)(=O)c1ccc(S(N)(=O)=O)s1,CHEMBL205
CHEMBL50195,NC(=O)CC[C@H](NC(=O)c1ccc(Cl)c(S(N)(=O)=O)c1)C(=O)O,CHEMBL205
CHEMBL354238,NS(=O)(=O)c1cc2cc(O)ccc2[nH]1,CHEMBL205
CHEMBL104929,NS(=O)(=O)c1ccc(S(=O)(=O)CCO)c(F)c1,CHEMBL205
CHEMBL107437,NS(=O)(=O)c1ccc(SCCCCO)s1,CHEMBL205
CHEMBL299160,NC(=O)CC[C@H](NC(=O)c1ccc(S(N)(=O)=O)cc1)C(=O)O,CHEMBL205
CHEMBL51385,NS(=O)(=O)c1ccc(C(=O)NCC(=O)O)cc1,CHEMBL205
CHEMBL163094,NS(=O)(=O)c1cc2cc3c(cc2[nH]1)OCO3,CHEMBL205
CHEMBL104961,COC(=O)c1cc(S(N)(=O)=O)ccc1S(=O)(=O)CCO,CHEMBL205
CHEMBL418085,NS(=O)(=O)c1ccc(C(=O)NCCCC(=O)O)cc1,CHEMBL205
CHEMBL50481,NS(=O)(=O)c1ccc(C(=O)N[C@@H](CS)C(=O)O)cc1,CHEMBL205
CHEMBL54235,NS(=O)(=O)c1ccc(NC(=O)c2ccc(S(N)(=O)=O)cc2)cc1,CHEMBL205
CHEMBL300020,NS(=O)(=O)c1cc(C(=O)NCCC(=O)N[C@@H](Cc2c[nH]cn2)C(=O)O)ccc1Cl,CHEMBL205
CHEMBL53407,NS(=O)(=O)c1cc(C(=O)Nc2nnc(S)s2)ccc1Cl,CHEMBL205
CHEMBL50446,C[C@H](NC(=O)c1ccc(S(N)(=O)=O)cc1)C(=O)O,CHEMBL205
CHEMBL51787,CC(C)C[C@H](NC(=O)c1ccc(Cl)c(S(N)(=O)=O)c1)C(=O)O,CHEMBL205
CHEMBL220491,CCN[C@H]1CN(CCCOC)S(=O)(=O)c2sc(S(N)(=O)=O)cc21,CHEMBL205
CHEMBL322223,NS(=O)(=O)c1ccc(SCCCO)c(F)c1,CHEMBL205
CHEMBL316582,NS(=O)(=O)c1ccc(CCCCO)cc1,CHEMBL205
CHEMBL49062,CC(C)C[C@H](NC(=O)c1ccc(S(N)(=O)=O)cc1)C(=O)O,CHEMBL205
CHEMBL53135,NS(=O)(=O)c1ccc(C(=O)N[C@@H](CO)C(=O)O)cc1,CHEMBL205
CHEMBL51534,NS(=O)(=O)c1ccc(C(=O)NCCC(=O)O)cc1,CHEMBL205
CHEMBL165124,CC(=O)Oc1ccc2oc(S(N)(=O)=O)cc2c1,CHEMBL205
CHEMBL320808,COCC(=O)OCCCS(=O)(=O)c1ccc(S(N)(=O)=O)s1,CHEMBL205
CHEMBL49182,NS(=O)(=O)c1ccc(C(=O)NC(C(=O)O)c2ccccc2)cc1,CHEMBL205
CHEMBL431742,NS(=O)(=O)c1ccc(C(=O)NCC(=O)NCC(=O)O)cc1,CHEMBL205
CHEMBL52375,C[C@H](NC(=O)c1ccc(Cl)c(S(N)(=O)=O)c1)C(=O)N[C@@H](Cc1ccccc1)C(=O)O,CHEMBL205
CHEMBL50365,NS(=O)(=O)c1ccc(CNC(=O)c2ccc(Cl)c(S(N)(=O)=O)c2)cc1,CHEMBL205
CHEMBL355157,Nc1ccc2cc(S(N)(=O)=O)oc2c1,CHEMBL205
CHEMBL319397,NS(=O)(=O)c1ccc(S(=O)(=O)CCCCO)c(F)c1,CHEMBL205
CHEMBL301071,CC[C@H](C)[C@H](NC(=O)c1ccc(Cl)c(S(N)(=O)=O)c1)C(=O)O,CHEMBL205
CHEMBL424188,CC(=O)Oc1ccc2cc(S(N)(=O)=O)oc2c1,CHEMBL205
CHEMBL104621,NS(=O)(=O)c1ccc(S(=O)(=O)CCCCO)s1,CHEMBL205
CHEMBL298755,CC(C)C[C@H](NC(=O)c1ccc(Cl)c(S(N)(=O)=O)c1)C(=O)NCC(=O)O,CHEMBL205
CHEMBL295343,NS(=O)(=O)c1ccc(NC(=O)c2ccc(Cl)c(S(N)(=O)=O)c2)cc1,CHEMBL205
CHEMBL319238,CC(C)(O)CCS(=O)(=O)c1ccc(S(N)(=O)=O)cc1,CHEMBL205
CHEMBL321553,COC(=O)c1cc(S(N)(=O)=O)ccc1S(=O)(=O)CCCO,CHEMBL205
CHEMBL105688,NS(=O)(=O)c1ccc(CCCO)c(F)c1,CHEMBL205
CHEMBL295779,NC(=O)C[C@H](NC(=O)c1ccc(Cl)c(S(N)(=O)=O)c1)C(=O)O,CHEMBL205
CHEMBL107537,NS(=O)(=O)c1ccc(SCCCCO)cc1,CHEMBL205
CHEMBL105731,NS(=O)(=O)c1ccc(S(=O)(=O)CCCCO)cc1,CHEMBL205
CHEMBL104459,NS(=O)(=O)c1ccc(S(=O)(=O)CCO)cc1,CHEMBL205
CHEMBL445615,NS(=O)(=O)c1cc(C(=O)N[C@H](C(=O)O)C(O)c2ccccc2)ccc1Cl,CHEMBL205
CHEMBL451547,Cc1c(S(N)(=O)=O)oc2cc(O)ccc12,CHEMBL205
CHEMBL354062,CC(=O)Oc1ccc2[nH]c(S(N)(=O)=O)cc2c1,CHEMBL205
CHEMBL218490,CCN[C@H]1C[C@H](C)S(=O)(=O)c2sc(S(N)(=O)=O)cc21,CHEMBL205
CHEMBL162168,COc1ccc2cc(S(N)(=O)=O)oc2c1,CHEMBL205
CHEMBL354386,NS(=O)(=O)c1cc2ccc(O)cc2o1,CHEMBL205
CHEMBL164438,COc1ccc2cc(S(N)(=O)=O)n(C)c2c1,CHEMBL205
CHEMBL319239,NS(=O)(=O)c1ccc(SCCCCCO)cc1,CHEMBL205
CHEMBL298110,NS(=O)(=O)c1ccc(C(=O)N[C@@H](Cc2c[nH]cn2)C(=O)N[C@@H](Cc2ccccc2)C(=O)O)cc1,CHEMBL205
CHEMBL296390,C[C@H](NC(=O)c1ccc(S(N)(=O)=O)cc1)C(=O)N[C@@H](Cc1ccccc1)C(=O)O,CHEMBL205
CHEMBL2113715,NS(=O)(=O)c1cc(C(=O)N[C@H](C(=O)O)c2ccccc2)ccc1Cl,CHEMBL205
CHEMBL164126,Nc1ccc2oc(S(N)(=O)=O)cc2c1,CHEMBL205
CHEMBL300436,CSCC[C@H](NC(=O)c1ccc(S(N)(=O)=O)cc1)C(=O)O,CHEMBL205
CHEMBL51456,NS(=O)(=O)c1cc(C(=O)NC(Cc2ccc(O)c(O)c2)C(=O)O)ccc1Cl,CHEMBL205
CHEMBL106848,NS(=O)(=O)c1ccc(SCCO)cc1,CHEMBL205
CHEMBL104868,NS(=O)(=O)c1ccc(S(=O)(=O)CCCO)c(F)c1,CHEMBL205
CHEMBL108015,NS(=O)(=O)c1ccc(SCCCO)c([N+](=O)[O-])c1,CHEMBL205
CHEMBL105573,NS(=O)(=O)c1ccc(CCCO)cc1,CHEMBL205
CHEMBL318951,NS(=O)(=O)c1ccc(SCCO)s1,CHEMBL205
CHEMBL51719,NS(=O)(=O)c1ccc(C(=O)N[C@H](C(=O)O)C(O)c2ccccc2)cc1,CHEMBL205
CHEMBL50921,NS(=O)(=O)c1ccc(C(=O)N[C@@H](CC(=O)O)C(=O)O)cc1,CHEMBL205
CHEMBL50776,NS(=O)(=O)c1ccc(C(=O)NCCC(=O)N[C@@H](Cc2c[nH]cn2)C(=O)O)cc1,CHEMBL205
CHEMBL51416,NS(=O)(=O)c1cc(C(=O)N[C@@H](CO)C(=O)O)ccc1Cl,CHEMBL205
CHEMBL349815,NS(=O)(=O)c1cc2cc(O)ccc2o1,CHEMBL205
CHEMBL314803,NS(=O)(=O)c1cc2ccc(O)cc2s1,CHEMBL205
CHEMBL104000,NS(=O)(=O)c1ccc(S(=O)(=O)CCCO)cc1,CHEMBL205
CHEMBL105725,NS(=O)(=O)c1ccc(S(=O)(=O)CCCO)s1,CHEMBL205
CHEMBL299744,NS(=O)(=O)c1cc(C(=O)N[C@@H](Cc2ccccc2)C(=O)O)ccc1Cl,CHEMBL205
CHEMBL352281,CC(C)(C)C(=O)Oc1ccc2oc(S(N)(=O)=O)cc2c1,CHEMBL205
CHEMBL321889,CC(C)(O)CCSc1ccc(S(N)(=O)=O)cc1,CHEMBL205
CHEMBL2113714,CC[C@H](C)[C@H](NC(=O)c1ccc(S(N)(=O)=O)cc1)C(=O)O,CHEMBL205
CHEMBL300265,NS(=O)(=O)c1ccc(C(=O)N[C@@H](Cc2c[nH]cn2)C(=O)O)cc1,CHEMBL205
CHEMBL53972,NS(=O)(=O)c1ccc(C(=O)N[C@@H](Cc2ccccc2)C(=O)O)cc1,CHEMBL205
CHEMBL50881,NS(=O)(=O)c1cc(C(=O)N[C@@H](CC(=O)O)C(=O)O)ccc1Cl,CHEMBL205
CHEMBL104311,NS(=O)(=O)c1ccc(SCCCO)cc1,CHEMBL205
CHEMBL104666,CC(=O)OCCCS(=O)(=O)c1ccc(S(N)(=O)=O)s1,CHEMBL205
CHEMBL314569,NS(=O)(=O)c1cc2c(s1)S(=O)(=O)CCC2O,CHEMBL205
CHEMBL104630,CC(C)CNCCCS(=O)(=O)c1ccc(S(N)(=O)=O)s1,CHEMBL205
CHEMBL49974,NS(=O)(=O)c1ccc(C(=O)NC(Cc2ccc(O)c(O)c2)C(=O)O)cc1,CHEMBL205
CHEMBL53607,NS(=O)(=O)c1ccc(CCNC(=O)c2ccc(Cl)c(S(N)(=O)=O)c2)cc1,CHEMBL205
CHEMBL121086,CC(C)(C)C(=O)Oc1ccc2cc(S(N)(=O)=O)oc2c1,CHEMBL205
CHEMBL48292,NS(=O)(=O)c1ccc(C(=O)Nc2nnc(S(N)(=O)=O)s2)cc1,CHEMBL205
CHEMBL50000,NS(=O)(=O)c1ccc(C(=O)Nc2nnc(S)s2)cc1,CHEMBL205
CHEMBL104754,NS(=O)(=O)c1ccc(SCCCCO)c(F)c1,CHEMBL205
CHEMBL106683,NS(=O)(=O)c1ccc(SCCCO)s1,CHEMBL205
CHEMBL50897,NS(=O)(=O)c1ccc(C(=O)N[C@@H](CCC(=O)O)C(=O)O)cc1,CHEMBL205
CHEMBL52227,NS(=O)(=O)c1ccc(C(=O)N[C@@H](Cc2c[nH]cn2)C(=O)NCC(=O)O)cc1,CHEMBL205
CHEMBL165346,NS(=O)(=O)c1cc2ccccc2o1,CHEMBL205
CHEMBL165362,COc1ccc2[nH]c(S(N)(=O)=O)cc2c1,CHEMBL205
CHEMBL51668,NS(=O)(=O)c1ccc(CCNC(=O)c2ccc(S(N)(=O)=O)cc2)cc1,CHEMBL205
CHEMBL162280,COc1ccc2oc(S(N)(=O)=O)cc2c1,CHEMBL205
CHEMBL105637,NS(=O)(=O)c1ccc(CCCCCO)cc1,CHEMBL205
CHEMBL51200,NC(=O)C[C@H](NC(=O)c1ccc(S(N)(=O)=O)cc1)C(=O)O,CHEMBL205
CHEMBL51455,NS(=O)(=O)c1cc(C(=O)NCC(=O)NCC(=O)O)ccc1Cl,CHEMBL205
CHEMBL50128,NS(=O)(=O)c1nnc(NC(=O)c2ccc(Cl)c(S(N)(=O)=O)c2)s1,CHEMBL205
CHEMBL350086,NS(=O)(=O)c1cc2ccc(O)cc2[nH]1,CHEMBL205
CHEMBL104524,Nc1cc(S(N)(=O)=O)ccc1S(=O)(=O)CCO,CHEMBL205
CHEMBL105730,NS(=O)(=O)c1ccc(SCCO)c([N+](=O)[O-])c1,CHEMBL205
CHEMBL417728,NS(=O)(=O)c1ccc(C(=O)N[C@@H](Cc2ccc(O)cc2)C(=O)O)cc1,CHEMBL205
CHEMBL52550,NS(=O)(=O)c1cc(C(=O)N[C@@H](Cc2c[nH]cn2)C(=O)N[C@@H](Cc2ccccc2)C(=O)O)ccc1Cl,CHEMBL205
CHEMBL51586,CC(C)[C@H](NC(=O)c1ccc(S(N)(=O)=O)cc1)C(=O)O,CHEMBL205
CHEMBL51346,CC(C)C[C@H](NC(=O)c1ccc(S(N)(=O)=O)cc1)C(=O)NCC(=O)O,CHEMBL205
CHEMBL51506,NS(=O)(=O)c1ccc(CNC(=O)c2ccc(S(N)(=O)=O)cc2)cc1,CHEMBL205
CHEMBL297706,NS(=O)(=O)c1cc(C(=O)N[C@@H](Cc2c[nH]cn2)C(=O)O)ccc1Cl,CHEMBL205
CHEMBL52542,NS(=O)(=O)c1cc(C(=O)N[C@@H](Cc2ccc(O)cc2)C(=O)O)ccc1Cl,CHEMBL205
CHEMBL164189,CC(=O)Oc1ccc2cc(S(N)(=O)=O)[nH]c2c1,CHEMBL205
CHEMBL105607,NS(=O)(=O)c1ccc(SCCCO)c(Cl)c1,CHEMBL205
CHEMBL104463,NS(=O)(=O)c1ccc(S(=O)(=O)CCO)s1,CHEMBL205
CHEMBL298132,C[C@@H](O)[C@H](NC(=O)c1ccc(S(N)(=O)=O)cc1)C(=O)O,CHEMBL205
CHEMBL107266,NS(=O)(=O)c1ccc(SCCO)c(F)c1,CHEMBL205
CHEMBL289672,NS(=O)(=O)c1ccccc1NC(=O)CN(CCN(CCN(CC(=O)O)CC(=O)O)CC(=O)O)CC(=O)O,CHEMBL205
CHEMBL30168,NS(=O)(=O)c1ccc(NC(=O)CN(CCN(CCN(CC(=O)O)CC(=O)Nc2ccc(S(N)(=O)=O)cc2I)CC(=O)O)CC(=O)O)c(I)c1,CHEMBL205
CHEMBL6753,Cn1nc(S(N)(=O)=O)sc1=N,CHEMBL205
CHEMBL34974,NS(=O)(=O)c1ccc(COC(=O)CN(CCN(CCN(CC(=O)O)CC(=O)O)CC(=O)O)CC(=O)O)cc1,CHEMBL205
CHEMBL154106,Cn1nc(S(N)(=O)=O)s/c1=N\C(=O)CN(CCN(CCN(CC(=O)O)CC(=O)/N=c1/sc(S(N)(=O)=O)nn1C)CC(=O)O)CC(=O)O,CHEMBL205
CHEMBL32732,NS(=O)(=O)c1ccc(NC(=O)CN(CCN(CCN(CC(=O)O)CC(=O)O)CC(=O)O)CC(=O)O)c(F)c1,CHEMBL205
CHEMBL289888,Cn1nc(S(N)(=O)=O)s/c1=N/C(=O)CN(CCN(CCN(CC(=O)O)CC(=O)O)CC(=O)O)CC(=O)O,CHEMBL205
CHEMBL34317,NS(=O)(=O)c1nc2ccc(OC(=O)CN(CCN(CCN(CC(=O)O)CC(=O)O)CC(=O)O)CC(=O)O)cc2s1,CHEMBL205
CHEMBL285516,NS(=O)(=O)c1nnc(NC(=O)CCNC(=O)CN(CCN(CCN(CC(=O)O)CC(=O)NCCC(=O)Nc2nnc(S(N)(=O)=O)s2)CC(=O)O)CC(=O)O)s1,CHEMBL205
CHEMBL6852,Nc1cccc(S(N)(=O)=O)c1,CHEMBL205
CHEMBL262389,NS(=O)(=O)c1ccc(NNC(=O)CN(CCN(CCN(CC(=O)O)CC(=O)NNc2ccc(S(N)(=O)=O)cc2)CC(=O)O)CC(=O)O)cc1,CHEMBL205
CHEMBL32208,NS(=O)(=O)c1cc(S(N)(=O)=O)c(NC(=O)CN(CCN(CCN(CC(=O)O)CC(=O)Nc2c(S(N)(=O)=O)cc(S(N)(=O)=O)c(Cl)c2Cl)CC(=O)O)CC(=O)O)c(Cl)c1Cl,CHEMBL205
CHEMBL155152,NS(=O)(=O)c1cc2c(s1)C(O)CC[S+]2[O-],CHEMBL205
CHEMBL155152,NS(=O)(=O)c1cc2c(s1)C(O)CC[S+]2[O-],CHEMBL205
CHEMBL284694,NS(=O)(=O)c1ccc(NC(=O)CN(CCN(CCN(CC(=O)O)CC(=O)Nc2ccc(S(N)(=O)=O)cc2)CC(=O)O)CC(=O)O)cc1,CHEMBL205
CHEMBL286586,NS(=O)(=O)c1nc2ccc(NC(=O)CN(CCN(CCN(CC(=O)O)CC(=O)Nc3ccc4nc(S(N)(=O)=O)sc4c3)CC(=O)O)CC(=O)O)cc2s1,CHEMBL205
CHEMBL2112275,NS(=O)(=O)c1ccc(NC(=O)CN(CCN(CCN(CC(=O)O)CC(=O)Nc2ccc(S(N)(=O)=O)cc2)CC(=O)[O-])CC(=O)[O-])cc1.[Zn+2],CHEMBL205
CHEMBL6705,Nc1ccccc1S(N)(=O)=O,CHEMBL205
CHEMBL13646,NCCC(=O)Nc1nnc(S(N)(=O)=O)s1,CHEMBL205
CHEMBL32096,NS(=O)(=O)c1ccc(CCNC(=O)CN(CCN(CCN(CC(=O)O)CC(=O)O)CC(=O)O)CC(=O)O)cc1,CHEMBL205
CHEMBL346810,NS(=O)(=O)c1cc2c(s1)S(=O)(=O)CCC2=O,CHEMBL205
CHEMBL34768,NS(=O)(=O)c1ccc(NC(=O)CN(CCN(CCN(CC(=O)O)CC(=O)O)CC(=O)O)CC(=O)O)c(Br)c1,CHEMBL205
CHEMBL32982,NS(=O)(=O)c1ccc(NC(=O)CN(CCN(CCN(CC(=O)O)CC(=O)O)CC(=O)O)CC(=O)O)c(I)c1,CHEMBL205
CHEMBL312593,CC(C)(C)C(=O)Oc1ccc2nc(S(N)(=O)=O)sc2c1,CHEMBL205
CHEMBL18,CCOc1ccc2nc(S(N)(=O)=O)sc2c1,CHEMBL205
CHEMBL18,CCOc1ccc2nc(S(N)(=O)=O)sc2c1,CHEMBL205
CHEMBL7204,NNc1ccc(S(N)(=O)=O)cc1,CHEMBL205
CHEMBL1788205,NS(=O)(=O)c1cc2c(s1)S(=O)(=O)CC[C@H]2O,CHEMBL205
CHEMBL1788205,NS(=O)(=O)c1cc2c(s1)S(=O)(=O)CC[C@H]2O,CHEMBL205
CHEMBL218490,CCN[C@H]1C[C@H](C)S(=O)(=O)c2sc(S(N)(=O)=O)cc21,CHEMBL205
CHEMBL286449,NS(=O)(=O)c1ccc(CNC(=O)CN(CCN(CCN(CC(=O)O)CC(=O)NCc2ccc(S(N)(=O)=O)cc2)CC(=O)O)CC(=O)O)cc1,CHEMBL205
CHEMBL333193,NS(=O)(=O)c1cc2c(s1)S(=O)(=O)CCC2,CHEMBL205
CHEMBL333193,NS(=O)(=O)c1cc2c(s1)S(=O)(=O)CCC2,CHEMBL205
CHEMBL286297,NS(=O)(=O)c1ccc(CNC(=O)CN(CCN(CCN(CC(=O)O)CC(=O)O)CC(=O)O)CC(=O)O)cc1,CHEMBL205
CHEMBL287316,NS(=O)(=O)c1ccc(NC(=O)CN(CCN(CCN(CC(=O)O)CC(=O)Nc2ccc(S(N)(=O)=O)cc2Br)CC(=O)O)CC(=O)O)c(Br)c1,CHEMBL205
CHEMBL32836,NS(=O)(=O)c1ccc(NC(=O)CN(CCN(CCN(CC(=O)O)CC(=O)O)CC(=O)O)CC(=O)O)cc1,CHEMBL205
CHEMBL1795062,NS(=O)(=O)c1ccc(CCNC(=O)CN(CCN(CCN(CC(=O)O)CC(=O)NCCc2ccc(S(N)(=O)=O)cc2)CC(=O)O)CC(=O)O)cc1.[Zn],CHEMBL205
CHEMBL21,Nc1ccc(S(N)(=O)=O)cc1,CHEMBL205
CHEMBL416410,NS(=O)(=O)c1nnc(NC(=O)CCNC(=O)CN(CCN(CCN(CC(=O)O)CC(=O)O)CC(=O)O)CC(=O)O)s1,CHEMBL205
CHEMBL35338,NS(=O)(=O)c1ccc(NC(=O)CN(CCN(CCN(CC(=O)O)CC(=O)Nc2ccc(S(N)(=O)=O)cc2F)CC(=O)O)CC(=O)O)c(F)c1,CHEMBL205
CHEMBL268177,Nc1ccc(S(N)(=O)=O)cc1I,CHEMBL205
CHEMBL408856,NS(=O)(=O)c1nc2ccc(OC(=O)CN(CCN(CCN(CC(=O)O)CC(=O)Oc3ccc4nc(S(N)(=O)=O)sc4c3)CC(=O)O)CC(=O)O)cc2s1,CHEMBL205
CHEMBL2111218,Cn1nc(S(N)(=O)=O)s/c1=N\C(=O)CN(CCN(CCN(CC(=O)O)CC(=O)/N=c1/sc(S(N)(=O)=O)nn1C)CC(=O)[O-])CC(=O)[O-].[Zn+2],CHEMBL205
CHEMBL284617,NS(=O)(=O)c1cc(S(N)(=O)=O)c(NC(=O)CN(CCN(CCN(CC(=O)O)CC(=O)O)CC(=O)O)CC(=O)O)c(Cl)c1Cl,CHEMBL205
CHEMBL35528,NS(=O)(=O)c1ccccc1NC(=O)CN(CCN(CCN(CC(=O)O)CC(=O)Nc1ccccc1S(N)(=O)=O)CC(=O)O)CC(=O)O,CHEMBL205
CHEMBL265674,Nc1nnc(S(N)(=O)=O)s1,CHEMBL205
CHEMBL155420,NS(=O)(=O)c1cc2c(s1)CC(O)CS2(=O)=O,CHEMBL205
CHEMBL155420,NS(=O)(=O)c1cc2c(s1)CC(O)CS2(=O)=O,CHEMBL205
CHEMBL2092886,NS(=O)(=O)c1cc2c(s1)S(=O)(=O)CC[C@@H]2O,CHEMBL205
CHEMBL2092886,NS(=O)(=O)c1cc2c(s1)S(=O)(=O)CC[C@@H]2O,CHEMBL205
CHEMBL20,CC(=O)Nc1nnc(S(N)(=O)=O)s1,CHEMBL205
CHEMBL408857,NS(=O)(=O)c1ccc(COC(=O)CN(CCN(CCN(CC(=O)O)CC(=O)OCc2ccc(S(N)(=O)=O)cc2)CC(=O)O)CC(=O)O)cc1,CHEMBL205
CHEMBL290348,NS(=O)(=O)c1cc(S(N)(=O)=O)c(NC(=O)CN(CCN(CCN(CC(=O)O)CC(=O)O)CC(=O)O)CC(=O)O)cc1Cl,CHEMBL205
CHEMBL6784,NS(=O)(=O)c1ccc(CCO)cc1,CHEMBL205
CHEMBL347369,NS(=O)(=O)c1cc2c(s1)C(O)CCS2(=O)=O,CHEMBL205
CHEMBL347369,NS(=O)(=O)c1cc2c(s1)C(O)CCS2(=O)=O,CHEMBL205
CHEMBL34852,NS(=O)(=O)c1nc2ccc(OCCOC(=O)CN(CCN(CCN(CC(=O)O)CC(=O)O)CC(=O)O)CC(=O)O)cc2s1,CHEMBL205
CHEMBL346691,NS(=O)(=O)c1nc2ccc(OCCOC(=O)CN(CCN(CCN(CC(=O)O)CC(=O)OCCOc3ccc4nc(S(N)(=O)=O)sc4c3)CC(=O)O)CC(=O)O)cc2s1,CHEMBL205
CHEMBL6853,Nc1ccc(S(N)(=O)=O)cc1F,CHEMBL205
CHEMBL2112274,NS(=O)(=O)c1nnc(NC(=O)CN(CCN(CCN(CC(=O)O)CC(=O)Nc2nnc(S(N)(=O)=O)s2)CC(=O)[O-])CC(=O)[O-])s1.[Zn+2],CHEMBL205
CHEMBL7087,NCCc1ccc(S(N)(=O)=O)cc1,CHEMBL205
CHEMBL266240,Nc1cc(Cl)c(S(N)(=O)=O)cc1S(N)(=O)=O,CHEMBL205
CHEMBL158261,NS(=O)(=O)c1cc2c(s1)SCCC2=O,CHEMBL205
CHEMBL158261,NS(=O)(=O)c1cc2c(s1)SCCC2=O,CHEMBL205
CHEMBL158026,NS(=O)(=O)c1cc2c(s1)SCCC2O,CHEMBL205
CHEMBL158026,NS(=O)(=O)c1cc2c(s1)SCCC2O,CHEMBL205
CHEMBL19,CC(=O)/N=c1/sc(S(N)(=O)=O)nn1C,CHEMBL205
CHEMBL35385,NS(=O)(=O)c1ccc(CCOC(=O)CN(CCN(CCN(CC(=O)O)CC(=O)OCCc2ccc(S(N)(=O)=O)cc2)CC(=O)O)CC(=O)O)cc1,CHEMBL205
CHEMBL269628,Nc1c(S(N)(=O)=O)cc(S(N)(=O)=O)c(Cl)c1Cl,CHEMBL205
CHEMBL35118,Nc1ccc2nc(S(N)(=O)=O)sc2c1,CHEMBL205
CHEMBL314569,NS(=O)(=O)c1cc2c(s1)S(=O)(=O)CCC2O,CHEMBL205
CHEMBL314569,NS(=O)(=O)c1cc2c(s1)S(=O)(=O)CCC2O,CHEMBL205
CHEMBL286549,NS(=O)(=O)c1ccc(NNC(=O)CN(CCN(CCN(CC(=O)O)CC(=O)O)CC(=O)O)CC(=O)O)cc1,CHEMBL205
CHEMBL286862,NS(=O)(=O)c1ccc(CCNC(=O)CN(CCN(CCN(CC(=O)O)CC(=O)NCCc2ccc(S(N)(=O)=O)cc2)CC(=O)O)CC(=O)O)cc1,CHEMBL205
CHEMBL284831,NS(=O)(=O)c1cc(S(N)(=O)=O)c(NC(=O)CN(CCN(CCN(CC(=O)O)CC(=O)Nc2cc(Cl)c(S(N)(=O)=O)cc2S(N)(=O)=O)CC(=O)O)CC(=O)O)cc1Cl,CHEMBL205
CHEMBL432083,NS(=O)(=O)c1nnc(NC(=O)CN(CCN(CCN(CC(=O)O)CC(=O)Nc2nnc(S(N)(=O)=O)s2)CC(=O)O)CC(=O)O)s1,CHEMBL205
CHEMBL2112276,NS(=O)(=O)c1ccc(CNC(=O)CN(CCN(CCN(CC(=O)O)CC(=O)NCc2ccc(S(N)(=O)=O)cc2)CC(=O)[O-])CC(=O)[O-])cc1.[Zn+2],CHEMBL205
CHEMBL7092,Nc1ccc(S(N)(=O)=O)cc1Cl,CHEMBL205
CHEMBL32160,NS(=O)(=O)c1ccc(NC(=O)CN(CCN(CCN(CC(=O)O)CC(=O)O)CC(=O)O)CC(=O)O)c(Cl)c1,CHEMBL205
CHEMBL348573,NS(=O)(=O)c1cc2c(s1)S(=O)(=O)CC(O)C2,CHEMBL205
CHEMBL348573,NS(=O)(=O)c1cc2c(s1)S(=O)(=O)CC(O)C2,CHEMBL205
CHEMBL6724,Nc1ccc(S(N)(=O)=O)cc1Br,CHEMBL205
CHEMBL36525,NS(=O)(=O)c1cccc(NC(=O)CN(CCN(CCN(CC(=O)O)CC(=O)O)CC(=O)O)CC(=O)O)c1,CHEMBL205
CHEMBL287145,NS(=O)(=O)c1cccc(NC(=O)CN(CCN(CCN(CC(=O)O)CC(=O)Nc2cccc(S(N)(=O)=O)c2)CC(=O)O)CC(=O)O)c1,CHEMBL205
CHEMBL284398,NS(=O)(=O)c1ccc(NC(=O)CN(CCN(CCN(CC(=O)O)CC(=O)Nc2ccc(S(N)(=O)=O)cc2Cl)CC(=O)O)CC(=O)O)c(Cl)c1,CHEMBL205
CHEMBL6685,NS(=O)(=O)c1nc2ccc(O)cc2s1,CHEMBL205
CHEMBL287117,NS(=O)(=O)c1nc2ccc(OCCO)cc2s1,CHEMBL205
CHEMBL158090,NS(=O)(=O)c1cc2c(s1)C(=O)CCS2(=O)=O,CHEMBL205
CHEMBL158090,NS(=O)(=O)c1cc2c(s1)C(=O)CCS2(=O)=O,CHEMBL205
CHEMBL120418,NS(=O)(=O)c1cc2c(s1)C(=O)CCS2,CHEMBL205
CHEMBL120418,NS(=O)(=O)c1cc2c(s1)C(=O)CCS2,CHEMBL205
CHEMBL352218,NS(=O)(=O)c1cc2c(s1)C(O)CCS2,CHEMBL205
CHEMBL352218,NS(=O)(=O)c1cc2c(s1)C(O)CCS2,CHEMBL205
CHEMBL32606,NS(=O)(=O)c1nnc(NC(=O)CN(CCN(CCN(CC(=O)O)CC(=O)O)CC(=O)O)CC(=O)O)s1,CHEMBL205
CHEMBL415466,NS(=O)(=O)c1nc2ccc(NC(=O)CN(CCN(CCN(CC(=O)O)CC(=O)O)CC(=O)O)CC(=O)O)cc2s1,CHEMBL205
CHEMBL6919,NS(=O)(=O)c1ccc(CO)cc1,CHEMBL205
CHEMBL158363,NS(=O)(=O)c1cc2c(s1)[S+]([O-])CCC2O,CHEMBL205
CHEMBL158363,NS(=O)(=O)c1cc2c(s1)[S+]([O-])CCC2O,CHEMBL205
CHEMBL35043,NS(=O)(=O)c1ccc(CCOC(=O)CN(CCN(CCN(CC(=O)O)CC(=O)O)CC(=O)O)CC(=O)O)cc1,CHEMBL205
CHEMBL419,NCc1ccc(S(N)(=O)=O)cc1,CHEMBL205
CHEMBL21,Nc1ccc(S(N)(=O)=O)cc1,CHEMBL205
CHEMBL306195,Nc1c(Br)cc(S(N)(=O)=O)cc1Br,CHEMBL205
CHEMBL268439,Nc1ccc(S(=O)(=O)Nc2nnc(S(N)(=O)=O)s2)cc1,CHEMBL205
CHEMBL6853,Nc1ccc(S(N)(=O)=O)cc1F,CHEMBL205
CHEMBL2112277,NS(=O)(=O)c1ccc(N[C@@H]2O[C@@H](CO)[C@@H](O)[C@H](O)[C@@H]2O)cc1,CHEMBL205
CHEMBL18,CCOc1ccc2nc(S(N)(=O)=O)sc2c1,CHEMBL205
CHEMBL2111554,NS(=O)(=O)c1ccc(N[C@@H]2O[C@@H](CO)[C@@H](O)[C@H](O)[C@H]2O)cc1,CHEMBL205
CHEMBL2111556,NS(=O)(=O)c1ccc(N[C@@H]2OC[C@@H](O)[C@H](O)[C@@H]2O)cc1,CHEMBL205
CHEMBL68506,Nc1c(I)cc(S(=O)(=O)Nc2nnc(S(N)(=O)=O)s2)cc1I,CHEMBL205
CHEMBL70873,Nc1c(F)cc(S(N)(=O)=O)cc1Cl,CHEMBL205
CHEMBL69813,Nc1c(F)cc(S(N)(=O)=O)cc1I,CHEMBL205
CHEMBL20,CC(=O)Nc1nnc(S(N)(=O)=O)s1,CHEMBL205
CHEMBL19,CC(=O)/N=c1/sc(S(N)(=O)=O)nn1C,CHEMBL205
CHEMBL21,Nc1ccc(S(N)(=O)=O)cc1,CHEMBL205
CHEMBL68639,Nc1ccc(S(=O)(=O)Nc2nnc(S(N)(=O)=O)s2)cc1F,CHEMBL205
CHEMBL69229,Nc1c(Br)cc(S(=O)(=O)Nc2nnc(S(N)(=O)=O)s2)cc1Br,CHEMBL205
CHEMBL220491,CCN[C@H]1CN(CCCOC)S(=O)(=O)c2sc(S(N)(=O)=O)cc21,CHEMBL205
CHEMBL70020,Nc1c(Cl)cc(S(N)(=O)=O)cc1Cl,CHEMBL205
CHEMBL302706,Nc1c(Cl)cc(S(=O)(=O)Nc2nnc(S(N)(=O)=O)s2)cc1Cl,CHEMBL205
CHEMBL303905,CC(=O)Nc1ccc(S(=O)(=O)Nc2nnc(S(N)(=O)=O)s2)cc1I,CHEMBL205
CHEMBL218490,CCN[C@H]1C[C@H](C)S(=O)(=O)c2sc(S(N)(=O)=O)cc21,CHEMBL205
CHEMBL304322,CC(=O)Nc1ccc(S(N)(=O)=O)cc1F,CHEMBL205
CHEMBL68605,Nc1c(Cl)cc(S(N)(=O)=O)cc1I,CHEMBL205
CHEMBL23435,CC(=O)Nc1ccc(S(=O)(=O)Nc2nnc(S(N)(=O)=O)s2)cc1Cl,CHEMBL205
CHEMBL67755,Nc1c(I)cc(S(N)(=O)=O)cc1I,CHEMBL205
CHEMBL69347,CC(=O)Nc1ccc(S(N)(=O)=O)cc1Br,CHEMBL205
CHEMBL71611,Nc1c(F)cc(S(=O)(=O)Nc2nnc(S(N)(=O)=O)s2)cc1Cl,CHEMBL205
CHEMBL17,NS(=O)(=O)c1cc(Cl)c(Cl)c(S(N)(=O)=O)c1,CHEMBL205
CHEMBL6724,Nc1ccc(S(N)(=O)=O)cc1Br,CHEMBL205
CHEMBL7092,Nc1ccc(S(N)(=O)=O)cc1Cl,CHEMBL205
CHEMBL305488,Nc1c(Cl)cc(S(=O)(=O)Nc2nnc(S(N)(=O)=O)s2)cc1Br,CHEMBL205
CHEMBL220491,CCN[C@H]1CN(CCCOC)S(=O)(=O)c2sc(S(N)(=O)=O)cc21,CHEMBL205
CHEMBL2114130,NS(=O)(=O)c1ccc(N[C@@H]2O[C@@H](CO)[C@H](O)[C@H](O)[C@@H]2O)cc1,CHEMBL205
CHEMBL1089967,NS(=O)(=O)c1ccc(N[C@@H]2OC[C@@H](O)[C@@H](O)[C@H]2O)cc1,CHEMBL205
CHEMBL430600,Nc1c(Br)cc(S(N)(=O)=O)cc1I,CHEMBL205
CHEMBL441054,CC(=O)Nc1ccc(S(N)(=O)=O)cc1I,CHEMBL205
CHEMBL71657,Nc1c(Br)cc(S(=O)(=O)Nc2nnc(S(N)(=O)=O)s2)cc1I,CHEMBL205
CHEMBL218490,CCN[C@H]1C[C@H](C)S(=O)(=O)c2sc(S(N)(=O)=O)cc21,CHEMBL205
CHEMBL265674,Nc1nnc(S(N)(=O)=O)s1,CHEMBL205
CHEMBL307698,Nc1ccc(S(=O)(=O)Nc2nnc(S(N)(=O)=O)s2)cc1Cl,CHEMBL205
CHEMBL304757,Nc1c(F)cc(S(=O)(=O)Nc2nnc(S(N)(=O)=O)s2)cc1Br,CHEMBL205
CHEMBL304973,Nc1ccc(S(=O)(=O)Nc2nnc(S(N)(=O)=O)s2)cc1I,CHEMBL205
CHEMBL20,CC(=O)Nc1nnc(S(N)(=O)=O)s1,CHEMBL205
CHEMBL17,NS(=O)(=O)c1cc(Cl)c(Cl)c(S(N)(=O)=O)c1,CHEMBL205
CHEMBL308459,CC(=O)Nc1ccc(S(N)(=O)=O)cc1Cl,CHEMBL205
CHEMBL2112278,C[C@H]1O[C@@H](Nc2ccc(S(N)(=O)=O)cc2)[C@@H](O)[C@H](O)[C@H]1O,CHEMBL205
CHEMBL19,CC(=O)/N=c1/sc(S(N)(=O)=O)nn1C,CHEMBL205
CHEMBL268177,Nc1ccc(S(N)(=O)=O)cc1I,CHEMBL205
CHEMBL22540,CC(=O)Nc1ccc(S(=O)(=O)Nc2nnc(S(N)(=O)=O)s2)cc1Br,CHEMBL205
CHEMBL1089637,NS(=O)(=O)c1ccc(N[C@@H]2OC[C@@H](O)[C@@H](O)[C@@H]2O)cc1,CHEMBL205
CHEMBL430810,Nc1c(Cl)cc(S(N)(=O)=O)cc1Br,CHEMBL205
CHEMBL278603,CC(=O)Nc1ccc(S(=O)(=O)Nc2nnc(S(N)(=O)=O)s2)cc1F,CHEMBL205
CHEMBL308677,Nc1c(F)cc(S(=O)(=O)Nc2nnc(S(N)(=O)=O)s2)cc1I,CHEMBL205
CHEMBL303648,Nc1c(F)cc(S(N)(=O)=O)cc1Br,CHEMBL205
CHEMBL282021,CC(=O)Nc1ccc(S(=O)(=O)Nc2nnc(S(N)(=O)=O)s2)cc1,CHEMBL205
CHEMBL306832,Nc1c(Cl)cc(S(=O)(=O)Nc2nnc(S(N)(=O)=O)s2)cc1I,CHEMBL205
CHEMBL2111555,C[C@H]1O[C@@H](Nc2ccc(S(N)(=O)=O)cc2)[C@H](O)[C@H](O)[C@@H]1O,CHEMBL205
CHEMBL70524,Nc1ccc(S(=O)(=O)Nc2nnc(S(N)(=O)=O)s2)cc1Br,CHEMBL205
CHEMBL218490,CCN[C@H]1C[C@H](C)S(=O)(=O)c2sc(S(N)(=O)=O)cc21,CHEMBL205
CHEMBL344055,NS(=O)(=O)c1ccc(NS(=O)(=O)c2ccc(NS(=O)(=O)C(F)(F)F)cc2)cc1,CHEMBL205
CHEMBL138178,NS(=O)(=O)c1ccccc1NC(=O)C(F)(F)C(F)(F)C(F)(F)C(F)(F)C(F)(F)C(F)(F)C(F)(F)C(F)(F)F,CHEMBL205
CHEMBL138009,NS(=O)(=O)c1ccc(NNC(=O)C(F)(F)C(F)(F)C(F)(F)C(F)(F)C(F)(F)C(F)(F)C(F)(F)C(F)(F)F)cc1,CHEMBL205
CHEMBL140169,NS(=O)(=O)c1ccc(COC(=O)c2c(F)c(F)c(F)c(F)c2F)cc1,CHEMBL205
CHEMBL343332,NS(=O)(=O)c1ccc(CCNS(=O)(=O)C(F)(F)C(F)(F)C(F)(F)C(F)(F)F)cc1,CHEMBL205
CHEMBL264879,NS(=O)(=O)c1nc2ccc(OS(=O)(=O)C(F)(F)C(F)(F)C(F)(F)C(F)(F)C(F)(F)C(F)(F)C(F)(F)C(F)(F)F)cc2s1,CHEMBL205
CHEMBL141868,NS(=O)(=O)c1nnc(NC(=O)CCNS(=O)(=O)C(F)(F)C(F)(F)C(F)(F)C(F)(F)C(F)(F)C(F)(F)C(F)(F)C(F)(F)F)s1,CHEMBL205
CHEMBL140389,NS(=O)(=O)c1ccc(NC(=O)C(F)(F)C(F)(F)C(F)(F)C(F)(F)C(F)(F)C(F)(F)C(F)(F)C(F)(F)F)c(F)c1,CHEMBL205
CHEMBL141425,Cn1nc(S(N)(=O)=O)s/c1=N/C(=O)C(F)(F)C(F)(F)C(F)(F)C(F)(F)C(F)(F)C(F)(F)C(F)(F)C(F)(F)F,CHEMBL205
CHEMBL138847,Cn1nc(S(N)(=O)=O)s/c1=N/S(=O)(=O)c1ccc(NC(=O)C(F)(F)C(F)(F)C(F)(F)C(F)(F)C(F)(F)C(F)(F)C(F)(F)C(F)(F)F)cc1,CHEMBL205
CHEMBL138530,NS(=O)(=O)c1ccc(NC(=O)c2c(F)c(F)c(F)c(F)c2F)cc1,CHEMBL205
CHEMBL142541,NS(=O)(=O)c1ccc(CCNC(=O)c2c(F)c(F)c(F)c(F)c2F)cc1,CHEMBL205
CHEMBL140007,NS(=O)(=O)c1ccc(NS(=O)(=O)c2ccc(NC(=O)c3c(F)c(F)c(F)c(F)c3F)cc2)cc1,CHEMBL205
CHEMBL20,CC(=O)Nc1nnc(S(N)(=O)=O)s1,CHEMBL205
CHEMBL138253,Cn1nc(S(N)(=O)=O)sc1=NS(=O)(=O)c1c(F)c(F)c(F)c(F)c1F,CHEMBL205
CHEMBL140110,NS(=O)(=O)c1nc2ccc(NS(=O)(=O)c3c(F)c(F)c(F)c(F)c3F)cc2s1,CHEMBL205
CHEMBL141898,Cn1nc(S(N)(=O)=O)sc1=NS(=O)(=O)C(F)(F)C(F)(F)C(F)(F)C(F)(F)C(F)(F)C(F)(F)C(F)(F)C(F)(F)F,CHEMBL205
CHEMBL73962,NS(=O)(=O)c1nnc(NS(=O)(=O)c2ccccc2)s1,CHEMBL205
CHEMBL139946,NS(=O)(=O)c1nc2ccc(OCCOC(=O)C(F)(F)C(F)(F)C(F)(F)C(F)(F)C(F)(F)C(F)(F)C(F)(F)C(F)(F)F)cc2s1,CHEMBL205
CHEMBL138920,NS(=O)(=O)c1nnc(NC(=O)CCNS(=O)(=O)c2c(F)c(F)c(F)c(F)c2F)s1,CHEMBL205
CHEMBL337771,NS(=O)(=O)c1ccc(NS(=O)(=O)c2ccc(NS(=O)(=O)C(F)(F)C(F)(F)C(F)(F)C(F)(F)C(F)(F)C(F)(F)C(F)(F)C(F)(F)F)cc2)cc1,CHEMBL205
CHEMBL141255,NS(=O)(=O)c1cc(S(N)(=O)=O)c(NC(=O)c2c(F)c(F)c(F)c(F)c2F)cc1Cl,CHEMBL205
CHEMBL140942,NS(=O)(=O)c1nnc(NS(=O)(=O)C(F)(F)F)s1,CHEMBL205
CHEMBL140391,NS(=O)(=O)c1cccc(NS(=O)(=O)c2ccc(NC(=O)C(F)(F)C(F)(F)C(F)(F)C(F)(F)C(F)(F)C(F)(F)C(F)(F)C(F)(F)F)cc2)c1,CHEMBL205
CHEMBL19,CC(=O)/N=c1/sc(S(N)(=O)=O)nn1C,CHEMBL205
CHEMBL139649,NS(=O)(=O)c1ccc(Nc2ccnc(NS(=O)(=O)C(F)(F)F)n2)cc1,CHEMBL205
CHEMBL141351,NS(=O)(=O)c1nc2ccc(NS(=O)(=O)C(F)(F)F)cc2s1,CHEMBL205
CHEMBL143294,NS(=O)(=O)c1ccc(NS(=O)(=O)c2ccc(NS(=O)(=O)C(F)(F)C(F)(F)C(F)(F)C(F)(F)F)cc2)cc1,CHEMBL205
CHEMBL344887,NS(=O)(=O)c1cc(S(N)(=O)=O)c(NC(=O)C(F)(F)C(F)(F)C(F)(F)C(F)(F)C(F)(F)C(F)(F)C(F)(F)C(F)(F)F)c(Cl)c1Cl,CHEMBL205
CHEMBL140306,NS(=O)(=O)c1nnc(NS(=O)(=O)c2ccc(NC(=O)c3c(F)c(F)c(F)c(F)c3F)cc2)s1,CHEMBL205
CHEMBL139668,NS(=O)(=O)c1nnc(NS(=O)(=O)c2ccc(NS(=O)(=O)C(F)(F)F)cc2)s1,CHEMBL205
CHEMBL141408,NS(=O)(=O)c1ccc(NS(=O)(=O)c2c(F)c(F)c(F)c(F)c2F)c(Br)c1,CHEMBL205
CHEMBL140933,NS(=O)(=O)c1ccc(NC(=O)C(F)(F)C(F)(F)C(F)(F)C(F)(F)C(F)(F)C(F)(F)C(F)(F)C(F)(F)F)c(Br)c1,CHEMBL205
CHEMBL140554,NS(=O)(=O)c1cc(S(N)(=O)=O)c(NC(=O)c2c(F)c(F)c(F)c(F)c2F)c(Cl)c1Cl,CHEMBL205
CHEMBL344888,NS(=O)(=O)c1cc(S(N)(=O)=O)c(NS(=O)(=O)C(F)(F)C(F)(F)C(F)(F)C(F)(F)C(F)(F)C(F)(F)C(F)(F)C(F)(F)F)cc1Cl,CHEMBL205
CHEMBL140428,NS(=O)(=O)c1ccc(NS(=O)(=O)c2c(F)c(F)c(F)c(F)c2F)c(F)c1,CHEMBL205
CHEMBL139563,NS(=O)(=O)c1ccc(NC(=O)c2c(F)c(F)c(F)c(F)c2F)c(Br)c1,CHEMBL205
CHEMBL17,NS(=O)(=O)c1cc(Cl)c(Cl)c(S(N)(=O)=O)c1,CHEMBL205
CHEMBL140481,NS(=O)(=O)c1nc2ccc(OCCOS(=O)(=O)C(F)(F)C(F)(F)C(F)(F)C(F)(F)F)cc2s1,CHEMBL205
CHEMBL265112,NS(=O)(=O)c1cc(S(N)(=O)=O)c(NS(=O)(=O)C(F)(F)C(F)(F)C(F)(F)C(F)(F)C(F)(F)C(F)(F)C(F)(F)C(F)(F)F)c(Cl)c1Cl,CHEMBL205
CHEMBL341548,NS(=O)(=O)c1ccc(NC(=O)C(F)(F)C(F)(F)C(F)(F)C(F)(F)C(F)(F)C(F)(F)C(F)(F)C(F)(F)F)c(I)c1,CHEMBL205
CHEMBL342668,NS(=O)(=O)c1cccc(NS(=O)(=O)C(F)(F)C(F)(F)C(F)(F)C(F)(F)F)c1,CHEMBL205
CHEMBL140221,NS(=O)(=O)c1ccc(CNS(=O)(=O)C(F)(F)C(F)(F)C(F)(F)C(F)(F)F)cc1,CHEMBL205
CHEMBL335337,NS(=O)(=O)c1ccc(Nc2ccnc(NS(=O)(=O)C(F)(F)C(F)(F)C(F)(F)C(F)(F)F)n2)cc1,CHEMBL205
CHEMBL142132,NS(=O)(=O)c1nc2ccc(OS(=O)(=O)c3c(F)c(F)c(F)c(F)c3F)cc2s1,CHEMBL205
CHEMBL140692,NS(=O)(=O)c1ccc(CCOS(=O)(=O)c2c(F)c(F)c(F)c(F)c2F)cc1,CHEMBL205
CHEMBL140792,NS(=O)(=O)c1nc2ccc(NS(=O)(=O)C(F)(F)C(F)(F)C(F)(F)C(F)(F)C(F)(F)C(F)(F)C(F)(F)C(F)(F)F)cc2s1,CHEMBL205
CHEMBL343048,NS(=O)(=O)c1nnc(NS(=O)(=O)c2ccc(NC(=O)C(F)(F)C(F)(F)C(F)(F)C(F)(F)C(F)(F)C(F)(F)C(F)(F)C(F)(F)F)cc2)s1,CHEMBL205
CHEMBL344889,NS(=O)(=O)c1ccc(NS(=O)(=O)c2ccc(NC(=O)C(F)(F)C(F)(F)C(F)(F)C(F)(F)C(F)(F)C(F)(F)C(F)(F)C(F)(F)F)cc2)cc1,CHEMBL205
CHEMBL141757,NS(=O)(=O)c1ccc(Nc2ccnc(NC(=O)C(F)(F)C(F)(F)C(F)(F)C(F)(F)C(F)(F)C(F)(F)C(F)(F)C(F)(F)F)n2)cc1,CHEMBL205
CHEMBL342146,NS(=O)(=O)c1ccc(NS(=O)(=O)C(F)(F)C(F)(F)C(F)(F)C(F)(F)F)c(F)c1,CHEMBL205
CHEMBL138812,NS(=O)(=O)c1nnc(NC(=O)CCNS(=O)(=O)C(F)(F)C(F)(F)C(F)(F)C(F)(F)F)s1,CHEMBL205
CHEMBL443483,NS(=O)(=O)c1cccc(NS(=O)(=O)C(F)(F)C(F)(F)C(F)(F)C(F)(F)C(F)(F)C(F)(F)C(F)(F)C(F)(F)F)c1,CHEMBL205
CHEMBL141052,NS(=O)(=O)c1ccc(NC(=O)C(F)(F)C(F)(F)C(F)(F)C(F)(F)C(F)(F)C(F)(F)C(F)(F)C(F)(F)F)c(Cl)c1,CHEMBL205
CHEMBL343047,NS(=O)(=O)c1cc(S(N)(=O)=O)c(NC(=O)C(F)(F)C(F)(F)C(F)(F)C(F)(F)C(F)(F)C(F)(F)C(F)(F)C(F)(F)F)cc1Cl,CHEMBL205
CHEMBL344941,NS(=O)(=O)c1ccc(CNC(=O)c2c(F)c(F)c(F)c(F)c2F)cc1,CHEMBL205
CHEMBL18,CCOc1ccc2nc(S(N)(=O)=O)sc2c1,CHEMBL205
CHEMBL140370,NS(=O)(=O)c1nc2ccc(OCCOS(=O)(=O)C(F)(F)F)cc2s1,CHEMBL205
CHEMBL141309,NS(=O)(=O)c1ccc(NS(=O)(=O)c2c(F)c(F)c(F)c(F)c2F)c(I)c1,CHEMBL205
CHEMBL343590,NS(=O)(=O)c1cc(S(N)(=O)=O)c(NS(=O)(=O)c2c(F)c(F)c(F)c(F)c2F)c(Cl)c1Cl,CHEMBL205
CHEMBL94836,NS(=O)(=O)c1nnc(NS(=O)(=O)c2c(F)c(F)c(F)c(F)c2F)s1,CHEMBL205
CHEMBL343916,NS(=O)(=O)c1nc2ccc(NC(=O)c3c(F)c(F)c(F)c(F)c3F)cc2s1,CHEMBL205
CHEMBL142142,NS(=O)(=O)c1ccc(CCNC(=O)C(F)(F)C(F)(F)C(F)(F)C(F)(F)C(F)(F)C(F)(F)C(F)(F)C(F)(F)F)cc1,CHEMBL205
CHEMBL139939,NS(=O)(=O)c1nnc(NC(=O)C(F)(F)C(F)(F)C(F)(F)C(F)(F)C(F)(F)C(F)(F)C(F)(F)C(F)(F)F)s1,CHEMBL205
CHEMBL342038,NS(=O)(=O)c1ccc(NC(=O)c2c(F)c(F)c(F)c(F)c2F)c(I)c1,CHEMBL205
CHEMBL140095,NS(=O)(=O)c1nc2ccc(OC(=O)c3c(F)c(F)c(F)c(F)c3F)cc2s1,CHEMBL205
CHEMBL342485,NS(=O)(=O)c1cccc(NS(=O)(=O)c2ccc(NS(=O)(=O)C(F)(F)F)cc2)c1,CHEMBL205
CHEMBL141753,NS(=O)(=O)c1nc2ccc(NS(=O)(=O)C(F)(F)C(F)(F)C(F)(F)C(F)(F)F)cc2s1,CHEMBL205
CHEMBL336455,NS(=O)(=O)c1ccc(CNS(=O)(=O)c2c(F)c(F)c(F)c(F)c2F)cc1,CHEMBL205
CHEMBL436573,NS(=O)(=O)c1ccc(CCNS(=O)(=O)c2c(F)c(F)c(F)c(F)c2F)cc1,CHEMBL205
CHEMBL140116,NS(=O)(=O)c1ccc(NNS(=O)(=O)C(F)(F)C(F)(F)C(F)(F)C(F)(F)C(F)(F)C(F)(F)C(F)(F)C(F)(F)F)cc1,CHEMBL205
CHEMBL141562,NS(=O)(=O)c1ccc(NNS(=O)(=O)c2c(F)c(F)c(F)c(F)c2F)cc1,CHEMBL205
CHEMBL141756,Cn1nc(S(N)(=O)=O)s/c1=N/S(=O)(=O)c1ccc(NS(=O)(=O)C(F)(F)C(F)(F)C(F)(F)C(F)(F)C(F)(F)C(F)(F)C(F)(F)C(F)(F)F)cc1,CHEMBL205
CHEMBL140544,NS(=O)(=O)c1ccc(NC(=O)c2c(F)c(F)c(F)c(F)c2F)c(Cl)c1,CHEMBL205
CHEMBL341760,NS(=O)(=O)c1nnc(NC(=O)c2c(F)c(F)c(F)c(F)c2F)s1,CHEMBL205
CHEMBL139940,NS(=O)(=O)c1cccc(NS(=O)(=O)c2ccc(NC(=O)c3c(F)c(F)c(F)c(F)c3F)cc2)c1,CHEMBL205
CHEMBL140252,NS(=O)(=O)c1cc(S(N)(=O)=O)c(NS(=O)(=O)C(F)(F)F)cc1Cl,CHEMBL205
CHEMBL139539,NS(=O)(=O)c1cccc(NS(=O)(=O)c2ccc(NS(=O)(=O)C(F)(F)C(F)(F)C(F)(F)C(F)(F)F)cc2)c1,CHEMBL205
CHEMBL344001,NS(=O)(=O)c1ccc(NS(=O)(=O)c2ccc(NS(=O)(=O)c3c(F)c(F)c(F)c(F)c3F)cc2)cc1,CHEMBL205
CHEMBL141526,NS(=O)(=O)c1cccc(NC(=O)C(F)(F)C(F)(F)C(F)(F)C(F)(F)C(F)(F)C(F)(F)C(F)(F)C(F)(F)F)c1,CHEMBL205
CHEMBL141108,Cn1nc(S(N)(=O)=O)s/c1=N/S(=O)(=O)c1ccc(NC(=O)c2c(F)c(F)c(F)c(F)c2F)cc1,CHEMBL205
CHEMBL140379,NS(=O)(=O)c1ccc(NS(=O)(=O)C(F)(F)C(F)(F)C(F)(F)C(F)(F)F)cc1,CHEMBL205
CHEMBL140880,NS(=O)(=O)c1ccccc1NC(=O)c1c(F)c(F)c(F)c(F)c1F,CHEMBL205
CHEMBL140879,Cn1nc(S(N)(=O)=O)sc1=NS(=O)(=O)C(F)(F)C(F)(F)C(F)(F)C(F)(F)F,CHEMBL205
CHEMBL344034,NS(=O)(=O)c1nnc(NS(=O)(=O)c2ccc(NS(=O)(=O)C(F)(F)C(F)(F)C(F)(F)C(F)(F)F)cc2)s1,CHEMBL205
CHEMBL344056,NS(=O)(=O)c1ccc(CNC(=O)C(F)(F)C(F)(F)C(F)(F)C(F)(F)C(F)(F)C(F)(F)C(F)(F)C(F)(F)F)cc1,CHEMBL205
CHEMBL69149,Cn1nc(S(N)(=O)=O)s/c1=N/C(=O)c1c(F)c(F)c(F)c(F)c1F,CHEMBL205
CHEMBL140941,Cn1nc(S(N)(=O)=O)sc1=NS(=O)(=O)C(F)(F)F,CHEMBL205
CHEMBL343098,NS(=O)(=O)c1cc(S(N)(=O)=O)c(NS(=O)(=O)c2c(F)c(F)c(F)c(F)c2F)cc1Cl,CHEMBL205
CHEMBL433685,NS(=O)(=O)c1ccccc1NS(=O)(=O)C(F)(F)C(F)(F)C(F)(F)C(F)(F)C(F)(F)C(F)(F)C(F)(F)C(F)(F)F,CHEMBL205
CHEMBL342610,NS(=O)(=O)c1nnc(NC(=O)CCNC(=O)C(F)(F)C(F)(F)C(F)(F)C(F)(F)C(F)(F)C(F)(F)C(F)(F)C(F)(F)F)s1,CHEMBL205
CHEMBL337328,NS(=O)(=O)c1nc2ccc(OC(=O)C(F)(F)C(F)(F)C(F)(F)C(F)(F)C(F)(F)C(F)(F)C(F)(F)C(F)(F)F)cc2s1,CHEMBL205
CHEMBL344382,NS(=O)(=O)c1nnc(NC(=O)CCNC(=O)c2c(F)c(F)c(F)c(F)c2F)s1,CHEMBL205
CHEMBL140696,NS(=O)(=O)c1ccc(Nc2ccnc(NC(=O)c3c(F)c(F)c(F)c(F)c3F)n2)cc1,CHEMBL205
CHEMBL139549,NS(=O)(=O)c1ccc(NNS(=O)(=O)C(F)(F)C(F)(F)C(F)(F)C(F)(F)F)cc1,CHEMBL205
CHEMBL336483,NS(=O)(=O)c1cc(S(N)(=O)=O)c(NS(=O)(=O)C(F)(F)C(F)(F)C(F)(F)C(F)(F)F)c(Cl)c1Cl,CHEMBL205
CHEMBL141899,NS(=O)(=O)c1nc2ccc(OS(=O)(=O)C(F)(F)C(F)(F)C(F)(F)C(F)(F)F)cc2s1,CHEMBL205
CHEMBL343268,NS(=O)(=O)c1ccc(NS(=O)(=O)c2c(F)c(F)c(F)c(F)c2F)c(Cl)c1,CHEMBL205
CHEMBL140805,NS(=O)(=O)c1nnc(NS(=O)(=O)c2ccc(NS(=O)(=O)c3c(F)c(F)c(F)c(F)c3F)cc2)s1,CHEMBL205
CHEMBL139763,NS(=O)(=O)c1ccc(COS(=O)(=O)c2c(F)c(F)c(F)c(F)c2F)cc1,CHEMBL205
CHEMBL344709,NS(=O)(=O)c1ccc(CCOC(=O)c2c(F)c(F)c(F)c(F)c2F)cc1,CHEMBL205
CHEMBL342407,NS(=O)(=O)c1cc(S(N)(=O)=O)c(NS(=O)(=O)C(F)(F)C(F)(F)C(F)(F)C(F)(F)F)cc1Cl,CHEMBL205
CHEMBL337369,NS(=O)(=O)c1nnc(NS(=O)(=O)C(F)(F)C(F)(F)C(F)(F)C(F)(F)F)s1,CHEMBL205
CHEMBL337136,NS(=O)(=O)c1ccc(NNC(=O)c2c(F)c(F)c(F)c(F)c2F)cc1,CHEMBL205
CHEMBL141130,Cn1nc(S(N)(=O)=O)s/c1=N/S(=O)(=O)c1ccc(NS(=O)(=O)C(F)(F)C(F)(F)C(F)(F)C(F)(F)F)cc1,CHEMBL205
CHEMBL342679,NS(=O)(=O)c1cccc(NS(=O)(=O)c2c(F)c(F)c(F)c(F)c2F)c1,CHEMBL205
CHEMBL343944,NS(=O)(=O)c1ccc(Nc2ccnc(NS(=O)(=O)c3c(F)c(F)c(F)c(F)c3F)n2)cc1,CHEMBL205
CHEMBL422639,NS(=O)(=O)c1ccc(NS(=O)(=O)C(F)(F)C(F)(F)C(F)(F)C(F)(F)C(F)(F)C(F)(F)C(F)(F)C(F)(F)F)c(F)c1,CHEMBL205
CHEMBL140791,NS(=O)(=O)c1nnc(NS(=O)(=O)C(F)(F)C(F)(F)C(F)(F)C(F)(F)C(F)(F)C(F)(F)C(F)(F)C(F)(F)F)s1,CHEMBL205
CHEMBL343046,NS(=O)(=O)c1nnc(NS(=O)(=O)c2ccc(NS(=O)(=O)C(F)(F)C(F)(F)C(F)(F)C(F)(F)C(F)(F)C(F)(F)C(F)(F)C(F)(F)F)cc2)s1,CHEMBL205
CHEMBL141410,NS(=O)(=O)c1ccc(Nc2ccnc(NS(=O)(=O)C(F)(F)C(F)(F)C(F)(F)C(F)(F)C(F)(F)C(F)(F)C(F)(F)C(F)(F)F)n2)cc1,CHEMBL205
CHEMBL422825,NS(=O)(=O)c1cccc(NS(=O)(=O)c2ccc(NS(=O)(=O)c3c(F)c(F)c(F)c(F)c3F)cc2)c1,CHEMBL205
CHEMBL344030,NS(=O)(=O)c1ccc(NS(=O)(=O)C(F)(F)C(F)(F)C(F)(F)C(F)(F)C(F)(F)C(F)(F)C(F)(F)C(F)(F)F)cc1,CHEMBL205
CHEMBL141363,NS(=O)(=O)c1cccc(NS(=O)(=O)c2ccc(NS(=O)(=O)C(F)(F)C(F)(F)C(F)(F)C(F)(F)C(F)(F)C(F)(F)C(F)(F)C(F)(F)F)cc2)c1,CHEMBL205
CHEMBL141346,NS(=O)(=O)c1nnc(NC(=O)CCNS(=O)(=O)C(F)(F)F)s1,CHEMBL205
CHEMBL140446,NS(=O)(=O)c1ccccc1NS(=O)(=O)C(F)(F)C(F)(F)C(F)(F)C(F)(F)F,CHEMBL205
CHEMBL138603,Cn1nc(S(N)(=O)=O)s/c1=N/S(=O)(=O)c1ccc(NS(=O)(=O)c2c(F)c(F)c(F)c(F)c2F)cc1,CHEMBL205
CHEMBL344861,NS(=O)(=O)c1ccc(CCNS(=O)(=O)C(F)(F)C(F)(F)C(F)(F)C(F)(F)C(F)(F)C(F)(F)C(F)(F)C(F)(F)F)cc1,CHEMBL205
CHEMBL309431,CCN(CC)CCNC(=O)c1ccc(S(=O)(=O)Nc2nnc(S(N)(=O)=O)s2)cc1,CHEMBL205
CHEMBL336249,NS(=O)(=O)c1cccc(NC(=O)c2c(F)c(F)c(F)c(F)c2F)c1,CHEMBL205
CHEMBL96361,NS(=O)(=O)c1ccc(NC(=O)c2c(F)c(F)c(F)c(F)c2F)c(F)c1,CHEMBL205
CHEMBL140452,NS(=O)(=O)c1ccccc1NS(=O)(=O)c1c(F)c(F)c(F)c(F)c1F,CHEMBL205
CHEMBL342622,NS(=O)(=O)c1ccc(NS(=O)(=O)c2c(F)c(F)c(F)c(F)c2F)cc1,CHEMBL205
CHEMBL141624,NS(=O)(=O)c1nc2ccc(OCCOS(=O)(=O)c3c(F)c(F)c(F)c(F)c3F)cc2s1,CHEMBL205
CHEMBL281794,NS(=O)(=O)c1ccc(NC(=O)C(F)(F)C(F)(F)C(F)(F)C(F)(F)C(F)(F)C(F)(F)C(F)(F)C(F)(F)F)cc1,CHEMBL205
CHEMBL141168,NS(=O)(=O)c1nc2ccc(NC(=O)C(F)(F)C(F)(F)C(F)(F)C(F)(F)C(F)(F)C(F)(F)C(F)(F)C(F)(F)F)cc2s1,CHEMBL205
CHEMBL140616,NS(=O)(=O)c1nc2ccc(OCCOC(=O)c3c(F)c(F)c(F)c(F)c3F)cc2s1,CHEMBL205
CHEMBL141965,NS(=O)(=O)c1ccc(CNS(=O)(=O)C(F)(F)C(F)(F)C(F)(F)C(F)(F)C(F)(F)C(F)(F)C(F)(F)C(F)(F)F)cc1,CHEMBL205
CHEMBL342026,NS(=O)(=O)c1nc2ccc(OCCOS(=O)(=O)C(F)(F)C(F)(F)C(F)(F)C(F)(F)C(F)(F)C(F)(F)C(F)(F)C(F)(F)F)cc2s1,CHEMBL205
CHEMBL262561,Cn1nc(S(N)(=O)=O)s/c1=N/S(=O)(=O)c1ccc(NS(=O)(=O)C(F)(F)F)cc1,CHEMBL205
CHEMBL344156,NS(=O)(=O)c1nc2ccc(OS(=O)(=O)C(F)(F)F)cc2s1,CHEMBL205
CHEMBL169370,NS(=O)(=O)N1CCCCC1,CHEMBL205
CHEMBL169188,Cc1cc(-c2ccccc2)cc(C)[n+]1Cc1ccc(S(N)(=O)=O)cc1.[O-][Cl+3]([O-])([O-])[O-],CHEMBL205
CHEMBL355026,Cc1cc(-c2ccccc2)cc(-c2ccccc2)[n+]1CCc1ccc(S(N)(=O)=O)cc1.[O-][Cl+3]([O-])([O-])[O-],CHEMBL205
CHEMBL171031,Cc1cc(C)[n+](Cc2ccc(S(N)(=O)=O)cc2)c(C)c1C.[O-][Cl+3]([O-])([O-])[O-],CHEMBL205
CHEMBL169623,CC(C)c1cc(-c2ccccc2)cc(C(C)C)[n+]1Cc1ccc(S(N)(=O)=O)cc1.[O-][Cl+3]([O-])([O-])[O-],CHEMBL205
CHEMBL166340,N#Cc1ccc(NS(N)(=O)=O)cc1,CHEMBL205
CHEMBL168910,NS(=O)(=O)Nc1ccc2ccccc2c1,CHEMBL205
CHEMBL18,CCOc1ccc2nc(S(N)(=O)=O)sc2c1,CHEMBL205
CHEMBL7087,NCCc1ccc(S(N)(=O)=O)cc1,CHEMBL205
CHEMBL417648,NS(=O)(=O)c1ccc(NC(=O)C(F)(F)F)cc1,CHEMBL205
CHEMBL23684,NS(=O)(=O)c1ccc(NS(=O)(=O)c2ccc([N+](=O)[O-])cc2)cc1,CHEMBL205
CHEMBL218490,CCN[C@H]1C[C@H](C)S(=O)(=O)c2sc(S(N)(=O)=O)cc21,CHEMBL205
CHEMBL353767,NS(=O)(=O)Nc1ccc(O)cc1,CHEMBL205
CHEMBL170592,Cc1cc(C)[n+](CCc2ccc(S(N)(=O)=O)cc2)c(C)c1C.[O-][Cl+3]([O-])([O-])[O-],CHEMBL205
CHEMBL354626,Cc1cc(C(C)C)[n+](Cc2ccc(S(N)(=O)=O)cc2)c(C(C)C)c1.[O-][Cl+3]([O-])([O-])[O-],CHEMBL205
CHEMBL352535,Cc1cc(C)[n+](CCc2ccc(S(N)(=O)=O)cc2)c(C)c1.[O-][Cl+3]([O-])([O-])[O-],CHEMBL205
CHEMBL168976,CCCc1cc(-c2ccccc2)cc(CCC)[n+]1CCc1ccc(S(N)(=O)=O)cc1.[O-][Cl+3]([O-])([O-])[O-],CHEMBL205
CHEMBL17,NS(=O)(=O)c1cc(Cl)c(Cl)c(S(N)(=O)=O)c1,CHEMBL205
CHEMBL166686,NS(=O)(=O)Nc1ccc(Br)cc1,CHEMBL205
CHEMBL23796,NS(=O)(=O)c1ccc(NS(=O)(=O)c2ccccc2)cc1,CHEMBL205
CHEMBL23681,NS(=O)(=O)c1ccc(CCNS(=O)(=O)c2ccccc2)cc1,CHEMBL205
CHEMBL17,NS(=O)(=O)c1cc(Cl)c(Cl)c(S(N)(=O)=O)c1,CHEMBL205
CHEMBL165878,COc1ccc(NS(N)(=O)=O)cc1,CHEMBL205
CHEMBL23922,NS(=O)(=O)c1ccc(NS(=O)(=O)c2ccc(F)cc2)cc1,CHEMBL205
CHEMBL278603,CC(=O)Nc1ccc(S(=O)(=O)Nc2nnc(S(N)(=O)=O)s2)cc1F,CHEMBL205
CHEMBL268439,Nc1ccc(S(=O)(=O)Nc2nnc(S(N)(=O)=O)s2)cc1,CHEMBL205
CHEMBL169684,CCc1cc(-c2ccccc2)cc(CC)[n+]1Cc1ccc(S(N)(=O)=O)cc1.[O-][Cl+3]([O-])([O-])[O-],CHEMBL205
CHEMBL77517,NS(=O)(=O)c1ccc(S(=O)(=O)Nc2cccc3c(Cl)c[nH]c23)cc1,CHEMBL205
CHEMBL23174,NS(=O)(=O)c1ccc(CCNC(=O)c2cc3ccccc3oc2=O)cc1,CHEMBL205
CHEMBL366775,CC(C)c1cc(-c2ccccc2)cc(C(C)C)[n+]1CCc1ccc(S(N)(=O)=O)cc1.[O-][Cl+3]([O-])([O-])[O-],CHEMBL205
CHEMBL687,CC(=O)Nc1ccc(S(N)(=O)=O)cc1,CHEMBL205
CHEMBL23579,CC(C)(C)C(=O)Nc1nnc(S(N)(=O)=O)s1,CHEMBL205
CHEMBL20,CC(=O)Nc1nnc(S(N)(=O)=O)s1,CHEMBL205
CHEMBL166708,CCOC(=O)c1ccc(NS(N)(=O)=O)cc1,CHEMBL205
CHEMBL279246,NS(=O)(=O)c1ccc(CNC(=O)Nc2ccccc2)cc1,CHEMBL205
CHEMBL218490,CCN[C@H]1C[C@H](C)S(=O)(=O)c2sc(S(N)(=O)=O)cc21,CHEMBL205
CHEMBL168526,NS(=O)(=O)NCc1ccccc1,CHEMBL205
CHEMBL23285,CC(C)(C)C(=O)Nc1ccc(S(N)(=O)=O)cc1,CHEMBL205
CHEMBL25600,NS(=O)(=O)c1ccc(NC(=O)Nc2ccccc2)cc1,CHEMBL205
CHEMBL286004,NS(=O)(=O)c1nnc(NC(=O)CCCCC(F)(F)C(F)(F)F)s1,CHEMBL205
CHEMBL352612,CCCc1cc(-c2ccccc2)cc(CCC)[n+]1Cc1ccc(S(N)(=O)=O)cc1.[O-][Cl+3]([O-])([O-])[O-],CHEMBL205
CHEMBL22540,CC(=O)Nc1ccc(S(=O)(=O)Nc2nnc(S(N)(=O)=O)s2)cc1Br,CHEMBL205
CHEMBL169869,Cc1cc(C)[n+](CCc2ccc(S(N)(=O)=O)cc2)c(C(C)C)c1.[O-][Cl+3]([O-])([O-])[O-],CHEMBL205
CHEMBL19,CC(=O)/N=c1/sc(S(N)(=O)=O)nn1C,CHEMBL205
CHEMBL17,NS(=O)(=O)c1cc(Cl)c(Cl)c(S(N)(=O)=O)c1,CHEMBL205
CHEMBL169820,CCc1cc(-c2ccccc2)cc(-c2ccccc2)[n+]1CCc1ccc(S(N)(=O)=O)cc1.[O-][Cl+3]([O-])([O-])[O-],CHEMBL205
CHEMBL165939,NS(=O)(=O)N1CCCCCC1,CHEMBL205
CHEMBL22374,NS(=O)(=O)c1ccc(CCNC(=O)Nc2ccccc2)cc1,CHEMBL205
CHEMBL20,CC(=O)Nc1nnc(S(N)(=O)=O)s1,CHEMBL205
CHEMBL23417,CC(C)C(=O)Nc1ccc(S(N)(=O)=O)cc1,CHEMBL205
CHEMBL171792,CCCc1cc(-c2ccccc2)cc(CCC)[n+]1-c1ccc(S(N)(=O)=O)cc1.[O-][Cl+3]([O-])([O-])[O-],CHEMBL205
CHEMBL444608,NS(=O)(=O)NCCSSCCNS(N)(=O)=O,CHEMBL205
CHEMBL220492,CC1(C)O[C@@H]2[C@@H](CO[C@@]3(COS(N)(=O)=O)OC(C)(C)O[C@@H]23)O1,CHEMBL205
CHEMBL422907,CCc1cc(-c2ccccc2)cc(CC)[n+]1-c1ccc(S(N)(=O)=O)cc1.[O-][Cl+3]([O-])([O-])[O-],CHEMBL205
CHEMBL170938,Cc1cc(C)[n+](Cc2ccc(S(N)(=O)=O)cc2)c(C)c1.[O-][Cl+3]([O-])([O-])[O-],CHEMBL205
CHEMBL19,CC(=O)/N=c1/sc(S(N)(=O)=O)nn1C,CHEMBL205
CHEMBL170015,CCCCNS(N)(=O)=O,CHEMBL205
CHEMBL168898,NS(=O)(=O)Nc1cccc(C(=O)c2ccccc2)c1,CHEMBL205
CHEMBL419,NCc1ccc(S(N)(=O)=O)cc1,CHEMBL205
CHEMBL281794,NS(=O)(=O)c1ccc(NC(=O)C(F)(F)C(F)(F)C(F)(F)C(F)(F)C(F)(F)C(F)(F)C(F)(F)C(F)(F)F)cc1,CHEMBL205
CHEMBL422747,CC(C)c1cc(-c2ccccc2)cc(C(C)C)[n+]1-c1ccc(S(N)(=O)=O)cc1.[O-][Cl+3]([O-])([O-])[O-],CHEMBL205
CHEMBL18,CCOc1ccc2nc(S(N)(=O)=O)sc2c1,CHEMBL205
CHEMBL21,Nc1ccc(S(N)(=O)=O)cc1,CHEMBL205
CHEMBL24473,Cn1nc(S(N)(=O)=O)s/c1=N/C(=O)CCCCC(F)(F)C(F)(F)F,CHEMBL205
CHEMBL169789,Cc1cc(C(C)C)[n+](CCc2ccc(S(N)(=O)=O)cc2)c(C(C)C)c1.[O-][Cl+3]([O-])([O-])[O-],CHEMBL205
CHEMBL354323,CN(C)c1ccc(NS(N)(=O)=O)cc1,CHEMBL205
CHEMBL23744,NS(=O)(=O)c1ccc(CNC(=O)c2cc3ccccc3oc2=O)cc1,CHEMBL205
CHEMBL170588,Cc1cc(-c2ccccc2)cc(-c2ccccc2)[n+]1-c1ccc(S(N)(=O)=O)cc1.[O-][Cl+3]([O-])([O-])[O-],CHEMBL205
CHEMBL172567,CCc1cc(-c2ccccc2)cc(-c2ccccc2)[n+]1Cc1ccc(S(N)(=O)=O)cc1.[O-][Cl+3]([O-])([O-])[O-],CHEMBL205
CHEMBL171095,CC(C)(C)c1cc(-c2ccccc2)cc(-c2ccccc2)[n+]1CCc1ccc(S(N)(=O)=O)cc1.[O-][Cl+3]([O-])([O-])[O-],CHEMBL205
CHEMBL23238,NS(=O)(=O)c1ccc(CNS(=O)(=O)c2ccccc2)cc1,CHEMBL205
CHEMBL23435,CC(=O)Nc1ccc(S(=O)(=O)Nc2nnc(S(N)(=O)=O)s2)cc1Cl,CHEMBL205
CHEMBL171589,CCc1cc(-c2ccccc2)cc(CC)[n+]1CCc1ccc(S(N)(=O)=O)cc1.[O-][Cl+3]([O-])([O-])[O-],CHEMBL205
CHEMBL19,CC(=O)/N=c1/sc(S(N)(=O)=O)nn1C,CHEMBL205
CHEMBL278395,CCC(=O)Nc1ccc(S(N)(=O)=O)cc1,CHEMBL205
CHEMBL23058,CCCCCC(=O)Nc1ccc(S(N)(=O)=O)cc1,CHEMBL205
CHEMBL23967,NS(=O)(=O)c1ccc(NC(=O)c2cc3ccccc3oc2=O)cc1,CHEMBL205
CHEMBL282021,CC(=O)Nc1ccc(S(=O)(=O)Nc2nnc(S(N)(=O)=O)s2)cc1,CHEMBL205
CHEMBL353514,Cc1cc(C)[n+](Cc2ccc(S(N)(=O)=O)cc2)c(C(C)C)c1.[O-][Cl+3]([O-])([O-])[O-],CHEMBL205
CHEMBL278295,NS(=O)(=O)c1ccc(CCNC(=O)Nc2ccc(Cl)c(Cl)c2)cc1,CHEMBL205
CHEMBL166446,NS(=O)(=O)Nc1ccc(I)cc1,CHEMBL205
CHEMBL23591,CCCC(=O)Nc1ccc(S(N)(=O)=O)cc1,CHEMBL205
CHEMBL167179,NS(=O)(=O)Nc1ccc(C(F)(F)F)cc1,CHEMBL205
CHEMBL23559,NS(=O)(=O)c1ccc(NC(=O)c2ccccc2)cc1,CHEMBL205
CHEMBL280338,Cn1nc(S(N)(=O)=O)s/c1=N/C(=O)c1ccccc1,CHEMBL205
CHEMBL355320,Cc1cc(-c2ccccc2)cc(-c2ccccc2)[n+]1Cc1ccc(S(N)(=O)=O)cc1.[O-][Cl+3]([O-])([O-])[O-],CHEMBL205
CHEMBL169903,CCCc1cc(-c2ccccc2)cc(-c2ccccc2)[n+]1CCc1ccc(S(N)(=O)=O)cc1.[O-][Cl+3]([O-])([O-])[O-],CHEMBL205
CHEMBL280417,NS(=O)(=O)c1ccc(NC(=O)CCCCC(F)(F)C(F)(F)F)cc1,CHEMBL205
CHEMBL170875,Cc1cc(C)[n+](-c2ccc(S(N)(=O)=O)cc2)c(C)c1C.[O-][Cl+3]([O-])([O-])[O-],CHEMBL205
CHEMBL171350,Cc1cc(-c2ccccc2)cc(C)[n+]1-c1ccc(S(N)(=O)=O)cc1.[O-][Cl+3]([O-])([O-])[O-],CHEMBL205
CHEMBL169486,NS(=O)(=O)Nc1c(F)c(F)c(F)c(F)c1F,CHEMBL205
CHEMBL24121,NS(=O)(=O)c1ccc(/N=C\c2ncc[nH]2)cc1,CHEMBL205
CHEMBL20,CC(=O)Nc1nnc(S(N)(=O)=O)s1,CHEMBL205
CHEMBL23377,CC(=O)Nc1ccc(S(=O)(=O)NCCc2ccc(S(N)(=O)=O)cc2)cc1,CHEMBL205
CHEMBL352483,Cc1cc(-c2ccccc2)cc(C)[n+]1CCc1ccc(S(N)(=O)=O)cc1.[O-][Cl+3]([O-])([O-])[O-],CHEMBL205
CHEMBL283097,CCCCC(=O)Nc1ccc(S(N)(=O)=O)cc1,CHEMBL205
CHEMBL1907940,CCN[C@H]1CC(CCCOC)S(=O)(=O)c2sc(S(N)(=O)=O)cc21,CHEMBL205
CHEMBL170085,Cc1cc(C)[n+](-c2ccc(S(N)(=O)=O)cc2)c(C)c1.[O-][Cl+3]([O-])([O-])[O-],CHEMBL205
CHEMBL168511,Cc1ccc(NS(N)(=O)=O)cc1,CHEMBL205
CHEMBL167048,NS(=O)(=O)Nc1ccc(Cl)cc1,CHEMBL205
CHEMBL168514,NS(=O)(=O)Nc1ccccc1,CHEMBL205
CHEMBL168778,NS(=O)(=O)Nc1ccc([N+](=O)[O-])cc1,CHEMBL205
CHEMBL281376,NS(=O)(=O)c1nnc(NC(=O)c2ccccc2)s1,CHEMBL205
CHEMBL282266,Cn1nc(S(N)(=O)=O)s/c1=N/C(=O)c1ccco1,CHEMBL205
CHEMBL19,CC(=O)/N=c1/sc(S(N)(=O)=O)nn1C,CHEMBL205
CHEMBL17,NS(=O)(=O)c1cc(Cl)c(Cl)c(S(N)(=O)=O)c1,CHEMBL205
CHEMBL421106,CCCCCCCCS(=O)(=O)CS(N)(=O)=O,CHEMBL205
CHEMBL304131,CCCCCCCCS(=O)(=O)C(Cl)S(N)(=O)=O,CHEMBL205
CHEMBL68840,CCCCCCCCS(=O)(=O)C(Cl)(Cl)S(N)(=O)=O,CHEMBL205
CHEMBL67511,NS(=O)(=O)C(F)(F)F,CHEMBL205
CHEMBL20,CC(=O)Nc1nnc(S(N)(=O)=O)s1,CHEMBL205
CHEMBL302780,CCCCCCCCS(=O)(=O)C(F)S(N)(=O)=O,CHEMBL205
CHEMBL67823,NS(=O)(=O)CS(=O)(=O)CCc1ccccc1,CHEMBL205
CHEMBL304744,NS(=O)(=O)CS(=O)(=O)CCCc1ccccc1,CHEMBL205
CHEMBL354527,CC1(C)OC[C@@H]2O[C@@]3(COC(=O)NS(N)(=O)=O)OC(C)(C)O[C@H]3[C@@H]2O1,CHEMBL205
CHEMBL20,CC(=O)Nc1nnc(S(N)(=O)=O)s1,CHEMBL205
CHEMBL355167,CC1(C)O[C@@H]2[C@@H](CO[C@@]3(COC(=O)NS(N)(=O)=O)OC(C)(C)O[C@@H]23)O1,CHEMBL205
CHEMBL18,CCOc1ccc2nc(S(N)(=O)=O)sc2c1,CHEMBL205
CHEMBL220492,CC1(C)O[C@@H]2[C@@H](CO[C@@]3(COS(N)(=O)=O)OC(C)(C)O[C@@H]23)O1,CHEMBL205
CHEMBL170725,CC1(C)OC[C@@H]2O[C@@]3(C(=O)NS(N)(=O)=O)OC(C)(C)O[C@H]3[C@@H]2O1,CHEMBL205
CHEMBL265674,Nc1nnc(S(N)(=O)=O)s1,CHEMBL205
CHEMBL266026,Nc1ccc(S(=O)(=O)NCc2ccc(S(N)(=O)=O)cc2)cc1,CHEMBL205
CHEMBL108971,NS(=O)(=O)c1nnc(NC(=O)C23C[C@H]4C[C@@H](C2)C[C@@H](C3)C4)s1,CHEMBL205
CHEMBL20,CC(=O)Nc1nnc(S(N)(=O)=O)s1,CHEMBL205
CHEMBL419,NCc1ccc(S(N)(=O)=O)cc1,CHEMBL205
CHEMBL310903,NS(=O)(=O)c1cc2c(s1)S(=O)(=O)CCN2,CHEMBL205
CHEMBL310903,NS(=O)(=O)c1cc2c(s1)S(=O)(=O)CCN2,CHEMBL205
CHEMBL80060,COCCOCCN(CCOC)CCC1C(=O)Nc2cc(S(N)(=O)=O)sc2S1(=O)=O,CHEMBL205
CHEMBL80060,COCCOCCN(CCOC)CCC1C(=O)Nc2cc(S(N)(=O)=O)sc2S1(=O)=O,CHEMBL205
CHEMBL111216,NS(=O)(=O)c1nnc(NS(=O)(=O)c2ccc(NC(=O)[C@@H]3C4C=CC(C4)C3C(=O)O)cc2)s1,CHEMBL205
CHEMBL19,CC(=O)/N=c1/sc(S(N)(=O)=O)nn1C,CHEMBL205
CHEMBL218490,CCN[C@H]1C[C@H](C)S(=O)(=O)c2sc(S(N)(=O)=O)cc21,CHEMBL205
CHEMBL220492,CC1(C)O[C@@H]2[C@@H](CO[C@@]3(COS(N)(=O)=O)OC(C)(C)O[C@@H]23)O1,CHEMBL205
CHEMBL268439,Nc1ccc(S(=O)(=O)Nc2nnc(S(N)(=O)=O)s2)cc1,CHEMBL205
CHEMBL311263,COCCOCCN(CCOC)CCC1CNc2cc(S(N)(=O)=O)sc2S1(=O)=O,CHEMBL205
CHEMBL311263,COCCOCCN(CCOC)CCC1CNc2cc(S(N)(=O)=O)sc2S1(=O)=O,CHEMBL205
CHEMBL21,Nc1ccc(S(N)(=O)=O)cc1,CHEMBL205
CHEMBL7146,Nc1ccc(S(=O)(=O)NCCc2ccc(S(N)(=O)=O)cc2)cc1,CHEMBL205
CHEMBL268809,NS(=O)(=O)c1cccc2cccnc12,CHEMBL205
CHEMBL18,CCOc1ccc2nc(S(N)(=O)=O)sc2c1,CHEMBL205
CHEMBL6724,Nc1ccc(S(N)(=O)=O)cc1Br,CHEMBL205
CHEMBL6919,NS(=O)(=O)c1ccc(CO)cc1,CHEMBL205
CHEMBL326036,CCCC(CCC)C(=O)Oc1ccc2nc(S(N)(=O)=O)sc2c1,CHEMBL205
CHEMBL6685,NS(=O)(=O)c1nc2ccc(O)cc2s1,CHEMBL205
CHEMBL83820,NS(=O)(=O)c1cc2c(s1)[S+]([O-])CC(=O)N2,CHEMBL205
CHEMBL83820,NS(=O)(=O)c1cc2c(s1)[S+]([O-])CC(=O)N2,CHEMBL205
CHEMBL7092,Nc1ccc(S(N)(=O)=O)cc1Cl,CHEMBL205
CHEMBL108502,NS(=O)(=O)c1nnc(NC(=O)CCNS(=O)(=O)c2ccc(I)cc2)s1,CHEMBL205
CHEMBL108982,NS(=O)(=O)c1nnc(NS(=O)(=O)Cc2ccccc2)s1,CHEMBL205
CHEMBL6753,Cn1nc(S(N)(=O)=O)sc1=N,CHEMBL205
CHEMBL310152,NS(=O)(=O)c1cc2c(s1)SCC(=O)N2,CHEMBL205
CHEMBL310152,NS(=O)(=O)c1cc2c(s1)SCC(=O)N2,CHEMBL205
CHEMBL419188,CCCC(CCC)C(=O)Nc1cc(Cl)c(S(N)(=O)=O)cc1S(N)(=O)=O,CHEMBL205
CHEMBL111360,CCCC(CCC)C(=O)Nc1ccc(S(N)(=O)=O)cc1Br,CHEMBL205
CHEMBL107989,CCCC(CCC)C(=O)Nc1ccc(S(N)(=O)=O)cc1Cl,CHEMBL205
CHEMBL6853,Nc1ccc(S(N)(=O)=O)cc1F,CHEMBL205
CHEMBL269122,Nc1ccc(S(=O)(=O)Nc2ccc(S(N)(=O)=O)cc2)cc1,CHEMBL205
CHEMBL417975,CC(C)CN[C@H]1CCS(=O)(=O)c2sc(S(N)(=O)=O)cc21,CHEMBL205
CHEMBL417975,CC(C)CN[C@H]1CCS(=O)(=O)c2sc(S(N)(=O)=O)cc21,CHEMBL205
CHEMBL309950,COCCOCCN(CCOC)C(=O)CC1C(=O)Nc2cc(S(N)(=O)=O)sc2S1(=O)=O,CHEMBL205
CHEMBL309950,COCCOCCN(CCOC)C(=O)CC1C(=O)Nc2cc(S(N)(=O)=O)sc2S1(=O)=O,CHEMBL205
CHEMBL281376,NS(=O)(=O)c1nnc(NC(=O)c2ccccc2)s1,CHEMBL205
CHEMBL108380,Cc1ccc(S(=O)(=O)Nc2nnc(S(N)(=O)=O)s2)cc1,CHEMBL205
CHEMBL23579,CC(C)(C)C(=O)Nc1nnc(S(N)(=O)=O)s1,CHEMBL205
CHEMBL326240,CCCC(CCC)C(=O)Nc1ccc2nc(S(N)(=O)=O)sc2c1,CHEMBL205
CHEMBL109153,CCCC(CCC)C(=O)Nc1cccc(S(N)(=O)=O)c1,CHEMBL205
CHEMBL418,Nc1cc(C(F)(F)F)c(S(N)(=O)=O)cc1S(N)(=O)=O,CHEMBL205
CHEMBL309870,COCCN(CCOC)CCC1CNc2cc(S(N)(=O)=O)sc2S1(=O)=O,CHEMBL205
CHEMBL309870,COCCN(CCOC)CCC1CNc2cc(S(N)(=O)=O)sc2S1(=O)=O,CHEMBL205
CHEMBL432626,CCCC(CCC)C(=O)NCc1ccc(S(N)(=O)=O)cc1,CHEMBL205
CHEMBL111245,CCCC(CCC)C(=O)NCCc1ccc(S(N)(=O)=O)cc1,CHEMBL205
CHEMBL6705,Nc1ccccc1S(N)(=O)=O,CHEMBL205
CHEMBL6633,Nc1nccc(Nc2ccc(S(N)(=O)=O)cc2)n1,CHEMBL205
CHEMBL81148,NS(=O)(=O)c1cc2c(s1)S(=O)(=O)CC(=O)N2,CHEMBL205
CHEMBL81148,NS(=O)(=O)c1cc2c(s1)S(=O)(=O)CC(=O)N2,CHEMBL205
CHEMBL108389,CCCC(CCC)C(=O)Nc1ccc(S(N)(=O)=O)cc1F,CHEMBL205
CHEMBL19,CC(=O)/N=c1/sc(S(N)(=O)=O)nn1C,CHEMBL205
CHEMBL419553,CCCC(CCC)C(=O)/N=c1/sc(S(N)(=O)=O)nn1C,CHEMBL205
CHEMBL322589,CC(C)(C)OC(=O)Nc1nnc(S(N)(=O)=O)s1,CHEMBL205
CHEMBL414,NS(=O)(=O)c1ccc(C(=O)O)cc1,CHEMBL205
CHEMBL79368,NS(=O)(=O)c1cc2c(s1)S(=O)(=O)C1(CC1)CN2,CHEMBL205
CHEMBL79368,NS(=O)(=O)c1cc2c(s1)S(=O)(=O)C1(CC1)CN2,CHEMBL205
CHEMBL320711,CCCC(CCC)C(=O)Nc1nnc(S(N)(=O)=O)s1,CHEMBL205
CHEMBL109142,CCCC(CCC)C(=O)Nc1ccc(S(N)(=O)=O)cc1I,CHEMBL205
CHEMBL7087,NCCc1ccc(S(N)(=O)=O)cc1,CHEMBL205
CHEMBL541211,CC(C)CNC(=O)CC1Sc2sc(S(N)(=O)=O)cc2NC1=O,CHEMBL205
CHEMBL541211,CC(C)CNC(=O)CC1Sc2sc(S(N)(=O)=O)cc2NC1=O,CHEMBL205
CHEMBL17,NS(=O)(=O)c1cc(Cl)c(Cl)c(S(N)(=O)=O)c1,CHEMBL205
CHEMBL111336,COc1cc(C(=O)Nc2nnc(S(N)(=O)=O)s2)cc(OC)c1OC,CHEMBL205
CHEMBL312006,NS(=O)(=O)c1cc2c(s1)SC(CC(=O)O)C(=O)N2,CHEMBL205
CHEMBL111504,CCCC(CCC)C(=O)NCCC(=O)Nc1nnc(S(N)(=O)=O)s1,CHEMBL205
CHEMBL7204,NNc1ccc(S(N)(=O)=O)cc1,CHEMBL205
CHEMBL266240,Nc1cc(Cl)c(S(N)(=O)=O)cc1S(N)(=O)=O,CHEMBL205
CHEMBL310280,NS(=O)(=O)c1cc2c(s1)S(=O)(=O)C(CCO)CN2,CHEMBL205
CHEMBL310280,NS(=O)(=O)c1cc2c(s1)S(=O)(=O)C(CCO)CN2,CHEMBL205
CHEMBL111074,CCCC(CCC)C(=O)Nc1ccc(S(N)(=O)=O)cc1,CHEMBL205
CHEMBL324906,CCCC(CCC)C(=O)Nc1c(S(N)(=O)=O)cc(S(N)(=O)=O)c(Cl)c1Cl,CHEMBL205
CHEMBL6648,NS(=O)(=O)c1cccc2ccccc12,CHEMBL205
CHEMBL79939,NS(=O)(=O)c1cc2c(s1)S(=O)(=O)C(CCN1CCOCC1)CN2,CHEMBL205
CHEMBL79939,NS(=O)(=O)c1cc2c(s1)S(=O)(=O)C(CCN1CCOCC1)CN2,CHEMBL205
CHEMBL108381,CCCC(CCC)C(=O)OCCOc1ccc2nc(S(N)(=O)=O)sc2c1,CHEMBL205
CHEMBL107722,CCCC(CCC)C(=O)OCc1ccc(S(N)(=O)=O)cc1,CHEMBL205
CHEMBL79474,NS(=O)(=O)c1cc2c(s1)SC(CCO)CN2,CHEMBL205
CHEMBL79474,NS(=O)(=O)c1cc2c(s1)SC(CCO)CN2,CHEMBL205
CHEMBL83497,CC(C)CNCCC1CNc2cc(S(N)(=O)=O)sc2S1(=O)=O,CHEMBL205
CHEMBL83497,CC(C)CNCCC1CNc2cc(S(N)(=O)=O)sc2S1(=O)=O,CHEMBL205
CHEMBL109151,Cc1ccc(S(=O)(=O)NC(=O)Nc2nnc(S(N)(=O)=O)s2)cc1,CHEMBL205
CHEMBL325321,CCCC(CCC)C(=O)Nc1ccccc1S(N)(=O)=O,CHEMBL205
CHEMBL268177,Nc1ccc(S(N)(=O)=O)cc1I,CHEMBL205
CHEMBL6946,Nc1ccc(S(=O)(=O)Nc2ccccc2S(N)(=O)=O)cc1,CHEMBL205
CHEMBL6852,Nc1cccc(S(N)(=O)=O)c1,CHEMBL205
CHEMBL20,CC(=O)Nc1nnc(S(N)(=O)=O)s1,CHEMBL205
CHEMBL417975,CC(C)CN[C@H]1CCS(=O)(=O)c2sc(S(N)(=O)=O)cc21,CHEMBL205
CHEMBL417975,CC(C)CN[C@H]1CCS(=O)(=O)c2sc(S(N)(=O)=O)cc21,CHEMBL205
CHEMBL322581,CCCC(CCC)C(=O)NNc1ccc(S(N)(=O)=O)cc1,CHEMBL205
CHEMBL6784,NS(=O)(=O)c1ccc(CCO)cc1,CHEMBL205
CHEMBL218490,CCN[C@H]1C[C@H](C)S(=O)(=O)c2sc(S(N)(=O)=O)cc21,CHEMBL205
CHEMBL218490,CCN[C@H]1C[C@H](C)S(=O)(=O)c2sc(S(N)(=O)=O)cc21,CHEMBL205
CHEMBL20,CC(=O)Nc1nnc(S(N)(=O)=O)s1,CHEMBL205
CHEMBL19,CC(=O)/N=c1/sc(S(N)(=O)=O)nn1C,CHEMBL205
CHEMBL118,Cc1ccc(-c2cc(C(F)(F)F)nn2-c2ccc(S(N)(=O)=O)cc2)cc1,CHEMBL205
CHEMBL17,NS(=O)(=O)c1cc(Cl)c(Cl)c(S(N)(=O)=O)c1,CHEMBL205
CHEMBL865,Cc1onc(-c2ccccc2)c1-c1ccc(S(N)(=O)=O)cc1,CHEMBL205
CHEMBL218490,CCN[C@H]1C[C@H](C)S(=O)(=O)c2sc(S(N)(=O)=O)cc21,CHEMBL205
CHEMBL345367,COc1ccc(CC(NC(=O)CNC(=O)c2ccc(S(N)(=O)=O)cc2)C(=O)O)cc1,CHEMBL205
CHEMBL2371105,C[C@H](NC(=O)CNC(=O)CNC(=O)CNC(=O)c1ccc(S(N)(=O)=O)cc1)C(=O)O,CHEMBL205
CHEMBL2371099,Nc1ccc(C[C@H](NC(=O)CNC(=O)CNC(=O)c2ccc(S(N)(=O)=O)cc2)C(=O)O)cc1,CHEMBL205
CHEMBL2371113,COc1ccc(C[C@H](NC(=O)CNC(=O)CNC(=O)c2ccc(S(N)(=O)=O)cc2)C(=O)O)cc1,CHEMBL205
CHEMBL155334,NS(=O)(=O)c1ccc(C(=O)NC(CO)C(=O)O)cc1,CHEMBL205
CHEMBL152020,Nc1ccc(CC(NC(=O)c2ccc(S(N)(=O)=O)cc2)C(=O)O)cc1,CHEMBL205
CHEMBL2371104,Nc1ccc(C[C@H](NC(=O)CNC(=O)CNC(=O)CNC(=O)c2ccc(S(N)(=O)=O)cc2)C(=O)O)cc1,CHEMBL205
CHEMBL153377,NS(=O)(=O)c1ccc(C(=O)NCC(=O)NCC(=O)NC(Cc2ccc3ccccc3c2)C(=O)O)cc1,CHEMBL205
CHEMBL51385,NS(=O)(=O)c1ccc(C(=O)NCC(=O)O)cc1,CHEMBL205
CHEMBL2371068,NS(=O)(=O)c1ccc(C(=O)NCC(=O)NCC(=O)NCC(=O)N[C@@H](Cc2ccc(F)cc2)C(=O)O)cc1,CHEMBL205
CHEMBL152824,COc1ccc(CC(NC(=O)c2ccc(S(N)(=O)=O)cc2)C(=O)O)cc1,CHEMBL205
CHEMBL345762,CC(O)C(NC(=O)CNC(=O)c1ccc(S(N)(=O)=O)cc1)C(=O)O,CHEMBL205
CHEMBL2371074,C[C@H](NC(=O)CNC(=O)c1ccc(S(N)(=O)=O)cc1)C(=O)O,CHEMBL205
CHEMBL152094,CSCCC(NC(=O)c1ccc(S(N)(=O)=O)cc1)C(=O)O,CHEMBL205
CHEMBL153367,CCCCC(NC(=O)CNC(=O)c1ccc(S(N)(=O)=O)cc1)C(=O)O,CHEMBL205
CHEMBL345486,CC(C)C(NC(=O)c1ccc(S(N)(=O)=O)cc1)C(=O)O,CHEMBL205
CHEMBL2371067,NS(=O)(=O)c1ccc(C(=O)NCC(=O)NCC(=O)NCC(=O)N[C@@H](Cc2ccc(Cl)cc2)C(=O)O)cc1,CHEMBL205
CHEMBL2371067,NS(=O)(=O)c1ccc(C(=O)NCC(=O)NCC(=O)NCC(=O)N[C@@H](Cc2ccc(Cl)cc2)C(=O)O)cc1,CHEMBL205
CHEMBL2371117,NC(=O)C[C@H](NC(=O)CNC(=O)CNC(=O)c1ccc(S(N)(=O)=O)cc1)C(=O)O,CHEMBL205
CHEMBL2371115,NS(=O)(=O)c1ccc(C(=O)NCC(=O)NCC(=O)NCC(=O)N[C@@H](CC(=O)O)C(=O)O)cc1,CHEMBL205
CHEMBL2371073,CC(C)(C)[C@H](NC(=O)CNC(=O)CNC(=O)CNC(=O)c1ccc(S(N)(=O)=O)cc1)C(=O)O,CHEMBL205
CHEMBL152785,NS(=O)(=O)c1ccc(C(=O)NCC(=O)NC(Cc2ccccc2)C(=O)O)cc1,CHEMBL205
CHEMBL2371091,COc1ccc(C[C@H](NC(=O)CNC(=O)CNC(=O)CNC(=O)c2ccc(S(N)(=O)=O)cc2)C(=O)O)cc1,CHEMBL205
CHEMBL153639,NS(=O)(=O)c1ccc(C(=O)NC(Cc2ccc([N+](=O)[O-])cc2)C(=O)O)cc1,CHEMBL205
CHEMBL153441,N=C(N)NCCCC(NC(=O)CNC(=O)c1ccc(S(N)(=O)=O)cc1)C(=O)O,CHEMBL205
CHEMBL2371054,CC[C@H](C)[C@H](NC(=O)CNC(=O)CNC(=O)CNC(=O)c1ccc(S(N)(=O)=O)cc1)C(=O)O,CHEMBL205
CHEMBL2371097,N=C(N)NCCC[C@H](NC(=O)CNC(=O)CNC(=O)c1ccc(S(N)(=O)=O)cc1)C(=O)O,CHEMBL205
CHEMBL2371092,NS(=O)(=O)c1ccc(C(=O)NCC(=O)NCC(=O)NCC(=O)N[C@@H](Cc2ccccc2)C(=O)O)cc1,CHEMBL205
CHEMBL151186,CC(O)C(NC(=O)c1ccc(S(N)(=O)=O)cc1)C(=O)O,CHEMBL205
CHEMBL2371095,CC(C)(C)[C@H](NC(=O)CNC(=O)CNC(=O)c1ccc(S(N)(=O)=O)cc1)C(=O)O,CHEMBL205
CHEMBL153214,NS(=O)(=O)c1ccc(C(=O)NCC(=O)NC(Cc2ccc3ccccc3c2)C(=O)O)cc1,CHEMBL205
CHEMBL2371069,NS(=O)(=O)c1ccc(C(=O)NCC(=O)NCC(=O)NCC(=O)N[C@@H](Cc2ccc([N+](=O)[O-])cc2)C(=O)O)cc1,CHEMBL205
CHEMBL2371114,NC(=O)CC[C@H](NC(=O)CNC(=O)CNC(=O)c1ccc(S(N)(=O)=O)cc1)C(=O)O,CHEMBL205
CHEMBL152515,CSCCC(NC(=O)CNC(=O)c1ccc(S(N)(=O)=O)cc1)C(=O)O,CHEMBL205
CHEMBL155157,NS(=O)(=O)c1ccc(C(=O)NCC(=O)N2CCCC2C(=O)O)cc1,CHEMBL205
CHEMBL2371116,NS(=O)(=O)c1ccc(C(=O)NCC(=O)NCC(=O)N[C@@H](Cc2ccc(Cl)cc2)C(=O)O)cc1,CHEMBL205
CHEMBL2371107,NC(=O)CC[C@H](NC(=O)CNC(=O)CNC(=O)CNC(=O)c1ccc(S(N)(=O)=O)cc1)C(=O)O,CHEMBL205
CHEMBL153432,NS(=O)(=O)c1ccc(C(=O)NCC(=O)NCC(=O)NCC(=O)O)cc1,CHEMBL205
CHEMBL2371096,CC(C)[C@H](NC(=O)CNC(=O)CNC(=O)c1ccc(S(N)(=O)=O)cc1)C(=O)O,CHEMBL205
CHEMBL2371094,CSCC[C@@H](NC(=O)CNC(=O)CNC(=O)c1ccc(S(N)(=O)=O)cc1)C(=O)O,CHEMBL205
CHEMBL2371118,NC(=O)C[C@H](NC(=O)CNC(=O)CNC(=O)CNC(=O)c1ccc(S(N)(=O)=O)cc1)C(=O)O,CHEMBL205
CHEMBL153431,N=C(N)NCCCC(NC(=O)c1ccc(S(N)(=O)=O)cc1)C(=O)O,CHEMBL205
CHEMBL439824,NS(=O)(=O)c1ccc(C(=O)NCC(=O)NC(Cc2ccc([N+](=O)[O-])cc2)C(=O)O)cc1,CHEMBL205
CHEMBL152694,CC(C)C(NC(=O)CNC(=O)c1ccc(S(N)(=O)=O)cc1)C(=O)O,CHEMBL205
CHEMBL153278,NS(=O)(=O)c1ccc(C(=O)NC(Cc2ccccc2)C(=O)O)cc1,CHEMBL205
CHEMBL2371077,CC(C)[C@H](NC(=O)CNC(=O)CNC(=O)CNC(=O)c1ccc(S(N)(=O)=O)cc1)C(=O)O,CHEMBL205
CHEMBL152522,CCC(C)C(NC(=O)CNC(=O)c1ccc(S(N)(=O)=O)cc1)C(=O)O,CHEMBL205
CHEMBL357304,NS(=O)(=O)c1ccc(C(=O)NCC(=O)NC(Cc2ccc(Cl)cc2)C(=O)O)cc1,CHEMBL205
CHEMBL2371071,CSCC[C@@H](NC(=O)CNC(=O)CNC(=O)CNC(=O)c1ccc(S(N)(=O)=O)cc1)C(=O)O,CHEMBL205
CHEMBL358443,CC(C)CC(NC(=O)c1ccc(S(N)(=O)=O)cc1)C(=O)O,CHEMBL205
CHEMBL2371064,CC(C)C[C@H](NC(=O)CNC(=O)CNC(=O)c1ccc(S(N)(=O)=O)cc1)C(=O)O,CHEMBL205
CHEMBL2371066,CCCC[C@H](NC(=O)CNC(=O)CNC(=O)c1ccc(S(N)(=O)=O)cc1)C(=O)O,CHEMBL205
CHEMBL2371072,N=C(N)NCCC[C@H](NC(=O)CNC(=O)CNC(=O)CNC(=O)c1ccc(S(N)(=O)=O)cc1)C(=O)O,CHEMBL205
CHEMBL2371093,CC[C@H](C)[C@H](NC(=O)CNC(=O)CNC(=O)c1ccc(S(N)(=O)=O)cc1)C(=O)O,CHEMBL205
CHEMBL152487,NS(=O)(=O)c1ccc(C(=O)NC(Cc2ccc3ccccc3c2)C(=O)O)cc1,CHEMBL205
CHEMBL431742,NS(=O)(=O)c1ccc(C(=O)NCC(=O)NCC(=O)O)cc1,CHEMBL205
CHEMBL154755,CC(C)CC(NC(=O)CNC(=O)c1ccc(S(N)(=O)=O)cc1)C(=O)O,CHEMBL205
CHEMBL2371063,NS(=O)(=O)c1ccc(C(=O)NCC(=O)NCC(=O)NCC(=O)N[C@@H](Cc2ccc3ccccc3c2)C(=O)O)cc1,CHEMBL205
CHEMBL152479,NS(=O)(=O)c1ccc(C(=O)NC(Cc2ccc(Cl)cc2)C(=O)O)cc1,CHEMBL205
CHEMBL152479,NS(=O)(=O)c1ccc(C(=O)NC(Cc2ccc(Cl)cc2)C(=O)O)cc1,CHEMBL205
CHEMBL152118,NC(=O)CC(NC(=O)CNC(=O)c1ccc(S(N)(=O)=O)cc1)C(=O)O,CHEMBL205
CHEMBL436229,NS(=O)(=O)c1ccc(C(=O)N2CCCC2C(=O)O)cc1,CHEMBL205
CHEMBL156886,NS(=O)(=O)c1ccc(C(=O)NCC(=O)NC(Cc2ccc(F)cc2)C(=O)O)cc1,CHEMBL205
CHEMBL152541,CC(NC(=O)c1ccc(S(N)(=O)=O)cc1)C(=O)O,CHEMBL205
CHEMBL152298,CC(C)(C)C(NC(=O)c1ccc(S(N)(=O)=O)cc1)C(=O)O,CHEMBL205
CHEMBL152471,CCC(C)C(NC(=O)c1ccc(S(N)(=O)=O)cc1)C(=O)O,CHEMBL205
CHEMBL152528,CC(C)(C)C(NC(=O)CNC(=O)c1ccc(S(N)(=O)=O)cc1)C(=O)O,CHEMBL205
CHEMBL2371065,NS(=O)(=O)c1ccc(C(=O)NCC(=O)NCC(=O)N[C@@H](Cc2ccccc2)C(=O)O)cc1,CHEMBL205
CHEMBL2371101,C[C@H](NC(=O)CNC(=O)CNC(=O)c1ccc(S(N)(=O)=O)cc1)C(=O)O,CHEMBL205
CHEMBL152406,NS(=O)(=O)c1ccc(C(=O)NCC(=O)NC(CO)C(=O)O)cc1,CHEMBL205
CHEMBL2371111,NS(=O)(=O)c1ccc(C(=O)NCC(=O)NCC(=O)N[C@@H](Cc2ccc(F)cc2)C(=O)O)cc1,CHEMBL205
CHEMBL348655,NC(=O)CCC(NC(=O)c1ccc(S(N)(=O)=O)cc1)C(=O)O,CHEMBL205
CHEMBL152089,NS(=O)(=O)c1ccc(C(=O)NC(Cc2ccc(F)cc2)C(=O)O)cc1,CHEMBL205
CHEMBL152063,NC(=O)CCC(NC(=O)CNC(=O)c1ccc(S(N)(=O)=O)cc1)C(=O)O,CHEMBL205
CHEMBL2371090,CCCC[C@H](NC(=O)CNC(=O)CNC(=O)CNC(=O)c1ccc(S(N)(=O)=O)cc1)C(=O)O,CHEMBL205
CHEMBL2371090,CCCC[C@H](NC(=O)CNC(=O)CNC(=O)CNC(=O)c1ccc(S(N)(=O)=O)cc1)C(=O)O,CHEMBL205
CHEMBL2371087,CC(C)C[C@H](NC(=O)CNC(=O)CNC(=O)CNC(=O)c1ccc(S(N)(=O)=O)cc1)C(=O)O,CHEMBL205
CHEMBL153748,CCCCC(NC(=O)c1ccc(S(N)(=O)=O)cc1)C(=O)O,CHEMBL205
CHEMBL2371112,NS(=O)(=O)c1ccc(C(=O)NCC(=O)NCC(=O)N[C@@H](Cc2ccc([N+](=O)[O-])cc2)C(=O)O)cc1,CHEMBL205
CHEMBL2371062,NS(=O)(=O)c1ccc(C(=O)NCC(=O)NCC(=O)N[C@@H](CO)C(=O)O)cc1,CHEMBL205
CHEMBL158827,NS(=O)(=O)c1ccc(NCc2cc(=O)oc3cc(Cl)ccc23)c(Cl)c1,CHEMBL205
CHEMBL101190,Cc1cc(C)[n+](CC(=O)Nc2ccc(S(=O)(=O)Nc3nnc(S(N)(=O)=O)s3)cc2)c(C)c1.[O-][Cl+3]([O-])([O-])[O-],CHEMBL205
CHEMBL103420,CCc1cc(-c2ccccc2)cc(CC)[n+]1CC(=O)OCCOc1ccc2nc(S(N)(=O)=O)sc2c1.[O-][Cl+3]([O-])([O-])[O-],CHEMBL205
CHEMBL320436,Cc1cc(C)[n+](CC(=O)/N=c2/sc(S(N)(=O)=O)nn2C)c(C)c1.[O-][Cl+3]([O-])([O-])[O-],CHEMBL205
CHEMBL411850,Cc1cc(C)[n+](CC(=O)Nc2nccc(Nc3ccc(S(N)(=O)=O)cc3)n2)c(C)c1.[O-][Cl+3]([O-])([O-])[O-],CHEMBL205
CHEMBL75747,NS(=O)(=O)c1ccccc1NC(=O)c1c(F)c(F)cc(F)c1F,CHEMBL205
CHEMBL351044,NS(=O)(=O)c1ccc(NCc2cc(=O)oc3cc(Cl)ccc23)c(F)c1,CHEMBL205
CHEMBL100760,CCc1cc(-c2ccccc2)cc(CC)[n+]1CC(=O)Nc1ccc(S(N)(=O)=O)cc1F.[O-][Cl+3]([O-])([O-])[O-],CHEMBL205
CHEMBL319487,Cc1cc(-c2ccccc2)cc(C)[n+]1CC(=O)Nc1ccc(S(=O)(=O)Nc2nnc(S(N)(=O)=O)s2)cc1.[O-][Cl+3]([O-])([O-])[O-],CHEMBL205
CHEMBL420105,CC(C)c1cc(-c2ccccc2)cc(C(C)C)[n+]1CC(=O)Nc1ccc2nc(S(N)(=O)=O)sc2c1.[O-][Cl+3]([O-])([O-])[O-],CHEMBL205
CHEMBL218490,CCN[C@H]1C[C@H](C)S(=O)(=O)c2sc(S(N)(=O)=O)cc21,CHEMBL205
CHEMBL220491,CCN[C@H]1CN(CCCOC)S(=O)(=O)c2sc(S(N)(=O)=O)cc21,CHEMBL205
CHEMBL306118,NS(=O)(=O)c1ccc(CNS(=O)(=O)c2ccc(NC(=O)c3c(F)c(F)cc(F)c3F)cc2)cc1,CHEMBL205
CHEMBL287117,NS(=O)(=O)c1nc2ccc(OCCO)cc2s1,CHEMBL205
CHEMBL319364,CC(C)c1cc(-c2ccccc2)cc(C(C)C)[n+]1CC(=O)OCCc1ccc(S(N)(=O)=O)cc1.[O-][Cl+3]([O-])([O-])[O-],CHEMBL205
CHEMBL21,Nc1ccc(S(N)(=O)=O)cc1,CHEMBL205
CHEMBL103392,Cc1cc(-c2ccccc2)cc(C)[n+]1CC(=O)Oc1ccc2nc(S(N)(=O)=O)sc2c1.[O-][Cl+3]([O-])([O-])[O-],CHEMBL205
CHEMBL76563,NS(=O)(=O)c1ccc(NC(=O)c2c(F)c(F)cc(F)c2F)cc1,CHEMBL205
CHEMBL161438,NS(=O)(=O)c1nnc(NS(=O)(=O)c2ccc(NCc3cc(=O)oc4cc(Cl)ccc34)cc2)s1,CHEMBL205
CHEMBL103194,Cc1cc(-c2ccccc2)cc(C)[n+]1CC(=O)NCc1ccc(S(N)(=O)=O)cc1.[O-][Cl+3]([O-])([O-])[O-],CHEMBL205
CHEMBL431611,Oc1ccc2c(c1)S[C@H](C1CCCC1)[C@H](c1ccc(OCCN3CCCCC3)cc1)O2,CHEMBL206
CHEMBL316132,Oc1ccc2c(c1)S[C@H](C1CCCCCC1)[C@H](c1ccc(OCCN3CCCCC3)cc1)O2,CHEMBL206
CHEMBL304552,Oc1ccc([C@H]2Sc3cc(O)ccc3O[C@H]2c2ccc(OCCN3CCCCC3)cc2)cc1,CHEMBL206
CHEMBL85881,Oc1ccc2c(c1)S[C@H](CC1CCCCC1)[C@H](c1ccc(OCCN3CCCCC3)cc1)O2,CHEMBL206
CHEMBL85536,Oc1ccc2c(c1)S[C@H](Cc1ccccc1)[C@H](c1ccc(OCCN3CCCCC3)cc1)O2,CHEMBL206
CHEMBL267385,Oc1ccc(C2=Cc3cc(O)ccc3C23Cc2ccc(OCCN4CCCCC4)cc2C3)cc1,CHEMBL206
CHEMBL315761,Oc1ccc2c(c1)S[C@H](c1ccco1)[C@H](c1ccc(OCCN3CCCCC3)cc1)O2,CHEMBL206
CHEMBL281499,Oc1ccc(C2=Cc3cc(O)ccc3C23Cc2ccccc2C3)cc1,CHEMBL206
CHEMBL25228,O=C1c2ccccc2C(=O)C12C(c1ccc(O)cc1)=Cc1cc(O)ccc12,CHEMBL206
CHEMBL432454,O=C1c2ccc(OCCN3CCCCC3)cc2C(=O)C12C(c1ccc(O)cc1)=Cc1cc(O)ccc12,CHEMBL206
CHEMBL24950,Oc1cccc(C2=Cc3cc(O)ccc3C23Cc2ccccc2C3)c1,CHEMBL206
CHEMBL419110,CC(C)(C)[C@H]1Sc2cc(O)ccc2O[C@H]1c1ccc(OCCN2CCCCC2)cc1,CHEMBL206
CHEMBL85090,Oc1ccc2c(c1)S[C@H](C1CCCCC1)[C@H](c1ccc(OCCN3CCCCC3)cc1)O2,CHEMBL206
CHEMBL85650,CC(C)C[C@H]1Sc2cc(O)ccc2O[C@H]1c1ccc(OCCN2CCCCC2)cc1,CHEMBL206
CHEMBL313941,Oc1ccc(C[C@H]2Sc3cc(O)ccc3O[C@H]2c2ccc(OCCN3CCCCC3)cc2)cc1,CHEMBL206
CHEMBL313825,CC(C)[C@H]1Sc2cc(O)ccc2O[C@H]1c1ccc(OCCN2CCCCC2)cc1,CHEMBL206
CHEMBL83623,Oc1ccc2c(c1)S[C@H](c1cccs1)[C@H](c1ccc(OCCN3CCCCC3)cc1)O2,CHEMBL206
CHEMBL315271,Oc1ccc2c(c1)S[C@H](CC1CCCC1)[C@H](c1ccc(OCCN3CCCCC3)cc1)O2,CHEMBL206
CHEMBL81,O=C(c1ccc(OCCN2CCCCC2)cc1)c1c(-c2ccc(O)cc2)sc2cc(O)ccc12,CHEMBL206
CHEMBL117286,Oc1ccc(-c2cc(-c3ccc(O)cc3)cc(-c3ccc(O)cc3)c2)cc1,CHEMBL206
CHEMBL113704,CC1C(=O)c2cc(O)ccc2OC1c1ccc(O)cc1,CHEMBL206
CHEMBL59146,O=C(c1ccc(OCCN2CCCCC2)cc1)N1c2ccc(O)cc2CCC1c1ccccc1,CHEMBL206
CHEMBL60538,Oc1ccc2c(c1)CCC(c1ccccc1)N2Cc1ccc(OCCN2CCCCC2)cc1,CHEMBL206
CHEMBL81,O=C(c1ccc(OCCN2CCCCC2)cc1)c1c(-c2ccc(O)cc2)sc2cc(O)ccc12,CHEMBL206
CHEMBL122237,Oc1ccc([C@H]2Sc3cc(O)ccc3O[C@H]2c2ccc(COCCN3CCCCC3)cc2)cc1,CHEMBL206
CHEMBL334096,Oc1ccc([C@H]2Sc3cc(O)ccc3O[C@H]2c2ccc(C3=CCNCC3)cc2)cc1,CHEMBL206
CHEMBL121978,CN1CCN(c2ccc([C@@H]3Oc4ccc(O)cc4S[C@@H]3c3ccc(O)cc3)cc2)CC1,CHEMBL206
CHEMBL293599,Oc1ccc(C2CCc3cc(O)ccc3N2)cc1,CHEMBL206
CHEMBL56306,Oc1ccc(C2CCc3cc(O)ccc3N2Cc2ccc(OCCN3CCCC3)cc2)cc1,CHEMBL206
CHEMBL58688,Oc1cccc(C2CCc3cc(O)ccc3N2Cc2ccc(OCCN3CCCCC3)cc2)c1,CHEMBL206
CHEMBL56166,O=C(c1ccc(OCCN2CCCCC2)cc1)N1c2ccc(O)cc2CCC1c1ccc(O)cc1,CHEMBL206
CHEMBL122208,Oc1ccc([C@H]2Sc3cc(O)ccc3O[C@H]2CCCN2CCCCC2)cc1,CHEMBL206
CHEMBL124474,Oc1ccc([C@H]2Sc3cc(O)ccc3O[C@H]2c2ccc(CCCN3CCCCC3)cc2)cc1,CHEMBL206
CHEMBL56390,Oc1ccc(C2CCc3cc(O)ccc3N2c2ccc(OCCN3CCCC3)cc2)cc1,CHEMBL206
CHEMBL121879,CN1CCCN(c2ccc([C@@H]3Oc4ccc(O)cc4S[C@@H]3c3ccc(O)cc3)cc2)CC1,CHEMBL206
CHEMBL59438,Oc1ccc(-c2ccc3cc(O)ccc3n2)cc1,CHEMBL206
CHEMBL125119,Oc1ccc([C@H]2Sc3cc(O)ccc3O[C@H]2c2ccc(C3CCNCC3)cc2)cc1,CHEMBL206
CHEMBL121720,CCN1CCN(c2ccc([C@@H]3Oc4ccc(O)cc4S[C@@H]3c3ccc(O)cc3)cc2)CC1,CHEMBL206
CHEMBL332625,Oc1ccc([C@H]2Sc3cc(O)ccc3O[C@H]2c2ccc(N3CCNCC3)cc2)cc1,CHEMBL206
CHEMBL2137046,CCC(=C(c1ccc(O)cc1)c1ccc(OCCN(C)C)cc1)c1ccccc1,CHEMBL206
CHEMBL304552,Oc1ccc([C@H]2Sc3cc(O)ccc3O[C@H]2c2ccc(OCCN3CCCCC3)cc2)cc1,CHEMBL206
CHEMBL59311,O=C(c1ccc(OCCN2CCCCC2)cc1)N1c2ccc(O)cc2CCC1c1cccc(O)c1,CHEMBL206
CHEMBL340111,Oc1ccc([C@H]2Sc3cc(O)ccc3O[C@H]2c2ccc(CN3CCCCC3)cc2)cc1,CHEMBL206
CHEMBL340606,Oc1ccc([C@H]2Sc3cc(O)ccc3O[C@H]2c2ccc(N3CCCNCC3)cc2)cc1,CHEMBL206
CHEMBL135,C[C@]12CC[C@@H]3c4ccc(O)cc4CC[C@H]3[C@@H]1CC[C@@H]2O,CHEMBL206
CHEMBL56198,Oc1ccc(C2CCc3cc(O)ccc3N2Cc2ccc(OCCN3CCCCC3)cc2)cc1,CHEMBL206
CHEMBL293297,Oc1ccc(C2CCc3cc(O)ccc3N2c2ccc(OCCN3CCCCC3)cc2)cc1,CHEMBL206
CHEMBL335884,C[C@@]12CCc3c(sc4cc(O)ccc34)[C@H]1CC[C@H]2O,CHEMBL206
CHEMBL31236,CCc1cc(-c2cc3ccc(O)cc3s2)ccc1O,CHEMBL206
CHEMBL135236,C[C@]12CCc3c(ccc4cc(O)ccc34)[C@@H]1CC[C@H]2O,CHEMBL206
CHEMBL31721,Cc1cc(O)ccc1-c1cc2ccc(O)cc2s1,CHEMBL206
CHEMBL135180,C[C@]12CCc3c(sc4cc(O)ccc34)[C@H]1CC[C@@H]2O,CHEMBL206
CHEMBL1405,C[C@]12CC[C@@H]3c4ccc(O)cc4CC[C@H]3[C@@H]1CCC2=O,CHEMBL206
CHEMBL335328,C[C@@]12CCc3c(sc4cc(O)ccc34)[C@@H]1CC[C@H]2O,CHEMBL206
CHEMBL138544,C[C@]12CCc3c(sc4cc(O)ccc34)[C@@H]1CC[C@H]2O,CHEMBL206
CHEMBL135,C[C@]12CC[C@@H]3c4ccc(O)cc4CC[C@H]3[C@@H]1CC[C@@H]2O,CHEMBL206
CHEMBL135,C[C@]12CC[C@@H]3c4ccc(O)cc4CC[C@H]3[C@@H]1CC[C@@H]2O,CHEMBL206
CHEMBL81,O=C(c1ccc(OCCN2CCCCC2)cc1)c1c(-c2ccc(O)cc2)sc2cc(O)ccc12,CHEMBL206
CHEMBL31685,Cc1ccc(-c2cc3ccc(O)cc3s2)cc1,CHEMBL206
CHEMBL32072,CCCc1cc(-c2cc3ccc(O)cc3s2)ccc1O,CHEMBL206
CHEMBL411,CC/C(=C(/CC)c1ccc(O)cc1)c1ccc(O)cc1,CHEMBL206
CHEMBL411,CC/C(=C(/CC)c1ccc(O)cc1)c1ccc(O)cc1,CHEMBL206
CHEMBL286452,C[C@]12CC[C@@H]3c4ccc(O)cc4CC[C@H]3[C@@H]1CC[C@H]2O,CHEMBL206
CHEMBL31333,Cc1cc(-c2cc3ccc(O)cc3s2)ccc1O,CHEMBL206
CHEMBL32511,Oc1ccc2cc(-c3ccccc3)sc2c1,CHEMBL206
CHEMBL431698,Oc1ccc(-c2cc3ccc(O)cc3s2)cc1,CHEMBL206
CHEMBL31684,Oc1ccc2cc(-c3ccc(O)c(F)c3)sc2c1,CHEMBL206
CHEMBL135732,C[C@]12CCc3c(sc4cc(O)ccc34)[C@@H]1CC[C@@H]2O,CHEMBL206
CHEMBL44,O=c1c(-c2ccc(O)cc2)coc2cc(O)cc(O)c12,CHEMBL206
CHEMBL284054,Oc1cccc(-c2cc3ccc(O)cc3s2)c1,CHEMBL206
CHEMBL1627351,CCCCN(C)C(=O)CCCCCCCCCCS[C@H]1[C@@H]2[C@H](CC[C@]3(C)[C@@H](O)CC[C@@H]23)c2ccc(O)cc2[C@H]1O,CHEMBL206
CHEMBL1627351,CCCCN(C)C(=O)CCCCCCCCCCS[C@H]1[C@@H]2[C@H](CC[C@]3(C)[C@@H](O)CC[C@@H]23)c2ccc(O)cc2[C@H]1O,CHEMBL206
CHEMBL1627351,CCCCN(C)C(=O)CCCCCCCCCCS[C@H]1[C@@H]2[C@H](CC[C@]3(C)[C@@H](O)CC[C@@H]23)c2ccc(O)cc2[C@H]1O,CHEMBL206
CHEMBL58563,Cc1cc(-c2cc(-c3ccccc3)cc(N(C)CCc3ccccc3)n2)ccc1O,CHEMBL206
CHEMBL33899,CC/C(=C(\c1ccccc1)c1ccc(/C=C/C(=O)O)cc1)c1ccccc1,CHEMBL206
CHEMBL1627353,C[C@]12CC[C@@H]3c4ccc(O)cc4C(O)[C@@H](Sc4ccc(Br)cc4)[C@H]3[C@@H]1CC[C@@H]2O,CHEMBL206
CHEMBL1628170,C[C@]12CC[C@@H]3c4ccc(O)cc4C[C@@H](Sc4ccc(/C=C/C(=O)O)cc4)[C@H]3[C@@H]1CC[C@@H]2O,CHEMBL206
CHEMBL1628170,C[C@]12CC[C@@H]3c4ccc(O)cc4C[C@@H](Sc4ccc(/C=C/C(=O)O)cc4)[C@H]3[C@@H]1CC[C@@H]2O,CHEMBL206
CHEMBL1627356,CN(C)C(=O)/C=C/c1ccc(S[C@@H]2Cc3cc(O)ccc3[C@H]3CC[C@]4(C)[C@@H](O)CC[C@H]4[C@@H]32)cc1,CHEMBL206
CHEMBL1627356,CN(C)C(=O)/C=C/c1ccc(S[C@@H]2Cc3cc(O)ccc3[C@H]3CC[C@]4(C)[C@@H](O)CC[C@H]4[C@@H]32)cc1,CHEMBL206
CHEMBL135,C[C@]12CC[C@@H]3c4ccc(O)cc4CC[C@H]3[C@@H]1CC[C@@H]2O,CHEMBL206
CHEMBL58330,Cc1cc(-c2cc(-c3ccccc3)cc(N(CCc3ccccc3)Cc3ccccc3)n2)ccc1O,CHEMBL206
CHEMBL1628199,CCCCN(C)C(=O)CCCCCCCCCCS[C@@H]1C(=O)c2cc(O)ccc2[C@H]2CC[C@]3(C)[C@@H](O)CC[C@H]3[C@H]12,CHEMBL206
CHEMBL1628199,CCCCN(C)C(=O)CCCCCCCCCCS[C@@H]1C(=O)c2cc(O)ccc2[C@H]2CC[C@]3(C)[C@@H](O)CC[C@H]3[C@H]12,CHEMBL206
CHEMBL1358,C[C@]12CC[C@@H]3c4ccc(O)cc4C[C@@H](CCCCCCCCC[S+]([O-])CCCC(F)(F)C(F)(F)F)[C@H]3[C@@H]1CC[C@@H]2O,CHEMBL206
CHEMBL1358,C[C@]12CC[C@@H]3c4ccc(O)cc4C[C@@H](CCCCCCCCC[S+]([O-])CCCC(F)(F)C(F)(F)F)[C@H]3[C@@H]1CC[C@@H]2O,CHEMBL206
CHEMBL57093,CCCN(Cc1ccccn1)c1cc(-c2ccccc2)cc(-c2ccc(O)c(C)c2)n1,CHEMBL206
CHEMBL81,O=C(c1ccc(OCCN2CCCCC2)cc1)c1c(-c2ccc(O)cc2)sc2cc(O)ccc12,CHEMBL206
CHEMBL58714,Cc1cc(-c2cc(-c3ccccc3)cc(N3CCC(Cc4ccccc4)CC3)n2)ccc1O,CHEMBL206
CHEMBL1627355,CC(=O)O[C@H]1CC[C@H]2[C@@H]3[C@H](Sc4ccc(Br)cc4)C(=O)c4cc(O)ccc4[C@H]3CC[C@]12C,CHEMBL206
CHEMBL135,C[C@]12CC[C@@H]3c4ccc(O)cc4CC[C@H]3[C@@H]1CC[C@@H]2O,CHEMBL206
CHEMBL1627354,CCCCN(C)C(=O)CCCCCCCCCCS[C@@H]1Cc2cc(O)ccc2[C@H]2CC[C@]3(C)[C@@H](O)CC[C@H]3[C@@H]21,CHEMBL206
CHEMBL1627354,CCCCN(C)C(=O)CCCCCCCCCCS[C@@H]1Cc2cc(O)ccc2[C@H]2CC[C@]3(C)[C@@H](O)CC[C@H]3[C@@H]21,CHEMBL206
CHEMBL58486,Cc1cc(-c2cc(-c3ccccc3)cc(N(C)CC(C)C)n2)ccc1O,CHEMBL206
CHEMBL292573,CCCN(Cc1ccccn1)c1cc(-c2ccccc2)cc(-c2ccc(O)cc2)n1,CHEMBL206
CHEMBL1116,Cl.O=C(c1ccc(OCCN2CCCCC2)cc1)c1c(-c2ccc(O)cc2)sc2cc(O)ccc12,CHEMBL206
CHEMBL1116,Cl.O=C(c1ccc(OCCN2CCCCC2)cc1)c1c(-c2ccc(O)cc2)sc2cc(O)ccc12,CHEMBL206
CHEMBL126164,Oc1ccc([C@H]2Sc3cc(O)ccc3S[C@H]2c2ccc(OCCN3CCCC3)cc2)cc1,CHEMBL206
CHEMBL135,C[C@]12CC[C@@H]3c4ccc(O)cc4CC[C@H]3[C@@H]1CC[C@@H]2O,CHEMBL206
CHEMBL327320,Oc1cccc([C@H]2Sc3cc(O)ccc3O[C@H]2c2ccc(OCCN3CCCC3)cc2)c1,CHEMBL206
CHEMBL304552,Oc1ccc([C@H]2Sc3cc(O)ccc3O[C@H]2c2ccc(OCCN3CCCCC3)cc2)cc1,CHEMBL206
CHEMBL331996,Oc1ccc([C@H]2Sc3cc(O)ccc3S[C@H]2c2ccc(OCCN3CCCCC3)cc2)cc1,CHEMBL206
CHEMBL341367,Oc1cccc([C@H]2Sc3cc(O)ccc3S[C@H]2c2ccc(OCCN3CCCCC3)cc2)c1,CHEMBL206
CHEMBL125362,Oc1cccc([C@H]2Sc3cc(O)ccc3S[C@H]2c2ccc(OCCN3CCCCC3)c(Br)c2)c1,CHEMBL206
CHEMBL124482,Oc1ccc([C@H]2Sc3cc(O)ccc3S[C@H]2c2ccc(OCCN3CCCCC3)c(Br)c2)cc1,CHEMBL206
CHEMBL123025,Oc1ccc([C@H]2Sc3cc(O)ccc3S[C@H]2c2ccc(OCCN3CCCC3)c(Br)c2)cc1,CHEMBL206
CHEMBL93705,Oc1cccc([C@H]2Sc3cc(O)ccc3O[C@H]2c2ccc(OCCN3CCCCC3)cc2)c1,CHEMBL206
CHEMBL152993,CN1CCN(c2nc(NCCc3ccc(O)cc3)nc(SCCCc3ccccc3)n2)CC1,CHEMBL206
CHEMBL135,C[C@]12CC[C@@H]3c4ccc(O)cc4CC[C@H]3[C@@H]1CC[C@@H]2O,CHEMBL206
CHEMBL153709,Oc1ccc(CCNc2nc(NCCCc3ccc(Cl)cc3)nc(N3CCNCC3)n2)cc1,CHEMBL206
CHEMBL154988,CN1CCN(c2nc(NCCc3ccc(O)cc3)nc(N(C)CCCc3ccc(Cl)cc3)n2)CC1,CHEMBL206
CHEMBL81,O=C(c1ccc(OCCN2CCCCC2)cc1)c1c(-c2ccc(O)cc2)sc2cc(O)ccc12,CHEMBL206
CHEMBL153115,CN(CCCc1ccc(F)c(F)c1)c1nc(NCCc2ccc(O)cc2)nc(N2CCNCC2)n1,CHEMBL206
CHEMBL323919,Oc1ccc([C@@H]2N=CN[C@@H]2c2c(Cl)cc(O)cc2Cl)c(Cl)c1,CHEMBL206
CHEMBL135,C[C@]12CC[C@@H]3c4ccc(O)cc4CC[C@H]3[C@@H]1CC[C@@H]2O,CHEMBL206
CHEMBL153405,CN(CCCc1ccc(Cl)cc1)c1nc(NCCc2ccc(O)cc2)nc(N2CCNCC2)n1,CHEMBL206
CHEMBL153405,CN(CCCc1ccc(Cl)cc1)c1nc(NCCc2ccc(O)cc2)nc(N2CCNCC2)n1,CHEMBL206
CHEMBL153405,CN(CCCc1ccc(Cl)cc1)c1nc(NCCc2ccc(O)cc2)nc(N2CCNCC2)n1,CHEMBL206
CHEMBL150721,CCC(=O)CCN1CCN(c2nc(NCCc3ccc(O)cc3)nc(N(C)CCCc3ccc(Cl)cc3)n2)CC1,CHEMBL206
CHEMBL356874,CN(CCCc1ccc(Cl)cc1Cl)c1nc(NCCc2ccc(O)cc2)nc(N2CCNCC2)n1,CHEMBL206
CHEMBL150279,CN(CCCc1ccc(F)cc1)c1nc(NCCc2ccc(O)cc2)nc(N2CCNCC2)n1,CHEMBL206
CHEMBL150279,CN(CCCc1ccc(F)cc1)c1nc(NCCc2ccc(O)cc2)nc(N2CCNCC2)n1,CHEMBL206
CHEMBL153706,CN(CCCc1ccc(Cl)cc1)c1nc(NCCc2ccc(O)cc2)nc(N2CCN(C3CCCC3)CC2)n1,CHEMBL206
CHEMBL434502,Cc1nc(CN2CCN(c3nc(NCCc4ccc(O)cc4)nc(N(C)CCCc4ccc(Cl)cc4)n3)CC2)cs1,CHEMBL206
CHEMBL434502,Cc1nc(CN2CCN(c3nc(NCCc4ccc(O)cc4)nc(N(C)CCCc4ccc(Cl)cc4)n3)CC2)cs1,CHEMBL206
CHEMBL347560,CN(CCCc1ccc(Cl)cc1)c1nc(NCCc2ccc(O)cc2)nc(N2CCN(CCO)CC2)n1,CHEMBL206
CHEMBL347560,CN(CCCc1ccc(Cl)cc1)c1nc(NCCc2ccc(O)cc2)nc(N2CCN(CCO)CC2)n1,CHEMBL206
CHEMBL346455,Oc1ccc(CCNc2nc(SCCCc3ccc(Cl)cc3)nc(N3CCNCC3)n2)cc1,CHEMBL206
CHEMBL346455,Oc1ccc(CCNc2nc(SCCCc3ccc(Cl)cc3)nc(N3CCNCC3)n2)cc1,CHEMBL206
CHEMBL346455,Oc1ccc(CCNc2nc(SCCCc3ccc(Cl)cc3)nc(N3CCNCC3)n2)cc1,CHEMBL206
CHEMBL150594,C[C@@H]1CN(c2nc(NCCc3ccc(O)cc3)nc(N(C)CCCc3ccc(Cl)cc3)n2)C[C@H](C)N1,CHEMBL206
CHEMBL356668,CN(CCCc1ccc(Cl)cc1)c1nc(NCCc2ccc(O)cc2)nc(N2CCN(Cc3ccccc3)CC2)n1,CHEMBL206
CHEMBL130030,CNc1c(/C=N/O)ccc(-c2ccccc2)c1-c1ccccc1,CHEMBL206
CHEMBL128654,O/N=C/c1ccc(-c2ccccc2)c(-c2ccccc2)c1O,CHEMBL206
CHEMBL128227,CCNc1c(/C=N/O)ccc(-c2ccccc2)c1-c1ccccc1,CHEMBL206
CHEMBL135,C[C@]12CC[C@@H]3c4ccc(O)cc4CC[C@H]3[C@@H]1CC[C@@H]2O,CHEMBL206
CHEMBL135,C[C@]12CC[C@@H]3c4ccc(O)cc4CC[C@H]3[C@@H]1CC[C@@H]2O,CHEMBL206
CHEMBL131163,Nc1c(/C=N/O)ccc(-c2ccccc2)c1-c1ccccc1,CHEMBL206
CHEMBL335465,O/N=C/c1ccc(-c2ccccc2)c(-c2ccccc2)c1,CHEMBL206
CHEMBL357283,Oc1ccc(C(=C(CC(F)(F)F)c2ccccc2)c2ccc(O)cc2)cc1,CHEMBL206
CHEMBL415864,Oc1ccc(C(=Cc2ccccc2)c2ccc(O)cc2)cc1,CHEMBL206
CHEMBL149791,CCC(=C(c1ccc(O)cc1)c1ccc(O)cc1)c1ccccc1,CHEMBL206
CHEMBL150461,CC(=C(c1ccc(O)cc1)c1ccc(O)cc1)c1ccccc1,CHEMBL206
CHEMBL357824,CCCC(=C(c1ccc(O)cc1)c1ccc(O)cc1)c1ccccc1,CHEMBL206
CHEMBL50995,CC/C(=C(\c1ccccc1)c1ccc(O)cc1)c1ccccc1,CHEMBL206
CHEMBL137795,N#CC(c1ccc(O)cc1)C(C#N)c1cccc(O)c1,CHEMBL206
CHEMBL134938,C[C@H](c1ccc(O)cc1)[C@@H](C#N)c1ccc(O)cc1,CHEMBL206
CHEMBL132694,N#CC(C#N)(Cc1ccc(O)cc1)c1ccc(O)cc1,CHEMBL206
CHEMBL135695,Cc1cc(O)ccc1CC(C#N)c1ccc(O)cc1,CHEMBL206
CHEMBL135649,CC(=O)C(Cc1ccc(O)cc1)c1ccc(O)cc1,CHEMBL206
CHEMBL335620,Oc1ccc(CC(c2ccc(O)cc2)C(F)(F)C(F)(F)F)cc1,CHEMBL206
CHEMBL135597,Cc1cc(O)ccc1C(C#N)Cc1ccc(O)cc1,CHEMBL206
CHEMBL44,O=c1c(-c2ccc(O)cc2)coc2cc(O)cc(O)c12,CHEMBL206
CHEMBL342418,N#CC(c1ccc(O)cc1)C(C#N)c1ccc(O)cc1,CHEMBL206
CHEMBL134892,N#CC[C@H](Cc1ccc(O)cc1)c1ccc(O)cc1,CHEMBL206
CHEMBL334402,N#C/C(=C\c1ccc(O)cc1)c1ccc(O)cc1,CHEMBL206
CHEMBL335412,COC(=O)C(Cc1ccc(O)cc1)c1ccc(O)cc1,CHEMBL206
CHEMBL342418,N#CC(c1ccc(O)cc1)C(C#N)c1ccc(O)cc1,CHEMBL206
CHEMBL334798,C#CC(Cc1ccc(O)cc1)c1ccc(O)cc1,CHEMBL206
CHEMBL132868,Oc1ccc(CC(c2ccc(O)cc2)C(F)(F)F)cc1,CHEMBL206
CHEMBL135,C[C@]12CC[C@@H]3c4ccc(O)cc4CC[C@H]3[C@@H]1CC[C@@H]2O,CHEMBL206
CHEMBL334773,N#CC(Cc1ccc(O)cc1)c1ccc(O)cc1,CHEMBL206
CHEMBL134646,CC(C#N)(Cc1ccc(O)cc1)c1ccc(O)cc1,CHEMBL206
CHEMBL136039,CC#CC(Cc1ccc(O)cc1)c1ccc(O)cc1,CHEMBL206
CHEMBL132919,C#CC(c1ccc(O)cc1)C(C#C)c1ccc(O)cc1,CHEMBL206
CHEMBL135739,CC[C@H](c1ccc(O)cc1)[C@@H](C#N)c1ccc(O)cc1,CHEMBL206
CHEMBL83,CC/C(=C(\c1ccccc1)c1ccc(OCCN(C)C)cc1)c1ccccc1,CHEMBL206
CHEMBL135,C[C@]12CC[C@@H]3c4ccc(O)cc4CC[C@H]3[C@@H]1CC[C@@H]2O,CHEMBL206
CHEMBL22486,CC/C(=C(/CC)c1ccc(OCCCC(=O)NCc2ccc(-c3c4ccc(=O)cc-4oc4cc(O)ccc34)c(C(=O)O)c2)cc1)c1ccc(O)cc1,CHEMBL206
CHEMBL411,CC/C(=C(/CC)c1ccc(O)cc1)c1ccc(O)cc1,CHEMBL206
CHEMBL86206,CCCc1c(-c2ccc(O)cc2)oc(-c2ccc(O)cc2)c1-c1ccc(OCCN2CCCCC2)cc1,CHEMBL206
CHEMBL316003,CCc1c(-c2ccc(O)cc2)oc(-c2ccc(O)cc2)c1-c1ccc(OCCN2CCCCC2)cc1,CHEMBL206
CHEMBL316003,CCc1c(-c2ccc(O)cc2)oc(-c2ccc(O)cc2)c1-c1ccc(OCCN2CCCCC2)cc1,CHEMBL206
CHEMBL315475,CCc1c(-c2ccc(O)cc2)oc(-c2ccc(O)cc2)c1-c1ccc(OC)cc1,CHEMBL206
CHEMBL314561,Cc1c(-c2ccc(O)cc2)oc(-c2ccc(O)cc2)c1-c1ccc(OCCN2CCCCC2)cc1,CHEMBL206
CHEMBL315474,CCc1c(-c2ccc(OCCN3CCCCC3)cc2)oc(-c2ccc(O)cc2)c1-c1ccc(O)cc1,CHEMBL206
CHEMBL432371,CCc1c(-c2ccc(O)cc2)oc(-c2ccccc2)c1-c1ccc(OCCN2CCCCC2)cc1,CHEMBL206
CHEMBL85561,CCc1c(-c2ccccc2)oc(-c2ccc(O)cc2)c1-c1ccc(OCCN2CCCCC2)cc1,CHEMBL206
CHEMBL81,O=C(c1ccc(OCCN2CCCCC2)cc1)c1c(-c2ccc(O)cc2)sc2cc(O)ccc12,CHEMBL206
CHEMBL81,O=C(c1ccc(OCCN2CCCCC2)cc1)c1c(-c2ccc(O)cc2)sc2cc(O)ccc12,CHEMBL206
CHEMBL44426,Cc1c(-c2ccc(O)cc2)n(Cc2ccc(OCCN3CCCCC3)cc2)c2ccc(O)cc12,CHEMBL206
CHEMBL44426,Cc1c(-c2ccc(O)cc2)n(Cc2ccc(OCCN3CCCCC3)cc2)c2ccc(O)cc12,CHEMBL206
CHEMBL411,CC/C(=C(/CC)c1ccc(O)cc1)c1ccc(O)cc1,CHEMBL206
CHEMBL46740,Cc1c(-c2ccc(O)cc2)n(Cc2ccc(OCCN3CCCCCC3)cc2)c2ccc(O)cc12,CHEMBL206
CHEMBL46740,Cc1c(-c2ccc(O)cc2)n(Cc2ccc(OCCN3CCCCCC3)cc2)c2ccc(O)cc12,CHEMBL206
CHEMBL46903,Cc1c(-c2ccc(O)cc2)n(CCCCCCN2CCCC2)c2ccc(O)cc12,CHEMBL206
CHEMBL46903,Cc1c(-c2ccc(O)cc2)n(CCCCCCN2CCCC2)c2ccc(O)cc12,CHEMBL206
CHEMBL12987,Oc1ccc2c(c1)CN(c1ccc(OCCN3CCCCC3)cc1)c1c-2ccc2cc(O)ccc12,CHEMBL206
CHEMBL298398,O=C1c2ccc(O)cc2C(=O)c2ccc(O)cc21,CHEMBL206
CHEMBL330307,Cc1ccc(S(=O)(=O)N2CCc3cc(O)ccc3C2c2ccc(OCCN3CCCC3)cc2)cc1,CHEMBL206
CHEMBL93207,O=C(c1ccccc1)N1Cc2cc(O)ccc2C(c2ccc(O)cc2)C1,CHEMBL206
CHEMBL328675,Oc1ccc2c(c1)CCN(c1ccccc1)C2c1cccs1,CHEMBL206
CHEMBL93586,O=C(/C=C/c1ccc(N2CCc3cc(O)ccc3C2c2ccccc2)cc1)N1CCOCC1,CHEMBL206
CHEMBL93230,O=S(=O)(c1cccc2ccccc12)N1CCc2cc(O)ccc2C1c1ccc(OCCN2CCCC2)cc1,CHEMBL206
CHEMBL93391,CN(C)C(=O)/C=C/c1ccc(N2CCc3cc(O)ccc3C2c2ccccc2)cc1,CHEMBL206
CHEMBL92748,Oc1ccc2c(c1)CCC(c1ccccc1)C2c1ccc(OCCN2CCCC2)cc1,CHEMBL206
CHEMBL421368,O=S(=O)(c1ccccc1)N1Cc2cc(O)ccc2C(c2ccc(O)cc2)C1,CHEMBL206
CHEMBL92900,Oc1ccc2c(c1)CCN(Cc1ccc3c(c1)OCO3)C2c1ccc(OCCN2CCCC2)cc1,CHEMBL206
CHEMBL89995,Oc1ccc2c(c1)CCN(c1ccccc1)C2CC1CCCCC1,CHEMBL206
CHEMBL315866,Oc1ccc2c(c1)CCN(c1ccccc1)C2Cc1ccccc1,CHEMBL206
CHEMBL93826,Oc1ccc(C2CN(Cc3ccccc3)Cc3cc(O)ccc32)cc1,CHEMBL206
CHEMBL412907,Oc1ccc2c(c1)CCN(c1ccccc1)C2C1CCCCC1,CHEMBL206
CHEMBL93792,O=S(=O)(c1cccc2ccccc12)N1Cc2cc(O)ccc2C(c2ccc(O)cc2)C1,CHEMBL206
CHEMBL313849,O=C(N1CCc2cc(O)ccc2C1c1ccc(Br)cc1)C(F)(F)F,CHEMBL206
CHEMBL93266,O=C(N1Cc2cc(O)ccc2C(c2ccc(O)cc2)C1)C(F)(F)F,CHEMBL206
CHEMBL420244,O=S(=O)(c1ccccc1)N1CCc2cc(O)ccc2C1c1ccc(OCCN2CCCC2)cc1,CHEMBL206
CHEMBL93326,O=C(N1CCc2cc(O)ccc2[C@H]1c1ccc(O)cc1)C(F)(F)F,CHEMBL206
CHEMBL328475,O=S(=O)(c1ccc2ccccc2c1)N1CCc2cc(O)ccc2C1c1ccc(OCCN2CCCC2)cc1,CHEMBL206
CHEMBL329630,O=C(N1CCc2cc(O)ccc2C1c1ccccc1)C(F)(F)F,CHEMBL206
CHEMBL91740,CCCc1ccc(S(=O)(=O)N2CCc3cc(O)ccc3C2c2ccc(OCCN3CCCC3)cc2)cc1,CHEMBL206
CHEMBL91052,Oc1ccc2c(c1)CCN(c1ccccc1)C2c1ccccc1,CHEMBL206
CHEMBL316080,Oc1ccc2c(c1)CCN(c1ccccc1)C2c1ccc(OCCN2CCCC2)cc1,CHEMBL206
CHEMBL90008,CC(C)C1c2ccc(O)cc2CCN1c1ccccc1,CHEMBL206
CHEMBL94280,Oc1ccc2c(c1)CCN(Cc1ccccc1)C2c1ccc(OCCN2CCCC2)cc1,CHEMBL206
CHEMBL89994,O=C(N1CCc2cc(O)ccc2C1c1ccc(OCCN2CCCC2)cc1)C(F)(F)F,CHEMBL206
CHEMBL94080,CCOC(=O)N1CCc2cc(O)ccc2C1c1ccc(OCCN2CCCC2)cc1,CHEMBL206
CHEMBL316119,Oc1ccc([C@@H]2Sc3cc(O)c(F)cc3O[C@@H]2c2ccc(OCCN3CCCCC3)cc2)cc1,CHEMBL206
CHEMBL316080,Oc1ccc2c(c1)CCN(c1ccccc1)C2c1ccc(OCCN2CCCC2)cc1,CHEMBL206
CHEMBL316080,Oc1ccc2c(c1)CCN(c1ccccc1)C2c1ccc(OCCN2CCCC2)cc1,CHEMBL206
CHEMBL2111532,Oc1ccc([C@@H]2Sc3cc(O)ccc3O[C@H]2c2ccc(OCCN3CCCCC3)cc2)cc1,CHEMBL206
CHEMBL2111532,Oc1ccc([C@@H]2Sc3cc(O)ccc3O[C@H]2c2ccc(OCCN3CCCCC3)cc2)cc1,CHEMBL206
CHEMBL174502,Cc1ccc(N2CCc3cc(O)ccc3C2(C)c2ccc(OCCN3CCCCC3)cc2)cc1,CHEMBL206
CHEMBL174502,Cc1ccc(N2CCc3cc(O)ccc3C2(C)c2ccc(OCCN3CCCCC3)cc2)cc1,CHEMBL206
CHEMBL92660,Oc1ccc([C@@H]2Sc3c(ccc(O)c3Cl)O[C@@H]2c2ccc(OCCN3CCCCC3)cc2)cc1,CHEMBL206
CHEMBL92660,Oc1ccc([C@@H]2Sc3c(ccc(O)c3Cl)O[C@@H]2c2ccc(OCCN3CCCCC3)cc2)cc1,CHEMBL206
CHEMBL329902,CN(C)CCOc1ccc([C@@H]2Oc3ccc(O)cc3S[C@@H]2c2cccc(O)c2)cc1,CHEMBL206
CHEMBL329902,CN(C)CCOc1ccc([C@@H]2Oc3ccc(O)cc3S[C@@H]2c2cccc(O)c2)cc1,CHEMBL206
CHEMBL74758,CCC1Oc2cc(O)ccc2N=C1c1ccc(O)cc1,CHEMBL206
CHEMBL2113354,Cl.Oc1ccc2c(c1)CC[C@H](c1ccccc1)[C@@H]2c1ccc(OCCN2CCCC2)cc1,CHEMBL206
CHEMBL2113354,Cl.Oc1ccc2c(c1)CC[C@H](c1ccccc1)[C@@H]2c1ccc(OCCN2CCCC2)cc1,CHEMBL206
CHEMBL100231,CC(C)c1ccc(N2CCc3cc(O)ccc3C2(C)c2ccc(OCCN3CCCCC3)cc2)cc1,CHEMBL206
CHEMBL100231,CC(C)c1ccc(N2CCc3cc(O)ccc3C2(C)c2ccc(OCCN3CCCCC3)cc2)cc1,CHEMBL206
CHEMBL92335,Cc1cc2c(cc1O)O[C@H](c1ccc(OCCN3CCCCC3)cc1)[C@H](c1ccc(O)cc1)S2,CHEMBL206
CHEMBL2137046,CCC(=C(c1ccc(O)cc1)c1ccc(OCCN(C)C)cc1)c1ccccc1,CHEMBL206
CHEMBL2137046,CCC(=C(c1ccc(O)cc1)c1ccc(OCCN(C)C)cc1)c1ccccc1,CHEMBL206
CHEMBL71584,Oc1ccc([C@@H]2Sc3ccc(O)cc3O[C@@H]2c2ccc(OCCN3CCCCC3)cc2)cc1,CHEMBL206
CHEMBL91807,Oc1cccc(C2Sc3cc(O)ccc3OC2c2ccc(OCCN3CCCCC3)cc2)c1,CHEMBL206
CHEMBL91807,Oc1cccc(C2Sc3cc(O)ccc3OC2c2ccc(OCCN3CCCCC3)cc2)c1,CHEMBL206
CHEMBL92635,CC1CCN(CCOc2ccc([C@@H]3Oc4ccc(O)cc4S[C@@H]3c3cccc(O)c3)cc2)CC1,CHEMBL206
CHEMBL92635,CC1CCN(CCOc2ccc([C@@H]3Oc4ccc(O)cc4S[C@@H]3c3cccc(O)c3)cc2)CC1,CHEMBL206
CHEMBL77609,CCC1Oc2cc(O)cc(C)c2N=C1c1ccc(O)c(Br)c1,CHEMBL206
CHEMBL77609,CCC1Oc2cc(O)cc(C)c2N=C1c1ccc(O)c(Br)c1,CHEMBL206
CHEMBL264862,CC1Oc2cc(O)cc(O)c2N=C1c1ccc(O)cc1,CHEMBL206
CHEMBL135,C[C@]12CC[C@@H]3c4ccc(O)cc4CC[C@H]3[C@@H]1CC[C@@H]2O,CHEMBL206
CHEMBL328716,Oc1ccc([C@@H]2Sc3c(ccc(O)c3F)O[C@@H]2c2ccc(OCCN3CCCCC3)cc2)cc1,CHEMBL206
CHEMBL328716,Oc1ccc([C@@H]2Sc3c(ccc(O)c3F)O[C@@H]2c2ccc(OCCN3CCCCC3)cc2)cc1,CHEMBL206
CHEMBL327515,Cc1ccc(N2CCc3cc(O)ccc3C2(C)c2ccc(OCCN3CCCC3)cc2)cc1,CHEMBL206
CHEMBL327515,Cc1ccc(N2CCc3cc(O)ccc3C2(C)c2ccc(OCCN3CCCC3)cc2)cc1,CHEMBL206
CHEMBL135,C[C@]12CC[C@@H]3c4ccc(O)cc4CC[C@H]3[C@@H]1CC[C@@H]2O,CHEMBL206
CHEMBL135,C[C@]12CC[C@@H]3c4ccc(O)cc4CC[C@H]3[C@@H]1CC[C@@H]2O,CHEMBL206
CHEMBL101719,CN(C)c1cccc(N2CCc3cc(O)ccc3C2(C)c2ccc(OCCN3CCCCC3)cc2)c1,CHEMBL206
CHEMBL101719,CN(C)c1cccc(N2CCc3cc(O)ccc3C2(C)c2ccc(OCCN3CCCCC3)cc2)c1,CHEMBL206
CHEMBL93793,Cc1cc(O)cc2c1S[C@@H](c1ccc(O)cc1)[C@@H](c1ccc(OCCN3CCCCC3)cc1)O2,CHEMBL206
CHEMBL93793,Cc1cc(O)cc2c1S[C@@H](c1ccc(O)cc1)[C@@H](c1ccc(OCCN3CCCCC3)cc1)O2,CHEMBL206
CHEMBL420611,Oc1ccc2c(c1)SC(c1ccccc1)C(c1ccc(OCCN3CCCCC3)cc1)O2,CHEMBL206
CHEMBL77930,CCC1Oc2cc(O)cc(O)c2N=C1c1ccc(O)cc1,CHEMBL206
CHEMBL103294,CC1(c2ccc(OCCN3CCCCC3)cc2)c2ccc(O)cc2CCN1c1ccc(Cl)cc1,CHEMBL206
CHEMBL103294,CC1(c2ccc(OCCN3CCCCC3)cc2)c2ccc(O)cc2CCN1c1ccc(Cl)cc1,CHEMBL206
CHEMBL418327,Oc1ccc(C2=C(c3ccc(OCCN4CCCCC4)cc3)Oc3ccc(O)cc3S2)cc1,CHEMBL206
CHEMBL418327,Oc1ccc(C2=C(c3ccc(OCCN4CCCCC4)cc3)Oc3ccc(O)cc3S2)cc1,CHEMBL206
CHEMBL71584,Oc1ccc([C@@H]2Sc3ccc(O)cc3O[C@@H]2c2ccc(OCCN3CCCCC3)cc2)cc1,CHEMBL206
CHEMBL71584,Oc1ccc([C@@H]2Sc3ccc(O)cc3O[C@@H]2c2ccc(OCCN3CCCCC3)cc2)cc1,CHEMBL206
CHEMBL93705,Oc1cccc([C@H]2Sc3cc(O)ccc3O[C@H]2c2ccc(OCCN3CCCCC3)cc2)c1,CHEMBL206
CHEMBL93705,Oc1cccc([C@H]2Sc3cc(O)ccc3O[C@H]2c2ccc(OCCN3CCCCC3)cc2)c1,CHEMBL206
CHEMBL100763,CC1(c2ccc(OCCN3CCCC3)cc2)c2ccc(O)cc2CCN1c1ccc(Cl)cc1,CHEMBL206
CHEMBL100763,CC1(c2ccc(OCCN3CCCC3)cc2)c2ccc(O)cc2CCN1c1ccc(Cl)cc1,CHEMBL206
CHEMBL103305,CC1(c2ccc(OCCN3CCCCC3)cc2)c2ccc(O)cc2CCN1c1cccc(Cl)c1,CHEMBL206
CHEMBL103305,CC1(c2ccc(OCCN3CCCCC3)cc2)c2ccc(O)cc2CCN1c1cccc(Cl)c1,CHEMBL206
CHEMBL81,O=C(c1ccc(OCCN2CCCCC2)cc1)c1c(-c2ccc(O)cc2)sc2cc(O)ccc12,CHEMBL206
CHEMBL90072,Oc1ccc([C@@H]2Sc3cc(O)c(Cl)cc3O[C@@H]2c2ccc(OCCN3CCCCC3)cc2)cc1,CHEMBL206
CHEMBL90072,Oc1ccc([C@@H]2Sc3cc(O)c(Cl)cc3O[C@@H]2c2ccc(OCCN3CCCCC3)cc2)cc1,CHEMBL206
CHEMBL327471,Cc1cc(O)cc2c1O[C@H](c1ccc(OCCN3CCCCC3)cc1)[C@H](c1ccc(O)cc1)S2,CHEMBL206
CHEMBL327471,Cc1cc(O)cc2c1O[C@H](c1ccc(OCCN3CCCCC3)cc1)[C@H](c1ccc(O)cc1)S2,CHEMBL206
CHEMBL327320,Oc1cccc([C@H]2Sc3cc(O)ccc3O[C@H]2c2ccc(OCCN3CCCC3)cc2)c1,CHEMBL206
CHEMBL327320,Oc1cccc([C@H]2Sc3cc(O)ccc3O[C@H]2c2ccc(OCCN3CCCC3)cc2)c1,CHEMBL206
CHEMBL329892,Oc1ccc([C@H]2Sc3c(ccc(O)c3F)O[C@H]2c2ccc(OCCN3CCCCC3)cc2)cc1,CHEMBL206
CHEMBL539927,Oc1ccc([C@@H]2Sc3cc(O)ccc3O[C@@H]2c2ccc(OCCN3CCCCC3)cc2)cc1,CHEMBL206
CHEMBL81,O=C(c1ccc(OCCN2CCCCC2)cc1)c1c(-c2ccc(O)cc2)sc2cc(O)ccc12,CHEMBL206
CHEMBL30439,Oc1ccc([C@@H]2Cc3ccc(O)cc3O[C@@H]2c2ccc(OCCN3CCCCC3)cc2)cc1,CHEMBL206
CHEMBL71585,Oc1ccc2c(c1)S[C@@H](c1ccccc1)[C@@H](c1ccc(OCCN3CCCCC3)cc1)O2,CHEMBL206
CHEMBL94116,Oc1ccc([C@@H]2Sc3c(Cl)cc(O)cc3O[C@@H]2c2ccc(OCCN3CCCCC3)cc2)cc1,CHEMBL206
CHEMBL94116,Oc1ccc([C@@H]2Sc3c(Cl)cc(O)cc3O[C@@H]2c2ccc(OCCN3CCCCC3)cc2)cc1,CHEMBL206
CHEMBL304552,Oc1ccc([C@H]2Sc3cc(O)ccc3O[C@H]2c2ccc(OCCN3CCCCC3)cc2)cc1,CHEMBL206
CHEMBL101807,CC1(c2ccc(OCCN3CCCCC3)cc2)c2ccc(O)cc2CCN1c1ccccc1,CHEMBL206
CHEMBL101807,CC1(c2ccc(OCCN3CCCCC3)cc2)c2ccc(O)cc2CCN1c1ccccc1,CHEMBL206
CHEMBL328810,CC1(c2ccc(OCCN3CCCCCC3)cc2)c2ccc(O)cc2CCN1c1ccccc1,CHEMBL206
CHEMBL328810,CC1(c2ccc(OCCN3CCCCCC3)cc2)c2ccc(O)cc2CCN1c1ccccc1,CHEMBL206
CHEMBL93308,Oc1ccc([C@@H]2Sc3c(O)cc(O)cc3O[C@@H]2c2ccc(OCCN3CCCCC3)cc2)cc1,CHEMBL206
CHEMBL264862,CC1Oc2cc(O)cc(O)c2N=C1c1ccc(O)cc1,CHEMBL206
CHEMBL101382,Oc1ccc2c(c1)CCN(c1ccccc1)C2c1ccc(OCCN2CCCCC2)cc1,CHEMBL206
CHEMBL101382,Oc1ccc2c(c1)CCN(c1ccccc1)C2c1ccc(OCCN2CCCCC2)cc1,CHEMBL206
CHEMBL100595,CC(C)c1cccc(N2CCc3cc(O)ccc3C2(C)c2ccc(OCCN3CCCCC3)cc2)c1,CHEMBL206
CHEMBL100595,CC(C)c1cccc(N2CCc3cc(O)ccc3C2(C)c2ccc(OCCN3CCCCC3)cc2)c1,CHEMBL206
CHEMBL68940,Oc1ccc([C@@H]2Sc3ccccc3O[C@@H]2c2ccc(OCCN3CCCCC3)cc2)cc1,CHEMBL206
CHEMBL1405,C[C@]12CC[C@@H]3c4ccc(O)cc4CC[C@H]3[C@@H]1CCC2=O,CHEMBL206
CHEMBL1405,C[C@]12CC[C@@H]3c4ccc(O)cc4CC[C@H]3[C@@H]1CCC2=O,CHEMBL206
CHEMBL94030,Oc1ccc([C@@H]2Sc3c(F)cc(O)cc3O[C@@H]2c2ccc(OCCN3CCCCC3)cc2)cc1,CHEMBL206
CHEMBL94030,Oc1ccc([C@@H]2Sc3c(F)cc(O)cc3O[C@@H]2c2ccc(OCCN3CCCCC3)cc2)cc1,CHEMBL206
CHEMBL77620,Cc1cc(O)cc2c1N=C(c1ccc(O)c(Br)c1)C(C)O2,CHEMBL206
CHEMBL77620,Cc1cc(O)cc2c1N=C(c1ccc(O)c(Br)c1)C(C)O2,CHEMBL206
CHEMBL103650,Oc1ccc2c(c1)CCN(c1ccccc1)C2c1ccc(F)cc1,CHEMBL206
CHEMBL98470,CC(C)c1ccc(N2CCc3cc(O)ccc3C2(C)c2ccc(OCCN3CCCC3)cc2)cc1,CHEMBL206
CHEMBL98470,CC(C)c1ccc(N2CCc3cc(O)ccc3C2(C)c2ccc(OCCN3CCCC3)cc2)cc1,CHEMBL206
CHEMBL1116,Cl.O=C(c1ccc(OCCN2CCCCC2)cc1)c1c(-c2ccc(O)cc2)sc2cc(O)ccc12,CHEMBL206
CHEMBL1116,Cl.O=C(c1ccc(OCCN2CCCCC2)cc1)c1c(-c2ccc(O)cc2)sc2cc(O)ccc12,CHEMBL206
CHEMBL539927,Oc1ccc([C@@H]2Sc3cc(O)ccc3O[C@@H]2c2ccc(OCCN3CCCCC3)cc2)cc1,CHEMBL206
CHEMBL539927,Oc1ccc([C@@H]2Sc3cc(O)ccc3O[C@@H]2c2ccc(OCCN3CCCCC3)cc2)cc1,CHEMBL206
CHEMBL101083,CC1(c2ccc(OCCN3CCCCC3)cc2)c2ccc(O)cc2CCN1c1ccc(F)cc1,CHEMBL206
CHEMBL101083,CC1(c2ccc(OCCN3CCCCC3)cc2)c2ccc(O)cc2CCN1c1ccc(F)cc1,CHEMBL206
CHEMBL323119,CN(C)c1cccc(N2CCc3cc(O)ccc3C2(C)c2ccc(OCCN3CCCC3)cc2)c1,CHEMBL206
CHEMBL323119,CN(C)c1cccc(N2CCc3cc(O)ccc3C2(C)c2ccc(OCCN3CCCC3)cc2)c1,CHEMBL206
CHEMBL286115,O=C1c2ccc(O)cc2O[C@H](c2ccc(OCCN3CCCCC3)cc2)[C@@H]1c1ccc(O)cc1,CHEMBL206
CHEMBL91758,Oc1ccc2c(c1)S[C@@H](c1ccccc1O)[C@@H](c1ccc(OCCN3CCCCC3)cc1)O2,CHEMBL206
CHEMBL100617,CC1(c2ccc(OCCN3CCCCC3)cc2)c2ccc(O)cc2CCN1c1cccc(O)c1,CHEMBL206
CHEMBL100617,CC1(c2ccc(OCCN3CCCCC3)cc2)c2ccc(O)cc2CCN1c1cccc(O)c1,CHEMBL206
CHEMBL94170,CCc1cc(O)cc2c1S[C@@H](c1ccc(O)cc1)[C@@H](c1ccc(OCCN3CCCCC3)cc1)O2,CHEMBL206
CHEMBL304552,Oc1ccc([C@H]2Sc3cc(O)ccc3O[C@H]2c2ccc(OCCN3CCCCC3)cc2)cc1,CHEMBL206
CHEMBL304552,Oc1ccc([C@H]2Sc3cc(O)ccc3O[C@H]2c2ccc(OCCN3CCCCC3)cc2)cc1,CHEMBL206
CHEMBL539927,Oc1ccc([C@@H]2Sc3cc(O)ccc3O[C@@H]2c2ccc(OCCN3CCCCC3)cc2)cc1,CHEMBL206
CHEMBL441457,Oc1ccc([C@@H]2Sc3cc(O)cc(Cl)c3O[C@@H]2c2ccc(OCCN3CCCCC3)cc2)cc1,CHEMBL206
CHEMBL441457,Oc1ccc([C@@H]2Sc3cc(O)cc(Cl)c3O[C@@H]2c2ccc(OCCN3CCCCC3)cc2)cc1,CHEMBL206
CHEMBL101997,CC1(c2ccc(OCCN3CCCC3)cc2)c2ccc(O)cc2CCN1c1ccc(F)cc1,CHEMBL206
CHEMBL101997,CC1(c2ccc(OCCN3CCCC3)cc2)c2ccc(O)cc2CCN1c1ccc(F)cc1,CHEMBL206
CHEMBL539927,Oc1ccc([C@@H]2Sc3cc(O)ccc3O[C@@H]2c2ccc(OCCN3CCCCC3)cc2)cc1,CHEMBL206
CHEMBL539927,Oc1ccc([C@@H]2Sc3cc(O)ccc3O[C@@H]2c2ccc(OCCN3CCCCC3)cc2)cc1,CHEMBL206
CHEMBL539927,Oc1ccc([C@@H]2Sc3cc(O)ccc3O[C@@H]2c2ccc(OCCN3CCCCC3)cc2)cc1,CHEMBL206
CHEMBL92720,COc1ccc(C2Sc3cc(O)ccc3OC2c2ccc(OCCN3CCCCC3)cc2)cc1,CHEMBL206
CHEMBL92720,COc1ccc(C2Sc3cc(O)ccc3OC2c2ccc(OCCN3CCCCC3)cc2)cc1,CHEMBL206
CHEMBL90794,CC1CCCC(C)N1CCOc1ccc([C@@H]2Oc3ccc(O)cc3S[C@@H]2c2cccc(O)c2)cc1,CHEMBL206
CHEMBL420623,Oc1ccc([C@@H]2Sc3cc(Cl)c(O)cc3O[C@@H]2c2ccc(OCCN3CCCCC3)cc2)cc1,CHEMBL206
CHEMBL420623,Oc1ccc([C@@H]2Sc3cc(Cl)c(O)cc3O[C@@H]2c2ccc(OCCN3CCCCC3)cc2)cc1,CHEMBL206
CHEMBL420068,CCc1c(O)ccc2c1O[C@H](c1ccc(OCCN3CCCCC3)cc1)[C@H](c1ccc(O)cc1)S2,CHEMBL206
CHEMBL264862,CC1Oc2cc(O)cc(O)c2N=C1c1ccc(O)cc1,CHEMBL206
CHEMBL98558,CC1(c2ccc(OCCN3CCCC3)cc2)c2ccc(O)cc2CCN1c1ccccc1,CHEMBL206
CHEMBL98558,CC1(c2ccc(OCCN3CCCC3)cc2)c2ccc(O)cc2CCN1c1ccccc1,CHEMBL206
CHEMBL319678,CC1(c2ccc(OCCN3CCCC3)cc2)c2ccc(O)cc2CCN1c1cccc(Cl)c1,CHEMBL206
CHEMBL319678,CC1(c2ccc(OCCN3CCCC3)cc2)c2ccc(O)cc2CCN1c1cccc(Cl)c1,CHEMBL206
CHEMBL92027,Oc1cccc([C@H]2Sc3cc(O)ccc3O[C@H]2c2ccc(OCCN3CCOCC3)cc2)c1,CHEMBL206
CHEMBL92027,Oc1cccc([C@H]2Sc3cc(O)ccc3O[C@H]2c2ccc(OCCN3CCOCC3)cc2)c1,CHEMBL206
CHEMBL329849,Cc1c(O)ccc2c1O[C@H](c1ccc(OCCN3CCCCC3)cc1)[C@H](c1ccc(O)cc1)S2,CHEMBL206
CHEMBL329849,Cc1c(O)ccc2c1O[C@H](c1ccc(OCCN3CCCCC3)cc1)[C@H](c1ccc(O)cc1)S2,CHEMBL206
CHEMBL74757,CC1Oc2cc(O)ccc2N=C1c1ccc(O)cc1,CHEMBL206
CHEMBL328388,CC1(c2ccc(OCCN3CCCC3)cc2)c2ccc(O)cc2CCN1c1cccc(O)c1,CHEMBL206
CHEMBL328388,CC1(c2ccc(OCCN3CCCC3)cc2)c2ccc(O)cc2CCN1c1cccc(O)c1,CHEMBL206
CHEMBL319211,CC1(c2ccc(OCCN3CCCC3)cc2)c2ccc(O)cc2CCN1c1cccc(F)c1,CHEMBL206
CHEMBL319211,CC1(c2ccc(OCCN3CCCC3)cc2)c2ccc(O)cc2CCN1c1cccc(F)c1,CHEMBL206
CHEMBL135,C[C@]12CC[C@@H]3c4ccc(O)cc4CC[C@H]3[C@@H]1CC[C@@H]2O,CHEMBL206
CHEMBL94225,Oc1cccc([C@H]2Sc3cc(O)ccc3O[C@H]2c2ccc(OCCNC3CCCCCC3)cc2)c1,CHEMBL206
CHEMBL94225,Oc1cccc([C@H]2Sc3cc(O)ccc3O[C@H]2c2ccc(OCCNC3CCCCCC3)cc2)c1,CHEMBL206
CHEMBL93546,Oc1ccc2c(c1)SC(c1ccc(F)cc1)C(c1ccc(OCCN3CCCCC3)cc1)O2,CHEMBL206
CHEMBL93546,Oc1ccc2c(c1)SC(c1ccc(F)cc1)C(c1ccc(OCCN3CCCCC3)cc1)O2,CHEMBL206
CHEMBL135,C[C@]12CC[C@@H]3c4ccc(O)cc4CC[C@H]3[C@@H]1CC[C@@H]2O,CHEMBL206
CHEMBL135,C[C@]12CC[C@@H]3c4ccc(O)cc4CC[C@H]3[C@@H]1CC[C@@H]2O,CHEMBL206
CHEMBL31738,C=C(C)c1ccc2c(c1)c(-c1ccc(OCCN3CCCCC3)cc1)cc1cc(O)cc(C)c12,CHEMBL206
CHEMBL31068,CC(C)=C(C)c1ccc2c(c1)c(-c1ccc(OCCN3CCCCC3)cc1)cc1cc(O)cc(C)c12,CHEMBL206
CHEMBL267385,Oc1ccc(C2=Cc3cc(O)ccc3C23Cc2ccc(OCCN4CCCCC4)cc2C3)cc1,CHEMBL206
CHEMBL2137046,CCC(=C(c1ccc(O)cc1)c1ccc(OCCN(C)C)cc1)c1ccccc1,CHEMBL206
CHEMBL1358,C[C@]12CC[C@@H]3c4ccc(O)cc4C[C@@H](CCCCCCCCC[S+]([O-])CCCC(F)(F)C(F)(F)F)[C@H]3[C@@H]1CC[C@@H]2O,CHEMBL206
CHEMBL145576,CC1=C(c2ccc(O)cc2)C2(Cc3ccccc3C2)c2ccc(O)cc21,CHEMBL206
CHEMBL81,O=C(c1ccc(OCCN2CCCCC2)cc1)c1c(-c2ccc(O)cc2)sc2cc(O)ccc12,CHEMBL206
CHEMBL439806,Oc1ccc2c(c1)CC1(C2)C(c2ccccc2)=Cc2ccccc21,CHEMBL206
CHEMBL135,C[C@]12CC[C@@H]3c4ccc(O)cc4CC[C@H]3[C@@H]1CC[C@@H]2O,CHEMBL206
CHEMBL81,O=C(c1ccc(OCCN2CCCCC2)cc1)c1c(-c2ccc(O)cc2)sc2cc(O)ccc12,CHEMBL206
CHEMBL144897,Oc1ccc2c(c1)C=C(c1ccccc1)C21Cc2ccccc2C1,CHEMBL206
CHEMBL281499,Oc1ccc(C2=Cc3cc(O)ccc3C23Cc2ccccc2C3)cc1,CHEMBL206
CHEMBL312186,O=c1c2c(O)cc(O)cc2oc2oc3cc(O)ccc3c12,CHEMBL206
CHEMBL144431,Oc1cccc(C2=Cc3ccc(O)cc3C23Cc2ccccc2C3)c1,CHEMBL206
CHEMBL31089,Cc1cc(O)cc2cc(-c3ccc(OCCN4CCCCC4)cc3)c3cc(C(C)O)ccc3c12,CHEMBL206
CHEMBL311640,O=c1c2oc3cc(O)ccc3c2oc2cc(O)cc(O)c12,CHEMBL206
CHEMBL411,CC/C(=C(/CC)c1ccc(O)cc1)c1ccc(O)cc1,CHEMBL206
CHEMBL30996,CCc1ccc2c(c1)C(c1ccc(OCCN3CCCCC3)cc1)Cc1cc(O)cc(C)c1-2,CHEMBL206
CHEMBL78413,O=c1c2cc(O)ccc2oc2c1oc1ccc(O)cc12,CHEMBL206
CHEMBL24950,Oc1cccc(C2=Cc3cc(O)ccc3C23Cc2ccccc2C3)c1,CHEMBL206
CHEMBL83,CC/C(=C(\c1ccccc1)c1ccc(OCCN(C)C)cc1)c1ccccc1,CHEMBL206
CHEMBL2112469,O=C(O)CCCOc1ccc(/C(=C/CCc2ccccc2)c2ccc(O)cc2)cc1,CHEMBL206
CHEMBL135,C[C@]12CC[C@@H]3c4ccc(O)cc4CC[C@H]3[C@@H]1CC[C@@H]2O,CHEMBL206
CHEMBL61810,Oc1ccc([C@H]2N=CN[C@H]2c2c(Cl)cc(O)cc2Cl)c(Cl)c1,CHEMBL206
CHEMBL173270,CCCN1C=N[C@@H](c2ccc(O)cc2Cl)[C@H]1c1ccc(O)cc1Cl,CHEMBL206
CHEMBL135,C[C@]12CC[C@@H]3c4ccc(O)cc4CC[C@H]3[C@@H]1CC[C@@H]2O,CHEMBL206
CHEMBL369247,CN1C=N[C@@H](c2ccc(O)cc2Cl)[C@H]1c1ccc(O)cc1Cl,CHEMBL206
CHEMBL174256,CCN1C=N[C@@H](c2ccc(O)cc2Cl)[C@H]1c1ccc(O)cc1Cl,CHEMBL206
CHEMBL286115,O=C1c2ccc(O)cc2O[C@H](c2ccc(OCCN3CCCCC3)cc2)[C@@H]1c1ccc(O)cc1,CHEMBL206
CHEMBL135,C[C@]12CC[C@@H]3c4ccc(O)cc4CC[C@H]3[C@@H]1CC[C@@H]2O,CHEMBL206
CHEMBL30950,Cc1cc(O)cc2c1C(=O)[C@@H](c1ccc(O)cc1)[C@@H](c1ccc(OCCN3CCCCC3)cc1)O2,CHEMBL206
CHEMBL81,O=C(c1ccc(OCCN2CCCCC2)cc1)c1c(-c2ccc(O)cc2)sc2cc(O)ccc12,CHEMBL206
CHEMBL33808,CCc1cc(O)cc2c1C(=O)[C@@H](c1ccc(O)cc1)[C@@H](c1ccc(OCCN3CCCCC3)cc1)O2,CHEMBL206
CHEMBL33890,CCCCCc1cc(O)cc2c1C(=O)[C@@H](c1ccc(O)cc1)[C@@H](c1ccc(OCCN3CCCCC3)cc1)O2,CHEMBL206
CHEMBL44,O=c1c(-c2ccc(O)cc2)coc2cc(O)cc(O)c12,CHEMBL206
CHEMBL284453,O=C1c2ccc(O)cc2O[C@H](c2ccc(OCCN3CCCCC3)cc2)[C@H]1c1ccc(O)cc1,CHEMBL206
CHEMBL34679,O=C1c2c(Cl)cc(O)cc2O[C@H](c2ccc(OCCN3CCCCC3)cc2)[C@@H]1c1ccc(O)cc1,CHEMBL206
CHEMBL33053,COc1cc(O)ccc1[C@@H]1C(=O)c2ccc(O)cc2O[C@@H]1c1ccc(OCCN2CCCCC2)cc1,CHEMBL206
CHEMBL282292,CC(C)[C@@H]1C(=O)c2ccc(O)cc2O[C@@H]1c1ccc(OCCN2CCCCC2)cc1,CHEMBL206
CHEMBL285632,O=C1c2ccccc2O[C@H](c2ccc(OCCN3CCCCC3)cc2)[C@@H]1c1ccc(O)cc1,CHEMBL206
CHEMBL30707,O=c1oc2cc(O)ccc2c2oc3cc(O)ccc3c12,CHEMBL206
CHEMBL31128,CC(C)[C@H]1C(=O)c2ccc(O)cc2O[C@@H]1c1ccc(OCCN2CCCCC2)cc1,CHEMBL206
CHEMBL35073,O=c1c(-c2ccc(O)cc2)c(Oc2ccc(OCCN3CCCCC3)cc2)oc2cc(O)ccc12,CHEMBL206
CHEMBL33568,O=C1c2c(F)cc(O)cc2O[C@H](c2ccc(OCCN3CCCCC3)cc2)[C@@H]1c1ccc(O)cc1,CHEMBL206
CHEMBL30439,Oc1ccc([C@@H]2Cc3ccc(O)cc3O[C@@H]2c2ccc(OCCN3CCCCC3)cc2)cc1,CHEMBL206
CHEMBL2137046,CCC(=C(c1ccc(O)cc1)c1ccc(OCCN(C)C)cc1)c1ccccc1,CHEMBL206
CHEMBL285483,O=C(c1ccc(OCCN2CCCCC2)cc1)c1oc2cc(O)ccc2c(=O)c1-c1ccc(O)cc1,CHEMBL206
CHEMBL296411,COc1ccc(/C=C/c2cc(OC)cc(OC)c2)cc1,CHEMBL206
CHEMBL311636,COc1ccc(/C=C\c2cc(OC)cc(OC)c2)cc1,CHEMBL206
CHEMBL179243,CCOc1ccc(/C=C\c2cc(OC)cc(OC)c2)cc1,CHEMBL206
CHEMBL179708,CC1=CC(C)(C)[C@@]2(O)CO[C@@H](c3ccc(O)cc3)[C@@H]1C2,CHEMBL206
CHEMBL178908,CC1=CC(C)(C)[C@@]2(O)CO[C@@H](c3ccc(O)cc3Cl)[C@@H]1C2,CHEMBL206
CHEMBL360735,CC1=CC[C@@]2(O)CO[C@@H](c3ccc(O)cc3)[C@@H]1C2(C)C,CHEMBL206
CHEMBL359512,CC1=CC[C@]2(O)C[C@H]1[C@H](c1ccc(O)cc1Cl)OC2(C)C,CHEMBL206
CHEMBL369337,CC1=CC[C@]2(O)C[C@H]1[C@H](c1ccc(O)cc1F)OC2(C)C,CHEMBL206
CHEMBL181191,CC1=CC[C@]2(O)C[C@H]1[C@H](c1ccc(O)c(F)c1)OC2(C)C,CHEMBL206
CHEMBL178255,CC1=CC[C@@]2(CO)CO[C@@H](c3ccc(O)cc3O)[C@@H]1C2,CHEMBL206
CHEMBL360572,CC1=CC[C@@]2(CO)CO[C@@H](c3ccc(O)cc3)[C@]1(C)C2,CHEMBL206
CHEMBL178317,CC1=CC[C@@]2(CO)CO[C@@H](c3ccc(O)cc3Cl)[C@]1(C)C2,CHEMBL206
CHEMBL178364,CC1=CC[C@@]2(CO)CO[C@@H](c3ccc(O)c(F)c3)[C@]1(C)C2,CHEMBL206
CHEMBL361855,CC1=CC[C@@]2(CO)CO[C@@H](c3ccc(O)cc3F)[C@]1(C)C2,CHEMBL206
CHEMBL178716,CC1=CC[C@@]2(CO)CO[C@@H](c3ccc(O)cc3)[C@@H]1C2,CHEMBL206
CHEMBL178416,CC1=CC[C@@]2(CO)CO[C@@H](c3ccc(O)cc3Cl)[C@@H]1C2,CHEMBL206
CHEMBL178416,CC1=CC[C@@]2(CO)CO[C@@H](c3ccc(O)cc3Cl)[C@@H]1C2,CHEMBL206
CHEMBL181245,CC1=CC[C@@]2(CO)CO[C@@H](c3ccc(O)c(F)c3)[C@@H]1C2,CHEMBL206
CHEMBL181245,CC1=CC[C@@]2(CO)CO[C@@H](c3ccc(O)c(F)c3)[C@@H]1C2,CHEMBL206
CHEMBL179295,CC1=CC[C@@]2(CO)CO[C@@H](c3ccc(O)cc3F)[C@@H]1C2,CHEMBL206
CHEMBL179295,CC1=CC[C@@]2(CO)CO[C@@H](c3ccc(O)cc3F)[C@@H]1C2,CHEMBL206
CHEMBL178734,CC1=CC[C@@H]2C[C@H]1[C@H](c1ccc(O)cc1)OC2(C)C,CHEMBL206
CHEMBL178342,CC1=CC[C@@H]2C[C@H]1[C@H](c1ccc(O)c(C)c1)OC2(C)C,CHEMBL206
CHEMBL178734,CC1=CC[C@@H]2C[C@H]1[C@H](c1ccc(O)cc1)OC2(C)C,CHEMBL206
CHEMBL178342,CC1=CC[C@@H]2C[C@H]1[C@H](c1ccc(O)c(C)c1)OC2(C)C,CHEMBL206
CHEMBL360127,CC1=CC[C@]2(O)C[C@H]1[C@H](c1ccc(O)cc1)OC2(C)C,CHEMBL206
CHEMBL135,C[C@]12CC[C@@H]3c4ccc(O)cc4CC[C@H]3[C@@H]1CC[C@@H]2O,CHEMBL206
CHEMBL178716,CC1=CC[C@@]2(CO)CO[C@@H](c3ccc(O)cc3)[C@@H]1C2,CHEMBL206
CHEMBL178371,CC1=CC[C@@]2(CO)CO[C@@H](c3ccc(O)c(C)c3)[C@@H]1C2,CHEMBL206
CHEMBL181245,CC1=CC[C@@]2(CO)CO[C@@H](c3ccc(O)c(F)c3)[C@@H]1C2,CHEMBL206
CHEMBL440751,CC1=CC[C@@]2(CO)CO[C@@H](c3ccc(O)c(Cl)c3)[C@@H]1C2,CHEMBL206
CHEMBL178416,CC1=CC[C@@]2(CO)CO[C@@H](c3ccc(O)cc3Cl)[C@@H]1C2,CHEMBL206
CHEMBL179295,CC1=CC[C@@]2(CO)CO[C@@H](c3ccc(O)cc3F)[C@@H]1C2,CHEMBL206
CHEMBL178184,CC1=CC[C@@]2(CO)CO[C@@H](c3ccc(O)cc3C)[C@@H]1C2,CHEMBL206
CHEMBL181404,C[C@H]1CCN(CCOc2ccc([C@@H]3Oc4ccc(O)c(F)c4[C@@H](C)[C@@H]3c3ccc(O)cc3)cc2)C1,CHEMBL206
CHEMBL369724,C[C@@H]1CCN(CCOc2ccc([C@@H]3Oc4ccc(O)cc4[C@@H](C)[C@@H]3c3ccc(O)cc3)cc2)C1,CHEMBL206
CHEMBL361005,C[C@@H]1CCN(CCOc2ccc([C@@H]3Oc4ccc(O)c(F)c4[C@@H](C)[C@@H]3c3ccc(O)cc3)cc2)C1,CHEMBL206
CHEMBL360315,C[C@@H]1c2cc(O)ccc2O[C@@H](c2ccc(OC[C@H](C)N3CCCC3)cc2)[C@H]1c1ccc(O)cc1,CHEMBL206
CHEMBL182237,Cc1cc(C)nc(N2CCN(c3ccc(C(=O)c4c(-c5ccc(O)cc5)sc5cc(O)ccc45)cc3)CC2)n1,CHEMBL206
CHEMBL179518,CCCN1CCN(c2ccc(C(=O)c3c(-c4ccc(O)cc4)sc4cc(O)ccc34)cc2)CC1,CHEMBL206
CHEMBL359633,C[C@@H]1c2c(ccc(O)c2F)O[C@@H](c2ccc(OC[C@H](C)N3CCCC3)cc2)[C@H]1c1ccc(O)cc1,CHEMBL206
CHEMBL81,O=C(c1ccc(OCCN2CCCCC2)cc1)c1c(-c2ccc(O)cc2)sc2cc(O)ccc12,CHEMBL206
CHEMBL180538,C[C@H]1c2ccc(O)cc2O[C@@H](c2ccc(OCCN3CCCCC3)cc2)[C@H]1c1ccc(O)cc1,CHEMBL206
CHEMBL180253,C[C@H]1c2cc(O)ccc2O[C@@H](c2ccc(OCCN3CCCCC3)cc2)[C@H]1c1ccc(O)cc1,CHEMBL206
CHEMBL362428,C[C@@H]1c2ccc(O)cc2O[C@@H](c2ccc(OCCN3CCCCC3)cc2)[C@H]1c1ccc(O)cc1,CHEMBL206
CHEMBL178559,CC[C@@H]1c2cc(O)ccc2O[C@@H](c2ccc(OCCN3CCCCC3)cc2)[C@H]1c1ccc(O)cc1,CHEMBL206
CHEMBL178470,C[C@@H]1c2cc(O)ccc2O[C@@H](c2ccc(OCCN3CCCCC3)cc2)[C@H]1c1ccc(O)cc1,CHEMBL206
CHEMBL2113001,O=C(c1ccc(N2CCN(Cc3ccccc3)CC2)cc1)c1c(-c2ccc(O)cc2)sc2cc(O)ccc12,CHEMBL206
CHEMBL360498,O=C(c1ccc(N2CCN(C(=O)c3ccccc3)CC2)cc1)c1c(-c2ccc(O)cc2)sc2cc(O)ccc12,CHEMBL206
CHEMBL178857,O=C(c1ccc(N2CCN(C(=O)c3ccco3)CC2)cc1)c1c(-c2ccc(O)cc2)sc2cc(O)ccc12,CHEMBL206
CHEMBL180702,Cc1ccc(C(=O)N2CCN(c3ccc(C(=O)c4c(-c5ccc(O)cc5)sc5cc(O)ccc45)cc3)CC2)cc1,CHEMBL206
CHEMBL178665,O=C(c1ccc(N2CCN(C(=O)c3cccc(Cl)c3)CC2)cc1)c1c(-c2ccc(O)cc2)sc2cc(O)ccc12,CHEMBL206
CHEMBL180707,O=C(c1ccc(N2CCN(C(=O)c3ccc(Cl)cc3)CC2)cc1)c1c(-c2ccc(O)cc2)sc2cc(O)ccc12,CHEMBL206
CHEMBL180146,C[C@@H]1c2c(ccc(O)c2F)O[C@@H](c2ccc(OCCN3CCCCC3)cc2)[C@H]1c1ccc(O)cc1,CHEMBL206
CHEMBL441499,O=C(c1ccc(N2CCN(C(=O)c3cccc(O)c3)CC2)cc1)c1c(-c2ccc(O)cc2)sc2cc(O)ccc12,CHEMBL206
CHEMBL427496,O=C(c1ccc(N2CCN(C(=O)c3ccccc3O)CC2)cc1)c1c(-c2ccc(O)cc2)sc2cc(O)ccc12,CHEMBL206
CHEMBL182157,Cc1ccccc1C(=O)N1CCN(c2ccc(C(=O)c3c(-c4ccc(O)cc4)sc4cc(O)ccc34)cc2)CC1,CHEMBL206
CHEMBL180873,Cc1cccc(C(=O)N2CCN(c3ccc(C(=O)c4c(-c5ccc(O)cc5)sc5cc(O)ccc45)cc3)CC2)c1,CHEMBL206
CHEMBL181936,C[C@@H]1c2cc(O)ccc2O[C@@H](c2ccc(OCCN3CCCC3)cc2)[C@H]1c1ccc(O)cc1,CHEMBL206
CHEMBL181369,C[C@@H]1c2c(ccc(O)c2F)O[C@@H](c2ccc(OCCN3CCCC3)cc2)[C@H]1c1ccc(O)cc1,CHEMBL206
CHEMBL433581,C[C@H]1CCN(CCOc2ccc([C@@H]3Oc4ccc(O)cc4[C@@H](C)[C@@H]3c3ccc(O)cc3)cc2)C1,CHEMBL206
CHEMBL180973,O=C(c1ccc(N2CCN(C(=O)c3ccccc3Cl)CC2)cc1)c1c(-c2ccc(O)cc2)sc2cc(O)ccc12,CHEMBL206
CHEMBL362425,O=C(c1ccc(N2CCN(C(=O)c3ccncc3)CC2)cc1)c1c(-c2ccc(O)cc2)sc2cc(O)ccc12,CHEMBL206
CHEMBL362020,O=C(c1ccc(N2CCN(C(=O)c3ccc([N+](=O)[O-])cc3)CC2)cc1)c1c(-c2ccc(O)cc2)sc2cc(O)ccc12,CHEMBL206
CHEMBL178679,O=C(c1ccc(N2CCN(c3ccc(Cl)cc3)CC2)cc1)c1c(-c2ccc(O)cc2)sc2cc(O)ccc12,CHEMBL206
CHEMBL360978,O=C(c1ccc(N2CCN(C(=O)c3ccccc3[N+](=O)[O-])CC2)cc1)c1c(-c2ccc(O)cc2)sc2cc(O)ccc12,CHEMBL206
CHEMBL180176,O=C(c1ccc(N2CCN(c3ccc([N+](=O)[O-])cc3)CC2)cc1)c1c(-c2ccc(O)cc2)sc2cc(O)ccc12,CHEMBL206
CHEMBL178334,CC(C)N1CCN(c2ccc(C(=O)c3c(-c4ccc(O)cc4)sc4cc(O)ccc34)cc2)CC1,CHEMBL206
CHEMBL366928,O=C(c1ccc(N2CCN(C3CCCC3)CC2)cc1)c1c(-c2ccc(O)cc2)sc2cc(O)ccc12,CHEMBL206
CHEMBL368449,C[C@@H]1CCN([C@@H](C)COc2ccc([C@@H]3Oc4ccc(O)cc4[C@@H](C)[C@@H]3c3ccc(O)cc3)cc2)C1,CHEMBL206
CHEMBL180995,C[C@@H]1CCN([C@@H](C)COc2ccc([C@@H]3Oc4ccc(O)c(F)c4[C@@H](C)[C@@H]3c3ccc(O)cc3)cc2)C1,CHEMBL206
CHEMBL359671,C[C@H]1CCN([C@@H](C)COc2ccc([C@@H]3Oc4ccc(O)c(F)c4[C@@H](C)[C@@H]3c3ccc(O)cc3)cc2)C1,CHEMBL206
CHEMBL2113002,C[C@H](CN1CCCC1)Oc1ccc([C@@H]2Oc3ccc(O)cc3[C@@H](C)[C@@H]2c2ccc(O)cc2)cc1,CHEMBL206
CHEMBL181368,C[C@@H]1c2c(ccc(O)c2F)O[C@@H](c2ccc(OCCN3CCCCCC3)cc2)[C@H]1c1ccc(O)cc1,CHEMBL206
CHEMBL181248,C[C@@H]1c2c(ccc(O)c2F)O[C@@H](c2ccc(OC[C@H](C)N3CCC[C@H]3C)cc2)[C@H]1c1ccc(O)cc1,CHEMBL206
CHEMBL135,C[C@]12CC[C@@H]3c4ccc(O)cc4CC[C@H]3[C@@H]1CC[C@@H]2O,CHEMBL206
CHEMBL304552,Oc1ccc([C@H]2Sc3cc(O)ccc3O[C@H]2c2ccc(OCCN3CCCCC3)cc2)cc1,CHEMBL206
CHEMBL179929,COc1ccc2c(c1)CO[C@H](c1ccccc1)[C@@H]2c1ccc(OCCN2CCCC2)cc1,CHEMBL206
CHEMBL180085,COc1ccc2c(c1)CS[C@H](c1ccccc1)[C@@H]2c1ccc(OCCN2CCCC2)cc1,CHEMBL206
CHEMBL183162,Oc1ccc2c(c1)CO[C@H](c1ccccc1)[C@@H]2c1ccc(OCCN2CCCC2)cc1,CHEMBL206
CHEMBL183333,Oc1ccc2c(c1)CS[C@H](c1ccccc1)[C@@H]2c1ccc(OCCN2CCCC2)cc1,CHEMBL206
CHEMBL304552,Oc1ccc([C@H]2Sc3cc(O)ccc3O[C@H]2c2ccc(OCCN3CCCCC3)cc2)cc1,CHEMBL206
CHEMBL328190,Oc1ccc2c(c1)CC[C@H](c1ccccc1)[C@@H]2c1ccc(OCCN2CCCC2)cc1,CHEMBL206
CHEMBL135,C[C@]12CC[C@@H]3c4ccc(O)cc4CC[C@H]3[C@@H]1CC[C@@H]2O,CHEMBL206
CHEMBL182980,C[C@H]1CN(CCOc2ccc([C@@H]3Oc4ccc(O)cc4S[C@@H]3c3ccc(O)cc3)cc2)C[C@@H]1C,CHEMBL206
CHEMBL183467,C[C@@H]1CN(CCOc2ccc([C@@H]3Oc4ccc(O)cc4S[C@@H]3c3ccc(O)cc3)cc2)C[C@H]1C,CHEMBL206
CHEMBL361751,Oc1ccc([C@H]2Sc3cc(O)ccc3O[C@H]2c2ccc(OCCCN3CCCC3)cc2)cc1,CHEMBL206
CHEMBL180792,C[C@H](COc1ccc([C@@H]2Oc3ccc(O)cc3S[C@@H]2c2ccc(O)cc2)cc1)N1CCCC1,CHEMBL206
CHEMBL180792,C[C@H](COc1ccc([C@@H]2Oc3ccc(O)cc3S[C@@H]2c2ccc(O)cc2)cc1)N1CCCC1,CHEMBL206
CHEMBL304552,Oc1ccc([C@H]2Sc3cc(O)ccc3O[C@H]2c2ccc(OCCN3CCCCC3)cc2)cc1,CHEMBL206
CHEMBL184202,Oc1ccc([C@H]2Sc3cc(O)ccc3O[C@H]2c2ccc(OCCN3CC4CC4C3)cc2)cc1,CHEMBL206
CHEMBL362623,Oc1ccc([C@H]2Sc3cc(O)ccc3O[C@H]2c2ccc(OCCN3CCCC3)cc2)cc1,CHEMBL206
CHEMBL183584,C[C@@H]1CCN(CCOc2ccc([C@@H]3Oc4ccc(O)cc4S[C@@H]3c3ccc(O)cc3)cc2)C1,CHEMBL206
CHEMBL183049,C[C@H]1CCN(CCOc2ccc([C@@H]3Oc4ccc(O)cc4S[C@@H]3c3ccc(O)cc3)cc2)C1,CHEMBL206
CHEMBL183489,C[C@@H]1CCCN1CCOc1ccc([C@@H]2Oc3ccc(O)cc3S[C@@H]2c2ccc(O)cc2)cc1,CHEMBL206
CHEMBL183344,C[C@H]1CCCN1CCOc1ccc([C@@H]2Oc3ccc(O)cc3S[C@@H]2c2ccc(O)cc2)cc1,CHEMBL206
CHEMBL183388,CC[C@@H]1CCN(CCOc2ccc([C@@H]3Oc4ccc(O)cc4S[C@@H]3c3ccc(O)cc3)cc2)C1,CHEMBL206
CHEMBL2113027,CC[C@H]1CCN(CCOc2ccc([C@@H]3Oc4ccc(O)cc4S[C@@H]3c3ccc(O)cc3)cc2)C1,CHEMBL206
CHEMBL361601,CC(C)[C@@H]1CCN(CCOc2ccc([C@@H]3Oc4ccc(O)cc4S[C@@H]3c3ccc(O)cc3)cc2)C1,CHEMBL206
CHEMBL427324,CC(C)[C@H]1CCN(CCOc2ccc([C@@H]3Oc4ccc(O)cc4S[C@@H]3c3ccc(O)cc3)cc2)C1,CHEMBL206
CHEMBL182887,CC1(C)CCN(CCOc2ccc([C@@H]3Oc4ccc(O)cc4S[C@@H]3c3ccc(O)cc3)cc2)C1,CHEMBL206
CHEMBL183371,CC1(C)CCCN1CCOc1ccc([C@@H]2Oc3ccc(O)cc3S[C@@H]2c2ccc(O)cc2)cc1,CHEMBL206
CHEMBL367574,C[C@@H]1CN(CCOc2ccc([C@@H]3Oc4ccc(O)cc4S[C@@H]3c3ccc(O)cc3)cc2)C[C@@H]1C,CHEMBL206
CHEMBL100595,CC(C)c1cccc(N2CCc3cc(O)ccc3C2(C)c2ccc(OCCN3CCCCC3)cc2)c1,CHEMBL206
CHEMBL100595,CC(C)c1cccc(N2CCc3cc(O)ccc3C2(C)c2ccc(OCCN3CCCCC3)cc2)c1,CHEMBL206
CHEMBL323119,CN(C)c1cccc(N2CCc3cc(O)ccc3C2(C)c2ccc(OCCN3CCCC3)cc2)c1,CHEMBL206
CHEMBL101382,Oc1ccc2c(c1)CCN(c1ccccc1)C2c1ccc(OCCN2CCCCC2)cc1,CHEMBL206
CHEMBL101382,Oc1ccc2c(c1)CCN(c1ccccc1)C2c1ccc(OCCN2CCCCC2)cc1,CHEMBL206
CHEMBL98558,CC1(c2ccc(OCCN3CCCC3)cc2)c2ccc(O)cc2CCN1c1ccccc1,CHEMBL206
CHEMBL98558,CC1(c2ccc(OCCN3CCCC3)cc2)c2ccc(O)cc2CCN1c1ccccc1,CHEMBL206
CHEMBL101807,CC1(c2ccc(OCCN3CCCCC3)cc2)c2ccc(O)cc2CCN1c1ccccc1,CHEMBL206
CHEMBL101807,CC1(c2ccc(OCCN3CCCCC3)cc2)c2ccc(O)cc2CCN1c1ccccc1,CHEMBL206
CHEMBL328810,CC1(c2ccc(OCCN3CCCCCC3)cc2)c2ccc(O)cc2CCN1c1ccccc1,CHEMBL206
CHEMBL328810,CC1(c2ccc(OCCN3CCCCCC3)cc2)c2ccc(O)cc2CCN1c1ccccc1,CHEMBL206
CHEMBL327515,Cc1ccc(N2CCc3cc(O)ccc3C2(C)c2ccc(OCCN3CCCC3)cc2)cc1,CHEMBL206
CHEMBL323119,CN(C)c1cccc(N2CCc3cc(O)ccc3C2(C)c2ccc(OCCN3CCCC3)cc2)c1,CHEMBL206
CHEMBL434346,CN(C)c1cccc(N2CCc3cc(O)ccc3C2c2ccc(OCCN3CCCCC3)cc2)c1,CHEMBL206
CHEMBL434346,CN(C)c1cccc(N2CCc3cc(O)ccc3C2c2ccc(OCCN3CCCCC3)cc2)c1,CHEMBL206
CHEMBL367350,CC[C@@H](COc1ccc([C@@H]2Oc3ccc(O)cc3S[C@@H]2c2ccc(O)cc2)cc1)N1CCCC1,CHEMBL206
CHEMBL369545,CC[C@H](COc1ccc([C@@H]2Oc3ccc(O)cc3S[C@@H]2c2ccc(O)cc2)cc1)N1CCCC1,CHEMBL206
CHEMBL183263,CC(C)[C@@H](COc1ccc([C@@H]2Oc3ccc(O)cc3S[C@@H]2c2ccc(O)cc2)cc1)N1CCCC1,CHEMBL206
CHEMBL182794,CC(C)[C@H](COc1ccc([C@@H]2Oc3ccc(O)cc3S[C@@H]2c2ccc(O)cc2)cc1)N1CCCC1,CHEMBL206
CHEMBL179852,CC(C)(COc1ccc([C@@H]2Oc3ccc(O)cc3S[C@@H]2c2ccc(O)cc2)cc1)N1CCCC1,CHEMBL206
CHEMBL181944,C[C@@H](CN1CCCC1)Oc1ccc([C@@H]2Oc3ccc(O)cc3S[C@@H]2c2ccc(O)cc2)cc1,CHEMBL206
CHEMBL183044,C[C@H](CN1CCCC1)Oc1ccc([C@@H]2Oc3ccc(O)cc3S[C@@H]2c2ccc(O)cc2)cc1,CHEMBL206
CHEMBL183092,CC[C@@H](CN1CCCC1)Oc1ccc([C@@H]2Oc3ccc(O)cc3S[C@@H]2c2ccc(O)cc2)cc1,CHEMBL206
CHEMBL183086,CC[C@H](CN1CCCC1)Oc1ccc([C@@H]2Oc3ccc(O)cc3S[C@@H]2c2ccc(O)cc2)cc1,CHEMBL206
CHEMBL81,O=C(c1ccc(OCCN2CCCCC2)cc1)c1c(-c2ccc(O)cc2)sc2cc(O)ccc12,CHEMBL206
CHEMBL135,C[C@]12CC[C@@H]3c4ccc(O)cc4CC[C@H]3[C@@H]1CC[C@@H]2O,CHEMBL206
CHEMBL316080,Oc1ccc2c(c1)CCN(c1ccccc1)C2c1ccc(OCCN2CCCC2)cc1,CHEMBL206
CHEMBL316080,Oc1ccc2c(c1)CCN(c1ccccc1)C2c1ccc(OCCN2CCCC2)cc1,CHEMBL206
CHEMBL100617,CC1(c2ccc(OCCN3CCCCC3)cc2)c2ccc(O)cc2CCN1c1cccc(O)c1,CHEMBL206
CHEMBL319211,CC1(c2ccc(OCCN3CCCC3)cc2)c2ccc(O)cc2CCN1c1cccc(F)c1,CHEMBL206
CHEMBL319211,CC1(c2ccc(OCCN3CCCC3)cc2)c2ccc(O)cc2CCN1c1cccc(F)c1,CHEMBL206
CHEMBL319678,CC1(c2ccc(OCCN3CCCC3)cc2)c2ccc(O)cc2CCN1c1cccc(Cl)c1,CHEMBL206
CHEMBL319678,CC1(c2ccc(OCCN3CCCC3)cc2)c2ccc(O)cc2CCN1c1cccc(Cl)c1,CHEMBL206
CHEMBL103305,CC1(c2ccc(OCCN3CCCCC3)cc2)c2ccc(O)cc2CCN1c1cccc(Cl)c1,CHEMBL206
CHEMBL103305,CC1(c2ccc(OCCN3CCCCC3)cc2)c2ccc(O)cc2CCN1c1cccc(Cl)c1,CHEMBL206
CHEMBL327515,Cc1ccc(N2CCc3cc(O)ccc3C2(C)c2ccc(OCCN3CCCC3)cc2)cc1,CHEMBL206
CHEMBL174502,Cc1ccc(N2CCc3cc(O)ccc3C2(C)c2ccc(OCCN3CCCCC3)cc2)cc1,CHEMBL206
CHEMBL174502,Cc1ccc(N2CCc3cc(O)ccc3C2(C)c2ccc(OCCN3CCCCC3)cc2)cc1,CHEMBL206
CHEMBL101997,CC1(c2ccc(OCCN3CCCC3)cc2)c2ccc(O)cc2CCN1c1ccc(F)cc1,CHEMBL206
CHEMBL101997,CC1(c2ccc(OCCN3CCCC3)cc2)c2ccc(O)cc2CCN1c1ccc(F)cc1,CHEMBL206
CHEMBL101083,CC1(c2ccc(OCCN3CCCCC3)cc2)c2ccc(O)cc2CCN1c1ccc(F)cc1,CHEMBL206
CHEMBL101083,CC1(c2ccc(OCCN3CCCCC3)cc2)c2ccc(O)cc2CCN1c1ccc(F)cc1,CHEMBL206
CHEMBL100763,CC1(c2ccc(OCCN3CCCC3)cc2)c2ccc(O)cc2CCN1c1ccc(Cl)cc1,CHEMBL206
CHEMBL100763,CC1(c2ccc(OCCN3CCCC3)cc2)c2ccc(O)cc2CCN1c1ccc(Cl)cc1,CHEMBL206
CHEMBL103294,CC1(c2ccc(OCCN3CCCCC3)cc2)c2ccc(O)cc2CCN1c1ccc(Cl)cc1,CHEMBL206
CHEMBL367588,Oc1ccc(-c2cc3cc(O)ccc3o2)cc1,CHEMBL206
CHEMBL103294,CC1(c2ccc(OCCN3CCCCC3)cc2)c2ccc(O)cc2CCN1c1ccc(Cl)cc1,CHEMBL206
CHEMBL98470,CC(C)c1ccc(N2CCc3cc(O)ccc3C2(C)c2ccc(OCCN3CCCC3)cc2)cc1,CHEMBL206
CHEMBL98470,CC(C)c1ccc(N2CCc3cc(O)ccc3C2(C)c2ccc(OCCN3CCCC3)cc2)cc1,CHEMBL206
CHEMBL100231,CC(C)c1ccc(N2CCc3cc(O)ccc3C2(C)c2ccc(OCCN3CCCCC3)cc2)cc1,CHEMBL206
CHEMBL100231,CC(C)c1ccc(N2CCc3cc(O)ccc3C2(C)c2ccc(OCCN3CCCCC3)cc2)cc1,CHEMBL206
CHEMBL328388,CC1(c2ccc(OCCN3CCCC3)cc2)c2ccc(O)cc2CCN1c1cccc(O)c1,CHEMBL206
CHEMBL328388,CC1(c2ccc(OCCN3CCCC3)cc2)c2ccc(O)cc2CCN1c1cccc(O)c1,CHEMBL206
CHEMBL100617,CC1(c2ccc(OCCN3CCCCC3)cc2)c2ccc(O)cc2CCN1c1cccc(O)c1,CHEMBL206
CHEMBL183782,Oc1ccc(-c2cc3cc(O)cc(Br)c3o2)cc1,CHEMBL206
CHEMBL182850,Oc1cc(Br)c2oc(-c3ccc(O)c(F)c3)cc2c1,CHEMBL206
CHEMBL433944,COc1cc(O)c(Br)c2cc(-c3ccc(O)cc3)oc12,CHEMBL206
CHEMBL304552,Oc1ccc([C@H]2Sc3cc(O)ccc3O[C@H]2c2ccc(OCCN3CCCCC3)cc2)cc1,CHEMBL206
CHEMBL184367,Oc1ccc([C@H]2Sc3cc(O)ccc3O[C@H]2c2ccc(OCCN3C4CCCC3CC4)cc2)cc1,CHEMBL206
CHEMBL184360,Oc1ccc([C@H]2Sc3cc(O)ccc3O[C@H]2c2ccc(OCCN3C4CCCC3CCC4)cc2)cc1,CHEMBL206
CHEMBL368688,Oc1ccc([C@H]2Sc3cc(O)ccc3O[C@H]2c2ccc(OCCN3C4CCC3CC4)cc2)cc1,CHEMBL206
CHEMBL434525,Oc1ccc([C@H]2Sc3cc(O)ccc3O[C@H]2c2ccc(OCCN3CC4CC3CO4)cc2)cc1,CHEMBL206
CHEMBL361056,Oc1ccc([C@H]2Sc3cc(O)ccc3O[C@H]2c2ccc(OCCN3CC4CCC3CC4)cc2)cc1,CHEMBL206
CHEMBL184371,Oc1ccc([C@H]2Sc3cc(O)ccc3O[C@H]2c2ccc(OCCN3CC4CC5CC(C4)CC3C5)cc2)cc1,CHEMBL206
CHEMBL184421,Oc1ccc([C@H]2Sc3cc(O)ccc3O[C@H]2c2ccc(OCCN3CC[C@H]4C[C@H]43)cc2)cc1,CHEMBL206
CHEMBL181862,Oc1ccc([C@H]2Sc3cc(O)ccc3O[C@H]2c2ccc(OCCN3CC[C@@H]4C[C@@H]43)cc2)cc1,CHEMBL206
CHEMBL184202,Oc1ccc([C@H]2Sc3cc(O)ccc3O[C@H]2c2ccc(OCCN3CC4CC4C3)cc2)cc1,CHEMBL206
CHEMBL184598,Oc1ccc([C@H]2Sc3cc(O)ccc3O[C@H]2c2ccc(OCCN3CC4CCC4C3)cc2)cc1,CHEMBL206
CHEMBL433769,Oc1ccc([C@H]2Sc3cc(O)ccc3O[C@H]2c2ccc(OCCN3C[C@H]4CCC[C@H]4C3)cc2)cc1,CHEMBL206
CHEMBL185231,Oc1ccc([C@H]2Sc3cc(O)ccc3O[C@H]2c2ccc(OCCN3C[C@H]4CCCC[C@H]4C3)cc2)cc1,CHEMBL206
CHEMBL184974,Oc1ccc([C@H]2Sc3cc(O)ccc3O[C@H]2c2ccc(OCCN3CCC4(CCCC4)CC3)cc2)cc1,CHEMBL206
CHEMBL185083,Oc1ccc([C@H]2Sc3cc(O)ccc3O[C@H]2c2ccc(OCCN3CC4(CCC4)C3)cc2)cc1,CHEMBL206
CHEMBL81,O=C(c1ccc(OCCN2CCCCC2)cc1)c1c(-c2ccc(O)cc2)sc2cc(O)ccc12,CHEMBL206
CHEMBL135,C[C@]12CC[C@@H]3c4ccc(O)cc4CC[C@H]3[C@@H]1CC[C@@H]2O,CHEMBL206
CHEMBL304552,Oc1ccc([C@H]2Sc3cc(O)ccc3O[C@H]2c2ccc(OCCN3CCCCC3)cc2)cc1,CHEMBL206
CHEMBL435696,Oc1ccc([C@H]2Sc3cc(O)ccc3O[C@H]2c2ccc(OCCN3CCC(F)(F)CC3)cc2)cc1,CHEMBL206
CHEMBL185480,Oc1ccc([C@H]2Sc3cc(O)ccc3O[C@H]2c2ccc(OCCN3CCC4(CC3)OCCO4)cc2)cc1,CHEMBL206
CHEMBL184372,Oc1ccc([C@H]2Sc3cc(O)ccc3O[C@H]2c2ccc(OCCN3CCC(O)CC3)cc2)cc1,CHEMBL206
CHEMBL184431,OCC1CCN(CCOc2ccc([C@@H]3Oc4ccc(O)cc4S[C@@H]3c3ccc(O)cc3)cc2)CC1,CHEMBL206
CHEMBL365484,OCCC1CCN(CCOc2ccc([C@@H]3Oc4ccc(O)cc4S[C@@H]3c3ccc(O)cc3)cc2)CC1,CHEMBL206
CHEMBL184491,NC(=O)C1CCN(CCOc2ccc([C@@H]3Oc4ccc(O)cc4S[C@@H]3c3ccc(O)cc3)cc2)CC1,CHEMBL206
CHEMBL362623,Oc1ccc([C@H]2Sc3cc(O)ccc3O[C@H]2c2ccc(OCCN3CCCC3)cc2)cc1,CHEMBL206
CHEMBL184679,Oc1ccc([C@H]2Sc3cc(O)ccc3O[C@H]2c2ccc(OCCN3CC[C@@H](F)C3)cc2)cc1,CHEMBL206
CHEMBL185114,Oc1ccc([C@H]2Sc3cc(O)ccc3O[C@H]2c2ccc(OCCN3CC[C@@H](O)C3)cc2)cc1,CHEMBL206
CHEMBL360802,OC[C@H]1CCCN1CCOc1ccc([C@@H]2Oc3ccc(O)cc3S[C@@H]2c2ccc(O)cc2)cc1,CHEMBL206
CHEMBL359774,OC[C@@H]1CCCN1CCOc1ccc([C@@H]2Oc3ccc(O)cc3S[C@@H]2c2ccc(O)cc2)cc1,CHEMBL206
CHEMBL81,O=C(c1ccc(OCCN2CCCCC2)cc1)c1c(-c2ccc(O)cc2)sc2cc(O)ccc12,CHEMBL206
CHEMBL135,C[C@]12CC[C@@H]3c4ccc(O)cc4CC[C@H]3[C@@H]1CC[C@@H]2O,CHEMBL206
CHEMBL362718,Oc1ccc([C@H]2Sc3cc(O)ccc3O[C@H]2c2ccc(OCCN3CCSCC3)cc2)cc1,CHEMBL206
CHEMBL185383,O=S1(=O)CCN(CCOc2ccc([C@@H]3Oc4ccc(O)cc4S[C@@H]3c3ccc(O)cc3)cc2)CC1,CHEMBL206
CHEMBL183084,Oc1ccc([C@H]2Sc3cc(O)ccc3O[C@H]2c2ccc(OCCN3CCC(F)CC3)cc2)cc1,CHEMBL206
CHEMBL361258,COc1cc(O)c(Cl)c2cc(-c3ccc(O)cc3)oc12,CHEMBL206
CHEMBL184448,Oc1ccc(-c2cc3cc(O)cc(Cl)c3o2)cc1,CHEMBL206
CHEMBL365290,Cc1cc(O)cc2cc(-c3ccc(O)cc3)oc12,CHEMBL206
CHEMBL185126,Cc1cc(O)cc2cc(-c3ccc(O)c(F)c3)oc12,CHEMBL206
CHEMBL360385,N#CCc1cc(O)c(Br)c2cc(-c3ccc(O)cc3)oc12,CHEMBL206
CHEMBL183889,CC(=O)c1cc(O)cc2cc(-c3ccc(O)cc3)oc12,CHEMBL206
CHEMBL360338,CCC(=O)c1cc(O)cc2cc(-c3ccc(O)cc3)oc12,CHEMBL206
CHEMBL364419,O=Cc1cc(O)cc2cc(-c3ccc(O)cc3)oc12,CHEMBL206
CHEMBL363498,N#Cc1cc(O)cc2cc(-c3ccc(O)cc3)oc12,CHEMBL206
CHEMBL185012,N#Cc1cc(O)cc2cc(-c3ccc(O)c(F)c3)oc12,CHEMBL206
CHEMBL135,C[C@]12CC[C@@H]3c4ccc(O)cc4CC[C@H]3[C@@H]1CC[C@@H]2O,CHEMBL206
CHEMBL407672,C#C[C@]1(O)CC[C@H]2[C@@H]3CCC4=CC(=O)CCC4=C3[C@@H](c3ccc(N(C)CCOC4CC[C@@]5(C)[C@@H](C4)C[C@@H](O)[C@@H]4[C@@H]5C[C@H](O)[C@]5(C)[C@@H]([C@H](C)CCC(=O)NCCS(=O)(=O)O)CC[C@@H]45)cc3)C[C@@]21C,CHEMBL206
CHEMBL364368,C#C[C@]1(O)CC[C@H]2[C@@H]3CCC4=CC(=O)CCC4=C3[C@@H](c3ccc(N(C)C(C)=O)cc3)C[C@@]21C,CHEMBL206
CHEMBL436859,C#C[C@]1(O)CC[C@H]2[C@@H]3CCC4=CC(=O)CCC4=C3[C@@H](c3ccc(N(C)C(=O)CC[C@H](NC(=O)CC[C@@H](C)[C@H]4CC[C@H]5[C@@H]6[C@H](O)C[C@@H]7C[C@H](O)CC[C@]7(C)[C@H]6C[C@H](O)[C@]45C)C(=O)O)cc3)C[C@@]21C,CHEMBL206
CHEMBL411185,C#C[C@]1(O)CC[C@H]2[C@@H]3CCC4=CC(=O)CCC4=C3[C@@H](c3ccc(N(C)C(=O)CNC(=O)OC4CC[C@@]5(C)[C@@H](C4)C[C@@H](O)[C@@H]4[C@@H]5C[C@H](O)[C@]5(C)[C@@H]([C@H](C)CCC(=O)O)CC[C@@H]45)cc3)C[C@@]21C,CHEMBL206
CHEMBL427568,C#C[C@]1(O)CC[C@H]2[C@@H]3CCC4=CC(=O)CCC4=C3[C@@H](c3ccc(N(C)CCOC4CC[C@@]5(C)[C@@H](C4)C[C@@H](O)[C@@H]4[C@@H]5C[C@H](O)[C@]5(C)[C@@H]([C@H](C)CCC(=O)O)CC[C@@H]45)cc3)C[C@@]21C,CHEMBL206
CHEMBL427568,C#C[C@]1(O)CC[C@H]2[C@@H]3CCC4=CC(=O)CCC4=C3[C@@H](c3ccc(N(C)CCOC4CC[C@@]5(C)[C@@H](C4)C[C@@H](O)[C@@H]4[C@@H]5C[C@H](O)[C@]5(C)[C@@H]([C@H](C)CCC(=O)O)CC[C@@H]45)cc3)C[C@@]21C,CHEMBL206
CHEMBL408376,C#C[C@]1(O)CC[C@H]2[C@@H]3CCC4=CC(=O)CCC4=C3[C@@H](c3ccc(N(C)CCCC(=O)N(C)C4CC[C@@]5(C)[C@@H](C4)C[C@@H](O)[C@@H]4[C@@H]5C[C@H](O)[C@]5(C)[C@@H]([C@H](C)CCC(=O)O)CC[C@@H]45)cc3)C[C@@]21C,CHEMBL206
CHEMBL384975,C#C[C@]1(O)CC[C@H]2[C@@H]3CCC4=CC(=O)CCC4=C3[C@@H](c3ccc(N(C)CCNC(=O)N(C)C4CC[C@@]5(C)[C@@H](C4)C[C@@H](O)[C@@H]4[C@@H]5C[C@H](O)[C@]5(C)[C@@H]([C@H](C)CCC(=O)O)CC[C@@H]45)cc3)C[C@@]21C,CHEMBL206
CHEMBL406027,C#C[C@]1(O)CC[C@H]2[C@@H]3CCC4=CC(=O)CCC4=C3[C@@H](c3ccc(N(C)CCCS(=O)(=O)N(C)C4CC[C@@]5(C)[C@@H](C4)C[C@@H](O)[C@@H]4[C@@H]5C[C@H](O)[C@]5(C)[C@@H]([C@H](C)CCC(=O)O)CC[C@@H]45)cc3)C[C@@]21C,CHEMBL206
CHEMBL415621,C#C[C@]1(O)CC[C@H]2[C@@H]3CCC4=CC(=O)CCC4=C3[C@@H](c3ccc(N(C)CCCOC4CC[C@@]5(C)[C@@H](C4)C[C@@H](O)[C@@H]4[C@@H]5C[C@H](O)[C@]5(C)[C@@H]([C@H](C)CCC(=O)O)CC[C@@H]45)cc3)C[C@@]21C,CHEMBL206
CHEMBL2096708,C#C[C@]1(O)CC[C@H]2[C@@H]3CCC4=CC(=O)CCC4=C3[C@@H](c3ccc(N(C)CCOCCO[C@H]4CC[C@@]5(C)[C@@H](C4)C[C@@H](O)[C@@H]4[C@@H]5C[C@H](O)[C@]5(C)[C@@H]([C@H](C)CCC(=O)O)CC[C@@H]45)cc3)C[C@@]21C,CHEMBL206
CHEMBL440251,C#C[C@]1(O)CC[C@H]2[C@@H]3CCC4=CC(=O)CCC4=C3[C@@H](c3ccc(N(C)CCC[C@H]4[C@H](O)CC[C@@]5(C)[C@@H]4C[C@@H](O)[C@@H]4[C@@H]5C[C@H](O)[C@]5(C)[C@@H]([C@H](C)CCC(=O)O)CC[C@@H]45)cc3)C[C@@]21C,CHEMBL206
CHEMBL263942,C#C[C@]1(O)CC[C@H]2[C@@H]3CCC4=CC(=O)CCC4=C3[C@@H](c3ccc(N(C)C(=O)CNC(=O)O[C@@H]4C[C@@H]5CC(O)CC[C@]5(C)[C@H]5C[C@H](O)[C@]6(C)[C@@H]([C@H](C)CCC(=O)O)CC[C@H]6[C@H]45)cc3)C[C@@]21C,CHEMBL206
CHEMBL187087,Oc1ccc(-c2nc3ccc(O)cc3o2)c(O)c1,CHEMBL206
CHEMBL188391,Oc1ccc(-c2nc3cc(O)ccc3o2)c(Cl)c1,CHEMBL206
CHEMBL189287,Oc1ccc(-c2nc3cc(O)ccc3o2)c(O)c1,CHEMBL206
CHEMBL367588,Oc1ccc(-c2cc3cc(O)ccc3o2)cc1,CHEMBL206
CHEMBL188528,Oc1ccc(-c2nc3cc(O)cc(Br)c3o2)cc1,CHEMBL206
CHEMBL187207,Oc1cc(Br)c2oc(-c3ccc(O)c(F)c3)nc2c1,CHEMBL206
CHEMBL187915,Oc1ccc(-c2nc3cc(O)cc(Br)c3o2)c(F)c1,CHEMBL206
CHEMBL187311,Cc1cc(O)ccc1-c1nc2cc(O)cc(Br)c2o1,CHEMBL206
CHEMBL189658,N#Cc1cc(O)cc2nc(-c3ccc(O)cc3F)oc12,CHEMBL206
CHEMBL189356,C=CCc1cc(O)cc2nc(-c3ccc(O)cc3F)oc12,CHEMBL206
CHEMBL361272,Oc1ccc(-c2nc3cc(O)cc(/C=C\Br)c3o2)c(F)c1,CHEMBL206
CHEMBL188846,C=Cc1cc(O)cc2nc(-c3ccc(O)cc3F)oc12,CHEMBL206
CHEMBL188517,C=Cc1cc(O)cc2nc(-c3c(F)cc(O)cc3F)oc12,CHEMBL206
CHEMBL360410,Oc1ccc(-c2noc3cc(O)ccc23)c(O)c1,CHEMBL206
CHEMBL360651,Oc1ccc2c(-c3ccc(O)c(Cl)c3)noc2c1,CHEMBL206
CHEMBL185890,N#Cc1cc(O)ccc1-c1noc2cc(O)ccc12,CHEMBL206
CHEMBL189080,Oc1ccc2c(-c3ccc(O)c(Br)c3)noc2c1,CHEMBL206
CHEMBL188189,Oc1ccc2c(-c3ccc(O)c(F)c3)noc2c1,CHEMBL206
CHEMBL435090,CCCc1cc(O)ccc1-c1noc2cc(O)ccc12,CHEMBL206
CHEMBL360189,CCCc1cc(-c2noc3cc(O)ccc23)ccc1O,CHEMBL206
CHEMBL361078,Oc1ccc2c(-c3cc(Br)c(O)cc3O)noc2c1,CHEMBL206
CHEMBL362307,Oc1ccc2c(-c3cc(Cl)c(O)cc3O)noc2c1,CHEMBL206
CHEMBL186597,Cc1cc(-c2noc3cc(O)ccc23)c(O)cc1O,CHEMBL206
CHEMBL186598,CCCc1cc(-c2noc3cc(O)ccc23)c(CC)cc1O,CHEMBL206
CHEMBL189200,CCCc1cc(-c2noc3cc(O)ccc23)c(CCC)cc1O,CHEMBL206
CHEMBL135,C[C@]12CC[C@@H]3c4ccc(O)cc4CC[C@H]3[C@@H]1CC[C@@H]2O,CHEMBL206
CHEMBL187105,Oc1ccc2cc(-c3noc4cc(O)ccc34)ccc2c1,CHEMBL206
CHEMBL187219,Oc1ccc2c(-c3ccc4c(O)cccc4c3)noc2c1,CHEMBL206
CHEMBL187393,Oc1ccc2c(-c3noc4cc(O)ccc34)cccc2c1,CHEMBL206
CHEMBL188051,Oc1ccc2c(-c3cccc4c(O)cccc34)noc2c1,CHEMBL206
CHEMBL185918,Oc1ccc2nc(-c3cccc4c(O)cccc34)oc2c1,CHEMBL206
CHEMBL189077,Oc1ccc2c(-c3nc4ccc(O)cc4o3)cccc2c1,CHEMBL206
CHEMBL183367,Oc1ccc2c(-c3nc4cc(O)ccc4o3)cccc2c1,CHEMBL206
CHEMBL183368,Cc1cc(O)c2cccc(-c3nc4ccc(O)cc4o3)c2c1,CHEMBL206
CHEMBL135,C[C@]12CC[C@@H]3c4ccc(O)cc4CC[C@H]3[C@@H]1CC[C@@H]2O,CHEMBL206
CHEMBL190467,O=C1C(c2ccc(O)cc2)=C(Br)c2ccc(O)cc21,CHEMBL206
CHEMBL371777,CC1=C(c2ccc(O)cc2)C(=O)c2cc(O)ccc21,CHEMBL206
CHEMBL191841,CSC1=C(c2ccc(O)cc2)C(=O)c2cc(O)ccc21,CHEMBL206
CHEMBL193108,CCSC1=C(c2ccc(O)cc2)C(=O)c2cc(O)ccc21,CHEMBL206
CHEMBL192586,O=C1C(c2ccc(O)cc2)=C(c2ccccc2)c2ccc(O)cc21,CHEMBL206
CHEMBL192587,COc1cc(O)cc2c1C(Br)=C(c1ccc(O)cc1)C2=O,CHEMBL206
CHEMBL190038,CSC1=C(c2ccc(O)cc2)C(=O)c2cc(O)cc(O)c21,CHEMBL206
CHEMBL190682,O=C1C(c2ccc(O)cc2)=C(c2ccccc2)c2c(O)cc(O)cc21,CHEMBL206
CHEMBL363872,O=C1C(c2ccc(O)cc2)=C(Br)c2cc(O)ccc21,CHEMBL206
CHEMBL370037,CC1=C(c2ccc(O)cc2)C(=O)c2ccc(O)cc21,CHEMBL206
CHEMBL192765,CSC1=C(c2ccc(O)cc2)C(=O)c2ccc(O)cc21,CHEMBL206
CHEMBL373095,O=C1C(c2ccc(O)cc2)=C(c2ccccc2)c2cc(O)ccc21,CHEMBL206
CHEMBL371788,CC1=C(c2ccc(O)cc2)C(=O)c2c(O)cc(O)cc21,CHEMBL206
CHEMBL191836,O=C1C(c2ccc(O)cc2)=C(c2ccccc2)c2cc(O)cc(O)c21,CHEMBL206
CHEMBL30707,O=c1oc2cc(O)ccc2c2oc3cc(O)ccc3c12,CHEMBL206
CHEMBL30707,O=c1oc2cc(O)ccc2c2oc3cc(O)ccc3c12,CHEMBL206
CHEMBL193518,O=c1oc2cc(O)ccc2c(Cc2ccccc2)c1-c1ccc(Cl)cc1,CHEMBL206
CHEMBL193518,O=c1oc2cc(O)ccc2c(Cc2ccccc2)c1-c1ccc(Cl)cc1,CHEMBL206
CHEMBL447837,Oc1ccc(-c2ccc3c(Cl)c(O)ccc3c2)c(F)c1,CHEMBL206
CHEMBL195289,Oc1ccc2cc(-c3cc(F)c(O)cc3F)ccc2c1,CHEMBL206
CHEMBL363177,Oc1cc(F)c(-c2ccc3c(Cl)c(O)ccc3c2)cc1F,CHEMBL206
CHEMBL192621,Oc1cc(F)c(-c2ccc3cc(O)ccc3c2)c(F)c1,CHEMBL206
CHEMBL192260,Oc1cc(F)c(-c2ccc3c(Cl)c(O)ccc3c2)c(F)c1,CHEMBL206
CHEMBL195311,Oc1ccc(-c2ccc3cc(O)ccc3c2)c(Cl)c1,CHEMBL206
CHEMBL191710,Oc1ccc(-c2ccc3c(Cl)c(O)ccc3c2)c(Cl)c1,CHEMBL206
CHEMBL427180,COc1cc(O)ccc1-c1ccc2cc(O)ccc2c1,CHEMBL206
CHEMBL195389,Cc1cc(O)ccc1-c1ccc2cc(O)ccc2c1,CHEMBL206
CHEMBL191300,Cc1cc(O)ccc1-c1ccc2c(Cl)c(O)ccc2c1,CHEMBL206
CHEMBL193727,Oc1ccc2cc(-c3ccc(O)c(F)c3)ccc2c1,CHEMBL206
CHEMBL191808,Oc1ccc(-c2ccc3c(Cl)c(O)ccc3c2)cc1F,CHEMBL206
CHEMBL365999,Oc1ccc2cc(-c3ccc(O)c(Cl)c3)ccc2c1,CHEMBL206
CHEMBL191716,Oc1ccc2cc(-c3cc(F)c(O)c(F)c3)ccc2c1,CHEMBL206
CHEMBL192386,Oc1ccc(-c2cc(F)c3cc(O)ccc3c2)cc1,CHEMBL206
CHEMBL363425,Oc1ccc2cc(-c3ccc(O)c(F)c3)cc(F)c2c1,CHEMBL206
CHEMBL193146,Oc1ccc(-c2cc(F)c3c(Cl)c(O)ccc3c2)cc1,CHEMBL206
CHEMBL191901,Oc1ccc(-c2cc(F)c3c(Cl)c(O)ccc3c2)cc1F,CHEMBL206
CHEMBL363367,Oc1ccc(-c2cc(Cl)c3cc(O)ccc3c2)cc1,CHEMBL206
CHEMBL192876,Oc1ccc(-c2cc(Cl)c3c(Cl)c(O)ccc3c2)cc1,CHEMBL206
CHEMBL371624,N#Cc1cc(-c2ccc(O)cc2)cc2ccc(O)cc12,CHEMBL206
CHEMBL192154,N#Cc1cc(-c2ccc(O)c(F)c2)cc2ccc(O)cc12,CHEMBL206
CHEMBL362966,N#Cc1cc(-c2ccc(O)cc2)cc2ccc(O)c(Br)c12,CHEMBL206
CHEMBL195807,N#Cc1cc(-c2ccc(O)cc2)cc2ccc(O)c(Cl)c12,CHEMBL206
CHEMBL191238,N#Cc1cc(-c2ccc(O)c(F)c2)cc2ccc(O)c(Cl)c12,CHEMBL206
CHEMBL195280,N#Cc1cc(-c2ccc(O)c(F)c2)cc2ccc(O)c(F)c12,CHEMBL206
CHEMBL365941,O=Cc1cc(-c2ccc(O)c(F)c2)cc2ccc(O)cc12,CHEMBL206
CHEMBL195290,C=Cc1cc(-c2ccc(O)c(F)c2)cc2ccc(O)cc12,CHEMBL206
CHEMBL193064,CCc1cc(-c2ccc(O)c(F)c2)cc2ccc(O)cc12,CHEMBL206
CHEMBL192016,C#Cc1cc(-c2ccc(O)c(F)c2)cc2ccc(O)cc12,CHEMBL206
CHEMBL363634,N#Cc1cc(-c2ccc(O)cc2F)cc2ccc(O)cc12,CHEMBL206
CHEMBL194326,N#Cc1cc(-c2cc(F)c(O)cc2F)cc2ccc(O)cc12,CHEMBL206
CHEMBL426641,N#Cc1cc(-c2c(F)cc(O)cc2F)cc2ccc(O)cc12,CHEMBL206
CHEMBL194762,N#Cc1cc(O)cc2ccc(-c3ccc(O)cc3)cc12,CHEMBL206
CHEMBL192000,N#Cc1cc(O)cc2ccc(-c3ccc(O)c(F)c3)cc12,CHEMBL206
CHEMBL195039,N#Cc1cc(O)c(Br)c2ccc(-c3ccc(O)c(F)c3)cc12,CHEMBL206
CHEMBL192218,N#Cc1cc(O)c(Cl)c2ccc(-c3ccc(O)cc3)cc12,CHEMBL206
CHEMBL192390,N#Cc1cc(O)c(Cl)c2ccc(-c3ccc(O)c(F)c3)cc12,CHEMBL206
CHEMBL191759,C#Cc1cc(O)cc2ccc(-c3ccc(O)c(F)c3)cc12,CHEMBL206
CHEMBL192849,CC#Cc1cc(O)cc2ccc(-c3ccc(O)c(F)c3)cc12,CHEMBL206
CHEMBL192901,O=Cc1cc(O)cc2ccc(-c3ccc(O)c(F)c3)cc12,CHEMBL206
CHEMBL195208,CCc1cc(O)cc2ccc(-c3ccc(O)c(F)c3)cc12,CHEMBL206
CHEMBL135,C[C@]12CC[C@@H]3c4ccc(O)cc4CC[C@H]3[C@@H]1CC[C@@H]2O,CHEMBL206
CHEMBL191974,Oc1ccc(-c2ccc3cc(O)ccc3c2)cc1,CHEMBL206
CHEMBL193726,Oc1ccc(-c2ccc3c(O)cccc3c2)cc1,CHEMBL206
CHEMBL195217,Oc1cccc(-c2ccc3cc(O)ccc3c2)c1,CHEMBL206
CHEMBL364092,Oc1ccc(-c2ccc3c(Cl)c(O)ccc3c2)cc1,CHEMBL206
CHEMBL194936,Oc1ccc(-c2ccc3c(Br)c(O)ccc3c2)cc1,CHEMBL206
CHEMBL192782,Oc1ccc(-c2ccc3c(F)c(O)ccc3c2)cc1,CHEMBL206
CHEMBL372030,Cc1c(O)ccc2cc(-c3ccc(O)cc3)ccc12,CHEMBL206
CHEMBL195878,Oc1ccc(-c2ccc3cc(O)ccc3c2)c(F)c1,CHEMBL206
CHEMBL192539,CCC1=N[C@H](c2ccc(OCCN3CCCCC3)cc2)[C@H](c2ccc(O)cc2)N1,CHEMBL206
CHEMBL195212,Oc1ccc2c(c1)CCN(c1ccccc1)C2c1ccc(N2CCN3CCCCC3C2)cc1,CHEMBL206
CHEMBL195212,Oc1ccc2c(c1)CCN(c1ccccc1)C2c1ccc(N2CCN3CCCCC3C2)cc1,CHEMBL206
CHEMBL365779,Oc1cc(Cl)c([C@@H]2N=CN[C@@H]2c2ccc(OCCN3CCCCC3)cc2Cl)c(Cl)c1,CHEMBL206
CHEMBL195465,CC1CN(c2ccc(C3c4ccc(O)cc4CCN3c3ccccc3)cc2)CCN1C,CHEMBL206
CHEMBL195465,CC1CN(c2ccc(C3c4ccc(O)cc4CCN3c3ccccc3)cc2)CCN1C,CHEMBL206
CHEMBL195216,CCN1CCN(c2ccc(C3c4ccc(O)cc4CCN3c3ccccc3)cc2)CC1C,CHEMBL206
CHEMBL195216,CCN1CCN(c2ccc(C3c4ccc(O)cc4CCN3c3ccccc3)cc2)CC1C,CHEMBL206
CHEMBL192055,CCC1CN(c2ccc(C3c4ccc(O)cc4CCN3c3ccccc3)cc2)CCN1C,CHEMBL206
CHEMBL427533,CN1CCN(c2ccc(C3c4ccc(O)cc4CCN3c3ccccc3)cc2)CC1,CHEMBL206
CHEMBL427533,CN1CCN(c2ccc(C3c4ccc(O)cc4CCN3c3ccccc3)cc2)CC1,CHEMBL206
CHEMBL426461,CN1CCC(c2ccc(C3c4ccc(O)cc4CCN3c3ccccc3)cc2)CC1,CHEMBL206
CHEMBL426461,CN1CCC(c2ccc(C3c4ccc(O)cc4CCN3c3ccccc3)cc2)CC1,CHEMBL206
CHEMBL192187,CN1CCC(c2ccc(C3c4ccc(O)cc4CCN3c3ccc(F)cc3)cc2)CC1,CHEMBL206
CHEMBL192187,CN1CCC(c2ccc(C3c4ccc(O)cc4CCN3c3ccc(F)cc3)cc2)CC1,CHEMBL206
CHEMBL372011,CN1CCC(c2ccc(C3c4ccc(O)cc4CCN3c3cccc(F)c3)cc2)CC1,CHEMBL206
CHEMBL372011,CN1CCC(c2ccc(C3c4ccc(O)cc4CCN3c3cccc(F)c3)cc2)CC1,CHEMBL206
CHEMBL372029,CN1CCC(c2ccc(C3c4ccc(O)cc4CCN3c3cccc(O)c3)cc2)CC1,CHEMBL206
CHEMBL372029,CN1CCC(c2ccc(C3c4ccc(O)cc4CCN3c3cccc(O)c3)cc2)CC1,CHEMBL206
CHEMBL194334,CN1CCN(c2ccc(C3c4ccc(O)cc4CCN3c3cccc(O)c3)cc2)CC1,CHEMBL206
CHEMBL194334,CN1CCN(c2ccc(C3c4ccc(O)cc4CCN3c3cccc(O)c3)cc2)CC1,CHEMBL206
CHEMBL364492,CC(C)N1CCN(c2ccc(C3c4ccc(O)cc4CCN3c3cccc(O)c3)cc2)CC1,CHEMBL206
CHEMBL364492,CC(C)N1CCN(c2ccc(C3c4ccc(O)cc4CCN3c3cccc(O)c3)cc2)CC1,CHEMBL206
CHEMBL195118,CC(C)CN1CCN(c2ccc(C3c4ccc(O)cc4CCN3c3cccc(O)c3)cc2)CC1,CHEMBL206
CHEMBL195118,CC(C)CN1CCN(c2ccc(C3c4ccc(O)cc4CCN3c3cccc(O)c3)cc2)CC1,CHEMBL206
CHEMBL191711,Oc1cccc(N2CCc3cc(O)ccc3C2c2ccc(N3CCN(CC4CC4)CC3)cc2)c1,CHEMBL206
CHEMBL195466,Oc1cccc(N2CCc3cc(O)ccc3C2c2ccc(N3CCN(C4CCCC4)CC3)cc2)c1,CHEMBL206
CHEMBL195466,Oc1cccc(N2CCc3cc(O)ccc3C2c2ccc(N3CCN(C4CCCC4)CC3)cc2)c1,CHEMBL206
CHEMBL191646,Oc1cccc(N2CCc3cc(O)ccc3C2c2ccc(N3CCN(C4CCCCC4)CC3)cc2)c1,CHEMBL206
CHEMBL191646,Oc1cccc(N2CCc3cc(O)ccc3C2c2ccc(N3CCN(C4CCCCC4)CC3)cc2)c1,CHEMBL206
CHEMBL103650,Oc1ccc2c(c1)CCN(c1ccccc1)C2c1ccc(F)cc1,CHEMBL206
CHEMBL101382,Oc1ccc2c(c1)CCN(c1ccccc1)C2c1ccc(OCCN2CCCCC2)cc1,CHEMBL206
CHEMBL101382,Oc1ccc2c(c1)CCN(c1ccccc1)C2c1ccc(OCCN2CCCCC2)cc1,CHEMBL206
CHEMBL135,C[C@]12CC[C@@H]3c4ccc(O)cc4CC[C@H]3[C@@H]1CC[C@@H]2O,CHEMBL206
CHEMBL328190,Oc1ccc2c(c1)CC[C@H](c1ccccc1)[C@@H]2c1ccc(OCCN2CCCC2)cc1,CHEMBL206
CHEMBL328190,Oc1ccc2c(c1)CC[C@H](c1ccccc1)[C@@H]2c1ccc(OCCN2CCCC2)cc1,CHEMBL206
CHEMBL81,O=C(c1ccc(OCCN2CCCCC2)cc1)c1c(-c2ccc(O)cc2)sc2cc(O)ccc12,CHEMBL206
CHEMBL81,O=C(c1ccc(OCCN2CCCCC2)cc1)c1c(-c2ccc(O)cc2)sc2cc(O)ccc12,CHEMBL206
CHEMBL370492,CCc1nc2cc(O)ccc2c(Oc2ccc(/C=C/C(=O)O)cc2)c1-c1ccccc1,CHEMBL206
CHEMBL363630,CCc1nc2cc(O)ccc2c(Oc2ccc(/C=C/C(N)=O)cc2)c1-c1ccccc1,CHEMBL206
CHEMBL370750,CCc1nc2cc(O)ccc2c(Oc2ccc(/C=C/C(=O)NC(C)C)cc2)c1-c1ccccc1,CHEMBL206
CHEMBL194774,CCc1nc2cc(O)ccc2c(Oc2ccc(/C=C/C(=O)N(C)C)cc2)c1-c1ccccc1,CHEMBL206
CHEMBL193865,CCc1nc2cc(O)ccc2c(Oc2ccc(/C=C/C(=O)N3CCCCC3)cc2)c1-c1ccccc1,CHEMBL206
CHEMBL192025,CCc1nc2cc(O)ccc2c(Oc2ccc(/C=C/C(=O)O)cc2)c1-c1cccc(C(F)(F)F)c1,CHEMBL206
CHEMBL195080,CCc1nc2cc(O)ccc2c(Oc2ccc(OCCN(C)C)cc2)c1-c1ccccc1,CHEMBL206
CHEMBL135,C[C@]12CC[C@@H]3c4ccc(O)cc4CC[C@H]3[C@@H]1CC[C@@H]2O,CHEMBL206
CHEMBL195515,CC/C(=C(\c1ccc(O)cc1)c1ccc(/C=C/C(=O)O)cc1)c1ccccc1,CHEMBL206
CHEMBL2137046,CCC(=C(c1ccc(O)cc1)c1ccc(OCCN(C)C)cc1)c1ccccc1,CHEMBL206
CHEMBL195371,Oc1ccc2c(c1)sc1c3ccccc3n(Cc3ccc(OCCN4CCCCCC4)cc3)c21,CHEMBL206
CHEMBL264216,Oc1ccc2c(c1)sc1c3cc(O)ccc3n(Cc3ccc(OCCN4CCCCCC4)cc3)c21,CHEMBL206
CHEMBL196283,CN(C)CCOc1ccc(Cn2c3ccccc3c3sc4cc(O)ccc4c32)cc1,CHEMBL206
CHEMBL371072,CN(C)CCOc1ccc(Cn2c3ccc(O)cc3c3sc4cc(O)ccc4c32)cc1,CHEMBL206
CHEMBL195991,CCN(CC)CCOc1ccc(Cn2c3ccccc3c3sc4cc(O)ccc4c32)cc1,CHEMBL206
CHEMBL382734,CCN(CC)CCOc1ccc(Cn2c3ccc(O)cc3c3sc4cc(O)ccc4c32)cc1,CHEMBL206
CHEMBL196836,Oc1ccc2c(c1)sc1c3ccccc3n(Cc3ccc(OCCN4CCOCC4)cc3)c21,CHEMBL206
CHEMBL370282,Oc1ccc2c(c1)sc1c3cc(O)ccc3n(Cc3ccc(OCCN4CCOCC4)cc3)c21,CHEMBL206
CHEMBL81,O=C(c1ccc(OCCN2CCCCC2)cc1)c1c(-c2ccc(O)cc2)sc2cc(O)ccc12,CHEMBL206
CHEMBL363412,Oc1ccc2c(c1)sc1c3ccccc3n(Cc3ccc(OCCN4CCCCC4)cc3)c21,CHEMBL206
CHEMBL196131,Oc1ccc2c(c1)sc1c3cc(O)ccc3n(Cc3ccc(OCCN4CCCCC4)cc3)c21,CHEMBL206
CHEMBL371308,Oc1ccc2c(c1)sc1c3ccccc3n(Cc3ccc(OCCN4CCCC4)cc3)c21,CHEMBL206
CHEMBL370849,Oc1ccc2c(c1)sc1c3cc(O)ccc3n(Cc3ccc(OCCN4CCCC4)cc3)c21,CHEMBL206
CHEMBL306878,CCC1=C(c2ccc(O)cc2)C(CC)c2cc(O)ccc21,CHEMBL206
CHEMBL69408,CCC1=C(c2ccc(O)cc2)Cc2cc(O)ccc21,CHEMBL206
CHEMBL370609,CCC1=C(c2ccc(O)cc2)C(C(=O)O)c2cc(O)ccc21,CHEMBL206
CHEMBL383372,CCC1=C(c2ccc(O)cc2)C(C(=O)Nc2ccc(OCCN3CCCCC3)cc2)c2cc(O)ccc21,CHEMBL206
CHEMBL383372,CCC1=C(c2ccc(O)cc2)C(C(=O)Nc2ccc(OCCN3CCCCC3)cc2)c2cc(O)ccc21,CHEMBL206
CHEMBL371192,CCC1=C(c2ccc(O)cc2)C(C(=O)Nc2ccc(OCCN(C)C)cc2)c2cc(O)ccc21,CHEMBL206
CHEMBL48352,Oc1ccc(C2=C(c3ccccc3)c3ccc(O)cc3C2)cc1,CHEMBL206
CHEMBL26865,Oc1ccc(C2=C(c3ccc(O)cc3)c3ccc(O)cc3C2)cc1,CHEMBL206
CHEMBL26865,Oc1ccc(C2=C(c3ccc(O)cc3)c3ccc(O)cc3C2)cc1,CHEMBL206
CHEMBL381645,Oc1ccc(C2=C(c3ccc(OCCN4CCCCC4)cc3)c3ccc(O)cc3C2)cc1,CHEMBL206
CHEMBL371236,Oc1ccc(C2=C(c3ccc(F)cc3)c3ccc(O)cc3C2)cc1,CHEMBL206
CHEMBL364442,Oc1ccc(C2=C(c3ccc(Cl)cc3)c3ccc(O)cc3C2)cc1,CHEMBL206
CHEMBL364442,Oc1ccc(C2=C(c3ccc(Cl)cc3)c3ccc(O)cc3C2)cc1,CHEMBL206
CHEMBL197188,Cc1ccc(C2=C(c3ccc(O)cc3)Cc3cc(O)ccc32)cc1,CHEMBL206
CHEMBL197080,Oc1ccc(C2=C(c3ccc(C(F)(F)F)cc3)c3ccc(O)cc3C2)cc1,CHEMBL206
CHEMBL197080,Oc1ccc(C2=C(c3ccc(C(F)(F)F)cc3)c3ccc(O)cc3C2)cc1,CHEMBL206
CHEMBL380565,Nc1ccc(C2=C(c3ccc(O)cc3)Cc3cc(O)ccc32)cc1,CHEMBL206
CHEMBL380565,Nc1ccc(C2=C(c3ccc(O)cc3)Cc3cc(O)ccc32)cc1,CHEMBL206
CHEMBL372526,Oc1ccc(C2=C(c3ccc(CBr)cc3)c3ccc(O)cc3C2)cc1,CHEMBL206
CHEMBL372526,Oc1ccc(C2=C(c3ccc(CBr)cc3)c3ccc(O)cc3C2)cc1,CHEMBL206
CHEMBL198499,NC(=O)c1ccc(C2=C(c3ccc(O)cc3)Cc3cc(O)ccc32)cc1,CHEMBL206
CHEMBL370403,CC(=O)c1ccc(C2=C(c3ccc(O)cc3)Cc3cc(O)ccc32)cc1,CHEMBL206
CHEMBL199140,Oc1ccc(C2=C(Cc3ccccc3)c3ccc(O)cc3C2)cc1,CHEMBL206
CHEMBL135,C[C@]12CC[C@@H]3c4ccc(O)cc4CC[C@H]3[C@@H]1CC[C@@H]2O,CHEMBL206
CHEMBL2137046,CCC(=C(c1ccc(O)cc1)c1ccc(OCCN(C)C)cc1)c1ccccc1,CHEMBL206
CHEMBL2137046,CCC(=C(c1ccc(O)cc1)c1ccc(OCCN(C)C)cc1)c1ccccc1,CHEMBL206
CHEMBL81,O=C(c1ccc(OCCN2CCCCC2)cc1)c1c(-c2ccc(O)cc2)sc2cc(O)ccc12,CHEMBL206
CHEMBL135,C[C@]12CC[C@@H]3c4ccc(O)cc4CC[C@H]3[C@@H]1CC[C@@H]2O,CHEMBL206
CHEMBL191974,Oc1ccc(-c2ccc3cc(O)ccc3c2)cc1,CHEMBL206
CHEMBL372783,Oc1ccc(-c2cc(Cl)c3cc(O)ccc3n2)cc1,CHEMBL206
CHEMBL198410,Oc1ccc2nc(-c3ccc(O)c(F)c3)cc(Cl)c2c1,CHEMBL206
CHEMBL198411,Oc1ccc(-c2cc(Br)c3cc(O)ccc3n2)cc1,CHEMBL206
CHEMBL194265,Oc1ccc2nc(-c3ccc(O)c(F)c3)cc(Br)c2c1,CHEMBL206
CHEMBL362623,Oc1ccc([C@H]2Sc3cc(O)ccc3O[C@H]2c2ccc(OCCN3CCCC3)cc2)cc1,CHEMBL206
CHEMBL183584,C[C@@H]1CCN(CCOc2ccc([C@@H]3Oc4ccc(O)cc4S[C@@H]3c3ccc(O)cc3)cc2)C1,CHEMBL206
CHEMBL180300,C[C@@H](COc1ccc([C@@H]2Oc3ccc(O)cc3S[C@@H]2c2ccc(O)cc2)cc1)N1CCCC1,CHEMBL206
CHEMBL182402,C[C@@H]1CCN([C@@H](C)COc2ccc([C@@H]3Oc4ccc(O)cc4S[C@@H]3c3ccc(O)cc3)cc2)C1,CHEMBL206
CHEMBL81,O=C(c1ccc(OCCN2CCCCC2)cc1)c1c(-c2ccc(O)cc2)sc2cc(O)ccc12,CHEMBL206
CHEMBL372337,C[C@@H]1CCN(CCOc2ccc(C(=O)c3c(-c4ccc(O)cc4)sc4cc(O)ccc34)cc2)C1,CHEMBL206
CHEMBL198803,C[C@@H](COc1ccc(C(=O)c2c(-c3ccc(O)cc3)sc3cc(O)ccc23)cc1)N1CCCC1,CHEMBL206
CHEMBL46740,Cc1c(-c2ccc(O)cc2)n(Cc2ccc(OCCN3CCCCCC3)cc2)c2ccc(O)cc12,CHEMBL206
CHEMBL198914,Cc1c(-c2ccc(O)cc2)n(Cc2ccc(OCCN3CC[C@@H](C)C3)cc2)c2ccc(O)cc12,CHEMBL206
CHEMBL372808,Cc1c(-c2ccc(O)cc2)n(Cc2ccc(OC[C@H](C)N3CCCC3)cc2)c2ccc(O)cc12,CHEMBL206
CHEMBL328190,Oc1ccc2c(c1)CC[C@H](c1ccccc1)[C@@H]2c1ccc(OCCN2CCCC2)cc1,CHEMBL206
CHEMBL437695,C[C@@H]1CCN(CCOc2ccc([C@@H]3c4ccc(O)cc4CC[C@@H]3c3ccccc3)cc2)C1,CHEMBL206
CHEMBL197495,C[C@@H](COc1ccc([C@@H]2c3ccc(O)cc3CC[C@@H]2c2ccccc2)cc1)N1CCCC1,CHEMBL206
CHEMBL135,C[C@]12CC[C@@H]3c4ccc(O)cc4CC[C@H]3[C@@H]1CC[C@@H]2O,CHEMBL206
CHEMBL371012,Oc1ccc(-c2c(-c3ccccc3)[nH]c3ccccc23)cc1,CHEMBL206
CHEMBL200232,Oc1ccc(-c2[nH]c3ccccc3c2-c2ccc(O)cc2)cc1,CHEMBL206
CHEMBL200021,Oc1ccc(-c2noc(C(F)(F)F)c2-c2ccccc2)cc1,CHEMBL206
CHEMBL44,O=c1c(-c2ccc(O)cc2)coc2cc(O)cc(O)c12,CHEMBL206
CHEMBL135,C[C@]12CC[C@@H]3c4ccc(O)cc4CC[C@H]3[C@@H]1CC[C@@H]2O,CHEMBL206
CHEMBL200799,Oc1ccc(-c2[nH]c(C(F)(F)F)nc2-c2ccccc2)cc1,CHEMBL206
CHEMBL371012,Oc1ccc(-c2c(-c3ccccc3)[nH]c3ccccc23)cc1,CHEMBL206
CHEMBL535158,Cl.Oc1ccc2c3c(ccc2c1)-c1cc(F)cc(F)c1O[C@@H]3c1ccc(OCCN2CCCCC2)cc1,CHEMBL206
CHEMBL559366,Cl.Oc1ccc2c3c(ccc2c1)-c1cc(F)cc(F)c1O[C@H]3c1ccc(OCCN2CCCCC2)cc1,CHEMBL206
CHEMBL381566,C#C[C@]1(O)CCC2C3CC=C4C[C@@H](O)CC[C@]4(C=C)C3CC[C@@]21C,CHEMBL206
CHEMBL440283,C[C@]12CC[C@H]3[C@@H](CC=C4C[C@@H](O)CC[C@@]43C)[C@@H]1CC[C@@H]2O,CHEMBL206
CHEMBL135,C[C@]12CC[C@@H]3c4ccc(O)cc4CC[C@H]3[C@@H]1CC[C@@H]2O,CHEMBL206
CHEMBL135,C[C@]12CC[C@@H]3c4ccc(O)cc4CC[C@H]3[C@@H]1CC[C@@H]2O,CHEMBL206
CHEMBL381566,C#C[C@]1(O)CCC2C3CC=C4C[C@@H](O)CC[C@]4(C=C)C3CC[C@@]21C,CHEMBL206
CHEMBL440283,C[C@]12CC[C@H]3[C@@H](CC=C4C[C@@H](O)CC[C@@]43C)[C@@H]1CC[C@@H]2O,CHEMBL206
CHEMBL437065,C#C[C@]12CC[C@H](O)CC1=CCC1C2CC[C@@]2(C)C1CC[C@@H]2O,CHEMBL206
CHEMBL202415,C/C=C/[C@]12CC[C@H](O)CC1=CCC1C2CC[C@@]2(C)C1CC[C@@H]2O,CHEMBL206
CHEMBL2137046,CCC(=C(c1ccc(O)cc1)c1ccc(OCCN(C)C)cc1)c1ccccc1,CHEMBL206
CHEMBL383533,CN(C)CCOc1ccc(/C(=C(/CCCCO)c2ccccc2)c2ccc(O)cc2)cc1,CHEMBL206
CHEMBL201013,CN(C)CCOc1ccc(/C(=C(/CCCO)c2ccccc2)c2ccc(O)cc2)cc1,CHEMBL206
CHEMBL204376,CN(C)CCOc1ccc(/C(=C(/CCO)c2ccccc2)c2ccc(O)cc2)cc1,CHEMBL206
CHEMBL369935,CSCCC/C(=C(\c1ccc(O)cc1)c1ccc(OCCN(C)C)cc1)c1ccccc1,CHEMBL206
CHEMBL202615,CN(C)CCOc1ccc(/C(=C(/CCCN=[N+]=[N-])c2ccccc2)c2ccc(O)cc2)cc1,CHEMBL206
CHEMBL203472,CN(C)CCOc1ccc(/C(=C(/CCN=[N+]=[N-])c2ccccc2)c2ccc(O)cc2)cc1,CHEMBL206
CHEMBL204697,CN(C)CCOc1ccc(/C(=C(/CCCC#N)c2ccccc2)c2ccc(O)cc2)cc1,CHEMBL206
CHEMBL204970,CN(C)CCOc1ccc(/C(=C(/CCC#N)c2ccccc2)c2ccc(O)cc2)cc1,CHEMBL206
CHEMBL383112,CN(C)CCOc1ccc(/C(=C(/CCCCl)c2ccccc2)c2ccc(O)cc2)cc1,CHEMBL206
CHEMBL1402,CN(C)CCOc1ccc(/C(=C(/CCCl)c2ccccc2)c2ccc(O)cc2)cc1,CHEMBL206
CHEMBL202248,CCN(c1ccccc1Br)S(=O)(=O)c1ccc(O)cc1,CHEMBL206
CHEMBL205070,CCCN(c1ccccc1)S(=O)(=O)c1ccc(O)cc1,CHEMBL206
CHEMBL203402,CCN(c1ccc(O)cc1)S(=O)(=O)c1ccc(O)cc1,CHEMBL206
CHEMBL203810,CCCCN(c1ccccc1)S(=O)(=O)c1ccc(O)cc1,CHEMBL206
CHEMBL426849,C=CCN(c1ccccc1)S(=O)(=O)c1ccc(O)cc1,CHEMBL206
CHEMBL202155,CCCN(c1ccccc1Br)S(=O)(=O)c1ccc(O)c(C)c1,CHEMBL206
CHEMBL204434,CCCN(c1ccccc1-c1ccccc1)S(=O)(=O)c1ccc(O)c(C)c1,CHEMBL206
CHEMBL203565,CCCN(c1ccccc1F)S(=O)(=O)c1ccc(O)cc1,CHEMBL206
CHEMBL372997,CCCN(c1ccccc1Br)S(=O)(=O)c1ccc(O)c(C(F)(F)F)c1,CHEMBL206
CHEMBL202624,CCCN(c1ccccc1Br)S(=O)(=O)c1ccc(O)cc1,CHEMBL206
CHEMBL371637,CCCN(c1c(C)cccc1CC)S(=O)(=O)c1ccc(O)c(C)c1,CHEMBL206
CHEMBL201834,CCCN(c1c(C)cccc1C)S(=O)(=O)c1ccc(O)c(C)c1,CHEMBL206
CHEMBL202607,CCCN(c1c(Cl)cccc1Cl)S(=O)(=O)c1ccc(O)c(C)c1,CHEMBL206
CHEMBL202472,CCCN(c1c(CC)cccc1CC)S(=O)(=O)c1ccc(O)c(C)c1,CHEMBL206
CHEMBL202500,CCCN(c1c(C)cccc1Cl)S(=O)(=O)c1ccc(O)c(C)c1,CHEMBL206
CHEMBL383691,CCCN(c1c(C)cccc1Cl)S(=O)(=O)c1ccc(O)cc1,CHEMBL206
CHEMBL382598,CCCN(c1ccccc1C(F)(F)F)S(=O)(=O)c1ccc(O)cc1,CHEMBL206
CHEMBL204185,CCCN(c1ccccc1Cl)S(=O)(=O)c1ccc(O)c(C)c1,CHEMBL206
CHEMBL264655,CCCN(c1ccccc1Cl)S(=O)(=O)c1ccc(O)cc1,CHEMBL206
CHEMBL381976,CCCN(c1ccccc1C)S(=O)(=O)c1ccc(O)c(C)c1,CHEMBL206
CHEMBL203860,O=S(=O)(c1ccc(O)cc1)N(Cc1ccccc1)c1ccccc1,CHEMBL206
CHEMBL382598,CCCN(c1ccccc1C(F)(F)F)S(=O)(=O)c1ccc(O)cc1,CHEMBL206
CHEMBL203565,CCCN(c1ccccc1F)S(=O)(=O)c1ccc(O)cc1,CHEMBL206
CHEMBL202624,CCCN(c1ccccc1Br)S(=O)(=O)c1ccc(O)cc1,CHEMBL206
CHEMBL371637,CCCN(c1c(C)cccc1CC)S(=O)(=O)c1ccc(O)c(C)c1,CHEMBL206
CHEMBL201834,CCCN(c1c(C)cccc1C)S(=O)(=O)c1ccc(O)c(C)c1,CHEMBL206
CHEMBL202472,CCCN(c1c(CC)cccc1CC)S(=O)(=O)c1ccc(O)c(C)c1,CHEMBL206
CHEMBL202500,CCCN(c1c(C)cccc1Cl)S(=O)(=O)c1ccc(O)c(C)c1,CHEMBL206
CHEMBL383691,CCCN(c1c(C)cccc1Cl)S(=O)(=O)c1ccc(O)cc1,CHEMBL206
CHEMBL264655,CCCN(c1ccccc1Cl)S(=O)(=O)c1ccc(O)cc1,CHEMBL206
CHEMBL135,C[C@]12CC[C@@H]3c4ccc(O)cc4CC[C@H]3[C@@H]1CC[C@@H]2O,CHEMBL206
CHEMBL205119,C=Cc1cc(O)cc2c1-c1ccc(O)c(C)c1CC2,CHEMBL206
CHEMBL203123,C=CCC1(C)Oc2c(ccc(O)c2C)-c2c(C)cc(O)c(C)c21,CHEMBL206
CHEMBL206584,Cc1cc(O)c(C)c2c1-c1ccc(O)c(C)c1OC2C,CHEMBL206
CHEMBL206547,CCC1Oc2c(ccc(O)c2C)-c2ccc(O)c(C)c21,CHEMBL206
CHEMBL206727,CCc1c(O)ccc2c1c(=O)oc1c(F)c(O)ccc12,CHEMBL206
CHEMBL206500,CCc1c(O)ccc2c1oc(=O)c1c(C)c(O)ccc12,CHEMBL206
CHEMBL204922,Cc1c(O)ccc2c1oc(=O)c1c(C)c(O)ccc12,CHEMBL206
CHEMBL381697,COc1c(C)c(Br)c2c(=O)oc3c(C)c(O)ccc3c2c1C,CHEMBL206
CHEMBL203072,CCC1Oc2c(ccc(O)c2C)-c2c(C)cc(O)c(C)c21,CHEMBL206
CHEMBL206814,CCCCc1nc2cc(O)cc(O)c2c(=O)n1-c1ccc(O)cc1,CHEMBL206
CHEMBL380359,O=c1c2c(CO)cc(O)cc2ncn1-c1ccc(O)cc1,CHEMBL206
CHEMBL1405,C[C@]12CC[C@@H]3c4ccc(O)cc4CC[C@H]3[C@@H]1CCC2=O,CHEMBL206
CHEMBL135,C[C@]12CC[C@@H]3c4ccc(O)cc4CC[C@H]3[C@@H]1CC[C@@H]2O,CHEMBL206
CHEMBL207324,Oc1ccc2c(c1)O[C@@H](c1ccc(OCCN3CCCCC3)cc1)C1=C2COc2cc(O)ccc21,CHEMBL206
CHEMBL208085,Oc1ccc2c(c1)O[C@H](c1ccc(OCCN3CCCCC3)cc1)C1=C2COc2cc(O)ccc21,CHEMBL206
CHEMBL691,C#C[C@]1(O)CC[C@H]2[C@@H]3CCc4cc(O)ccc4[C@H]3CC[C@@]21C,CHEMBL206
CHEMBL81,O=C(c1ccc(OCCN2CCCCC2)cc1)c1c(-c2ccc(O)cc2)sc2cc(O)ccc12,CHEMBL206
CHEMBL381298,CC1=C2c3ccc(O)cc3CC2(CC(C)C)CCC1=O,CHEMBL206
CHEMBL211614,CCCC[C@@]12CCC(=O)C(Br)=C1c1ccc(O)cc1C2,CHEMBL206
CHEMBL209978,O=C1CCC2(c3ccccc3)Cc3cc(O)ccc3C2=C1Br,CHEMBL206
CHEMBL379821,CCCCC12CCC(=O)C(I)=C1c1ccc(O)cc1C2,CHEMBL206
CHEMBL379109,CCCCC12CCC(=O)C(Cl)=C1c1ccc(O)cc1C2,CHEMBL206
CHEMBL208978,CCCCC12CCC(=O)C(C(F)(F)F)=C1c1ccc(O)cc1C2,CHEMBL206
CHEMBL380469,CCCCC12CCC(=O)C(c3ccccc3)=C1c1ccc(O)cc1C2,CHEMBL206
CHEMBL209429,CCCCC12CCC(=O)C(c3cccs3)=C1c1ccc(O)cc1C2,CHEMBL206
CHEMBL378675,CCCCC12CCC(=O)C(c3ccco3)=C1c1ccc(O)cc1C2,CHEMBL206
CHEMBL210143,CCCCC1=C2c3ccc(O)cc3CC2(CCCC)CCC1=O,CHEMBL206
CHEMBL209402,CCCCC12CCC(=O)C(CCC)=C1c1ccc(O)cc1C2,CHEMBL206
CHEMBL209803,CCCCC12CCC(=O)C(CC)=C1c1ccc(O)cc1C2,CHEMBL206
CHEMBL209851,CCCCC12CCC(=O)C(Br)=C1c1ccc(O)cc1C2,CHEMBL206
CHEMBL377694,CCCC12CCC(=O)C(Br)=C1c1ccc(O)cc1C2,CHEMBL206
CHEMBL441537,CCC12CCC(=O)C(Br)=C1c1ccc(O)cc1C2,CHEMBL206
CHEMBL135,C[C@]12CC[C@@H]3c4ccc(O)cc4CC[C@H]3[C@@H]1CC[C@@H]2O,CHEMBL206
CHEMBL135,C[C@]12CC[C@@H]3c4ccc(O)cc4CC[C@H]3[C@@H]1CC[C@@H]2O,CHEMBL206
CHEMBL377849,CNc1c(/C=N/O)ccc(-c2ccc(O)cc2)c1-c1ccccc1,CHEMBL206
CHEMBL210074,CC[C@@]12CCC(=O)C(C)=C1c1ccc3[nH]ncc3c1C2,CHEMBL206
CHEMBL211953,CCC1=C2c3ccc4[nH]ncc4c3CC2(CC)CCC1=O,CHEMBL206
CHEMBL425246,CC[C@@]12CCC(=O)C(Cl)=C1c1ccc3[nH]ncc3c1C2,CHEMBL206
CHEMBL214034,CC[C@@]12CCC(=O)C(Br)=C1c1ccc3[nH]ncc3c1C2,CHEMBL206
CHEMBL211800,O=C1CC[C@@]2(CCC3CC3)Cc3c(ccc4[nH]ncc34)C2=C1Br,CHEMBL206
CHEMBL208929,CC[C@@]12CCC(=O)C(C(F)(F)F)=C1c1ccc3[nH]ncc3c1C2,CHEMBL206
CHEMBL211349,CC[C@@]12CCC(=O)C(c3ccccc3)=C1c1ccc3[nH]ncc3c1C2,CHEMBL206
CHEMBL379595,CCC12CCC(=O)C(Br)=C1c1ccc3[nH]ncc3c1C2=O,CHEMBL206
CHEMBL215409,CC[C@@]12CCC(=O)C(C(F)(F)F)=C1c1ccc3[nH]ncc3c1C2=O,CHEMBL206
CHEMBL211870,CCC12CCC(=O)C(Br)=C1c1ccc3[nH]nc(F)c3c1C2,CHEMBL206
CHEMBL385680,CC[C@@]12CCC(=O)C(C(F)(F)F)=C1c1ccc3[nH]nc(F)c3c1C2,CHEMBL206
CHEMBL209851,CCCCC12CCC(=O)C(Br)=C1c1ccc(O)cc1C2,CHEMBL206
CHEMBL211953,CCC1=C2c3ccc4[nH]ncc4c3CC2(CC)CCC1=O,CHEMBL206
CHEMBL211816,CCCC[C@@]12CCC(=O)C(CC)=C1c1ccc3[nH]ncc3c1C2,CHEMBL206
CHEMBL214034,CC[C@@]12CCC(=O)C(Br)=C1c1ccc3[nH]ncc3c1C2,CHEMBL206
CHEMBL211666,O=C1CC[C@@]2(CC3CC3)Cc3c(ccc4[nH]ncc34)C2=C1Br,CHEMBL206
CHEMBL211800,O=C1CC[C@@]2(CCC3CC3)Cc3c(ccc4[nH]ncc34)C2=C1Br,CHEMBL206
CHEMBL377644,CCCC[C@@]12CCC(=O)C(C(F)(F)F)=C1c1ccc3[nH]ncc3c1C2,CHEMBL206
CHEMBL211349,CC[C@@]12CCC(=O)C(c3ccccc3)=C1c1ccc3[nH]ncc3c1C2,CHEMBL206
CHEMBL377254,CC[C@@]12CCC(=O)C(Cl)=C1c1ccc3[nH]ncc3c1C2=O,CHEMBL206
CHEMBL215409,CC[C@@]12CCC(=O)C(C(F)(F)F)=C1c1ccc3[nH]ncc3c1C2=O,CHEMBL206
CHEMBL425439,CCCC[C@@]12CCC(=O)C(C(F)(F)F)=C1c1ccc3[nH]ncc3c1C2=O,CHEMBL206
CHEMBL211887,CC[C@@]12CCC(=O)C(Cl)=C1c1ccc3[nH]nc(F)c3c1C2,CHEMBL206
CHEMBL211870,CCC12CCC(=O)C(Br)=C1c1ccc3[nH]nc(F)c3c1C2,CHEMBL206
CHEMBL385680,CC[C@@]12CCC(=O)C(C(F)(F)F)=C1c1ccc3[nH]nc(F)c3c1C2,CHEMBL206
CHEMBL213829,CCCC[C@@]12CCC(=O)C(CC)=C1c1ccc3[nH]nc(F)c3c1C2,CHEMBL206
CHEMBL384268,CCCC[C@@]12CCC(=O)C(C(F)(F)F)=C1c1ccc3[nH]nc(F)c3c1C2,CHEMBL206
CHEMBL135,C[C@]12CC[C@@H]3c4ccc(O)cc4CC[C@H]3[C@@H]1CC[C@@H]2O,CHEMBL206
CHEMBL379008,CCC[C@@H]1C[C@@H]2C[C@]13Cc1cc(O)ccc1C3=C(C)C2=O,CHEMBL206
CHEMBL213337,CC[C@@H]1CC[C@@H]2C[C@]13Cc1cc(O)ccc1C3=C(C)C2=O,CHEMBL206
CHEMBL384708,CC[C@H]1CC[C@@H]2C[C@]13Cc1cc(O)ccc1C3=C(C)C2=O,CHEMBL206
CHEMBL212992,CCC[C@@H]1CC[C@@H]2C[C@]13Cc1cc(O)ccc1C3=C(C)C2=O,CHEMBL206
CHEMBL210063,O=C1CCC2(Cc3ccccc3)Cc3cc(O)ccc3C2=C1c1ccc(OCCN2CCCCC2)cc1,CHEMBL206
CHEMBL214972,O=C1CCC2(Cc3ccccc3)Cc3cc(O)ccc3C2=C1c1ccc(O)cc1,CHEMBL206
CHEMBL209530,O=C1CCC2(Cc3ccc(Cl)cc3)Cc3cc(O)ccc3C2=C1c1ccc(OCCN2CCCCC2)cc1,CHEMBL206
CHEMBL424725,O=C1CCC2(Cc3ccccc3)Cc3c(ccc4[nH]ncc34)C2=C1c1ccc(OCCN2CCCCC2)cc1,CHEMBL206
CHEMBL214972,O=C1CCC2(Cc3ccccc3)Cc3cc(O)ccc3C2=C1c1ccc(O)cc1,CHEMBL206
CHEMBL385514,CCCCC1=C2c3ccc(O)cc3CC2(Cc2ccccc2)CCC1=O,CHEMBL206
CHEMBL264349,CC1=C2c3ccc4[nH]ncc4c3CC2(Cc2ccccc2)CCC1=O,CHEMBL206
CHEMBL385358,CC1=C2c3ccc4[nH]ncc4c3CC2(Cc2ccc(F)cc2)CCC1=O,CHEMBL206
CHEMBL211358,CC1=C2c3ccc4[nH]ncc4c3CC2(Cc2ccccc2F)CCC1=O,CHEMBL206
CHEMBL216024,CC1=C2c3ccc(O)cc3CC2(Cc2ccc(Cl)cc2)CCC1=O,CHEMBL206
CHEMBL214091,CC1=C2c3ccc(O)cc3CC2(Cc2ccccc2)CCC1=O,CHEMBL206
CHEMBL210063,O=C1CCC2(Cc3ccccc3)Cc3cc(O)ccc3C2=C1c1ccc(OCCN2CCCCC2)cc1,CHEMBL206
CHEMBL424725,O=C1CCC2(Cc3ccccc3)Cc3c(ccc4[nH]ncc34)C2=C1c1ccc(OCCN2CCCCC2)cc1,CHEMBL206
CHEMBL385514,CCCCC1=C2c3ccc(O)cc3CC2(Cc2ccccc2)CCC1=O,CHEMBL206
CHEMBL213838,O=C1CCC2(Cc3ccccc3)Cc3cc(O)ccc3C2=C1c1ccc(OCCN2CCOCC2)cc1,CHEMBL206
CHEMBL214972,O=C1CCC2(Cc3ccccc3)Cc3cc(O)ccc3C2=C1c1ccc(O)cc1,CHEMBL206
CHEMBL214207,CN(C)CCOc1ccc(C2=C3c4ccc(O)cc4CC3(Cc3ccccc3)CCC2=O)cc1,CHEMBL206
CHEMBL135,C[C@]12CC[C@@H]3c4ccc(O)cc4CC[C@H]3[C@@H]1CC[C@@H]2O,CHEMBL206
CHEMBL209530,O=C1CCC2(Cc3ccc(Cl)cc3)Cc3cc(O)ccc3C2=C1c1ccc(OCCN2CCCCC2)cc1,CHEMBL206
CHEMBL135,C[C@]12CC[C@@H]3c4ccc(O)cc4CC[C@H]3[C@@H]1CC[C@@H]2O,CHEMBL206
CHEMBL214693,CCCCC12CCC(=O)C(Br)=C1c1ccc3[nH]nnc3c1C2,CHEMBL206
CHEMBL135,C[C@]12CC[C@@H]3c4ccc(O)cc4CC[C@H]3[C@@H]1CC[C@@H]2O,CHEMBL206
CHEMBL214692,CCCC[C@@]12CCC(=O)C(c3cccs3)=C1c1ccc3[nH]nnc3c1C2,CHEMBL206
CHEMBL441366,CCCC[C@@]12CCC(=O)C(CC)=C1c1ccc3[nH]nnc3c1C2,CHEMBL206
CHEMBL215428,CCC12CCC(=O)C(c3ccc(O)cc3)=C1c1ccc3[nH]nnc3c1C2,CHEMBL206
CHEMBL214693,CCCCC12CCC(=O)C(Br)=C1c1ccc3[nH]nnc3c1C2,CHEMBL206
CHEMBL214692,CCCC[C@@]12CCC(=O)C(c3cccs3)=C1c1ccc3[nH]nnc3c1C2,CHEMBL206
CHEMBL384709,CCCC[C@@]12CCC(=O)C(C(F)(F)F)=C1c1ccc3[nH]nnc3c1C2,CHEMBL206
CHEMBL441366,CCCC[C@@]12CCC(=O)C(CC)=C1c1ccc3[nH]nnc3c1C2,CHEMBL206
CHEMBL213529,CCCC12CCC(=O)C(CC)=C1c1ccc3[nH]nnc3c1C2,CHEMBL206
CHEMBL212391,CC[C@@]12CCC(=O)C(C(F)(F)F)=C1c1ccc3[nH]nnc3c1C2,CHEMBL206
CHEMBL385949,CCC1=C2c3ccc4[nH]nnc4c3C[C@]2(CC)CCC1=O,CHEMBL206
CHEMBL292943,COc1ccc(-c2cccc(CN3CCN(c4ncccn4)CC3)c2)cc1,CHEMBL217
CHEMBL156651,NC(=O)[C@H]1CS[C@@H]2CC[C@]3(CCCN3C(=O)[C@@H]3CCCN3)C(=O)N12,CHEMBL217
CHEMBL156651,NC(=O)[C@H]1CS[C@@H]2CC[C@]3(CCCN3C(=O)[C@@H]3CCCN3)C(=O)N12,CHEMBL217
CHEMBL156651,NC(=O)[C@H]1CS[C@@H]2CC[C@]3(CCCN3C(=O)[C@@H]3CCCN3)C(=O)N12,CHEMBL217
CHEMBL156651,NC(=O)[C@H]1CS[C@@H]2CC[C@]3(CCCN3C(=O)[C@@H]3CCCN3)C(=O)N12,CHEMBL217
CHEMBL156651,NC(=O)[C@H]1CS[C@@H]2CC[C@]3(CCCN3C(=O)[C@@H]3CCCN3)C(=O)N12,CHEMBL217
CHEMBL156651,NC(=O)[C@H]1CS[C@@H]2CC[C@]3(CCCN3C(=O)[C@@H]3CCCN3)C(=O)N12,CHEMBL217
CHEMBL156651,NC(=O)[C@H]1CS[C@@H]2CC[C@]3(CCCN3C(=O)[C@@H]3CCCN3)C(=O)N12,CHEMBL217
CHEMBL156651,NC(=O)[C@H]1CS[C@@H]2CC[C@]3(CCCN3C(=O)[C@@H]3CCCN3)C(=O)N12,CHEMBL217
CHEMBL349833,CC1Cc2cccc3c2N1C(=O)C(N1CCN(Cc2ccc(Cl)cc2)CC1)CC3,CHEMBL217
CHEMBL439646,CC1(C)Cc2cccc3c2N1C(=O)C(N1CCN(Cc2ccc(Cl)cc2)CC1)CC3,CHEMBL217
CHEMBL87187,Nc1cccc(-c2ccc(CCN3CCN(c4cccc5cccnc45)CC3)cc2)n1,CHEMBL217
CHEMBL351963,Cc1ccc(CN2CCN(C3CCc4cccc5c4N(CC5)C3=O)CC2)cc1,CHEMBL217
CHEMBL129634,C=CCN1CCc2c(cc(O)c(O)c2F)C(c2ccc(O)cc2)C1.CS(=O)(=O)O,CHEMBL217
CHEMBL315864,Oc1nc2c(N3CCN(Cc4ccccc4)CC3)cccc2[nH]1,CHEMBL217
CHEMBL61682,Fc1ccc(-c2cncc(CN3CCN(c4ccccc4F)CC3)c2)cc1,CHEMBL217
CHEMBL419505,O=C(NCCCCN1CCN(c2cccc(Cl)c2Cl)CC1)c1ccc2c(c1)-c1ccccc1-2,CHEMBL217
CHEMBL64597,c1cnc(N2CCN(Cc3cccc(-c4ccsc4)c3)CC2)nc1,CHEMBL217
CHEMBL291824,Fc1ccc(-c2cncc(CN3CCN(c4ccc(F)cc4)CC3)c2)cc1,CHEMBL217
CHEMBL110411,O=C(NCCCCN1CCN(c2cccc(Cl)c2Cl)CC1)c1ccc2c(c1)-c1ccccc1C2,CHEMBL217
CHEMBL131313,C=CCN1CCc2c(cc(O)c(O)c2Br)C(c2ccc(O)cc2)C1.CS(=O)(=O)O,CHEMBL217
CHEMBL130795,C=CCN1CCc2c(cc(O)c(O)c2Cl)C(c2ccc(O)cc2)C1.CS(=O)(=O)O,CHEMBL217
CHEMBL42,CN1CCN(C2=Nc3cc(Cl)ccc3Nc3ccccc32)CC1,CHEMBL217
CHEMBL156164,NC(=O)C1CCS[C@@H]2C[C@]3(CCCN3C(=O)[C@@H]3CCCN3)C(=O)N12,CHEMBL217
CHEMBL156164,NC(=O)C1CCS[C@@H]2C[C@]3(CCCN3C(=O)[C@@H]3CCCN3)C(=O)N12,CHEMBL217
CHEMBL156164,NC(=O)C1CCS[C@@H]2C[C@]3(CCCN3C(=O)[C@@H]3CCCN3)C(=O)N12,CHEMBL217
CHEMBL156164,NC(=O)C1CCS[C@@H]2C[C@]3(CCCN3C(=O)[C@@H]3CCCN3)C(=O)N12,CHEMBL217
CHEMBL156164,NC(=O)C1CCS[C@@H]2C[C@]3(CCCN3C(=O)[C@@H]3CCCN3)C(=O)N12,CHEMBL217
CHEMBL156164,NC(=O)C1CCS[C@@H]2C[C@]3(CCCN3C(=O)[C@@H]3CCCN3)C(=O)N12,CHEMBL217
CHEMBL156164,NC(=O)C1CCS[C@@H]2C[C@]3(CCCN3C(=O)[C@@H]3CCCN3)C(=O)N12,CHEMBL217
CHEMBL156164,NC(=O)C1CCS[C@@H]2C[C@]3(CCCN3C(=O)[C@@H]3CCCN3)C(=O)N12,CHEMBL217
CHEMBL301242,O=C(NCCCCN1CCN(c2cccc(Cl)c2Cl)CC1)c1cccc2c1-c1ccccc1C2=O,CHEMBL217
CHEMBL59942,Fc1ccc(-c2cccc(CN3CCN(c4ncccn4)CC3)c2)cc1,CHEMBL217
CHEMBL61657,Fc1ccc(-c2cncc(CN3CCN(c4ccccn4)CC3)c2)cc1,CHEMBL217
CHEMBL352207,O=C1C(N2CCN(Cc3ccc(Cl)cc3)CC2)CCc2cccc3c2N1CC3,CHEMBL217
CHEMBL352207,O=C1C(N2CCN(Cc3ccc(Cl)cc3)CC2)CCc2cccc3c2N1CC3,CHEMBL217
CHEMBL314952,O=C1Cc2c(cccc2N2CCN(Cc3ccccc3)CC2)N1,CHEMBL217
CHEMBL351989,Cc1ccc(CN2CCN(C3CCc4cccc5c4N(C3=O)C(C)(C)C5)CC2)cc1,CHEMBL217
CHEMBL110120,OC1CCc2c(c3ccccc3n2CCCN2CCN(c3ccccc3)CC2)C1,CHEMBL217
CHEMBL40650,COc1cccc2c1CC[C@H]1CN(CCn3c(=O)[nH]c4c(sc5cccnc54)c3=O)C[C@@H]21,CHEMBL217
CHEMBL540575,Br.C=CCN1CCc2cc(O)c(O)cc2C(c2ccc(O)cc2)C1,CHEMBL217
CHEMBL88837,c1ccc(CN2CCN(c3cccc4[nH]cnc34)CC2)cc1,CHEMBL217
CHEMBL302183,Fc1ccc(-c2cncc(CN3CCN(c4ncccn4)CC3)c2)cc1,CHEMBL217
CHEMBL354699,COc1ccc(Cl)cc1CN1CCN(C2CCc3cccc4c3N(C2=O)C(C)(C)C4)CC1,CHEMBL217
CHEMBL68191,CCN1C(=O)C(N2CCN(Cc3ccc(Cl)cc3)CC2)Cc2ccccc21,CHEMBL217
CHEMBL307800,O=C(NCCCCN1CCN(c2cccc(Cl)c2Cl)CC1)C1c2ccccc2-c2ccccc21,CHEMBL217
CHEMBL306672,O=C1c2ccccc2C(=O)N1CCCCCN1CCN(c2cccc(Cl)c2Cl)CC1,CHEMBL217
CHEMBL345438,Cc1ccc(CN2CCN(C3CCc4cccc5c4N(C3=O)C(C)C5)CC2)cc1,CHEMBL217
CHEMBL69717,O=C1c2ccccc2C(=O)N1CCCCN1CCN(c2cccc(Cl)c2Cl)CC1,CHEMBL217
CHEMBL88365,Oc1cccc(N2CCN(Cc3ccccc3)CC2)c1,CHEMBL217
CHEMBL328051,c1ccc(CN2CCN(c3cccc4[nH]ccc34)CC2)cc1,CHEMBL217
CHEMBL291380,Fc1ccccc1-c1cccc(CN2CCN(c3ncccn3)CC2)c1,CHEMBL217
CHEMBL2308105,Fc1ccc(C(O[C@H]2C[C@H]3CC[C@@H](C2)N3CCCCc2ccccc2)c2ccc(F)cc2)cc1,CHEMBL217
CHEMBL90476,Brc1ccc(N2CCN(Cc3ccccc3)CC2)c2cc[nH]c12,CHEMBL217
CHEMBL88289,FC(F)(F)c1nc2c(N3CCN(Cc4ccccc4)CC3)cccc2[nH]1,CHEMBL217
CHEMBL62829,Fc1cccc(-c2cccc(CN3CCN(c4ncccn4)CC3)c2)c1,CHEMBL217
CHEMBL106660,Clc1cccc(C(OC2CC3CCC(C2)N3CCCc2ccccc2)c2ccccc2)c1,CHEMBL217
CHEMBL302904,Fc1ccc(-c2cncc(CN3CCN(c4ccccc4)CC3)c2)cc1,CHEMBL217
CHEMBL351612,COc1ccc(C)cc1CN1CCN(C2CCc3cccc4c3N(C2=O)C(C)(C)C4)CC1,CHEMBL217
CHEMBL68720,O=C(NCCCCCN1CCN(c2cccc(Cl)c2Cl)CC1)c1cccc2c1-c1ccccc1C2=O,CHEMBL217
CHEMBL311539,Clc1ccc2[nH]ccc2c1N1CCN(Cc2ccccc2)CC1,CHEMBL217
CHEMBL109299,Fc1ccc(C(OC2CC3CCC(C2)N3Cc2cc3ccccc3[nH]2)c2ccc(F)cc2)cc1,CHEMBL217
CHEMBL12375,Fc1ccc(C(OC2CC3CCC(C2)N3Cc2ccccc2)c2ccc(F)cc2)cc1,CHEMBL217
CHEMBL317488,CC(C)C[C@H](NC(=O)[C@@H]1CCCN1)C(=O)NCC(N)=O,CHEMBL217
CHEMBL317488,CC(C)C[C@H](NC(=O)[C@@H]1CCCN1)C(=O)NCC(N)=O,CHEMBL217
CHEMBL317488,CC(C)C[C@H](NC(=O)[C@@H]1CCCN1)C(=O)NCC(N)=O,CHEMBL217
CHEMBL317488,CC(C)C[C@H](NC(=O)[C@@H]1CCCN1)C(=O)NCC(N)=O,CHEMBL217
CHEMBL317488,CC(C)C[C@H](NC(=O)[C@@H]1CCCN1)C(=O)NCC(N)=O,CHEMBL217
CHEMBL317488,CC(C)C[C@H](NC(=O)[C@@H]1CCCN1)C(=O)NCC(N)=O,CHEMBL217
CHEMBL317488,CC(C)C[C@H](NC(=O)[C@@H]1CCCN1)C(=O)NCC(N)=O,CHEMBL217
CHEMBL317488,CC(C)C[C@H](NC(=O)[C@@H]1CCCN1)C(=O)NCC(N)=O,CHEMBL217
CHEMBL7549,CCCN1CCC[C@@H](c2cccc(O)c2)C1,CHEMBL217
CHEMBL7549,CCCN1CCC[C@@H](c2cccc(O)c2)C1,CHEMBL217
CHEMBL24222,C=CCN1CC[C@@H]2c3cccc(OC)c3CC[C@H]21,CHEMBL217
CHEMBL92817,CCCN1CCC[C@@H](c2cccc(Br)c2)C1,CHEMBL217
CHEMBL93917,CCCN1CCC[C@@H](c2cccc(CC#N)c2)C1,CHEMBL217
CHEMBL90798,CCN1CCC[C@@H](c2cccc(C#N)c2)C1,CHEMBL217
CHEMBL328119,O=S(=O)(Oc1cccc([C@@H]2CCCN(CCc3ccccc3)C2)c1)C(F)(F)F,CHEMBL217
CHEMBL93570,CCc1sccc1N1CCC[C@@H](c2cccc(C#N)c2)C1,CHEMBL217
CHEMBL93570,CCc1sccc1N1CCC[C@@H](c2cccc(C#N)c2)C1,CHEMBL217
CHEMBL328283,COc1ccc2c(c1)C(NCCN1CCN(c3ccc(Cl)cc3)CC1)CCC2,CHEMBL217
CHEMBL329443,CCCN1CCC[C@@H](c2cccc(S(=O)(=O)N(C)C)c2)C1,CHEMBL217
CHEMBL329443,CCCN1CCC[C@@H](c2cccc(S(=O)(=O)N(C)C)c2)C1,CHEMBL217
CHEMBL281924,CO[C@]1(C)c2cccc3c2-c2c1ccc1c2[C@@H](C3)N(C)CC1,CHEMBL217
CHEMBL281923,CO[C@@]1(C)c2cccc3c2-c2c1ccc1c2[C@@H](C3)N(C)CC1,CHEMBL217
CHEMBL93383,CC(C)N1CCC[C@@H](c2cccc(C#N)c2)C1,CHEMBL217
CHEMBL335545,C1=C(c2ccccc2)CCN(C[C@@H]2CCC=C(c3ccccc3)C2)C1,CHEMBL217
CHEMBL335545,C1=C(c2ccccc2)CCN(C[C@@H]2CCC=C(c3ccccc3)C2)C1,CHEMBL217
CHEMBL92183,CCCN1CCC[C@@H](c2cccc(C#N)c2)C1,CHEMBL217
CHEMBL92183,CCCN1CCC[C@@H](c2cccc(C#N)c2)C1,CHEMBL217
CHEMBL314536,CCCN1CCC[C@@H](c2cccc(-c3ccsc3)c2)C1,CHEMBL217
CHEMBL329228,COc1cccc(NC(=O)CCN2CCN(c3ccc(Cl)cc3)CC2)c1,CHEMBL217
CHEMBL54,O=C(CCCN1CCC(O)(c2ccc(Cl)cc2)CC1)c1ccc(F)cc1,CHEMBL217
CHEMBL94811,N#Cc1cccc([C@@H]2CCCN(CCCc3ccccc3)C2)c1,CHEMBL217
CHEMBL94811,N#Cc1cccc([C@@H]2CCCN(CCCc3ccccc3)C2)c1,CHEMBL217
CHEMBL147159,Oc1ccc(C2=CCN(C[C@@H]3CCC=C(c4ccc(O)cc4)C3)CC2)cc1,CHEMBL217
CHEMBL147159,Oc1ccc(C2=CCN(C[C@@H]3CCC=C(c4ccc(O)cc4)C3)CC2)cc1,CHEMBL217
CHEMBL93101,CCCN1CCC[C@@H](c2cccc(CO)c2)C1,CHEMBL217
CHEMBL93682,N#Cc1cccc([C@@H]2CCCNC2)c1,CHEMBL217
CHEMBL93212,C=CCN1CCC[C@@H](c2cccc(C#N)c2)C1,CHEMBL217
CHEMBL51023,COc1ccccc1N1CCN(CNC(=O)c2ccc(C)cc2)CC1,CHEMBL217
CHEMBL280955,C=CCN1CC[C@H]2c3cccc(OC)c3CC[C@H]21,CHEMBL217
CHEMBL93594,CCCN1CCC[C@@H](c2cccc(OS(C)(=O)=O)c2)C1,CHEMBL217
CHEMBL93646,N#Cc1cccc([C@@H]2CCCN(CCc3ccccc3)C2)c1,CHEMBL217
CHEMBL90359,CCCN1CCC[C@@H](c2cccc(OS(=O)(=O)C(F)(F)F)c2)C1,CHEMBL217
CHEMBL356269,Oc1ccc(C2=CCN(C[C@@H]3CCC=C(c4ccccc4)C3)CC2)cc1,CHEMBL217
CHEMBL356269,Oc1ccc(C2=CCN(C[C@@H]3CCC=C(c4ccccc4)C3)CC2)cc1,CHEMBL217
CHEMBL413483,CCC(C)N1CCC[C@@H](c2cccc(C#N)c2)C1,CHEMBL217
CHEMBL413483,CCC(C)N1CCC[C@@H](c2cccc(C#N)c2)C1,CHEMBL217
CHEMBL281048,CN1CCc2ccc3c4c2[C@H]1Cc1cccc(c1-4)[C@H]3N,CHEMBL217
CHEMBL357416,Oc1ccc(C2=CCC[C@@H](CN3CC=C(c4ccccc4)CC3)C2)cc1,CHEMBL217
CHEMBL357416,Oc1ccc(C2=CCC[C@@H](CN3CC=C(c4ccccc4)CC3)C2)cc1,CHEMBL217
CHEMBL92578,CCCN1CCC[C@@H](c2cccc(C=O)c2)C1,CHEMBL217
CHEMBL38580,CCCN(CCC)C1COc2c(cccc2-c2ccoc2)C1,CHEMBL217
CHEMBL100454,CN1CCN(C2=Nc3ccccc3Nc3sc(CO)cc32)CC1,CHEMBL217
CHEMBL300647,CN(C)C1C=CC2(CC1)c1ccccc1C=Cc1ccc(Cl)cc12,CHEMBL217
CHEMBL715,Cc1cc2c(s1)Nc1ccccc1N=C2N1CCN(C)CC1,CHEMBL217
CHEMBL531,CCCN1C[C@H](CSC)C[C@@H]2c3cccc4[nH]cc(c34)C[C@H]21,CHEMBL217
CHEMBL157138,CCN(CC)C(=O)N[C@H]1C=C2c3cccc4[nH]cc(c34)C[C@H]2N(C)C1,CHEMBL217
CHEMBL419792,CN[C@@H]1Cc2cccc3[nH]c(=O)n(c23)C1,CHEMBL217
CHEMBL300647,CN(C)C1C=CC2(CC1)c1ccccc1C=Cc1ccc(Cl)cc12,CHEMBL217
CHEMBL493,CC(C)C[C@H]1C(=O)N2CCC[C@H]2[C@]2(O)O[C@](NC(=O)[C@@H]3C=C4c5cccc6[nH]c(Br)c(c56)C[C@H]4N(C)C3)(C(C)C)C(=O)N12,CHEMBL217
CHEMBL1125,Cc1cc2c(s1)Nc1ccccc1N=C2N1CCNCC1,CHEMBL217
CHEMBL42,CN1CCN(C2=Nc3cc(Cl)ccc3Nc3ccccc32)CC1,CHEMBL217
CHEMBL42,CN1CCN(C2=Nc3cc(Cl)ccc3Nc3ccccc32)CC1,CHEMBL217
CHEMBL38428,CCCN(CCC)C1COc2c(O)cccc2C1,CHEMBL217
CHEMBL589,CCCN(CCC)CCc1cccc2c1CC(=O)N2,CHEMBL217
CHEMBL422344,CN(C)[C@@H]1Cc2cccc3nc(O)n(c23)C1,CHEMBL217
CHEMBL440512,Cc1cc2c(s1)Nc1ccccc1N=C2N1CC[N+](C)([O-])CC1,CHEMBL217
CHEMBL45491,CN(C)C1C=CC2(CC1)c1ccccc1CCc1ccc(Cl)cc12,CHEMBL217
CHEMBL45491,CN(C)C1C=CC2(CC1)c1ccccc1CCc1ccc(Cl)cc12,CHEMBL217
CHEMBL434665,CCCN[C@@H]1Cc2cccc3nc(O)n(c23)C1,CHEMBL217
CHEMBL122533,COc1cc(N)c(Cl)cc1C(=O)NC1CC2CCCC(C1)N2Cc1ccccc1,CHEMBL217
CHEMBL148694,Cc1ccc2c(c1)C(NC1CC3CCC(C1)N3Cc1ccccc1)=Nc1cccnc1N2,CHEMBL217
CHEMBL358657,Cc1ccc2c(c1)C(NC1CCN(Cc3ccccc3)CC1)=Nc1cccnc1N2,CHEMBL217
CHEMBL285755,CCCN(CCC)C1CCc2ccc(O)cc2C1,CHEMBL217
CHEMBL26998,CCCN(CCC)[C@@H]1CCc2cccc(O)c2C1,CHEMBL217
CHEMBL49,O=C1CC2(CCCC2)CC(=O)N1CCCCN1CCN(c2ncccn2)CC1,CHEMBL217
CHEMBL1744088,CCCN(CCCCN1C(=O)CC(C)(C)CC1=O)[C@@H]1CCc2ccc3[nH]c(C#N)cc3c2C1,CHEMBL217
CHEMBL148353,Clc1ccc2c(c1)C(NC1CC3CCC(C1)N3Cc1ccccc1)=Nc1cccnc1N2,CHEMBL217
CHEMBL1744037,CCCN(CCCCN1C(=O)CC(C)(C)CC1=O)[C@@H]1CCc2ccc3[nH]c(C(N)=O)cc3c2C1,CHEMBL217
CHEMBL71920,CCCN(CCC)[C@@H]1CCc2ccc3[nH]c(C#N)cc3c2C1,CHEMBL217
CHEMBL342536,Clc1ccc2c(c1)C(NC1CCN(Cc3ccccc3)CC1)=Nc1cccnc1N2,CHEMBL217
CHEMBL54,O=C(CCCN1CCC(O)(c2ccc(Cl)cc2)CC1)c1ccc(F)cc1,CHEMBL217
CHEMBL131926,COc1nc(N)c(Cl)cc1C(=O)NC1CC2CCCC(C1)N2Cc1ccccc1,CHEMBL217
CHEMBL1744036,CCCN(CCC)[C@@H]1CCc2ccc3[nH]c(C(N)=O)cc3c2C1,CHEMBL217
CHEMBL280955,C=CCN1CC[C@H]2c3cccc(OC)c3CC[C@H]21,CHEMBL217
CHEMBL131997,Cc1ccc(OCCNCCCOc2ccccc2)cc1Cl,CHEMBL217
CHEMBL285873,C=CCN1CC[C@H]2c3cccc(O)c3CC[C@H]21,CHEMBL217
CHEMBL54,O=C(CCCN1CCC(O)(c2ccc(Cl)cc2)CC1)c1ccc(F)cc1,CHEMBL217
CHEMBL283528,CCCCN1CCC[C@H]1CNC(=O)c1cc(Cl)cc2c1OCCN2C,CHEMBL217
CHEMBL282083,COc1c(C(=O)NCCN2CCN(c3ccccc3)CC2)cc(C#N)c2ccccc12,CHEMBL217
CHEMBL54,O=C(CCCN1CCC(O)(c2ccc(Cl)cc2)CC1)c1ccc(F)cc1,CHEMBL217
CHEMBL275543,C=CCN1CCC2c3cccc(O)c3CC[C@@H]21,CHEMBL217
CHEMBL24588,CCCN1CC[C@@H]2c3cccc(O)c3CC[C@H]21,CHEMBL217
CHEMBL128313,Cc1ccccc1OCCNCCCOc1ccccc1,CHEMBL217
CHEMBL128647,Cc1ccc(OCCNCCCOc2ccccc2)cc1,CHEMBL217
CHEMBL279937,CN1CCOc2c(C(=O)NC[C@H]3CCCN3CCc3ccccc3)cc(Cl)cc21,CHEMBL217
CHEMBL10570,C=CCN1CCC2c3cccc(OC)c3CC[C@H]21,CHEMBL217
CHEMBL129757,Fc1ccc(OCCCNCCOc2ccc(Cl)cc2)cc1,CHEMBL217
CHEMBL128281,Cc1ccc(SCCNCCCOc2ccccc2)cc1,CHEMBL217
CHEMBL42,CN1CCN(C2=Nc3cc(Cl)ccc3Nc3ccccc32)CC1,CHEMBL217
CHEMBL418705,C=CCN1CCC2c3c(cccc3OC)CC[C@@H]21,CHEMBL217
CHEMBL51,O=C(c1ccc(F)cc1)C1CCN(CCn2c(=O)[nH]c3ccccc3c2=O)CC1,CHEMBL217
CHEMBL132884,Clc1ccc(OCCNCCCOc2ccccc2)cc1,CHEMBL217
CHEMBL24222,C=CCN1CC[C@@H]2c3cccc(OC)c3CC[C@H]21,CHEMBL217
CHEMBL131299,Cc1ccc(OCCCNCCOc2ccccc2)cc1,CHEMBL217
CHEMBL148352,COc1cc2c(c(C(=O)NC[C@@H]3CCCN3CCc3ccccc3)c1)OCC2,CHEMBL217
CHEMBL30146,COc1ccccc1N1CCN(CCNC(=O)c2cc(Br)c3ccccc3c2OC)CC1,CHEMBL217
CHEMBL56,CCCN(CCC)C1CCc2cccc(O)c2C1,CHEMBL217
CHEMBL129534,Clc1cccc(OCCNCCCOc2ccccc2)c1,CHEMBL217
CHEMBL130370,Cc1ccc(OCCCNCCOc2ccc(C)cc2)cc1,CHEMBL217
CHEMBL283738,C=CCN1CC[C@@H]2c3c(O)cccc3CC[C@H]21,CHEMBL217
CHEMBL10408,C=CCN1CCC2c3cccc(O)c3CC[C@H]21,CHEMBL217
CHEMBL129927,Cc1ccc(OCCNCCCOc2ccccc2)cc1C,CHEMBL217
CHEMBL149723,CSc1cc2c(c(C(=O)NC[C@H]3CCCN3CCc3ccccc3)c1)OCC2,CHEMBL217
CHEMBL10270,C=CCN1CCC2c3c(cccc3OC)CC[C@H]21,CHEMBL217
CHEMBL63321,CN1CCc2cc(Cl)c(O)cc2[C@H](c2ccccc2)C1,CHEMBL217
CHEMBL128232,Cc1cccc(OCCNCCCOc2ccccc2)c1,CHEMBL217
CHEMBL334545,Cc1ccc(OCCNCCCOc2ccccc2C)cc1,CHEMBL217
CHEMBL53,CN1CCc2cccc3c2[C@H]1Cc1ccc(O)c(O)c1-3,CHEMBL217
CHEMBL435598,Cc1ccc(OCCNCCCOc2cccc(C)c2)cc1,CHEMBL217
CHEMBL29436,COc1c(C(=O)NCCN2CCN(c3ccccc3[N+](=O)[O-])CC2)cc(Br)c2ccccc12,CHEMBL217
CHEMBL25483,C=CCN1CC[C@@H]2c3cccc(O)c3CC[C@H]21,CHEMBL217
CHEMBL131396,Clc1ccccc1OCCNCCCOc1ccccc1,CHEMBL217
CHEMBL337627,Clc1ccc(OCCNCCCSc2ccccc2)cc1,CHEMBL217
CHEMBL286205,C=CCN1CC[C@@H]2c3c(cccc3OC)CC[C@H]21,CHEMBL217
CHEMBL128524,c1ccc(OCCCNCCOc2ccccc2)cc1,CHEMBL217
CHEMBL130402,Cc1ccc(OCCNCCCSc2ccccc2)cc1,CHEMBL217
CHEMBL26560,CCCN1CC[C@H]2c3cccc(O)c3CC[C@H]21,CHEMBL217
CHEMBL264394,Cc1noc(-c2ccc(CSc3nc4ccccc4n3Cc3ccc(Cl)cc3)cc2)n1,CHEMBL217
CHEMBL2368625,CS(=O)(=O)Oc1ccc2c(c1)CCN(CC[C@H]1CC[C@H](NC(=O)/C=C/c3ccccc3F)CC1)CC2.Cl,CHEMBL217
CHEMBL2368626,CS(=O)(=O)c1ccc2c(c1)CCN(CC[C@H]1CC[C@H](NC(=O)/C=C/c3ccccc3F)CC1)CC2.Cl,CHEMBL217
CHEMBL2113364,CS(=O)(=O)Oc1ccc2c(c1)CCN(CC[C@H]1CC[C@H](NC(=O)/C=C/c3ccc(F)cc3)CC1)CC2.Cl,CHEMBL217
CHEMBL108616,CC(O)c1ccc(CSc2nc3ccccc3n2Cc2ccc(Cl)cc2)cc1,CHEMBL217
CHEMBL2368617,CS(=O)(=O)c1ccc2c(c1)CCN(CC[C@H]1CC[C@H](NC(=O)/C=C/c3ccc(C#N)cc3)CC1)CC2.Cl,CHEMBL217
CHEMBL108289,COC(=O)c1ccc(CCc2nc3ccccc3n2Cc2ccc(Cl)cc2)cc1,CHEMBL217
CHEMBL108289,COC(=O)c1ccc(CCc2nc3ccccc3n2Cc2ccc(Cl)cc2)cc1,CHEMBL217
CHEMBL3084612,Cc1coc(-c2cccc(C(=O)N[C@H]3CC[C@H](CCN4CCc5ccc(OS(C)(=O)=O)cc5CC4)CC3)c2)n1.Cl,CHEMBL217
CHEMBL3084626,Cc1cc(-c2cccc(C(=O)N[C@H]3CC[C@H](CCN4CCc5ccc(OS(C)(=O)=O)cc5CC4)CC3)c2)on1.Cl,CHEMBL217
CHEMBL2368622,CS(=O)(=O)Oc1ccc2c(c1)CCN(CC[C@H]1CC[C@H](NC(=O)/C=C/c3cccc(F)c3)CC1)CC2.Cl,CHEMBL217
CHEMBL2368633,COc1ccccc1/C=C/C(=O)N[C@H]1CC[C@H](CCN2CCc3ccc(OS(C)(=O)=O)cc3CC2)CC1.Cl,CHEMBL217
CHEMBL3084613,Cc1nc(-c2cccc(C(=O)N[C@H]3CC[C@H](CCN4CCc5ccc(OS(C)(=O)=O)cc5CC4)CC3)c2)no1.Cl,CHEMBL217
CHEMBL2368620,CS(=O)(=O)c1ccc2c(c1)CCN(CC[C@H]1CC[C@H](NC(=O)/C=C/c3ccccc3C#N)CC1)CC2.Cl,CHEMBL217
CHEMBL3084624,CS(=O)(=O)Oc1ccc2c(c1)CCN(CC[C@H]1CC[C@H](NC(=O)c3cccc4ccccc34)CC1)CC2.Cl,CHEMBL217
CHEMBL3084597,Cc1ncc(-c2cccc(C(=O)N[C@H]3CC[C@H](CCN4CCc5ccc(OS(C)(=O)=O)cc5CC4)CC3)c2)o1.Cl,CHEMBL217
CHEMBL3084598,Cc1ccc2c(C(=O)N[C@H]3CC[C@H](CCN4CCc5ccc(OS(C)(=O)=O)cc5CC4)CC3)cccc2n1.Cl,CHEMBL217
CHEMBL3084629,Cc1cnc(-c2cccc(C(=O)N[C@H]3CC[C@H](CCN4CCc5ccc(OS(C)(=O)=O)cc5CC4)CC3)c2)o1.Cl,CHEMBL217
CHEMBL3084625,CS(=O)(=O)Oc1ccc2c(c1)CCN(CC[C@H]1CC[C@H](NC(=O)c3cccc4ncccc34)CC1)CC2.Cl,CHEMBL217
CHEMBL3084599,Cc1ccc2c(C(=O)N[C@H]3CC[C@H](CCN4CCc5ccc(S(C)(=O)=O)cc5CC4)CC3)cccc2n1.Cl,CHEMBL217
CHEMBL2113356,COc1ccc(/C=C/C(=O)N[C@H]2CC[C@H](CCN3CCc4ccc(OS(C)(=O)=O)cc4CC3)CC2)cc1.Cl,CHEMBL217
CHEMBL3084596,CS(=O)(=O)Oc1ccc2c(c1)CCN(CC[C@H]1CC[C@H](NC(=O)c3cccc(-n4cccc4)c3)CC1)CC2.Cl,CHEMBL217
CHEMBL108698,CC(=O)c1ccc(CSc2nc3ccccc3n2Cc2ccc(Cl)cc2)cc1,CHEMBL217
CHEMBL108856,Cc1nc(-c2ccc(CSc3nc4ccccc4n3Cc3ccc(Cl)cc3)cc2)no1,CHEMBL217
CHEMBL79834,O=C1NCN(c2ccccc2)C12CCN(CCCOc1ccc(F)cc1)CC2,CHEMBL217
CHEMBL2368618,COc1cccc(/C=C/C(=O)N[C@H]2CC[C@H](CCN3CCc4ccc(OS(C)(=O)=O)cc4CC3)CC2)c1.Cl,CHEMBL217
CHEMBL2368623,CS(=O)(=O)c1ccc2c(c1)CCN(CC[C@H]1CC[C@H](NC(=O)/C=C/c3cccc(F)c3)CC1)CC2.Cl,CHEMBL217
CHEMBL324619,COC(=O)c1ccc(CSc2nc3ccccc3n2Cc2ccc(Cl)cc2)cc1,CHEMBL217
CHEMBL324619,COC(=O)c1ccc(CSc2nc3ccccc3n2Cc2ccc(Cl)cc2)cc1,CHEMBL217
CHEMBL2368624,CS(=O)(=O)c1ccc2c(c1)CCN(CC[C@H]1CC[C@H](NC(=O)/C=C/c3cccc(C#N)c3)CC1)CC2.Cl,CHEMBL217
CHEMBL108146,CC(C)(O)c1ccc(CSc2nc3ccccc3n2Cc2ccc(Cl)cc2)cc1,CHEMBL217
CHEMBL2368629,CS(=O)(=O)c1ccc2c(c1)CCN(CC[C@H]1CC[C@H](NC(=O)/C=C/c3ccc(F)cc3)CC1)CC2.Cl,CHEMBL217
CHEMBL111054,COC(=O)c1ccc(/C=C/c2nc3ccccc3n2Cc2ccc(Cl)cc2)cc1,CHEMBL217
CHEMBL111054,COC(=O)c1ccc(/C=C/c2nc3ccccc3n2Cc2ccc(Cl)cc2)cc1,CHEMBL217
CHEMBL3084601,CS(=O)(=O)Oc1ccc2c(c1)CCN(CC[C@H]1CC[C@H](NC(=O)c3cccc(-c4ncccn4)c3)CC1)CC2.Cl,CHEMBL217
CHEMBL2368627,CS(=O)(=O)c1ccc2c(c1)CCN(CC[C@H]1CC[C@H](NC(=O)/C=C/c3cc(F)cc(F)c3)CC1)CC2.Cl,CHEMBL217
CHEMBL267930,O=C(CCCN1CCC2(CC1)C(=O)NCN2c1ccccc1)c1ccc(F)cc1,CHEMBL217
CHEMBL97856,O=C(NCCCCN1CC[C@H]2c3ccc(O)cc3CC[C@@H]21)c1ccc(-c2ccccc2)cc1,CHEMBL217
CHEMBL108531,Nc1ccc(C#CCCN2CC=C(c3ccccc3)CC2)cc1,CHEMBL217
CHEMBL140258,N#Cc1ccc2cc(CN3CCN(c4ccccc4Cl)CC3)[nH]c2c1,CHEMBL217
CHEMBL240773,CCCN1CCC[C@@H]2Cc3n[nH]cc3C[C@H]21,CHEMBL217
CHEMBL1204116,Br.Clc1ccc(N2CCN(C[C@H]3C[C@@H]3c3ccccc3)CC2)c(Cl)c1,CHEMBL217
CHEMBL42,CN1CCN(C2=Nc3cc(Cl)ccc3Nc3ccccc32)CC1,CHEMBL217
CHEMBL42,CN1CCN(C2=Nc3cc(Cl)ccc3Nc3ccccc32)CC1,CHEMBL217
CHEMBL1203260,Cl.c1ccc([C@H]2C[C@@H]2CN2CCN(c3ccccn3)CC2)cc1,CHEMBL217
CHEMBL1202222,Br.Fc1ccc([C@H]2C[C@@H]2CN2CCN(c3ccc(Cl)cc3)CC2)cc1,CHEMBL217
CHEMBL2092961,Br.Cc1ccc(N2CCN(CC3CC3c3ccccc3)CC2)c(C)c1,CHEMBL217
CHEMBL1202211,Br.COc1cc(Cl)ccc1N1CCN(C[C@H]2C[C@@H]2c2ccccc2)CC1,CHEMBL217
CHEMBL161916,COc1ccc2c(c1)CN(CC[C@H]1CC[C@H](NC(=O)/C=C/c3ccc(F)cc3)CC1)C2,CHEMBL217
CHEMBL1202213,Br.Clc1cccc(N2CCN(C[C@H]3C[C@@H]3c3ccccc3)CC2)c1Cl,CHEMBL217
CHEMBL125455,Clc1ccc(N2CCN(C[C@@H]3C[C@H]3c3ccccc3)CC2)c(Cl)c1,CHEMBL217
CHEMBL99876,CS(=O)(=O)Oc1cccc2c1CC[C@H]1[C@H]2CCN1CCCCNC(=O)c1ccc(-c2ccccc2)cc1,CHEMBL217
CHEMBL431367,Oc1ccc2[nH]cc(CCCCN3CC=C(c4ccccc4)CC3)c2c1,CHEMBL217
CHEMBL1202216,Br.COc1ccccc1N1CCN(C[C@H]2C[C@@H]2c2ccccc2)CC1,CHEMBL217
CHEMBL1202217,Br.COc1cccc(N2CCN(C[C@H]3C[C@@H]3c3ccccc3)CC2)c1,CHEMBL217
CHEMBL318925,CS(=O)(=O)Oc1cccc2c1CC[C@H]1[C@H]2CCCN1CCCCNC(=O)c1ccc(-c2ccccc2)cc1,CHEMBL217
CHEMBL108532,Nc1cccc(C#CCCN2CC=C(c3ccccc3)CC2)c1,CHEMBL217
CHEMBL299879,O=[N+]([O-])c1ccccc1S(=O)(=O)NC[C@H]1CC[C@H](CNCC2CCc3ccccc3C2)CC1,CHEMBL217
CHEMBL54,O=C(CCCN1CCC(O)(c2ccc(Cl)cc2)CC1)c1ccc(F)cc1,CHEMBL217
CHEMBL1202202,Br.Oc1ccc([C@H]2C[C@@H]2CN2CCN(c3ccc(Cl)cc3Cl)CC2)cc1,CHEMBL217
CHEMBL77206,C(=C/c1ccccc1)\COCC1CCN(CCc2ccccc2)CC1,CHEMBL217
CHEMBL302393,CN1Cc2cc(Cl)c(O)cc2[C@H](c2ccccc2)C1,CHEMBL217
CHEMBL282927,NC(=O)C1CCC(CN2CCC(=C(c3ccccc3)c3ccc(F)cc3)CC2)O1,CHEMBL217
CHEMBL54,O=C(CCCN1CCC(O)(c2ccc(Cl)cc2)CC1)c1ccc(F)cc1,CHEMBL217
CHEMBL54,O=C(CCCN1CCC(O)(c2ccc(Cl)cc2)CC1)c1ccc(F)cc1,CHEMBL217
CHEMBL1202221,Br.Clc1cccc(N2CCN(C[C@H]3C[C@@H]3c3ccccc3)CC2)c1,CHEMBL217
CHEMBL1202220,Br.Clc1ccc(N2CCN(C[C@H]3C[C@@H]3c3ccccc3)CC2)cc1,CHEMBL217
CHEMBL1202219,Br.Fc1ccc([C@H]2C[C@@H]2CN2CCN(c3ccccc3Cl)CC2)cc1,CHEMBL217
CHEMBL99198,O=C(NCCCCN1CCC[C@H]2c3cccc(O)c3CC[C@@H]21)c1ccc(-c2ccccc2)cc1,CHEMBL217
CHEMBL1202210,Br.Cc1cc(Cl)ccc1N1CCN(C[C@H]2C[C@@H]2c2ccccc2)CC1,CHEMBL217
CHEMBL716,OCCOCCN1CCN(C2=Nc3ccccc3Sc3ccccc32)CC1,CHEMBL217
CHEMBL109063,Nc1ccc(C#CCCN2CC=C(c3ccccc3)CC2)cn1,CHEMBL217
CHEMBL341497,c1ccc([C@H]2C[C@@H]2CN2CCN(c3ccccc3)CC2)cc1,CHEMBL217
CHEMBL1202215,Br.Clc1ccccc1N1CCN(C[C@H]2C[C@@H]2c2ccccc2)CC1,CHEMBL217
CHEMBL1202212,Br.Clc1ccc(N2CCN(C[C@H]3C[C@@H]3c3ccccc3)CC2)cc1Cl,CHEMBL217
CHEMBL1202209,Br.Cc1cc(F)ccc1N1CCN(C[C@H]2C[C@@H]2c2ccccc2)CC1,CHEMBL217
CHEMBL1202204,Br.COc1c(Cl)cc(N2CCN(C[C@H]3C[C@@H]3c3ccccc3)CC2)cc1Cl,CHEMBL217
CHEMBL42,CN1CCN(C2=Nc3cc(Cl)ccc3Nc3ccccc32)CC1,CHEMBL217
CHEMBL42,CN1CCN(C2=Nc3cc(Cl)ccc3Nc3ccccc32)CC1,CHEMBL217
CHEMBL1204116,Br.Clc1ccc(N2CCN(C[C@H]3C[C@@H]3c3ccccc3)CC2)c(Cl)c1,CHEMBL217
CHEMBL1204116,Br.Clc1ccc(N2CCN(C[C@H]3C[C@@H]3c3ccccc3)CC2)c(Cl)c1,CHEMBL217
CHEMBL1202206,Br.COc1ccc([C@H]2C[C@@H]2CN2CCN(c3ccc(Cl)cc3Cl)CC2)cc1,CHEMBL217
CHEMBL64117,CN1CCc2cc(Cl)c(O)cc2[C@@H]1Cc1ccccc1,CHEMBL217
CHEMBL1202208,Br.Cc1ccc(N2CCN(C[C@@H]3C[C@H]3c3ccccc3)CC2)c(C)c1,CHEMBL217
CHEMBL1202208,Br.Cc1ccc(N2CCN(C[C@@H]3C[C@H]3c3ccccc3)CC2)c(C)c1,CHEMBL217
CHEMBL140099,N#Cc1ccc2[nH]c(CN3CCN(c4ccccc4)CC3)cc2c1,CHEMBL217
CHEMBL108463,C(#Cc1cccnc1)CCN1CC=C(c2ccccc2)CC1,CHEMBL217
CHEMBL1204119,Br.Cc1ccc(N2CCN(C[C@H]3C[C@@H]3c3ccccc3)CC2)c(C)c1,CHEMBL217
CHEMBL78067,C(#Cc1ccccc1)COCCC1CCN(CCc2ccccc2)CC1,CHEMBL217
CHEMBL110489,C(#Cc1ccncc1)CCN1CC=C(c2ccccc2)CC1,CHEMBL217
CHEMBL1202205,Br.COc1ccc(Cl)cc1N1CCN(C[C@H]2C[C@@H]2c2ccccc2)CC1,CHEMBL217
CHEMBL319116,O=C(NCCCCN1CC[C@H]2c3cccc(O)c3CC[C@@H]21)c1ccc(-c2ccccc2)cc1,CHEMBL217
CHEMBL2111592,CS(=O)(=O)Oc1cccc2c1CCC1C2CCCN1CCCCNC(=O)c1ccc(-c2ccccc2)cc1,CHEMBL217
CHEMBL109101,Nc1ccc(C#CCCN2CC=C(c3ccccc3)CC2)nc1,CHEMBL217
CHEMBL1202225,Br.Clc1cc(Cl)cc(N2CCN(C[C@H]3C[C@@H]3c3ccccc3)CC2)c1,CHEMBL217
CHEMBL1202223,Br.Fc1ccc([C@H]2C[C@@H]2CN2CCN(c3cccc(Cl)c3)CC2)cc1,CHEMBL217
CHEMBL351300,O=C(/C=C/c1ccc(F)cc1)N[C@H]1CC[C@H](CCN2Cc3ccc(Br)cc3C2)CC1,CHEMBL217
CHEMBL1202214,Br.Br.COc1cc(F)ccc1N1CCN(C[C@H]2C[C@@H]2c2ccccc2)CC1,CHEMBL217
CHEMBL89420,c1ccc(CNCCOc2cccc3[nH]cnc23)cc1,CHEMBL217
CHEMBL278751,CCCN(CCC)[C@@H]1CCc2c(OC)cccc2[C@@H]1C,CHEMBL217
CHEMBL86504,FC(F)(F)c1nc2c(OCCNCc3ccccc3)cc(Cl)cc2[nH]1,CHEMBL217
CHEMBL87137,c1ccc(CNCCOc2cccc3[nH]ncc23)cc1,CHEMBL217
CHEMBL71275,CCCN[C@@H]1CCc2c(cccc2OC)C1,CHEMBL217
CHEMBL71275,CCCN[C@@H]1CCc2c(cccc2OC)C1,CHEMBL217
CHEMBL433121,CCCN(Cc1ccc([N+](=O)[O-])cc1)[C@@H]1CCc2c(cccc2OC)C1,CHEMBL217
CHEMBL433121,CCCN(Cc1ccc([N+](=O)[O-])cc1)[C@@H]1CCc2c(cccc2OC)C1,CHEMBL217
CHEMBL157293,C#CCN(CCCCN1CCN(c2ccccc2)CC1)C1CCc2ccc(O)cc2C1,CHEMBL217
CHEMBL424458,CCCN(CCC)[C@@H]1CCc2c(ccc(CCc3ccc(C(F)(F)F)cc3)c2OC)C1,CHEMBL217
CHEMBL314174,Oc1nc2c(OCCNCc3ccccc3)cccc2[nH]1,CHEMBL217
CHEMBL130843,CCCN(CCC)C1CCc2cc(CSc3ccc(OC)cc3)ccc2C1,CHEMBL217
CHEMBL69706,CCCN(Cc1cccs1)[C@@H]1CCc2c(cccc2OC)C1,CHEMBL217
CHEMBL64283,c1ccc(CNCCOc2cccc3[nH]ccc23)cc1,CHEMBL217
CHEMBL336971,CCCN(CCC)[C@@H]1CCc2cc(CCc3ccc(/C(C)=N\O)cc3)ccc2C1,CHEMBL217
CHEMBL158013,C#CCN(CCN1CCN(c2ccccc2)CC1)C1CCc2ccc(O)cc2C1,CHEMBL217
CHEMBL87192,FC(F)(F)c1nc2c(OCCNCc3ccccc3)cccc2[nH]1,CHEMBL217
CHEMBL130678,CCCN(CCC)[C@@H]1CCc2cc(CS(=O)(=O)c3ccc(I)cc3)ccc2C1,CHEMBL217
CHEMBL130101,CCCN(CCC)C1CCc2cc(CCc3ccc(C(=O)OCC)cc3)ccc2C1,CHEMBL217
CHEMBL67923,CCCN(Cc1ccc(OC)cc1)[C@@H]1CCc2c(cccc2OC)C1,CHEMBL217
CHEMBL67923,CCCN(Cc1ccc(OC)cc1)[C@@H]1CCc2c(cccc2OC)C1,CHEMBL217
CHEMBL129997,CCCN(CCC)[C@@H]1CCc2c(ccc(C(O)Cc3ccc(Cl)cc3)c2OC)C1,CHEMBL217
CHEMBL68573,CCCN(CCC)[C@@H]1CCc2c(cccc2OC)C1,CHEMBL217
CHEMBL68573,CCCN(CCC)[C@@H]1CCc2c(cccc2OC)C1,CHEMBL217
CHEMBL327782,Sc1nc2c(OCCNCc3ccccc3)cccc2[nH]1,CHEMBL217
CHEMBL89037,Sc1nc2c(OCCNCc3ccccc3)cc(Cl)cc2[nH]1,CHEMBL217
CHEMBL303502,CCCN(Cc1ccco1)[C@@H]1CCc2c(cccc2OC)C1,CHEMBL217
CHEMBL303502,CCCN(Cc1ccco1)[C@@H]1CCc2c(cccc2OC)C1,CHEMBL217
CHEMBL441089,CCCN(CCC)C1CCc2cc(CCc3ccc(OC)cc3)ccc2C1,CHEMBL217
CHEMBL130304,CCCN(CCC)C1CCc2cc(CCc3ccc(O)cc3)ccc2C1,CHEMBL217
CHEMBL155826,CCCN(CCCCN1CCN(c2ccccc2)CC1)C1CCc2ccc(O)cc2C1,CHEMBL217
CHEMBL157035,C#CCN(CCCCN1CCN(c2cccc(Cl)c2Cl)CC1)C1CCc2ccc(O)cc2C1,CHEMBL217
CHEMBL329398,Oc1nc2c(OCCNCc3ccccc3)cc(Cl)cc2[nH]1,CHEMBL217
CHEMBL59,NCCc1ccc(O)c(O)c1,CHEMBL217
CHEMBL87067,Cc1nc2c(OCCNCc3ccccc3)cccc2[nH]1,CHEMBL217
CHEMBL156639,CCCN(CCN1CCN(c2ccccc2)CC1)C1CCc2ccc(O)cc2C1,CHEMBL217
CHEMBL64508,Oc1cccc(OCCNCc2ccccc2)c1,CHEMBL217
CHEMBL68545,CCCN(Cc1ccccc1)[C@@H]1CCc2c(cccc2OC)C1,CHEMBL217
CHEMBL68545,CCCN(Cc1ccccc1)[C@@H]1CCc2c(cccc2OC)C1,CHEMBL217
CHEMBL156689,CCCN(CCN1CCN(c2cccc(Cl)c2Cl)CC1)C1CCc2ccc(O)cc2C1,CHEMBL217
CHEMBL71599,CCCN(Cc1ccc(F)cc1)[C@@H]1CCc2c(cccc2OC)C1,CHEMBL217
CHEMBL71599,CCCN(Cc1ccc(F)cc1)[C@@H]1CCc2c(cccc2OC)C1,CHEMBL217
CHEMBL54,O=C(CCCN1CCC(O)(c2ccc(Cl)cc2)CC1)c1ccc(F)cc1,CHEMBL217
CHEMBL54,O=C(CCCN1CCC(O)(c2ccc(Cl)cc2)CC1)c1ccc(F)cc1,CHEMBL217
CHEMBL132769,CCCN(CCC)[C@@H]1CCc2c(ccc(CCc3ccc(Cl)cc3)c2OC)C1,CHEMBL217
CHEMBL132724,CCCN(CCC)[C@H]1CCc2cc(CCc3ccc(Cl)cc3)ccc2C1,CHEMBL217
CHEMBL69985,CCCN(CCC)[C@@H]1CCc2c(F)cccc2C1,CHEMBL217
CHEMBL69985,CCCN(CCC)[C@@H]1CCc2c(F)cccc2C1,CHEMBL217
CHEMBL157036,CCCN(CCCCN1CCN(c2cccc(Cl)c2Cl)CC1)C1CCc2ccc(O)cc2C1,CHEMBL217
CHEMBL59752,O=C1Cc2c(cccc2OCCNCc2ccccc2)N1,CHEMBL217
CHEMBL69733,COc1ccc(CCCN2CCC(CCC(=O)c3cc(Cl)c(N)c4c3OCCO4)CC2)cc1OC,CHEMBL217
CHEMBL65847,CCCN(Cc1ccccc1)[C@@H]1CCc2c(F)cccc2C1,CHEMBL217
CHEMBL444342,Nc1ccccc1C(=O)CCCN1CC[C@@H]2[C@H](C1)c1cccc3c1N2CCCS3,CHEMBL217
CHEMBL407641,CNc1nc(Cl)c(SC)c(N2CCN(C)CC2)n1,CHEMBL217
CHEMBL80711,COc1ccccc1N1CCN(CCCNC2=Nc3ccccc3OC2)CC1.O=C(O)/C=C/C(=O)O,CHEMBL217
CHEMBL15242,CN1CCN(c2nc3ccccc3c(Cl)c2Sc2ccccc2)CC1,CHEMBL217
CHEMBL15270,Cc1nc(Cl)c(Sc2ccc(Cl)cc2)c(NC2CCN(Cc3ccccc3)CC2)n1,CHEMBL217
CHEMBL166310,Nc1cc(F)ccc1C(=O)CCCN1CC[C@H]2[C@@H](C1)c1cccc3c1N2CCCS3,CHEMBL217
CHEMBL166366,Nc1ccccc1C(=O)CCCN1CC[C@@H]2[C@H](C1)c1cccc3c1N2CCO3,CHEMBL217
CHEMBL349057,Nc1cc(F)ccc1C(=O)CCCN1CC[C@@H]2[C@H](C1)c1cccc3c1N2CCO3,CHEMBL217
CHEMBL165723,Nc1ccc(F)cc1C(=O)CCCN1CC[C@H]2[C@@H](C1)c1cccc3c1N2CCCS3,CHEMBL217
CHEMBL163261,Nc1ccccc1C(=O)CCCN1CC[C@@H]2[C@H](C1)c1cccc3c1N2CCCC3,CHEMBL217
CHEMBL831,CN1CCN(C2=Nc3ccccc3Oc3ccc(Cl)cc32)CC1,CHEMBL217
CHEMBL164744,O=CNc1cc(F)ccc1C(=O)CCCN1CC[C@H]2[C@@H](C1)c1cccc3c1N2CCCS3,CHEMBL217
CHEMBL415300,CN1CCN(C2=Nc3ccccc3Nc3ccc(Cl)cc32)CC1,CHEMBL217
CHEMBL348977,Nc1ccccc1C(=O)CCCN1CC[C@H]2[C@@H](C1)c1cccc3c1N2CCC3,CHEMBL217
CHEMBL352686,Nc1ccccc1C(=O)CCCN1CC[C@@H]2[C@H](C1)c1cccc3c1N2CCC3,CHEMBL217
CHEMBL72292,CN1CCN(C2=Nc3ccccc3Nc3ccc(OS(=O)(=O)C(F)(F)F)cc32)CC1,CHEMBL217
CHEMBL160817,O=C(CCCCCN1CCN(c2noc3ccccc23)CC1)c1ccccc1O,CHEMBL217
CHEMBL165126,Nc1c(F)cccc1C(=O)CCCN1CC[C@H]2[C@@H](C1)c1cccc3c1N2CCCS3,CHEMBL217
CHEMBL352648,O=C(CCCN1CC[C@H]2[C@@H](C1)c1cccc3c1N2CCCS3)c1ccc(F)cc1,CHEMBL217
CHEMBL162102,CS(=O)(=O)Nc1cc(F)ccc1C(=O)CCCN1CC[C@H]2[C@@H](C1)c1cccc3c1N2CCCS3,CHEMBL217
CHEMBL354005,Nc1cc(F)ccc1C(=O)CCCN1CC[C@H]2[C@@H](C1)c1cccc3c1N2CCS3,CHEMBL217
CHEMBL349683,Nc1cc(F)ccc1C(=O)CCCN1CC[C@H]2[C@@H](C1)c1cccc3c1N2CCCC3,CHEMBL217
CHEMBL42,CN1CCN(C2=Nc3cc(Cl)ccc3Nc3ccccc32)CC1,CHEMBL217
CHEMBL541270,COc1ccccc1N1CCN(CCCCc2cc(-c3cccc([N+](=O)[O-])c3)no2)CC1.Cl,CHEMBL217
CHEMBL165780,Nc1cc(F)ccc1C(=O)CCCN1CC[C@H]2[C@@H](C1)c1cccc3c1N2CCO3,CHEMBL217
CHEMBL335403,O=C(N[C@@H]1CC[C@H]2C[C@@H](N3CCN(c4ccccn4)CC3)CC[C@@H]2C1)c1ccccc1,CHEMBL217
CHEMBL159022,COc1ccccc1C(=O)CCCCCN1CCN(c2noc3ccccc23)CC1,CHEMBL217
CHEMBL424384,Nc1cc(Cl)ccc1C(=O)CCCN1CC[C@H]2[C@@H](C1)c1cccc3c1N2CCCS3,CHEMBL217
CHEMBL166310,Nc1cc(F)ccc1C(=O)CCCN1CC[C@H]2[C@@H](C1)c1cccc3c1N2CCCS3,CHEMBL217
CHEMBL349151,Nc1cc(F)ccc1C(=O)CCCN1CC[C@@H]2[C@H](C1)c1cccc3c1N2CCCS3,CHEMBL217
CHEMBL350567,O=C(CCCN1CC[C@H]2[C@@H](C1)c1cccc3c1N2CCCS3)c1ccccc1,CHEMBL217
CHEMBL352194,Nc1ccccc1C(=O)CCCN1CC[C@H]2[C@@H](C1)c1cccc3c1N2CCCC3,CHEMBL217
CHEMBL14998,Cc1nc(Cl)c(Sc2ccc(Cl)cc2)c(N2CCN(C)CC2)n1,CHEMBL217
CHEMBL70319,CN1CCN(C2=Nc3cc(Cl)ccc3Nc3ccc(OS(=O)(=O)C(F)(F)F)cc32)CC1,CHEMBL217
CHEMBL163742,Nc1ccccc1C(=O)CCCN1CC[C@H]2[C@@H](C1)c1cccc3c1N2CCS3,CHEMBL217
CHEMBL351459,Nc1ccccc1C(=O)CCCN1CC[C@@H]2[C@H](C1)c1cccc3c1N2CCS3,CHEMBL217
CHEMBL54,O=C(CCCN1CCC(O)(c2ccc(Cl)cc2)CC1)c1ccc(F)cc1,CHEMBL217
CHEMBL73589,CN1CCN(C2=Nc3ccccc3Sc3ccc(OS(=O)(=O)C(F)(F)F)cc32)CC1,CHEMBL217
CHEMBL163904,Nc1cc(F)ccc1C(=O)CCCN1CC[C@@H]2[C@H](C1)c1cccc3c1N2CCC3,CHEMBL217
CHEMBL538723,CCOc1ccccc1N1CCN(CCCCc2cc(-c3ccc(OC)c(OC)c3)no2)CC1.Cl,CHEMBL217
CHEMBL240773,CCCN1CCC[C@@H]2Cc3n[nH]cc3C[C@H]21,CHEMBL217
CHEMBL135387,O=C(N[C@H]1CC[C@H](CCN2CCN(c3ccccn3)CC2)CC1)c1ccccc1,CHEMBL217
CHEMBL351247,Nc1cc(F)ccc1C(=O)CCCN1CC[C@@H]2[C@H](C1)c1cccc3c1N2CCS3,CHEMBL217
CHEMBL2112745,O=C(N[C@H]1CC[C@H]2C[C@@H](N3CCN(c4ccccn4)CC3)CC[C@@H]2C1)c1ccccc1,CHEMBL217
CHEMBL164338,CCOC(=O)Nc1cc(F)ccc1C(=O)CCCN1CC[C@H]2[C@@H](C1)c1cccc3c1N2CCCS3,CHEMBL217
CHEMBL430798,CN1CCN(C2=Nc3ccccc3Oc3ccc(OS(=O)(=O)C(F)(F)F)cc32)CC1,CHEMBL217
CHEMBL541826,Br.c1ccc(N2CCN(CCCCCNC3=Nc4ccccc4OC3)CC2)cc1,CHEMBL217
CHEMBL163895,CCNC(=O)Nc1cc(F)ccc1C(=O)CCCN1CC[C@H]2[C@@H](C1)c1cccc3c1N2CCCS3,CHEMBL217
CHEMBL351708,Nc1ccccc1C(=O)CCCN1CC[C@H]2[C@@H](C1)c1cccc3c1N2CCO3,CHEMBL217
CHEMBL54,O=C(CCCN1CCC(O)(c2ccc(Cl)cc2)CC1)c1ccc(F)cc1,CHEMBL217
CHEMBL165897,Nc1cc(F)ccc1C(=O)CCCN1CC[C@@H]2[C@H](C1)c1cccc3c1N2CCCC3,CHEMBL217
CHEMBL557829,CCOc1ccccc1N1CCN(CCCCc2cc(-c3cccs3)no2)CC1.Cl,CHEMBL217
CHEMBL352182,Nc1cc(Br)ccc1C(=O)CCCN1CC[C@H]2[C@@H](C1)c1cccc3c1N2CCCS3,CHEMBL217
CHEMBL168051,CNc1ccccc1C(=O)CCCN1CC[C@H]2[C@@H](C1)c1cccc3c1N2CCCS3,CHEMBL217
CHEMBL351592,Nc1cc(F)ccc1C(=O)CCCN1CC[C@H]2[C@@H](C1)c1cccc3c1N2CCC3,CHEMBL217
CHEMBL537975,CCOc1ccccc1N1CCN(CCCCc2cc(-c3cccc([N+](=O)[O-])c3)no2)CC1.Cl,CHEMBL217
CHEMBL164909,Nc1cc(O)ccc1C(=O)CCCN1CC[C@H]2[C@@H](C1)c1cccc3c1N2CCCS3,CHEMBL217
CHEMBL14899,CNc1nc(Cl)c(Sc2ccccc2)c(N2CCN(C)CC2)n1,CHEMBL217
CHEMBL164185,Nc1ccccc1C(=O)CCCN1CC[C@H]2[C@@H](C1)c1cccc3c1N2CCCS3,CHEMBL217
CHEMBL162768,CC(=O)Nc1cc(F)ccc1C(=O)CCCN1CC[C@H]2[C@@H](C1)c1cccc3c1N2CCCS3,CHEMBL217
CHEMBL164185,Nc1ccccc1C(=O)CCCN1CC[C@H]2[C@@H](C1)c1cccc3c1N2CCCS3,CHEMBL217
CHEMBL278751,CCCN(CCC)[C@@H]1CCc2c(OC)cccc2[C@@H]1C,CHEMBL217
CHEMBL24978,CCCN(CCC)[C@@H]1Cc2cccc3ccc(=O)n(c23)C1,CHEMBL217
CHEMBL119455,CN1CCc2cccc3c2[C@H]1Cc1cccc(O)c1-3,CHEMBL217
CHEMBL566133,C=CCN1CC[C@@H]2c3cccc(O)c3CC[C@@H]21,CHEMBL217
CHEMBL313620,COc1ccccc1N1CCN(CCCOc2ccc(-c3nc4ccccc4[nH]3)cc2)CC1,CHEMBL217
CHEMBL267044,CCN1CCC[C@H]1CNC(=O)c1cc(S(N)(=O)=O)ccc1OC,CHEMBL217
CHEMBL267044,CCN1CCC[C@H]1CNC(=O)c1cc(S(N)(=O)=O)ccc1OC,CHEMBL217
CHEMBL2114337,CCCN1CCC2Cc3c(O)cccc3CC21,CHEMBL217
CHEMBL26118,C=CCN1CC[C@H]2c3c(cccc3OC)CC[C@H]21,CHEMBL217
CHEMBL2111525,COc1ccc(Br)cc1-c1nc(CNCC2CCN(Cc3ccccc3)C2)co1,CHEMBL217
CHEMBL10570,C=CCN1CCC2c3cccc(OC)c3CC[C@H]21,CHEMBL217
CHEMBL312877,COc1ccc(N2CCN(CCCOc3ccc(-c4nc5ccccc5[nH]4)cc3)CC2)cc1,CHEMBL217
CHEMBL280955,C=CCN1CC[C@H]2c3cccc(OC)c3CC[C@H]21,CHEMBL217
CHEMBL11066,CCCN1CC[C@@H]2Cc3c(O)cccc3C[C@H]21,CHEMBL217
CHEMBL278285,C=CCN1CCC2Cc3c(O)cccc3C[C@H]21,CHEMBL217
CHEMBL62602,COc1ccc(Br)cc1-c1nc(CNC[C@@H]2CCN(Cc3ccccc3)C2)co1,CHEMBL217
CHEMBL62602,COc1ccc(Br)cc1-c1nc(CNC[C@@H]2CCN(Cc3ccccc3)C2)co1,CHEMBL217
CHEMBL104453,c1ccc(CN2CCC(n3cccc3-c3cnco3)CC2)cc1,CHEMBL217
CHEMBL87478,CCCSc1ccccc1N1CCN(CCCOc2ccc(-c3nc4ccccc4[nH]3)cc2)CC1,CHEMBL217
CHEMBL2111528,COc1ccc(Br)cc1-c1nc(CNCC2CCN(Cc3ccccc3)C2)cs1,CHEMBL217
CHEMBL2111528,COc1ccc(Br)cc1-c1nc(CNCC2CCN(Cc3ccccc3)C2)cs1,CHEMBL217
CHEMBL287134,C=CCN1CC[C@H]2c3c(O)cccc3CC[C@H]21,CHEMBL217
CHEMBL285873,C=CCN1CC[C@H]2c3cccc(O)c3CC[C@H]21,CHEMBL217
CHEMBL42,CN1CCN(C2=Nc3cc(Cl)ccc3Nc3ccccc32)CC1,CHEMBL217
CHEMBL42,CN1CCN(C2=Nc3cc(Cl)ccc3Nc3ccccc32)CC1,CHEMBL217
CHEMBL26118,C=CCN1CC[C@H]2c3c(cccc3OC)CC[C@H]21,CHEMBL217
CHEMBL11388,CCCN1CC[C@@H]2Cc3c(cccc3OC)C[C@H]21,CHEMBL217
CHEMBL10289,C=CCN1CCC2c3cccc(O)c3CCC21,CHEMBL217
CHEMBL85972,c1cnc(N2CCN(CCCOc3ccc(-c4nc5ccccc5[nH]4)cc3)CC2)nc1,CHEMBL217
CHEMBL69985,CCCN(CCC)[C@@H]1CCc2c(F)cccc2C1,CHEMBL217
CHEMBL69985,CCCN(CCC)[C@@H]1CCc2c(F)cccc2C1,CHEMBL217
CHEMBL139345,CCCN[C@@H]1CCc2c(F)cccc2C1,CHEMBL217
CHEMBL139089,O=C1CC2(CCCC2)CC(=O)N1CCCCN[C@@H]1CCc2c(F)cccc2C1,CHEMBL217
CHEMBL139089,O=C1CC2(CCCC2)CC(=O)N1CCCCN[C@@H]1CCc2c(F)cccc2C1,CHEMBL217
CHEMBL276825,C=CCN1CCC2c3cccc(OC)c3CC[C@@H]21,CHEMBL217
CHEMBL138998,CCCN(CCCCN1C(=O)CC2(CCCC2)CC1=O)[C@@H]1CCc2c(F)cccc2C1,CHEMBL217
CHEMBL138998,CCCN(CCCCN1C(=O)CC2(CCCC2)CC1=O)[C@@H]1CCc2c(F)cccc2C1,CHEMBL217
CHEMBL516,CN1CCC(=C2c3ccccc3C=Cc3ccccc32)CC1,CHEMBL217
CHEMBL27441,CCCN[C@@H]1CCc2c(OC)cccc2[C@@H]1C,CHEMBL217
CHEMBL26118,C=CCN1CC[C@H]2c3c(cccc3OC)CC[C@H]21,CHEMBL217
CHEMBL62624,COc1ccc(Br)cc1-c1nc(CNC2CCN(Cc3ccccc3)CC2)cs1,CHEMBL217
CHEMBL62624,COc1ccc(Br)cc1-c1nc(CNC2CCN(Cc3ccccc3)CC2)cs1,CHEMBL217
CHEMBL285341,CCN(CC)C(=O)N[C@@H]1C[C@@H]2c3cccc4c3C(=CC4)C[C@H]2N(C)C1,CHEMBL217
CHEMBL53,CN1CCc2cccc3c2[C@H]1Cc1ccc(O)c(O)c1-3,CHEMBL217
CHEMBL25359,CCCN1CCC2Cc3c(O)cccc3C[C@H]21,CHEMBL217
CHEMBL65847,CCCN(Cc1ccccc1)[C@@H]1CCc2c(F)cccc2C1,CHEMBL217
CHEMBL10207,CCCN1CCC2c3cccc(O)c3CCC21,CHEMBL217
CHEMBL25013,Cc1[nH]c2cccc3c2c1C[C@@H]1C3C[C@H](NC(=O)C(C)(C)C)CN1C,CHEMBL217
CHEMBL59,NCCc1ccc(O)c(O)c1,CHEMBL217
CHEMBL26181,CCCN(CCC)[C@@H]1Cc2cccc3nc(O)n(c23)C1,CHEMBL217
CHEMBL56519,Oc1cccc2c1CC[C@@H]1NCCC[C@@H]21,CHEMBL217
CHEMBL24050,C=CCN1CC[C@H]2Cc3c(O)cccc3C[C@H]21,CHEMBL217
CHEMBL54,O=C(CCCN1CCC(O)(c2ccc(Cl)cc2)CC1)c1ccc(F)cc1,CHEMBL217
CHEMBL54,O=C(CCCN1CCC(O)(c2ccc(Cl)cc2)CC1)c1ccc(F)cc1,CHEMBL217
CHEMBL281248,CCCN(CCC)[C@@H]1Cc2cccc3nc(S)n(c23)C1,CHEMBL217
CHEMBL141510,CCCCN(CCC)[C@@H]1CCc2c(F)cccc2C1,CHEMBL217
CHEMBL141510,CCCCN(CCC)[C@@H]1CCc2c(F)cccc2C1,CHEMBL217
CHEMBL2111527,COc1ccc(Br)cc1-c1nc(CNCCC2CCN(Cc3ccccc3)C2)co1,CHEMBL217
CHEMBL141511,CCCCN[C@@H]1CCc2c(F)cccc2C1,CHEMBL217
CHEMBL423499,c1ccc(N2CCN(CC[C@H]3CC[C@H](c4c[nH]c5ccccc54)CC3)CC2)nc1,CHEMBL217
CHEMBL314983,c1ccc(N2CCN(CCCOc3ccc(-c4nc5ccccc5[nH]4)cc3)CC2)nc1,CHEMBL217
CHEMBL64139,COc1ccc(Br)cc1-c1nc(CNC[C@@H]2CCN(Cc3ccccc3)C2)cs1,CHEMBL217
CHEMBL24110,CCCN(CCC)[C@@H]1Cc2cccc3c2N(C1)C(=O)NC3,CHEMBL217
CHEMBL88058,Clc1ccccc1N1CCN(CCCOc2ccc(-c3nc4ccccc4[nH]3)cc2)CC1,CHEMBL217
CHEMBL10207,CCCN1CCC2c3cccc(O)c3CCC21,CHEMBL217
CHEMBL278091,CCCN1CCC2Cc3c(cccc3OC)C[C@H]21,CHEMBL217
CHEMBL293645,COc1ccc(Br)cc1-c1nc(CN2CCN(Cc3ccccc3)CC2)cs1,CHEMBL217
CHEMBL293645,COc1ccc(Br)cc1-c1nc(CN2CCN(Cc3ccccc3)CC2)cs1,CHEMBL217
CHEMBL25074,CN1C[C@@H](NC(=O)C(C)(C)C)CC2c3cccc4[nH]c(Cl)c(c34)C[C@H]21,CHEMBL217
CHEMBL42,CN1CCN(C2=Nc3cc(Cl)ccc3Nc3ccccc32)CC1,CHEMBL217
CHEMBL42,CN1CCN(C2=Nc3cc(Cl)ccc3Nc3ccccc32)CC1,CHEMBL217
CHEMBL11363,C=CCN1CC[C@@H]2Cc3c(O)cccc3C[C@H]21,CHEMBL217
CHEMBL10289,C=CCN1CCC2c3cccc(O)c3CCC21,CHEMBL217
CHEMBL273412,C=CCN1CCC2c3c(cccc3OC)CCC21,CHEMBL217
CHEMBL708,O=C1Cc2cc(CCN3CCN(c4nsc5ccccc45)CC3)c(Cl)cc2N1,CHEMBL217
CHEMBL715,Cc1cc2c(s1)Nc1ccccc1N=C2N1CCN(C)CC1,CHEMBL217
CHEMBL612083,CCCN(CCc1ccccc1)[C@H]1CCc2c(O)cccc2C1,CHEMBL217
CHEMBL316727,Cc1sc(C)c2c1CCCc1cnn(C)c1-2,CHEMBL217
CHEMBL716,OCCOCCN1CCN(C2=Nc3ccccc3Sc3ccccc32)CC1,CHEMBL217
CHEMBL531,CCCN1C[C@H](CSC)C[C@@H]2c3cccc4[nH]cc(c34)C[C@H]21,CHEMBL217
CHEMBL100203,Cc1sc(C)c2c1SCc1cnn(C)c1-2,CHEMBL217
CHEMBL433376,Cc1oc(C)c2c1CCCc1cnn(C)c1-2,CHEMBL217
CHEMBL225230,CCCN1CCc2cccc3c2[C@H]1Cc1ccc(O)c(O)c1-3,CHEMBL217
CHEMBL609151,CN1C[C@H](C(N)=O)C=C2c3cccc4[nH]c(Br)c(c34)C[C@H]21,CHEMBL217
CHEMBL42,CN1CCN(C2=Nc3cc(Cl)ccc3Nc3ccccc32)CC1,CHEMBL217
CHEMBL85,Cc1nc2n(c(=O)c1CCN1CCC(c3noc4cc(F)ccc34)CC1)CCCC2,CHEMBL217
CHEMBL83894,O=S1(=O)c2cccc3cccc(c23)N1CCCN1CCN(c2ccc(F)cc2)CC1,CHEMBL217
CHEMBL54,O=C(CCCN1CCC(O)(c2ccc(Cl)cc2)CC1)c1ccc(F)cc1,CHEMBL217
CHEMBL285802,CN(C)CCOC1=Cc2ccccc2Sc2ccc(Cl)cc21,CHEMBL217
CHEMBL42,CN1CCN(C2=Nc3cc(Cl)ccc3Nc3ccccc32)CC1,CHEMBL217
CHEMBL1255588,CC(C)(C)[C@@]1(O)CCN2C[C@@H]3c4ccccc4CCc4cccc(c43)[C@H]2C1,CHEMBL217
CHEMBL54,O=C(CCCN1CCC(O)(c2ccc(Cl)cc2)CC1)c1ccc(F)cc1,CHEMBL217
CHEMBL357807,COc1ccc2c(c1)CCC1(CCN(CCCC(=O)c3ccc(F)cc3)CC1)O2,CHEMBL217
CHEMBL12713,O=C1NCCN1CCN1CCC(c2cn(-c3ccc(F)cc3)c3ccc(Cl)cc23)CC1,CHEMBL217
CHEMBL157138,CCN(CC)C(=O)N[C@H]1C=C2c3cccc4[nH]cc(c34)C[C@H]2N(C)C1,CHEMBL217
CHEMBL70267,C1=C(c2nc3ccccc3o2)CCN(Cc2ccccc2)C1,CHEMBL217
CHEMBL80919,O=C(N[C@H]1CC[C@H](CCN2CCN(c3cccc(Cl)c3Cl)CC2)CC1)c1cccs1,CHEMBL217
CHEMBL78791,O=C(N[C@H]1CC[C@H](CCN2CCN(c3ccccc3)CC2)CC1)c1cccs1,CHEMBL217
CHEMBL309979,O=C(N[C@H]1CC[C@H](CCN2CCN(c3cccc(Cl)c3Cl)CC2)CC1)C1CCCCC1,CHEMBL217
CHEMBL311575,Cc1ccc(N2CCN(CC[C@H]3CC[C@H](NC(=O)c4cccs4)CC3)CC2)cc1,CHEMBL217
CHEMBL349034,Fc1ccc(N2CCN(CC[C@H]3CC[C@H](Nc4ncccn4)CC3)CC2)cc1,CHEMBL217
CHEMBL349034,Fc1ccc(N2CCN(CC[C@H]3CC[C@H](Nc4ncccn4)CC3)CC2)cc1,CHEMBL217
CHEMBL309459,O=C(N[C@H]1CC[C@H](CCN2CCN(c3ccc(Cl)cc3)CC2)CC1)c1cccs1,CHEMBL217
CHEMBL430439,O=C(N[C@H]1CC[C@H](CCN2CCN(c3cccc(Cl)c3Cl)CC2)CC1)c1ccccc1,CHEMBL217
CHEMBL113196,CCCN(CCc1ccc(Nc2ccc([N+](=O)[O-])c3nonc23)cc1)[C@H]1CCc2c(O)cccc2C1,CHEMBL217
CHEMBL309336,Cc1ccsc1C(=O)N[C@H]1CC[C@H](CCN2CCN(c3cccc(Cl)c3Cl)CC2)CC1,CHEMBL217
CHEMBL310401,O=C(N[C@H]1CC[C@H](CCN2CCN(c3cccc(Cl)c3)CC2)CC1)C1CCCCC1,CHEMBL217
CHEMBL78860,CCCN(C(=O)C1CCCCC1)[C@H]1CC[C@H](CCN2CCN(c3cccc(Cl)c3Cl)CC2)CC1,CHEMBL217
CHEMBL113527,CCCN(CCc1ccc(Nc2ccc([N+](=O)[O-])c3nonc23)cc1)[C@@H]1CCc2c(O)cccc2C1,CHEMBL217
CHEMBL164723,c1cnc(N[C@H]2CC[C@H](CCN3CCN(c4cccnc4)CC3)CC2)nc1,CHEMBL217
CHEMBL78655,O=C(NC1CCC(CCN2CCN(c3cccc(Cl)c3Cl)CC2)CC1)c1cccs1,CHEMBL217
CHEMBL309623,O=C(N[C@H]1CC[C@H](CCN2CCN(c3ccccc3)CC2)CC1)C1CCCCC1,CHEMBL217
CHEMBL311772,O=C(NC1CCC(CCN2CCN(c3ccccc3)CC2)CC1)c1cccs1,CHEMBL217
CHEMBL2113347,Cl.N#Cc1ccc2c(c1)CN(CC[C@H]1CC[C@H](NC(=O)c3cc4ccccc4[nH]3)CC1)CC2,CHEMBL217
CHEMBL165664,c1ccc(N2CCN(C[C@H]3CC[C@H](Nc4ncccn4)CC3)CC2)cc1,CHEMBL217
CHEMBL76908,Cc1ccc(C(=O)N[C@H]2CC[C@H](CCN3CCN(c4cccc(Cl)c4Cl)CC3)CC2)s1,CHEMBL217
CHEMBL320779,CCCN(CCc1ccc(N/C(S)=N/c2ccc3c(c2)C(=O)OC32c3ccc(O)cc3Oc3cc(O)ccc32)cc1)[C@@H]1CCc2c(O)cccc2C1,CHEMBL217
CHEMBL310680,O=C(N[C@H]1CC[C@H](CCN2CCN(c3ccc(Cl)cc3)CC2)CC1)C1CCCCC1,CHEMBL217
CHEMBL1159663,CCCN(CCc1ccc(C)cc1)[C@@H]1CCc2c(O)cccc2C1,CHEMBL217
CHEMBL164979,CN(CCc1ccccc1)CC[C@H]1CC[C@H](Nc2ncccn2)CC1,CHEMBL217
CHEMBL355371,c1ccc(N2CCN(CC[C@H]3CC[C@H](Nc4ncccn4)CC3)CC2)nc1,CHEMBL217
CHEMBL355371,c1ccc(N2CCN(CC[C@H]3CC[C@H](Nc4ncccn4)CC3)CC2)nc1,CHEMBL217
CHEMBL2368612,Cl.N#Cc1ccc2c(c1)CCN(CC[C@H]1CC[C@H](NC(=O)/C=C/c3ccccc3)CC1)C2,CHEMBL217
CHEMBL2110308,c1ccc(N2CCN(C3CCC(Nc4ncccn4)CC3)CC2)cc1,CHEMBL217
CHEMBL2092940,CCCN(CCc1ccc(C)cc1)[C@H]1CCc2c(O)cccc2C1,CHEMBL217
CHEMBL2368611,Cl.N#Cc1ccc2c(c1)CCN(CC[C@H]1CC[C@H](NC(=O)/C=C/c3ccc(F)cc3)CC1)C2,CHEMBL217
CHEMBL165440,c1cnc(N[C@H]2CC[C@H](CCN3CCc4ccccc4C3)CC2)nc1,CHEMBL217
CHEMBL2113350,Cl.N#Cc1ccc2c(c1)CN(CC[C@H]1CC[C@H](NC(=O)/C=C/c3ccccc3)CC1)CC2,CHEMBL217
CHEMBL2113352,CS(=O)(=O)c1cccc(/C=C/C(=O)N[C@H]2CC[C@H](CCN3CCc4cc(C#N)ccc4C3)CC2)c1.Cl,CHEMBL217
CHEMBL165679,c1ccc(N2CCN(CC[C@H]3CC[C@H](Nc4ncccn4)CC3)CC2)cc1,CHEMBL217
CHEMBL165679,c1ccc(N2CCN(CC[C@H]3CC[C@H](Nc4ncccn4)CC3)CC2)cc1,CHEMBL217
CHEMBL164792,COc1ccccc1N1CCN(CC[C@H]2CC[C@H](Nc3ncccn3)CC2)CC1,CHEMBL217
CHEMBL164792,COc1ccccc1N1CCN(CC[C@H]2CC[C@H](Nc3ncccn3)CC2)CC1,CHEMBL217
CHEMBL351617,COc1ccc(N2CCN(CC[C@H]3CC[C@H](Nc4ncccn4)CC3)CC2)cc1,CHEMBL217
CHEMBL349980,c1cnc(N[C@H]2CC[C@H](CCN3CCN(c4ncccn4)CC3)CC2)nc1,CHEMBL217
CHEMBL350352,Clc1cccc(N2CCN(CC[C@H]3CC[C@H](Nc4ncccn4)CC3)CC2)c1Cl,CHEMBL217
CHEMBL309727,O=C(N[C@H]1CC[C@H](CCN2CCN(c3cccc(Cl)c3Cl)CC2)CC1)c1ccsc1,CHEMBL217
CHEMBL80875,Cc1cccc(N2CCN(CC[C@H]3CC[C@H](NC(=O)c4cccs4)CC3)CC2)c1,CHEMBL217
CHEMBL80615,Cc1ccc(N2CCN(CC[C@H]3CC[C@H](NC(=O)C4CCCCC4)CC3)CC2)cc1C,CHEMBL217
CHEMBL80315,CN(C(=O)c1cccs1)[C@H]1CC[C@H](CCN2CCN(c3cccc(Cl)c3Cl)CC2)CC1,CHEMBL217
CHEMBL301559,CCCN(CCC)[C@@H]1CCc2ccc(O)cc2C1,CHEMBL217
CHEMBL606939,CCCN(CCc1ccccc1)[C@@H]1CCc2c(O)cccc2C1,CHEMBL217
CHEMBL612083,CCCN(CCc1ccccc1)[C@H]1CCc2c(O)cccc2C1,CHEMBL217
CHEMBL312752,Cc1csc(C(=O)N[C@H]2CC[C@H](CCN3CCN(c4cccc(Cl)c4Cl)CC3)CC2)c1,CHEMBL217
CHEMBL267930,O=C(CCCN1CCC2(CC1)C(=O)NCN2c1ccccc1)c1ccc(F)cc1,CHEMBL217
CHEMBL309623,O=C(N[C@H]1CC[C@H](CCN2CCN(c3ccccc3)CC2)CC1)C1CCCCC1,CHEMBL217
CHEMBL2112078,Cl.N#Cc1ccc2c(c1)CN(CC[C@H]1CC[C@H](NC(=O)/C=C/c3c[nH]c4ccccc34)CC1)CC2,CHEMBL217
CHEMBL310204,O=C(N[C@H]1CC[C@H](CCN2CCN(c3ccccc3Cl)CC2)CC1)C1CCCCC1,CHEMBL217
CHEMBL165056,FC(F)(F)c1cccc(N2CCN(CC[C@H]3CC[C@H](Nc4ncccn4)CC3)CC2)c1,CHEMBL217
CHEMBL78916,CC(=O)N[C@H]1CC[C@H](CCN2CCN(c3ccccc3)CC2)CC1,CHEMBL217
CHEMBL111532,CCCN(CCc1ccc(N)cc1)C1CCc2c(O)cccc2C1,CHEMBL217
CHEMBL164604,C1=C(c2ccccc2)CCN(CC[C@H]2CC[C@H](Nc3ncccn3)CC2)C1,CHEMBL217
CHEMBL166252,c1cnc(N[C@H]2CC[C@H](CCN3CCN(c4nccs4)CC3)CC2)nc1,CHEMBL217
CHEMBL80571,O=C(NC1CCC(CCN2CCN(c3ccccc3)CC2)CC1)C1CCCCC1,CHEMBL217
CHEMBL78406,O=C(N[C@H]1CC[C@H](CCN2CCN(c3ccccn3)CC2)CC1)c1cccs1,CHEMBL217
CHEMBL312430,O=C(N[C@H]1CC[C@H](CCN2CCN(c3cccc(Cl)c3Cl)CC2)CC1)c1ccco1,CHEMBL217
CHEMBL109897,CCCN(CCc1ccc(N/C(S)=N/c2ccc3c(c2)C(=O)OC32c3ccc(O)cc3Oc3cc(O)ccc32)cc1)[C@H]1CCc2c(O)cccc2C1,CHEMBL217
CHEMBL78791,O=C(N[C@H]1CC[C@H](CCN2CCN(c3ccccc3)CC2)CC1)c1cccs1,CHEMBL217
CHEMBL349426,c1ccc(N2CCN(CC[C@H]3CC[C@H](Nc4ncnc5ccccc45)CC3)CC2)cc1,CHEMBL217
CHEMBL3084971,c1ccc(N2CCN(CC[C@H]3CC[C@@H](Nc4ncccn4)CC3)CC2)cc1,CHEMBL217
CHEMBL310158,O=C(NC1CCC(CCN2CCN(c3cccc(Cl)c3Cl)CC2)CC1)c1ccccc1,CHEMBL217
CHEMBL310577,COc1cccc(N2CCN(CC[C@H]3CC[C@H](NC(=O)c4cccs4)CC3)CC2)c1,CHEMBL217
CHEMBL78800,O=C(N[C@H]1CC[C@H](CCN2CCN(c3ccccc3Cl)CC2)CC1)c1cccs1,CHEMBL217
CHEMBL78617,O=C(N[C@H]1CC[C@H](CCN2CCN(c3cccc(Cl)c3Cl)CC2)CC1)C1CCCC1,CHEMBL217
CHEMBL78195,O=C(N[C@H]1CC[C@H](CCN2CCN(c3cccc(Cl)c3Cl)CC2)CC1)C1CCCCCC1,CHEMBL217
CHEMBL165689,c1cnc(N[C@H]2CC[C@H](CCN3CCN(c4cnccn4)CC3)CC2)nc1,CHEMBL217
CHEMBL312803,COc1ccc(N2CCN(CC[C@H]3CC[C@H](NC(=O)c4cccs4)CC3)CC2)cc1,CHEMBL217
CHEMBL109684,CCCN(CCc1ccccc1)C1CCc2c(O)cccc2C1,CHEMBL217
CHEMBL165140,c1ccc(N2CCN(CCC[C@H]3CC[C@H](Nc4ncccn4)CC3)CC2)cc1,CHEMBL217
CHEMBL309501,Cc1ccccc1N1CCN(CC[C@H]2CC[C@H](NC(=O)c3cccs3)CC2)CC1,CHEMBL217
CHEMBL165047,CN(c1ncccn1)[C@H]1CC[C@H](CCN2CCN(c3ccccc3)CC2)CC1,CHEMBL217
CHEMBL78950,COc1ccccc1N1CCN(CC[C@H]2CC[C@H](NC(=O)c3cccs3)CC2)CC1,CHEMBL217
CHEMBL78368,O=C(N[C@H]1CC[C@H](CCN2CCN(c3cccc(Cl)c3)CC2)CC1)c1cccs1,CHEMBL217
CHEMBL109787,CCCN(CCc1ccc(Nc2ccc([N+](=O)[O-])c3nonc23)cc1)C1CCc2c(O)cccc2C1,CHEMBL217
CHEMBL92649,O=C(CCCN1CCC2(CC1)C(=O)N(CCc1ccc(Nc3ccc([N+](=O)[O-])c4nonc34)cc1)CN2c1ccccc1)c1ccc(F)cc1,CHEMBL217
CHEMBL320526,CCCN(CCc1ccc(N/C(S)=N/c2ccc3c(c2)C(=O)OC32c3ccc(O)cc3Oc3cc(O)ccc32)cc1)C1CCc2c(O)cccc2C1,CHEMBL217
CHEMBL2110308,c1ccc(N2CCN(C3CCC(Nc4ncccn4)CC3)CC2)cc1,CHEMBL217
CHEMBL139600,COc1ccccc1N1CCN(CCCCCNC(=O)c2cnn3ccccc23)CC1,CHEMBL217
CHEMBL139600,COc1ccccc1N1CCN(CCCCCNC(=O)c2cnn3ccccc23)CC1,CHEMBL217
CHEMBL279247,Cc1nn(C2CCN(Cc3ccccc3)CC2)cc1-c1ccccc1,CHEMBL217
CHEMBL42,CN1CCN(C2=Nc3cc(Cl)ccc3Nc3ccccc32)CC1,CHEMBL217
CHEMBL25236,COc1ccccc1N1CCN(CCCCNC(=O)c2ccc3ccccc3c2)CC1,CHEMBL217
CHEMBL25236,COc1ccccc1N1CCN(CCCCNC(=O)c2ccc3ccccc3c2)CC1,CHEMBL217
CHEMBL143352,COc1ccccc1N1CCN(CCCCNC(=O)c2cccn3nccc23)CC1,CHEMBL217
CHEMBL143352,COc1ccccc1N1CCN(CCCCNC(=O)c2cccn3nccc23)CC1,CHEMBL217
CHEMBL139926,O=C(NCCCCN1CCN(c2cccc(Cl)c2Cl)CC1)c1cc2ccccc2o1,CHEMBL217
CHEMBL139926,O=C(NCCCCN1CCN(c2cccc(Cl)c2Cl)CC1)c1cc2ccccc2o1,CHEMBL217
CHEMBL25938,c1ccc(CN2CCC(c3cc(-c4ccccc4)[nH]n3)CC2)cc1,CHEMBL217
CHEMBL25772,Cc1c(-c2ccccc2)cnn1C1CCN(Cc2ccccc2)CC1,CHEMBL217
CHEMBL140968,COc1ccccc1N1CCN(CCCCCNC(=O)c2cc3ccccn3n2)CC1,CHEMBL217
CHEMBL140968,COc1ccccc1N1CCN(CCCCCNC(=O)c2cc3ccccn3n2)CC1,CHEMBL217
CHEMBL141419,COc1ccccc1N1CCN(CCCCNC(=O)c2cc3ccccc3[te]2)CC1,CHEMBL217
CHEMBL141419,COc1ccccc1N1CCN(CCCCNC(=O)c2cc3ccccc3[te]2)CC1,CHEMBL217
CHEMBL24809,Cc1cc(-c2ccccc2)n(C2CCN(Cc3ccccc3)CC2)n1,CHEMBL217
CHEMBL342060,COc1ccccc1N1CCN(CCCCNC(=O)c2ccn3nccc3c2)CC1,CHEMBL217
CHEMBL342060,COc1ccccc1N1CCN(CCCCNC(=O)c2ccn3nccc3c2)CC1,CHEMBL217
CHEMBL337531,O=C(NCCCCN1CCN(c2cccc(Cl)c2Cl)CC1)c1cc2ccccc2[te]1,CHEMBL217
CHEMBL337531,O=C(NCCCCN1CCN(c2cccc(Cl)c2Cl)CC1)c1cc2ccccc2[te]1,CHEMBL217
CHEMBL281195,Cc1c(C2CCN(Cc3ccccc3)CC2)n[nH]c1-c1ccccc1,CHEMBL217
CHEMBL336930,COc1ccccc1N1CCN(CCCCNC(=O)c2ccc3ccnn3c2)CC1,CHEMBL217
CHEMBL336930,COc1ccccc1N1CCN(CCCCNC(=O)c2ccc3ccnn3c2)CC1,CHEMBL217
CHEMBL296512,Fc1ccc(-c2[nH]c3cc(F)ccc3c2C2CCCNC2)cc1,CHEMBL217
CHEMBL140612,COc1ccccc1N1CCN(CCCNC(=O)c2cnn3ccccc23)CC1,CHEMBL217
CHEMBL140612,COc1ccccc1N1CCN(CCCNC(=O)c2cnn3ccccc23)CC1,CHEMBL217
CHEMBL315772,CN(C)CC1CC2c3ccccc3Cc3ccc(Cl)cc3N2O1,CHEMBL217
CHEMBL287412,Cc1nn(C2CCN(Cc3cccc(Cl)c3)CC2)cc1-c1ccccc1,CHEMBL217
CHEMBL423735,COc1ccccc1N1CCN(CCCCNC(=O)c2cnn3ccccc23)CC1,CHEMBL217
CHEMBL423735,COc1ccccc1N1CCN(CCCCNC(=O)c2cnn3ccccc23)CC1,CHEMBL217
CHEMBL424294,COc1ccccc1N1CCN(CCCCNC(=O)c2cc3ccccc3s2)CC1,CHEMBL217
CHEMBL424294,COc1ccccc1N1CCN(CCCCNC(=O)c2cc3ccccc3s2)CC1,CHEMBL217
CHEMBL344677,COc1ccccc1N1CCN(CCCCNC(=O)c2cccc3ccnn23)CC1,CHEMBL217
CHEMBL344677,COc1ccccc1N1CCN(CCCCNC(=O)c2cccc3ccnn23)CC1,CHEMBL217
CHEMBL26120,Cc1nn(C2CCN(Cc3cccc(C#N)c3)CC2)cc1-c1ccccc1,CHEMBL217
CHEMBL43819,CN1CCCC(c2c(-c3ccccc3)[nH]c3ccccc23)C1,CHEMBL217
CHEMBL141845,COc1ccccc1N1CCN(CCNC(=O)c2cnn3ccccc23)CC1,CHEMBL217
CHEMBL141845,COc1ccccc1N1CCN(CCNC(=O)c2cnn3ccccc23)CC1,CHEMBL217
CHEMBL142020,COc1ccccc1N1CCN(CCCCNC(=O)c2cc3ccccn3n2)CC1,CHEMBL217
CHEMBL142020,COc1ccccc1N1CCN(CCCCNC(=O)c2cc3ccccn3n2)CC1,CHEMBL217
CHEMBL124444,COc1ccccc1N1CCN(CCCCNC(=O)c2cc3ccccc3o2)CC1,CHEMBL217
CHEMBL124444,COc1ccccc1N1CCN(CCCCNC(=O)c2cc3ccccc3o2)CC1,CHEMBL217
CHEMBL305392,N#Cc1ccc2c(c1)C1CN(Cc3ccccc3)CC1CC2,CHEMBL217
CHEMBL413275,CC(=O)Nc1ccc(CN2C[C@H]3COc4ccc(C#N)cc4[C@@H]3C2)cc1,CHEMBL217
CHEMBL126474,COc1ccccc1N1CCN(CCCCNC(=O)c2ccc(C(C)=O)cc2)CC1,CHEMBL217
CHEMBL126948,COc1ccccc1N1CCN(CCCCNC(=O)c2ccc(C(=O)c3ccccc3)cc2)CC1.O=C(O)C(=O)O,CHEMBL217
CHEMBL127114,COc1ccccc1N1CCN(CCCCNC(=O)C2CC2c2ccccc2)CC1.O=C(O)C(=O)O,CHEMBL217
CHEMBL127311,COc1ccc(/C=C/C(=O)NCCCCN2CCN(c3ccccc3OC)CC2)cc1,CHEMBL217
CHEMBL417473,CN1CCc2ccc3c4c2[C@H]1Cc1cccc(c1-4)[C@]3(C)O,CHEMBL217
CHEMBL263058,COc1ccccc1N1CCN(CCCNC(=O)c2ccccc2I)CC1.O=C(O)C(=O)O,CHEMBL217
CHEMBL125525,COc1ccccc1N1CCN(CCCCNC(=O)c2coc3ccccc3c2=O)CC1.O=C(O)C(=O)O,CHEMBL217
CHEMBL53,CN1CCc2cccc3c2[C@H]1Cc1ccc(O)c(O)c1-3,CHEMBL217
CHEMBL340173,COc1ccccc1N1CCN(CCCCNC(=O)CCc2ccccc2)CC1.O=C(O)C(=O)O,CHEMBL217
CHEMBL126128,COc1ccccc1N1CCN(CCCCNC(=O)/C=C/c2ccccc2)CC1.O=C(O)C(=O)O,CHEMBL217
CHEMBL304856,c1ccc(CN2CC3COc4ccccc4C3C2)cc1,CHEMBL217
CHEMBL64721,N#Cc1ccc2c(c1)C1CN(Cc3ccc(F)cc3)CC1CO2,CHEMBL217
CHEMBL66080,N#Cc1ccc2c(c1)[C@@H]1CN(CCCCNC(=O)c3ccc(-c4ccccc4)cc3)C[C@H]1CO2,CHEMBL217
CHEMBL127807,COc1ccccc1N1CCN(Cc2cccc(CNC(=O)c3ccc4ccccc4c3)c2)CC1.O=C(O)C(=O)O,CHEMBL217
CHEMBL285352,CN1CCc2ccc3c4c2[C@H]1Cc1cccc(c1-4)[C@@H]3O,CHEMBL217
CHEMBL129483,COc1ccccc1N1CCN(CCCCNC(=O)c2ccc(-c3ccccc3)cc2)CC1.O=C(O)C(=O)O,CHEMBL217
CHEMBL127230,COc1ccccc1N1CCN(CCCCNC(=O)/C=C/c2ccc(Oc3ccccc3)cc2)CC1,CHEMBL217
CHEMBL27132,C[C@H]1c2cccc3c2-c2c1ccc1c2[C@@H](C3)N(C)CC1,CHEMBL217
CHEMBL338841,COc1ccccc1N1CCN(CCCCNC(=O)/C=C/c2cccc(I)c2)CC1,CHEMBL217
CHEMBL338063,COc1ccccc1N1CCN(CCCCNC(=O)/C=C/c2ccc(Cl)cc2Cl)CC1.O=C(O)C(=O)O,CHEMBL217
CHEMBL65071,CC(=O)Nc1ccc(CN2CC3COc4ccc(C#N)cc4C3C2)cc1,CHEMBL217
CHEMBL99198,O=C(NCCCCN1CCC[C@H]2c3cccc(O)c3CC[C@@H]21)c1ccc(-c2ccccc2)cc1,CHEMBL217
CHEMBL341481,COc1ccccc1N1CCN(C2CC3CC(NC4CC5CC(N6CCN(c7ccccc7OC)CC6)CC5C4)CC3C2)CC1.O=C(O)C(=O)O,CHEMBL217
CHEMBL127080,COc1ccccc1N1CCN(CCCCNC(=O)C2(c3ccc(Cl)cc3)CCCC2)CC1.O=C(O)C(=O)O,CHEMBL217
CHEMBL273921,O=C1c2ccccc2CCCN1CCN1CCC(n2c(O)nc3cc(F)ccc32)CC1,CHEMBL217
CHEMBL126136,COc1ccccc1N1CCN(CCCCNC(=O)c2ccccc2I)CC1,CHEMBL217
CHEMBL126780,COc1ccccc1N1CCN(CCCCNC(=O)c2cc3ccccc3oc2=O)CC1,CHEMBL217
CHEMBL126331,COc1ccc2cc([C@H](C)C(=O)NCCCN3CCN(c4ccccc4OC)CC3)ccc2c1.O=C(O)C(=O)O,CHEMBL217
CHEMBL340712,COc1ccccc1N1CCN(CCCCNC(=O)/C=C/c2ccc(I)cc2)CC1,CHEMBL217
CHEMBL127979,COc1ccccc1N1CCN(CCCN2C(=O)c3ccccc3C2=O)CC1.O=C(O)C(=O)O,CHEMBL217
CHEMBL129606,COc1ccccc1N1CCN(CCCNC(=O)c2cccc(I)c2)CC1.O=C(O)C(=O)O,CHEMBL217
CHEMBL126439,COc1ccccc1N1CCN(CCCCNC(=O)c2ccc3ccccc3n2)CC1.O=C(O)C(=O)O,CHEMBL217
CHEMBL129429,COc1ccccc1N1CCN(CCCCNC(=O)/C=C/c2ccc(C(F)(F)F)cc2)CC1,CHEMBL217
CHEMBL126342,COc1ccccc1N1CCN(CCCCNC(=O)/C=C/c2cccc(Oc3ccccc3)c2)CC1.O=C(O)C(=O)O,CHEMBL217
CHEMBL126892,COc1ccccc1N1CCN(CCCCNC(=O)c2nccc3ccccc23)CC1.O=C(O)C(=O)O,CHEMBL217
CHEMBL126656,COc1ccccc1N1CCN(CCCNC(=O)Cc2cccc3ccccc23)CC1.O=C(O)C(=O)O,CHEMBL217
CHEMBL126441,COc1ccccc1/C=C/C(=O)NCCCCN1CCN(c2ccccc2OC)CC1,CHEMBL217
CHEMBL421085,COc1ccccc1N1CCN(CCCCNC(=O)/C=C/c2ccc(Cl)c(Cl)c2)CC1.O=C(O)C(=O)O,CHEMBL217
CHEMBL126632,COc1ccccc1N1CCN(CCCCN2C(=O)c3ccccc3C2=O)CC1.O=C(O)C(=O)O,CHEMBL217
CHEMBL418321,Brc1ccc2c(c1)C1CN(Cc3ccccc3)CC1CO2,CHEMBL217
CHEMBL281924,CO[C@]1(C)c2cccc3c2-c2c1ccc1c2[C@@H](C3)N(C)CC1,CHEMBL217
CHEMBL280804,CCO[C@@]1(CC)c2cccc3c2-c2c1ccc1c2[C@@H](C3)N(C)CC1,CHEMBL217
CHEMBL127029,COc1ccccc1N1CCN(CCCCNC(=O)c2ccc(-c3ccc(Cl)cc3)o2)CC1.O=C(O)C(=O)O,CHEMBL217
CHEMBL65122,N#Cc1ccc2c(c1)[C@@H]1CN(Cc3ccc(F)cc3)C[C@H]1CO2,CHEMBL217
CHEMBL284586,CN1CCc2ccc3c4c2[C@H]1Cc1cccc(c1-4)C3,CHEMBL217
CHEMBL303979,Fc1ccc2c(c1)C1CN(Cc3ccccc3)CC1CO2,CHEMBL217
CHEMBL443006,CS(=O)(=O)Nc1ccc(CCN2CC3COc4ccc(C#N)cc4C3C2)cc1,CHEMBL217
CHEMBL2112210,N#Cc1ccc2c(c1)[C@H]1CN(CCCCNC(=O)c3ccc(-c4ccc(N)cc4)cc3)C[C@@H]1CO2,CHEMBL217
CHEMBL27309,CN1CCc2ccc3c4c2[C@H]1Cc1cccc(c1-4)[C@@]3(C)O,CHEMBL217
CHEMBL59,NCCc1ccc(O)c(O)c1,CHEMBL217
CHEMBL59,NCCc1ccc(O)c(O)c1,CHEMBL217
CHEMBL59,NCCc1ccc(O)c(O)c1,CHEMBL217
CHEMBL59,NCCc1ccc(O)c(O)c1,CHEMBL217
CHEMBL26751,CN1CCc2ccc3c4c2[C@H]1Cc1cccc(c1-4)[C@H]3O,CHEMBL217
CHEMBL281048,CN1CCc2ccc3c4c2[C@H]1Cc1cccc(c1-4)[C@H]3N,CHEMBL217
CHEMBL126502,COc1ccccc1N1CCN(CCCCNC(=O)c2cccc(I)c2)CC1.O=C(O)C(=O)O,CHEMBL217
CHEMBL126746,COc1ccccc1N1CCN(CCCCNC(=O)/C=C/c2ccc(-c3ccccc3)cc2)CC1,CHEMBL217
CHEMBL125459,COc1ccccc1N1CCN(CCCCNC(=O)/C=C/c2cccc3c2OCO3)CC1,CHEMBL217
CHEMBL341299,COc1ccccc1N1CCN(CCCCNC(=O)/C=C/c2ccco2)CC1.O=C(O)C(=O)O,CHEMBL217
CHEMBL293159,N#Cc1ccc2c(c1)[C@H]1CN(Cc3ccccc3)C[C@@H]1CO2,CHEMBL217
CHEMBL436157,CCCN1CC2COc3ccc(C#N)cc3C2C1,CHEMBL217
CHEMBL163087,CCCN(CCC)C1CC=C(C#C[Si](C)(C)C)CC1,CHEMBL217
CHEMBL163087,CCCN(CCC)C1CC=C(C#C[Si](C)(C)C)CC1,CHEMBL217
CHEMBL163087,CCCN(CCC)C1CC=C(C#C[Si](C)(C)C)CC1,CHEMBL217
CHEMBL27940,Cc1cccc2c1-c1cccc3c1[C@@H](C2)N(C)CC3,CHEMBL217
CHEMBL126313,COc1ccccc1N1CCN(CCCCNC(=O)c2sc3ccccc3c2Cl)CC1,CHEMBL217
CHEMBL339103,COc1ccccc1N1CCN(CCCCNC(=O)Cc2ccc3ccccc3c2)CC1.O=C(O)C(=O)O,CHEMBL217
CHEMBL291417,Clc1ccc2c(c1)C1CN(Cc3ccccc3)CC1CO2,CHEMBL217
CHEMBL59662,COc1ccc2c(c1)OCC1CN(Cc3ccccc3)CC21,CHEMBL217
CHEMBL64157,N#Cc1ccc2c(c1)[C@H]1CN(Cc3ccc(F)cc3)C[C@@H]1CO2,CHEMBL217
CHEMBL277790,N#Cc1ccc2c(c1)C1CN(CCCCNC(=O)c3ccc(-c4ccccc4)cc3)CC1CO2,CHEMBL217
CHEMBL553331,Cl.Cl.Cn1c(=O)c2c(ncn2CCCN2CCN(C(c3ccc(F)cc3)c3ccc(F)cc3)CC2)n(C)c1=O,CHEMBL217
CHEMBL338606,COc1ccccc1N1CCN(CCCCNC(=O)/C=C/c2ccc(F)cc2)CC1,CHEMBL217
CHEMBL127038,COc1ccccc1N1CCN(CCCCNC(=O)/C=C/c2ccc3c(c2)OCO3)CC1,CHEMBL217
CHEMBL418671,CC(=O)Nc1ccc(CCN2C[C@@H]3COc4ccc(C#N)cc4[C@H]3C2)cc1,CHEMBL217
CHEMBL305660,CC(C)(C)c1ccc(C(=O)CCCN2CCC(OC(c3ccccc3)c3ccccc3)CC2)cc1,CHEMBL217
CHEMBL162762,C#CC1=CCC(N(CCC)CCC)CC1,CHEMBL217
CHEMBL162762,C#CC1=CCC(N(CCC)CCC)CC1,CHEMBL217
CHEMBL162762,C#CC1=CCC(N(CCC)CCC)CC1,CHEMBL217
CHEMBL162762,C#CC1=CCC(N(CCC)CCC)CC1,CHEMBL217
CHEMBL128133,COc1ccccc1N1CCN(CCCNC(=O)Cc2ccc3ccccc3c2)CC1.O=C(O)C(=O)O,CHEMBL217
CHEMBL129465,COc1ccccc1N1CCN(CCCCNC(=O)/C=C/c2ccc([N+](=O)[O-])cc2)CC1.O=C(O)C(=O)O,CHEMBL217
CHEMBL339062,COc1ccccc1N1CCN(CCCCNC(=O)/C=C/c2ccc(C=O)cc2)CC1.O=C(O)C(=O)O,CHEMBL217
CHEMBL127912,COc1ccccc1N1CCN(CCCCNC(=O)/C=C/c2cccc(Cl)c2)CC1.O=C(O)C(=O)O,CHEMBL217
CHEMBL338552,COc1ccccc1N1CCN(CCCCNC(=O)/C=C/c2cccs2)CC1.O=C(O)C(=O)O,CHEMBL217
CHEMBL125580,COc1ccccc1N1CCN(CCCCN2C(=O)c3cc4ccccc4cc3C2=O)CC1,CHEMBL217
CHEMBL279247,Cc1nn(C2CCN(Cc3ccccc3)CC2)cc1-c1ccccc1,CHEMBL217
CHEMBL294275,COc1ccc2c(c1)C1CN(Cc3ccccc3)CC1CO2,CHEMBL217
CHEMBL62823,CC(=O)Nc1ccc(CCN2C[C@H]3COc4ccc(C#N)cc4[C@@H]3C2)cc1,CHEMBL217
CHEMBL27254,COc1ccccc1N1CCN(CCCCNC(=O)c2ccc(I)cc2)CC1,CHEMBL217
CHEMBL125676,COc1ccccc1N1CCN(CCCCNC(=O)/C=C/c2ccc(C(C)(C)C)cc2)CC1.O=C(O)C(=O)O,CHEMBL217
CHEMBL126280,COc1ccccc1N1CCN(CCCCNC(=O)/C=C/c2ccsc2)CC1,CHEMBL217
CHEMBL294515,N#Cc1ccc2c(c1)[C@@H]1CN(Cc3ccccc3)C[C@H]1CO2,CHEMBL217
CHEMBL62416,CC(=O)Nc1ccc(CN2C[C@@H]3COc4ccc(C#N)cc4[C@H]3C2)cc1,CHEMBL217
CHEMBL302416,N#Cc1ccc2c(c1)C1CN(Cc3ccccc3)CC1CO2,CHEMBL217
CHEMBL341134,COc1ccccc1N1CCN(CCCCNC(=O)/C=C/c2ccc(Br)cc2)CC1.O=C(O)C(=O)O,CHEMBL217
CHEMBL340851,COc1ccccc1N1CCN(CCCCNC(=O)/C=C/c2ccc(OCc3ccccc3)cc2)CC1,CHEMBL217
CHEMBL415520,COc1ccccc1N1CCN(CCCCNC(=O)/C=C/c2cccc(C(F)(F)F)c2)CC1.O=C(O)C(=O)O,CHEMBL217
CHEMBL61565,CC(=O)Nc1ccc(CCN2CC3COc4ccc(C#N)cc4C3C2)cc1,CHEMBL217
CHEMBL26471,CN1CCc2ccc3c4c2[C@H]1Cc1cccc(c1-4)C3=O,CHEMBL217
CHEMBL129035,COc1ccccc1N1CCN(CCCCNC(=O)/C=C/c2ccc(/C=C/C(=O)NCCCCN3CCN(c4ccccc4OC)CC3)cc2)CC1,CHEMBL217
CHEMBL126258,COc1ccccc1N1CCN(CCCCNC(=O)c2ccc(Cl)cc2)CC1.O=C(O)C(=O)O,CHEMBL217
CHEMBL129022,COc1ccccc1N1CCN(CCCCNC(=O)c2cc3ccccc3cn2)CC1.O=C(O)C(=O)O,CHEMBL217
CHEMBL129022,COc1ccccc1N1CCN(CCCCNC(=O)c2cc3ccccc3cn2)CC1.O=C(O)C(=O)O,CHEMBL217
CHEMBL341241,COc1ccccc1N1CCN(CCCCNC(=O)/C=C/c2ccc(C#N)cc2)CC1.O=C(O)C(=O)O,CHEMBL217
CHEMBL341542,COc1ccccc1N1CCN(CCCCNC(=O)/C=C/c2cccnc2)CC1.O=C(O)C(=O)O,CHEMBL217
CHEMBL129767,COc1ccccc1N1CCN(CCCCNC(=O)/C=C/C=C/c2ccccc2)CC1,CHEMBL217
CHEMBL126285,COc1ccccc1N1CCN(CCCCN2C(=O)c3cccc4cccc(c34)C2=O)CC1,CHEMBL217
CHEMBL302416,N#Cc1ccc2c(c1)C1CN(Cc3ccccc3)CC1CO2,CHEMBL217
CHEMBL281554,CCO[C@]1(CC)c2cccc3c2-c2c1ccc1c2[C@@H](C3)N(C)CC1,CHEMBL217
CHEMBL127288,COc1ccccc1N1CCN(CCCCNC(=O)c2ccc(C(C)(C)C)cc2)CC1,CHEMBL217
CHEMBL340608,COc1ccccc1N1CCN(CCCCNC(=O)/C=C/c2ccccc2I)CC1,CHEMBL217
CHEMBL127923,COc1ccccc1N1CCN(CCCCNC(=O)/C=C/c2cc(I)c(OC)c(OC)c2)CC1.O=C(O)C(=O)O,CHEMBL217
CHEMBL126749,COc1ccccc1N1CCN(CCCCNC(=O)/C=C/c2ccc3ccccc3c2)CC1,CHEMBL217
CHEMBL434403,CC(=O)c1ccc(C(=O)Nc2ccc(CCN3CC4COc5ccc(C#N)cc5C4C3)cc2)cc1,CHEMBL217
CHEMBL126312,COc1ccccc1N1CCN(Cc2ccccc2CNC(=O)c2ccc3ccccc3c2)CC1.O=C(O)C(=O)O,CHEMBL217
CHEMBL340313,COc1ccccc1N1CCN(C2CC3CC(NC(=O)c4ccc5ccccc5c4)CC3C2)CC1.O=C(O)C(=O)O,CHEMBL217
CHEMBL127654,COc1ccccc1N1CCN(CCCCNC(=O)/C=C/c2ccccc2Cl)CC1.O=C(O)C(=O)O,CHEMBL217
CHEMBL65280,N#Cc1ccc2c(c1)[C@H]1CN(CCCCNC(=O)c3ccc(-c4ccccc4)cc3)C[C@@H]1CO2,CHEMBL217
CHEMBL282863,C[C@@H]1c2cccc3c2-c2c1ccc1c2[C@@H](C3)N(C)CC1,CHEMBL217
CHEMBL127234,COc1ccccc1N1CCN(Cc2ccccc2CNC(=O)/C=C/c2ccccc2)CC1,CHEMBL217
CHEMBL25236,COc1ccccc1N1CCN(CCCCNC(=O)c2ccc3ccccc3c2)CC1,CHEMBL217
CHEMBL338611,Cn1c(=O)c2c(ncn2CCCN2CCC(C(c3ccccc3)c3ccccc3)CC2)n(C)c1=O.O=C(O)/C=C/C(=O)O,CHEMBL217
CHEMBL421667,COc1ccccc1N1CCN(CCCNC(=O)c2ccc(I)cc2)CC1,CHEMBL217
CHEMBL126834,COc1ccccc1N1CCN(CCCCNC(=O)c2cccc3c2-c2ccccc2C3=O)CC1,CHEMBL217
CHEMBL281923,CO[C@@]1(C)c2cccc3c2-c2c1ccc1c2[C@@H](C3)N(C)CC1,CHEMBL217
CHEMBL339620,COc1ccccc1N1CCN(Cc2ccc(CNC(=O)c3ccc4ccccc4c3)cc2)CC1.O=C(O)C(=O)O,CHEMBL217
CHEMBL126725,COc1ccccc1N1CCN(CCCCNC(=O)/C=C/c2ccc(Cl)cc2)CC1.O=C(O)C(=O)O,CHEMBL217
CHEMBL126725,COc1ccccc1N1CCN(CCCCNC(=O)/C=C/c2ccc(Cl)cc2)CC1.O=C(O)C(=O)O,CHEMBL217
CHEMBL419760,CCS(=O)(=O)c1ccc(OC)c(-c2ccc(CN3CCc4ccccc4C3)[nH]2)c1,CHEMBL217
CHEMBL113606,CCN(Cc1ccc(-c2cc(S(=O)(=O)CC)ccc2OC)[nH]1)Cc1ccccc1Cl,CHEMBL217
CHEMBL112219,CCS(=O)(=O)c1ccc(OC)c(-c2ccc(CN3CCCCCC3c3ccc(C)cc3)[nH]2)c1,CHEMBL217
CHEMBL325859,CCS(=O)(=O)c1ccc(OC)c(-c2ccc(CN3CCCCCC3c3ccc(OC)cc3)[nH]2)c1,CHEMBL217
CHEMBL111884,CCN1[C@H](c2ccccc2)CC[C@H]1c1ccc(-c2cc(S(=O)(=O)CC)ccc2OC)[nH]1,CHEMBL217
CHEMBL21967,CCN(Cc1ccccc1)Cc1ccc(-c2cc(S(=O)(=O)CC)ccc2OC)[nH]1,CHEMBL217
CHEMBL109532,CCN(Cc1ccc(-c2cc(S(=O)(=O)CC)ccc2OC)[nH]1)[C@H](C)c1ccccc1,CHEMBL217
CHEMBL113229,CCN(Cc1ccc2c(c1)OCO2)Cc1ccc(-c2cc(S(=O)(=O)CC)ccc2OC)[nH]1,CHEMBL217
CHEMBL322070,CCN(Cc1ccc(Cl)cc1)Cc1ccc(-c2cc(S(=O)(=O)CC)ccc2OC)[nH]1,CHEMBL217
CHEMBL332270,CCN(Cc1cccc(Cl)c1)Cc1ccc(-c2cc(S(=O)(=O)CC)ccc2OC)[nH]1,CHEMBL217
CHEMBL112735,CCN(Cc1ccc(OC)cc1)Cc1ccc(-c2cc(S(=O)(=O)CC)ccc2OC)[nH]1,CHEMBL217
CHEMBL324044,CCN(Cc1ccc(OC)c(OC)c1)Cc1ccc(-c2cc(S(=O)(=O)CC)ccc2OC)[nH]1,CHEMBL217
CHEMBL321244,CCN(Cc1ccc(-c2cc(S(=O)(=O)CC)ccc2OC)[nH]1)[C@@H](C)c1ccccc1,CHEMBL217
CHEMBL112505,CCN(Cc1cccc(OC)c1)Cc1ccc(-c2cc(S(=O)(=O)CC)ccc2OC)[nH]1,CHEMBL217
CHEMBL263881,CCN(CC)C(=O)[C@@H]1C=C2c3cccc4[nH]cc(c34)C[C@H]2N(C)C1,CHEMBL217
CHEMBL112705,CCN(Cc1ccc(C)cc1)Cc1ccc(-c2cc(S(=O)(=O)CC)ccc2OC)[nH]1,CHEMBL217
CHEMBL326662,CCS(=O)(=O)c1ccc(OC)c(-c2ccc(C3CCCN3Cc3ccccc3)[nH]2)c1,CHEMBL217
CHEMBL2367896,CCN1[C@@H](c2ccc(-c3cc(S(=O)(=O)CC)ccc3OC)[nH]2)CC[C@H]1c1ccccc1,CHEMBL217
CHEMBL113524,CCN(Cc1ccc(-c2cc(S(=O)(=O)CC)ccc2OC)[nH]1)C1CCCc2ccccc21,CHEMBL217
CHEMBL343755,C[C@H]1C[C@H](C)N1C(=O)[C@@H]1C=C2c3cccc4[nH]cc(c34)CC2N(C)C1,CHEMBL217
CHEMBL323817,CCN(Cc1ccc(-c2cc(S(=O)(=O)CC)ccc2OC)[nH]1)C1CCc2ccccc21,CHEMBL217
CHEMBL110793,CCN(Cc1ccc(-c2cc(S(=O)(=O)CC)ccc2OC)[nH]1)Cc1ccccc1OC,CHEMBL217
CHEMBL112268,CCN(Cc1cccc(C)c1)Cc1ccc(-c2cc(S(=O)(=O)CC)ccc2OC)[nH]1,CHEMBL217
CHEMBL137781,C[C@@H]1C[C@H](C)N1C(=O)[C@@H]1C=C2c3cccc4[nH]cc(c34)CC2N(C)C1,CHEMBL217
CHEMBL22156,CCS(=O)(=O)c1ccc(OC)c(-c2ccc(CN3CCCCCC3c3ccccc3)[nH]2)c1,CHEMBL217
CHEMBL113523,CCN(Cc1ccc(-c2cc(S(=O)(=O)CC)ccc2OC)[nH]1)Cc1ccccc1C,CHEMBL217
CHEMBL319043,COc1ccc(OC)c(CN2CCN(CC(=O)N3c4ccccc4C[C@H]3C)CC2)c1,CHEMBL217
CHEMBL108282,C[C@@H]1Cc2ccccc2N1C(=O)CN1CCN(Cc2ccc(Cl)cc2)CC1,CHEMBL217
CHEMBL92189,Cc1c(-c2ccc(F)cc2)nc(O)n1C1CCN(Cc2ccccc2)CC1,CHEMBL217
CHEMBL91621,O=C(Nc1ccccc1)NC1CCN(Cc2ccccc2)CC1,CHEMBL217
CHEMBL431640,C=C[C@@H]1Cc2ccccc2N1C(=O)CN1CCN(Cc2ccc(Cl)cc2)CC1,CHEMBL217
CHEMBL321121,CC[C@@H]1Cc2ccccc2N1C(=O)CN1CCN(Cc2ccc(C)cc2)CC1,CHEMBL217
CHEMBL91272,O=C(Nc1ccccn1)NC1CCN(Cc2ccccc2)CC1,CHEMBL217
CHEMBL53,CN1CCc2cccc3c2[C@H]1Cc1ccc(O)c(O)c1-3,CHEMBL217
CHEMBL108011,CC(C)c1ccc(Cl)cc1CN1CCN(CC(=O)N2c3ccccc3C[C@H]2C)CC1,CHEMBL217
CHEMBL14376,COc1cc(C(C)=O)ccc1OCCCN1CCC(c2noc3cc(F)ccc23)CC1,CHEMBL217
CHEMBL91229,Cc1c(-c2ccccc2)nc(O)n1C1CCN(CCc2ccccc2)CC1,CHEMBL217
CHEMBL91669,Cn1c(-c2ccccc2)cn(C2CCN(Cc3ccccc3)CC2)c1=O,CHEMBL217
CHEMBL94283,Cc1c(-c2cccc(Cl)c2)nc(O)n1C1CCN(Cc2ccccc2)CC1,CHEMBL217
CHEMBL102582,CCCN1CCOC2c3cc(O)ccc3CCC21,CHEMBL217
CHEMBL328739,Cc1c(-c2ccccc2)n(C)c(=O)n1C1CCN(Cc2ccccc2)CC1,CHEMBL217
CHEMBL60815,c1ccc(-c2c[nH]c(CN3CCN(c4ccccc4)CC3)c2)cc1,CHEMBL217
CHEMBL60815,c1ccc(-c2c[nH]c(CN3CCN(c4ccccc4)CC3)c2)cc1,CHEMBL217
CHEMBL42,CN1CCN(C2=Nc3cc(Cl)ccc3Nc3ccccc32)CC1,CHEMBL217
CHEMBL91553,Cc1c(-c2ccccn2)nc(O)n1C1CCN(Cc2ccccc2)CC1,CHEMBL217
CHEMBL92859,Cc1cccc(CN2CCC(n3c(O)nc(-c4ccccc4)c3C)CC2)c1,CHEMBL217
CHEMBL1303,CCCN(CCc1cccs1)[C@H]1CCc2c(O)cccc2C1,CHEMBL217
CHEMBL320597,Cc1ccc(CN2CCN(CC(=O)N3c4ccccc4C[C@H]3C)CC2)cc1,CHEMBL217
CHEMBL91821,Cc1nc(O)n(C2CCN(Cc3ccccc3)CC2)c1-c1ccccc1,CHEMBL217
CHEMBL91498,CCc1c(-c2ccccc2)nc(O)n1C1CCN(Cc2ccccc2)CC1,CHEMBL217
CHEMBL103622,CCCN(CCC)C1CCc2sccc2C1,CHEMBL217
CHEMBL106862,COc1cc(Cl)ccc1CN1CCN(CC(=O)N2c3ccccc3C[C@H]2C)CC1,CHEMBL217
CHEMBL90005,Cc1c(-c2cccs2)nc(O)n1C1CCN(Cc2ccccc2)CC1,CHEMBL217
CHEMBL316125,Cc1c(-c2ccccc2)nc(O)n1C1CCN(CC2CCCCC2)CC1,CHEMBL217
CHEMBL104678,C[C@@H]1Cc2ccccc2N1C(=O)CN1CCN(Cc2ccc(Cl)c(Cl)c2)CC1,CHEMBL217
CHEMBL319923,CC[C@@H]1Cc2ccccc2N1C(=O)CN1CCN(Cc2ccc(Cl)cc2)CC1,CHEMBL217
CHEMBL94023,Cc1c(-c2ccc(Cl)cc2)nc(O)n1C1CCN(Cc2ccccc2)CC1,CHEMBL217
CHEMBL301559,CCCN(CCC)[C@@H]1CCc2ccc(O)cc2C1,CHEMBL217
CHEMBL104751,COc1ccc(Cl)cc1CN1CCN(CC(=O)N2c3ccccc3C[C@H]2C)CC1,CHEMBL217
CHEMBL450021,COc1ccc(-c2nc(O)n(C3CCN(Cc4ccccc4)CC3)c2C)cc1,CHEMBL217
CHEMBL54,O=C(CCCN1CCC(O)(c2ccc(Cl)cc2)CC1)c1ccc(F)cc1,CHEMBL217
CHEMBL326010,C[C@@H]1Cc2ccccc2N1C(=O)CN1CCN(Cc2cc(Cl)cc(Cl)c2)CC1,CHEMBL217
CHEMBL320515,C[C@@H]1Cc2ccccc2N1C(=O)CN1CCN(Cc2ccc(F)c(F)c2Cl)CC1,CHEMBL217
CHEMBL225230,CCCN1CCc2cccc3c2[C@H]1Cc1ccc(O)c(O)c1-3,CHEMBL217
CHEMBL328667,O=C(Nc1nccc2ccccc12)NC1CCN(Cc2ccccc2)CC1,CHEMBL217
CHEMBL104058,C[C@@H]1Cc2ccccc2N1C(=O)CN1CCN(Cc2ccc(F)cc2)CC1,CHEMBL217
CHEMBL91162,Cc1c(-c2ccccc2)nc(O)n1C1CCN(Cc2ccccc2)CC1,CHEMBL217
CHEMBL105172,C[C@@H]1Cc2ccccc2N1C(=O)CN1CCN(Cc2cc(Cl)ccc2Cl)CC1,CHEMBL217
CHEMBL59,NCCc1ccc(O)c(O)c1,CHEMBL217
CHEMBL59,NCCc1ccc(O)c(O)c1,CHEMBL217
CHEMBL103857,CCCN(CCC)C1CCc2ccsc2C1,CHEMBL217
CHEMBL42,CN1CCN(C2=Nc3cc(Cl)ccc3Nc3ccccc32)CC1,CHEMBL217
CHEMBL42,CN1CCN(C2=Nc3cc(Cl)ccc3Nc3ccccc32)CC1,CHEMBL217
CHEMBL42,CN1CCN(C2=Nc3cc(Cl)ccc3Nc3ccccc32)CC1,CHEMBL217
CHEMBL93432,Cc1c(-c2ccccc2)n(-c2ccccc2)c(=O)n1C1CCN(Cc2ccccc2)CC1,CHEMBL217
CHEMBL93958,Oc1nc(-c2ccccc2)cn1C1CCN(Cc2ccccc2)CC1,CHEMBL217
CHEMBL89971,Cc1c(-c2ccccc2Cl)nc(O)n1C1CCN(Cc2ccccc2)CC1,CHEMBL217
CHEMBL15136,CCCN(CCC)[C@@H]1Cc2cccc(O)c2C[C@H]1C,CHEMBL217
CHEMBL263162,Cc1ccc(-c2nc(O)n(C3CCN(Cc4ccccc4)CC3)c2C)cc1,CHEMBL217
CHEMBL93969,Cc1c(-c2ccccc2)nc(O)n1C1CCN(Cc2ccc(Cl)cc2)CC1,CHEMBL217
CHEMBL326863,CCOc1ccc(Cl)cc1CN1CCN(CC(=O)N2c3ccccc3C[C@H]2C)CC1,CHEMBL217
CHEMBL716,OCCOCCN1CCN(C2=Nc3ccccc3Sc3ccccc32)CC1,CHEMBL217
CHEMBL831,CN1CCN(C2=Nc3ccccc3Oc3ccc(Cl)cc32)CC1,CHEMBL217
CHEMBL90882,CN1CCN(C2=Cc3ccccc3Oc3ccc(Cl)cc32)CC1,CHEMBL217
CHEMBL53,CN1CCc2cccc3c2[C@H]1Cc1ccc(O)c(O)c1-3,CHEMBL217
CHEMBL2112882,CC(C)C[C@H]1C(=O)N[C@@H](Cc2ccccc2)[C@]2(O)O[C@@](C)(NC(=O)[C@@H]3C=C4c5cccc6[nH]cc(c56)C[C@H]4N(C)C3)C(=O)N12,CHEMBL217
CHEMBL85,Cc1nc2n(c(=O)c1CCN1CCC(c3noc4cc(F)ccc34)CC1)CCCC2,CHEMBL217
CHEMBL418854,COc1ccccc1N1CCC(CNCC2COc3ccc(Cl)cc3O2)CC1,CHEMBL217
CHEMBL42,CN1CCN(C2=Nc3cc(Cl)ccc3Nc3ccccc32)CC1,CHEMBL217
CHEMBL91310,C=C1c2ccccc2C=C(N2CCN(C)CC2)c2ccccc21,CHEMBL217
CHEMBL282199,CC1CCN(CC[C@H]2CCCN2S(=O)(=O)c2cccc(O)c2)CC1,CHEMBL217
CHEMBL285802,CN(C)CCOC1=Cc2ccccc2Sc2ccc(Cl)cc21,CHEMBL217
CHEMBL7828,CN1CCN(C2=Nc3cc(Cl)ccc3Oc3ccccc32)CC1,CHEMBL217
CHEMBL432762,CC1c2ccccc2C=C(N2CCN(C)CC2)c2ccccc21,CHEMBL217
CHEMBL263881,CCN(CC)C(=O)[C@@H]1C=C2c3cccc4[nH]cc(c34)C[C@H]2N(C)C1,CHEMBL217
CHEMBL715,Cc1cc2c(s1)Nc1ccccc1N=C2N1CCN(C)CC1,CHEMBL217
CHEMBL335545,C1=C(c2ccccc2)CCN(C[C@@H]2CCC=C(c3ccccc3)C2)C1,CHEMBL217
CHEMBL836,CCOc1ccccc1OCCN[C@H](C)Cc1ccc(OC)c(S(N)(=O)=O)c1,CHEMBL217
CHEMBL836,CCOc1ccccc1OCCN[C@H](C)Cc1ccc(OC)c(S(N)(=O)=O)c1,CHEMBL217
CHEMBL88464,CN1CCN(C2=Cc3cc(Cl)ccc3Oc3ccccc32)CC1,CHEMBL217
CHEMBL708,O=C1Cc2cc(CCN3CCN(c4nsc5ccccc45)CC3)c(Cl)cc2N1,CHEMBL217
CHEMBL88870,CC(C)=C1c2ccccc2C=C(N2CCN(C)CC2)c2ccccc21,CHEMBL217
CHEMBL327713,C=C1c2ccccc2C=C(C2=CCN(C)CC2)c2ccccc21,CHEMBL217
CHEMBL7617,CN1CCN(C2=Cc3ccccc3Cc3ccc(Cl)cc32)CC1,CHEMBL217
CHEMBL42,CN1CCN(C2=Nc3cc(Cl)ccc3Nc3ccccc32)CC1,CHEMBL217
CHEMBL54,O=C(CCCN1CCC(O)(c2ccc(Cl)cc2)CC1)c1ccc(F)cc1,CHEMBL217
CHEMBL89970,CN1CCN(C2=Cc3ccccc3Oc3ccccc32)CC1,CHEMBL217
CHEMBL309106,CC(C)Oc1ccccc1N1CCN(C[C@@H](O)CNC(=O)c2ccc3c(c2)C(=O)N(c2ccc(N(C)C)cc2)C3=O)CC1,CHEMBL217
CHEMBL309106,CC(C)Oc1ccccc1N1CCN(C[C@@H](O)CNC(=O)c2ccc3c(c2)C(=O)N(c2ccc(N(C)C)cc2)C3=O)CC1,CHEMBL217
CHEMBL415300,CN1CCN(C2=Nc3ccccc3Nc3ccc(Cl)cc32)CC1,CHEMBL217
CHEMBL367129,CC(=O)c1ccc(-c2ccc(C(=O)NCCCCN3CCc4ccc(OS(=O)(=O)C(F)(F)F)cc4C3)cc2)cc1,CHEMBL217
CHEMBL291545,O=C(/C=C/c1ccc2[nH]ccc2c1)NCCCCN1CCc2ccc(OS(=O)(=O)C(F)(F)F)cc2C1,CHEMBL217
CHEMBL432713,O=C(/C=C/c1ccc(Cl)c(Cl)c1)NCCCCCN1CCC(c2c[nH]c3ccc(O)cc23)CC1,CHEMBL217
CHEMBL330865,COc1ccc2c(c1)CCC(C1CCN(CCc3ccccc3)CC1)C2=O,CHEMBL217
CHEMBL73665,COc1ccccc1N1CCN(CCCCNC(=O)c2ccc(-c3ccc(N)cc3)cc2)CC1,CHEMBL217
CHEMBL52987,COc1ccc(/C=C/C(=O)NCCCCN2CCc3ccc(OS(=O)(=O)C(F)(F)F)cc3C2)cc1,CHEMBL217
CHEMBL52901,O=C(/C=C/c1cnc2ccccc2c1)NCCCCN1CCc2ccc(OS(=O)(=O)C(F)(F)F)cc2C1,CHEMBL217
CHEMBL413343,CNc1cc(OC)c(C(=O)NC[C@H]2CN(Cc3ccccc3)C[C@@H]2C)cc1Cl,CHEMBL217
CHEMBL11066,CCCN1CC[C@@H]2Cc3c(O)cccc3C[C@H]21,CHEMBL217
CHEMBL11363,C=CCN1CC[C@@H]2Cc3c(O)cccc3C[C@H]21,CHEMBL217
CHEMBL70866,COc1ccc(OC)c(N2CCN(CCCCNC(=O)c3ccc(Br)cc3)CC2)c1,CHEMBL217
CHEMBL169222,CNc1cc(OC)c(C(=O)NC[C@@H]2CCN(Cc3ccccc3)C2)cc1Cl,CHEMBL217
CHEMBL169222,CNc1cc(OC)c(C(=O)NC[C@@H]2CCN(Cc3ccccc3)C2)cc1Cl,CHEMBL217
CHEMBL99849,CS(=O)(=O)Nc1cccc(OCCNCc2ccccc2)c1,CHEMBL217
CHEMBL53,CN1CCc2cccc3c2[C@H]1Cc1ccc(O)c(O)c1-3,CHEMBL217
CHEMBL355566,CNc1cc(OC)c(C(=O)NC[C@@H]2CN(Cc3ccccc3)C[C@@H]2C)cc1Cl,CHEMBL217
CHEMBL355566,CNc1cc(OC)c(C(=O)NC[C@@H]2CN(Cc3ccccc3)C[C@@H]2C)cc1Cl,CHEMBL217
CHEMBL56,CCCN(CCC)C1CCc2cccc(O)c2C1,CHEMBL217
CHEMBL354180,CNc1cc(OC)c(C(=O)NC[C@@H]2CN(Cc3ccccc3)C[C@H]2C)cc1Cl,CHEMBL217
CHEMBL354180,CNc1cc(OC)c(C(=O)NC[C@@H]2CN(Cc3ccccc3)C[C@H]2C)cc1Cl,CHEMBL217
CHEMBL71960,COc1ccccc1N1CCN(CCCCNC(=O)c2ccc(Br)cc2)CC1,CHEMBL217
CHEMBL279925,Cc1nnc(-c2ccc(-c3ccc(C(=O)NCCCCN4CCc5ccc(OS(=O)(=O)C(F)(F)F)cc5C4)cc3)cc2)o1,CHEMBL217
CHEMBL55276,O=C(/C=C/c1ccccc1)NCCCCN1CCc2ccc(OS(=O)(=O)C(F)(F)F)cc2C1,CHEMBL217
CHEMBL52468,O=C(/C=C/c1ccc2ncccc2c1)NCCCCN1CCc2ccc(OS(=O)(=O)C(F)(F)F)cc2C1,CHEMBL217
CHEMBL553311,Cl.O=C(CCCN1CCC2(CCc3ccccc3C2=O)CC1)c1ccc(F)cc1,CHEMBL217
CHEMBL293347,CC(=O)c1ccc(/C=C/C(=O)NCCCCN2CCc3ccc(OS(=O)(=O)C(F)(F)F)cc3C2)cc1,CHEMBL217
CHEMBL54777,CNC(=O)c1ccc(-c2ccc(C(=O)NCCCCN3CCc4ccc(OS(=O)(=O)C(F)(F)F)cc4C3)cc2)cc1,CHEMBL217
CHEMBL168611,CCC[C@H]1CN(Cc2ccccc2)C[C@H]1CNC(=O)c1cc(Cl)c(NC)cc1OC,CHEMBL217
CHEMBL168611,CCC[C@H]1CN(Cc2ccccc2)C[C@H]1CNC(=O)c1cc(Cl)c(NC)cc1OC,CHEMBL217
CHEMBL297960,O=C(NCCCCN1CCc2ccc(OS(=O)(=O)C(F)(F)F)cc2C1)c1ccc(-c2ccc(N3CCCC3=O)cc2)cc1,CHEMBL217
CHEMBL300571,Oc1ccc2c(c1)O[C@@H](CNCc1ccccc1)CO2,CHEMBL217
CHEMBL11363,C=CCN1CC[C@@H]2Cc3c(O)cccc3C[C@H]21,CHEMBL217
CHEMBL52724,CNC(=O)c1cccc(-c2ccc(C(=O)NCCCCN3CCc4ccc(OS(=O)(=O)C(F)(F)F)cc4C3)cc2)c1,CHEMBL217
CHEMBL424575,CCC[C@@H]1CN(Cc2ccccc2)C[C@@H]1CNC(=O)c1cc(Cl)c(NC)cc1OC,CHEMBL217
CHEMBL424575,CCC[C@@H]1CN(Cc2ccccc2)C[C@@H]1CNC(=O)c1cc(Cl)c(NC)cc1OC,CHEMBL217
CHEMBL64508,Oc1cccc(OCCNCc2ccccc2)c1,CHEMBL217
CHEMBL56,CCCN(CCC)C1CCc2cccc(O)c2C1,CHEMBL217
CHEMBL267044,CCN1CCC[C@H]1CNC(=O)c1cc(S(N)(=O)=O)ccc1OC,CHEMBL217
CHEMBL267044,CCN1CCC[C@H]1CNC(=O)c1cc(S(N)(=O)=O)ccc1OC,CHEMBL217
CHEMBL1713,CN(C)CCCN1c2ccccc2Sc2ccc(Cl)cc21.Cl,CHEMBL217
CHEMBL54,O=C(CCCN1CCC(O)(c2ccc(Cl)cc2)CC1)c1ccc(F)cc1,CHEMBL217
CHEMBL11388,CCCN1CC[C@@H]2Cc3c(cccc3OC)C[C@H]21,CHEMBL217
CHEMBL11066,CCCN1CC[C@@H]2Cc3c(O)cccc3C[C@H]21,CHEMBL217
CHEMBL88365,Oc1cccc(N2CCN(Cc3ccccc3)CC2)c1,CHEMBL217
CHEMBL545058,Cl.O=C1c2ccc(Cl)cc2CCC1C1CCN(CCc2ccccc2)CC1,CHEMBL217
CHEMBL55524,O=C(/C=C\c1ccccc1)NCCCCN1CCc2ccc(OS(=O)(=O)C(F)(F)F)cc2C1,CHEMBL217
CHEMBL64553,Oc1ccc2c(c1)O[C@@H](CNCc1ccccc1)CC2,CHEMBL217
CHEMBL166587,CNc1cc(OC)c(C(=O)NC[C@H]2CCN(Cc3ccccc3)C2)cc1Cl,CHEMBL217
CHEMBL166587,CNc1cc(OC)c(C(=O)NC[C@H]2CCN(Cc3ccccc3)C2)cc1Cl,CHEMBL217
CHEMBL169193,CNc1cc(OC)c(C(=O)NC[C@H]2CN(Cc3ccccc3)C[C@H]2C)cc1Cl,CHEMBL217
CHEMBL169193,CNc1cc(OC)c(C(=O)NC[C@H]2CN(Cc3ccccc3)C[C@H]2C)cc1Cl,CHEMBL217
CHEMBL102490,CS(=O)(=O)Nc1cc(OCCNCc2cccs2)ccc1Cl,CHEMBL217
CHEMBL267557,C=CCN1CC[C@H]2Cc3c(O)cccc3C[C@@H]21,CHEMBL217
CHEMBL545287,Cl.O=C1c2ccccc2CCC1C1CCN(Cc2ccc(F)cc2)CC1,CHEMBL217
CHEMBL11388,CCCN1CC[C@@H]2Cc3c(cccc3OC)C[C@H]21,CHEMBL217
CHEMBL122538,O=C1c2ccc(F)cc2CCC1C1CCN(Cc2ccccc2)CC1,CHEMBL217
CHEMBL52466,O=C(/C=C/c1ccc2nc(O)ccc2c1)NCCCCN1CCc2ccc(OS(=O)(=O)C(F)(F)F)cc2C1,CHEMBL217
CHEMBL124234,Cc1ccc(CN2CCC(C3CCc4ccccc4C3=O)CC2)cc1.O,CHEMBL217
CHEMBL99913,CS(=O)(=O)Nc1cc(OCCNCc2ccccc2)ccc1Cl,CHEMBL217
CHEMBL294747,COc1ccccc1N1CCN(CCCCNC(=O)c2ccc(-c3ccc(C(C)=O)cc3)cc2)CC1,CHEMBL217
CHEMBL168544,CCC[C@@H]1CN(Cc2ccccc2)C[C@H]1CNC(=O)c1cc(Cl)c(NC)cc1OC,CHEMBL217
CHEMBL168544,CCC[C@@H]1CN(Cc2ccccc2)C[C@H]1CNC(=O)c1cc(Cl)c(NC)cc1OC,CHEMBL217
CHEMBL416842,COc1cccc(/C=C/C(=O)NCCCCN2CCc3ccc(OS(=O)(=O)C(F)(F)F)cc3C2)c1,CHEMBL217
CHEMBL423671,COc1ccccc1N1CCN(CCCCNC(=O)c2ccc(-c3ccc(S(C)(=O)=O)cc3)cc2)CC1,CHEMBL217
CHEMBL292577,Cn1c(=O)ccc2cc(/C=C/C(=O)NCCCCN3CCc4ccc(OS(=O)(=O)C(F)(F)F)cc4C3)ccc21,CHEMBL217
CHEMBL543889,Cl.O=C1c2cccc(F)c2CCC1C1CCN(CCc2ccccc2)CC1,CHEMBL217
CHEMBL54,O=C(CCCN1CCC(O)(c2ccc(Cl)cc2)CC1)c1ccc(F)cc1,CHEMBL217
CHEMBL155388,COc1cc2c(cc1OC)C(=O)CC(CN1CCC(C(=O)c3ccc(F)cc3)CC1)C2,CHEMBL217
CHEMBL268799,Clc1ccc(N2CCN(Cc3c[nH]c4ccccc34)CC2)cc1,CHEMBL217
CHEMBL338270,O=C1c2ccccc2C(=O)N1CCCCCCCN1CC=C(c2c[nH]c3ccc(F)cc23)CC1,CHEMBL217
CHEMBL7549,CCCN1CCC[C@@H](c2cccc(O)c2)C1,CHEMBL217
CHEMBL7549,CCCN1CCC[C@@H](c2cccc(O)c2)C1,CHEMBL217
CHEMBL541559,Br.Oc1cc2c(c(Br)c1O)CCNCC2c1ccccc1,CHEMBL217
CHEMBL155426,COc1ccc2c(c1)CC(CN1CCN(c3ccccc3OC)CC1)CC2=O,CHEMBL217
CHEMBL308480,O=C1CC(CN2CCC(C(=O)c3ccc(F)cc3)CC2)Cc2ccccc21,CHEMBL217
CHEMBL155257,COc1cc2c(cc1OC)C(=O)CC(CN1CCC(c3noc4cc(F)ccc34)CC1)C2,CHEMBL217
CHEMBL445102,OC1(c2ccc(Cl)cc2)CCN(Cc2c[nH]c3ccccc23)CC1,CHEMBL217
CHEMBL54,O=C(CCCN1CCC(O)(c2ccc(Cl)cc2)CC1)c1ccc(F)cc1,CHEMBL217
CHEMBL131495,O=C1c2ccccc2C(=O)N1CCCCN1CC=C(c2c[nH]c3ccc(F)cc23)CC1,CHEMBL217
CHEMBL308480,O=C1CC(CN2CCC(C(=O)c3ccc(F)cc3)CC2)Cc2ccccc21,CHEMBL217
CHEMBL423706,O=C(CCCN1CCC(CCc2c[nH]c3ccccc23)CC1)c1ccc(F)cc1,CHEMBL217
CHEMBL421902,O=C1c2ccc(F)cc2C(=O)N1CCCCCN1CC=C(c2c[nH]c3ccccc23)CC1,CHEMBL217
CHEMBL155257,COc1cc2c(cc1OC)C(=O)CC(CN1CCC(c3noc4cc(F)ccc34)CC1)C2,CHEMBL217
CHEMBL336771,O=C1c2ccc(F)cc2C(=O)N1CCCCCN1CC=C(c2c[nH]c3ccc(F)cc23)CC1,CHEMBL217
CHEMBL42,CN1CCN(C2=Nc3cc(Cl)ccc3Nc3ccccc32)CC1,CHEMBL217
CHEMBL42,CN1CCN(C2=Nc3cc(Cl)ccc3Nc3ccccc32)CC1,CHEMBL217
CHEMBL310153,COc1ccccc1N1CCN(CC2CC(=O)c3ccccc3C2)CC1,CHEMBL217
CHEMBL54,O=C(CCCN1CCC(O)(c2ccc(Cl)cc2)CC1)c1ccc(F)cc1,CHEMBL217
CHEMBL133524,O=C1c2ccccc2C(=O)N1CCCCCN1CC=C(c2c[nH]c3ccc(F)cc23)CC1,CHEMBL217
CHEMBL414433,O=C1c2ccccc2C(=O)N1CCCCCN1CC=C(c2c[nH]c3ccccc23)CC1,CHEMBL217
CHEMBL340211,O=C(CCCN1CCN(c2ccccn2)CC1)c1ccc(F)cc1,CHEMBL217
CHEMBL301265,CCCN[C@H]1CCc2nc(N)sc2C1,CHEMBL217
CHEMBL301265,CCCN[C@H]1CCc2nc(N)sc2C1,CHEMBL217
CHEMBL367045,CN1CCN(C2=Cn3cccc3Sc3ccccc32)CC1,CHEMBL217
CHEMBL155486,O=C1CC(CN2CCC(c3noc4cc(F)ccc34)CC2)Cc2ccccc21,CHEMBL217
CHEMBL350166,CN(C)CCSc1nc(-c2ccncc2)cs1,CHEMBL217
CHEMBL334956,O=C1c2ccccc2C(=O)N1CCCN1CC=C(c2c[nH]c3ccc(F)cc23)CC1,CHEMBL217
CHEMBL155486,O=C1CC(CN2CCC(c3noc4cc(F)ccc34)CC2)Cc2ccccc21,CHEMBL217
CHEMBL54,O=C(CCCN1CCC(O)(c2ccc(Cl)cc2)CC1)c1ccc(F)cc1,CHEMBL217
CHEMBL340220,Cc1ccc2c(c1)C(=O)N(CCCCCN1CC=C(c3c[nH]c4ccc(F)cc34)CC1)C2=O,CHEMBL217
CHEMBL80845,CCCN1CCc2nn3ccccc3c2C1,CHEMBL217
CHEMBL80845,CCCN1CCc2nn3ccccc3c2C1,CHEMBL217
CHEMBL59103,c1ccc(C2CCN(Cc3c[nH]c4ccccc34)CC2)cc1,CHEMBL217
CHEMBL59324,c1ccc(N2CCN(Cc3c[nH]c4ccccc34)CC2)cc1,CHEMBL217
CHEMBL54,O=C(CCCN1CCC(O)(c2ccc(Cl)cc2)CC1)c1ccc(F)cc1,CHEMBL217
CHEMBL130261,Cc1ccc2c(c1)C(=O)N(CCCCCN1CC=C(c3c[nH]c4ccccc34)CC1)C2=O,CHEMBL217
CHEMBL553503,Br.Oc1cc2c(c(Cl)c1O)CCNCC2c1ccccc1,CHEMBL217
CHEMBL310867,CCCN(CCC)[C@H]1CCc2nn3ccccc3c2C1,CHEMBL217
CHEMBL310867,CCCN(CCC)[C@H]1CCc2nn3ccccc3c2C1,CHEMBL217
CHEMBL42,CN1CCN(C2=Nc3cc(Cl)ccc3Nc3ccccc32)CC1,CHEMBL217
CHEMBL27811,C1=C(c2c[nH]c3ccccc23)CCNC1,CHEMBL217
CHEMBL129852,Cc1cccc2c1C(=O)N(CCCCCN1CC=C(c3c[nH]c4ccccc34)CC1)C2=O,CHEMBL217
CHEMBL335259,Cc1cccc2c1C(=O)N(CCCCCN1CC=C(c3c[nH]c4ccc(F)cc34)CC1)C2=O,CHEMBL217
CHEMBL129159,O[C@H](CCCN1CCC(O)(c2ccc(Cl)cc2)CC1)c1ccc(F)cc1,CHEMBL217
CHEMBL339963,O[C@@H](CCCN1CCN(c2ccccn2)CC1)c1ccc(F)cc1,CHEMBL217
CHEMBL155388,COc1cc2c(cc1OC)C(=O)CC(CN1CCC(C(=O)c3ccc(F)cc3)CC1)C2,CHEMBL217
CHEMBL155486,O=C1CC(CN2CCC(c3noc4cc(F)ccc34)CC2)Cc2ccccc21,CHEMBL217
CHEMBL129237,O[C@@H](CCCN1CCC(O)(c2ccc(Cl)cc2)CC1)c1ccc(F)cc1,CHEMBL217
CHEMBL339098,O=C1c2cccc(F)c2C(=O)N1CCCCCN1CC=C(c2c[nH]c3ccccc23)CC1,CHEMBL217
CHEMBL544114,Br.C=CCN1CCc2c(cc(O)c(O)c2Br)C(c2ccccc2)C1,CHEMBL217
CHEMBL129979,O=C1c2ccccc2C(=O)N1CCCCCN1CC=C(c2c[nH]c3ccc(Cl)cc23)CC1,CHEMBL217
CHEMBL335844,O=C1c2cccc(F)c2C(=O)N1CCCCCN1CC=C(c2c[nH]c3ccc(F)cc23)CC1,CHEMBL217
CHEMBL544115,Br.C=CCN1CCc2c(cc(O)c(O)c2Cl)C(c2ccccc2)C1,CHEMBL217
CHEMBL542700,Cl.Oc1cc2c(cc1O)C(c1ccccc1)CNCC2,CHEMBL217
CHEMBL153956,COc1ccc2c(c1)CC(CN1CCC(C(=O)c3ccc(F)cc3)CC1)CC2=O,CHEMBL217
CHEMBL155257,COc1cc2c(cc1OC)C(=O)CC(CN1CCC(c3noc4cc(F)ccc34)CC1)C2,CHEMBL217
CHEMBL543398,Br.CN1CCc2c(cc(O)c(O)c2Cl)C(c2ccccc2)C1,CHEMBL217
CHEMBL422618,Cc1cccc2c(C3=CCN(CCCCCN4C(=O)c5ccccc5C4=O)CC3)c[nH]c12,CHEMBL217
CHEMBL22156,CCS(=O)(=O)c1ccc(OC)c(-c2ccc(CN3CCCCCC3c3ccccc3)[nH]2)c1,CHEMBL217
CHEMBL111749,CNc1cc(OC)c(C(=O)N[C@H]2CN(Cc3ccccc3)C[C@@H]2C)cc1Cl,CHEMBL217
CHEMBL111749,CNc1cc(OC)c(C(=O)N[C@H]2CN(Cc3ccccc3)C[C@@H]2C)cc1Cl,CHEMBL217
CHEMBL58296,Clc1ccc(CN2CCC(c3cc(-c4ccc(Cl)cc4)on3)CC2)cc1,CHEMBL217
CHEMBL326454,CNc1cc(OC)c(C(=O)N[C@H]2CN(Cc3ccccc3)C[C@H]2C)cc1Cl,CHEMBL217
CHEMBL326454,CNc1cc(OC)c(C(=O)N[C@H]2CN(Cc3ccccc3)C[C@H]2C)cc1Cl,CHEMBL217
CHEMBL333836,CN1CCc2cccc3c2[C@H]1Cc1cccc(OS(=O)(=O)C(F)(F)F)c1-3,CHEMBL217
CHEMBL59,NCCc1ccc(O)c(O)c1,CHEMBL217
CHEMBL53,CN1CCc2cccc3c2[C@H]1Cc1ccc(O)c(O)c1-3,CHEMBL217
CHEMBL280177,CCN1CCCCCC1c1ccc(-c2cc(S(=O)(=O)CC)ccc2OC)[nH]1,CHEMBL217
CHEMBL336398,O=C(N1CCCCC1)n1nc(-c2ccc(Cl)cc2)nc1SCC1CC1,CHEMBL220
CHEMBL130628,O=C(N1CCCCC1)n1nc(-c2ccc(Cl)cc2)nc1SCC(F)(F)F,CHEMBL220
CHEMBL130098,CSc1nc(-c2ccc(Cl)cc2)nn1C(=O)N(C)C,CHEMBL220
CHEMBL335033,CSc1nc(-c2ccc3ccccc3c2)nn1C(=O)N(C)C,CHEMBL220
CHEMBL130666,CSc1nc(-c2ccc(Cl)cc2)nn1C(=O)N1CCCCC1,CHEMBL220
CHEMBL336524,CCSc1nc(-c2ccc(Cl)cc2)nn1C(=O)N(C)C,CHEMBL220
CHEMBL336276,CCCCCCSc1nc(-c2ccc(C)cc2)nn1C(=O)N(C)C,CHEMBL220
CHEMBL334395,CCCSc1nc(-c2ccc(Cl)cc2)nn1C(=O)N(C)C,CHEMBL220
CHEMBL131320,Cc1ccc(-c2nc(SCC(F)(F)F)n(C(=O)N(C)C)n2)cc1,CHEMBL220
CHEMBL54126,CN(C)C(=O)Oc1cccc([N+](C)(C)C)c1.[Br-],CHEMBL220
CHEMBL431519,CN1CC[C@@]2(C)c3cc(OC(=O)NCCCCCCCCCCN4CCOCC4)ccc3N(C)[C@@H]12,CHEMBL220
CHEMBL154972,N#CC(C#N)=C1Nc2ccccc2N1CCNCc1ccc(CN2CCCCC2)o1,CHEMBL220
CHEMBL154211,N#CC(C#N)=C1NCCN1CCNCc1ccc(CN2CCCCC2)o1,CHEMBL220
CHEMBL433041,CCCCCCCNC(=O)Oc1ccc2c(c1)[C@]1(C)CCN(C)[C@@H]1N2C,CHEMBL220
CHEMBL154263,CC1CCN(Cc2ccc(CNCCN3CCNC3=C(C#N)C#N)o2)CC1,CHEMBL220
CHEMBL62664,CN1CC[C@@]2(C)c3cc(OC(=O)NCCCCCCCCCCCN4CCOCC4)ccc3N(C)[C@@H]12,CHEMBL220
CHEMBL155111,N#CC(C#N)=C1NCCN1CCNCc1ccc(CN2CCCC2)o1,CHEMBL220
CHEMBL1203534,Cl.N#CC(C#N)=C1NCCN1CCNCc1ccc(CN2CC=CCC2)o1,CHEMBL220
CHEMBL64011,CN1CC[C@@]2(C)c3cc(OC(=O)NCCCCCCCCCN4CCOCC4)ccc3N(C)[C@@H]12,CHEMBL220
CHEMBL65585,CN1CC[C@@]2(C)c3cc(OC(=O)NCCCCCCCCCCCCN4CCOCC4)ccc3N(C)[C@@H]12,CHEMBL220
CHEMBL347539,CNC(NCCNCc1ccc(CN2CCCC2)o1)=C(C#N)C#N,CHEMBL220
CHEMBL94,CNC(=O)Oc1ccc2c(c1)[C@]1(C)CCN(C)[C@@H]1N2C,CHEMBL220
CHEMBL65018,CN1CC[C@@]2(C)c3cc(OC(=O)NCCCCCCCCN4CCOCC4)ccc3N(C)[C@@H]12,CHEMBL220
CHEMBL1203538,Cl.N#CC(C#N)=C1NCCN1CCNCc1ccc(CN2CCCCCC2)o1,CHEMBL220
CHEMBL11805,COc1ccccc1CN(C)CCCCCC(=O)N(C)CCCCCCCCN(C)C(=O)CCCCCN(C)Cc1ccccc1OC,CHEMBL220
CHEMBL11805,COc1ccccc1CN(C)CCCCCC(=O)N(C)CCCCCCCCN(C)C(=O)CCCCCN(C)Cc1ccccc1OC,CHEMBL220
CHEMBL94,CNC(=O)Oc1ccc2c(c1)[C@]1(C)CCN(C)[C@@H]1N2C,CHEMBL220
CHEMBL208599,CCC1=CC2Cc3nc4cc(Cl)ccc4c(N)c3[C@@H](C1)C2,CHEMBL220
CHEMBL60745,CC[N+](C)(C)c1cccc(O)c1.[Br-],CHEMBL220
CHEMBL132377,COc1ccccc1CNCCCCCC(=O)N(C)CCCCCCCCN(C)C(=O)CCCCCNCc1ccccc1OC,CHEMBL220
CHEMBL95,Nc1c2c(nc3ccccc13)CCCC2,CHEMBL220
CHEMBL395280,C/C=C1\[C@H]2C=C(C)C[C@]1(N)c1ccc(=O)[nH]c1C2,CHEMBL220
CHEMBL95,Nc1c2c(nc3ccccc13)CCCC2,CHEMBL220
CHEMBL315013,COc1cc2cc(C(=O)CC(O)C3CC[N+](C)(Cc4ccccc4)CC3)sc2cc1OC.[Br-],CHEMBL220
CHEMBL155754,C/N=C1/CCc2c1n(C)c1ccc(OC(=O)NC)c(Cl)c21,CHEMBL220
CHEMBL87170,COc1cc2cc(C(=O)CCc3cc[n+](Cc4ccccc4)cc3)sc2cc1OC,CHEMBL220
CHEMBL87170,COc1cc2cc(C(=O)CCc3cc[n+](Cc4ccccc4)cc3)sc2cc1OC,CHEMBL220
CHEMBL82810,COc1cc2cc(C(=O)CCc3cc[n+](CC4CCC4)cc3)sc2cc1OC.[Br-],CHEMBL220
CHEMBL88049,COc1cc2cc(C(=O)CCCCC3CC[N+](C)(Cc4ccccc4)CC3)sc2cc1OC.[Br-],CHEMBL220
CHEMBL87128,CC[n+]1ccc(CCC(=O)c2cc3cc(OC)c(OC)cc3s2)cc1.[Br-],CHEMBL220
CHEMBL160219,CNC(=O)Oc1ccc2c(c1)c1c(n2C)/C(=N\CCc2ccccc2)CC1,CHEMBL220
CHEMBL445916,CCCn1c2c(c3c(Br)c(OC(=O)NC)ccc31)CC/C2=N/CC,CHEMBL220
CHEMBL87320,COCC[N+]1(C)CCC(CCC(=O)c2cc3cc(OC)c(OC)cc3s2)CC1.[Br-],CHEMBL220
CHEMBL87849,COc1cc2cc(C(=O)CCc3cc[n+](Cc4ccc(F)cc4)cc3)sc2cc1OC,CHEMBL220
CHEMBL314398,COc1cc2cc(C(=O)CC(OC)C3CC[N+](C)(Cc4ccccc4)CC3)sc2cc1OC.[Br-],CHEMBL220
CHEMBL87373,COc1cc2cc(C(=O)CCc3cc[n+](CC4CC4)cc3)sc2cc1OC.[Br-],CHEMBL220
CHEMBL83005,COc1cc2cc(C(=O)CC3(O)CC[N+](C)(Cc4ccccc4)CC3)sc2cc1OC.[Br-],CHEMBL220
CHEMBL315515,COc1cc2cc(C(=O)CCC3CC[N+](C)(CC4CCCCO4)CC3)sc2cc1OC.[Br-],CHEMBL220
CHEMBL87937,COCC[n+]1ccc(CCC(=O)c2cc3cc(OC)c(OC)cc3s2)cc1,CHEMBL220
CHEMBL87937,COCC[n+]1ccc(CCC(=O)c2cc3cc(OC)c(OC)cc3s2)cc1,CHEMBL220
CHEMBL87649,COc1cc2cc(C(=O)CCc3cc[n+](Cc4ccsc4)cc3)sc2cc1OC,CHEMBL220
CHEMBL160836,CC/N=C1/CCc2c1n(C)c1ccc(OC(=O)NC)c(Br)c21,CHEMBL220
CHEMBL156861,C/N=C1/CCc2c1n(C)c1ccc(OC(=O)NC)c(Br)c21,CHEMBL220
CHEMBL314766,COC(=O)C[N+]1(C)CCC(CCC(=O)c2cc3cc(OC)c(OC)cc3s2)CC1.[Br-],CHEMBL220
CHEMBL88026,COc1cc2cc(C(=O)CCC3CC[N+](C)(Cc4ccccc4)CC3)sc2cc1OC.[Br-],CHEMBL220
CHEMBL88026,COc1cc2cc(C(=O)CCC3CC[N+](C)(Cc4ccccc4)CC3)sc2cc1OC.[Br-],CHEMBL220
CHEMBL155350,CC/N=C1/CCc2c1n(C)c1ccc(OC(=O)NC)c(Cl)c21,CHEMBL220
CHEMBL433041,CCCCCCCNC(=O)Oc1ccc2c(c1)[C@]1(C)CCN(C)[C@@H]1N2C,CHEMBL220
CHEMBL87441,CCOCC[n+]1ccc(CCC(=O)c2cc3cc(OC)c(OC)cc3s2)cc1,CHEMBL220
CHEMBL315013,COc1cc2cc(C(=O)CC(O)C3CC[N+](C)(Cc4ccccc4)CC3)sc2cc1OC.[Br-],CHEMBL220
CHEMBL315013,COc1cc2cc(C(=O)CC(O)C3CC[N+](C)(Cc4ccccc4)CC3)sc2cc1OC.[Br-],CHEMBL220
CHEMBL158946,C/N=C1/CCc2c1n(C)c1ccc(OC(=O)N(C)C)c(Br)c21,CHEMBL220
CHEMBL315013,COc1cc2cc(C(=O)CC(O)C3CC[N+](C)(Cc4ccccc4)CC3)sc2cc1OC.[Br-],CHEMBL220
CHEMBL609440,COc1cc2cc(C(=O)CCc3cc[n+](Cc4ccc([N+](=O)[O-])o4)cc3)sc2cc1OC.[Br-],CHEMBL220
CHEMBL313271,COc1cc2cc(C(=O)CCC3CC[N+](C)(Cc4ccc([N+](=O)[O-])o4)CC3)sc2cc1OC.[Br-],CHEMBL220
CHEMBL423313,COc1cc2cc(C(=O)CCC3CC[N+](C)(CC(=O)OC(C)(C)C)CC3)sc2cc1OC.[Br-],CHEMBL220
CHEMBL309667,CNC(=O)Oc1ccc2c(c1)[C@]1(C)CCNC1N2,CHEMBL220
CHEMBL419470,C[C@@]12CCNC1Nc1ccc(OC(=O)Nc3ccccc3)cc12,CHEMBL220
CHEMBL80221,CNC(=O)Oc1ccc2c(c1)[C@]1(C)CCN(C)C1N2Cc1ccccc1,CHEMBL220
CHEMBL94,CNC(=O)Oc1ccc2c(c1)[C@]1(C)CCN(C)[C@@H]1N2C,CHEMBL220
CHEMBL431844,Nc1c2c(nc3ccccc13)C1CCC2C1,CHEMBL220
CHEMBL80247,CN1c2ccc(OC(=O)Nc3ccccc3)cc2[C@]2(C)CCNC12,CHEMBL220
CHEMBL418917,CN1CC[C@@]2(C)c3cc(OC(=O)Nc4ccccc4)ccc3NC12,CHEMBL220
CHEMBL369661,Nc1c2c(nc3c(Cl)cccc13)CCCC2,CHEMBL220
CHEMBL94,CNC(=O)Oc1ccc2c(c1)[C@]1(C)CCN(C)[C@@H]1N2C,CHEMBL220
CHEMBL502,COc1cc2c(cc1OC)C(=O)C(CC1CCN(Cc3ccccc3)CC1)C2,CHEMBL220
CHEMBL74089,CNC(=O)Oc1ccc2c(c1)[C@]1(C)CCNC1N2C,CHEMBL220
CHEMBL134057,Nc1c2c(nc3cccc(Cl)c13)CCCC2,CHEMBL220
CHEMBL431784,CNC(=O)Oc1ccc2c(c1)[C@]1(C)CCN(C)C1N2,CHEMBL220
CHEMBL51934,Nc1c2c(nc3ccccc13)CCCC2O,CHEMBL220
CHEMBL352500,Nc1c2c(nc3cc(Cl)ccc13)C1CCC2C1,CHEMBL220
CHEMBL292314,Nc1c2c(nc3cc(Cl)ccc13)CCCC2,CHEMBL220
CHEMBL355740,Nc1c2c(nc3c(Cl)cccc13)C1CCC2C1,CHEMBL220
CHEMBL54727,CN1CC[C@@]2(C)c3cc(OC(=O)Nc4ccccc4)ccc3N(C)C12,CHEMBL220
CHEMBL95,Nc1c2c(nc3ccccc13)CCCC2,CHEMBL220
CHEMBL309351,C[C@]12CCNC1Nc1ccc(OC(=O)Nc3ccccc3)cc12,CHEMBL220
CHEMBL368196,Nc1c2c(nc3cccc(Cl)c13)C1CCC2C1,CHEMBL220
CHEMBL95,Nc1c2c(nc3ccccc13)CCCC2,CHEMBL220
CHEMBL134057,Nc1c2c(nc3cccc(Cl)c13)CCCC2,CHEMBL220
CHEMBL3215535,Cl.Cl.c1ccc(CN2CCC(CCNc3ccc(-c4ccccc4)nn3)CC2)cc1,CHEMBL220
CHEMBL1202865,Cl.Cl.O.c1ccc(CN2CCC(CCNc3cc4c(nn3)-c3ccccc3CCC4)CC2)cc1,CHEMBL220
CHEMBL130373,Nc1c2c(nc3cnccc13)OCCC2,CHEMBL220
CHEMBL95,Nc1c2c(nc3ccccc13)CCCC2,CHEMBL220
CHEMBL1202884,Cl.Cl.O.c1ccc(CN2CCC(CCNc3cc4ccc5ccccc5c4nn3)CC2)cc1,CHEMBL220
CHEMBL133906,Cc1cccc2nc3c(c(N)c12)CCCC3,CHEMBL220
CHEMBL1204162,Cl.O.c1ccc(CN2CCC(CCN=c3cc4c(n[nH]3)-c3ccccc3C4)CC2)cc1,CHEMBL220
CHEMBL132030,Nc1c2c(nc3cccc(F)c13)CCCC2,CHEMBL220
CHEMBL132260,Nc1c2c(nc3ccccc13)OCCC2,CHEMBL220
CHEMBL1204299,Cc1cc(=NCCC2CCN(Cc3ccccc3)CC2)[nH]nc1-c1ccccc1.Cl.Cl.O,CHEMBL220
CHEMBL1204296,CCc1cc(=NCCC2CCN(Cc3ccccc3)CC2)[nH]nc1-c1ccccc1.Cl.Cl.O,CHEMBL220
CHEMBL1202885,Cl.Cl.O.c1ccc(CN2CCC(CCNc3cc4c(nn3)-c3ccccc3CC4)CC2)cc1,CHEMBL220
CHEMBL502,COc1cc2c(cc1OC)C(=O)C(CC1CCN(Cc3ccccc3)CC1)C2,CHEMBL220
CHEMBL337453,Nc1c2c(nc3cccc(Cl)c13)OCCC2,CHEMBL220
CHEMBL132619,Cc1cccc2nc3c(c(N)c12)CCCO3,CHEMBL220
CHEMBL54126,CN(C)C(=O)Oc1cccc([N+](C)(C)C)c1.[Br-],CHEMBL220
CHEMBL305670,CNC(=O)Oc1ccc2c(c1)[C@]1(C)CCN[C@@H]1N2C,CHEMBL220
CHEMBL305670,CNC(=O)Oc1ccc2c(c1)[C@]1(C)CCN[C@@H]1N2C,CHEMBL220
CHEMBL94,CNC(=O)Oc1ccc2c(c1)[C@]1(C)CCN(C)[C@@H]1N2C,CHEMBL220
CHEMBL94,CNC(=O)Oc1ccc2c(c1)[C@]1(C)CCN(C)[C@@H]1N2C,CHEMBL220
CHEMBL75729,CNC(=O)Oc1ccc2c(c1)[C@]1(C)CCN(CCc3ccccc3)[C@@H]1N2C,CHEMBL220
CHEMBL75729,CNC(=O)Oc1ccc2c(c1)[C@]1(C)CCN(CCc3ccccc3)[C@@H]1N2C,CHEMBL220
CHEMBL74950,COc1ccc(NC(=O)Oc2ccc3c(c2)[C@]2(C)CCN(C)[C@@H]2N3C)cc1,CHEMBL220
CHEMBL74107,CCCCCCCCNC(=O)Oc1ccc2c(c1)[C@]1(C)CCN(C)[C@@H]1N2C,CHEMBL220
CHEMBL74107,CCCCCCCCNC(=O)Oc1ccc2c(c1)[C@]1(C)CCN(C)[C@@H]1N2C,CHEMBL220
CHEMBL74257,CNC(=O)Oc1ccc2c(c1)[C@]1(C)CCN(Cc3ccccc3)[C@@H]1N2C,CHEMBL220
CHEMBL307721,C=CCN1CC[C@@]2(C)c3cc(OC(=O)NC)ccc3N(C)[C@@H]12,CHEMBL220
CHEMBL307721,C=CCN1CC[C@@]2(C)c3cc(OC(=O)NC)ccc3N(C)[C@@H]12,CHEMBL220
CHEMBL308043,CN(C)C(=O)Oc1ccc2c(c1)[C@]1(C)CCN(C)[C@@H]1N2C,CHEMBL220
CHEMBL308043,CN(C)C(=O)Oc1ccc2c(c1)[C@]1(C)CCN(C)[C@@H]1N2C,CHEMBL220
CHEMBL74926,CN1CC[C@@]2(C)c3cc(OC(=O)Nc4ccccc4)ccc3N(C)[C@@H]12,CHEMBL220
CHEMBL74926,CN1CC[C@@]2(C)c3cc(OC(=O)Nc4ccccc4)ccc3N(C)[C@@H]12,CHEMBL220
CHEMBL263322,CN1CCC(CCCC2Cc3ccccc3C2=O)CC1,CHEMBL220
CHEMBL156157,CN1CCN(CC2Cc3ccccc3C2=O)CC1,CHEMBL220
CHEMBL502,COc1cc2c(cc1OC)C(=O)C(CC1CCN(Cc3ccccc3)CC1)C2,CHEMBL220
CHEMBL155121,CC1CCN(Cc2cccc3ccccc23)CC1,CHEMBL220
CHEMBL153865,CN1CCC(C[C@@H]2Cc3ccccc3C2=O)CC1,CHEMBL220
CHEMBL155945,CN1CCC(CC/C=C2\Cc3ccccc3C2=O)CC1,CHEMBL220
CHEMBL158232,CC1CCN(Cc2ccccc2)CC1,CHEMBL220
CHEMBL155746,CN1CCC(/C=C/C=C2\Cc3ccccc3C2=O)CC1,CHEMBL220
CHEMBL347354,CC1CCN(Cc2ccccc2[N+](=O)[O-])CC1,CHEMBL220
CHEMBL158174,Cc1ccccc1CN1CCC(C)CC1,CHEMBL220
CHEMBL345241,CC1CCN(CC2CCCCC2)CC1,CHEMBL220
CHEMBL343237,CC1CCN(CCc2ccccc2)CC1,CHEMBL220
CHEMBL345905,CN1CCC(C[C@H]2Cc3ccccc3C2=O)CC1,CHEMBL220
CHEMBL345847,CN1CCC(CCN2C(=O)c3ccccc3C2=O)CC1,CHEMBL220
CHEMBL158252,CN1CCC(CCC2C(=O)Nc3ccccc3C2=O)CC1,CHEMBL220
CHEMBL156874,CN1CCC(/C=C2\Cc3ccccc3C2=O)CC1,CHEMBL220
CHEMBL95,Nc1c2c(nc3ccccc13)CCCC2,CHEMBL220
CHEMBL92142,c1ccc(CN2CCC(CCc3nccc4ccccc34)CC2)cc1,CHEMBL220
CHEMBL130956,Cc1ccc(NC(=O)Oc2ccc3c(c2)[C@]2(C)CCN(C)[C@@H]2N3C)cc1,CHEMBL220
CHEMBL93936,c1ccc(CN2CCC(CCc3noc4cc(N5CCOCC5)ccc34)CC2)cc1,CHEMBL220
CHEMBL92629,c1ccc(CN2CCC(CNc3noc4ccccc34)CC2)cc1,CHEMBL220
CHEMBL130270,CC(C)c1ccccc1NC(=O)Oc1ccc2c(c1)[C@]1(C)CCN(C)[C@@H]1N2C,CHEMBL220
CHEMBL330004,Brc1ccc2c(CCC3CCN(Cc4ccccc4)CC3)noc2c1,CHEMBL220
CHEMBL93123,O=C(Nc1ccc2c(CCC3CCN(Cc4ccccc4)CC3)noc2c1)c1ccccc1,CHEMBL220
CHEMBL420625,Nc1ccc2c(CCC3CCN(Cc4ccccc4)CC3)noc2c1,CHEMBL220
CHEMBL92460,c1ccc(CN2CCC(CCc3noc4ccccc34)CC2)cc1,CHEMBL220
CHEMBL340391,CCc1ccccc1NC(=O)Oc1ccc2c(c1)[C@]1(C)CCN(C)[C@@H]1N2C,CHEMBL220
CHEMBL92955,O=S(=O)(Nc1ccc2c(CCC3CCN(Cc4ccccc4)CC3)noc2c1)c1ccccc1,CHEMBL220
CHEMBL502,COc1cc2c(cc1OC)C(=O)C(CC1CCN(Cc3ccccc3)CC1)C2,CHEMBL220
CHEMBL131210,Cc1cc(C)cc(NC(=O)Oc2ccc3c(c2)[C@]2(C)CCN(C)[C@@H]2N3C)c1,CHEMBL220
CHEMBL126939,C(=C/C1CCN(Cc2ccccc2)CC1)\c1noc2ccccc12,CHEMBL220
CHEMBL418955,COc1ccc2c(CCC3CCN(Cc4ccccc4)CC3)noc2c1,CHEMBL220
CHEMBL94,CNC(=O)Oc1ccc2c(c1)[C@]1(C)CCN(C)[C@@H]1N2C,CHEMBL220
CHEMBL94,CNC(=O)Oc1ccc2c(c1)[C@]1(C)CCN(C)[C@@H]1N2C,CHEMBL220
CHEMBL92663,NC(=O)c1ccc2c(CCC3CCN(Cc4ccccc4)CC3)noc2c1,CHEMBL220
CHEMBL502,COc1cc2c(cc1OC)C(=O)C(CC1CCN(Cc3ccccc3)CC1)C2,CHEMBL220
CHEMBL131598,Cc1cccc(NC(=O)Oc2ccc3c(c2)[C@]2(C)CCN(C)[C@@H]2N3C)c1,CHEMBL220
CHEMBL335962,Cc1cccc(NC(=O)Oc2ccc3c(c2)[C@]2(C)CCN(C)[C@@H]2N3C)c1C,CHEMBL220
CHEMBL93619,COc1cccc2c(CCC3CCN(Cc4ccccc4)CC3)noc12,CHEMBL220
CHEMBL337675,Cc1ccc(C)c(NC(=O)Oc2ccc3c(c2)[C@]2(C)CCN(C)[C@@H]2N3C)c1,CHEMBL220
CHEMBL94186,COc1ccc2onc(CCC3CCN(Cc4ccccc4)CC3)c2c1,CHEMBL220
CHEMBL92463,Oc1ccc2c(CCC3CCN(Cc4ccccc4)CC3)noc2c1,CHEMBL220
CHEMBL95,Nc1c2c(nc3ccccc13)CCCC2,CHEMBL220
CHEMBL335220,Cc1ccc(NC(=O)Oc2ccc3c(c2)[C@]2(C)CCN(C)[C@@H]2N3C)c(C)c1,CHEMBL220
CHEMBL92958,c1ccc(CN2CCC(CCc3n[nH]c4ccccc34)CC2)cc1,CHEMBL220
CHEMBL130672,Cc1ccc(NC(=O)Oc2ccc3c(c2)[C@]2(C)CCN(C)[C@@H]2N3C)cc1C,CHEMBL220
CHEMBL74926,CN1CC[C@@]2(C)c3cc(OC(=O)Nc4ccccc4)ccc3N(C)[C@@H]12,CHEMBL220
CHEMBL132531,Cc1cc2c(cc1OC(=O)Nc1ccccc1)[C@]1(C)CCN(C)[C@@H]1N2C,CHEMBL220
CHEMBL433379,Cc1ccc2onc(CCC3CCN(Cc4ccccc4)CC3)c2c1,CHEMBL220
CHEMBL328102,c1ccc(CN2CCC(CCc3nsc4ccccc34)CC2)cc1,CHEMBL220
CHEMBL130458,Cc1ccccc1NC(=O)Oc1ccc2c(c1)[C@]1(C)CCN(C)[C@@H]1N2C,CHEMBL220
CHEMBL308043,CN(C)C(=O)Oc1ccc2c(c1)[C@]1(C)CCN(C)[C@@H]1N2C,CHEMBL220
CHEMBL95,Nc1c2c(nc3ccccc13)CCCC2,CHEMBL220
CHEMBL92775,N#Cc1ccc2c(CCC3CCN(Cc4ccccc4)CC3)noc2c1,CHEMBL220
CHEMBL92736,CC(=O)Nc1ccc2c(CCC3CCN(Cc4ccccc4)CC3)noc2c1,CHEMBL220
CHEMBL91291,Cc1cc2onc(CCC3CCN(Cc4ccccc4)CC3)c2cc1C,CHEMBL220
CHEMBL3215535,Cl.Cl.c1ccc(CN2CCC(CCNc3ccc(-c4ccccc4)nn3)CC2)cc1,CHEMBL220
CHEMBL94,CNC(=O)Oc1ccc2c(c1)[C@]1(C)CCN(C)[C@@H]1N2C,CHEMBL220
CHEMBL413765,CCCCCCNC(=O)Oc1ccc2c(c1)[C@]1(C)CCN(CC)[C@@H]1C2,CHEMBL220
CHEMBL359198,CCCCCCNC(=O)Oc1ccc2c(c1)[C@@]1(C)CCN(CC)[C@H]1C2,CHEMBL220
CHEMBL609671,CCCCNC(=O)Oc1ccc2c(c1)[C@]1(C)CCN(C)C1N2C,CHEMBL220
CHEMBL54126,CN(C)C(=O)Oc1cccc([N+](C)(C)C)c1.[Br-],CHEMBL220
CHEMBL539109,CNC(=O)Oc1ccc2c(c1)[C@]1(C)CC[N+](C)(C)C1N2C.COS(=O)(=O)[O-],CHEMBL220
CHEMBL95,Nc1c2c(nc3ccccc13)CCCC2,CHEMBL220
CHEMBL94,CNC(=O)Oc1ccc2c(c1)[C@]1(C)CCN(C)[C@@H]1N2C,CHEMBL220
CHEMBL609150,CCCCCCCCNC(=O)Oc1ccc2c(c1)[C@]1(C)CCN(C)C1N2C,CHEMBL220
CHEMBL140020,C=CC[N+](C)(C)c1ccc(CCC(=O)CCc2ccc([N+](C)(C)CC=C)cc2)cc1,CHEMBL220
CHEMBL542467,CNC(=O)Oc1cccc(CN(C)CCCCCCCCCOc2ccc3c(=O)c4ccccc4oc3c2)c1.Cl,CHEMBL220
CHEMBL540833,CNC(=O)Oc1ccc2c(c1)CN(CCCOc1ccc3c(=O)c4ccccc4oc3c1)CC2.Cl,CHEMBL220
CHEMBL127465,CN(CCCOc1ccc2c(=O)c3ccccc3oc2c1)Cc1cccc(OC(=O)NCCCCCCCCN2CCOCC2)c1,CHEMBL220
CHEMBL340427,CNC(=O)Oc1cccc(CN(C)CCCOc2ccc3c(=O)c4ccccc4oc3c2)c1,CHEMBL220
CHEMBL544592,CNC(=O)Oc1cccc(CN(C)CCCOc2ccc(C(=O)c3ccccc3)cc2)c1.Cl,CHEMBL220
CHEMBL124933,CNC(=O)Oc1cccc(CN(C)CCCCCCOc2ccc3c(=O)c4ccccc4oc3c2)c1,CHEMBL220
CHEMBL542220,CNC(=O)Oc1cccc(CN(C)CCCOc2ccc3ccccc3c2)c1.Cl,CHEMBL220
CHEMBL127857,CN(CCCOc1ccc2c(=O)c3ccccc3oc2c1)Cc1cccc(OC(=O)NCCCCCCCCCN2CCOCC2)c1,CHEMBL220
CHEMBL557405,CNC(=O)Oc1cccc(CN(C)CCCCCCCCOc2ccc3c(=O)c4ccccc4oc3c2)c1.Cl,CHEMBL220
CHEMBL340228,CN(CCCOc1ccc2c(=O)c3ccccc3oc2c1)Cc1cccc(OC(=O)NCCCCCCN2CCOCC2)c1,CHEMBL220
CHEMBL94,CNC(=O)Oc1ccc2c(c1)[C@]1(C)CCN(C)[C@@H]1N2C,CHEMBL220
CHEMBL544126,CNC(=O)Oc1cccc(CN(C)CCCOc2cccc(Cc3ccccc3)c2)c1.Cl,CHEMBL220
CHEMBL543655,CNC(=O)Oc1cccc(CN(C)CCCCCCCOc2ccc3c(=O)c4ccccc4oc3c2)c1.Cl,CHEMBL220
CHEMBL124156,CNC(=O)Oc1cccc(CN(C)CCCOc2ccc(-c3ccccc3)cc2)c1,CHEMBL220
CHEMBL340171,CN(CCCOc1ccc2c(=O)c3ccccc3oc2c1)Cc1cccc(OC(=O)NCCCCCCCN2CCOCC2)c1,CHEMBL220
CHEMBL539045,CNC(=O)Oc1cccc(CN(C)CCCOc2ccccc2)c1.Cl,CHEMBL220
CHEMBL553803,CNC(=O)Oc1cccc(CN(C)CC#CCOc2ccc3c(=O)c4ccccc4oc3c2)c1.Cl,CHEMBL220
CHEMBL544823,CNC(=O)Oc1cccc(CN(C)CCCCCCCCCCOc2ccc3c(=O)c4ccccc4oc3c2)c1.Cl,CHEMBL220
CHEMBL418917,CN1CC[C@@]2(C)c3cc(OC(=O)Nc4ccccc4)ccc3NC12,CHEMBL220
CHEMBL174228,CCN(CCCCCC(=O)N(C)CCCCCCCCN(C)C(=O)CCCCCN(CC)Cc1ccccc1C)Cc1ccccc1C,CHEMBL220
CHEMBL173935,CC[N+](C)(CCCCCC(=O)N(C)CCCCCCCCN(C)C(=O)CCCCC[N+](C)(CC)Cc1ccccc1Cl)Cc1ccccc1Cl,CHEMBL220
CHEMBL176521,CC[N+](C)(CCCCCC(=O)N(CCCCCCCCN(C(=O)CCCCC[N+](C)(CC)Cc1ccccc1OC)C(C)C)C(C)C)Cc1ccccc1OC,CHEMBL220
CHEMBL319541,CN1CC[C@@]2(C)c3cc(OC(=O)Nc4ccccc4)ccc3N(Cc3ccccc3)C12,CHEMBL220
CHEMBL143055,CCN(CCCCCC(=O)N(CCCCCCCCN(C(=O)CCCCCN(CC)Cc1ccccc1OC)C(C)C)C(C)C)Cc1ccccc1OC,CHEMBL220
CHEMBL609977,CC[N+](C)(CCCCCC(=O)N(C)CCCCCCCCN(C)C(=O)CCCCC[N+](C)(CC)Cc1ccccc1[N+](=O)[O-])Cc1ccccc1[N+](=O)[O-].[I-].[I-],CHEMBL220
CHEMBL609977,CC[N+](C)(CCCCCC(=O)N(C)CCCCCCCCN(C)C(=O)CCCCC[N+](C)(CC)Cc1ccccc1[N+](=O)[O-])Cc1ccccc1[N+](=O)[O-].[I-].[I-],CHEMBL220
CHEMBL609977,CC[N+](C)(CCCCCC(=O)N(C)CCCCCCCCN(C)C(=O)CCCCC[N+](C)(CC)Cc1ccccc1[N+](=O)[O-])Cc1ccccc1[N+](=O)[O-].[I-].[I-],CHEMBL220
CHEMBL609977,CC[N+](C)(CCCCCC(=O)N(C)CCCCCCCCN(C)C(=O)CCCCC[N+](C)(CC)Cc1ccccc1[N+](=O)[O-])Cc1ccccc1[N+](=O)[O-].[I-].[I-],CHEMBL220
CHEMBL174710,COc1ccccc1CN(CCCCCC(=O)N(C)CCCCCCCCN(C)C(=O)CCCCCN(Cc1ccccc1OC)C(C)C)C(C)C,CHEMBL220
CHEMBL94,CNC(=O)Oc1ccc2c(c1)[C@]1(C)CCN(C)[C@@H]1N2C,CHEMBL220
CHEMBL80221,CNC(=O)Oc1ccc2c(c1)[C@]1(C)CCN(C)C1N2Cc1ccccc1,CHEMBL220
CHEMBL174046,CC[N+](C)(CCCCCC(=O)N(C)CCCCCCCCN(C)C(=O)CCCCC[N+](C)(CC)Cc1ccccc1C(F)(F)F)Cc1ccccc1C(F)(F)F,CHEMBL220
CHEMBL176308,CCN(CCCCCC(=O)N(C)CCCCCCCCN(C)C(=O)CCCCCN(CC)Cc1ccccc1[N+](=O)[O-])Cc1ccccc1[N+](=O)[O-],CHEMBL220
CHEMBL176308,CCN(CCCCCC(=O)N(C)CCCCCCCCN(C)C(=O)CCCCCN(CC)Cc1ccccc1[N+](=O)[O-])Cc1ccccc1[N+](=O)[O-],CHEMBL220
CHEMBL94,CNC(=O)Oc1ccc2c(c1)[C@]1(C)CCN(C)[C@@H]1N2C,CHEMBL220
CHEMBL137059,CC[N+](C)(CCCCCC(=O)N(C)CCCCCCCCN(C)C(=O)CCCCC[N+](C)(CC)Cc1ccccc1)Cc1ccccc1,CHEMBL220
CHEMBL263785,CCCOc1ccccc1C[N+](C)(CC)CCCCCC(=O)N(C)CCCCCCCCN(C)C(=O)CCCCC[N+](C)(CC)Cc1ccccc1OCCC,CHEMBL220
CHEMBL173607,CC[N+](C)(CCCCCC(=O)N(C)CCCCCCCCN(C)C(=O)CCCCC[N+](C)(CC)Cc1ccccc1C)Cc1ccccc1C,CHEMBL220
CHEMBL95,Nc1c2c(nc3ccccc13)CCCC2,CHEMBL220
CHEMBL95,Nc1c2c(nc3ccccc13)CCCC2,CHEMBL220
CHEMBL368075,CCCOc1ccccc1CN(CC)CCCCCC(=O)N(C)CCCCCCCCN(C)C(=O)CCCCCN(CC)Cc1ccccc1OCCC,CHEMBL220
CHEMBL173309,CCN(CCCCCC(=O)N(C)CCCCCCCCN(C)C(=O)CCCCCN(CC)Cc1ccccc1OC)Cc1ccccc1OC,CHEMBL220
CHEMBL173309,CCN(CCCCCC(=O)N(C)CCCCCCCCN(C)C(=O)CCCCCN(CC)Cc1ccccc1OC)Cc1ccccc1OC,CHEMBL220
CHEMBL173309,CCN(CCCCCC(=O)N(C)CCCCCCCCN(C)C(=O)CCCCCN(CC)Cc1ccccc1OC)Cc1ccccc1OC,CHEMBL220
CHEMBL173309,CCN(CCCCCC(=O)N(C)CCCCCCCCN(C)C(=O)CCCCCN(CC)Cc1ccccc1OC)Cc1ccccc1OC,CHEMBL220
CHEMBL173309,CCN(CCCCCC(=O)N(C)CCCCCCCCN(C)C(=O)CCCCCN(CC)Cc1ccccc1OC)Cc1ccccc1OC,CHEMBL220
CHEMBL175047,CCN(CCCCCCOCCCCCCCCOCCCCCCN(CC)Cc1ccccc1OC)Cc1ccccc1OC,CHEMBL220
CHEMBL54727,CN1CC[C@@]2(C)c3cc(OC(=O)Nc4ccccc4)ccc3N(C)C12,CHEMBL220
CHEMBL176585,CCN(CCCCCC(=O)N(C)CCCCCCCCN(C)C(=O)CCCCCN(CC)Cc1ccccc1)Cc1ccccc1,CHEMBL220
CHEMBL177052,CCN(CCCCCC(=O)N(C)CCCCCCCCN(C)C(=O)CCCCCN(CC)Cc1ccccc1Cl)Cc1ccccc1Cl,CHEMBL220
CHEMBL172442,CC[N+](C)(CCCCCCOCCCCCCCCOCCCCCC[N+](C)(CC)Cc1ccccc1OC)Cc1ccccc1OC,CHEMBL220
CHEMBL11805,COc1ccccc1CN(C)CCCCCC(=O)N(C)CCCCCCCCN(C)C(=O)CCCCCN(C)Cc1ccccc1OC,CHEMBL220
CHEMBL173018,CC[N+](C)(CCCCCC(=O)N(C)CCCCCCCCN(C)C(=O)CCCCC[N+](C)(CC)Cc1ccccc1OC)Cc1ccccc1OC,CHEMBL220
CHEMBL173018,CC[N+](C)(CCCCCC(=O)N(C)CCCCCCCCN(C)C(=O)CCCCC[N+](C)(CC)Cc1ccccc1OC)Cc1ccccc1OC,CHEMBL220
CHEMBL173018,CC[N+](C)(CCCCCC(=O)N(C)CCCCCCCCN(C)C(=O)CCCCC[N+](C)(CC)Cc1ccccc1OC)Cc1ccccc1OC,CHEMBL220
CHEMBL173018,CC[N+](C)(CCCCCC(=O)N(C)CCCCCCCCN(C)C(=O)CCCCC[N+](C)(CC)Cc1ccccc1OC)Cc1ccccc1OC,CHEMBL220
CHEMBL431784,CNC(=O)Oc1ccc2c(c1)[C@]1(C)CCN(C)C1N2,CHEMBL220
CHEMBL11805,COc1ccccc1CN(C)CCCCCC(=O)N(C)CCCCCCCCN(C)C(=O)CCCCCN(C)Cc1ccccc1OC,CHEMBL220
CHEMBL59782,CCCCCCCNc1c2c(nc3cc(Cl)ccc13)CCCC2,CHEMBL220
CHEMBL59782,CCCCCCCNc1c2c(nc3cc(Cl)ccc13)CCCC2,CHEMBL220
CHEMBL94546,CN1C(=O)Cc2cc3c(CCC4CCN(Cc5ccccc5)CC4)noc3cc21.CS(=O)(=O)O,CHEMBL220
CHEMBL61561,CCCCCCCNc1c2c(nc3cc(F)ccc13)CCCC2,CHEMBL220
CHEMBL61561,CCCCCCCNc1c2c(nc3cc(F)ccc13)CCCC2,CHEMBL220
CHEMBL329012,O=C(O)/C=C\C(=O)O.O=C1Cc2cc3c(CCC4CCN(Cc5ccccc5)CC4)noc3cc2N1,CHEMBL220
CHEMBL95,Nc1c2c(nc3ccccc13)CCCC2,CHEMBL220
CHEMBL60119,Cc1ccc2c(N)c3c(nc2c1)CCCC3,CHEMBL220
CHEMBL60119,Cc1ccc2c(N)c3c(nc2c1)CCCC3,CHEMBL220
CHEMBL61221,CCCCCCCNc1c2c(nc3cc(C)ccc13)CCCC2,CHEMBL220
CHEMBL61221,CCCCCCCNc1c2c(nc3cc(C)ccc13)CCCC2,CHEMBL220
CHEMBL294525,CCCCCCCNc1c2c(nc3cc([N+](=O)[O-])ccc13)CCCC2,CHEMBL220
CHEMBL294525,CCCCCCCNc1c2c(nc3cc([N+](=O)[O-])ccc13)CCCC2,CHEMBL220
CHEMBL274107,CNC(=O)Oc1cccc2c1OC[C@@H]1CCN(C)[C@H]21,CHEMBL220
CHEMBL94,CNC(=O)Oc1ccc2c(c1)[C@]1(C)CCN(C)[C@@H]1N2C,CHEMBL220
CHEMBL278342,COc1ccc(-c2cc3c(c(=O)o2)C[C@]2(O)[C@@]4(C)C(=O)C=CC(C)(C)[C@]4(O)CC[C@@]2(C)O3)cc1,CHEMBL220
CHEMBL94217,CC(=O)Nc1ccc2c(CCC3CCN(Cc4ccccc4)CC3)noc2c1.O=C(O)/C=C/C(=O)O,CHEMBL220
CHEMBL328468,O=C1Cc2cc3onc(CCC4CCN(Cc5ccccc5)CC4)c3cc2N1,CHEMBL220
CHEMBL329231,O=C1CCc2cc3c(CCC4CCN(Cc5ccccc5)CC4)noc3cc2N1,CHEMBL220
CHEMBL94,CNC(=O)Oc1ccc2c(c1)[C@]1(C)CCN(C)[C@@H]1N2C,CHEMBL220
CHEMBL283509,COc1ccc(-c2cc3c(c(=O)o2)C[C@]2(O)[C@@]4(C)C(=O)C=CC(C)(C)[C@]4(O)CC[C@@]2(C)O3)cc1OC,CHEMBL220
CHEMBL24686,COc1cc(-c2cc3c(c(=O)o2)C[C@]2(O)[C@@]4(C)C(=O)C=CC(C)(C)[C@]4(O)CC[C@@]2(C)O3)cc(OC)c1OC,CHEMBL220
CHEMBL95020,O=C1Cc2c(ccc3c(CCC4CCN(Cc5ccccc5)CC4)noc23)N1,CHEMBL220
CHEMBL61533,Nc1c2c(nc3cc(F)ccc13)CCCC2,CHEMBL220
CHEMBL61533,Nc1c2c(nc3cc(F)ccc13)CCCC2,CHEMBL220
CHEMBL61715,Nc1c2c(nc3cc([N+](=O)[O-])ccc13)CCCC2,CHEMBL220
CHEMBL61715,Nc1c2c(nc3cc([N+](=O)[O-])ccc13)CCCC2,CHEMBL220
CHEMBL274107,CNC(=O)Oc1cccc2c1OC[C@@H]1CCN(C)[C@H]21,CHEMBL220
CHEMBL274107,CNC(=O)Oc1cccc2c1OC[C@@H]1CCN(C)[C@H]21,CHEMBL220
CHEMBL95,Nc1c2c(nc3ccccc13)CCCC2,CHEMBL220
CHEMBL292314,Nc1c2c(nc3cc(Cl)ccc13)CCCC2,CHEMBL220
CHEMBL292314,Nc1c2c(nc3cc(Cl)ccc13)CCCC2,CHEMBL220
CHEMBL61850,Nc1c2c(nc3cc(Br)ccc13)CCCC2,CHEMBL220
CHEMBL59628,Clc1ccc2c(NCc3ccccc3)c3c(nc2c1)CCCC3,CHEMBL220
CHEMBL59628,Clc1ccc2c(NCc3ccccc3)c3c(nc2c1)CCCC3,CHEMBL220
CHEMBL94,CNC(=O)Oc1ccc2c(c1)[C@]1(C)CCN(C)[C@@H]1N2C,CHEMBL220
CHEMBL502,COc1cc2c(cc1OC)C(=O)C(CC1CCN(Cc3ccccc3)CC1)C2,CHEMBL220
CHEMBL338975,CNC(=O)Oc1ccc2c(c1)[C@]1(C)CCN(C)[C@@H]1N2C.O=C(O)c1ccccc1O,CHEMBL220
CHEMBL395280,C/C=C1\[C@H]2C=C(C)C[C@]1(N)c1ccc(=O)[nH]c1C2,CHEMBL220
CHEMBL124054,Cc1ccccc1NC(=O)Oc1ccc2c(c1)[C@]1(C)CCN(C)O[C@@H]1N2C,CHEMBL220
CHEMBL123248,CNC(=O)Oc1ccc2c(c1)[C@]1(C)CCN(C)O[C@@H]1N2C,CHEMBL220
CHEMBL556186,Cc1ccccc1NC(=O)Oc1ccc2c(c1)[C@]1(C)CC[N@@+](C)([O-])[C@@H]1N2C.Cl,CHEMBL220
CHEMBL538109,CCc1ccccc1NC(=O)Oc1ccc2c(c1)[C@]1(C)CC[N@@+](C)([O-])[C@@H]1N2C.Cl,CHEMBL220
CHEMBL120279,Cc1ccccc1NC(=O)Oc1ccc2c(c1)[C@]1(C)CCN(C)[C@@H]1N2C.O=C(O)C(O)C(O)C(=O)O,CHEMBL220
CHEMBL538852,CNC(=O)Oc1ccc2c(c1)[C@]1(C)CC[N@@+](C)([O-])[C@@H]1N2C.Cl,CHEMBL220
CHEMBL123249,CN1CC[C@@]2(C)c3cc(OC(=O)Nc4ccccc4)ccc3N(C)[C@@H]12.O=C(O)C(O)C(O)C(=O)O,CHEMBL220
CHEMBL122834,CCc1ccccc1NC(=O)Oc1ccc2c(c1)[C@]1(C)CCN(C)[C@@H]1N2C.O=C(O)C(O)C(O)C(=O)O,CHEMBL220
CHEMBL121810,CCc1ccccc1NC(=O)Oc1ccc2c(c1)[C@]1(C)CCN(C)O[C@@H]1N2C,CHEMBL220
CHEMBL433041,CCCCCCCNC(=O)Oc1ccc2c(c1)[C@]1(C)CCN(C)[C@@H]1N2C,CHEMBL220
CHEMBL502,COc1cc2c(cc1OC)C(=O)C(CC1CCN(Cc3ccccc3)CC1)C2,CHEMBL220
CHEMBL123831,CN1CC[C@@]2(C)c3cc(OC(=O)Nc4ccccc4)ccc3N(C)[C@H]2O1,CHEMBL220
CHEMBL95,Nc1c2c(nc3ccccc13)CCCC2,CHEMBL220
CHEMBL538853,CN1c2ccc(OC(=O)Nc3ccccc3)cc2[C@]2(C)CC[N@@+](C)([O-])[C@H]12.Cl,CHEMBL220
CHEMBL91291,Cc1cc2onc(CCC3CCN(Cc4ccccc4)CC3)c2cc1C,CHEMBL220
CHEMBL502,COc1cc2c(cc1OC)C(=O)C(CC1CCN(Cc3ccccc3)CC1)C2,CHEMBL220
CHEMBL92460,c1ccc(CN2CCC(CCc3noc4ccccc34)CC2)cc1,CHEMBL220
CHEMBL93619,COc1cccc2c(CCC3CCN(Cc4ccccc4)CC3)noc12,CHEMBL220
CHEMBL93936,c1ccc(CN2CCC(CCc3noc4cc(N5CCOCC5)ccc34)CC2)cc1,CHEMBL220
CHEMBL94,CNC(=O)Oc1ccc2c(c1)[C@]1(C)CCN(C)[C@@H]1N2C,CHEMBL220
CHEMBL92955,O=S(=O)(Nc1ccc2c(CCC3CCN(Cc4ccccc4)CC3)noc2c1)c1ccccc1,CHEMBL220
CHEMBL92958,c1ccc(CN2CCC(CCc3n[nH]c4ccccc34)CC2)cc1,CHEMBL220
CHEMBL433379,Cc1ccc2onc(CCC3CCN(Cc4ccccc4)CC3)c2c1,CHEMBL220
CHEMBL418955,COc1ccc2c(CCC3CCN(Cc4ccccc4)CC3)noc2c1,CHEMBL220
CHEMBL96246,C(=C\C1CCN(Cc2ccccc2)CC1)\c1noc2ccccc12,CHEMBL220
CHEMBL95,Nc1c2c(nc3ccccc13)CCCC2,CHEMBL220
CHEMBL330004,Brc1ccc2c(CCC3CCN(Cc4ccccc4)CC3)noc2c1,CHEMBL220
CHEMBL328102,c1ccc(CN2CCC(CCc3nsc4ccccc34)CC2)cc1,CHEMBL220
CHEMBL92663,NC(=O)c1ccc2c(CCC3CCN(Cc4ccccc4)CC3)noc2c1,CHEMBL220
CHEMBL92142,c1ccc(CN2CCC(CCc3nccc4ccccc34)CC2)cc1,CHEMBL220
CHEMBL92629,c1ccc(CN2CCC(CNc3noc4ccccc34)CC2)cc1,CHEMBL220
CHEMBL92463,Oc1ccc2c(CCC3CCN(Cc4ccccc4)CC3)noc2c1,CHEMBL220
CHEMBL420625,Nc1ccc2c(CCC3CCN(Cc4ccccc4)CC3)noc2c1,CHEMBL220
CHEMBL93123,O=C(Nc1ccc2c(CCC3CCN(Cc4ccccc4)CC3)noc2c1)c1ccccc1,CHEMBL220
CHEMBL92775,N#Cc1ccc2c(CCC3CCN(Cc4ccccc4)CC3)noc2c1,CHEMBL220
CHEMBL92736,CC(=O)Nc1ccc2c(CCC3CCN(Cc4ccccc4)CC3)noc2c1,CHEMBL220
CHEMBL94186,COc1ccc2onc(CCC3CCN(Cc4ccccc4)CC3)c2c1,CHEMBL220
CHEMBL2448609,CCCCCCNC(=O)Oc1ccc2c(c1)[C@]1(C)CCN(CCC)C1C2.Cc1ccc(C(=O)OC(C(=O)O)C(OC(=O)c2ccc(C)cc2)C(=O)O)cc1.O,CHEMBL220
CHEMBL34222,CCCCCCNC(=O)Oc1ccc2c(c1)[C@]1(C)CCN(CC)C1C2,CHEMBL220
CHEMBL416586,CCCCCCCNC(=O)Oc1ccc2c(c1)[C@]1(C)CCN(CC)C1C2,CHEMBL220
CHEMBL416586,CCCCCCCNC(=O)Oc1ccc2c(c1)[C@]1(C)CCN(CC)C1C2,CHEMBL220
CHEMBL32964,CCCNC(=O)Oc1ccc2c(c1)[C@]1(C)CCN(CC)C1C2,CHEMBL220
CHEMBL34222,CCCCCCNC(=O)Oc1ccc2c(c1)[C@]1(C)CCN(CC)C1C2,CHEMBL220
CHEMBL284938,CCCCCCNC(=O)Oc1ccc2c(c1)[C@]1(C)CCN(C)C1C2,CHEMBL220
CHEMBL32966,CCCCCCCNC(=O)Oc1ccc2c(c1)[C@]1(C)CCN(C)C1C2,CHEMBL220
CHEMBL287691,CCN1CC[C@H]2c3cc(OC(=O)NC)ccc3CC21,CHEMBL220
CHEMBL416586,CCCCCCCNC(=O)Oc1ccc2c(c1)[C@]1(C)CCN(CC)C1C2,CHEMBL220
CHEMBL286690,CCN1CC[C@@]2(C)c3cc(OC(=O)NCc4ccccc4)ccc3CC12,CHEMBL220
CHEMBL34222,CCCCCCNC(=O)Oc1ccc2c(c1)[C@]1(C)CCN(CC)C1C2,CHEMBL220
CHEMBL33161,CCN1CC[C@@]2(C)c3cc(OC(=O)Nc4ccccc4)ccc3CC12,CHEMBL220
CHEMBL32452,CCCCNC(=O)Oc1ccc2c(c1)[C@]1(C)CCN(CC)C1C2,CHEMBL220
CHEMBL33642,CCCCCCCNC(=O)Oc1ccc2c(c1)[C@]1(C)CCN(CCC)C1C2,CHEMBL220
CHEMBL433041,CCCCCCCNC(=O)Oc1ccc2c(c1)[C@]1(C)CCN(C)[C@@H]1N2C,CHEMBL220
CHEMBL284369,CCCCCCNC(=O)Oc1ccc2c(c1)[C@@H]1CCN(CC)C1C2,CHEMBL220
CHEMBL284519,CCN1CC[C@@]2(C)c3cc(OC(=O)NC)ccc3CC12,CHEMBL220
CHEMBL94,CNC(=O)Oc1ccc2c(c1)[C@]1(C)CCN(C)[C@@H]1N2C,CHEMBL220
CHEMBL95,Nc1c2c(nc3ccccc13)CCCC2,CHEMBL220
CHEMBL95,Nc1c2c(nc3ccccc13)CCCC2,CHEMBL220
CHEMBL11805,COc1ccccc1CN(C)CCCCCC(=O)N(C)CCCCCCCCN(C)C(=O)CCCCCN(C)Cc1ccccc1OC,CHEMBL220
CHEMBL346605,Cc1ccc(F)cc1,CHEMBL220
CHEMBL140020,C=CC[N+](C)(C)c1ccc(CCC(=O)CCc2ccc([N+](C)(C)CC=C)cc2)cc1,CHEMBL220
CHEMBL45005,Cc1ccccc1C,CHEMBL220
CHEMBL31561,Cc1ccc(C)cc1,CHEMBL220
CHEMBL54126,CN(C)C(=O)Oc1cccc([N+](C)(C)C)c1.[Br-],CHEMBL220
CHEMBL152826,COc1cc2c(c(OC)c1)C(=O)C(C)C2,CHEMBL220
CHEMBL286727,Cc1cccc(C)c1,CHEMBL220
CHEMBL347023,COc1ccc2c(c1)C(=O)C(C)C2,CHEMBL220
CHEMBL153848,COc1cc2c(cc1OC(C)C)CC(C)C2=O,CHEMBL220
CHEMBL94,CNC(=O)Oc1ccc2c(c1)[C@]1(C)CCN(C)[C@@H]1N2C,CHEMBL220
CHEMBL609671,CCCCNC(=O)Oc1ccc2c(c1)[C@]1(C)CCN(C)C1N2C,CHEMBL220
CHEMBL136526,CNC(=O)Oc1ccc2c(c1)[C@]1(C)CC[N+](C)(C)C1N2C,CHEMBL220
CHEMBL352247,Cc1cccc2c1CC(C)C2=O,CHEMBL220
CHEMBL345698,Cc1cccc(F)c1,CHEMBL220
CHEMBL58521,Cc1ccc(N)cc1,CHEMBL220
CHEMBL95,Nc1c2c(nc3ccccc13)CCCC2,CHEMBL220
CHEMBL95,Nc1c2c(nc3ccccc13)CCCC2,CHEMBL220
CHEMBL347667,COc1cc2c(cc1O)C(=O)C(C)C2,CHEMBL220
CHEMBL422695,CC1Cc2cc3c(cc2C1=O)OCO3,CHEMBL220
CHEMBL155191,CC1Cc2ccccc2C1=O,CHEMBL220
CHEMBL352215,Cc1ccccc1F,CHEMBL220
CHEMBL422338,COc1cccc2c1CC(C)C2=O,CHEMBL220
CHEMBL350916,COc1ccc2c(c1OC)C(=O)C(C)C2,CHEMBL220
CHEMBL609150,CCCCCCCCNC(=O)Oc1ccc2c(c1)[C@]1(C)CCN(C)C1N2C,CHEMBL220
CHEMBL423419,COc1ccc(OC)c2c1CC(C)C2=O,CHEMBL220
CHEMBL9113,Cc1ccccc1,CHEMBL220
CHEMBL155320,Cc1ccc([N+](=O)[O-])cc1,CHEMBL220
CHEMBL155499,CC1Cc2ccc(F)cc2C1=O,CHEMBL220
CHEMBL16645,Cc1ccc(O)cc1,CHEMBL220
CHEMBL298312,Cc1cccc(O)c1,CHEMBL220
CHEMBL440185,COc1cc2c(c(OC)c1OC)C(=O)C(C)C2,CHEMBL220
CHEMBL94,CNC(=O)Oc1ccc2c(c1)[C@]1(C)CCN(C)[C@@H]1N2C,CHEMBL220
CHEMBL154848,COc1cc2c(cc1OC)C(=O)C(C)C2,CHEMBL220
CHEMBL349791,COc1cccc(C)c1,CHEMBL220
CHEMBL158242,CCOc1cc2c(cc1OCC)C(=O)C(C)C2,CHEMBL220
CHEMBL157327,Cc1ccc2c(c1)C(=O)C(C)C2,CHEMBL220
CHEMBL114059,Cc1cccc([N+](=O)[O-])c1,CHEMBL220
CHEMBL155371,COc1ccc2c(c1OC)CC(C)C2=O,CHEMBL220
CHEMBL1128,CC[N+](C)(C)c1cccc(O)c1.[Cl-],CHEMBL220
CHEMBL1128,CC[N+](C)(C)c1cccc(O)c1.[Cl-],CHEMBL220
CHEMBL300143,Cc1ccccc1NC(=O)Oc1ccc2c(c1)[C@]1(C)CCN(C)C1N2C,CHEMBL220
CHEMBL54470,CC(C)c1ccc(NC(=O)Oc2ccc3c(c2)[C@]2(C)CCNC2N3)cc1,CHEMBL220
CHEMBL55315,Cc1ccccc1NC(=O)Oc1ccc2c(c1)[C@]1(C)CCN(C)C1N2,CHEMBL220
CHEMBL53623,Cc1ccccc1NC(=O)Oc1ccc2c(c1)[C@]1(C)CCNC1N2C,CHEMBL220
CHEMBL54864,Cc1ccccc1NC(=O)Oc1ccc2c(c1)[C@]1(C)CCNC1N2,CHEMBL220
CHEMBL54014,Cc1ccccc1NC(=O)Oc1ccc2c(c1)[C@]1(C)CCN(C)C1N2Cc1ccccc1,CHEMBL220
CHEMBL54727,CN1CC[C@@]2(C)c3cc(OC(=O)Nc4ccccc4)ccc3N(C)C12,CHEMBL220
CHEMBL341658,CCC1=CC2Cc3nc4cc(F)ccc4c(N)c3C(C1)C2,CHEMBL220
CHEMBL208599,CCC1=CC2Cc3nc4cc(Cl)ccc4c(N)c3[C@@H](C1)C2,CHEMBL220
CHEMBL659,COc1ccc2c3c1O[C@H]1C[C@@H](O)C=C[C@@]31CCN(C)C2,CHEMBL220
CHEMBL341658,CCC1=CC2Cc3nc4cc(F)ccc4c(N)c3C(C1)C2,CHEMBL220
CHEMBL95,Nc1c2c(nc3ccccc13)CCCC2,CHEMBL220
CHEMBL357207,CCC1=CC2Cc3nc4cc(Cl)cc(Cl)c4c(N)c3C(C1)C2,CHEMBL220
CHEMBL1677,Cl.Nc1c2c(nc3ccccc13)CCCC2,CHEMBL220
CHEMBL541344,CC1=CC2Cc3nc4ccccc4c(N)c3C(C1)C2.Cl,CHEMBL220
CHEMBL140476,CC1=CC2Cc3nc4cc(Cl)ccc4c(N)c3C(C1)C2,CHEMBL220
CHEMBL142491,CCC1=CC2Cc3nc4cccc(F)c4c(N)c3C(C1)C2,CHEMBL220
CHEMBL143290,CC1=CC2Cc3nc4cc(F)cc(F)c4c(N)c3C(C1)C2,CHEMBL220
CHEMBL95,Nc1c2c(nc3ccccc13)CCCC2,CHEMBL220
CHEMBL539051,CCC1=CC2Cc3nc4ccccc4c(N)c3C(C1)C2.Cl,CHEMBL220
CHEMBL208599,CCC1=CC2Cc3nc4cc(Cl)ccc4c(N)c3[C@@H](C1)C2,CHEMBL220
CHEMBL109869,CC1=CC2Cc3nc4cccc(F)c4c(N)c3C(C1)C2,CHEMBL220
CHEMBL433041,CCCCCCCNC(=O)Oc1ccc2c(c1)[C@]1(C)CCN(C)[C@@H]1N2C,CHEMBL220
CHEMBL143094,CCC1=CC2Cc3nc4cc(C)cc(C)c4c(N)c3C(C1)C2,CHEMBL220
CHEMBL208599,CCC1=CC2Cc3nc4cc(Cl)ccc4c(N)c3[C@@H](C1)C2,CHEMBL220
CHEMBL395280,C/C=C1\[C@H]2C=C(C)C[C@]1(N)c1ccc(=O)[nH]c1C2,CHEMBL220
CHEMBL4524111,CC1=C[C@@H]2Cc3nc4cc(F)ccc4c(N)c3[C@H](C1)C2,CHEMBL220
CHEMBL542497,CCC1=CC2CC(C1)Cc1nc3ccccc3c(N)c12.Cl,CHEMBL220
CHEMBL395280,C/C=C1\[C@H]2C=C(C)C[C@]1(N)c1ccc(=O)[nH]c1C2,CHEMBL220
CHEMBL445130,Clc1ccc2c(c1)N=C1CCCCCN1C2,CHEMBL220
CHEMBL139819,CCC1=CC2Cc3nc4cccc(Cl)c4c(N)c3C(C1)C2,CHEMBL220
CHEMBL335355,CCC1=CC2Cc3nc4cc(F)cc(F)c4c(N)c3C(C1)C2,CHEMBL220
CHEMBL341658,CCC1=CC2Cc3nc4cc(F)ccc4c(N)c3C(C1)C2,CHEMBL220
CHEMBL140476,CC1=CC2Cc3nc4cc(Cl)ccc4c(N)c3C(C1)C2,CHEMBL220
CHEMBL395280,C/C=C1\[C@H]2C=C(C)C[C@]1(N)c1ccc(=O)[nH]c1C2,CHEMBL220
CHEMBL140476,CC1=CC2Cc3nc4cc(Cl)ccc4c(N)c3C(C1)C2,CHEMBL220
CHEMBL557181,Cl.O=C(CCC1CCN(Cc2ccccc2)CC1)c1ccc2c(c1)OCCO2,CHEMBL220
CHEMBL87014,Cc1cc(C(=O)CCC2CC[N+](C)(Cc3ccccc3)CC2)nn1-c1ccccc1,CHEMBL220
CHEMBL87632,COc1cc2c(cc1OC)C(=O)C(Cc1cc[n+](Cc3ccccc3)cc1)C2,CHEMBL220
CHEMBL313231,C[N+]1(Cc2ccccc2)CCC(CCC(=O)c2ccc3c(c2)OCO3)CC1,CHEMBL220
CHEMBL537908,Cl.O=C(CCC1CCN(Cc2ccccc2)CC1)c1ccc2[nH]c(-c3ccccc3)nc2c1,CHEMBL220
CHEMBL502,COc1cc2c(cc1OC)C(=O)C(CC1CCN(Cc3ccccc3)CC1)C2,CHEMBL220
CHEMBL94,CNC(=O)Oc1ccc2c(c1)[C@]1(C)CCN(C)[C@@H]1N2C,CHEMBL220
CHEMBL87823,COc1ccc2cc(C(=O)CCC3CC[N+](C)(Cc4ccccc4)CC3)ccc2c1,CHEMBL220
CHEMBL107673,CN(C)Cc1ccc(CSCCNc2cc(NCc3cccnc3)c([N+](=O)[O-])cc2[N+](=O)[O-])o1,CHEMBL220
CHEMBL87344,C[N+]1(Cc2ccccc2)CCC(CCC(=O)c2ccc3c(c2)CCO3)CC1,CHEMBL220
CHEMBL87344,C[N+]1(Cc2ccccc2)CCC(CCC(=O)c2ccc3c(c2)CCO3)CC1,CHEMBL220
CHEMBL86835,C[N@+]1(Cc2ccccc2)CC[C@H](CCC(=O)c2ccc3c(c2)CCO3)CC1,CHEMBL220
CHEMBL75121,COc1cc2cc(-c3ccc(CN(C)Cc4ccccc4)cc3)c(=O)oc2cc1OC,CHEMBL220
CHEMBL75121,COc1cc2cc(-c3ccc(CN(C)Cc4ccccc4)cc3)c(=O)oc2cc1OC,CHEMBL220
CHEMBL104681,CN(C)Cc1ccc(CSCCNc2cc(F)c([N+](=O)[O-])cc2[N+](=O)[O-])o1,CHEMBL220
CHEMBL107892,CN(C)Cc1ccc(CSCCNc2cc(N)c([N+](=O)[O-])cc2[N+](=O)[O-])o1,CHEMBL220
CHEMBL502,COc1cc2c(cc1OC)C(=O)C(CC1CCN(Cc3ccccc3)CC1)C2,CHEMBL220
CHEMBL502,COc1cc2c(cc1OC)C(=O)C(CC1CCN(Cc3ccccc3)CC1)C2,CHEMBL220
CHEMBL432376,COc1cc2cc(C(=O)CCC3CC[N+](C)(Cc4ccccc4)CC3)n(C)c2cc1OC,CHEMBL220
CHEMBL321605,CN(C)Cc1ccc(CSCCNc2cc(NN)c([N+](=O)[O-])cc2[N+](=O)[O-])o1,CHEMBL220
CHEMBL502,COc1cc2c(cc1OC)C(=O)C(CC1CCN(Cc3ccccc3)CC1)C2,CHEMBL220
CHEMBL502,COc1cc2c(cc1OC)C(=O)C(CC1CCN(Cc3ccccc3)CC1)C2,CHEMBL220
CHEMBL106782,CCCNc1cc(NCCSCc2ccc(CN(C)C)o2)c([N+](=O)[O-])cc1[N+](=O)[O-],CHEMBL220
CHEMBL86863,COc1cc2c(cc1OC)C(=O)/C(=C/c1cc[n+](Cc3ccccc3)cc1)C2,CHEMBL220
CHEMBL94,CNC(=O)Oc1ccc2c(c1)[C@]1(C)CCN(C)[C@@H]1N2C,CHEMBL220
CHEMBL320291,CNc1cc(NCCSCc2ccc(CN(C)C)o2)c([N+](=O)[O-])cc1[N+](=O)[O-],CHEMBL220
CHEMBL542543,Cc1nc2ccc(C(=O)CCC3CCN(Cc4ccccc4)CC3)cc2s1.Cl,CHEMBL220
CHEMBL245079,CC1=C[C@H]2Cc3[nH]c(=O)ccc3[C@]3(C1)NCCC[C@H]23,CHEMBL220
CHEMBL245079,CC1=C[C@H]2Cc3[nH]c(=O)ccc3[C@]3(C1)NCCC[C@H]23,CHEMBL220
CHEMBL555075,CCn1c(C)nc2cc(C(=O)CCC3CCN(Cc4ccccc4)CC3)ccc21.Cl,CHEMBL220
CHEMBL552832,Cl.O=C(CCC1CCN(Cc2ccccc2)CC1)c1ccccc1,CHEMBL220
CHEMBL327135,CN(C)Cc1ccc(CSCCNc2cc(Oc3ccc([N+](=O)[O-])cc3)c([N+](=O)[O-])cc2[N+](=O)[O-])o1,CHEMBL220
CHEMBL314989,COc1cc2c(cc1OC)C(=O)C(CC1CC[N+](C)(Cc3ccccc3)CC1)C2,CHEMBL220
CHEMBL314989,COc1cc2c(cc1OC)C(=O)C(CC1CC[N+](C)(Cc3ccccc3)CC1)C2,CHEMBL220
CHEMBL95,Nc1c2c(nc3ccccc13)CCCC2,CHEMBL220
CHEMBL542297,Cc1nc2cc(C(=O)CCC3CCN(Cc4ccccc4)CC3)ccc2[nH]1.Cl,CHEMBL220
CHEMBL87273,COc1cc2cc(C(=O)CCC3CC[N+](C)(Cc4ccccc4)CC3)sc2cc1OC,CHEMBL220
CHEMBL87273,COc1cc2cc(C(=O)CCC3CC[N+](C)(Cc4ccccc4)CC3)sc2cc1OC,CHEMBL220
CHEMBL86031,C[N+]1(Cc2ccccc2)CCC(CCC(=O)c2ccc3c(c2)OCCO3)CC1,CHEMBL220
CHEMBL95,Nc1c2c(nc3ccccc13)CCCC2,CHEMBL220
CHEMBL316973,CN(C)Cc1ccc(CSCCNc2ccc([N+](=O)[O-])cc2[N+](=O)[O-])o1,CHEMBL220
CHEMBL313582,C[N+]1(Cc2ccccc2)CCC(CCC(=O)c2ccc3c(c2)CCCCO3)CC1,CHEMBL220
CHEMBL148882,CC(c1cccc(OC(=O)N(C)C)c1)N(C)C,CHEMBL220
CHEMBL554452,CN(C)C(=O)Oc1cccc2c1CCC2N.Cl,CHEMBL220
CHEMBL544396,CCN(C)C(=O)Oc1cccc2c1CCC2N.Cl,CHEMBL220
CHEMBL347503,C#CCNCCc1cccc(OC(=O)N(C)C)c1,CHEMBL220
CHEMBL543217,COc1ccc(N(C)C(=O)Oc2ccc3c(c2)C(N)CC3)cc1.Cl,CHEMBL220
CHEMBL554179,C#CCNC1CCc2c(OC(=O)N(C)C)cccc21.Cl,CHEMBL220
CHEMBL544398,CN(C)C(=O)Oc1cccc2c1CCC2N(C)C.Cl,CHEMBL220
CHEMBL347527,CNCCc1cccc(OC(=O)N(C)C)c1,CHEMBL220
CHEMBL151368,CN(C)CCc1cccc(OC(=O)N(C)C)c1,CHEMBL220
CHEMBL147524,CN(C)C(=O)Oc1cccc(CCN)c1,CHEMBL220
CHEMBL151861,C#CC(C)NCCc1cccc(OC(=O)N(C)C)c1,CHEMBL220
CHEMBL60380,CCCCNC(=O)Oc1ccc2c(c1)C1CCN(CC)C2C1,CHEMBL220
CHEMBL64633,CCCCCCNC(=O)Oc1ccc2c(c1)C1(C)CCN(CC)C2C1,CHEMBL220
CHEMBL94,CNC(=O)Oc1ccc2c(c1)[C@]1(C)CCN(C)[C@@H]1N2C,CHEMBL220
CHEMBL433041,CCCCCCCNC(=O)Oc1ccc2c(c1)[C@]1(C)CCN(C)[C@@H]1N2C,CHEMBL220
CHEMBL413765,CCCCCCNC(=O)Oc1ccc2c(c1)[C@]1(C)CCN(CC)[C@@H]1C2,CHEMBL220
CHEMBL12781,CN(C)Cc1ccc(CSCc2ccc(-c3ccc(CSCc4ccc(CN(C)C)o4)cc3)cc2)o1,CHEMBL220
CHEMBL60379,CCN1CCC2CC1c1ccc(OC(=O)NC)cc12,CHEMBL220
CHEMBL13206,CN(C)Cc1ccc(CSCCN/C=C(/NCCSCc2ccc(CN(C)C)o2)[N+](=O)[O-])o1,CHEMBL220
CHEMBL64529,CCCCCCCNC(=O)Oc1ccc2c(c1)C1CCN(C)C2C1,CHEMBL220
CHEMBL94,CNC(=O)Oc1ccc2c(c1)[C@]1(C)CCN(C)[C@@H]1N2C,CHEMBL220
CHEMBL12937,CN(C)Cc1ccc(CSCCCCSCc2ccc(CN(C)C)o2)o1,CHEMBL220
CHEMBL292421,CCCCCCCNC(=O)Oc1ccc2c(c1)C1CCN(CC)C2C1,CHEMBL220
CHEMBL12858,CN(C)Cc1ccc(CSCCNC(=NC#N)NCCSCc2ccc(CN(C)C)o2)o1,CHEMBL220
CHEMBL13122,CN(C)Cc1ccc(CSCCNc2cc(NCCSCc3ccc(CN(C)C)o3)c([N+](=O)[O-])cc2[N+](=O)[O-])o1,CHEMBL220
CHEMBL95,Nc1c2c(nc3ccccc13)CCCC2,CHEMBL220
CHEMBL413549,CCCCCCNC(=O)Oc1ccc2c(c1)C1CCN(CC)C2C1,CHEMBL220
CHEMBL12472,CN(C)Cc1ccc(CSCc2ccc(CSCc3ccc(CN(C)C)o3)cc2)o1,CHEMBL220
CHEMBL302168,CCCCCCCNC(=O)Oc1ccc2c(c1)C1(C)CCN(CC)C2C1,CHEMBL220
CHEMBL61274,CCCCCCNC(=O)Oc1ccc2c(c1)C1CCN(C)C2C1,CHEMBL220
CHEMBL338755,CN(CCCNc1c2c(nc3ccccc13)CCCC2)CCCNc1c2c(nc3ccccc13)CCCC2,CHEMBL220
CHEMBL362444,CNC(=O)Oc1ccc2c(c1)[C@]1(C)CCOC1N2C,CHEMBL220
CHEMBL367795,CCNC(=O)Oc1ccc2c(c1)[C@]1(C)CCOC1N2C,CHEMBL220
CHEMBL362049,Cc1ccccc1NC(=O)Oc1ccc2c(c1)[C@]1(C)CCOC1N2C,CHEMBL220
CHEMBL94,CNC(=O)Oc1ccc2c(c1)[C@]1(C)CCN(C)[C@@H]1N2C,CHEMBL220
CHEMBL361409,CCNC(=O)Oc1ccc2c(c1)[C@]1(C)CCN(C)C1N2C,CHEMBL220
CHEMBL300143,Cc1ccccc1NC(=O)Oc1ccc2c(c1)[C@]1(C)CCN(C)C1N2C,CHEMBL220
CHEMBL178770,Cc1ccccc1NC(=O)Oc1ccc2c(c1)C1(C)CCOC1O2,CHEMBL220
CHEMBL178294,Cc1ccccc1NC(=O)Oc1ccc2c(c1)C1(C)COC(C1)O2,CHEMBL220
CHEMBL95,Nc1c2c(nc3ccccc13)CCCC2,CHEMBL220
CHEMBL502,COc1cc2c(cc1OC)C(=O)C(CC1CCN(Cc3ccccc3)CC1)C2,CHEMBL220
CHEMBL74926,CN1CC[C@@]2(C)c3cc(OC(=O)Nc4ccccc4)ccc3N(C)[C@@H]12,CHEMBL220
CHEMBL539624,CCc1ccccc1NC(=O)Oc1ccc2c(c1)[C@]1(C)CC[N+](C)([O-])[C@@H]1N2C.Cl,CHEMBL220
CHEMBL433041,CCCCCCCNC(=O)Oc1ccc2c(c1)[C@]1(C)CCN(C)[C@@H]1N2C,CHEMBL220
CHEMBL395280,C/C=C1\[C@H]2C=C(C)C[C@]1(N)c1ccc(=O)[nH]c1C2,CHEMBL220
CHEMBL95,Nc1c2c(nc3ccccc13)CCCC2,CHEMBL220
CHEMBL11805,COc1ccccc1CN(C)CCCCCC(=O)N(C)CCCCCCCCN(C)C(=O)CCCCCN(C)Cc1ccccc1OC,CHEMBL220
CHEMBL179455,Nc1ccc2c(c1)c(-c1ccccc1)[n+](CCCNCCCNCCCNc1c3c(nc4ccccc14)CCCC3)c1cc(N)ccc21,CHEMBL220
CHEMBL179455,Nc1ccc2c(c1)c(-c1ccccc1)[n+](CCCNCCCNCCCNc1c3c(nc4ccccc14)CCCC3)c1cc(N)ccc21,CHEMBL220
CHEMBL535812,CCC1=CC2Cc3nc4ccccc4c(NCCCCCCCCNc4c5c(nc6ccccc46)CCCC5)c3C(C1)C2.Cl.Cl,CHEMBL220
CHEMBL183507,COc1ccc(-c2cc3c(c(=O)o2)C[C@@]2(O)[C@@]4(C)C(=O)[C@@]5(OC)C(=O)O[C@]4(CC[C@@]2(C)O3)C5(C)C)cc1,CHEMBL220
CHEMBL424984,COc1ccc(-c2cc3c(c(=O)o2)C[C@@]2(O)[C@@]4(C)C=CC(=O)C(C)(C)[C@@]4(O)CC[C@@]2(C)O3)cc1,CHEMBL220
CHEMBL183813,COc1ccc(-c2cc3c(c(=O)o2)C[C@@]2(O)[C@@]4(C)CCC(=O)C(C)(C)[C@@]4(O)CC[C@@]2(C)O3)cc1,CHEMBL220
CHEMBL95,Nc1c2c(nc3ccccc13)CCCC2,CHEMBL220
CHEMBL181435,CCCCNC(=O)OCCCCCCCCCCO,CHEMBL220
CHEMBL182696,CCCCNC(=O)OCCCCCCCCCCCCO,CHEMBL220
CHEMBL183394,CCCCNC(=O)OCCCCCCCCCCCCCCO,CHEMBL220
CHEMBL184316,CCCCNC(=O)OCCCCCCCCCCCCCCCCO,CHEMBL220
CHEMBL181867,CCCCNC(=O)OCCCCCOC(=O)NCCCC,CHEMBL220
CHEMBL425165,CCCCNC(=O)OCCCCCCCCOC(=O)NCCCC,CHEMBL220
CHEMBL185000,CCCCNC(=O)OCCCCCCCCCCOC(=O)NCCCC,CHEMBL220
CHEMBL184946,CCCCNC(=O)OCCCCCCCCCCCCOC(=O)NCCCC,CHEMBL220
CHEMBL185164,CCCCNC(=O)OCCCCCCCCCCCCCCOC(=O)NCCCC,CHEMBL220
CHEMBL362685,CCCCNC(=O)OCCCCCCCCCCCCCCCCOC(=O)NCCCC,CHEMBL220
CHEMBL95,Nc1c2c(nc3ccccc13)CCCC2,CHEMBL220
CHEMBL95,Nc1c2c(nc3ccccc13)CCCC2,CHEMBL220
CHEMBL369661,Nc1c2c(nc3c(Cl)cccc13)CCCC2,CHEMBL220
CHEMBL292314,Nc1c2c(nc3cc(Cl)ccc13)CCCC2,CHEMBL220
CHEMBL292314,Nc1c2c(nc3cc(Cl)ccc13)CCCC2,CHEMBL220
CHEMBL134057,Nc1c2c(nc3cccc(Cl)c13)CCCC2,CHEMBL220
CHEMBL60119,Cc1ccc2c(N)c3c(nc2c1)CCCC3,CHEMBL220
CHEMBL61715,Nc1c2c(nc3cc([N+](=O)[O-])ccc13)CCCC2,CHEMBL220
CHEMBL61533,Nc1c2c(nc3cc(F)ccc13)CCCC2,CHEMBL220
CHEMBL1161714,Nc1c2c(nc3cccc(F)c13)C1CC(C2)C1,CHEMBL220
CHEMBL1161715,Nc1c2c(nc3ccc(O)cc13)CCCC2,CHEMBL220
CHEMBL431844,Nc1c2c(nc3ccccc13)C1CCC2C1,CHEMBL220
CHEMBL355740,Nc1c2c(nc3c(Cl)cccc13)C1CCC2C1,CHEMBL220
CHEMBL352500,Nc1c2c(nc3cc(Cl)ccc13)C1CCC2C1,CHEMBL220
CHEMBL368196,Nc1c2c(nc3cccc(Cl)c13)C1CCC2C1,CHEMBL220
CHEMBL140476,CC1=CC2Cc3nc4cc(Cl)ccc4c(N)c3C(C1)C2,CHEMBL220
CHEMBL341658,CCC1=CC2Cc3nc4cc(F)ccc4c(N)c3C(C1)C2,CHEMBL220
CHEMBL143812,CCC1=CC2Cc3nc4cc(Cl)ccc4c(N)c3C(C1)C2,CHEMBL220
CHEMBL1161717,C=C1c2ccc(Cl)cc2N=C2CCCCCN12,CHEMBL220
CHEMBL132030,Nc1c2c(nc3cccc(F)c13)CCCC2,CHEMBL220
CHEMBL132260,Nc1c2c(nc3ccccc13)OCCC2,CHEMBL220
CHEMBL92460,c1ccc(CN2CCC(CCc3noc4ccccc34)CC2)cc1,CHEMBL220
CHEMBL92460,c1ccc(CN2CCC(CCc3noc4ccccc34)CC2)cc1,CHEMBL220
CHEMBL433379,Cc1ccc2onc(CCC3CCN(Cc4ccccc4)CC3)c2c1,CHEMBL220
CHEMBL433379,Cc1ccc2onc(CCC3CCN(Cc4ccccc4)CC3)c2c1,CHEMBL220
CHEMBL188823,COc1cc2onc(CCC3CCN(Cc4ccccc4)CC3)c2cc1C,CHEMBL220
CHEMBL188823,COc1cc2onc(CCC3CCN(Cc4ccccc4)CC3)c2cc1C,CHEMBL220
CHEMBL94186,COc1ccc2onc(CCC3CCN(Cc4ccccc4)CC3)c2c1,CHEMBL220
CHEMBL94186,COc1ccc2onc(CCC3CCN(Cc4ccccc4)CC3)c2c1,CHEMBL220
CHEMBL93619,COc1cccc2c(CCC3CCN(Cc4ccccc4)CC3)noc12,CHEMBL220
CHEMBL93619,COc1cccc2c(CCC3CCN(Cc4ccccc4)CC3)noc12,CHEMBL220
CHEMBL92736,CC(=O)Nc1ccc2c(CCC3CCN(Cc4ccccc4)CC3)noc2c1,CHEMBL220
CHEMBL92736,CC(=O)Nc1ccc2c(CCC3CCN(Cc4ccccc4)CC3)noc2c1,CHEMBL220
CHEMBL92955,O=S(=O)(Nc1ccc2c(CCC3CCN(Cc4ccccc4)CC3)noc2c1)c1ccccc1,CHEMBL220
CHEMBL92955,O=S(=O)(Nc1ccc2c(CCC3CCN(Cc4ccccc4)CC3)noc2c1)c1ccccc1,CHEMBL220
CHEMBL93936,c1ccc(CN2CCC(CCc3noc4cc(N5CCOCC5)ccc34)CC2)cc1,CHEMBL220
CHEMBL93936,c1ccc(CN2CCC(CCc3noc4cc(N5CCOCC5)ccc34)CC2)cc1,CHEMBL220
CHEMBL420625,Nc1ccc2c(CCC3CCN(Cc4ccccc4)CC3)noc2c1,CHEMBL220
CHEMBL420625,Nc1ccc2c(CCC3CCN(Cc4ccccc4)CC3)noc2c1,CHEMBL220
CHEMBL330004,Brc1ccc2c(CCC3CCN(Cc4ccccc4)CC3)noc2c1,CHEMBL220
CHEMBL330004,Brc1ccc2c(CCC3CCN(Cc4ccccc4)CC3)noc2c1,CHEMBL220
CHEMBL92775,N#Cc1ccc2c(CCC3CCN(Cc4ccccc4)CC3)noc2c1,CHEMBL220
CHEMBL92775,N#Cc1ccc2c(CCC3CCN(Cc4ccccc4)CC3)noc2c1,CHEMBL220
CHEMBL92663,NC(=O)c1ccc2c(CCC3CCN(Cc4ccccc4)CC3)noc2c1,CHEMBL220
CHEMBL92663,NC(=O)c1ccc2c(CCC3CCN(Cc4ccccc4)CC3)noc2c1,CHEMBL220
CHEMBL93241,c1ccc(CN2CCC(CCCc3noc4ccccc34)CC2)cc1,CHEMBL220
CHEMBL92629,c1ccc(CN2CCC(CNc3noc4ccccc34)CC2)cc1,CHEMBL220
CHEMBL328102,c1ccc(CN2CCC(CCc3nsc4ccccc34)CC2)cc1,CHEMBL220
CHEMBL328102,c1ccc(CN2CCC(CCc3nsc4ccccc34)CC2)cc1,CHEMBL220
CHEMBL92142,c1ccc(CN2CCC(CCc3nccc4ccccc34)CC2)cc1,CHEMBL220
CHEMBL92142,c1ccc(CN2CCC(CCc3nccc4ccccc34)CC2)cc1,CHEMBL220
CHEMBL92958,c1ccc(CN2CCC(CCc3n[nH]c4ccccc34)CC2)cc1,CHEMBL220
CHEMBL92958,c1ccc(CN2CCC(CCc3n[nH]c4ccccc34)CC2)cc1,CHEMBL220
CHEMBL329231,O=C1CCc2cc3c(CCC4CCN(Cc5ccccc5)CC4)noc3cc2N1,CHEMBL220
CHEMBL329231,O=C1CCc2cc3c(CCC4CCN(Cc5ccccc5)CC4)noc3cc2N1,CHEMBL220
CHEMBL328468,O=C1Cc2cc3onc(CCC4CCN(Cc5ccccc5)CC4)c3cc2N1,CHEMBL220
CHEMBL328468,O=C1Cc2cc3onc(CCC4CCN(Cc5ccccc5)CC4)c3cc2N1,CHEMBL220
CHEMBL426441,CN1C(=O)Cc2cc3onc(CCC4CCN(Cc5ccccc5)CC4)c3cc21,CHEMBL220
CHEMBL426441,CN1C(=O)Cc2cc3onc(CCC4CCN(Cc5ccccc5)CC4)c3cc21,CHEMBL220
CHEMBL95020,O=C1Cc2c(ccc3c(CCC4CCN(Cc5ccccc5)CC4)noc23)N1,CHEMBL220
CHEMBL95020,O=C1Cc2c(ccc3c(CCC4CCN(Cc5ccccc5)CC4)noc23)N1,CHEMBL220
CHEMBL185799,COc1cc2c(cc1OC)C(=O)C(C1CC[N+](C)(Cc3ccccc3)CC1)=C2,CHEMBL220
CHEMBL185799,COc1cc2c(cc1OC)C(=O)C(C1CC[N+](C)(Cc3ccccc3)CC1)=C2,CHEMBL220
CHEMBL186144,COc1cc2cc(C(=O)C3CCC[N+](C)(Cc4ccccc4)CC3)sc2cc1OC,CHEMBL220
CHEMBL186144,COc1cc2cc(C(=O)C3CCC[N+](C)(Cc4ccccc4)CC3)sc2cc1OC,CHEMBL220
CHEMBL361869,COc1cc2cc(C(=O)C3CC[N+](C)(Cc4ccccc4)CCC3O)sc2cc1OC,CHEMBL220
CHEMBL361869,COc1cc2cc(C(=O)C3CC[N+](C)(Cc4ccccc4)CCC3O)sc2cc1OC,CHEMBL220
CHEMBL362711,COc1cc2cc(C(=O)CC3CCCC[N+](C)(Cc4ccccc4)CC3)sc2cc1OC,CHEMBL220
CHEMBL362711,COc1cc2cc(C(=O)CC3CCCC[N+](C)(Cc4ccccc4)CC3)sc2cc1OC,CHEMBL220
CHEMBL185976,COc1cc2cc(C(=O)C3CC[N+](C)(Cc4ccccc4)CCC3OC)sc2cc1OC,CHEMBL220
CHEMBL185976,COc1cc2cc(C(=O)C3CC[N+](C)(Cc4ccccc4)CCC3OC)sc2cc1OC,CHEMBL220
CHEMBL364125,COCC[N+]1(C)CCCC(C(=O)c2cc3cc(OC)c(OC)cc3s2)CC1,CHEMBL220
CHEMBL364125,COCC[N+]1(C)CCCC(C(=O)c2cc3cc(OC)c(OC)cc3s2)CC1,CHEMBL220
CHEMBL610243,COc1cc2cc(C(=O)C3CCC[N+](C)(Cc4ccc([N+](=O)[O-])o4)CC3)sc2cc1OC.[I-],CHEMBL220
CHEMBL610243,COc1cc2cc(C(=O)C3CCC[N+](C)(Cc4ccc([N+](=O)[O-])o4)CC3)sc2cc1OC.[I-],CHEMBL220
CHEMBL372491,COc1cc2cc(C(=O)C3CCC[N+](C)(CC4CCCCO4)CC3)sc2cc1OC,CHEMBL220
CHEMBL372491,COc1cc2cc(C(=O)C3CCC[N+](C)(CC4CCCCO4)CC3)sc2cc1OC,CHEMBL220
CHEMBL364585,COc1cc2cc(C(=O)C3CCC[N+](C)(CC(=O)OC(C)(C)C)CC3)sc2cc1OC,CHEMBL220
CHEMBL364585,COc1cc2cc(C(=O)C3CCC[N+](C)(CC(=O)OC(C)(C)C)CC3)sc2cc1OC,CHEMBL220
CHEMBL188753,CC[n+]1ccc(CCC(=O)C2Cc3cc(OC)c(OC)cc3S2)cc1,CHEMBL220
CHEMBL188753,CC[n+]1ccc(CCC(=O)C2Cc3cc(OC)c(OC)cc3S2)cc1,CHEMBL220
CHEMBL189122,C=CC[n+]1ccc(CCC(=O)C2Cc3cc(OC)c(OC)cc3S2)cc1,CHEMBL220
CHEMBL189122,C=CC[n+]1ccc(CCC(=O)C2Cc3cc(OC)c(OC)cc3S2)cc1,CHEMBL220
CHEMBL189517,COc1cc2c(cc1OC)SC(C(=O)CCc1cc[n+](CC3CC3)cc1)C2,CHEMBL220
CHEMBL189517,COc1cc2c(cc1OC)SC(C(=O)CCc1cc[n+](CC3CC3)cc1)C2,CHEMBL220
CHEMBL365904,COc1cc2c(cc1OC)SC(C(=O)CCc1cc[n+](CC3CCC3)cc1)C2,CHEMBL220
CHEMBL365904,COc1cc2c(cc1OC)SC(C(=O)CCc1cc[n+](CC3CCC3)cc1)C2,CHEMBL220
CHEMBL186264,CCOCC[n+]1ccc(CCC(=O)C2Cc3cc(OC)c(OC)cc3S2)cc1,CHEMBL220
CHEMBL186264,CCOCC[n+]1ccc(CCC(=O)C2Cc3cc(OC)c(OC)cc3S2)cc1,CHEMBL220
CHEMBL187818,COc1cc2c(cc1OC)SC(C(=O)CCc1cc[n+](Cc3ccc(F)cc3)cc1)C2,CHEMBL220
CHEMBL187818,COc1cc2c(cc1OC)SC(C(=O)CCc1cc[n+](Cc3ccc(F)cc3)cc1)C2,CHEMBL220
CHEMBL362752,COc1cc2c(cc1OC)SC(C(=O)CCc1cc[n+](Cc3ccsc3)cc1)C2,CHEMBL220
CHEMBL362752,COc1cc2c(cc1OC)SC(C(=O)CCc1cc[n+](Cc3ccsc3)cc1)C2,CHEMBL220
CHEMBL610242,COc1cc2c(cc1OC)SC(C(=O)CCc1cc[n+](Cc3coc([N+](=O)[O-])c3)cc1)C2.[I-],CHEMBL220
CHEMBL610242,COc1cc2c(cc1OC)SC(C(=O)CCc1cc[n+](Cc3coc([N+](=O)[O-])c3)cc1)C2.[I-],CHEMBL220
CHEMBL86031,C[N+]1(Cc2ccccc2)CCC(CCC(=O)c2ccc3c(c2)OCCO3)CC1,CHEMBL220
CHEMBL86031,C[N+]1(Cc2ccccc2)CCC(CCC(=O)c2ccc3c(c2)OCCO3)CC1,CHEMBL220
CHEMBL313231,C[N+]1(Cc2ccccc2)CCC(CCC(=O)c2ccc3c(c2)OCO3)CC1,CHEMBL220
CHEMBL313231,C[N+]1(Cc2ccccc2)CCC(CCC(=O)c2ccc3c(c2)OCO3)CC1,CHEMBL220
CHEMBL313582,C[N+]1(Cc2ccccc2)CCC(CCC(=O)c2ccc3c(c2)CCCCO3)CC1,CHEMBL220
CHEMBL313582,C[N+]1(Cc2ccccc2)CCC(CCC(=O)c2ccc3c(c2)CCCCO3)CC1,CHEMBL220
CHEMBL87823,COc1ccc2cc(C(=O)CCC3CC[N+](C)(Cc4ccccc4)CC3)ccc2c1,CHEMBL220
CHEMBL87823,COc1ccc2cc(C(=O)CCC3CC[N+](C)(Cc4ccccc4)CC3)ccc2c1,CHEMBL220
CHEMBL432376,COc1cc2cc(C(=O)CCC3CC[N+](C)(Cc4ccccc4)CC3)n(C)c2cc1OC,CHEMBL220
CHEMBL432376,COc1cc2cc(C(=O)CCC3CC[N+](C)(Cc4ccccc4)CC3)n(C)c2cc1OC,CHEMBL220
CHEMBL87014,Cc1cc(C(=O)CCC2CC[N+](C)(Cc3ccccc3)CC2)nn1-c1ccccc1,CHEMBL220
CHEMBL87014,Cc1cc(C(=O)CCC2CC[N+](C)(Cc3ccccc3)CC2)nn1-c1ccccc1,CHEMBL220
CHEMBL418955,COc1ccc2c(CCC3CCN(Cc4ccccc4)CC3)noc2c1,CHEMBL220
CHEMBL418955,COc1ccc2c(CCC3CCN(Cc4ccccc4)CC3)noc2c1,CHEMBL220
CHEMBL93123,O=C(Nc1ccc2c(CCC3CCN(Cc4ccccc4)CC3)noc2c1)c1ccccc1,CHEMBL220
CHEMBL93123,O=C(Nc1ccc2c(CCC3CCN(Cc4ccccc4)CC3)noc2c1)c1ccccc1,CHEMBL220
CHEMBL92463,Oc1ccc2c(CCC3CCN(Cc4ccccc4)CC3)noc2c1,CHEMBL220
CHEMBL92463,Oc1ccc2c(CCC3CCN(Cc4ccccc4)CC3)noc2c1,CHEMBL220
CHEMBL92460,c1ccc(CN2CCC(CCc3noc4ccccc34)CC2)cc1,CHEMBL220
CHEMBL92460,c1ccc(CN2CCC(CCc3noc4ccccc34)CC2)cc1,CHEMBL220
CHEMBL359570,O=C1Cc2cc3c(CCC4CCN(Cc5ccccc5)CC4)noc3cc2N1,CHEMBL220
CHEMBL359570,O=C1Cc2cc3c(CCC4CCN(Cc5ccccc5)CC4)noc3cc2N1,CHEMBL220
CHEMBL187603,COc1cc2c(cc1OC)SC(C(=O)CC(O)C1CC[N+](C)(Cc3ccccc3)CC1)C2,CHEMBL220
CHEMBL187603,COc1cc2c(cc1OC)SC(C(=O)CC(O)C1CC[N+](C)(Cc3ccccc3)CC1)C2,CHEMBL220
CHEMBL360832,COc1cc2c(cc1OC)SC(C(=O)CC1(O)CC[N+](C)(Cc3ccccc3)CC1)C2,CHEMBL220
CHEMBL360832,COc1cc2c(cc1OC)SC(C(=O)CC1(O)CC[N+](C)(Cc3ccccc3)CC1)C2,CHEMBL220
CHEMBL188714,COC(=O)C[N+]1(C)CCC(CCC(=O)C2Cc3cc(OC)c(OC)cc3S2)CC1,CHEMBL220
CHEMBL188714,COC(=O)C[N+]1(C)CCC(CCC(=O)C2Cc3cc(OC)c(OC)cc3S2)CC1,CHEMBL220
CHEMBL189774,COCC[n+]1ccc(CCC(=O)C2Cc3cc(OC)c(OC)cc3S2)cc1,CHEMBL220
CHEMBL189774,COCC[n+]1ccc(CCC(=O)C2Cc3cc(OC)c(OC)cc3S2)cc1,CHEMBL220
CHEMBL186042,COc1cc2c(cc1OC)SC(C(=O)CCc1cc[n+](Cc3ccccc3)cc1)C2,CHEMBL220
CHEMBL186042,COc1cc2c(cc1OC)SC(C(=O)CCc1cc[n+](Cc3ccccc3)cc1)C2,CHEMBL220
CHEMBL363455,O=C(CCc1cc[n+](Cc2ccccc2)cc1)c1ccc2c(c1)OCO2,CHEMBL220
CHEMBL363455,O=C(CCc1cc[n+](Cc2ccccc2)cc1)c1ccc2c(c1)OCO2,CHEMBL220
CHEMBL188274,CNC(=O)Oc1cccc(C(C)N(C)C)c1.Cl,CHEMBL220
CHEMBL189906,CNC(=O)Oc1cccc2c1OCC1CCN(C)C21,CHEMBL220
CHEMBL189907,CNC(=O)Oc1cccc2c1CCC1CCN(C)C21,CHEMBL220
CHEMBL190322,CNC(=O)Oc1cccc2c1SCC1CCN(C)C21,CHEMBL220
CHEMBL187870,CCCCCCCNC(=O)Oc1cccc2c1OCC1CCN(C)C21,CHEMBL220
CHEMBL189957,CNC(=O)Oc1cccc(CN(C)CCCCCCCOc2ccc3c(=O)c4ccccc4oc3c2)c1,CHEMBL220
CHEMBL192627,O=C1C(Cl)=C(Cl)C(=O)C(Cl)=C1Cl,CHEMBL220
CHEMBL95,Nc1c2c(nc3ccccc13)CCCC2,CHEMBL220
CHEMBL32823,c1ccc2c(NCCCCCCCNc3c4c(nc5ccccc35)CCCC4)c3c(nc2c1)CCCC3,CHEMBL220
CHEMBL195418,Cc1c(Cl)nc2ccccc2c1C(=O)NCCCCCCCNc1c2c(nc3ccccc13)CCCC2,CHEMBL220
CHEMBL195241,Cc1c(N2CCN(C)CC2)nc2ccccc2c1C(=O)NCCCCCCCNc1c2c(nc3ccccc13)CCCC2,CHEMBL220
CHEMBL192682,O=C(CCCCC1CCSS1)NCCNc1c2c(nc3ccccc13)CCCC2,CHEMBL220
CHEMBL195179,O=C(CCCCC1CCSS1)NCCCNc1c2c(nc3ccccc13)CCCC2,CHEMBL220
CHEMBL424833,O=C(CCCCC1CCSS1)NCCCCNc1c2c(nc3ccccc13)CCCC2,CHEMBL220
CHEMBL425739,O=C(CCCCC1CCSS1)NCCCCCNc1c2c(nc3ccccc13)CCCC2,CHEMBL220
CHEMBL278963,O=C(CCCCC1CCSS1)NCCCCCCNc1c2c(nc3ccccc13)CCCC2,CHEMBL220
CHEMBL195067,O=C(CCCCC1CCSS1)NCCCCCCCNc1c2c(nc3ccccc13)CCCC2,CHEMBL220
CHEMBL194823,O=C(CCCCC1CCSS1)NCCCNc1c2c(nc3cc(Cl)ccc13)CCCC2,CHEMBL220
CHEMBL191758,NCCCNc1c2c(nc3cc(Cl)ccc13)CCCC2,CHEMBL220
CHEMBL555666,CC1=CC2Cc3nc4cc(Cl)ccc4c(NCCCCCCNc4c5c(nc6ccccc46)CCCC5)c3C(C1)C2.Cl.Cl,CHEMBL220
CHEMBL557155,CC1=CC2Cc3nc4cc(Cl)ccc4c(NCCCCCCCNc4c5c(nc6ccccc46)CCCC5)c3C(C1)C2.Cl.Cl,CHEMBL220
CHEMBL534932,CC1=CC2Cc3nc4cc(Cl)ccc4c(NCCCCCCCCNc4c5c(nc6ccccc46)CCCC5)c3C(C1)C2.Cl.Cl,CHEMBL220
CHEMBL2113368,CC1=C[C@@H]2Cc3nc4cc(Cl)ccc4c(NCCCN(C)CCCCNc4c5c(nc6ccccc46)CCCC5)c3[C@H](C1)C2.Cl.Cl.Cl,CHEMBL220
CHEMBL555214,CC1=CC2Cc3nc4cc(Cl)ccc4c(NCCCCCCNc4c5c(nc6cc(Cl)ccc46)CCCC5)c3C(C1)C2.Cl.Cl,CHEMBL220
CHEMBL538573,CC1=CC2Cc3nc4cc(Cl)ccc4c(NCCCCCCCNc4c5c(nc6cc(Cl)ccc46)CCCC5)c3C(C1)C2.Cl.Cl,CHEMBL220
CHEMBL539599,CC1=CC2Cc3nc4cc(Cl)ccc4c(NCCCCCCCCNc4c5c(nc6cc(Cl)ccc46)CCCC5)c3C(C1)C2.Cl.Cl,CHEMBL220
CHEMBL2113367,CC1=C[C@@H]2Cc3nc4cc(Cl)ccc4c(NCCCN(C)CCCCNc4c5c(nc6cc(Cl)ccc46)CCCC5)c3[C@H](C1)C2.Cl.Cl.Cl,CHEMBL220
CHEMBL75121,COc1cc2cc(-c3ccc(CN(C)Cc4ccccc4)cc3)c(=O)oc2cc1OC,CHEMBL220
CHEMBL1677,Cl.Nc1c2c(nc3ccccc13)CCCC2,CHEMBL220
CHEMBL395280,C/C=C1\[C@H]2C=C(C)C[C@]1(N)c1ccc(=O)[nH]c1C2,CHEMBL220
CHEMBL536047,CC1=CC2Cc3nc4cc(Cl)ccc4c(N)c3C(C1)C2.Cl,CHEMBL220
CHEMBL95,Nc1c2c(nc3ccccc13)CCCC2,CHEMBL220
CHEMBL94,CNC(=O)Oc1ccc2c(c1)[C@]1(C)CCN(C)[C@@H]1N2C,CHEMBL220
CHEMBL194372,CN[C@@H](CCOc1ccc([N+](=O)[O-])cc1)c1ccc(OC(=O)N(C)C)cc1,CHEMBL220
CHEMBL197696,CN(C)C(=O)Oc1ccc2c(c1)C=CCN(C)[C@@H]2CCOc1ccc([N+](=O)[O-])cc1,CHEMBL220
CHEMBL199670,O=C(CCCCCCNc1c2c(nc3ccccc13)CCCC2)NCCc1c[nH]c2ccccc12,CHEMBL220
CHEMBL370807,O=C(CCCCCNc1c2c(nc3ccccc13)CCCC2)NCCc1c[nH]c2ccc(O)cc12,CHEMBL220
CHEMBL372202,COc1ccc2[nH]cc(CCNC(=O)CCCCCCNc3c4c(nc5cc(Cl)cc(Cl)c35)CCCC4)c2c1,CHEMBL220
CHEMBL382260,COc1ccc2[nH]cc(CCNC(=O)CCCCCCNc3c4c(nc5ccccc35)CCCC4)c2c1,CHEMBL220
CHEMBL202661,O=C(CCCCCNc1c2c(nc3cccc(Cl)c13)CCCC2)NCCc1c[nH]c2ccccc12,CHEMBL220
CHEMBL381499,O=C(CCCCCCNc1c2c(nc3cc(Cl)ccc13)CCCC2)NCCc1c[nH]c2ccccc12,CHEMBL220
CHEMBL204895,CCNC(=O)Oc1ccc2c(c1)[C@]1(C)CCO[C@@H]1O2,CHEMBL220
CHEMBL205335,Cc1ccccc1NC(=O)Oc1ccc2c(c1)[C@@]1(C)CCO[C@H]1N2C,CHEMBL220
CHEMBL205895,Cc1ccccc1NC(=O)Oc1ccc2c(c1)[C@]1(C)CCO[C@@H]1N2C,CHEMBL220
CHEMBL381926,CCNC(=O)Oc1ccc2c(c1)[C@]1(C)CCO[C@@H]1N2C,CHEMBL220
CHEMBL205940,CNC(=O)Oc1ccc2c(c1)[C@@]1(C)CCO[C@H]1N2C,CHEMBL220
CHEMBL205231,CNC(=O)Oc1ccc2c(c1)[C@]1(C)CCO[C@@H]1N2C,CHEMBL220
CHEMBL130458,Cc1ccccc1NC(=O)Oc1ccc2c(c1)[C@]1(C)CCN(C)[C@@H]1N2C,CHEMBL220
CHEMBL205340,CCNC(=O)Oc1ccc2c(c1)[C@]1(C)CCN(C)[C@@H]1N2C,CHEMBL220
CHEMBL94,CNC(=O)Oc1ccc2c(c1)[C@]1(C)CCN(C)[C@@H]1N2C,CHEMBL220
CHEMBL207777,Cc1ccccc1NC(=O)Oc1ccc2c(c1)[C@]1(C)CO[C@@H](C1)O2,CHEMBL220
CHEMBL378404,Cc1ccccc1NC(=O)Oc1ccc2c(c1)[C@@]1(C)CO[C@H](C1)O2,CHEMBL220
CHEMBL206093,Cc1ccccc1NC(=O)Oc1ccc2c(c1)[C@@]1(C)CCO[C@H]1O2,CHEMBL220
CHEMBL426674,Cc1ccccc1NC(=O)Oc1ccc2c(c1)[C@]1(C)CCO[C@@H]1O2,CHEMBL220
CHEMBL464538,C=CC[N+](C)(C)c1ccc(CCC(=O)CCc2ccc([N+](C)(C)CC=C)cc2)cc1.[Br-].[Br-],CHEMBL220
CHEMBL395280,C/C=C1\[C@H]2C=C(C)C[C@]1(N)c1ccc(=O)[nH]c1C2,CHEMBL220
CHEMBL433041,CCCCCCCNC(=O)Oc1ccc2c(c1)[C@]1(C)CCN(C)[C@@H]1N2C,CHEMBL220
CHEMBL54727,CN1CC[C@@]2(C)c3cc(OC(=O)Nc4ccccc4)ccc3N(C)C12,CHEMBL220
CHEMBL502,COc1cc2c(cc1OC)C(=O)C(CC1CCN(Cc3ccccc3)CC1)C2,CHEMBL220
CHEMBL95,Nc1c2c(nc3ccccc13)CCCC2,CHEMBL220
CHEMBL208092,C/C=C1\C2C=C(C)C[C@]1(N)CC(NCCCCCCCNc1c3c(nc4ccccc14)CCCC3)C2(C)C,CHEMBL220
CHEMBL208599,CCC1=CC2Cc3nc4cc(Cl)ccc4c(N)c3[C@@H](C1)C2,CHEMBL220
CHEMBL395280,C/C=C1\[C@H]2C=C(C)C[C@]1(N)c1ccc(=O)[nH]c1C2,CHEMBL220
CHEMBL95,Nc1c2c(nc3ccccc13)CCCC2,CHEMBL220
CHEMBL210453,C/C=C1\C2C=C(C)C[C@]1(C(=O)OC)CC(NCCCCCCCNc1c3c(nc4ccccc14)CCCC3)C2,CHEMBL220
CHEMBL382423,C/C=C1\C2C=C(C)C[C@]1(N)CC(NCCCCCCCNc1c3c(nc4ccccc14)CCCC3)C2,CHEMBL220
CHEMBL211471,CN(C)C(=O)Oc1cccc([N+](C)(C)C)c1.COS(=O)(=O)[O-],CHEMBL220
CHEMBL209392,N#Cc1ccccc1-c1ccc(CN2CCN(C(c3ccc(F)cc3)c3ccc(F)cc3)CC2)cc1,CHEMBL220
CHEMBL427232,Fc1ccc(C(c2ccc(F)cc2)N2CCN(CCN3CCCC3)CC2)cc1,CHEMBL220
CHEMBL211520,Fc1ccc(C(c2ccc(F)cc2)N2CCN(CCN3CCCCC3)CC2)cc1,CHEMBL220
CHEMBL380050,Fc1ccc(C(c2ccc(F)cc2)N2CCN(CCN3CCOCC3)CC2)cc1,CHEMBL220
CHEMBL536047,CC1=CC2Cc3nc4cc(Cl)ccc4c(N)c3C(C1)C2.Cl,CHEMBL220
CHEMBL384563,CC1=CC2Cc3nc4cc(Cl)ccc4c(N)c3C(C1)C2NC=O,CHEMBL220
CHEMBL536047,CC1=CC2Cc3nc4cc(Cl)ccc4c(N)c3C(C1)C2.Cl,CHEMBL220
CHEMBL395280,C/C=C1\[C@H]2C=C(C)C[C@]1(N)c1ccc(=O)[nH]c1C2,CHEMBL220
CHEMBL95,Nc1c2c(nc3ccccc13)CCCC2,CHEMBL220
CHEMBL415799,CC1=CC2Cc3nc4cc(Cl)ccc4c(N)c3C(C1)C2N,CHEMBL220
CHEMBL386541,CC1=CC2Cc3nc4cc(Cl)ccc4c(N)c3C(C1)C2NS(C)(=O)=O,CHEMBL220
CHEMBL219264,COc1cc(CCC(=O)NCCCCCC(=O)NNc2c3c(nc4ccccc24)CCCC3)cc(OC)c1OC,CHEMBL220
CHEMBL219316,COc1cc(CCC(=O)NCCCCC(=O)NNc2c3c(nc4ccccc24)CCCC3)cc(OC)c1OC,CHEMBL220
CHEMBL384886,COc1cc(CCC(=O)NCCCC(=O)NNc2c3c(nc4ccccc24)CCCC3)cc(OC)c1OC,CHEMBL220
CHEMBL220141,COc1cc(CCC(=O)NCCC(=O)NNc2c3c(nc4ccccc24)CCCC3)cc(OC)c1OC,CHEMBL220
CHEMBL445846,COc1cc(CCC(=O)NCC(=O)NNc2c3c(nc4ccccc24)CCCC3)cc(OC)c1OC,CHEMBL220
CHEMBL374981,COc1cc(C(=O)NCCCCCCCCC(=O)NNc2c3c(cc4ccccc24)CCCC3)cc(OC)c1OC,CHEMBL220
CHEMBL216159,COc1cc(C(=O)NCCCCCCCC(=O)NNc2c3c(nc4ccccc24)CCCC3)cc(OC)c1OC,CHEMBL220
CHEMBL219569,COc1cc(C(=O)NCCCCCCC(=O)NNc2c3c(nc4ccccc24)CCCC3)cc(OC)c1OC,CHEMBL220
CHEMBL434378,COc1cc(C(=O)NCCCCCC(=O)NNc2c3c(nc4ccccc24)CCCC3)cc(OC)c1OC,CHEMBL220
CHEMBL219550,COc1cc(C(=O)NCCCCC(=O)NNc2c3c(nc4ccccc24)CCCC3)cc(OC)c1OC,CHEMBL220
CHEMBL219063,COc1cc(C(=O)NCCCC(=O)NNc2c3c(nc4ccccc24)CCCC3)cc(OC)c1OC,CHEMBL220
CHEMBL266045,COc1cc(C(=O)NCCC(=O)NNc2c3c(nc4ccccc24)CCCC3)cc(OC)c1OC,CHEMBL220
CHEMBL385269,COc1cc(C(=O)NCC(=O)NNc2c3c(nc4ccccc24)CCCC3)cc(OC)c1OC,CHEMBL220
CHEMBL95,Nc1c2c(nc3ccccc13)CCCC2,CHEMBL220
CHEMBL374184,CCOC(=O)C1=C(C)Nc2nc3c(c(N)c2C1c1ccc(OC)cc1)CCCC3,CHEMBL220
CHEMBL218940,CCOC(=O)C1=C(C)Nc2nc3c(c(N)c2C1c1cccc(OC)c1)CCCC3,CHEMBL220
CHEMBL436302,CCOC(=O)C1=C(C)Nc2nc3c(c(N)c2C1c1ccccc1OC)CCCC3,CHEMBL220
CHEMBL219406,CCOC(=O)C1=C(C)Nc2nc3c(c(N)c2C1c1ccc(C)cc1)CCCC3,CHEMBL220
CHEMBL219405,CCOC(=O)C1=C(C)Nc2nc3c(c(N)c2C1c1ccc([N+](=O)[O-])cc1)CCCC3,CHEMBL220
CHEMBL220294,CCOC(=O)C1=C(C)Nc2nc3c(c(N)c2C1c1cccc([N+](=O)[O-])c1)CCCC3,CHEMBL220
CHEMBL219172,CCOC(=O)C1=C(C)Nc2nc3c(c(N)c2C1c1ccc(F)cc1)CCCC3,CHEMBL220
CHEMBL218939,CCOC(=O)C1=C(C)Nc2nc3c(c(N)c2C1c1ccccc1)CCCC3,CHEMBL220
CHEMBL94,CNC(=O)Oc1ccc2c(c1)[C@]1(C)CCN(C)[C@@H]1N2C,CHEMBL220
CHEMBL502,COc1cc2c(cc1OC)C(=O)C(CC1CCN(Cc3ccccc3)CC1)C2,CHEMBL220
CHEMBL222043,CC[N+](C)(CCCCCC(=O)Nc1ccc(CCc2ccc(NC(=O)CCCCC[N+](C)(CC)Cc3ccccc3OC)cc2)cc1)Cc1ccccc1OC.[I-].[I-],CHEMBL220
CHEMBL221992,CC[N+](C)(CCCCCC(=O)N1CCC(CCCC2CCN(C(=O)CCCCC[N+](C)(CC)Cc3ccccc3OC)CC2)CC1)Cc1ccccc1OC.[I-].[I-],CHEMBL220
CHEMBL19949,CC[N+](C)(CCCCCC(=O)N1CCC(CCC2CCN(C(=O)CCCCC[N+](C)(CC)Cc3ccccc3OC)CC2)CC1)Cc1ccccc1OC.[I-].[I-],CHEMBL220
CHEMBL222875,CCN(CCCCCC(=O)Nc1ccc(CCc2ccc(NC(=O)CCCCCN(CC)Cc3ccccc3OC)cc2)cc1)Cc1ccccc1OC.O=C(O)C(=O)O,CHEMBL220
CHEMBL222818,CCN(CCCCCC(=O)Nc1ccc(Cc2ccc(NC(=O)CCCCCN(CC)Cc3ccccc3OC)cc2)cc1)Cc1ccccc1OC.O=C(O)C(=O)O,CHEMBL220
CHEMBL222340,CCN(CCCCCC(=O)Nc1ccc(-c2ccc(NC(=O)CCCCCN(CC)Cc3ccccc3OC)cc2)cc1)Cc1ccccc1OC.O=C(O)C(=O)O,CHEMBL220
CHEMBL222378,CCN(CCCCCC(=O)N1CCC(CCCC2CCN(C(=O)CCCCCN(CC)Cc3ccccc3OC)CC2)CC1)Cc1ccccc1OC.O=C(O)C(=O)O,CHEMBL220
CHEMBL387394,CCN(CCCCCC(=O)N1CCC(CCC2CCN(C(=O)CCCCCN(CC)Cc3ccccc3OC)CC2)CC1)Cc1ccccc1OC.O=C(O)C(=O)O,CHEMBL220
CHEMBL222946,CCN(CCCCCC(=O)N1CCC(CC2CCN(C(=O)CCCCCN(CC)Cc3ccccc3OC)CC2)CC1)Cc1ccccc1OC.O=C(O)C(=O)O,CHEMBL220
CHEMBL222904,CCN(CCCCCC(=O)N1CCC(C2CCN(C(=O)CCCCCN(CC)Cc3ccccc3OC)CC2)CC1)Cc1ccccc1OC.O=C(O)C(=O)O,CHEMBL220
CHEMBL385130,CCN(CCCCCC(=O)N(C)CCCCCCCCN(C)C(=O)CCCCCN(CC)Cc1ccccc1OC)Cc1ccccc1OC.O=C(O)C(=O)O,CHEMBL220
CHEMBL222856,COc1ccccc1CN(C)CCCCCC(=O)N(C)CCCCCCCCN(C)C(=O)CCCCCN(C)Cc1ccccc1OC.O=C(O)C(=O)O,CHEMBL220
CHEMBL222856,COc1ccccc1CN(C)CCCCCC(=O)N(C)CCCCCCCCN(C)C(=O)CCCCCN(C)Cc1ccccc1OC.O=C(O)C(=O)O,CHEMBL220
CHEMBL385130,CCN(CCCCCC(=O)N(C)CCCCCCCCN(C)C(=O)CCCCCN(CC)Cc1ccccc1OC)Cc1ccccc1OC.O=C(O)C(=O)O,CHEMBL220
CHEMBL222904,CCN(CCCCCC(=O)N1CCC(C2CCN(C(=O)CCCCCN(CC)Cc3ccccc3OC)CC2)CC1)Cc1ccccc1OC.O=C(O)C(=O)O,CHEMBL220
CHEMBL502,COc1cc2c(cc1OC)C(=O)C(CC1CCN(Cc3ccccc3)CC1)C2,CHEMBL220
CHEMBL225567,O=C(CCc1c[nH]c2ccccc12)NCCCCCCNc1c2c(nc3cc(Cl)ccc13)CCCC2,CHEMBL220
CHEMBL225567,O=C(CCc1c[nH]c2ccccc12)NCCCCCCNc1c2c(nc3cc(Cl)ccc13)CCCC2,CHEMBL220
CHEMBL225198,O=C(CCc1c[nH]c2ccccc12)NCCCCCCCNc1c2c(nc3cc(Cl)ccc13)CCCC2,CHEMBL220
CHEMBL223443,O=C(Cc1c[nH]c2ccccc12)NCCCCCCCNc1c2c(nc3cc(Cl)ccc13)CCCC2,CHEMBL220
CHEMBL223443,O=C(Cc1c[nH]c2ccccc12)NCCCCCCCNc1c2c(nc3cc(Cl)ccc13)CCCC2,CHEMBL220
CHEMBL225326,O=C(Cc1c[nH]c2ccc(Br)cc12)NCCCCCCCNc1c2c(nc3cc(Cl)ccc13)CCCC2,CHEMBL220
CHEMBL225326,O=C(Cc1c[nH]c2ccc(Br)cc12)NCCCCCCCNc1c2c(nc3cc(Cl)ccc13)CCCC2,CHEMBL220
CHEMBL225021,O=C(CCCc1c[nH]c2ccccc12)NCCCCCNc1c2c(nc3cc(Cl)ccc13)CCCC2,CHEMBL220
CHEMBL340427,CNC(=O)Oc1cccc(CN(C)CCCOc2ccc3c(=O)c4ccccc4oc3c2)c1,CHEMBL220
CHEMBL75121,COc1cc2cc(-c3ccc(CN(C)Cc4ccccc4)cc3)c(=O)oc2cc1OC,CHEMBL220
CHEMBL396199,COc1cc2cc(-c3ccc(C[N+](C)(C)Cc4ccccc4)cc3)c(=O)oc2cc1OC.[I-],CHEMBL220
CHEMBL244624,CN(Cc1ccccc1)Cc1ccc(-c2cc3cc(N)ccc3oc2=O)cc1,CHEMBL220
CHEMBL244619,CN(Cc1ccccc1)Cc1ccc(-c2cc3cc([N+](=O)[O-])ccc3oc2=O)cc1,CHEMBL220
CHEMBL396247,COc1cc2cc(-c3ccc(CN(CCO)Cc4ccccc4)cc3)c(=O)oc2cc1OC,CHEMBL220
CHEMBL244416,CCN(Cc1ccccc1)Cc1ccc(-c2cc3cc(OC)c(OC)cc3oc2=O)cc1,CHEMBL220
CHEMBL389825,COc1ccccc1CN(C)Cc1ccc(-c2cc3cc(OC)c(OC)cc3oc2=O)cc1,CHEMBL220
CHEMBL245046,COc1cc2cc(-c3ccc(CN(C)Cc4ccc(C)cc4)cc3)c(=O)oc2cc1OC,CHEMBL220
CHEMBL427865,COc1cc2cc(-c3ccc(CN(C)Cc4cccc(C)c4)cc3)c(=O)oc2cc1OC,CHEMBL220
CHEMBL243532,COc1ccc2oc(=O)c(-c3ccc(CN(C)Cc4ccccc4)cc3)cc2c1,CHEMBL220
CHEMBL413794,COc1ccc2oc(=O)c(-c3cccc(CN(C)Cc4ccccc4)c3)cc2c1,CHEMBL220
CHEMBL243310,COc1cc2cc(-c3cccc(CN(C)Cc4ccccc4)c3)c(=O)oc2cc1OC,CHEMBL220
CHEMBL557586,COc1ccccc1CN(C)CCCCCC(=O)N(C)CCCCCCCCN(C)C(=O)CCCCCN(C)Cc1ccccc1OC.Cl.Cl,CHEMBL220
CHEMBL502,COc1cc2c(cc1OC)C(=O)C(CC1CCN(Cc3ccccc3)CC1)C2,CHEMBL220
CHEMBL241960,CCN(CCCCCCNC1=CC(=O)C(NCCCCCCN(CC)Cc2ccncc2)=CC1=O)Cc1ccncc1,CHEMBL220
CHEMBL241974,CCN(CCCCCCNC1=CC(=O)C(NCCCCCCN(CC)Cc2cccnc2)=CC1=O)Cc1cccnc1,CHEMBL220
CHEMBL244762,CCN(CCCCCCNC1=CC(=O)C(NCCCCCCN(CC)Cc2ccccn2)=CC1=O)Cc1ccccn1,CHEMBL220
CHEMBL390247,CCN(CCCCCCNC1=CC(=O)C(NCCCCCCN(CC)Cc2cccs2)=CC1=O)Cc1cccs1,CHEMBL220
CHEMBL276444,CCN(CCCCCCNC1=CC(=O)C(NCCCCCCN(CC)Cc2ccco2)=CC1=O)Cc1ccco1,CHEMBL220
CHEMBL243274,CCN(CCCCCCNC1=CC(=O)C(NCCCCCCN(CC)Cc2ccccc2C)=CC1=O)Cc1ccccc1C,CHEMBL220
CHEMBL394865,CCN(CCCCCCNC1=CC(=O)C(NCCCCCCN(CC)Cc2cccc(OC)c2)=CC1=O)Cc1cccc(OC)c1,CHEMBL220
CHEMBL242661,CCN(CCCCCCNC1=CC(=O)C(NCCCCCCN(CC)Cc2ccc(OC)cc2)=CC1=O)Cc1ccc(OC)cc1,CHEMBL220
CHEMBL218443,CCN(CCCCCCNC1=CC(=O)C(NCCCCCCN(CC)Cc2ccccc2)=CC1=O)Cc1ccccc1,CHEMBL220
CHEMBL242836,COc1ccccc1CN(CCCCCCNC1=CC(=O)C(NCCCCCCN(Cc2ccccc2OC)C(C)C)=CC1=O)C(C)C,CHEMBL220
CHEMBL242191,COc1ccccc1CN(C)CCCCCCNC1=CC(=O)C(NCCCCCCN(C)Cc2ccccc2OC)=CC1=O,CHEMBL220
CHEMBL243044,COc1ccccc1CNCCCCCCNC1=CC(=O)C(NCCCCCCNCc2ccccc2OC)=CC1=O,CHEMBL220
CHEMBL394348,CCN(CCCCCCNC1=CC(=O)C(NCCCCCCN(CC)CCc2ccccc2OC)=CC1=O)CCc1ccccc1OC,CHEMBL220
CHEMBL243273,CCN(CCCCCCCNC1=CC(=O)C(NCCCCCCCN(CC)Cc2ccccc2OC)=CC1=O)Cc1ccccc1OC,CHEMBL220
CHEMBL230702,CCN(CCCCCNC1=CC(=O)C(NCCCCCN(CC)Cc2ccccc2OC)=CC1=O)Cc1ccccc1OC,CHEMBL220
CHEMBL243272,CCN(CCCCNC1=CC(=O)C(NCCCCN(CC)Cc2ccccc2OC)=CC1=O)Cc1ccccc1OC,CHEMBL220
CHEMBL243271,CCN(CCCNC1=CC(=O)C(NCCCN(CC)Cc2ccccc2OC)=CC1=O)Cc1ccccc1OC,CHEMBL220
CHEMBL243270,CCN(CCNC1=CC(=O)C(NCCN(CC)Cc2ccccc2OC)=CC1=O)Cc1ccccc1OC,CHEMBL220
CHEMBL230434,CCN(CCCCCCNc1ccc(NCCCCCCN(CC)Cc2ccccc2OC)cc1)Cc1ccccc1OC,CHEMBL220
CHEMBL396050,CCN(CCCCCCNC1=C(c2ccccc2)C(=O)C(NCCCCCCN(CC)Cc2ccccc2OC)=C(c2ccccc2)C1=O)Cc1ccccc1OC,CHEMBL220
CHEMBL243269,CCN(CCCCCCNC1=C(C)C(=O)C(NCCCCCCN(CC)Cc2ccccc2OC)=C(C)C1=O)Cc1ccccc1OC,CHEMBL220
CHEMBL243062,CCN(CCCCCCNC1=C(Br)C(=O)C(NCCCCCCN(CC)Cc2ccccc2OC)=C(Br)C1=O)Cc1ccccc1OC,CHEMBL220
CHEMBL243056,CCN(CCCCCCNC1=C(Cl)C(=O)C(NCCCCCCN(CC)Cc2ccccc2OC)=C(Cl)C1=O)Cc1ccccc1OC,CHEMBL220
CHEMBL243055,CCN(CCCCCCNC1=C(F)C(=O)C(NCCCCCCN(CC)Cc2ccccc2OC)=C(F)C1=O)Cc1ccccc1OC,CHEMBL220
CHEMBL242989,COc1ccccc1CNCCCCCC(=O)N1CCC(CCC2CCN(C(=O)CCCCCNCc3ccccc3OC)CC2)CC1,CHEMBL220
CHEMBL332051,CCCCC1=NC2(CCCC2)C(=O)N1Cc1ccc(-c2ccccc2C#N)cc1,CHEMBL220
CHEMBL392324,CCCCC1=NC2(CCCC2)C(=O)N1Cc1ccc(Br)cc1,CHEMBL220
CHEMBL115835,CCCCC1=NC2(CCCC2)C(=O)N1Cc1ccc(-c2ccccc2C(=O)OC(C)(C)C)cc1,CHEMBL220
CHEMBL325502,CCCCC1=NC2(CCCC2)C(=O)N1Cc1ccc(-c2ccccc2C(=O)OC)cc1,CHEMBL220
CHEMBL415675,CCCCC1=NC2(CCCC2)C(=O)N1CC(=O)c1ccc(Cl)cc1,CHEMBL220
CHEMBL241011,CCCCC1=NC2(CCCC2)C(=O)N1Cc1cc2c(cc1C)OCO2,CHEMBL220
CHEMBL240793,CCCCC1=NC2(CCCC2)C(=O)N1CCN1C(=O)c2ccccc2C1=O,CHEMBL220
CHEMBL240792,CCCCC1=NC2(CCCC2)C(=O)N1Cc1ccc([N+](=O)[O-])cc1,CHEMBL220
CHEMBL398406,CCCCC1=NC2(CCCC2)C(=O)N1Cc1cc(OC)c(OC)cc1Br,CHEMBL220
CHEMBL54126,CN(C)C(=O)Oc1cccc([N+](C)(C)C)c1.[Br-],CHEMBL220
CHEMBL393212,CC[C@H](C)C1=N[C@H]2CC=C3C[C@H]4C(=O)C[C@]5(C)[C@@H]([C@H](C)N(C)C)[C@H](O)C[C@@]5(C)[C@@H]4CC[C@H]3[C@]2(C)CO1,CHEMBL220
CHEMBL393621,CC(C)C1=N[C@H]2CC=C3CC4C(=O)C[C@]5(C)[C@@H]([C@H](C)N(C)C)[C@H](O)C[C@@]5(C)[C@@H]4CC[C@H]3[C@]2(C)CO1,CHEMBL220
CHEMBL52347,O=C1C=Cc2ccccc2C1=O,CHEMBL220
CHEMBL1203985,CC[N+](CC)(CC)CCOc1ccc(C(=O)NCCCCCC(=O)NNc2c3c(nc4ccccc24)CCCC3)cc1.Cl.[Br-],CHEMBL220
CHEMBL1677,Cl.Nc1c2c(nc3ccccc13)CCCC2,CHEMBL220
CHEMBL555247,CC[N+](CC)(CC)CCOc1cc(OCC[N+](CC)(CC)CC)c(C(=O)NCCCCCC(=O)NNc2c3c(nc4cc(Cl)ccc24)CCCC3)cc1OCC[N+](CC)(CC)CC.[Br-].[Br-].[Br-],CHEMBL220
CHEMBL1203984,CC[N+](CC)(CC)CCOc1cc(OCC[N+](CC)(CC)CC)c(C(=O)NCCCCCC(=O)NNc2c3c(nc4ccccc24)CCCC3)cc1OCC[N+](CC)(CC)CC.Cl.[Br-].[Br-].[Br-],CHEMBL220
CHEMBL540132,CC[N+](CC)(CC)CCOc1cc(OCC[N+](CC)(CC)CC)cc(C(=O)NCCCCCC(=O)NNc2c3c(nc4cc(Cl)ccc24)CCCC3)c1.[Br-].[Br-],CHEMBL220
CHEMBL1203986,CC[N+](CC)(CC)CCOc1cc(OCC[N+](CC)(CC)CC)cc(C(=O)NCCCCCC(=O)NNc2c3c(nc4ccccc24)CCCC3)c1.Cl.[Br-].[Br-],CHEMBL220
CHEMBL540131,CC[N+](CC)(CC)CCOc1ccc(C(=O)NCCCCCC(=O)NNc2c3c(nc4cc(Cl)ccc24)CCCC3)cc1.[Br-],CHEMBL220
CHEMBL235014,c1ccc2c(NCCOCCOCCNc3c4c(nc5ccccc35)CCCC4)c3c(nc2c1)CCCC3,CHEMBL220
CHEMBL440983,O=C(NCCNc1c2c(nc3ccccc13)CCCC2)C(=O)NCCNc1c2c(nc3ccccc13)CCCC2,CHEMBL220
CHEMBL238230,O=C(CCCNc1c2c(nc3ccccc13)CCCC2)CCCNc1c2c(nc3ccccc13)CCCC2,CHEMBL220
CHEMBL32823,c1ccc2c(NCCCCCCCNc3c4c(nc5ccccc35)CCCC4)c3c(nc2c1)CCCC3,CHEMBL220
CHEMBL95,Nc1c2c(nc3ccccc13)CCCC2,CHEMBL220
CHEMBL1524,CN1CC[C@@]23C=C[C@H](O)C[C@@H]2Oc2c(O)ccc(c23)C1,CHEMBL220
CHEMBL231160,CCN(CCCCCCNC1=CC(=O)C(NCCCCCCN(CC)Cc2ccccc2OC)=CC1=O)Cc1ccccc1OC,CHEMBL220
CHEMBL374184,CCOC(=O)C1=C(C)Nc2nc3c(c(N)c2C1c1ccc(OC)cc1)CCCC3,CHEMBL220
CHEMBL194823,O=C(CCCCC1CCSS1)NCCCNc1c2c(nc3cc(Cl)ccc13)CCCC2,CHEMBL220
CHEMBL33864,O=C(O)CCCCC1CCSS1,CHEMBL220
CHEMBL15056,c1ccc2c(NCCc3ccc(OCCCN4CCCCC4)cc3)c3c(nc2c1)CCCC3,CHEMBL220
CHEMBL195241,Cc1c(N2CCN(C)CC2)nc2ccccc2c1C(=O)NCCCCCCCNc1c2c(nc3ccccc13)CCCC2,CHEMBL220
CHEMBL194372,CN[C@@H](CCOc1ccc([N+](=O)[O-])cc1)c1ccc(OC(=O)N(C)C)cc1,CHEMBL220
CHEMBL158946,C/N=C1/CCc2c1n(C)c1ccc(OC(=O)N(C)C)c(Br)c21,CHEMBL220
CHEMBL225198,O=C(CCc1c[nH]c2ccccc12)NCCCCCCCNc1c2c(nc3cc(Cl)ccc13)CCCC2,CHEMBL220
CHEMBL225567,O=C(CCc1c[nH]c2ccccc12)NCCCCCCNc1c2c(nc3cc(Cl)ccc13)CCCC2,CHEMBL220
CHEMBL502,COc1cc2c(cc1OC)C(=O)C(CC1CCN(Cc3ccccc3)CC1)C2,CHEMBL220
CHEMBL179455,Nc1ccc2c(c1)c(-c1ccccc1)[n+](CCCNCCCNCCCNc1c3c(nc4ccccc14)CCCC3)c1cc(N)ccc21,CHEMBL220
CHEMBL340427,CNC(=O)Oc1cccc(CN(C)CCCOc2ccc3c(=O)c4ccccc4oc3c2)c1,CHEMBL220
CHEMBL75121,COc1cc2cc(-c3ccc(CN(C)Cc4ccccc4)cc3)c(=O)oc2cc1OC,CHEMBL220
CHEMBL403260,CCN(CCCCCC(=O)Nc1ccc(-c2ccc(NC(=O)CCCCCN(CC)Cc3ccccc3OC)cc2)cc1)Cc1ccccc1OC,CHEMBL220
CHEMBL254016,CCN(CCCCCC(=O)N1CCC(C2CCN(C(=O)CCCCCN(CC)Cc3ccccc3OC)CC2)CC1)Cc1ccccc1OC,CHEMBL220
CHEMBL11805,COc1ccccc1CN(C)CCCCCC(=O)N(C)CCCCCCCCN(C)C(=O)CCCCCN(C)Cc1ccccc1OC,CHEMBL220
CHEMBL32329,Clc1cccc(Cl)c1CO/N=C/c1cc[n+](CCCc2ccccc2)cc1,CHEMBL220
CHEMBL75121,COc1cc2cc(-c3ccc(CN(C)Cc4ccccc4)cc3)c(=O)oc2cc1OC,CHEMBL220
CHEMBL244416,CCN(Cc1ccccc1)Cc1ccc(-c2cc3cc(OC)c(OC)cc3oc2=O)cc1,CHEMBL220
CHEMBL26125,CCN(Cc1ccccc1)Cc1ccc(-c2cc3ccc(OCCNC(=O)Cc4cc(F)cc(F)c4)cc3oc2=O)cc1,CHEMBL220
CHEMBL269865,O=C(CO[N+](=O)[O-])NCCCNc1c2c(nc3ccccc13)CCCC2,CHEMBL220
CHEMBL95,Nc1c2c(nc3ccccc13)CCCC2,CHEMBL220
CHEMBL271385,CC(C)(C)C(=O)NCCCCNc1c2c(nc3ccccc13)CCCC2,CHEMBL220
CHEMBL271746,CC(C)(CO[N+](=O)[O-])C(=O)NCCCCNc1c2c(nc3ccccc13)CCCC2,CHEMBL220
CHEMBL270349,CC(C)(CO[N+](=O)[O-])C(=O)NCCCNc1c2c(nc3ccccc13)CCCC2,CHEMBL220
CHEMBL260964,O=C(CO/N=[N+](\[O-])N1CCCC1)NCCCCNc1c2c(nc3ccccc13)CCCC2,CHEMBL220
CHEMBL273051,O=C(CO/N=[N+](\[O-])N1CCCC1)NCCCNc1c2c(nc3ccccc13)CCCC2,CHEMBL220
CHEMBL260308,O=[N+]([O-])OCCCCCCNCCCCNc1c2c(nc3ccccc13)CCCC2,CHEMBL220
CHEMBL407320,O=[N+]([O-])OCCCNCCCCNc1c2c(nc3ccccc13)CCCC2,CHEMBL220
CHEMBL277984,O=[N+]([O-])OCCNCCCCNc1c2c(nc3ccccc13)CCCC2,CHEMBL220
CHEMBL261384,O=[N+]([O-])OCCCCCCNCCCNc1c2c(nc3ccccc13)CCCC2,CHEMBL220
CHEMBL270491,O=[N+]([O-])OCCCNCCCNc1c2c(nc3ccccc13)CCCC2,CHEMBL220
CHEMBL272229,O=[N+]([O-])OCCNCCCNc1c2c(nc3ccccc13)CCCC2,CHEMBL220
CHEMBL272230,O=C(CCO[N+](=O)[O-])NCCCCNc1c2c(nc3ccccc13)CCCC2,CHEMBL220
CHEMBL273078,O=C(CO[N+](=O)[O-])NCCCCNc1c2c(nc3ccccc13)CCCC2,CHEMBL220
CHEMBL269863,O=C(CCO[N+](=O)[O-])NCCCNc1c2c(nc3ccccc13)CCCC2,CHEMBL220
CHEMBL502,COc1cc2c(cc1OC)C(=O)C(CC1CCN(Cc3ccccc3)CC1)C2,CHEMBL220
CHEMBL502244,CC(C)(C)OC(=O)N[C@@H](Cc1c[nH]c2ccccc12)C(=O)NCCNc1c2c(nc3ccccc13)CCCC2,CHEMBL220
CHEMBL525917,N[C@@H](Cc1c[nH]c2ccccc12)C(=O)NCCNc1c2c(nc3ccccc13)CCCC2,CHEMBL220
CHEMBL504571,CC(C)(C)OC(=O)N[C@@H](CCC(=O)NCCNc1c2c(nc3ccccc13)CCCC2)C(=O)NCCNc1c2c(nc3ccccc13)CCCC2,CHEMBL220
CHEMBL397271,N[C@@H](CCC(=O)NCCNc1c2c(nc3ccccc13)CCCC2)C(=O)NCCNc1c2c(nc3ccccc13)CCCC2,CHEMBL220
CHEMBL451304,O=C(NCCCCCNc1c2c(nc3ccccc13)CCCC2)[C@@H]1CCCN1CCNc1c2c(nc3ccccc13)CCCC2,CHEMBL220
CHEMBL95,Nc1c2c(nc3ccccc13)CCCC2,CHEMBL220
CHEMBL129108,c1ccc2c(NCCCCCCCCSc3c4c(nc5ccccc35)CCCC4)c3c(nc2c1)CCCC3,CHEMBL220
CHEMBL481,CCc1c2c(nc3ccc(OC(=O)N4CCC(N5CCCCC5)CC4)cc13)-c1cc3c(c(=O)n1C2)COC(=O)[C@]3(O)CC,CHEMBL220
CHEMBL464538,C=CC[N+](C)(C)c1ccc(CCC(=O)CCc2ccc([N+](C)(C)CC=C)cc2)cc1.[Br-].[Br-],CHEMBL220
CHEMBL490660,c1ccc2c(NCCc3ccc(CCNc4c5c(nc6ccccc46)CCCC5)cc3)c3c(nc2c1)CCCC3,CHEMBL220
CHEMBL507438,Cc1cc(CCNc2c3c(nc4ccccc24)CCCC3)cc(CCNc2c3c(nc4ccccc24)CCCC3)c1,CHEMBL220
CHEMBL522286,c1ccc2c(NCCc3cocc3CCNc3c4c(nc5ccccc35)CCCC4)c3c(nc2c1)CCCC3,CHEMBL220
CHEMBL95,Nc1c2c(nc3ccccc13)CCCC2,CHEMBL220
CHEMBL521935,c1cc(CCNc2c3c(nc4ccccc24)CCCC3)nc(CCNc2c3c(nc4ccccc24)CCCC3)c1,CHEMBL220
CHEMBL490264,c1cc(CCNc2c3c(nc4ccccc24)CCCC3)cc(CCNc2c3c(nc4ccccc24)CCCC3)c1,CHEMBL220
CHEMBL445454,c1ccc2c(NCCCN3CCN(CCCNc4c5c(nc6ccccc46)CCCC5)CC3)c3c(nc2c1)CCCC3,CHEMBL220
CHEMBL499224,OCCN(CCCCNc1c2c(nc3ccccc13)CCCC2)CCCNc1c2c(nc3ccccc13)CCCC2,CHEMBL220
CHEMBL490060,CCN(CCCCNc1c2c(nc3ccccc13)CCCC2)CCCNc1c2c(nc3ccccc13)CCCC2,CHEMBL220
CHEMBL489454,CN(CCCCNc1c2c(nc3ccccc13)CCCC2)CCCNc1c2c(nc3ccccc13)CCCC2,CHEMBL220
CHEMBL451277,CC(=O)N(CCCCNc1c2c(nc3ccccc13)CCCC2)CCCNc1c2c(nc3ccccc13)CCCC2,CHEMBL220
CHEMBL482512,c1ccc2c(NCCCCNCCCSc3c4c(nc5ccccc35)CCCC4)c3c(nc2c1)CCCC3,CHEMBL220
CHEMBL501587,CC(=O)N(CCCCNc1c2c(nc3ccccc13)CCCC2)CCCSc1c2c(nc3ccccc13)CCCC2,CHEMBL220
CHEMBL175949,CC(=O)N(CCCCSc1c2c(nc3ccccc13)CCCC2)CCCNc1c2c(nc3ccccc13)CCCC2,CHEMBL220
CHEMBL175555,CN(CCCCSc1c2c(nc3ccccc13)CCCC2)CCCNc1c2c(nc3ccccc13)CCCC2,CHEMBL220
CHEMBL179192,CC(=O)N(CCCNc1c2c(nc3ccccc13)CCCC2)CCCSc1c2c(nc3ccccc13)CCCC2,CHEMBL220
CHEMBL338755,CN(CCCNc1c2c(nc3ccccc13)CCCC2)CCCNc1c2c(nc3ccccc13)CCCC2,CHEMBL220
CHEMBL129108,c1ccc2c(NCCCCCCCCSc3c4c(nc5ccccc35)CCCC4)c3c(nc2c1)CCCC3,CHEMBL220
CHEMBL208599,CCC1=CC2Cc3nc4cc(Cl)ccc4c(N)c3[C@@H](C1)C2,CHEMBL220
CHEMBL501587,CC(=O)N(CCCCNc1c2c(nc3ccccc13)CCCC2)CCCSc1c2c(nc3ccccc13)CCCC2,CHEMBL220
CHEMBL507174,C=CCN(CCCCNc1c2c(nc3ccccc13)CCCC2)CCCNc1c2c(nc3ccccc13)CCCC2,CHEMBL220
CHEMBL1678,COc1cc2c(cc1OC)C(=O)C(CC1CCN(Cc3ccccc3)CC1)C2.Cl,CHEMBL220
CHEMBL486698,Cl.Nc1c2c(nc3cc(Cl)ccc13)CCCC2,CHEMBL220
CHEMBL1677,Cl.Nc1c2c(nc3ccccc13)CCCC2,CHEMBL220
CHEMBL3217103,COc1cc2c(cc1OC)CC(CC1CCN(CCCNc3c4c(nc5cc(Cl)ccc35)CCCC4)CC1)C2.Cl.Cl.Cl,CHEMBL220
CHEMBL3216210,COc1cc2c(cc1OC)CC(CC1CCN(CCNc3c4c(nc5cc(Cl)ccc35)CCCC4)CC1)C2.Cl.Cl.Cl,CHEMBL220
CHEMBL3216209,COc1cc2c(cc1OC)CC(CC1CCN(CCCNc3c4c(nc5ccccc35)CCCC4)CC1)C2.Cl.Cl,CHEMBL220
CHEMBL3216208,COc1cc2c(cc1OC)CC(CC1CCN(CCNc3c4c(nc5ccccc35)CCCC4)CC1)C2.Cl.Cl,CHEMBL220
CHEMBL3216655,COc1cc2c(cc1OC)C(=O)C(CC1CCN(CCCNc3c4c(nc5cc(Cl)ccc35)CCCC4)CC1)C2.Cl.Cl.Cl,CHEMBL220
CHEMBL3216422,COc1cc2c(cc1OC)C(=O)C(CC1CCN(CCNc3c4c(nc5cc(Cl)ccc35)CCCC4)CC1)C2.Cl.Cl.Cl,CHEMBL220
CHEMBL3216886,COc1cc2c(cc1OC)C(=O)C(CC1CCN(CCCNc3c4c(nc5ccccc35)CCCC4)CC1)C2.Cl.Cl,CHEMBL220
CHEMBL450553,CCN(CCCCCCN1C(=O)c2ccc3c4c(ccc(c24)C1=O)C(=O)N(CCCCCCN(CC)Cc1ccccc1OC)C3=O)Cc1ccccc1OC,CHEMBL220
CHEMBL507903,CCN(CCCCCCn1c(=O)c2cc3c(=O)n(CCCCCCN(CC)Cc4ccccc4OC)c(=O)c3cc2c1=O)Cc1ccccc1OC,CHEMBL220
CHEMBL507304,CCN(CCCCCCN1C(=O)c2ccc(-c3ccc4c(c3)C(=O)N(CCCCCCN(CC)Cc3ccccc3OC)C4=O)cc2C1=O)Cc1ccccc1OC,CHEMBL220
CHEMBL449941,CCN(CCCCCCN1CCN(CCCCCCN(CC)Cc2ccccc2OC)C1=O)Cc1ccccc1OC,CHEMBL220
CHEMBL452339,CCN(CCCCCCn1c(=O)c(=O)n(CCCCCCN(CC)Cc2ccccc2OC)c2ccccc21)Cc1ccccc1OC,CHEMBL220
CHEMBL449467,CCN(CCCCCCN1CC(=O)N(CCCCCCN(CC)Cc2ccccc2OC)CC1=O)Cc1ccccc1OC,CHEMBL220
CHEMBL450990,CCN(CCCCCCN1CCN(CCCCCCN(CC)Cc2ccccc2OC)C(=O)C1=O)Cc1ccccc1OC,CHEMBL220
CHEMBL507885,CCN(CCCCCC(=O)N1Cc2ccc3c4c(ccc(c24)C1)CN(C(=O)CCCCCN(CC)Cc1ccccc1OC)C3)Cc1ccccc1OC,CHEMBL220
CHEMBL502877,CCN(CCCCCC(=O)N1CCN(C(=O)CCCCCN(CC)Cc2ccccc2OC)CC1)Cc1ccccc1OC,CHEMBL220
CHEMBL254016,CCN(CCCCCC(=O)N1CCC(C2CCN(C(=O)CCCCCN(CC)Cc3ccccc3OC)CC2)CC1)Cc1ccccc1OC,CHEMBL220
CHEMBL173309,CCN(CCCCCC(=O)N(C)CCCCCCCCN(C)C(=O)CCCCCN(CC)Cc1ccccc1OC)Cc1ccccc1OC,CHEMBL220
CHEMBL11805,COc1ccccc1CN(C)CCCCCC(=O)N(C)CCCCCCCCN(C)C(=O)CCCCCN(C)Cc1ccccc1OC,CHEMBL220
CHEMBL488590,CCN(CCCCCCN1C(=O)c2cccc3cccc(c23)C1=O)Cc1ccccc1OC,CHEMBL220
CHEMBL502,COc1cc2c(cc1OC)C(=O)C(CC1CCN(Cc3ccccc3)CC1)C2,CHEMBL220
CHEMBL502,COc1cc2c(cc1OC)C(=O)C(CC1CCN(Cc3ccccc3)CC1)C2,CHEMBL220
CHEMBL490359,CCOC(=O)C1=C(C)Nc2nc3c(c(N)c2[C@H]1c1ccc(OC)cc1)CCCC3,CHEMBL220
CHEMBL95,Nc1c2c(nc3ccccc13)CCCC2,CHEMBL220
CHEMBL491360,CCOC(=O)C1=C(C)Nc2nc3c(c(N)c2C1c1ccncc1)CCCC3,CHEMBL220
CHEMBL491359,CCOC(=O)C1=C(C)Nc2nc3c(c(N)c2C1c1cccnc1)CCCC3,CHEMBL220
CHEMBL491358,CCOC(=O)C1=C(C)Nc2nc3c(c(N)c2C1c1ccc(OC)c(OC)c1)CCCC3,CHEMBL220
CHEMBL374184,CCOC(=O)C1=C(C)Nc2nc3c(c(N)c2C1c1ccc(OC)cc1)CCCC3,CHEMBL220
CHEMBL218940,CCOC(=O)C1=C(C)Nc2nc3c(c(N)c2C1c1cccc(OC)c1)CCCC3,CHEMBL220
CHEMBL436302,CCOC(=O)C1=C(C)Nc2nc3c(c(N)c2C1c1ccccc1OC)CCCC3,CHEMBL220
CHEMBL490338,CCOC(=O)C1=C(C)Nc2nc3c(c(N)c2C1c1ccc(-c2ccccc2)cc1)CCCC3,CHEMBL220
CHEMBL219406,CCOC(=O)C1=C(C)Nc2nc3c(c(N)c2C1c1ccc(C)cc1)CCCC3,CHEMBL220
CHEMBL219405,CCOC(=O)C1=C(C)Nc2nc3c(c(N)c2C1c1ccc([N+](=O)[O-])cc1)CCCC3,CHEMBL220
CHEMBL220294,CCOC(=O)C1=C(C)Nc2nc3c(c(N)c2C1c1cccc([N+](=O)[O-])c1)CCCC3,CHEMBL220
CHEMBL491561,CCOC(=O)C1=C(C)Nc2nc3c(c(N)c2C1c1ccccc1C(F)(F)F)CCCC3,CHEMBL220
CHEMBL219172,CCOC(=O)C1=C(C)Nc2nc3c(c(N)c2C1c1ccc(F)cc1)CCCC3,CHEMBL220
CHEMBL218939,CCOC(=O)C1=C(C)Nc2nc3c(c(N)c2C1c1ccccc1)CCCC3,CHEMBL220
CHEMBL374184,CCOC(=O)C1=C(C)Nc2nc3c(c(N)c2C1c1ccc(OC)cc1)CCCC3,CHEMBL220
CHEMBL478666,Clc1ccc2c(NCCCNCCCOc3cccc4[nH]c5ccccc5c34)c3c(nc2c1)CCCC3,CHEMBL220
CHEMBL191758,NCCCNc1c2c(nc3cc(Cl)ccc13)CCCC2,CHEMBL220
CHEMBL474268,Clc1ccc2c(NCCCNCCCCCCOc3cccc4[nH]c5ccccc5c34)c3c(nc2c1)CCCC3,CHEMBL220
CHEMBL473866,Clc1ccc2c(NCCCNCCCCCOc3cccc4[nH]c5ccccc5c34)c3c(nc2c1)CCCC3,CHEMBL220
CHEMBL478667,Clc1ccc2c(NCCCNCCCCOc3cccc4[nH]c5ccccc5c34)c3c(nc2c1)CCCC3,CHEMBL220
CHEMBL374184,CCOC(=O)C1=C(C)Nc2nc3c(c(N)c2C1c1ccc(OC)cc1)CCCC3,CHEMBL220
CHEMBL219406,CCOC(=O)C1=C(C)Nc2nc3c(c(N)c2C1c1ccc(C)cc1)CCCC3,CHEMBL220
CHEMBL219172,CCOC(=O)C1=C(C)Nc2nc3c(c(N)c2C1c1ccc(F)cc1)CCCC3,CHEMBL220
CHEMBL218939,CCOC(=O)C1=C(C)Nc2nc3c(c(N)c2C1c1ccccc1)CCCC3,CHEMBL220
CHEMBL95,Nc1c2c(nc3ccccc13)CCCC2,CHEMBL220
CHEMBL54126,CN(C)C(=O)Oc1cccc([N+](C)(C)C)c1.[Br-],CHEMBL220
CHEMBL3215574,Cl.Cl.Cl.O=C(CCc1ccc2nc(-c3ccccc3)c3c(c2c1)OCCC3)NCCCCCCCCNc1c2c(nc3cc(Cl)ccc13)CCCC2,CHEMBL220
CHEMBL3216221,Cl.Cl.Cl.O=C(CCc1ccc2nc(-c3ccccc3)c3c(c2c1)OCCC3)NCCCCCCCNc1c2c(nc3cc(Cl)ccc13)CCCC2,CHEMBL220
CHEMBL3215573,Cl.Cl.Cl.O=C(CCc1ccc2nc(-c3ccccc3)c3c(c2c1)OCCC3)NCCCCCCNc1c2c(nc3cc(Cl)ccc13)CCCC2,CHEMBL220
CHEMBL2448076,Cl.Cl.O=C(CCc1ccc2nc(-c3ccccc3)c3c(c2c1)OCCC3)NCCCCCNc1c2c(nc3cc(Cl)ccc13)CCCC2,CHEMBL220
CHEMBL3216018,Cl.Cl.Cl.O=C(CCc1ccc2nc(-c3ccccc3)c3c(c2c1)OCCC3)NCCCCNc1c2c(nc3cc(Cl)ccc13)CCCC2,CHEMBL220
CHEMBL3215770,Cl.Cl.Cl.Cl.O=C(NCCCCCCCCCCNc1c2c(nc3cc(Cl)ccc13)CCCC2)c1ccc2nc(-c3ccc(Cl)cc3)c3c(c2c1)OCCC3,CHEMBL220
CHEMBL3215769,Cl.Cl.Cl.Cl.O=C(NCCCCCCCCCNc1c2c(nc3cc(Cl)ccc13)CCCC2)c1ccc2nc(-c3ccc(Cl)cc3)c3c(c2c1)OCCC3,CHEMBL220
CHEMBL3215768,Cl.Cl.Cl.Cl.O=C(NCCCCCCCCNc1c2c(nc3cc(Cl)ccc13)CCCC2)c1ccc2nc(-c3ccc(Cl)cc3)c3c(c2c1)OCCC3,CHEMBL220
CHEMBL3215572,Cl.Cl.Cl.Cl.O=C(NCCCCCCCNc1c2c(nc3cc(Cl)ccc13)CCCC2)c1ccc2nc(-c3ccc(Cl)cc3)c3c(c2c1)OCCC3,CHEMBL220
CHEMBL3216429,Cl.Cl.Cl.Cl.O=C(NCCCCCCNc1c2c(nc3cc(Cl)ccc13)CCCC2)c1ccc2nc(-c3ccc(Cl)cc3)c3c(c2c1)OCCC3,CHEMBL220
CHEMBL486698,Cl.Nc1c2c(nc3cc(Cl)ccc13)CCCC2,CHEMBL220
CHEMBL555300,CCN(CCCCCCNC1=CC(=O)C(NCCCCCCN(CC)[C@@H](C)c2ccccc2OC)=CC1=O)[C@H](C)c1ccccc1OC,CHEMBL220
CHEMBL556581,CCN(CCCCCCNC1=CC(=O)C(NCCCCCCN(CC)[C@@H](C)c2ccccc2OC)=CC1=O)[C@@H](C)c1ccccc1OC,CHEMBL220
CHEMBL540178,CCN(CCCCCCNC1=CC(=O)C(NCCCCCCN(CC)[C@H](C)c2ccccc2OC)=CC1=O)[C@H](C)c1ccccc1OC,CHEMBL220
CHEMBL231160,CCN(CCCCCCNC1=CC(=O)C(NCCCCCCN(CC)Cc2ccccc2OC)=CC1=O)Cc1ccccc1OC,CHEMBL220
CHEMBL3215768,Cl.Cl.Cl.Cl.O=C(NCCCCCCCCNc1c2c(nc3cc(Cl)ccc13)CCCC2)c1ccc2nc(-c3ccc(Cl)cc3)c3c(c2c1)OCCC3,CHEMBL220
CHEMBL95,Nc1c2c(nc3ccccc13)CCCC2,CHEMBL220
CHEMBL208599,CCC1=CC2Cc3nc4cc(Cl)ccc4c(N)c3[C@@H](C1)C2,CHEMBL220
CHEMBL140476,CC1=CC2Cc3nc4cc(Cl)ccc4c(N)c3C(C1)C2,CHEMBL220
CHEMBL583920,CC1=CC2Cc3nc4cc(Cl)ccc4c(NCCO)c3C(C1)C2,CHEMBL220
CHEMBL573095,CCC1=CC2Cc3nc4cc(Cl)ccc4c(NCCO)c3C(C1)C2,CHEMBL220
CHEMBL576385,CC1=CC2Cc3nc4cc(Cl)ccc4c(NCCCl)c3C(C1)C2,CHEMBL220
CHEMBL574973,CC1=CC2Cc3nc4cc(Cl)ccc4c(NCCN=[N+]=[N-])c3C(C1)C2,CHEMBL220
CHEMBL574974,CCC1=CC2Cc3nc4cc(Cl)ccc4c(NCCN=[N+]=[N-])c3C(C1)C2,CHEMBL220
CHEMBL575674,CCC1=CC2Cc3nc4cc(Cl)ccc4c(NCCn4cc(CCCCCCN5CCc6cc(OC)c(OC)cc6C5c5cccc([N+](=O)[O-])c5)nn4)c3C(C1)C2,CHEMBL220
CHEMBL575802,COc1cc2c(cc1OC)C(c1cccc([N+](=O)[O-])c1)N(CCCCCCc1cn(CCNc3c4c(nc5cc(Cl)ccc35)CC3C=C(C)CC4C3)nn1)CC2,CHEMBL220
CHEMBL576005,C[C@@H]1CCC[C@H](C)N1S(C)(=O)=O,CHEMBL220
CHEMBL573102,C[C@@H]1CCC[C@H](C)N1S(=O)(=O)c1ccc(Cl)cc1,CHEMBL220
CHEMBL582883,C[C@@H]1CCC[C@H](C)N1S(=O)(=O)c1cc(Cl)ccc1Cl,CHEMBL220
CHEMBL575813,C[C@@H]1CCC[C@H](C)N1S(=O)(=O)c1ccccc1[N+](=O)[O-],CHEMBL220
CHEMBL574474,C[C@@H]1CCC[C@H](C)N1S(=O)(=O)c1cccc([N+](=O)[O-])c1,CHEMBL220
CHEMBL54126,CN(C)C(=O)Oc1cccc([N+](C)(C)C)c1.[Br-],CHEMBL220
CHEMBL158502,N=C(NS(=O)(=O)c1ccc(F)cc1)N1CC(c2ccccc2)C(c2ccc(Cl)cc2)=N1,CHEMBL218
CHEMBL158502,N=C(NS(=O)(=O)c1ccc(F)cc1)N1CC(c2ccccc2)C(c2ccc(Cl)cc2)=N1,CHEMBL218
CHEMBL345466,C/N=C(\NS(=O)(=O)c1ccc(C(F)(F)F)cc1)N1CC(c2ccccc2)C(c2ccc(Cl)cc2)=N1,CHEMBL218
CHEMBL345466,C/N=C(\NS(=O)(=O)c1ccc(C(F)(F)F)cc1)N1CC(c2ccccc2)C(c2ccc(Cl)cc2)=N1,CHEMBL218
CHEMBL159201,C/N=C(\NS(=O)(=O)c1ccc(Cl)cc1)N1CC(c2ccccc2)C(c2ccc(F)cc2)=N1,CHEMBL218
CHEMBL159201,C/N=C(\NS(=O)(=O)c1ccc(Cl)cc1)N1CC(c2ccccc2)C(c2ccc(F)cc2)=N1,CHEMBL218
CHEMBL158700,C/N=C(\NC(=O)c1ccc(Cl)cc1)N1CC(c2ccccc2)C(c2ccc(Cl)cc2)=N1,CHEMBL218
CHEMBL158700,C/N=C(\NC(=O)c1ccc(Cl)cc1)N1CC(c2ccccc2)C(c2ccc(Cl)cc2)=N1,CHEMBL218
CHEMBL157591,C/N=C(\NS(=O)(=O)c1cccc(C(F)(F)F)c1)N1CC(c2ccccc2)C(c2ccc(Cl)cc2)=N1,CHEMBL218
CHEMBL157591,C/N=C(\NS(=O)(=O)c1cccc(C(F)(F)F)c1)N1CC(c2ccccc2)C(c2ccc(Cl)cc2)=N1,CHEMBL218
CHEMBL158784,CN/C(=N\S(=O)(=O)c1ccc(Cl)cc1)N1CC(c2ccccc2)C(c2ccc(Cl)cc2)=N1,CHEMBL218
CHEMBL158784,CN/C(=N\S(=O)(=O)c1ccc(Cl)cc1)N1CC(c2ccccc2)C(c2ccc(Cl)cc2)=N1,CHEMBL218
CHEMBL412262,CN/C(=N\S(=O)(=O)c1ccc(Cl)cc1)N1C[C@H](c2ccccc2)C(c2ccc(Cl)cc2)=N1,CHEMBL218
CHEMBL412262,CN/C(=N\S(=O)(=O)c1ccc(Cl)cc1)N1C[C@H](c2ccccc2)C(c2ccc(Cl)cc2)=N1,CHEMBL218
CHEMBL156556,Cc1cc(C)c(S(=O)(=O)NC(=N)N2CC(c3ccccc3)C(c3ccc(Cl)cc3)=N2)c(C)c1,CHEMBL218
CHEMBL156556,Cc1cc(C)c(S(=O)(=O)NC(=N)N2CC(c3ccccc3)C(c3ccc(Cl)cc3)=N2)c(C)c1,CHEMBL218
CHEMBL156264,C/N=C(\NS(=O)(=O)c1ccc(C(F)(F)F)cc1)N1C[C@H](c2ccccc2)C(c2ccc(Cl)cc2)=N1,CHEMBL218
CHEMBL156264,C/N=C(\NS(=O)(=O)c1ccc(C(F)(F)F)cc1)N1C[C@H](c2ccccc2)C(c2ccc(Cl)cc2)=N1,CHEMBL218
CHEMBL160767,N=C(NS(=O)(=O)c1ccc(Cl)cc1)N1CC(c2ccccc2)C(c2ccc(Cl)cc2)=N1,CHEMBL218
CHEMBL160767,N=C(NS(=O)(=O)c1ccc(Cl)cc1)N1CC(c2ccccc2)C(c2ccc(Cl)cc2)=N1,CHEMBL218
CHEMBL158837,C/N=C(\NS(=O)(=O)c1ccc(Cl)cc1)N1CC(c2ccc(Cl)cc2)C(c2ccc(Cl)cc2)=N1,CHEMBL218
CHEMBL158138,CN/C(=N\S(=O)(=O)c1ccc(OC)cc1)N1CC(c2ccccc2)C(c2ccc(Cl)cc2)=N1,CHEMBL218
CHEMBL158138,CN/C(=N\S(=O)(=O)c1ccc(OC)cc1)N1CC(c2ccccc2)C(c2ccc(Cl)cc2)=N1,CHEMBL218
CHEMBL348174,C/N=C(\NS(=O)(=O)c1c(C)cc(C)cc1C)N1CC(c2ccccc2)C(c2ccc(Cl)cc2)=N1,CHEMBL218
CHEMBL348174,C/N=C(\NS(=O)(=O)c1c(C)cc(C)cc1C)N1CC(c2ccccc2)C(c2ccc(Cl)cc2)=N1,CHEMBL218
CHEMBL347454,C/N=C(\NS(=O)(=O)c1ccc(F)cc1)N1CC(c2ccccc2)C(c2ccc(Cl)cc2)=N1,CHEMBL218
CHEMBL157149,C/N=C(\NS(=O)(=O)c1ccc(C(F)(F)F)cc1)N1C[C@@H](c2ccccc2)C(c2ccc(Cl)cc2)=N1,CHEMBL218
CHEMBL157149,C/N=C(\NS(=O)(=O)c1ccc(C(F)(F)F)cc1)N1C[C@@H](c2ccccc2)C(c2ccc(Cl)cc2)=N1,CHEMBL218
CHEMBL348550,C/N=C(\NS(=O)(=O)c1ccccc1Cl)N1CC(c2ccccc2)C(c2ccc(Cl)cc2)=N1,CHEMBL218
CHEMBL348550,C/N=C(\NS(=O)(=O)c1ccccc1Cl)N1CC(c2ccccc2)C(c2ccc(Cl)cc2)=N1,CHEMBL218
CHEMBL158779,C/N=C(\NS(=O)(=O)c1ccccc1)N1CC(c2ccccc2)C(c2ccc(Cl)cc2)=N1,CHEMBL218
CHEMBL158779,C/N=C(\NS(=O)(=O)c1ccccc1)N1CC(c2ccccc2)C(c2ccc(Cl)cc2)=N1,CHEMBL218
CHEMBL351123,C/N=C(\NS(=O)(=O)c1ccc2ccccc2c1)N1CC(c2ccccc2)C(c2ccc(Cl)cc2)=N1,CHEMBL218
CHEMBL351123,C/N=C(\NS(=O)(=O)c1ccc2ccccc2c1)N1CC(c2ccccc2)C(c2ccc(Cl)cc2)=N1,CHEMBL218
CHEMBL350924,CS/C(=N\S(=O)(=O)c1ccc(C(F)(F)F)cc1)N1CC(c2ccccc2)C(c2ccc(Cl)cc2)=N1,CHEMBL218
CHEMBL350924,CS/C(=N\S(=O)(=O)c1ccc(C(F)(F)F)cc1)N1CC(c2ccccc2)C(c2ccc(Cl)cc2)=N1,CHEMBL218
CHEMBL158610,COc1ccc(S(=O)(=O)NC(=N)N2CC(c3ccccc3)C(c3ccc(Cl)cc3)=N2)cc1,CHEMBL218
CHEMBL158610,COc1ccc(S(=O)(=O)NC(=N)N2CC(c3ccccc3)C(c3ccc(Cl)cc3)=N2)cc1,CHEMBL218
CHEMBL111,Cc1c(C(=O)NN2CCCCC2)nn(-c2ccc(Cl)cc2Cl)c1-c1ccc(Cl)cc1,CHEMBL218
CHEMBL111,Cc1c(C(=O)NN2CCCCC2)nn(-c2ccc(Cl)cc2Cl)c1-c1ccc(Cl)cc1,CHEMBL218
CHEMBL158935,Cc1ccc(S(=O)(=O)NC(=N)N2CC(c3ccccc3)C(c3ccc(Cl)cc3)=N2)cc1,CHEMBL218
CHEMBL158935,Cc1ccc(S(=O)(=O)NC(=N)N2CC(c3ccccc3)C(c3ccc(Cl)cc3)=N2)cc1,CHEMBL218
CHEMBL160214,CN(C)/C(=N\S(=O)(=O)c1ccc(Cl)cc1)N1CC(c2ccccc2)C(c2ccc(Cl)cc2)=N1,CHEMBL218
CHEMBL160214,CN(C)/C(=N\S(=O)(=O)c1ccc(Cl)cc1)N1CC(c2ccccc2)C(c2ccc(Cl)cc2)=N1,CHEMBL218
CHEMBL349771,C/N=C(\NS(=O)(=O)c1ccc(C)cc1)N1CC(c2ccccc2)C(c2ccc(Cl)cc2)=N1,CHEMBL218
CHEMBL349771,C/N=C(\NS(=O)(=O)c1ccc(C)cc1)N1CC(c2ccccc2)C(c2ccc(Cl)cc2)=N1,CHEMBL218
CHEMBL158537,C/N=C(\NS(=O)(=O)c1cccc(Cl)c1)N1CC(c2ccccc2)C(c2ccc(Cl)cc2)=N1,CHEMBL218
CHEMBL158537,C/N=C(\NS(=O)(=O)c1cccc(Cl)c1)N1CC(c2ccccc2)C(c2ccc(Cl)cc2)=N1,CHEMBL218
CHEMBL111,Cc1c(C(=O)NN2CCCCC2)nn(-c2ccc(Cl)cc2Cl)c1-c1ccc(Cl)cc1,CHEMBL218
CHEMBL111,Cc1c(C(=O)NN2CCCCC2)nn(-c2ccc(Cl)cc2Cl)c1-c1ccc(Cl)cc1,CHEMBL218
CHEMBL111,Cc1c(C(=O)NN2CCCCC2)nn(-c2ccc(Cl)cc2Cl)c1-c1ccc(Cl)cc1,CHEMBL218
CHEMBL111,Cc1c(C(=O)NN2CCCCC2)nn(-c2ccc(Cl)cc2Cl)c1-c1ccc(Cl)cc1,CHEMBL218
CHEMBL188,Cc1c(C(=O)c2cccc3ccccc23)c2cccc3c2n1[C@H](CN1CCOCC1)CO3,CHEMBL218
CHEMBL188,Cc1c(C(=O)c2cccc3ccccc23)c2cccc3c2n1[C@H](CN1CCOCC1)CO3,CHEMBL218
CHEMBL188,Cc1c(C(=O)c2cccc3ccccc23)c2cccc3c2n1[C@H](CN1CCOCC1)CO3,CHEMBL218
CHEMBL188,Cc1c(C(=O)c2cccc3ccccc23)c2cccc3c2n1[C@H](CN1CCOCC1)CO3,CHEMBL218
CHEMBL188,Cc1c(C(=O)c2cccc3ccccc23)c2cccc3c2n1[C@H](CN1CCOCC1)CO3,CHEMBL218
CHEMBL15848,CCCCC/C=C\C/C=C\C/C=C\C/C=C\CCCC(=O)NCCO,CHEMBL218
CHEMBL15848,CCCCC/C=C\C/C=C\C/C=C\C/C=C\CCCC(=O)NCCO,CHEMBL218
CHEMBL15848,CCCCC/C=C\C/C=C\C/C=C\C/C=C\CCCC(=O)NCCO,CHEMBL218
CHEMBL15848,CCCCC/C=C\C/C=C\C/C=C\C/C=C\CCCC(=O)NCCO,CHEMBL218
CHEMBL15848,CCCCC/C=C\C/C=C\C/C=C\C/C=C\CCCC(=O)NCCO,CHEMBL218
CHEMBL188,Cc1c(C(=O)c2cccc3ccccc23)c2cccc3c2n1[C@H](CN1CCOCC1)CO3,CHEMBL218
CHEMBL333097,CCCCC/C=C\C/C=C\C/C=C\C/C=C\CC[C@H](C)C(=O)N[C@H](C)CO,CHEMBL218
CHEMBL123011,CCCCC/C=C\C/C=C\C/C=C\C/C=C\CC[C@@H](C)C(=O)N[C@@H](C)CO,CHEMBL218
CHEMBL66956,COc1cccc2c(C(=O)NC(c3ccccc3)c3ccccn3)nn(CCN3CCOCC3)c12,CHEMBL218
CHEMBL321585,CCCCC/C=C\C/C=C\C/C=C\C/C=C\CCCCCC(=O)NCCO,CHEMBL218
CHEMBL121229,CCCCC/C=C\C/C=C\C/C=C\CCCCCCC(=O)NCCO,CHEMBL218
CHEMBL121174,CCCCC/C=C\C/C=C\C/C=C\C/C=C\CC[C@@H](C)C(=O)N[C@H](C)CO,CHEMBL218
CHEMBL431363,COc1cccc2c(C(=O)NC3C(C)(C)[C@@H]4CC[C@@]3(C)C4)c(C)n(CCN3CCOCC3)c12,CHEMBL218
CHEMBL294591,COc1cccc2c(C(=O)NC3C(C)(C)[C@@H]4CC[C@@]3(C)C4)nn(CCN3CCOCC3)c12,CHEMBL218
CHEMBL527031,COc1cccc2c3c(=O)n([C@@H]4C(C)(C)[C@@H]5CC[C@@]4(C)C5)ccc3n(CCN3CCOCC3)c12,CHEMBL218
CHEMBL68288,COc1cccc2c(C(=O)NC3C(C)(C)[C@@H]4CC[C@@]3(C)C4)cn(CCN3CCOCC3)c12,CHEMBL218
CHEMBL411626,CCCCCCC(C)(C)c1cc(O)c2c(c1)OC(C)(C)[C@@H]1CC=C(C)C[C@@H]21,CHEMBL218
CHEMBL56799,CCCCCCC(C)(C)c1ccc(-c2cc(C)cc(C)c2)c(O)c1,CHEMBL218
CHEMBL57802,C=C1CC[C@@H]2[C@@H](C1)c1c(O)cc(C(C)(C)CCCCCC)cc1OC2(C)C,CHEMBL218
CHEMBL56288,CCCCCCC(C)(C)c1cc(O)c(-c2cc(C)cc(C)c2)c(O)c1,CHEMBL218
CHEMBL59540,CCCCCCC(C)(C)c1cc(O)c2c(c1)OC(C)(C)[C@@H]1CC=C(C=O)C[C@@H]21,CHEMBL218
CHEMBL58501,CCCCCCC(C)(C)c1cc(O)c2c(c1)OC(C)(C)[C@H]1CC=C(C)C[C@H]21,CHEMBL218
CHEMBL2218896,CCCCCCC(C)(C)c1cc(O)c2c(c1)OC(C)(C)C1CCC(=O)CC21,CHEMBL218
CHEMBL294472,CCCCCCC(C)(C)c1cc(O)c2c(c1)OC(C)(C)[C@H]1CC=C(C=O)C[C@H]21,CHEMBL218
CHEMBL57723,CCCCCCC(C)(C)c1ccc2c(c1)OC(C)(C)[C@@H]1CC=C(C)C[C@@H]21,CHEMBL218
CHEMBL148805,C1=C(CCN2CCOCC2)c2ccccc2/C1=C\c1cccc2ccccc12,CHEMBL218
CHEMBL429055,CCCCC/C=C\C/C=C\C/C=C\C/C=C\CCCC(=O)NCCC,CHEMBL218
CHEMBL188,Cc1c(C(=O)c2cccc3ccccc23)c2cccc3c2n1[C@H](CN1CCOCC1)CO3,CHEMBL218
CHEMBL123916,CC1=C(CCN2CCOCC2)c2ccccc2/C1=C/c1cccc2ccccc12,CHEMBL218
CHEMBL123916,CC1=C(CCN2CCOCC2)c2ccccc2/C1=C/c1cccc2ccccc12,CHEMBL218
CHEMBL127644,C1=C(CCN2CCOCC2)c2ccccc2/C1=C/c1cccc2ccccc12,CHEMBL218
CHEMBL127644,C1=C(CCN2CCOCC2)c2ccccc2/C1=C/c1cccc2ccccc12,CHEMBL218
CHEMBL158468,CCCCC/C=C\C/C=C\C/C=C\C/C=C\CCC(C)C(=O)NCCO,CHEMBL218
CHEMBL158468,CCCCC/C=C\C/C=C\C/C=C\C/C=C\CCC(C)C(=O)NCCO,CHEMBL218
CHEMBL158468,CCCCC/C=C\C/C=C\C/C=C\C/C=C\CCC(C)C(=O)NCCO,CHEMBL218
CHEMBL158468,CCCCC/C=C\C/C=C\C/C=C\C/C=C\CCC(C)C(=O)NCCO,CHEMBL218
CHEMBL15566,CCCCC/C=C\C/C=C\C/C=C\C/C=C\CCCC(=O)NCCCC,CHEMBL218
CHEMBL277297,CCCCC/C=C\C/C=C\C/C=C\C/C=C\CCCC(=O)NCCCO,CHEMBL218
CHEMBL277297,CCCCC/C=C\C/C=C\C/C=C\C/C=C\CCCC(=O)NCCCO,CHEMBL218
CHEMBL114189,CCCCCc1cc2c(c3c1CCCO3)C1C=C(C)CCC1C(C)(C)O2,CHEMBL218
CHEMBL160717,CCCCC/C=C\C/C=C\C/C=C\C/C=C\CCCC(=O)NCCCCO,CHEMBL218
CHEMBL423382,CCCCC/C=C\C/C=C\C/C=C\C/C=C\CCC(C)(C)C(=O)NCCO,CHEMBL218
CHEMBL423382,CCCCC/C=C\C/C=C\C/C=C\C/C=C\CCC(C)(C)C(=O)NCCO,CHEMBL218
CHEMBL423382,CCCCC/C=C\C/C=C\C/C=C\C/C=C\CCC(C)(C)C(=O)NCCO,CHEMBL218
CHEMBL159524,COCCC/C=C/Cc1cc(O)c2c(c1)OC(C)(C)C1CC=C(C)CC21,CHEMBL218
CHEMBL162079,CC1=CCC2C(C1)c1c(O)cc(C/C=C/CCCC#N)cc1OC2(C)C,CHEMBL218
CHEMBL159611,CCCCCCC(C)(C)c1cc(O)c2c(c1)OC(C)(C)C1CC=C(C)CC21,CHEMBL218
CHEMBL163430,CC1=CCC2C(C1)c1c(O)cc(CC#CCCCBr)cc1OC2(C)C,CHEMBL218
CHEMBL162746,CC1=CCC2C(C1)c1c(O)cc(C/C=C/CCCBr)cc1OC2(C)C,CHEMBL218
CHEMBL138772,CC1=CC[C@@H]2[C@@H](C1)c1c(O)cc(C(C)(C)CCCCC(=O)NN3CCCCC3)cc1OC2(C)C,CHEMBL218
CHEMBL159862,C#CCCCC#CCc1cc(O)c2c(c1)OC(C)(C)C1CC=C(C)CC21,CHEMBL218
CHEMBL351679,CCCC#CCc1cc(O)c2c(c1)OC(C)(C)C1CC=C(C)CC21,CHEMBL218
CHEMBL138667,CC1=CC[C@@H]2[C@@H](C1)c1c(O)cc(C(C)(C)CCCCC(=O)Nc3ccc(Cl)cc3)cc1OC2(C)C,CHEMBL218
CHEMBL411626,CCCCCCC(C)(C)c1cc(O)c2c(c1)OC(C)(C)[C@@H]1CC=C(C)C[C@@H]21,CHEMBL218
CHEMBL344623,CCN(CC)C(=O)CCCCC(C)(C)c1cc(O)c2c(c1)OC(C)(C)[C@@H]1CC=C(C)C[C@@H]21,CHEMBL218
CHEMBL355598,CCCCCC#Cc1cc(O)c2c(c1)OC(C)(C)C1CC=C(C)CC21,CHEMBL218
CHEMBL140404,CC1=CC[C@@H]2[C@@H](C1)c1c(O)cc(C(C)(C)CCCCC(=O)NCCc3ccc(S(N)(=O)=O)cc3)cc1OC2(C)C,CHEMBL218
CHEMBL139475,CC1=CC[C@@H]2[C@@H](C1)c1c(O)cc(C(C)(C)CCCCC(=O)Nc3ccc(S(N)(=O)=O)cc3)cc1OC2(C)C,CHEMBL218
CHEMBL423422,CCCC/C=C/CCc1cc(O)c2c(c1)OC(C)(C)C1CC=C(C)CC21,CHEMBL218
CHEMBL159872,CCC/C=C/CCCc1cc(O)c2c(c1)OC(C)(C)C1CC=C(C)CC21,CHEMBL218
CHEMBL352094,CC1=CCC2C(C1)c1c(O)cccc1OC2(C)C,CHEMBL218
CHEMBL159534,CC1=CCC2C(C1)c1c(O)cc(CC#CCBr)cc1OC2(C)C,CHEMBL218
CHEMBL162079,CC1=CCC2C(C1)c1c(O)cc(C/C=C/CCCC#N)cc1OC2(C)C,CHEMBL218
CHEMBL159448,CC1=CCC2C(C1)c1c(O)cc(C/C=C/CCCO)cc1OC2(C)C,CHEMBL218
CHEMBL163441,CC1=CCC2C(C1)c1c(O)cc(C#CCCCC#N)cc1OC2(C)C,CHEMBL218
CHEMBL465,CCCCCc1cc(O)c2c(c1)OC(C)(C)[C@@H]1CCC(C)=C[C@@H]21,CHEMBL218
CHEMBL138917,CC1=CC[C@@H]2[C@@H](C1)c1c(O)cc(C(C)(C)CCCCCC#N)cc1OC2(C)C,CHEMBL218
CHEMBL161073,CCCCC#CCCc1cc(O)c2c(c1)OC(C)(C)C1CC=C(C)CC21,CHEMBL218
CHEMBL336670,CC1=CC[C@@H]2[C@@H](C1)c1c(O)cc(C(C)(C)CCCCC#N)cc1OC2(C)C,CHEMBL218
CHEMBL337094,CC1=CC[C@@H]2[C@@H](C1)c1c(O)cc(C(C)(C)CCCC(O)C#N)cc1OC2(C)C,CHEMBL218
CHEMBL344455,CC1=CC[C@@H]2[C@@H](C1)c1c(O)cc(C(C)(C)CCCCC(=O)N(C)C)cc1OC2(C)C,CHEMBL218
CHEMBL159662,CC1=CCC2C(C1)c1c(O)cc(C/C=C/CCCF)cc1OC2(C)C,CHEMBL218
CHEMBL159361,CCCCC/C=C/Cc1cc(O)c2c(c1)OC(C)(C)C1CC=C(C)CC21,CHEMBL218
CHEMBL160099,CC1=CCC2C(C1)c1c(O)cc(CC#CCCC[N+](=O)[O-])cc1OC2(C)C,CHEMBL218
CHEMBL159863,CC1=CCC2C(C1)c1c(O)cc(CC#CC(C)Br)cc1OC2(C)C,CHEMBL218
CHEMBL161470,CC(=O)NCCC#CCc1cc(O)c2c(c1)OC(C)(C)C1CC=C(C)CC21,CHEMBL218
CHEMBL136120,CC1=CC[C@@H]2[C@@H](C1)c1c(O)cc(C(C)(C)CCCCOc3ccc(C#N)cc3)cc1OC2(C)C,CHEMBL218
CHEMBL161874,CCCCC/C=C/c1cc(O)c2c(c1)OC(C)(C)C1CC=C(C)CC21,CHEMBL218
CHEMBL159564,CCCCCC#CCc1cc(OC)c2c(c1)OC(C)(C)C1CC=C(C)CC21,CHEMBL218
CHEMBL159309,CCCCCCC#CCc1cc(O)c2c(c1)OC(C)(C)C1CC=C(C)CC21,CHEMBL218
CHEMBL336658,CC1=CC[C@@H]2[C@@H](C1)c1c(O)cc(C(C)(C)CCCCC(=O)NCc3ccc(S(N)(=O)=O)cc3)cc1OC2(C)C,CHEMBL218
CHEMBL140353,CC1=CC[C@@H]2[C@@H](C1)c1c(O)cc(C(C)(C)CCCCC(=O)Nc3ccc(Cl)cc3Cl)cc1OC2(C)C,CHEMBL218
CHEMBL161247,CCCCCC#CCc1cc(O)c2c(c1)OC(C)(C)C1CC=C(C)CC21,CHEMBL218
CHEMBL160120,CC(=O)NCCC/C=C/Cc1cc(O)c2c(c1)OC(C)(C)C1CC=C(C)CC21,CHEMBL218
CHEMBL160100,CC1=CCC2C(C1)c1c(O)cc(CC#CCCC#N)cc1OC2(C)C,CHEMBL218
CHEMBL439647,CC1=CCC2C(C1)c1c(O)cc(C/C=C/CCCC[N+](=O)[O-])cc1OC2(C)C,CHEMBL218
CHEMBL350624,CCCC#CCCCc1cc(O)c2c(c1)OC(C)(C)C1CC=C(C)CC21,CHEMBL218
CHEMBL337536,CC1=CC[C@@H]2[C@@H](C1)c1c(O)cc(C(C)(C)CCCCC(C#N)c3ccccc3)cc1OC2(C)C,CHEMBL218
CHEMBL45730,O=C1NC(c2ccc(Br)cc2)(c2ccc(Br)cc2)C(=O)N1CCCO,CHEMBL218
CHEMBL74415,CCCCCc1cc(O)c2c(c1)OC(C)(C)c1ccc(C)cc1-2,CHEMBL218
CHEMBL70625,CCCCCCC(C)(C)c1cc(O)c2c(c1)OC(C)(C)[C@@H]1CCC(CO)C[C@@H]21,CHEMBL218
CHEMBL559612,CCCCCCC(C)(C)c1ccc([C@@H]2C[C@H](O)CC[C@H]2CCCO)c(O)c1,CHEMBL218
CHEMBL127919,CCCC(C)(C)c1ccc2c(c1)OC(C)(C)c1ccc(CO)cc1-2,CHEMBL218
CHEMBL111724,CCCCCCC(C)(C)c1cc(O)c2c(c1)OC(C)(C)c1ccc(CO)cc1-2,CHEMBL218
CHEMBL338455,CCCC(C)(C)c1cc(O)c2c(c1)OC(C)(C)c1ccc(C)cc1-2,CHEMBL218
CHEMBL331838,CCCCCCC(C)(C)c1ccc2c(c1)OC(C)(C)c1ccc(CO)cc1-2,CHEMBL218
CHEMBL111,Cc1c(C(=O)NN2CCCCC2)nn(-c2ccc(Cl)cc2Cl)c1-c1ccc(Cl)cc1,CHEMBL218
CHEMBL49407,CCCCCCCN1C(=O)NC(c2ccc(Br)cc2)(c2ccc(Br)cc2)C1=O,CHEMBL218
CHEMBL420173,CCCCCCC(C)(C)c1cc(O)c2c(c1)OC(C)(C)c1ccc(C(=O)OC)cc1-2,CHEMBL218
CHEMBL109393,CCCCCCC(C)(C)c1cc(O)c2c(c1)OC(C)(C)c1ccc(C)cc1-2,CHEMBL218
CHEMBL109393,CCCCCCC(C)(C)c1cc(O)c2c(c1)OC(C)(C)c1ccc(C)cc1-2,CHEMBL218
CHEMBL125061,CCCCCCC(C)(C)c1ccc(-c2cc(C)ccc2C(C)C)c(O)c1,CHEMBL218
CHEMBL465,CCCCCc1cc(O)c2c(c1)OC(C)(C)[C@@H]1CCC(C)=C[C@@H]21,CHEMBL218
CHEMBL50925,O=C1NC(c2ccc(Br)cc2)(c2ccc(Br)cc2)C(=O)N1CCN1CCOCC1,CHEMBL218
CHEMBL280454,O=C(NC1CCN(Cc2ccccc2)C1)c1nc(-c2ccc(Cl)cc2Cl)n(-c2ccc(Cl)cc2)n1,CHEMBL218
CHEMBL278236,Cc1c(C(=O)NCCc2ccc(Cl)cc2)nc(-c2ccc(Cl)cc2Cl)n1-c1ccc(Cl)cc1,CHEMBL218
CHEMBL15966,O=C(NN1CC2CCCC2C1)c1nc(-c2ccc(Cl)cc2Cl)n(-c2ccc(Cl)cc2)c1Br,CHEMBL218
CHEMBL416535,O=C(c1nc(-c2ccc(Cl)cc2)n(-c2ccc(Cl)cc2Cl)n1)N1CCN(c2cccc(C(F)(F)F)c2)CC1,CHEMBL218
CHEMBL416718,N#Cc1c(C(=O)NN2CC3CCCC3C2)nc(-c2ccc(Cl)cc2Cl)n1-c1ccc(Cl)cc1,CHEMBL218
CHEMBL15478,Cc1c(C(=O)N(C)C2CCCCC2)nn(-c2ccc(Cl)cc2Cl)c1-c1ccc(Cl)cc1,CHEMBL218
CHEMBL15874,Cc1c(C(=O)NC2CCCCC2)nn(-c2ccc(Cl)cc2Cl)c1-c1ccc(Cl)cc1,CHEMBL218
CHEMBL15138,Cc1c(C(=O)NN2CCCCCC2)nn(-c2ccc(Cl)cc2Cl)c1-c1ccc(Cl)cc1,CHEMBL218
CHEMBL111,Cc1c(C(=O)NN2CCCCC2)nn(-c2ccc(Cl)cc2Cl)c1-c1ccc(Cl)cc1,CHEMBL218
CHEMBL15528,Cc1c(C(=O)NN2CC3CCCC3C2)nn(-c2ccc(Cl)cc2Cl)c1-c1ccc(Cl)cc1,CHEMBL218
CHEMBL418721,Cc1c(C(=O)NN2CC3CCCC3C2)nc(-c2ccc(Cl)cc2Cl)n1-c1ccc(Cl)cc1,CHEMBL218
CHEMBL15423,Cc1c(C(=O)NCCc2ccc(F)cc2)nn(-c2ccc(Cl)cc2Cl)c1-c1ccc(Cl)cc1,CHEMBL218
CHEMBL15772,CC1CCC(NC(=O)c2nc(-c3ccc(Cl)cc3Cl)n(-c3ccc(Cl)cc3)n2)CC1,CHEMBL218
CHEMBL275416,COc1cc(Cl)ccc1-c1nc(C(=O)NN2CC3CCCC3C2)nn1-c1ccc(Cl)cc1Cl,CHEMBL218
CHEMBL276312,O=C(NC1CCCCC1)c1cn(-c2ccc(Cl)cc2)c(-c2ccc(Cl)cc2Cl)n1,CHEMBL218
CHEMBL428693,Cc1c(C(=O)Nc2ccncc2)nn(-c2ccc(Cl)cc2Cl)c1-c1ccc(Cl)cc1,CHEMBL218
CHEMBL279787,O=C(NC1CCc2ccccc21)c1nc(-c2ccc(Cl)cc2Cl)n(-c2ccc(Cl)cc2)n1,CHEMBL218
CHEMBL15877,O=C(NN1CC2CCCC2C1)c1nc(-c2ccc(Cl)cc2)n(-c2ccc(Cl)cc2Cl)n1,CHEMBL218
CHEMBL275895,O=C(NN1CC2CCCC2C1)c1cn(-c2ccc(Cl)cc2)c(-c2ccc(Cl)cc2Cl)n1,CHEMBL218
CHEMBL15399,O=C(NN1CCCCC1)c1cn(-c2ccc(Cl)cc2)c(-c2ccc(Cl)cc2Cl)n1,CHEMBL218
CHEMBL15635,O=C(NN1CCCCCC1)c1cn(-c2ccc(Cl)cc2)c(-c2ccc(Cl)cc2Cl)n1,CHEMBL218
CHEMBL15832,O=C(NN1CC2CCCC2C1)c1nc(-c2ccc(Cl)cc2Cl)n(-c2ccc(Cl)cc2)n1,CHEMBL218
CHEMBL274983,CC(NC(=O)c1nc(-c2ccc(Cl)cc2Cl)n(-c2ccc(Cl)cc2)n1)c1ccc(Cl)cc1,CHEMBL218
CHEMBL15764,Cc1c(C(=O)NC(C)C(C)C)nn(-c2ccc(Cl)cc2Cl)c1-c1ccc(Cl)cc1,CHEMBL218
CHEMBL188,Cc1c(C(=O)c2cccc3ccccc23)c2cccc3c2n1[C@H](CN1CCOCC1)CO3,CHEMBL218
CHEMBL70625,CCCCCCC(C)(C)c1cc(O)c2c(c1)OC(C)(C)[C@@H]1CCC(CO)C[C@@H]21,CHEMBL218
CHEMBL111,Cc1c(C(=O)NN2CCCCC2)nn(-c2ccc(Cl)cc2Cl)c1-c1ccc(Cl)cc1,CHEMBL218
CHEMBL117033,CC1=CC[C@@H]2[C@@H](C1)c1c(O)cc(C3(C4CCCCC4)SCCS3)cc1OC2(C)C,CHEMBL218
CHEMBL49407,CCCCCCCN1C(=O)NC(c2ccc(Br)cc2)(c2ccc(Br)cc2)C1=O,CHEMBL218
CHEMBL50925,O=C1NC(c2ccc(Br)cc2)(c2ccc(Br)cc2)C(=O)N1CCN1CCOCC1,CHEMBL218
CHEMBL559612,CCCCCCC(C)(C)c1ccc([C@@H]2C[C@H](O)CC[C@H]2CCCO)c(O)c1,CHEMBL218
CHEMBL559612,CCCCCCC(C)(C)c1ccc([C@@H]2C[C@H](O)CC[C@H]2CCCO)c(O)c1,CHEMBL218
CHEMBL559612,CCCCCCC(C)(C)c1ccc([C@@H]2C[C@H](O)CC[C@H]2CCCO)c(O)c1,CHEMBL218
CHEMBL71810,CCCCCn1ccc(C(=O)c2cccc3ccccc23)c1,CHEMBL218
CHEMBL119592,CC1=CC[C@@H]2[C@@H](C1)c1c(O)cc(C(C)(C)c3ccccc3)cc1OC2(C)C,CHEMBL218
CHEMBL118028,CC1=CC[C@@H]2[C@@H](C1)c1c(O)cc(C3(c4ccccc4)SCCS3)cc1OC2(C)C,CHEMBL218
CHEMBL188,Cc1c(C(=O)c2cccc3ccccc23)c2cccc3c2n1[C@H](CN1CCOCC1)CO3,CHEMBL218
CHEMBL465,CCCCCc1cc(O)c2c(c1)OC(C)(C)[C@@H]1CCC(C)=C[C@@H]21,CHEMBL218
CHEMBL325389,CC1=CC[C@@H]2[C@@H](C1)c1c(O)cc(C(C)(C)C3CCCCC3)cc1OC2(C)C,CHEMBL218
CHEMBL116784,CC1=CC[C@@H]2[C@@H](C1)c1c(O)cc(C(=O)c3ccccc3)cc1OC2(C)C,CHEMBL218
CHEMBL45730,O=C1NC(c2ccc(Br)cc2)(c2ccc(Br)cc2)C(=O)N1CCCO,CHEMBL218
CHEMBL408123,CC1=CC[C@@H]2[C@@H](C1)c1c(O)cc(Cc3ccccc3)cc1OC2(C)C,CHEMBL218
CHEMBL124194,CCCCCCCCCc1cc(O)c2c(c1)OC(C)(C)[C@@H]1CC=C(C)C[C@@H]21,CHEMBL218
CHEMBL465,CCCCCc1cc(O)c2c(c1)OC(C)(C)[C@@H]1CCC(C)=C[C@@H]21,CHEMBL218
CHEMBL338484,CCCCCCCCCc1cc(O)c2c(c1)OC(C)(C)[C@@H]1CC=C(CO)C[C@@H]21,CHEMBL218
CHEMBL111,Cc1c(C(=O)NN2CCCCC2)nn(-c2ccc(Cl)cc2Cl)c1-c1ccc(Cl)cc1,CHEMBL218
CHEMBL111,Cc1c(C(=O)NN2CCCCC2)nn(-c2ccc(Cl)cc2Cl)c1-c1ccc(Cl)cc1,CHEMBL218
CHEMBL177403,O=C(NN1CCCCC1)c1nc(-c2ccc(Cl)cc2Cl)c(-c2ccc(Cl)cc2)s1,CHEMBL218
CHEMBL177403,O=C(NN1CCCCC1)c1nc(-c2ccc(Cl)cc2Cl)c(-c2ccc(Cl)cc2)s1,CHEMBL218
CHEMBL177656,O=C(NN1CCCCC1)c1nc(-c2ccc(Cl)cc2)c(-c2ccc(Cl)cc2Cl)s1,CHEMBL218
CHEMBL558785,Cl.Cl.O=C(NN1CCCCC1)c1nc(-c2ccc(Cl)cc2Cl)n(-c2ccc(Cl)cc2)n1,CHEMBL218
CHEMBL175369,COc1ccc(-n2c(-c3ccc(Cl)cc3Cl)nc(C(=O)NN3CCCCC3)c2C)cc1,CHEMBL218
CHEMBL174163,Cc1c(C(=O)NN2CCCCC2)nc(-c2ccc(Cl)cc2Cl)n1-c1ccc(C(F)(F)F)cc1,CHEMBL218
CHEMBL174163,Cc1c(C(=O)NN2CCCCC2)nc(-c2ccc(Cl)cc2Cl)n1-c1ccc(C(F)(F)F)cc1,CHEMBL218
CHEMBL368660,Cc1c(C(=O)NN2CCCCC2)nc(-c2ccc(Cl)cc2Cl)n1-c1ccc(Cl)cn1,CHEMBL218
CHEMBL368660,Cc1c(C(=O)NN2CCCCC2)nc(-c2ccc(Cl)cc2Cl)n1-c1ccc(Cl)cn1,CHEMBL218
CHEMBL369205,Cc1c(C(=O)NN2CCCC2)nc(-c2ccc(Cl)cc2Cl)n1-c1ccc(Cl)cc1,CHEMBL218
CHEMBL369205,Cc1c(C(=O)NN2CCCC2)nc(-c2ccc(Cl)cc2Cl)n1-c1ccc(Cl)cc1,CHEMBL218
CHEMBL175478,Cc1c(C(=O)NN2CCCCCC2)nc(-c2ccc(Cl)cc2Cl)n1-c1ccc(Cl)cc1,CHEMBL218
CHEMBL175478,Cc1c(C(=O)NN2CCCCCC2)nc(-c2ccc(Cl)cc2Cl)n1-c1ccc(Cl)cc1,CHEMBL218
CHEMBL367672,Cc1c(C(=O)NN2CCOCC2)nc(-c2ccc(Cl)cc2Cl)n1-c1ccc(Cl)cc1,CHEMBL218
CHEMBL367672,Cc1c(C(=O)NN2CCOCC2)nc(-c2ccc(Cl)cc2Cl)n1-c1ccc(Cl)cc1,CHEMBL218
CHEMBL418721,Cc1c(C(=O)NN2CC3CCCC3C2)nc(-c2ccc(Cl)cc2Cl)n1-c1ccc(Cl)cc1,CHEMBL218
CHEMBL418721,Cc1c(C(=O)NN2CC3CCCC3C2)nc(-c2ccc(Cl)cc2Cl)n1-c1ccc(Cl)cc1,CHEMBL218
CHEMBL368547,Cc1c(C(=O)NC2CCCC2)nc(-c2ccc(Cl)cc2Cl)n1-c1ccc(Cl)cc1,CHEMBL218
CHEMBL368547,Cc1c(C(=O)NC2CCCC2)nc(-c2ccc(Cl)cc2Cl)n1-c1ccc(Cl)cc1,CHEMBL218
CHEMBL175650,Cc1c(C(=O)NC2CCCCC2)nc(-c2ccc(Cl)cc2Cl)n1-c1ccc(Cl)cc1,CHEMBL218
CHEMBL175650,Cc1c(C(=O)NC2CCCCC2)nc(-c2ccc(Cl)cc2Cl)n1-c1ccc(Cl)cc1,CHEMBL218
CHEMBL176022,Cc1c(C(=O)NC2CCCCCC2)nc(-c2ccc(Cl)cc2Cl)n1-c1ccc(Cl)cc1,CHEMBL218
CHEMBL176022,Cc1c(C(=O)NC2CCCCCC2)nc(-c2ccc(Cl)cc2Cl)n1-c1ccc(Cl)cc1,CHEMBL218
CHEMBL176198,Cc1c(C(=O)N[C@H]2CC[C@H](O)CC2)nc(-c2ccc(Cl)cc2Cl)n1-c1ccc(Cl)cc1,CHEMBL218
CHEMBL173662,Cc1c(C(=O)N2CCC(O)CC2)nc(-c2ccc(Cl)cc2Cl)n1-c1ccc(Cl)cc1,CHEMBL218
CHEMBL175291,Cc1c(C(=O)N2CCc3ccccc3C2)nc(-c2ccc(Cl)cc2Cl)n1-c1ccc(Cl)cc1,CHEMBL218
CHEMBL175291,Cc1c(C(=O)N2CCc3ccccc3C2)nc(-c2ccc(Cl)cc2Cl)n1-c1ccc(Cl)cc1,CHEMBL218
CHEMBL177393,Cc1c(C(=O)NC2CC3CCC2C3)nc(-c2ccc(Cl)cc2Cl)n1-c1ccc(Cl)cc1,CHEMBL218
CHEMBL177393,Cc1c(C(=O)NC2CC3CCC2C3)nc(-c2ccc(Cl)cc2Cl)n1-c1ccc(Cl)cc1,CHEMBL218
CHEMBL360138,Cc1c(C(=O)NOC(C)(C)C)nc(-c2ccc(Cl)cc2Cl)n1-c1ccc(Cl)cc1,CHEMBL218
CHEMBL178799,Cc1c(C(=O)NCc2ccc(C(F)(F)F)cc2)nc(-c2ccc(Cl)cc2Cl)n1-c1ccc(Cl)cc1,CHEMBL218
CHEMBL178799,Cc1c(C(=O)NCc2ccc(C(F)(F)F)cc2)nc(-c2ccc(Cl)cc2Cl)n1-c1ccc(Cl)cc1,CHEMBL218
CHEMBL369314,CCN(CC)C(=O)c1nc(-c2ccc(Cl)cc2Cl)n(-c2ccc(Cl)cc2)c1C,CHEMBL218
CHEMBL178428,Cc1c(C(=O)OC(C)(C)C)nc(-c2ccc(Cl)cc2Cl)n1-c1ccc(Cl)cc1,CHEMBL218
CHEMBL178428,Cc1c(C(=O)OC(C)(C)C)nc(-c2ccc(Cl)cc2Cl)n1-c1ccc(Cl)cc1,CHEMBL218
CHEMBL436471,O=C(NN1CCCCC1)c1nc(-c2ccc(Cl)cc2Cl)n(-c2ccc(Cl)cc2)c1Cl,CHEMBL218
CHEMBL436471,O=C(NN1CCCCC1)c1nc(-c2ccc(Cl)cc2Cl)n(-c2ccc(Cl)cc2)c1Cl,CHEMBL218
CHEMBL427497,O=C(NN1CCCCC1)c1nc(-c2ccc(Cl)cc2Cl)n(-c2ccc(Cl)cc2)c1Br,CHEMBL218
CHEMBL427497,O=C(NN1CCCCC1)c1nc(-c2ccc(Cl)cc2Cl)n(-c2ccc(Cl)cc2)c1Br,CHEMBL218
CHEMBL369072,N#Cc1c(C(=O)NN2CCCCC2)nc(-c2ccc(Cl)cc2Cl)n1-c1ccc(Cl)cc1,CHEMBL218
CHEMBL369072,N#Cc1c(C(=O)NN2CCCCC2)nc(-c2ccc(Cl)cc2Cl)n1-c1ccc(Cl)cc1,CHEMBL218
CHEMBL177990,O=C(NN1CCCCC1)c1nc(-c2ccc(Cl)cc2Cl)n(-c2ccc(Cl)cc2)c1CF,CHEMBL218
CHEMBL177990,O=C(NN1CCCCC1)c1nc(-c2ccc(Cl)cc2Cl)n(-c2ccc(Cl)cc2)c1CF,CHEMBL218
CHEMBL439657,Cc1c(C(=O)NN2CCCCC2)nc(-c2ccc(Cl)cc2)n1-c1ccc(Cl)cc1Cl,CHEMBL218
CHEMBL558564,Cl.Cl.O=C(NN1CCCCC1)c1nc(-c2ccc(Cl)cc2)n(-c2ccc(Cl)cc2Cl)n1,CHEMBL218
CHEMBL15399,O=C(NN1CCCCC1)c1cn(-c2ccc(Cl)cc2)c(-c2ccc(Cl)cc2Cl)n1,CHEMBL218
CHEMBL15399,O=C(NN1CCCCC1)c1cn(-c2ccc(Cl)cc2)c(-c2ccc(Cl)cc2Cl)n1,CHEMBL218
CHEMBL426585,CCc1c(C(=O)NN2CCCCC2)nc(-c2ccc(Cl)cc2Cl)n1-c1ccc(Cl)cc1,CHEMBL218
CHEMBL426585,CCc1c(C(=O)NN2CCCCC2)nc(-c2ccc(Cl)cc2Cl)n1-c1ccc(Cl)cc1,CHEMBL218
CHEMBL368749,Cc1c(C(=O)NN2CCCCC2)nc(-c2ccc(Cl)cc2Cl)n1-c1ccc(Cl)cc1,CHEMBL218
CHEMBL368749,Cc1c(C(=O)NN2CCCCC2)nc(-c2ccc(Cl)cc2Cl)n1-c1ccc(Cl)cc1,CHEMBL218
CHEMBL175292,Cc1c(C(=O)NN2CCCCC2)nc(-c2ccc(Cl)cc2Cl)n1-c1ccc(Br)cc1,CHEMBL218
CHEMBL175292,Cc1c(C(=O)NN2CCCCC2)nc(-c2ccc(Cl)cc2Cl)n1-c1ccc(Br)cc1,CHEMBL218
CHEMBL175368,Cc1c(C(=O)NN2CCCCC2)nc(-c2ccc(Cl)cc2Cl)n1-c1ccc(F)cc1,CHEMBL218
CHEMBL175368,Cc1c(C(=O)NN2CCCCC2)nc(-c2ccc(Cl)cc2Cl)n1-c1ccc(F)cc1,CHEMBL218
CHEMBL175369,COc1ccc(-n2c(-c3ccc(Cl)cc3Cl)nc(C(=O)NN3CCCCC3)c2C)cc1,CHEMBL218
CHEMBL181331,Cn1c(C(=O)NN2CCOCC2)nc(-c2ccc(Cl)cc2Cl)c1-c1ccc(Cl)cc1,CHEMBL218
CHEMBL361384,Cn1c(C(=O)NC2CCCC2)nc(-c2ccc(Cl)cc2Cl)c1-c1ccc(Cl)cc1,CHEMBL218
CHEMBL181096,Cn1c(C(=O)NC2CCCCCC2)nc(-c2ccc(Cl)cc2Cl)c1-c1ccc(Cl)cc1,CHEMBL218
CHEMBL181631,CN(C(=O)c1nc(-c2ccc(Cl)cc2Cl)c(-c2ccc(Cl)cc2)n1C)C1CCCCC1,CHEMBL218
CHEMBL362643,Cn1c(C(=O)Nc2ccccc2)nc(-c2ccc(Cl)cc2Cl)c1-c1ccc(Cl)cc1,CHEMBL218
CHEMBL179507,CCn1c(C(=O)NC2CCCCC2)nc(-c2ccc(Cl)cc2Cl)c1-c1ccc(Cl)cc1,CHEMBL218
CHEMBL180461,Cn1c(C(=O)NN2CCCCC2)nc(-c2ccc(Cl)cc2)c1-c1ccc(Cl)cc1Cl,CHEMBL218
CHEMBL368441,Cn1c(C(=O)NC2CCCCC2)nc(-c2ccc(Cl)cc2)c1-c1ccc(Cl)cc1Cl,CHEMBL218
CHEMBL180144,Cn1c(C(=O)NN2CCCCC2)nc(-c2ccc(Cl)cc2Cl)c1-c1ccc(Cl)cc1Cl,CHEMBL218
CHEMBL361557,Cn1c(C(=O)NC2CCCCC2)nc(-c2ccc(Cl)cc2Cl)c1-c1ccc(Cl)cc1Cl,CHEMBL218
CHEMBL359488,O=C(NN1CCCCC1)c1nc(-c2ccc(Cl)cc2Cl)c(-c2ccc(Cl)cc2)o1,CHEMBL218
CHEMBL359945,O=C(NC1CCCCC1)c1nc(-c2ccc(Cl)cc2Cl)c(-c2ccc(Cl)cc2)o1,CHEMBL218
CHEMBL181254,O=C(NC1CCCCC1)c1nc(-c2ccc(Cl)cc2Cl)c(-c2ccc(Cl)cc2Cl)o1,CHEMBL218
CHEMBL182192,O=C(NN1CCCCC1)c1nc(-c2ccc(Cl)cc2Cl)c(-c2ccc(Cl)cc2Cl)o1,CHEMBL218
CHEMBL111,Cc1c(C(=O)NN2CCCCC2)nn(-c2ccc(Cl)cc2Cl)c1-c1ccc(Cl)cc1,CHEMBL218
CHEMBL362423,Cn1c(C(=O)NN2CCCCC2)nc(-c2ccc(Cl)cc2)c1-c1ccc(Cl)cc1,CHEMBL218
CHEMBL362423,Cn1c(C(=O)NN2CCCCC2)nc(-c2ccc(Cl)cc2)c1-c1ccc(Cl)cc1,CHEMBL218
CHEMBL369097,Cn1c(C(=O)NN2CCCCC2)nc(-c2ccc(Cl)cc2Cl)c1-c1ccc(Cl)cc1,CHEMBL218
CHEMBL369097,Cn1c(C(=O)NN2CCCCC2)nc(-c2ccc(Cl)cc2Cl)c1-c1ccc(Cl)cc1,CHEMBL218
CHEMBL179473,Cn1c(C(=O)NC2CCCCC2)nc(-c2ccc(Cl)cc2Cl)c1-c1ccc(Cl)cc1,CHEMBL218
CHEMBL179473,Cn1c(C(=O)NC2CCCCC2)nc(-c2ccc(Cl)cc2Cl)c1-c1ccc(Cl)cc1,CHEMBL218
CHEMBL360474,CCCCCCNC(=O)c1ccc(-c2ccc(Cl)cc2)c(-c2ccc(Cl)cc2Cl)n1,CHEMBL218
CHEMBL180447,CCCC(CCC)NC(=O)c1ccc(-c2ccc(Cl)cc2)c(-c2ccc(Cl)cc2Cl)n1,CHEMBL218
CHEMBL181720,O=C(NC1CCCC1)c1ccc(-c2ccc(Cl)cc2)c(-c2ccc(Cl)cc2Cl)n1,CHEMBL218
CHEMBL180648,O=C(NC1CCCCC1)c1ccc(-c2ccc(Cl)cc2)c(-c2ccc(Cl)cc2Cl)n1,CHEMBL218
CHEMBL360673,O=C(NC1CCCCCC1)c1ccc(-c2ccc(Cl)cc2)c(-c2ccc(Cl)cc2Cl)n1,CHEMBL218
CHEMBL180564,O=C(NN1CCCCC1)c1ccc(-c2ccc(Cl)cc2)c(-c2ccc(Cl)cc2Cl)n1,CHEMBL218
CHEMBL181016,O=C(Nc1ccccc1)c1ccc(-c2ccc(Cl)cc2)c(-c2ccc(Cl)cc2Cl)n1,CHEMBL218
CHEMBL182141,O=C(NCc1ccccc1)c1ccc(-c2ccc(Cl)cc2)c(-c2ccc(Cl)cc2Cl)n1,CHEMBL218
CHEMBL180360,N#Cc1cc(-c2ccc(Cl)cc2)c(-c2ccc(Cl)cc2Cl)nc1OCc1cc(F)cc(F)c1,CHEMBL218
CHEMBL362219,N#Cc1cc(-c2ccc(Cl)cc2)c(-c2ccc(Cl)cc2Cl)nc1OCc1ccc(F)cc1F,CHEMBL218
CHEMBL367819,N#Cc1cc(-c2ccc(Cl)cc2)c(-c2ccc(Cl)cc2Cl)nc1OCc1ccc(F)c(F)c1,CHEMBL218
CHEMBL367819,N#Cc1cc(-c2ccc(Cl)cc2)c(-c2ccc(Cl)cc2Cl)nc1OCc1ccc(F)c(F)c1,CHEMBL218
CHEMBL2113009,N#Cc1cc(-c2ccc(Cl)cc2)c(-c2ccc(Cl)cc2Cl)nc1OCc1cccc(Cl)c1,CHEMBL218
CHEMBL361519,N#Cc1cc(-c2ccc(Cl)cc2)c(-c2ccc(Cl)cc2Cl)nc1OCc1ccc(C(F)(F)F)cc1,CHEMBL218
CHEMBL178446,N#Cc1cc(-c2ccc(Cl)cc2)c(-c2ccc(Cl)cc2)nc1OCc1ccc(F)c(F)c1,CHEMBL218
CHEMBL179787,N#Cc1cc(-c2ccc(Cl)cc2)c(-c2ccccc2Cl)nc1OCc1ccc(F)c(F)c1,CHEMBL218
CHEMBL180409,N#Cc1cc(-c2ccc(F)cc2)c(-c2ccc(Cl)cc2Cl)nc1OCc1ccc(F)c(F)c1,CHEMBL218
CHEMBL181629,Cc1ccc(-c2cc(C#N)c(OCc3ccc(F)c(F)c3)nc2-c2ccc(Cl)cc2Cl)cc1,CHEMBL218
CHEMBL362215,N#Cc1cc(-c2ccc(F)cc2)c(-c2ccc(F)cc2F)nc1OCc1ccc(F)c(F)c1,CHEMBL218
CHEMBL179779,NC(=O)c1cc(-c2ccc(Cl)cc2)c(-c2ccc(Cl)cc2Cl)nc1OCc1ccccc1,CHEMBL218
CHEMBL426241,CNC(=O)c1cc(-c2ccc(Cl)cc2)c(-c2ccc(Cl)cc2Cl)nc1OCc1ccccc1,CHEMBL218
CHEMBL361152,CN(C)C(=O)c1cc(-c2ccc(Cl)cc2)c(-c2ccc(Cl)cc2Cl)nc1OCc1ccccc1,CHEMBL218
CHEMBL360763,CCNC(=O)c1cc(-c2ccc(Cl)cc2)c(-c2ccc(Cl)cc2Cl)nc1OCc1ccccc1,CHEMBL218
CHEMBL360763,CCNC(=O)c1cc(-c2ccc(Cl)cc2)c(-c2ccc(Cl)cc2Cl)nc1OCc1ccccc1,CHEMBL218
CHEMBL426601,CCCNC(=O)c1cc(-c2ccc(Cl)cc2)c(-c2ccc(Cl)cc2Cl)nc1OCc1ccccc1,CHEMBL218
CHEMBL361785,O=C(NC1CCCC1)c1cc(-c2ccc(Cl)cc2)c(-c2ccc(Cl)cc2Cl)nc1OCc1ccccc1,CHEMBL218
CHEMBL180028,O=C(NN1CCCCC1)c1cc(-c2ccc(Cl)cc2)c(-c2ccc(Cl)cc2Cl)nc1OCc1ccccc1,CHEMBL218
CHEMBL359865,COC(=O)c1cc(-c2ccc(Cl)cc2)c(-c2ccc(Cl)cc2Cl)nc1OCc1ccccc1,CHEMBL218
CHEMBL179901,COC(=O)c1cc(-c2ccc(Cl)cc2)c(-c2ccc(Cl)cc2Cl)nc1OCc1ccc(F)c(F)c1,CHEMBL218
CHEMBL425870,CCCCOc1nc(-c2ccc(Cl)cc2Cl)c(-c2ccc(Cl)cc2)cc1C(=O)OC,CHEMBL218
CHEMBL360783,COC(=O)c1cc(-c2ccc(Cl)cc2)c(-c2ccc(Cl)cc2Cl)nc1OCC1CCCCC1,CHEMBL218
CHEMBL181875,CNC(=O)c1cc(-c2ccc(Cl)cc2)c(-c2ccc(Cl)cc2Cl)nc1OCc1ccc(F)c(F)c1,CHEMBL218
CHEMBL360104,CCNC(=O)c1cc(-c2ccc(Cl)cc2)c(-c2ccc(Cl)cc2Cl)nc1OCc1ccc(F)c(F)c1,CHEMBL218
CHEMBL181843,COc1ccc(S(=O)(=O)c2cc(OC)ccc2S(=O)(=O)c2ccc([C@H](C)NC(=O)C(F)(F)F)cc2)cc1,CHEMBL218
CHEMBL360104,CCNC(=O)c1cc(-c2ccc(Cl)cc2)c(-c2ccc(Cl)cc2Cl)nc1OCc1ccc(F)c(F)c1,CHEMBL218
CHEMBL425163,CCCNC(=O)c1cc(-c2ccc(Cl)cc2)c(-c2ccc(Cl)cc2Cl)nc1OCc1ccc(F)c(F)c1,CHEMBL218
CHEMBL425163,CCCNC(=O)c1cc(-c2ccc(Cl)cc2)c(-c2ccc(Cl)cc2Cl)nc1OCc1ccc(F)c(F)c1,CHEMBL218
CHEMBL362192,O=C(NCCF)c1cc(-c2ccc(Cl)cc2)c(-c2ccc(Cl)cc2Cl)nc1OCc1ccc(F)c(F)c1,CHEMBL218
CHEMBL361020,CC(C)NC(=O)c1cc(-c2ccc(Cl)cc2)c(-c2ccc(Cl)cc2Cl)nc1OCc1ccc(F)c(F)c1,CHEMBL218
CHEMBL181164,CCCCOc1nc(-c2ccc(Cl)cc2Cl)c(-c2ccc(Cl)cc2)cc1C(N)=O,CHEMBL218
CHEMBL182948,CCCCOc1nc(-c2ccc(Cl)cc2Cl)c(-c2ccc(Cl)cc2)cc1C(=O)NC,CHEMBL218
CHEMBL180861,CCCCOc1nc(-c2ccc(Cl)cc2Cl)c(-c2ccc(Cl)cc2)cc1C(=O)NCCC,CHEMBL218
CHEMBL360723,CNC(=O)c1cc(-c2ccc(Cl)cc2)c(-c2ccc(Cl)cc2Cl)nc1OCC1CCCCC1,CHEMBL218
CHEMBL180394,CCCNC(=O)c1cc(-c2ccc(Cl)cc2)c(-c2ccc(Cl)cc2Cl)nc1OCC1CCCCC1,CHEMBL218
CHEMBL359500,CCCNC(=O)c1cc(-c2ccc(Cl)cc2)c(-c2ccc(Cl)cc2Cl)nc1Cl,CHEMBL218
CHEMBL178243,CCCCCCNC(=O)c1cc(-c2ccc(Cl)cc2)c(-c2ccc(Cl)cc2Cl)nc1Cl,CHEMBL218
CHEMBL360711,CCCCCCNC(=O)c1cnc(-c2ccc(Cl)cc2Cl)c(-c2ccc(Cl)cc2)c1,CHEMBL218
CHEMBL362650,O=C(NC1CCCCC1)c1cnc(-c2ccc(Cl)cc2Cl)c(-c2ccc(Cl)cc2)c1,CHEMBL218
CHEMBL362822,COc1ccc(S(=O)(=O)c2cc(OC)ccc2S(=O)(=O)c2ccc([C@H](C)NC(=O)c3ccc(Cl)c(Cl)c3)cc2)cc1,CHEMBL218
CHEMBL362480,COc1ccc(S(=O)(=O)c2cc(OC)ccc2S(=O)(=O)c2ccc([C@H](C)NS(=O)(=O)c3ccc(Cl)c(Cl)c3)cc2)cc1,CHEMBL218
CHEMBL181675,COc1ccc(S(=O)(=O)c2cc(OC)ccc2S(=O)(=O)c2ccc([C@H](C)NS(=O)(=O)Cc3ccccc3)cc2)cc1,CHEMBL218
CHEMBL111,Cc1c(C(=O)NN2CCCCC2)nn(-c2ccc(Cl)cc2Cl)c1-c1ccc(Cl)cc1,CHEMBL218
CHEMBL181088,N#Cc1cc(-c2ccccc2)c(-c2ccc(Cl)cc2)nc1OCc1ccccc1,CHEMBL218
CHEMBL361119,N#Cc1cc(-c2ccc(Cl)cc2)c(-c2ccc(Cl)cc2Cl)nc1OCc1ccccc1,CHEMBL218
CHEMBL361119,N#Cc1cc(-c2ccc(Cl)cc2)c(-c2ccc(Cl)cc2Cl)nc1OCc1ccccc1,CHEMBL218
CHEMBL425527,N#Cc1cc(-c2ccc(Cl)cc2)c(-c2ccc(Cl)cc2Cl)nc1OCc1ccc(F)cc1,CHEMBL218
CHEMBL15848,CCCCC/C=C\C/C=C\C/C=C\C/C=C\CCCC(=O)NCCO,CHEMBL218
CHEMBL189676,CCc1c(C(=O)NN2CCCCC2)nn(-c2ccc(Cl)cc2Cl)c1-c1ccc(Br)cc1,CHEMBL218
CHEMBL111,Cc1c(C(=O)NN2CCCCC2)nn(-c2ccc(Cl)cc2Cl)c1-c1ccc(Cl)cc1,CHEMBL218
CHEMBL334533,CCCCCCC(C)(C)c1cc(O)c2c(c1)OC(C)(C)[C@H]1CC=C(CO)C[C@H]21,CHEMBL218
CHEMBL111,Cc1c(C(=O)NN2CCCCC2)nn(-c2ccc(Cl)cc2Cl)c1-c1ccc(Cl)cc1,CHEMBL218
CHEMBL111,Cc1c(C(=O)NN2CCCCC2)nn(-c2ccc(Cl)cc2Cl)c1-c1ccc(Cl)cc1,CHEMBL218
CHEMBL412262,CN/C(=N\S(=O)(=O)c1ccc(Cl)cc1)N1C[C@H](c2ccccc2)C(c2ccc(Cl)cc2)=N1,CHEMBL218
CHEMBL412262,CN/C(=N\S(=O)(=O)c1ccc(Cl)cc1)N1C[C@H](c2ccccc2)C(c2ccc(Cl)cc2)=N1,CHEMBL218
CHEMBL372650,C/N=C(\NS(=O)(=O)N(C)C)N1CC(c2ccccc2)C(c2ccc(Cl)cc2)=N1,CHEMBL218
CHEMBL372650,C/N=C(\NS(=O)(=O)N(C)C)N1CC(c2ccccc2)C(c2ccc(Cl)cc2)=N1,CHEMBL218
CHEMBL195050,CCN(CC)S(=O)(=O)N/C(=N\C)N1CC(c2ccccc2)C(c2ccc(Cl)cc2)=N1,CHEMBL218
CHEMBL195050,CCN(CC)S(=O)(=O)N/C(=N\C)N1CC(c2ccccc2)C(c2ccc(Cl)cc2)=N1,CHEMBL218
CHEMBL371829,C/N=C(\NS(=O)(=O)N(C)C(C)C)N1CC(c2ccccc2)C(c2ccc(Cl)cc2)=N1,CHEMBL218
CHEMBL371829,C/N=C(\NS(=O)(=O)N(C)C(C)C)N1CC(c2ccccc2)C(c2ccc(Cl)cc2)=N1,CHEMBL218
CHEMBL364300,CCN(C)S(=O)(=O)N/C(=N\C)N1CC(c2ccccc2)C(c2ccc(Cl)cc2)=N1,CHEMBL218
CHEMBL364300,CCN(C)S(=O)(=O)N/C(=N\C)N1CC(c2ccccc2)C(c2ccc(Cl)cc2)=N1,CHEMBL218
CHEMBL196989,C/N=C(\NS(=O)(=O)N1CCCC1)N1CC(c2ccccc2)C(c2ccc(Cl)cc2)=N1,CHEMBL218
CHEMBL196989,C/N=C(\NS(=O)(=O)N1CCCC1)N1CC(c2ccccc2)C(c2ccc(Cl)cc2)=N1,CHEMBL218
CHEMBL197040,C/N=C(\NS(=O)(=O)N1CCCCCC1)N1CC(c2ccccc2)C(c2ccc(Cl)cc2)=N1,CHEMBL218
CHEMBL197040,C/N=C(\NS(=O)(=O)N1CCCCCC1)N1CC(c2ccccc2)C(c2ccc(Cl)cc2)=N1,CHEMBL218
CHEMBL197099,C/N=C(\NS(=O)(=O)N1CCCCCCC1)N1CC(c2ccccc2)C(c2ccc(Cl)cc2)=N1,CHEMBL218
CHEMBL197099,C/N=C(\NS(=O)(=O)N1CCCCCCC1)N1CC(c2ccccc2)C(c2ccc(Cl)cc2)=N1,CHEMBL218
CHEMBL383580,C/N=C(\NS(=O)(=O)N1CCSCC1)N1CC(c2ccccc2)C(c2ccc(Cl)cc2)=N1,CHEMBL218
CHEMBL383580,C/N=C(\NS(=O)(=O)N1CCSCC1)N1CC(c2ccccc2)C(c2ccc(Cl)cc2)=N1,CHEMBL218
CHEMBL196048,CCN(CC)S(=O)(=O)N/C(=N\C)N1CC(c2cccnc2)C(c2ccc(Cl)cc2)=N1,CHEMBL218
CHEMBL196048,CCN(CC)S(=O)(=O)N/C(=N\C)N1CC(c2cccnc2)C(c2ccc(Cl)cc2)=N1,CHEMBL218
CHEMBL194566,CCN(CC)S(=O)(=O)N/C(=N\C(C)C)N1CC(c2ccccc2)C(c2ccc(Cl)cc2)=N1,CHEMBL218
CHEMBL194566,CCN(CC)S(=O)(=O)N/C(=N\C(C)C)N1CC(c2ccccc2)C(c2ccc(Cl)cc2)=N1,CHEMBL218
CHEMBL372697,CC/N=C(\NS(=O)(=O)N(CC)CC)N1CC(c2ccccc2)C(c2ccc(Cl)cc2)=N1,CHEMBL218
CHEMBL372697,CC/N=C(\NS(=O)(=O)N(CC)CC)N1CC(c2ccccc2)C(c2ccc(Cl)cc2)=N1,CHEMBL218
CHEMBL195958,CN/C(=N\S(=O)(=O)N1CCCCC1)N1CC(c2ccccc2)C(c2ccc(Cl)cc2)=N1,CHEMBL218
CHEMBL195958,CN/C(=N\S(=O)(=O)N1CCCCC1)N1CC(c2ccccc2)C(c2ccc(Cl)cc2)=N1,CHEMBL218
CHEMBL194351,C/N=C(\NS(=O)(=O)N1CCOCC1)N1CC(c2ccccc2)C(c2ccc(Cl)cc2)=N1,CHEMBL218
CHEMBL194351,C/N=C(\NS(=O)(=O)N1CCOCC1)N1CC(c2ccccc2)C(c2ccc(Cl)cc2)=N1,CHEMBL218
CHEMBL425912,C/N=C(\NS(=O)(=O)N1CCS(=O)(=O)CC1)N1CC(c2ccccc2)C(c2ccc(Cl)cc2)=N1,CHEMBL218
CHEMBL1081285,CN/C(=N\S(=O)(=O)N1CCCCC1)N1C[C@H](c2ccccc2)C(c2ccc(Cl)cc2)=N1,CHEMBL218
CHEMBL1081285,CN/C(=N\S(=O)(=O)N1CCCCC1)N1C[C@H](c2ccccc2)C(c2ccc(Cl)cc2)=N1,CHEMBL218
CHEMBL1788275,CN/C(=N\S(=O)(=O)N1CCCCC1)N1C[C@@H](c2ccccc2)C(c2ccc(Cl)cc2)=N1,CHEMBL218
CHEMBL200049,CCCCC/C=C\C/C=C\C/C=C\C/C=C\CCCC(=O)N1CCN(c2ccc(F)cc2)CC1,CHEMBL218
CHEMBL197601,CCCCC/C=C\C/C=C\C/C=C\C/C=C\CCCC(=O)NCc1ccc(OC)cc1OC,CHEMBL218
CHEMBL559612,CCCCCCC(C)(C)c1ccc([C@@H]2C[C@H](O)CC[C@H]2CCCO)c(O)c1,CHEMBL218
CHEMBL188,Cc1c(C(=O)c2cccc3ccccc23)c2cccc3c2n1[C@H](CN1CCOCC1)CO3,CHEMBL218
CHEMBL15848,CCCCC/C=C\C/C=C\C/C=C\C/C=C\CCCC(=O)NCCO,CHEMBL218
CHEMBL199873,CCCCC/C=C\C/C=C\C/C=C\C/C=C\CCCC(=O)Nc1ccc(N2CCOCC2)cc1,CHEMBL218
CHEMBL200049,CCCCC/C=C\C/C=C\C/C=C\C/C=C\CCCC(=O)N1CCN(c2ccc(F)cc2)CC1,CHEMBL218
CHEMBL197601,CCCCC/C=C\C/C=C\C/C=C\C/C=C\CCCC(=O)NCc1ccc(OC)cc1OC,CHEMBL218
CHEMBL199873,CCCCC/C=C\C/C=C\C/C=C\C/C=C\CCCC(=O)Nc1ccc(N2CCOCC2)cc1,CHEMBL218
CHEMBL199702,CCCCCCCC/C=C\CCCCCCCC(=O)NCCc1ccc(OC)cc1,CHEMBL218
CHEMBL111,Cc1c(C(=O)NN2CCCCC2)nn(-c2ccc(Cl)cc2Cl)c1-c1ccc(Cl)cc1,CHEMBL218
CHEMBL307696,CCCCCCC(C)(C)c1cc(O)c2c(c1)OC(C)(C)[C@@H]1CC=C(CO)C[C@@H]21,CHEMBL218
CHEMBL558598,Cc1c(C(=O)NN2CCCCC2)nn(-c2ccc(Cl)cc2Cl)c1-c1ccc(Cl)cc1.Cl,CHEMBL218
CHEMBL383287,O=C1C(c2ccccc2)N(c2ccc(Br)cc2)C(=O)N1c1ccc(Br)cc1,CHEMBL218
CHEMBL380415,O=C1C(c2ccccc2)N(c2ccc(Cl)cc2)C(=O)N1c1ccc(Cl)cc1,CHEMBL218
CHEMBL307696,CCCCCCC(C)(C)c1cc(O)c2c(c1)OC(C)(C)[C@@H]1CC=C(CO)C[C@@H]21,CHEMBL218
CHEMBL558598,Cc1c(C(=O)NN2CCCCC2)nn(-c2ccc(Cl)cc2Cl)c1-c1ccc(Cl)cc1.Cl,CHEMBL218
CHEMBL383287,O=C1C(c2ccccc2)N(c2ccc(Br)cc2)C(=O)N1c1ccc(Br)cc1,CHEMBL218
CHEMBL201388,CC(=O)Nc1c(C(C)=O)c(=O)n(CC(C)C)c2nc(-c3ccc(Cl)cc3Cl)c(-c3ccc(Cl)cc3)cc12,CHEMBL218
CHEMBL204391,CC(=O)Nc1cc(=O)n(C)c2nc(-c3ccc(Cl)cc3Cl)c(-c3ccc(Cl)cc3)cc12,CHEMBL218
CHEMBL265787,CC(=O)Nc1c(C#N)c(=O)n(C)c2nc(-c3ccc(Cl)cc3Cl)c(-c3ccc(Cl)cc3)cc12,CHEMBL218
CHEMBL202013,CC(=O)Nc1c(C)c(=O)n(C)c2nc(-c3ccc(Cl)cc3Cl)c(-c3ccc(Cl)cc3)cc12,CHEMBL218
CHEMBL201102,COc1c(NC(C)=O)c2cc(-c3ccc(Cl)cc3)c(-c3ccc(Cl)cc3Cl)nc2n(C)c1=O,CHEMBL218
CHEMBL202659,CC(=O)Nc1c(N(C)C)c(=O)n(C)c2nc(-c3ccc(Cl)cc3Cl)c(-c3ccc(Cl)cc3)cc12,CHEMBL218
CHEMBL381677,CC(=O)Nc1c(C(C)C)c(=O)n(C)c2nc(-c3ccc(Cl)cc3Cl)c(-c3ccc(Cl)cc3)cc12,CHEMBL218
CHEMBL203811,CC(=O)c1c(N)c2cc(-c3ccc(Cl)cc3)c(-c3ccc(Cl)cc3Cl)nc2n(C)c1=O,CHEMBL218
CHEMBL370388,CC(=O)c1c(N(C)C)c2cc(-c3ccc(Cl)cc3)c(-c3ccc(Cl)cc3Cl)nc2n(C)c1=O,CHEMBL218
CHEMBL202202,CC(=O)c1c(C)c2cc(-c3ccc(Cl)cc3)c(-c3ccc(Cl)cc3Cl)nc2n(C)c1=O,CHEMBL218
CHEMBL202201,CC(=O)c1c(NC(=O)CO)c2cc(-c3ccc(Cl)cc3)c(-c3ccc(Cl)cc3Cl)nc2n(C)c1=O,CHEMBL218
CHEMBL201552,COCC(=O)Nc1c(C(C)=O)c(=O)n(C)c2nc(-c3ccc(Cl)cc3Cl)c(-c3ccc(Cl)cc3)cc12,CHEMBL218
CHEMBL203152,CC(=O)Nc1c(C(C)=O)c(O)nc2nc(-c3ccc(Cl)cc3Cl)c(-c3ccc(Cl)cc3)cc12,CHEMBL218
CHEMBL380483,CC(=O)Nc1c(C(C)=O)c(=O)n(CCO)c2nc(-c3ccc(Cl)cc3Cl)c(-c3ccc(Cl)cc3)cc12,CHEMBL218
CHEMBL204232,CC(=O)Nc1c(C(C)=O)c(=O)n(C)c2nc(-c3ccc(Cl)cc3Cl)c(-c3ccc(Cl)cc3)cc12,CHEMBL218
CHEMBL202064,CC(=O)Nc1c(C(C)=O)c(=O)n(CC2CCCO2)c2nc(-c3ccc(Cl)cc3Cl)c(-c3ccc(Cl)cc3)cc12,CHEMBL218
CHEMBL371252,COCCn1c(=O)c(C(C)=O)c(NC(C)=O)c2cc(-c3ccc(Cl)cc3)c(-c3ccc(Cl)cc3Cl)nc21,CHEMBL218
CHEMBL202169,CC(=O)Nc1c(C(C)=O)c(=O)n(Cc2ccccc2)c2nc(-c3ccc(Cl)cc3Cl)c(-c3ccc(Cl)cc3)cc12,CHEMBL218
CHEMBL111,Cc1c(C(=O)NN2CCCCC2)nn(-c2ccc(Cl)cc2Cl)c1-c1ccc(Cl)cc1,CHEMBL218
CHEMBL111,Cc1c(C(=O)NN2CCCCC2)nn(-c2ccc(Cl)cc2Cl)c1-c1ccc(Cl)cc1,CHEMBL218
CHEMBL201520,O=C1C2N=C(c3ccccc3Cl)N(c3ccc(Cl)cc3)C2N=CN1CC(F)(F)F,CHEMBL218
CHEMBL381858,O=c1c2nn(-c3ccccc3Cl)c(-c3ccc(Cl)cc3)c2cnn1CC(F)(F)F,CHEMBL218
CHEMBL379246,O=c1c2nn(-c3ccccc3Cl)c(-c3ccc(Cl)cc3)c2ccn1CC(F)(F)F,CHEMBL218
CHEMBL201582,CC(C)c1nc2c(-c3ccc(Cl)cc3)n(-c3ccccc3Cl)nc2c(=O)n1CC(F)(F)F,CHEMBL218
CHEMBL425762,CCc1nc2c(-c3ccc(Cl)cc3)n(-c3ccccc3Cl)nc2c(=O)n1CC(F)(F)F,CHEMBL218
CHEMBL201602,Cc1nc2c(-c3ccc(Cl)cc3)n(-c3ccccc3Cl)nc2c(=O)n1CC(F)(F)F,CHEMBL218
CHEMBL380937,O=c1c2nn(-c3ccc(Cl)cc3)c(-c3ccccc3Cl)c2ncn1CC(F)(F)F,CHEMBL218
CHEMBL201929,O=c1c2nn(-c3ccc(Cl)cc3)c(-c3ccccc3Cl)c2ncn1C1CCCCC1,CHEMBL218
CHEMBL202583,O=c1c2nn(-c3ccccc3Cl)c(-c3ccc(Cl)cc3)c2ncn1CCF,CHEMBL218
CHEMBL201565,O=c1c2nn(-c3ccccc3Cl)c(-c3ccc(Cl)cc3)c2ncn1CC(F)F,CHEMBL218
CHEMBL204339,O=c1c2nn(-c3ccccc3Cl)c(-c3ccc(Cl)cc3)c2ncn1CCC(F)(F)F,CHEMBL218
CHEMBL425047,CC(F)(F)Cn1cnc2c(-c3ccc(Cl)cc3)n(-c3ccccc3Cl)nc2c1=O,CHEMBL218
CHEMBL204188,O=c1c2nn(-c3ccccc3Cl)c(-c3ccc(Cl)cc3)c2ncn1CC(F)(F)F,CHEMBL218
CHEMBL379667,O=c1c2nn(-c3ccccc3Cl)c(-c3ccc(Cl)cc3)c2ncn1Cc1ccccc1,CHEMBL218
CHEMBL203925,CCCn1cnc2c(-c3ccc(Cl)cc3)n(-c3ccccc3Cl)nc2c1=O,CHEMBL218
CHEMBL202419,CCn1cnc2c(-c3ccc(Cl)cc3)n(-c3ccccc3Cl)nc2c1=O,CHEMBL218
CHEMBL201862,CC(C)n1cnc2c(-c3ccc(Cl)cc3)n(-c3ccccc3Cl)nc2c1=O,CHEMBL218
CHEMBL201924,CCC(CC)n1cnc2c(-c3ccc(Cl)cc3)n(-c3ccccc3Cl)nc2c1=O,CHEMBL218
CHEMBL201923,O=c1c2nn(-c3ccccc3Cl)c(-c3ccc(Cl)cc3)c2ncn1N1CCCCC1,CHEMBL218
CHEMBL370560,O=c1c2nn(-c3ccccc3Cl)c(-c3ccc(Cl)cc3)c2ncn1C1CCCCC1,CHEMBL218
CHEMBL201520,O=C1C2N=C(c3ccccc3Cl)N(c3ccc(Cl)cc3)C2N=CN1CC(F)(F)F,CHEMBL218
CHEMBL381858,O=c1c2nn(-c3ccccc3Cl)c(-c3ccc(Cl)cc3)c2cnn1CC(F)(F)F,CHEMBL218
CHEMBL379246,O=c1c2nn(-c3ccccc3Cl)c(-c3ccc(Cl)cc3)c2ccn1CC(F)(F)F,CHEMBL218
CHEMBL201582,CC(C)c1nc2c(-c3ccc(Cl)cc3)n(-c3ccccc3Cl)nc2c(=O)n1CC(F)(F)F,CHEMBL218
CHEMBL425762,CCc1nc2c(-c3ccc(Cl)cc3)n(-c3ccccc3Cl)nc2c(=O)n1CC(F)(F)F,CHEMBL218
CHEMBL201602,Cc1nc2c(-c3ccc(Cl)cc3)n(-c3ccccc3Cl)nc2c(=O)n1CC(F)(F)F,CHEMBL218
CHEMBL202583,O=c1c2nn(-c3ccccc3Cl)c(-c3ccc(Cl)cc3)c2ncn1CCF,CHEMBL218
CHEMBL201565,O=c1c2nn(-c3ccccc3Cl)c(-c3ccc(Cl)cc3)c2ncn1CC(F)F,CHEMBL218
CHEMBL204339,O=c1c2nn(-c3ccccc3Cl)c(-c3ccc(Cl)cc3)c2ncn1CCC(F)(F)F,CHEMBL218
CHEMBL425047,CC(F)(F)Cn1cnc2c(-c3ccc(Cl)cc3)n(-c3ccccc3Cl)nc2c1=O,CHEMBL218
CHEMBL204188,O=c1c2nn(-c3ccccc3Cl)c(-c3ccc(Cl)cc3)c2ncn1CC(F)(F)F,CHEMBL218
CHEMBL379667,O=c1c2nn(-c3ccccc3Cl)c(-c3ccc(Cl)cc3)c2ncn1Cc1ccccc1,CHEMBL218
CHEMBL203925,CCCn1cnc2c(-c3ccc(Cl)cc3)n(-c3ccccc3Cl)nc2c1=O,CHEMBL218
CHEMBL202419,CCn1cnc2c(-c3ccc(Cl)cc3)n(-c3ccccc3Cl)nc2c1=O,CHEMBL218
CHEMBL201923,O=c1c2nn(-c3ccccc3Cl)c(-c3ccc(Cl)cc3)c2ncn1N1CCCCC1,CHEMBL218
CHEMBL15848,CCCCC/C=C\C/C=C\C/C=C\C/C=C\CCCC(=O)NCCO,CHEMBL218
CHEMBL15848,CCCCC/C=C\C/C=C\C/C=C\C/C=C\CCCC(=O)NCCO,CHEMBL218
CHEMBL111,Cc1c(C(=O)NN2CCCCC2)nn(-c2ccc(Cl)cc2Cl)c1-c1ccc(Cl)cc1,CHEMBL218
CHEMBL111,Cc1c(C(=O)NN2CCCCC2)nn(-c2ccc(Cl)cc2Cl)c1-c1ccc(Cl)cc1,CHEMBL218
CHEMBL111,Cc1c(C(=O)NN2CCCCC2)nn(-c2ccc(Cl)cc2Cl)c1-c1ccc(Cl)cc1,CHEMBL218
CHEMBL385964,Cc1c(/C=C/N2CCCCC2)nn(-c2ccc(Cl)cc2Cl)c1-c1ccc(Cl)cc1,CHEMBL218
CHEMBL385768,Cc1c(/C=N/N2CCCCC2)nn(-c2ccc(Cl)cc2Cl)c1-c1ccc(Cl)cc1,CHEMBL218
CHEMBL15478,Cc1c(C(=O)N(C)C2CCCCC2)nn(-c2ccc(Cl)cc2Cl)c1-c1ccc(Cl)cc1,CHEMBL218
CHEMBL15874,Cc1c(C(=O)NC2CCCCC2)nn(-c2ccc(Cl)cc2Cl)c1-c1ccc(Cl)cc1,CHEMBL218
CHEMBL386832,Cc1c(/C=C/C2CCCCC2)nn(-c2ccc(Cl)cc2Cl)c1-c1ccc(Cl)cc1,CHEMBL218
CHEMBL385964,Cc1c(/C=C/N2CCCCC2)nn(-c2ccc(Cl)cc2Cl)c1-c1ccc(Cl)cc1,CHEMBL218
CHEMBL385768,Cc1c(/C=N/N2CCCCC2)nn(-c2ccc(Cl)cc2Cl)c1-c1ccc(Cl)cc1,CHEMBL218
CHEMBL15478,Cc1c(C(=O)N(C)C2CCCCC2)nn(-c2ccc(Cl)cc2Cl)c1-c1ccc(Cl)cc1,CHEMBL218
CHEMBL15874,Cc1c(C(=O)NC2CCCCC2)nn(-c2ccc(Cl)cc2Cl)c1-c1ccc(Cl)cc1,CHEMBL218
CHEMBL386832,Cc1c(/C=C/C2CCCCC2)nn(-c2ccc(Cl)cc2Cl)c1-c1ccc(Cl)cc1,CHEMBL218
CHEMBL386832,Cc1c(/C=C/C2CCCCC2)nn(-c2ccc(Cl)cc2Cl)c1-c1ccc(Cl)cc1,CHEMBL218
CHEMBL385964,Cc1c(/C=C/N2CCCCC2)nn(-c2ccc(Cl)cc2Cl)c1-c1ccc(Cl)cc1,CHEMBL218
CHEMBL15478,Cc1c(C(=O)N(C)C2CCCCC2)nn(-c2ccc(Cl)cc2Cl)c1-c1ccc(Cl)cc1,CHEMBL218
CHEMBL15874,Cc1c(C(=O)NC2CCCCC2)nn(-c2ccc(Cl)cc2Cl)c1-c1ccc(Cl)cc1,CHEMBL218
CHEMBL385768,Cc1c(/C=N/N2CCCCC2)nn(-c2ccc(Cl)cc2Cl)c1-c1ccc(Cl)cc1,CHEMBL218
CHEMBL374291,CC(NC(=O)C(C)(C)Oc1ccc(Cl)cc1)C(Cc1ccc(Cl)cc1)c1ccc(Cl)cc1,CHEMBL218
CHEMBL220360,C[C@H](NC(=O)C(C)(C)Oc1ccc(C(F)(F)F)cn1)[C@@H](Cc1ccc(Cl)cc1)c1cccc(C#N)c1,CHEMBL218
CHEMBL373626,C[C@H](NC(=O)C(C)(C)Oc1ccc(C(F)(F)F)cn1)[C@@H](Cc1ccc(Cl)cc1)c1ccccc1,CHEMBL218
CHEMBL387027,C[C@H](NC(=O)C(C)(C)Oc1ccc(Cl)cn1)[C@@H](Cc1ccc(Cl)cc1)c1ccccc1,CHEMBL218
CHEMBL2113258,C[C@H](NC(=O)C(C)(C)Oc1ccncc1)[C@H](Cc1ccc(Cl)cc1)c1ccccc1,CHEMBL218
CHEMBL2113257,C[C@H](NC(=O)C(C)(C)Oc1cccnc1)[C@@H](Cc1ccc(Cl)cc1)c1ccccc1,CHEMBL218
CHEMBL374791,C[C@H](NC(=O)C(C)(C)Oc1ccccn1)[C@@H](Cc1ccc(Cl)cc1)c1ccccc1,CHEMBL218
CHEMBL219480,C[C@H](NC(=O)C(C)(C)Oc1cc(F)cc(F)c1)[C@@H](Cc1ccc(Cl)cc1)c1ccccc1,CHEMBL218
CHEMBL385767,C[C@H](NC(=O)C(C)(C)Oc1cccc(F)c1)[C@@H](Cc1ccc(Cl)cc1)c1ccccc1,CHEMBL218
CHEMBL217862,C[C@H](NC(=O)C(C)(C)Oc1ccccc1)[C@@H](Cc1ccc(Cl)cc1)c1ccccc1,CHEMBL218
CHEMBL2113256,C[C@H](NC(=O)C(C)(C)Oc1ccccc1Cl)[C@@H](Cc1ccc(Cl)cc1)c1ccccc1,CHEMBL218
CHEMBL385033,C[C@H](NC(=O)C(C)(C)Oc1cccc(Cl)c1)[C@@H](Cc1ccc(Cl)cc1)c1ccccc1,CHEMBL218
CHEMBL412262,CN/C(=N\S(=O)(=O)c1ccc(Cl)cc1)N1C[C@H](c2ccccc2)C(c2ccc(Cl)cc2)=N1,CHEMBL218
CHEMBL111,Cc1c(C(=O)NN2CCCCC2)nn(-c2ccc(Cl)cc2Cl)c1-c1ccc(Cl)cc1,CHEMBL218
CHEMBL2096841,C[C@@H](NC(=O)C(C)(C)Oc1ccc(Cl)cc1)[C@H](Cc1ccc(Cl)cc1)c1ccccc1,CHEMBL218
CHEMBL218649,C[C@H](NC(=O)C(C)(C)Oc1ccc(Cl)cc1)[C@@H](Cc1ccc(Cl)cc1)c1ccccc1,CHEMBL218
CHEMBL2113255,C[C@H](NC(=O)C(C)(C)Oc1ccc(Cl)cc1)[C@@H](Cc1ccccc1)c1ccccc1,CHEMBL218
CHEMBL2113254,C[C@H](NC(=O)C(C)(C)Oc1ccc(Cl)cc1)[C@@H](Cc1ccc(F)cc1)c1ccccc1,CHEMBL218
CHEMBL2113253,C[C@H](NC(=O)C(C)(C)Oc1ccc(Cl)cc1)[C@@H](Cc1ccc(C(F)(F)F)cc1)c1ccccc1,CHEMBL218
CHEMBL2113252,C[C@H](NC(=O)C(C)(C)Oc1ccc(Cl)cc1)[C@@H](Cc1ccccc1Cl)c1ccccc1,CHEMBL218
CHEMBL219188,CC(NC(=O)C(C)(C)Oc1ccc(Cl)cc1)C(Cc1ccc(Cl)cc1)c1ccccc1,CHEMBL218
CHEMBL2113251,C[C@H](NC(=O)C(C)(C)Oc1ccc(Cl)cc1)[C@@H](Cc1ccc(Cl)cc1)c1ccccc1F,CHEMBL218
CHEMBL2113250,C[C@H](NC(=O)C(C)(C)Oc1ccc(Cl)cc1)[C@@H](Cc1ccc(Cl)cc1)c1cccc(F)c1,CHEMBL218
CHEMBL2113249,C[C@H](NC(=O)C(C)(C)Oc1ccc(Cl)cc1)[C@@H](Cc1ccc(Cl)cc1)c1ccc(F)cc1,CHEMBL218
CHEMBL2096840,C[C@@H](NC(=O)C(C)(C)Oc1ccc(Cl)cc1)[C@H](Cc1ccc(Cl)cc1)c1ccc(Cl)cc1,CHEMBL218
CHEMBL427236,C[C@H](NC(=O)C(C)(C)Oc1ccc(Cl)cc1)[C@@H](Cc1ccc(Cl)cc1)c1ccc(Cl)cc1,CHEMBL218
CHEMBL220360,C[C@H](NC(=O)C(C)(C)Oc1ccc(C(F)(F)F)cn1)[C@@H](Cc1ccc(Cl)cc1)c1cccc(C#N)c1,CHEMBL218
CHEMBL188,Cc1c(C(=O)c2cccc3ccccc23)c2cccc3c2n1[C@H](CN1CCOCC1)CO3,CHEMBL218
CHEMBL15848,CCCCC/C=C\C/C=C\C/C=C\C/C=C\CCCC(=O)NCCO,CHEMBL218
CHEMBL426923,CCCCCCc1ccc(O)cc1OCCCCCCCCCCC(=O)NC1CC1,CHEMBL218
CHEMBL223991,CCCCCCc1ccc(OCCCCCC(=O)NC2CC2)cc1O,CHEMBL218
CHEMBL225506,CCCCCc1cc(O)cc(OCCCCCCCCCCC(=O)NC2CC2)c1,CHEMBL218
CHEMBL334533,CCCCCCC(C)(C)c1cc(O)c2c(c1)OC(C)(C)[C@H]1CC=C(CO)C[C@H]21,CHEMBL218
CHEMBL111,Cc1c(C(=O)NN2CCCCC2)nn(-c2ccc(Cl)cc2Cl)c1-c1ccc(Cl)cc1,CHEMBL218
CHEMBL334533,CCCCCCC(C)(C)c1cc(O)c2c(c1)OC(C)(C)[C@H]1CC=C(CO)C[C@H]21,CHEMBL218
CHEMBL111,Cc1c(C(=O)NN2CCCCC2)nn(-c2ccc(Cl)cc2Cl)c1-c1ccc(Cl)cc1,CHEMBL218
CHEMBL122972,CCCCC/C=C\C/C=C\C/C=C\C/C=C\CCCC(=O)OC(CO)CO,CHEMBL218
CHEMBL111,Cc1c(C(=O)NN2CCCCC2)nn(-c2ccc(Cl)cc2Cl)c1-c1ccc(Cl)cc1,CHEMBL218
CHEMBL376828,O=C(Nc1ccccc1)c1cnc(-c2ccc(Cl)cc2)c(-c2ccc(Cl)cc2)n1,CHEMBL218
CHEMBL225243,COc1ccc(-c2ncc(C(=O)Nc3ccccc3)nc2-c2ccc(OC)cc2)cc1,CHEMBL218
CHEMBL227841,O=C(NC1CCCCC1)c1cnc(-c2ccc(Cl)cc2)c(-c2ccc(Cl)cc2)n1,CHEMBL218
CHEMBL227840,COc1ccc(-c2ncc(C(=O)NC3CCCCC3)nc2-c2ccc(OC)cc2)cc1,CHEMBL218
CHEMBL375960,Cc1ccc(-c2ncc(C(=O)NC3CCCCC3)nc2-c2ccc(C)cc2)cc1,CHEMBL218
CHEMBL227792,O=C(NC1CCCCC1)c1cnc(-c2ccc(Br)cc2)c(-c2ccc(Br)cc2)n1,CHEMBL218
CHEMBL227791,O=C(NN1CCCCC1)c1cnc(-c2ccccc2Cl)c(-c2ccccc2Cl)n1,CHEMBL218
CHEMBL390146,O=C(NN1CCCCC1)c1cnc(-c2ccc(Cl)cc2)c(-c2ccc(Cl)cc2)n1,CHEMBL218
CHEMBL226273,COc1ccc(-c2ncc(C(=O)NN3CCCCC3)nc2-c2ccc(OC)cc2)cc1,CHEMBL218
CHEMBL226223,Cc1ccc(-c2ncc(C(=O)NN3CCCCC3)nc2-c2ccc(C)cc2)cc1,CHEMBL218
CHEMBL226222,O=C(NN1CCCCC1)c1cnc(-c2ccc(Br)cc2)c(-c2ccc(Br)cc2)n1,CHEMBL218
CHEMBL226111,O=C(NN1CCCCC1)c1cnc(-c2ccc(Cl)cc2Cl)c(-c2ccc(Cl)cc2)n1,CHEMBL218
CHEMBL226110,O=C(NN1CCCCC1)c1cnc(-c2ccc(Cl)cc2)c(-c2ccc(Cl)cc2Cl)n1,CHEMBL218
CHEMBL228346,CCCCCc1cc(O)cc(OCCCCCCCC(=O)NCCO)c1,CHEMBL218
CHEMBL15848,CCCCC/C=C\C/C=C\C/C=C\C/C=C\CCCC(=O)NCCO,CHEMBL218
CHEMBL229872,CCCCCc1ccc(OCCCCCCCCCCC(=O)NC2CC2)cc1O,CHEMBL218
CHEMBL228510,CCCCCCc1ccc(OCCCCCCCC(=O)NC2CC2)cc1O,CHEMBL218
CHEMBL228509,CCCCCCc1ccc(OCCCCCCCC(=O)NCCO)cc1O,CHEMBL218
CHEMBL374369,CCCCCCc1c(O)cccc1OCCCCCCCCCCCC(=O)NC1CC1,CHEMBL218
CHEMBL228508,CCCCCCc1c(O)cccc1OCCCCCCCCCCCC(=O)NCCO,CHEMBL218
CHEMBL228456,CCCCCCc1c(O)cccc1OCCCCCCCC(=O)NC1CC1,CHEMBL218
CHEMBL228455,CCCCCCc1c(O)cccc1OCCCCCCCC(=O)NCCO,CHEMBL218
CHEMBL228404,CCCCCc1cc(O)cc(OCCCCCCCCCCCC(=O)NCCO)c1,CHEMBL218
CHEMBL228347,CCCCCc1cc(O)cc(OCCCCCCCC(=O)NC2CC2)c1,CHEMBL218
CHEMBL188,Cc1c(C(=O)c2cccc3ccccc23)c2cccc3c2n1[C@H](CN1CCOCC1)CO3,CHEMBL218
CHEMBL230356,Cc1c2c(n(-c3ccc(Cl)cc3Cl)c1-c1ccc(Cl)cc1)CCN(N1CCCCC1)C2=O,CHEMBL218
CHEMBL390000,COc1ccc(-c2c(C)c3c(n2-c2ccccc2C)CCN(N2CCCCC2)C3=O)cc1,CHEMBL218
CHEMBL231202,COc1ccc(-c2c(C)c3c(n2-c2ccccc2Cl)CCN(N2CCCCC2)C3=O)cc1,CHEMBL218
CHEMBL231201,Cc1c2c(n(-c3ccccc3Cl)c1-c1ccc(Cl)cc1)CCN(N1CCCCC1)C2=O,CHEMBL218
CHEMBL231098,Cc1ccccc1-n1c2c(c(C)c1-c1ccc(F)cc1)C(=O)N(C1CCCCC1)CC2,CHEMBL218
CHEMBL387609,Cc1ccccc1-n1c2c(c(C)c1-c1ccc(C(F)(F)F)cc1)C(=O)N(C1CCCCC1)CC2,CHEMBL218
CHEMBL231097,COc1ccc(-c2c(C)c3c(n2-c2ccccc2C)CCN(C2CCCCC2)C3=O)cc1,CHEMBL218
CHEMBL231096,COc1ccc(-c2c(C)c3c(n2-c2ccccc2Cl)CCN(C2CCCCC2)C3=O)cc1,CHEMBL218
CHEMBL389539,Cc1c2c(n(-c3c(Cl)cccc3Cl)c1-c1ccc(Cl)cc1)CCN(C1CCCCC1)C2=O,CHEMBL218
CHEMBL230992,Cc1c2c(n(-c3ccccc3Cl)c1-c1ccc(Cl)cc1)CCN(C1CCCCC1)C2=O,CHEMBL218
CHEMBL230991,Cc1cn(-c2ccc(Cl)cc2Cl)c2c1C(=O)N(C1CCCCC1)CC2,CHEMBL218
CHEMBL230890,Cc1c2c(n(-c3ccc(Cl)cc3Cl)c1-c1cc3ccccc3s1)CCN(C1CCCCC1)C2=O,CHEMBL218
CHEMBL387577,Cc1c2c(n(-c3ccc(Cl)cc3Cl)c1-c1ccco1)CCN(C1CCCCC1)C2=O,CHEMBL218
CHEMBL230889,Cc1c2c(n(-c3ccc(Cl)cc3Cl)c1-c1cccs1)CCN(C1CCCCC1)C2=O,CHEMBL218
CHEMBL230888,Cc1c2c(n(-c3ccc(Cl)cc3Cl)c1-c1ccsc1)CCN(C1CCCCC1)C2=O,CHEMBL218
CHEMBL390846,Cc1c2c(n(-c3ccc(Cl)cc3Cl)c1-c1cccc(C(F)(F)F)c1)CCN(C1CCCCC1)C2=O,CHEMBL218
CHEMBL230783,Cc1c2c(n(-c3ccc(Cl)cc3Cl)c1-c1ccc3c(c1)OCO3)CCN(C1CCCCC1)C2=O,CHEMBL218
CHEMBL230782,COc1ccc(-c2c(C)c3c(n2-c2ccc(Cl)cc2Cl)CCN(C2CCCCC2)C3=O)cc1OC,CHEMBL218
CHEMBL230678,COc1cccc(-c2c(C)c3c(n2-c2ccc(Cl)cc2Cl)CCN(C2CCCCC2)C3=O)c1,CHEMBL218
CHEMBL387783,Cc1cccc(-c2c(C)c3c(n2-c2ccc(Cl)cc2Cl)CCN(C2CCCCC2)C3=O)c1,CHEMBL218
CHEMBL387782,C=Cc1ccc(-c2c(C)c3c(n2-c2ccc(Cl)cc2Cl)CCN(C2CCCCC2)C3=O)cc1,CHEMBL218
CHEMBL230572,COc1ccc(-c2c(C)c3c(n2-c2ccc(Cl)cc2Cl)CCN(C2CCCCC2)C3=O)cc1,CHEMBL218
CHEMBL230571,Cc1c2c(n(-c3ccc(Cl)cc3Cl)c1-c1ccc(C(F)(F)F)cc1)CCN(C1CCCCC1)C2=O,CHEMBL218
CHEMBL230466,Cc1ccc(-c2c(C)c3c(n2-c2ccc(Cl)cc2Cl)CCN(C2CCCCC2)C3=O)cc1,CHEMBL218
CHEMBL396799,Cc1c2c(n(-c3ccc(Cl)cc3Cl)c1-c1ccc(F)cc1)CCN(C1CCCCC1)C2=O,CHEMBL218
CHEMBL230465,Cc1c2c(n(-c3ccc(Cl)cc3Cl)c1-c1ccccc1)CCN(C1CCCCC1)C2=O,CHEMBL218
CHEMBL396798,Cc1c2c(n(-c3ccc(Cl)cc3Cl)c1-c1ccc(Cl)cc1)CCN(C1CCCCC1)C2=O,CHEMBL218
CHEMBL111,Cc1c(C(=O)NN2CCCCC2)nn(-c2ccc(Cl)cc2Cl)c1-c1ccc(Cl)cc1,CHEMBL218
CHEMBL230294,C[C@H](NC(=O)Cc1ccccc1)[C@@H](Cc1ccc(Cl)cc1)c1cccc(C#N)c1,CHEMBL218
CHEMBL231240,C[C@H](NS(=O)(=O)Cc1ccc(Cl)cc1)[C@@H](Cc1ccc(Cl)cc1)c1cccc(C#N)c1,CHEMBL218
CHEMBL389774,C[C@H](NS(=O)(=O)Cc1cccc(Cl)c1)[C@@H](Cc1ccc(Cl)cc1)c1cccc(C#N)c1,CHEMBL218
CHEMBL230189,C[C@H](NC(=O)c1c(Cl)cccc1Cl)[C@@H](Cc1ccc(Cl)cc1)c1cccc(C#N)c1,CHEMBL218
CHEMBL231034,C[C@H](NS(=O)(=O)Cc1ccccc1Cl)[C@@H](Cc1ccc(Cl)cc1)c1cccc(C#N)c1,CHEMBL218
CHEMBL230073,C[C@H](NC(=O)c1cc(Cl)cc(Cl)c1)[C@@H](Cc1ccc(Cl)cc1)c1cccc(C#N)c1,CHEMBL218
CHEMBL230927,C[C@H](NS(=O)(=O)Cc1ccccc1)[C@@H](Cc1ccc(Cl)cc1)c1cccc(C#N)c1,CHEMBL218
CHEMBL389353,C[C@H](NS(=O)(=O)c1ccc2ccccc2c1)[C@@H](Cc1ccc(Cl)cc1)c1cccc(C#N)c1,CHEMBL218
CHEMBL231342,C[C@H](NS(=O)(=O)/C=C/c1ccccc1)[C@@H](Cc1ccc(Cl)cc1)c1cccc(C#N)c1,CHEMBL218
CHEMBL231241,C[C@H](NS(=O)(=O)CCc1ccccc1)[C@@H](Cc1ccc(Cl)cc1)c1cccc(C#N)c1,CHEMBL218
CHEMBL230826,C[C@H](NS(=O)(=O)c1cccc2ccccc12)[C@@H](Cc1ccc(Cl)cc1)c1cccc(C#N)c1,CHEMBL218
CHEMBL231245,C[C@H](NC(=O)CCc1ccccc1)[C@@H](Cc1ccc(Cl)cc1)c1cccc(C#N)c1,CHEMBL218
CHEMBL230825,C[C@H](NS(=O)(=O)c1ccc(-c2ccccc2)cc1)[C@@H](Cc1ccc(Cl)cc1)c1cccc(C#N)c1,CHEMBL218
CHEMBL230717,C[C@H](NS(=O)(=O)c1cccc(-c2ccccc2)c1)[C@@H](Cc1ccc(Cl)cc1)c1cccc(C#N)c1,CHEMBL218
CHEMBL230716,C[C@H](NS(=O)(=O)c1cc(F)cc(F)c1)[C@@H](Cc1ccc(Cl)cc1)c1cccc(C#N)c1,CHEMBL218
CHEMBL230715,C[C@H](NS(=O)(=O)c1cc(C(F)(F)F)cc(C(F)(F)F)c1)[C@@H](Cc1ccc(Cl)cc1)c1cccc(C#N)c1,CHEMBL218
CHEMBL390053,C[C@H](NS(=O)(=O)c1cc(Cl)c(Cl)cc1Cl)[C@@H](Cc1ccc(Cl)cc1)c1cccc(C#N)c1,CHEMBL218
CHEMBL230610,C[C@H](NS(=O)(=O)c1cc(Cl)cc(Cl)c1)[C@@H](Cc1ccc(Cl)cc1)c1cccc(C#N)c1,CHEMBL218
CHEMBL230506,C[C@H](NS(=O)(=O)c1c(Cl)cccc1Cl)[C@@H](Cc1ccc(Cl)cc1)c1cccc(C#N)c1,CHEMBL218
CHEMBL389114,C[C@H](NS(=O)(=O)c1cc(Cl)ccc1Cl)[C@@H](Cc1ccc(Cl)cc1)c1cccc(C#N)c1,CHEMBL218
CHEMBL230923,C[C@H](NS(=O)(=O)c1ccc(Cl)cc1Cl)[C@@H](Cc1ccc(Cl)cc1)c1cccc(C#N)c1,CHEMBL218
CHEMBL230062,C[C@H](NS(=O)(=O)c1cccc(Cl)c1Cl)[C@@H](Cc1ccc(Cl)cc1)c1cccc(C#N)c1,CHEMBL218
CHEMBL397509,C[C@H](NS(=O)(=O)c1ccc(Cl)cc1)[C@@H](Cc1ccc(Cl)cc1)c1cccc(C#N)c1,CHEMBL218
CHEMBL230822,C[C@H](NS(=O)(=O)c1cccc(Cl)c1)[C@@H](Cc1ccc(Cl)cc1)c1cccc(C#N)c1,CHEMBL218
CHEMBL230713,C[C@H](NS(=O)(=O)c1ccccc1Cl)[C@@H](Cc1ccc(Cl)cc1)c1cccc(C#N)c1,CHEMBL218
CHEMBL397243,C[C@H](NS(=O)(=O)c1ccccc1)[C@@H](Cc1ccc(Cl)cc1)c1cccc(C#N)c1,CHEMBL218
CHEMBL230181,CCCCS(=O)(=O)N[C@@H](C)[C@@H](Cc1ccc(Cl)cc1)c1cccc(C#N)c1,CHEMBL218
CHEMBL231636,C[C@H](NC(=O)C(C)(C)Oc1cncc(C(F)(F)F)c1)[C@@H](Cc1ccc(Cl)cc1)c1cccc(C#N)c1,CHEMBL218
CHEMBL276312,O=C(NC1CCCCC1)c1cn(-c2ccc(Cl)cc2)c(-c2ccc(Cl)cc2Cl)n1,CHEMBL218
CHEMBL231118,CCc1c(C(=O)N[C@H]2CCCC[C@@H]2O)nc(-c2ccccc2Cl)n1-c1ccc(Br)cc1,CHEMBL218
CHEMBL396739,O=C(N[C@H]1CCCC[C@@H]1O)c1nc(-c2ccccc2Cl)n(-c2ccc(Cl)cc2)c1Br,CHEMBL218
CHEMBL230802,CC(C)c1c(C(=O)N[C@H]2CCCC[C@@H]2O)nc(-c2ccccc2Cl)n1-c1ccc(Cl)cc1,CHEMBL218
CHEMBL396984,CCCCc1c(C(=O)N[C@H]2CCCC[C@@H]2O)nc(-c2ccccc2Cl)n1-c1ccc(Cl)cc1,CHEMBL218
CHEMBL230801,CCCc1c(C(=O)N[C@H]2CCCC[C@@H]2O)nc(-c2ccccc2Cl)n1-c1ccc(Cl)cc1,CHEMBL218
CHEMBL230800,CCc1c(C(=O)N[C@H]2CCCC[C@@H]2O)nc(-c2ccccc2Cl)n1-c1ccc(Cl)cc1,CHEMBL218
CHEMBL395026,Cc1c(C(=O)N[C@H]2CCCC[C@@H]2O)nc(-c2ccccc2Cl)n1-c1ccc(Cl)cc1,CHEMBL218
CHEMBL395322,O=C(N[C@H]1Cc2ccccc2[C@H]1O)c1cn(-c2ccc(Cl)cc2)c(-c2ccccc2Cl)n1,CHEMBL218
CHEMBL230583,O=C(N[C@H]1Cc2ccccc2[C@@H]1O)c1cn(-c2ccc(Cl)cc2)c(-c2ccccc2Cl)n1,CHEMBL218
CHEMBL395321,O=C(N[C@@H]1c2ccccc2C[C@@H]1O)c1cn(-c2ccc(Cl)cc2)c(-c2ccccc2Cl)n1,CHEMBL218
CHEMBL229967,O=C(N[C@H]1c2ccccc2C[C@H]1O)c1cn(-c2ccc(Cl)cc2)c(-c2ccccc2Cl)n1,CHEMBL218
CHEMBL390545,O=C(N[C@H]1c2ccccc2C[C@@H]1O)c1cn(-c2ccc(Cl)cc2)c(-c2ccccc2Cl)n1,CHEMBL218
CHEMBL229966,O=C(N[C@@H]1CCC[C@H]1O)c1cn(-c2ccc(Cl)cc2)c(-c2ccccc2Cl)n1,CHEMBL218
CHEMBL229965,O=C(N[C@H]1CCC[C@@H]1O)c1cn(-c2ccc(Cl)cc2)c(-c2ccccc2Cl)n1,CHEMBL218
CHEMBL229915,O=C(N[C@@H]1CCCC[C@H]1O)c1cn(-c2ccc(Cl)cc2)c(-c2ccccc2Cl)n1,CHEMBL218
CHEMBL229914,O=C(N[C@H]1CCCC[C@@H]1O)c1cn(-c2ccc(Cl)cc2)c(-c2ccccc2Cl)n1,CHEMBL218
CHEMBL389198,O=C(NC1CCCCC1O)c1cn(-c2ccc(Cl)cc2)c(-c2ccc(Cl)cc2Cl)n1,CHEMBL218
CHEMBL229858,N[C@H]1CCCC[C@@H]1NC(=O)c1cn(-c2ccc(Cl)cc2)c(-c2ccc(Cl)cc2Cl)n1,CHEMBL218
CHEMBL229803,CN(C(=O)c1cn(-c2ccc(Cl)cc2)c(-c2ccccc2Cl)n1)C1CCCCC1,CHEMBL218
CHEMBL229802,CC1CCC(n2cc(C(=O)NC3CCCCC3)nc2-c2ccccc2Cl)CC1,CHEMBL218
CHEMBL229801,COc1ccccc1-c1nc(C(=O)NC2CCCCC2)cn1-c1ccc(Cl)cc1,CHEMBL218
CHEMBL387645,CCc1ccccc1-c1nc(C(=O)NC2CCCCC2)cn1-c1ccc(Cl)cc1,CHEMBL218
CHEMBL439375,Cc1ccccc1-c1nc(C(=O)NC2CCCCC2)cn1-c1ccc(Cl)cc1,CHEMBL218
CHEMBL229751,O=C(NC1CCCCC1)c1cn(-c2ccc(F)cc2)c(-c2ccccc2Cl)n1,CHEMBL218
CHEMBL229750,COc1ccc(-n2cc(C(=O)NC3CCCCC3)nc2-c2ccccc2Cl)cc1,CHEMBL218
CHEMBL229749,Cc1ccc(-n2cc(C(=O)NC3CCCCC3)nc2-c2ccccc2Cl)cc1,CHEMBL218
CHEMBL389175,O=C(NC1CCCCC1)c1cn(-c2ccc(Cl)cc2)c(-c2ccccc2Cl)n1,CHEMBL218
CHEMBL389174,O=C(NC1CCCCC1)c1cn(-c2ccc(Cl)cc2)c(-c2ccc(F)cc2F)n1,CHEMBL218
CHEMBL229698,Cc1ccc(-c2nc(C(=O)NC3CCCCC3)cn2-c2ccc(Cl)cc2)c(C)c1,CHEMBL218
CHEMBL425662,O=C(NC1CCCCC1)c1cn(-c2ccc(Cl)cc2)c(-c2ccccc2)n1,CHEMBL218
CHEMBL390544,O=C(NC1CCCCC1)c1cn(-c2ccc(Cl)cc2)c(-c2cc(Cl)ccc2Cl)n1,CHEMBL218
CHEMBL229584,O=C(NC1CCCCC1)c1cn(-c2ccc(F)cc2)c(-c2ccc(Cl)cc2Cl)n1,CHEMBL218
CHEMBL229583,COc1ccc(-n2cc(C(=O)NC3CCCCC3)nc2-c2ccc(Cl)cc2Cl)cc1,CHEMBL218
CHEMBL390543,Cc1ccc(-n2cc(C(=O)NC3CCCCC3)nc2-c2ccc(Cl)cc2Cl)cc1,CHEMBL218
CHEMBL111,Cc1c(C(=O)NN2CCCCC2)nn(-c2ccc(Cl)cc2Cl)c1-c1ccc(Cl)cc1,CHEMBL218
CHEMBL160963,O=C(NN1CCCCC1)c1cc(-c2ccc(Cl)cc2)n(-c2ccc(Cl)cc2Cl)n1,CHEMBL218
CHEMBL220360,C[C@H](NC(=O)C(C)(C)Oc1ccc(C(F)(F)F)cn1)[C@@H](Cc1ccc(Cl)cc1)c1cccc(C#N)c1,CHEMBL218
CHEMBL226640,C[C@H](NC(=O)C(C)(C)Oc1cc(C(F)(F)F)ncn1)[C@@H](Cc1ccc(OCCF)cc1)c1cccc(C#N)c1,CHEMBL218
CHEMBL226591,Cc1ccc(OC(C)(C)C(=O)N[C@@H](C)[C@@H](Cc2ccc(OCCF)cc2)c2cccc(C#N)c2)nc1,CHEMBL218
CHEMBL226590,Cc1ccnc(OC(C)(C)C(=O)N[C@@H](C)[C@@H](Cc2ccc(OCCF)cc2)c2cccc(C#N)c2)c1,CHEMBL218
CHEMBL387526,C[C@H](NC(=O)C(C)(C)Oc1ccc(C#N)cn1)[C@@H](Cc1ccc(OCCF)cc1)c1cccc(C#N)c1,CHEMBL218
CHEMBL226589,C[C@H](NC(=O)C(C)(C)Oc1ccc(Cl)cn1)[C@@H](Cc1ccc(OCCF)cc1)c1cccc(C#N)c1,CHEMBL218
CHEMBL227329,C[C@H](NC(=O)C(C)(C)Oc1ccccn1)[C@@H](Cc1ccc(OCCF)cc1)c1cccc(C#N)c1,CHEMBL218
CHEMBL376794,C[C@H](NC(=O)C(C)(C)Oc1cc(C(F)(F)F)ccn1)[C@@H](Cc1ccc(OCCF)cc1)c1cccc(C#N)c1,CHEMBL218
CHEMBL226534,C[C@H](NC(=O)C(C)(C)Oc1ccc(C(F)(F)F)cn1)[C@@H](Cc1ccc(OCCF)cc1)c1cccc(C#N)c1,CHEMBL218
CHEMBL376767,C[C@H](NC(=O)C(C)(C)Oc1ccc(C(F)(F)F)cn1)[C@@H](Cc1ccc(OCCF)cc1)c1cc(F)cc(C#N)c1,CHEMBL218
CHEMBL226685,C[C@H](NC(=O)C(C)(C)Oc1ccc(C(F)(F)F)cn1)[C@@H](Cc1ccc(OCF)cc1)c1cc(F)cc(C#N)c1,CHEMBL218
CHEMBL226684,COc1ccc(C[C@@H](c2cc(F)cc(C#N)c2)[C@H](C)NC(=O)C(C)(C)Oc2ccc(C(F)(F)F)cn2)cc1,CHEMBL218
CHEMBL226642,Cc1ccc(OC(C)(C)C(=O)N[C@@H](C)[C@@H](Cc2ccc(OCC[18F])cc2)c2cccc(C#N)c2)nc1,CHEMBL218
CHEMBL559612,CCCCCCC(C)(C)c1ccc([C@@H]2C[C@H](O)CC[C@H]2CCCO)c(O)c1,CHEMBL218
CHEMBL559612,CCCCCCC(C)(C)c1ccc([C@@H]2C[C@H](O)CC[C@H]2CCCO)c(O)c1,CHEMBL218
CHEMBL390675,CCCCCNc1ccc(C(=O)c2cccc3ccccc23)c2ccccc12,CHEMBL218
CHEMBL244606,CCCCCCOc1ccc(C(=O)c2cccc3ccccc23)c2ccccc12,CHEMBL218
CHEMBL244403,CCCCCOc1ccc(C(=O)c2cccc3ccccc23)c2ccccc12,CHEMBL218
CHEMBL244402,CCCCOc1ccc(C(=O)c2cccc3ccccc23)c2ccccc12,CHEMBL218
CHEMBL243334,CCCOc1ccc(C(=O)c2cccc3ccccc23)c2ccccc12,CHEMBL218
CHEMBL188,Cc1c(C(=O)c2cccc3ccccc23)c2cccc3c2n1[C@H](CN1CCOCC1)CO3,CHEMBL218
CHEMBL244403,CCCCCOc1ccc(C(=O)c2cccc3ccccc23)c2ccccc12,CHEMBL218
CHEMBL188,Cc1c(C(=O)c2cccc3ccccc23)c2cccc3c2n1[C@H](CN1CCOCC1)CO3,CHEMBL218
CHEMBL56799,CCCCCCC(C)(C)c1ccc(-c2cc(C)cc(C)c2)c(O)c1,CHEMBL218
CHEMBL233180,CCCCCCC(C)(C)c1ccc(-c2cc(C)cc(C)c2)c(C(=O)OC)c1,CHEMBL218
CHEMBL234239,CCCCCCC(C)(C)c1ccc(-c2cc(C)cc(C)c2)c(N)c1,CHEMBL218
CHEMBL234209,CCCCCCC(C)(C)c1ccc(-c2cc(C)cc(C)c2)c(OC)c1,CHEMBL218
CHEMBL233180,CCCCCCC(C)(C)c1ccc(-c2cc(C)cc(C)c2)c(C(=O)OC)c1,CHEMBL218
CHEMBL234207,CCCCCCC(C)(C)c1ccc(-c2cccnc2)c(O)c1,CHEMBL218
CHEMBL238119,CCCCCCC(C)(C)c1ccc(-c2cccc(C#N)c2)c(O)c1,CHEMBL218
CHEMBL391136,CCCCCCC(C)(C)c1ccc(-c2ccc(N)cc2)c(O)c1,CHEMBL218
CHEMBL237897,CCCCCCC(C)(C)c1ccc(-c2cccc(N)c2)c(O)c1,CHEMBL218
CHEMBL234897,CCCCCCC(C)(C)c1ccc(-c2ccccc2N)c(O)c1,CHEMBL218
CHEMBL234845,CCCCCCC(C)(C)c1ccc(-c2cccc(OC)c2)c(O)c1,CHEMBL218
CHEMBL427843,CCCCCCC(C)(C)c1ccc(-c2cccc(OC)c2OC)c(O)c1,CHEMBL218
CHEMBL234678,CCCCCCC(C)(C)c1ccc(-c2ccccc2OC)c(O)c1,CHEMBL218
CHEMBL391134,CCCCCCC(C)(C)c1ccc(-c2cccc(C)c2C)c(O)c1,CHEMBL218
CHEMBL232411,CCCCCCC(C)(C)c1ccc(-c2cc(C)ccc2C)c(O)c1,CHEMBL218
CHEMBL232410,CCCCCCC(C)(C)c1ccc(-c2c(C)cccc2C)c(O)c1,CHEMBL218
CHEMBL391133,CNC(=O)CCCCC(C)(C)c1ccc(-c2cc(C)cc(C)c2)c(O)c1,CHEMBL218
CHEMBL234675,Cc1cc(C)cc(-c2ccc(C(C)(C)CCCCCO)cc2O)c1,CHEMBL218
CHEMBL233637,COC(=O)CCCCC(C)(C)c1ccc(-c2cc(C)cc(C)c2)c(O)c1,CHEMBL218
CHEMBL234014,COC(=O)CCC(C)(C)c1ccc(-c2cc(C)cc(C)c2)c(O)c1,CHEMBL218
CHEMBL391380,COC(=O)C(C)(C)c1ccc(-c2cc(C)cc(C)c2)c(O)c1,CHEMBL218
CHEMBL233636,CCCCCCC1(c2ccc(-c3cc(C)cc(C)c3)c(O)c2)CCCCC1,CHEMBL218
CHEMBL233634,CCCCCCC1(c2ccc(-c3cc(C)cc(C)c3)c(O)c2)CCCC1,CHEMBL218
CHEMBL233633,CCCCCCC1(c2ccc(-c3cc(C)cc(C)c3)c(O)c2)CC1,CHEMBL218
CHEMBL233139,CSC(=S)N1CC2(CCCCC2)CS/C1=N\c1cccc2c1CCCN2C,CHEMBL218
CHEMBL232538,CSC(=S)N1CC2(CCCCC2)CS/C1=N\c1cccc2nonc12,CHEMBL218
CHEMBL232336,CSC(=S)N1CC2(CCCCC2)CS/C1=N\c1cccc2nsnc12,CHEMBL218
CHEMBL232328,CSC(=S)N1CC2(CCCCC2)CS/C1=N\c1cccc2ccccc12,CHEMBL218
CHEMBL232116,CSC(=S)N1CC2(CCCCC2)CS/C1=N\c1cccc2c1CCCC2,CHEMBL218
CHEMBL234175,CSC(=S)N1CC2(CCCCC2)CS/C1=N\c1cccc2c1CCC2,CHEMBL218
CHEMBL232132,CSC(=S)N1CC2(CCCCC2)CS/C1=N\c1cccc(C)c1C,CHEMBL218
CHEMBL393045,CSC(=S)N1CC2(CCCCC2)CS/C1=N\c1ccc(C#N)cc1,CHEMBL218
CHEMBL392842,CCc1ccc(/N=C2\SCC3(CCCCC3)CN2C(=S)SC)cc1,CHEMBL218
CHEMBL231932,COc1cccc(/N=C2\SCC3(CCCCC3)CN2C(=S)SC)c1,CHEMBL218
CHEMBL231721,COc1ccccc1/N=C1\SCC2(CCCCC2)CN1C(=S)SC,CHEMBL218
CHEMBL231719,CSC(=S)N1CC2(CCCCC2)CS/C1=N\c1cccc(C(C)C)c1,CHEMBL218
CHEMBL443842,CSC(=S)N1CC2(CCCCC2)CS/C1=N\c1ccccc1C(C)C,CHEMBL218
CHEMBL465,CCCCCc1cc(O)c2c(c1)OC(C)(C)[C@@H]1CCC(C)=C[C@@H]21,CHEMBL218
CHEMBL239703,O=C(NN1CCOCC1)C1=NN(c2ccc(Cl)cc2Cl)C(c2ccc(Cl)cc2)C1.O=S(=O)(O)O,CHEMBL218
CHEMBL111,Cc1c(C(=O)NN2CCCCC2)nn(-c2ccc(Cl)cc2Cl)c1-c1ccc(Cl)cc1,CHEMBL218
CHEMBL382684,CC1=CC[C@@H]2[C@@H](C1)c1c(O)cc(-c3ccc(C)cc3)cc1OC2(C)C,CHEMBL218
CHEMBL239840,C=C(CCCCCC)c1cc(O)c2c(c1)OC(C)(C)[C@@H]1CC=C(C)C[C@@H]21,CHEMBL218
CHEMBL418555,CCCCCCC(=O)c1cc(O)c2c(c1)OC(C)(C)[C@@H]1CC=C(C)C[C@@H]21,CHEMBL218
CHEMBL394006,C=C(C)C1CCC(C)=C[C@H]1c1c(O)cc(C2(CCCCCC)CC2(Br)Br)cc1O,CHEMBL218
CHEMBL118631,CCCCCCC1(c2cc(O)c3c(c2)OC(C)(C)[C@@H]2CC=C(C)C[C@@H]32)CC1(Br)Br,CHEMBL218
CHEMBL120669,CCCCCCC1(c2cc(O)c3c(c2)OC(C)(C)[C@@H]2CC=C(C)C[C@@H]32)CC1(Cl)Cl,CHEMBL218
CHEMBL394305,C=C(C)C1CCC(C)=C[C@H]1c1c(O)cc(C2(CCCCCC)CC2)cc1O,CHEMBL218
CHEMBL19847,CCCCCCC1(c2cc(O)c3c(c2)OC(C)(C)[C@@H]2CC=C(C)C[C@@H]32)CC1,CHEMBL218
CHEMBL411626,CCCCCCC(C)(C)c1cc(O)c2c(c1)OC(C)(C)[C@@H]1CC=C(C)C[C@@H]21,CHEMBL218
CHEMBL67464,CCCCCCCc1cc(O)c2c(c1)OC(C)(C)[C@@H]1CC=C(C)C[C@@H]21,CHEMBL218
CHEMBL267227,CCCCCc1cc(O)c2c(c1)OC(C)(C)[C@@H]1CC=C(C)C[C@@H]21,CHEMBL218
CHEMBL108868,CCCCCCC1(c2cc(O)c3c(c2)OC(C)(C)[C@@H]2CC=C(C)C[C@@H]32)CCCC1,CHEMBL218
CHEMBL325135,CCCCCCC1(c2cc(O)c3c(c2)OC(C)(C)[C@@H]2CC=C(C)C[C@@H]32)SC(C)C(C)S1,CHEMBL218
CHEMBL108392,CCCCCCC1(c2cc(O)c3c(c2)OC(C)(C)[C@@H]2CC=C(C)C[C@@H]32)SCCCS1,CHEMBL218
CHEMBL322112,CCCCCCC1(c2cc(O)c3c(c2)OC(C)(C)[C@@H]2CC=C(C)C[C@@H]32)Sc2ccccc2S1,CHEMBL218
CHEMBL108085,CCCCCCC1(c2cc(O)c3c(c2)OC(C)(C)[C@@H]2CC=C(C)C[C@@H]32)OCCO1,CHEMBL218
CHEMBL239208,C=C(C)C1CCC(C)=C[C@H]1c1c(O)cc(C2(CCCCCC)SCCS2)cc1O,CHEMBL218
CHEMBL476325,CCCCCCC1(c2cc(O)c3c(c2)OC(C)(C)[C@@H]2CC=C(C)C[C@@H]32)SCCS1,CHEMBL218
CHEMBL111345,CC1=CC[C@@H]2[C@@H](C1)c1c(O)cc(C3SCCS3)cc1OC2(C)C,CHEMBL218
CHEMBL400040,C=C(C)C1CCC(C)=C[C@H]1c1c(O)cc(C2(C#N)CCCCC2)cc1O,CHEMBL218
CHEMBL205888,CC1=CC[C@@H]2[C@@H](C1)c1c(O)cc(C3(C#N)CCCCC3)cc1OC2(C)C,CHEMBL218
CHEMBL238781,C=C(C)C1CCC(C)=C[C@H]1c1c(O)cc(C2(C#N)CCCC2)cc1O,CHEMBL218
CHEMBL206859,CC1=CC[C@@H]2[C@@H](C1)c1c(O)cc(C3(C#N)CCCC3)cc1OC2(C)C,CHEMBL218
CHEMBL381492,CC1=CC[C@@H]2[C@@H](C1)c1c(O)cc(-c3cccc4ccccc34)cc1OC2(C)C,CHEMBL218
CHEMBL205908,CCCc1ccc(-c2cc(O)c3c(c2)OC(C)(C)[C@@H]2CC=C(C)C[C@@H]32)cc1,CHEMBL218
CHEMBL203131,CCc1ccc(-c2cc(O)c3c(c2)OC(C)(C)[C@@H]2CC=C(C)C[C@@H]32)cc1,CHEMBL218
CHEMBL188,Cc1c(C(=O)c2cccc3ccccc23)c2cccc3c2n1[C@H](CN1CCOCC1)CO3,CHEMBL218
CHEMBL188,Cc1c(C(=O)c2cccc3ccccc23)c2cccc3c2n1[C@H](CN1CCOCC1)CO3,CHEMBL218
CHEMBL245876,Cc1ccc(C(=O)Oc2cccc3cccnc23)cc1S(=O)(=O)N1CCCCC1,CHEMBL218
CHEMBL559612,CCCCCCC(C)(C)c1ccc([C@@H]2C[C@H](O)CC[C@H]2CCCO)c(O)c1,CHEMBL218
CHEMBL245876,Cc1ccc(C(=O)Oc2cccc3cccnc23)cc1S(=O)(=O)N1CCCCC1,CHEMBL218
CHEMBL559612,CCCCCCC(C)(C)c1ccc([C@@H]2C[C@H](O)CC[C@H]2CCCO)c(O)c1,CHEMBL218
CHEMBL246302,O=C(Nc1ccccc1O)c1ccc(Cl)c(S(=O)(=O)N2CCCCCC2)c1,CHEMBL218
CHEMBL246922,Cc1ccc(C(=O)Oc2ccccc2Br)cc1S(=O)(=O)N1CCOCC1,CHEMBL218
CHEMBL247332,O=C(Oc1cccc2cccnc12)c1cccc(S(=O)(=O)N2CCCC2)c1,CHEMBL218
CHEMBL393224,O=C(Oc1cccc2cccnc12)c1cccc(S(=O)(=O)N2CCCCCC2)c1,CHEMBL218
CHEMBL247331,O=C(Oc1cccc2cccnc12)c1cccc(S(=O)(=O)N2CCCCC2)c1,CHEMBL218
CHEMBL393018,COc1ccc(C(=O)Oc2cccc3cccnc23)cc1S(=O)(=O)N1CCOCC1,CHEMBL218
CHEMBL245878,Cc1ccc(C(=O)Oc2cccc3cccnc23)cc1S(=O)(=O)N1CCOCC1,CHEMBL218
CHEMBL246713,COc1ccccc1OC(=O)c1ccc(C)c(S(=O)(=O)N2CCOCC2)c1,CHEMBL218
CHEMBL393224,O=C(Oc1cccc2cccnc12)c1cccc(S(=O)(=O)N2CCCCCC2)c1,CHEMBL218
CHEMBL247331,O=C(Oc1cccc2cccnc12)c1cccc(S(=O)(=O)N2CCCCC2)c1,CHEMBL218
CHEMBL245878,Cc1ccc(C(=O)Oc2cccc3cccnc23)cc1S(=O)(=O)N1CCOCC1,CHEMBL218
CHEMBL391555,N#Cc1cc(-c2ccc(Cl)cc2)c(-c2ccc(Cl)cc2Cl)nc1Oc1cccc(F)c1,CHEMBL218
CHEMBL442275,CNN(C)C(=O)c1cc(-c2ccc(Cl)cc2)c(-c2ccc(Cl)cc2Cl)nc1Oc1ccc(F)c(F)c1,CHEMBL218
CHEMBL247308,CN(C)NC(=O)c1cc(-c2ccc(Cl)cc2)c(-c2ccc(Cl)cc2Cl)nc1Oc1ccc(F)c(F)c1,CHEMBL218
CHEMBL247307,CC(C)NC(=O)c1cc(-c2ccc(Cl)cc2)c(-c2ccc(Cl)cc2Cl)nc1Oc1ccc(F)c(F)c1,CHEMBL218
CHEMBL393263,NC(=O)c1cc(-c2ccc(Cl)cc2)c(-c2ccc(Cl)cc2Cl)nc1Oc1ccc(F)c(F)c1,CHEMBL218
CHEMBL247105,Cn1cc(-c2nc(-c3ccccc3Cl)c(-c3ccc(Cl)cc3)cc2C#N)cn1,CHEMBL218
CHEMBL393262,N#Cc1cc(-c2ccc(Cl)cc2)c(-c2ccccc2Cl)nc1-c1cncnc1,CHEMBL218
CHEMBL247103,N#Cc1cc(-c2ccc(Cl)cc2)c(-c2ccccc2Cl)nc1-c1cccnc1,CHEMBL218
CHEMBL246901,CCC(N)(C#Cc1nc(-c2ccccc2Cl)c(-c2ccc(Cl)cc2)cc1C#N)CC,CHEMBL218
CHEMBL246900,CC(C)(O)C#Cc1nc(-c2ccccc2Cl)c(-c2ccc(Cl)cc2)cc1C#N,CHEMBL218
CHEMBL246899,CC(C)(C)C#Cc1nc(-c2ccccc2Cl)c(-c2ccc(Cl)cc2)cc1C#N,CHEMBL218
CHEMBL246688,CC(C)N1CCN(c2nc(-c3ccccc3Cl)c(-c3ccc(Cl)cc3)cc2C#N)C(=O)C1=O,CHEMBL218
CHEMBL394055,N#Cc1cc(-c2ccc(Cl)cc2)c(-c2ccccc2Cl)nc1N1CCN(S(=O)(=O)c2cc(F)cc(F)c2)CC1,CHEMBL218
CHEMBL246686,CC(C)(C)C(=O)N1CCN(c2nc(-c3ccccc3Cl)c(-c3ccc(Cl)cc3)cc2C#N)CC1,CHEMBL218
CHEMBL397329,CC(C)(C)N1CCN(c2nc(-c3ccccc3Cl)c(-c3ccc(Cl)cc3)cc2C#N)CC1,CHEMBL218
CHEMBL428579,N#Cc1cc(-c2ccc(Cl)cc2)c(-c2ccc(Cl)cc2Cl)nc1NC(=O)c1ccc(F)c(F)c1,CHEMBL218
CHEMBL247706,CC(C)(C)C(=O)Nc1nc(-c2ccc(Cl)cc2Cl)c(-c2ccc(Cl)cc2)cc1C#N,CHEMBL218
CHEMBL394736,N#Cc1cc(-c2ccc(Cl)cc2)c(-c2ccc(Cl)cc2Cl)nc1-n1nnc2ccccc21,CHEMBL218
CHEMBL247511,N#Cc1cc(-c2ccc(Cl)cc2)c(-c2ccc(Cl)cc2Cl)nc1-n1ccnc1,CHEMBL218
CHEMBL248109,N#Cc1cc(-c2ccc(Cl)cc2)c(-c2ccc(Cl)cc2Cl)nc1N1CCCCC1,CHEMBL218
CHEMBL392457,CC(C)CNc1nc(-c2ccc(Cl)cc2Cl)c(-c2ccc(Cl)cc2)cc1C#N,CHEMBL218
CHEMBL247910,N#Cc1cc(-c2ccc(Cl)cc2)c(-c2ccc(Cl)cc2Cl)nc1OCCNC(=O)C1CCC1,CHEMBL218
CHEMBL397119,N#Cc1cc(-c2ccc(Cl)cc2)c(-c2ccc(Cl)cc2Cl)nc1OCC1CCOC1,CHEMBL218
CHEMBL248311,N#Cc1cc(-c2ccc(Cl)cc2)c(-c2ccc(Cl)cc2Cl)nc1OC1CCOC1,CHEMBL218
CHEMBL392836,CC(C)Oc1nc(-c2ccc(Cl)cc2Cl)c(-c2ccc(Cl)cc2)cc1C#N,CHEMBL218
CHEMBL247139,N#Cc1cc(-c2ccc(Cl)cc2)c(-c2ccc(Cl)cc2Cl)nc1Nc1ccc(F)cc1,CHEMBL218
CHEMBL246932,N#Cc1cc(-c2ccc(Cl)cc2)c(-c2ccc(Cl)cc2Cl)nc1Sc1ccc(F)cc1,CHEMBL218
CHEMBL246931,N#Cc1cc(-c2ccc(Cl)cc2)c(-c2ccccc2Cl)nc1Oc1ccc(F)c(F)c1,CHEMBL218
CHEMBL392626,N#Cc1cc(-c2ccc(Cl)cc2)c(-c2ccc(Cl)cc2Cl)nc1Oc1cc(Cl)cc(Cl)c1,CHEMBL218
CHEMBL246930,N#Cc1cc(-c2ccc(Cl)cc2)c(-c2ccc(Cl)cc2Cl)nc1Oc1cc(F)cc(F)c1,CHEMBL218
CHEMBL246723,N#Cc1cc(-c2ccc(Cl)cc2)c(-c2ccc(Cl)cc2Cl)nc1Oc1ccc(F)c(F)c1,CHEMBL218
CHEMBL246722,COc1ccc(Oc2nc(-c3ccc(Cl)cc3Cl)c(-c3ccc(Cl)cc3)cc2C#N)cc1,CHEMBL218
CHEMBL391556,N#Cc1cc(-c2ccc(Cl)cc2)c(-c2ccc(Cl)cc2Cl)nc1Oc1ccc(Cl)cc1,CHEMBL218
CHEMBL246721,N#Cc1cc(-c2ccc(Cl)cc2)c(-c2ccc(Cl)cc2Cl)nc1Oc1cccc(Cl)c1,CHEMBL218
CHEMBL246515,N#Cc1cc(-c2ccc(Cl)cc2)c(-c2ccc(Cl)cc2Cl)nc1Oc1ccc(F)cc1,CHEMBL218
CHEMBL367819,N#Cc1cc(-c2ccc(Cl)cc2)c(-c2ccc(Cl)cc2Cl)nc1OCc1ccc(F)c(F)c1,CHEMBL218
CHEMBL179787,N#Cc1cc(-c2ccc(Cl)cc2)c(-c2ccccc2Cl)nc1OCc1ccc(F)c(F)c1,CHEMBL218
CHEMBL382728,C[C@H](NS(C)(=O)=O)c1ccc(S(=O)(=O)c2ccc(Cl)cc2S(=O)(=O)c2ccccc2F)cc1,CHEMBL218
CHEMBL246776,C[C@H](NS(=O)(=O)C(F)(F)F)c1ccc(S(=O)(=O)c2ccc(Cl)cc2S(=O)(=O)N2CCOCC2)cc1,CHEMBL218
CHEMBL394281,C[C@H](NS(=O)(=O)C(F)(F)F)c1ccc(S(=O)(=O)c2ccc(Cl)cc2S(=O)(=O)N2CCCCC2)cc1,CHEMBL218
CHEMBL246571,C[C@H](NS(=O)(=O)C(F)(F)F)c1ccc(S(=O)(=O)c2ccc(Cl)cc2S(=O)(=O)NC(C)(C)C)cc1,CHEMBL218
CHEMBL247574,C[C@H](NS(=O)(=O)C(F)(F)F)c1ccc(S(=O)(=O)c2ccc(Cl)cc2S(=O)(=O)c2c(F)cccc2N2CCOCC2)cc1,CHEMBL218
CHEMBL393032,C[C@H](NS(=O)(=O)C(F)(F)F)c1ccc(S(=O)(=O)c2ccc(Cl)cc2S(=O)(=O)c2c(F)cccc2N(C)C)cc1,CHEMBL218
CHEMBL246570,C[C@H](NS(=O)(=O)C(F)(F)F)c1ccc(S(=O)(=O)c2ccc(Cl)cc2S(=O)(=O)c2c(F)cccc2NC2CC2)cc1,CHEMBL218
CHEMBL393031,CNc1cccc(F)c1S(=O)(=O)c1cc(Cl)ccc1S(=O)(=O)c1ccc([C@H](C)NS(=O)(=O)C(F)(F)F)cc1,CHEMBL218
CHEMBL245350,C[C@H](NS(=O)(=O)C(F)(F)F)c1ccc(S(=O)(=O)c2ccc(Cl)cc2S(=O)(=O)c2c(N)cccc2F)cc1,CHEMBL218
CHEMBL430196,C[C@H](NS(=O)(=O)C(F)(F)F)c1ccc(S(=O)(=O)c2ccc(Cl)cc2S(=O)(=O)c2ncccn2)cc1,CHEMBL218
CHEMBL246351,C[C@H](NS(=O)(=O)C(F)(F)F)c1ccc(S(=O)(=O)c2ccc(Cl)cc2S(=O)(=O)c2ccccn2)cc1,CHEMBL218
CHEMBL246350,C[C@H](NS(=O)(=O)C(F)(F)F)c1ccc(S(=O)(=O)c2ccc(Cl)cc2S(=O)(=O)c2c(F)cccc2F)cc1,CHEMBL218
CHEMBL246552,C[C@H](NS(=O)(=O)C(F)(F)F)c1ccc(S(=O)(=O)c2ccc(NC3CC3)cc2S(=O)(=O)c2ccccc2F)cc1,CHEMBL218
CHEMBL397855,C[C@H](NS(=O)(=O)C(F)(F)F)c1ccc(S(=O)(=O)c2ccc(N)cc2S(=O)(=O)c2ccccc2F)cc1,CHEMBL218
CHEMBL245983,C[C@H](NS(=O)(=O)C(F)(F)F)c1ccc(S(=O)(=O)c2ccc(C3CC3)cc2S(=O)(=O)c2ccccc2F)cc1,CHEMBL218
CHEMBL245981,Cc1ccc(S(=O)(=O)c2ccc([C@H](C)NS(=O)(=O)C(F)(F)F)cc2)c(S(=O)(=O)c2ccccc2F)c1,CHEMBL218
CHEMBL245784,C[C@H](NS(=O)(=O)C(F)(F)F)c1ccc(S(=O)(=O)c2ccc(C(F)(F)F)cc2S(=O)(=O)c2ccccc2F)cc1,CHEMBL218
CHEMBL396169,COCCOc1ccc(S(=O)(=O)c2ccc([C@H](C)NS(=O)(=O)C(F)(F)F)cc2)c(S(=O)(=O)c2ccccc2F)c1,CHEMBL218
CHEMBL245782,CCOc1ccc(S(=O)(=O)c2ccc([C@H](C)NS(=O)(=O)C(F)(F)F)cc2)c(S(=O)(=O)c2ccccc2F)c1,CHEMBL218
CHEMBL247978,C[C@H](NS(=O)(=O)C(F)(F)F)c1ccc(S(=O)(=O)c2ccc(OC(F)(F)F)cc2S(=O)(=O)c2ccccc2F)cc1,CHEMBL218
CHEMBL245961,C[C@H](NS(=O)(=O)C(F)(F)F)c1ccc(S(=O)(=O)c2ccc(O)cc2S(=O)(=O)c2ccccc2F)cc1,CHEMBL218
CHEMBL245959,C[C@H](NS(=O)(=O)C(F)(F)F)c1ccc(S(=O)(=O)c2ccccc2S(=O)(=O)c2ccccc2F)cc1,CHEMBL218
CHEMBL245760,C[C@H](NCCC(F)(F)F)c1ccc(S(=O)(=O)c2ccc(Cl)cc2S(=O)(=O)c2ccccc2F)cc1,CHEMBL218
CHEMBL245957,C[C@H](NCC(F)(F)F)c1ccc(S(=O)(=O)c2ccc(Cl)cc2S(=O)(=O)c2ccccc2F)cc1,CHEMBL218
CHEMBL396368,C[C@H](NC(=O)C(F)(F)F)c1ccc(S(=O)(=O)c2ccc(Cl)cc2S(=O)(=O)c2ccccc2F)cc1,CHEMBL218
CHEMBL245944,CC(=O)N[C@@H](C)c1ccc(S(=O)(=O)c2ccc(Cl)cc2S(=O)(=O)c2ccccc2F)cc1,CHEMBL218
CHEMBL245742,C[C@H](NS(=O)(=O)C(F)(F)F)c1ccc(S(=O)(=O)c2ccc(Cl)cc2S(=O)(=O)c2ccccc2F)cc1,CHEMBL218
CHEMBL245975,C[C@H](NS(C)(=O)=O)c1ccc(S(=O)(=O)c2ccc(Cl)cc2S(=O)(=O)C2CCCCC2)cc1,CHEMBL218
CHEMBL392850,C[C@H](NS(C)(=O)=O)c1ccc(S(=O)(=O)c2ccc(Cl)cc2S(=O)(=O)c2cccc3cccnc23)cc1,CHEMBL218
CHEMBL245779,Cc1occc1S(=O)(=O)c1cc(Cl)ccc1S(=O)(=O)c1ccc([C@H](C)NS(C)(=O)=O)cc1,CHEMBL218
CHEMBL245778,C[C@H](NS(C)(=O)=O)c1ccc(S(=O)(=O)c2ccc(Cl)cc2S(=O)(=O)c2cccc[n+]2[O-])cc1,CHEMBL218
CHEMBL245777,C[C@H](NS(C)(=O)=O)c1ccc(S(=O)(=O)c2ccc(Cl)cc2S(=O)(=O)c2ccccn2)cc1,CHEMBL218
CHEMBL391363,CCCS(=O)(=O)c1cc(Cl)ccc1S(=O)(=O)c1ccc([C@H](C)NS(C)(=O)=O)cc1,CHEMBL218
CHEMBL285932,Cc1c(C(=O)NN2CCCCC2)nn(-c2ccc(Cl)cc2Cl)c1-c1ccc(I)cc1,CHEMBL218
CHEMBL393837,CC(C)C[C@@H](CO)NC(=O)c1cnc(-c2ccc(Cl)cc2)c(-c2ccc(Cl)cc2)n1,CHEMBL218
CHEMBL247747,Cc1ccc(-c2ncc(C(=O)N[C@@H](C(N)=O)c3ccccc3)nc2-c2ccc(C)cc2)cc1,CHEMBL218
CHEMBL247553,Cc1ccc(-c2ncc(C(=O)N[C@@H](CC(C)C)C(N)=O)nc2-c2ccc(C)cc2)cc1,CHEMBL218
CHEMBL394295,Cc1ccc(-c2ncc(C(=O)N[C@@H]3CCCC[C@H]3CO)nc2-c2ccc(C)cc2)cc1,CHEMBL218
CHEMBL247552,Cc1ccc(-c2ncc(C(=O)N[C@@H]3CCCC[C@@H]3CO)nc2-c2ccc(C)cc2)cc1,CHEMBL218
CHEMBL397387,Cc1ccc(-c2ncc(C(=O)N[C@@H]3CCCC[C@@H]3O)nc2-c2ccc(C)cc2)cc1,CHEMBL218
CHEMBL248125,CCCC(CO)NC(=O)c1cnc(-c2ccc(C)cc2)c(-c2ccc(C)cc2)n1,CHEMBL218
CHEMBL245665,Cc1ccc(-c2ncc(C(=O)N[C@@H](CO)C(C)C)nc2-c2ccc(C)cc2)cc1,CHEMBL218
CHEMBL245469,Cc1ccc(-c2ncc(C(=O)N[C@H](CO)C(C)C)nc2-c2ccc(C)cc2)cc1,CHEMBL218
CHEMBL245468,Cc1ccc(-c2ncc(C(=O)N[C@H](CO)CC(C)C)nc2-c2ccc(C)cc2)cc1,CHEMBL218
CHEMBL245467,Cc1ccc(-c2ncc(C(=O)NC3Cc4ccccc4C3O)nc2-c2ccc(C)cc2)cc1,CHEMBL218
CHEMBL247517,CCC(COCc1ccccc1)NC(=O)c1cnc(-c2ccc(C)cc2)c(-c2ccc(C)cc2)n1,CHEMBL218
CHEMBL247516,Cc1ccc(-c2ncc(C(=O)NC(C)COc3c(C)cccc3C)nc2-c2ccc(C)cc2)cc1,CHEMBL218
CHEMBL396695,Cc1ccc(-c2ncc(C(=O)NCCCN(C)c3ccccc3)nc2-c2ccc(C)cc2)cc1,CHEMBL218
CHEMBL247515,Cc1ccc(-c2ncc(C(=O)NC(C)CCc3ccccc3)nc2-c2ccc(C)cc2)cc1,CHEMBL218
CHEMBL246063,Cc1ccc(-c2ncc(C(=O)NCCCc3ccccc3)nc2-c2ccc(C)cc2)cc1,CHEMBL218
CHEMBL245860,Cc1ccc(-c2ncc(C(=O)NCC3CC3)nc2-c2ccc(C)cc2)cc1,CHEMBL218
CHEMBL395923,Cc1ccc(-c2ncc(C(=O)NCC3CCCCC3)nc2-c2ccc(C)cc2)cc1,CHEMBL218
CHEMBL397311,Cc1ccc(-c2ncc(C(=O)N(C)Cc3ccccc3)nc2-c2ccc(C)cc2)cc1,CHEMBL218
CHEMBL246478,Cc1ccc(-c2ncc(C(=O)NCCC(C)C)nc2-c2ccc(C)cc2)cc1,CHEMBL218
CHEMBL226223,Cc1ccc(-c2ncc(C(=O)NN3CCCCC3)nc2-c2ccc(C)cc2)cc1,CHEMBL218
CHEMBL188,Cc1c(C(=O)c2cccc3ccccc23)c2cccc3c2n1[C@H](CN1CCOCC1)CO3,CHEMBL218
CHEMBL188,Cc1c(C(=O)c2cccc3ccccc23)c2cccc3c2n1[C@H](CN1CCOCC1)CO3,CHEMBL218
CHEMBL391858,CCCCCCC(C)(C)c1cccc(OCC/C=C\C/C=C\CCCC(=O)N[C@H](C)CO)c1,CHEMBL218
CHEMBL240527,CCCCCCC(C)(C)c1cccc(OCC/C=C\C/C=C\C/C=C\CCCC(=O)N[C@H](C)CO)c1,CHEMBL218
CHEMBL393344,C[C@H](CO)NC(=O)CCC/C=C\C/C=C\CCOc1cccc(C(C)(C)CCCC#N)c1,CHEMBL218
CHEMBL240315,C[C@H](CO)NC(=O)CCC/C=C\C/C=C\CCOc1cccc(C(C)(C)CCCCN=[N+]=[N-])c1,CHEMBL218
CHEMBL240314,C[C@H](CO)NC(=O)CCC/C=C\C/C=C\CCOc1cccc(C(C)(C)CCCCBr)c1,CHEMBL218
CHEMBL240313,C[C@H](CO)NC(=O)CCC/C=C\C/C=C\CCOc1cccc(C(C)(C)CCCCO)c1,CHEMBL218
CHEMBL393343,CCCCCCC(C)(C)c1ccccc1/C=C\C/C=C\C/C=C\CCCC(=O)N[C@H](C)CO,CHEMBL218
CHEMBL240100,CCCCCCC(C)(C)c1ccc(OCC/C=C\C/C=C\CCCC(=O)N[C@H](C)CO)cc1,CHEMBL218
CHEMBL188,Cc1c(C(=O)c2cccc3ccccc23)c2cccc3c2n1[C@H](CN1CCOCC1)CO3,CHEMBL218
CHEMBL250809,CCS(=O)(=O)n1c2c(c3cc(C(=O)N4CCC(C)CC4)ccc31)CN(CC1CC1)C2,CHEMBL218
CHEMBL250608,C=CCN1Cc2c(n(S(=O)(=O)CC)c3ccc(C(=O)N4CCC(C)CC4)cc23)C1,CHEMBL218
CHEMBL250491,CCCS(=O)(=O)n1c2c(c3cc(C(=O)N4CCC(C)CC4)ccc31)CN(C1CCCC1)C2,CHEMBL218
CHEMBL404211,CC1CCN(C(=O)c2ccc3c(c2)c2c(n3S(=O)(=O)C3CC3)CN(C3CCCC3)C2)CC1,CHEMBL218
CHEMBL401480,CC1CCN(C(=O)c2ccc3c(c2)c2c(n3S(=O)(=O)C(C)C)CN(C3CCCC3)C2)CC1,CHEMBL218
CHEMBL249025,CCS(=O)(=O)n1c2c(c3cc(C(=O)N4CCC(C)CC4)ccc31)CN(C1CCCC1)C2,CHEMBL218
CHEMBL249024,CC1CCN(C(=O)c2ccc3c(c2)c2c(n3S(C)(=O)=O)CN(C3CCCC3)C2)CC1,CHEMBL218
CHEMBL250626,CC1CCN(C(=O)c2ccc3c(c2)c2c(n3S(=O)(=O)c3ccccc3)CN(C3CCCC3)C2)CC1,CHEMBL218
CHEMBL250427,CCCCCc1cc(O)c2c(c1)CC(C)(C)[C@@H]1CCC(C)=C[C@@H]21,CHEMBL218
CHEMBL559612,CCCCCCC(C)(C)c1ccc([C@@H]2C[C@H](O)CC[C@H]2CCCO)c(O)c1,CHEMBL218
CHEMBL247996,Cc1c(C(C)(C)C)s/c(=N\C(=O)c2cccc(Br)c2)n1CC1CC1,CHEMBL218
CHEMBL401132,Cc1c(C(C)(C)C)s/c(=N\C(=O)c2cccc(C(F)(F)F)c2Cl)n1CC1CC1,CHEMBL218
CHEMBL247830,Cc1c(C(C)(C)C)s/c(=N\C(=O)c2ccccc2C(F)(F)F)n1CC1CC1,CHEMBL218
CHEMBL111,Cc1c(C(=O)NN2CCCCC2)nn(-c2ccc(Cl)cc2Cl)c1-c1ccc(Cl)cc1,CHEMBL218
CHEMBL151167,CCCCC/C=C\C/C=C\C/C=C\C/C=C\CCCC(=O)NCCCl,CHEMBL218
CHEMBL307696,CCCCCCC(C)(C)c1cc(O)c2c(c1)OC(C)(C)[C@@H]1CC=C(CO)C[C@@H]21,CHEMBL218
CHEMBL188,Cc1c(C(=O)c2cccc3ccccc23)c2cccc3c2n1[C@H](CN1CCOCC1)CO3,CHEMBL218
CHEMBL250769,O=C(NC1CCCCCC1)c1cn(CCN2CCOCC2)c2ccccc2c1=O,CHEMBL218
CHEMBL250768,O=C(NC1CCCCCC1)c1cn(Cc2ccccc2)c2ccccc2c1=O,CHEMBL218
CHEMBL250767,COc1ccc2c(=O)c(C(=O)NC3CCCCC3)cn(Cc3ccccc3)c2c1,CHEMBL218
CHEMBL382684,CC1=CC[C@@H]2[C@@H](C1)c1c(O)cc(-c3ccc(C)cc3)cc1OC2(C)C,CHEMBL218
CHEMBL394006,C=C(C)C1CCC(C)=C[C@H]1c1c(O)cc(C2(CCCCCC)CC2(Br)Br)cc1O,CHEMBL218
CHEMBL394305,C=C(C)C1CCC(C)=C[C@H]1c1c(O)cc(C2(CCCCCC)CC2)cc1O,CHEMBL218
CHEMBL239208,C=C(C)C1CCC(C)=C[C@H]1c1c(O)cc(C2(CCCCCC)SCCS2)cc1O,CHEMBL218
CHEMBL400040,C=C(C)C1CCC(C)=C[C@H]1c1c(O)cc(C2(C#N)CCCCC2)cc1O,CHEMBL218
CHEMBL238781,C=C(C)C1CCC(C)=C[C@H]1c1c(O)cc(C2(C#N)CCCC2)cc1O,CHEMBL218
CHEMBL239840,C=C(CCCCCC)c1cc(O)c2c(c1)OC(C)(C)[C@@H]1CC=C(C)C[C@@H]21,CHEMBL218
CHEMBL418555,CCCCCCC(=O)c1cc(O)c2c(c1)OC(C)(C)[C@@H]1CC=C(C)C[C@@H]21,CHEMBL218
CHEMBL118631,CCCCCCC1(c2cc(O)c3c(c2)OC(C)(C)[C@@H]2CC=C(C)C[C@@H]32)CC1(Br)Br,CHEMBL218
CHEMBL120669,CCCCCCC1(c2cc(O)c3c(c2)OC(C)(C)[C@@H]2CC=C(C)C[C@@H]32)CC1(Cl)Cl,CHEMBL218
CHEMBL19847,CCCCCCC1(c2cc(O)c3c(c2)OC(C)(C)[C@@H]2CC=C(C)C[C@@H]32)CC1,CHEMBL218
CHEMBL411626,CCCCCCC(C)(C)c1cc(O)c2c(c1)OC(C)(C)[C@@H]1CC=C(C)C[C@@H]21,CHEMBL218
CHEMBL67464,CCCCCCCc1cc(O)c2c(c1)OC(C)(C)[C@@H]1CC=C(C)C[C@@H]21,CHEMBL218
CHEMBL267227,CCCCCc1cc(O)c2c(c1)OC(C)(C)[C@@H]1CC=C(C)C[C@@H]21,CHEMBL218
CHEMBL108868,CCCCCCC1(c2cc(O)c3c(c2)OC(C)(C)[C@@H]2CC=C(C)C[C@@H]32)CCCC1,CHEMBL218
CHEMBL325135,CCCCCCC1(c2cc(O)c3c(c2)OC(C)(C)[C@@H]2CC=C(C)C[C@@H]32)SC(C)C(C)S1,CHEMBL218
CHEMBL108392,CCCCCCC1(c2cc(O)c3c(c2)OC(C)(C)[C@@H]2CC=C(C)C[C@@H]32)SCCCS1,CHEMBL218
CHEMBL322112,CCCCCCC1(c2cc(O)c3c(c2)OC(C)(C)[C@@H]2CC=C(C)C[C@@H]32)Sc2ccccc2S1,CHEMBL218
CHEMBL108085,CCCCCCC1(c2cc(O)c3c(c2)OC(C)(C)[C@@H]2CC=C(C)C[C@@H]32)OCCO1,CHEMBL218
CHEMBL476325,CCCCCCC1(c2cc(O)c3c(c2)OC(C)(C)[C@@H]2CC=C(C)C[C@@H]32)SCCS1,CHEMBL218
CHEMBL111345,CC1=CC[C@@H]2[C@@H](C1)c1c(O)cc(C3SCCS3)cc1OC2(C)C,CHEMBL218
CHEMBL205888,CC1=CC[C@@H]2[C@@H](C1)c1c(O)cc(C3(C#N)CCCCC3)cc1OC2(C)C,CHEMBL218
CHEMBL206859,CC1=CC[C@@H]2[C@@H](C1)c1c(O)cc(C3(C#N)CCCC3)cc1OC2(C)C,CHEMBL218
CHEMBL381492,CC1=CC[C@@H]2[C@@H](C1)c1c(O)cc(-c3cccc4ccccc34)cc1OC2(C)C,CHEMBL218
CHEMBL205908,CCCc1ccc(-c2cc(O)c3c(c2)OC(C)(C)[C@@H]2CC=C(C)C[C@@H]32)cc1,CHEMBL218
CHEMBL203131,CCc1ccc(-c2cc(O)c3c(c2)OC(C)(C)[C@@H]2CC=C(C)C[C@@H]32)cc1,CHEMBL218
CHEMBL138772,CC1=CC[C@@H]2[C@@H](C1)c1c(O)cc(C(C)(C)CCCCC(=O)NN3CCCCC3)cc1OC2(C)C,CHEMBL218
CHEMBL136120,CC1=CC[C@@H]2[C@@H](C1)c1c(O)cc(C(C)(C)CCCCOc3ccc(C#N)cc3)cc1OC2(C)C,CHEMBL218
CHEMBL138917,CC1=CC[C@@H]2[C@@H](C1)c1c(O)cc(C(C)(C)CCCCCC#N)cc1OC2(C)C,CHEMBL218
CHEMBL336670,CC1=CC[C@@H]2[C@@H](C1)c1c(O)cc(C(C)(C)CCCCC#N)cc1OC2(C)C,CHEMBL218
CHEMBL199561,CC1=CC[C@@H]2[C@@H](C1)c1c(O)cc(C(C)(C)CCCCBr)cc1OC2(C)C,CHEMBL218
CHEMBL102270,CC1=CC[C@@H]2[C@@H](C1)c1c(O)cc(CCCCCN=[N+]=[N-])cc1OC2(C)C,CHEMBL218
CHEMBL118028,CC1=CC[C@@H]2[C@@H](C1)c1c(O)cc(C3(c4ccccc4)SCCS3)cc1OC2(C)C,CHEMBL218
CHEMBL119592,CC1=CC[C@@H]2[C@@H](C1)c1c(O)cc(C(C)(C)c3ccccc3)cc1OC2(C)C,CHEMBL218
CHEMBL398907,CC1=CC[C@@H]2[C@@H](C1)c1c(O)cc(Oc3ccccc3)cc1OC2(C)C,CHEMBL218
CHEMBL408123,CC1=CC[C@@H]2[C@@H](C1)c1c(O)cc(Cc3ccccc3)cc1OC2(C)C,CHEMBL218
CHEMBL252949,CC1=CC[C@@H]2[C@@H](C1)c1c(O)cc(C(C)(C)C3CCCCCC3)cc1OC2(C)C,CHEMBL218
CHEMBL325389,CC1=CC[C@@H]2[C@@H](C1)c1c(O)cc(C(C)(C)C3CCCCC3)cc1OC2(C)C,CHEMBL218
CHEMBL252947,CC1=CC[C@@H]2[C@@H](C1)c1c(O)cc(C(C)(C)C3CCCC3)cc1OC2(C)C,CHEMBL218
CHEMBL434351,CC1=CC[C@@H]2[C@@H](C1)c1c(O)cc(C34CC5CC(CC(C5)C3)C4)cc1OC2(C)C,CHEMBL218
CHEMBL252743,CC1=CC[C@@H]2[C@@H](C1)c1c(O)cc(CCCC(C)C)cc1OC2(C)C,CHEMBL218
CHEMBL252742,CCCCCC(C)(C)c1cc(O)c2c(c1)OC(C)(C)[C@@H]1CC=C(C)C[C@@H]21,CHEMBL218
CHEMBL398905,CCCCC(C)(C)c1cc(O)c2c(c1)OC(C)(C)[C@@H]1CC=C(C)C[C@@H]21,CHEMBL218
CHEMBL252536,CCCC(C)(C)c1cc(O)c2c(c1)OC(C)(C)[C@@H]1CC=C(C)C[C@@H]21,CHEMBL218
CHEMBL276083,CC1=CC[C@@H]2[C@@H](C1)c1c(O)cc(C(C)(C)C)cc1OC2(C)C,CHEMBL218
CHEMBL400040,C=C(C)C1CCC(C)=C[C@H]1c1c(O)cc(C2(C#N)CCCCC2)cc1O,CHEMBL218
CHEMBL382684,CC1=CC[C@@H]2[C@@H](C1)c1c(O)cc(-c3ccc(C)cc3)cc1OC2(C)C,CHEMBL218
CHEMBL203131,CCc1ccc(-c2cc(O)c3c(c2)OC(C)(C)[C@@H]2CC=C(C)C[C@@H]32)cc1,CHEMBL218
CHEMBL205908,CCCc1ccc(-c2cc(O)c3c(c2)OC(C)(C)[C@@H]2CC=C(C)C[C@@H]32)cc1,CHEMBL218
CHEMBL381492,CC1=CC[C@@H]2[C@@H](C1)c1c(O)cc(-c3cccc4ccccc34)cc1OC2(C)C,CHEMBL218
CHEMBL206859,CC1=CC[C@@H]2[C@@H](C1)c1c(O)cc(C3(C#N)CCCC3)cc1OC2(C)C,CHEMBL218
CHEMBL238781,C=C(C)C1CCC(C)=C[C@H]1c1c(O)cc(C2(C#N)CCCC2)cc1O,CHEMBL218
CHEMBL205888,CC1=CC[C@@H]2[C@@H](C1)c1c(O)cc(C3(C#N)CCCCC3)cc1OC2(C)C,CHEMBL218
CHEMBL111345,CC1=CC[C@@H]2[C@@H](C1)c1c(O)cc(C3SCCS3)cc1OC2(C)C,CHEMBL218
CHEMBL476325,CCCCCCC1(c2cc(O)c3c(c2)OC(C)(C)[C@@H]2CC=C(C)C[C@@H]32)SCCS1,CHEMBL218
CHEMBL239208,C=C(C)C1CCC(C)=C[C@H]1c1c(O)cc(C2(CCCCCC)SCCS2)cc1O,CHEMBL218
CHEMBL108085,CCCCCCC1(c2cc(O)c3c(c2)OC(C)(C)[C@@H]2CC=C(C)C[C@@H]32)OCCO1,CHEMBL218
CHEMBL322112,CCCCCCC1(c2cc(O)c3c(c2)OC(C)(C)[C@@H]2CC=C(C)C[C@@H]32)Sc2ccccc2S1,CHEMBL218
CHEMBL108392,CCCCCCC1(c2cc(O)c3c(c2)OC(C)(C)[C@@H]2CC=C(C)C[C@@H]32)SCCCS1,CHEMBL218
CHEMBL325135,CCCCCCC1(c2cc(O)c3c(c2)OC(C)(C)[C@@H]2CC=C(C)C[C@@H]32)SC(C)C(C)S1,CHEMBL218
CHEMBL108868,CCCCCCC1(c2cc(O)c3c(c2)OC(C)(C)[C@@H]2CC=C(C)C[C@@H]32)CCCC1,CHEMBL218
CHEMBL267227,CCCCCc1cc(O)c2c(c1)OC(C)(C)[C@@H]1CC=C(C)C[C@@H]21,CHEMBL218
CHEMBL67464,CCCCCCCc1cc(O)c2c(c1)OC(C)(C)[C@@H]1CC=C(C)C[C@@H]21,CHEMBL218
CHEMBL411626,CCCCCCC(C)(C)c1cc(O)c2c(c1)OC(C)(C)[C@@H]1CC=C(C)C[C@@H]21,CHEMBL218
CHEMBL19847,CCCCCCC1(c2cc(O)c3c(c2)OC(C)(C)[C@@H]2CC=C(C)C[C@@H]32)CC1,CHEMBL218
CHEMBL120669,CCCCCCC1(c2cc(O)c3c(c2)OC(C)(C)[C@@H]2CC=C(C)C[C@@H]32)CC1(Cl)Cl,CHEMBL218
CHEMBL118631,CCCCCCC1(c2cc(O)c3c(c2)OC(C)(C)[C@@H]2CC=C(C)C[C@@H]32)CC1(Br)Br,CHEMBL218
CHEMBL394305,C=C(C)C1CCC(C)=C[C@H]1c1c(O)cc(C2(CCCCCC)CC2)cc1O,CHEMBL218
CHEMBL394006,C=C(C)C1CCC(C)=C[C@H]1c1c(O)cc(C2(CCCCCC)CC2(Br)Br)cc1O,CHEMBL218
CHEMBL418555,CCCCCCC(=O)c1cc(O)c2c(c1)OC(C)(C)[C@@H]1CC=C(C)C[C@@H]21,CHEMBL218
CHEMBL239840,C=C(CCCCCC)c1cc(O)c2c(c1)OC(C)(C)[C@@H]1CC=C(C)C[C@@H]21,CHEMBL218
CHEMBL245876,Cc1ccc(C(=O)Oc2cccc3cccnc23)cc1S(=O)(=O)N1CCCCC1,CHEMBL218
CHEMBL111,Cc1c(C(=O)NN2CCCCC2)nn(-c2ccc(Cl)cc2Cl)c1-c1ccc(Cl)cc1,CHEMBL218
CHEMBL412262,CN/C(=N\S(=O)(=O)c1ccc(Cl)cc1)N1C[C@H](c2ccccc2)C(c2ccc(Cl)cc2)=N1,CHEMBL218
CHEMBL428779,CCN(Cc1ccccc1)C(=O)c1oc2ccc(S(=O)(=O)N3CC(C)CC(C)C3)cc2c1C,CHEMBL218
CHEMBL272944,Cc1c(C(=O)N2CCCCCC2)oc2ccc(S(=O)(=O)N3CC(C)CC(C)C3)cc12,CHEMBL218
CHEMBL256234,Cc1c(C(=O)N(C)CCc2ccccc2)oc2ccc(S(=O)(=O)N3CC(C)CC(C)C3)cc12,CHEMBL218
CHEMBL256036,Cc1c(C(=O)NCCc2ccccc2)oc2ccc(S(=O)(=O)N3CC(C)CC(C)C3)cc12,CHEMBL218
CHEMBL404574,Cc1c(C(=O)NC2CCCCC2)oc2ccc(S(=O)(=O)N3CC(C)CC(C)C3)cc12,CHEMBL218
CHEMBL409343,CCCCNC(=O)c1oc2ccc(S(=O)(=O)N3CC(C)CC(C)C3)cc2c1C,CHEMBL218
CHEMBL271500,Cc1c(C(=O)NC2CCCC2)oc2ccc(S(=O)(=O)N3CC(C)CC(C)C3)cc12,CHEMBL218
CHEMBL407462,Cc1c(C(=O)NCc2ccc(F)cc2)oc2ccc(S(=O)(=O)N3CC(C)CC(C)C3)cc12,CHEMBL218
CHEMBL257714,Cc1ccc(CNC(=O)c2oc3ccc(S(=O)(=O)N4CC(C)CC(C)C4)cc3c2C)cc1,CHEMBL218
CHEMBL257713,CCOc1ccccc1CNC(=O)c1oc2ccc(S(=O)(=O)N3CC(C)CC(C)C3)cc2c1C,CHEMBL218
CHEMBL257715,COc1ccccc1CNC(=O)c1oc2ccc(S(=O)(=O)N3CC(C)CC(C)C3)cc2c1C,CHEMBL218
CHEMBL406675,Cc1c(C(=O)NCc2ccccc2Cl)oc2ccc(S(=O)(=O)N3CC(C)CC(C)C3)cc12,CHEMBL218
CHEMBL272138,Cc1c(C(=O)N(C)Cc2ccccc2)oc2ccc(S(=O)(=O)N3CC(C)CC(C)C3)cc12,CHEMBL218
CHEMBL272350,Cc1c(C(=O)NCc2ccccc2)oc2ccc(S(=O)(=O)N3CC(C)CC(C)C3)cc12,CHEMBL218
CHEMBL272139,Cc1c(C(=O)NC2CCCc3ccccc32)oc2ccc(S(=O)(=O)N3CC(C)CC(C)C3)cc12,CHEMBL218
CHEMBL111,Cc1c(C(=O)NN2CCCCC2)nn(-c2ccc(Cl)cc2Cl)c1-c1ccc(Cl)cc1,CHEMBL218
CHEMBL272139,Cc1c(C(=O)NC2CCCc3ccccc32)oc2ccc(S(=O)(=O)N3CC(C)CC(C)C3)cc12,CHEMBL218
CHEMBL411112,N#Cc1c(C(=O)NCc2ccc(Cl)c(Cl)c2)nn(-c2ccccc2)c1-n1cccc1,CHEMBL218
CHEMBL271824,Cc1c(C(=O)NC2CCCCC2)nn(-c2ccc(Cl)c(Cl)c2)c1-n1c(C)ccc1C,CHEMBL218
CHEMBL259042,Cc1c(C(=O)NCc2ccc(Cl)c(Cl)c2)nn(-c2ccc(Cl)c(Cl)c2)c1-n1c(C)ccc1C,CHEMBL218
CHEMBL259255,Cc1c(C(=O)NN2CCCCC2)nn(-c2ccc(Cl)c(Cl)c2)c1-n1c(C)ccc1C,CHEMBL218
CHEMBL272203,Cc1c(C(=O)NC2CCCCC2)nn(-c2ccc(Cl)c(Cl)c2)c1-n1cccc1,CHEMBL218
CHEMBL272035,Cc1c(C(=O)NCc2ccc(Cl)c(Cl)c2)nn(-c2ccc(Cl)c(Cl)c2)c1-n1cccc1,CHEMBL218
CHEMBL261381,Cc1c(C(=O)NN2CCCCC2)nn(-c2ccc(Cl)c(Cl)c2)c1-n1cccc1,CHEMBL218
CHEMBL261382,Cc1c(C(=O)NC2CCCCC2)nn(-c2ccc(Cl)cc2Cl)c1-n1c(C)ccc1C,CHEMBL218
CHEMBL410727,Cc1c(C(=O)NCc2ccc(Cl)c(Cl)c2)nn(-c2ccc(Cl)cc2Cl)c1-n1c(C)ccc1C,CHEMBL218
CHEMBL259476,Cc1c(C(=O)NN2CCCCC2)nn(-c2ccc(Cl)cc2Cl)c1-n1c(C)ccc1C,CHEMBL218
CHEMBL406924,Cc1c(C(=O)NC2CCCCC2)nn(-c2ccc(Cl)cc2Cl)c1-n1cccc1,CHEMBL218
CHEMBL259684,Cc1c(C(=O)NCc2ccc(Cl)c(Cl)c2)nn(-c2ccc(Cl)cc2Cl)c1-n1cccc1,CHEMBL218
CHEMBL271783,Cc1c(C(=O)NCC2CCCCC2)nn(-c2ccc(Cl)cc2)c1-n1cccc1,CHEMBL218
CHEMBL271988,Cc1c(C(=O)NN2CCCCC2)nn(-c2ccc(Cl)cc2)c1-n1cccc1,CHEMBL218
CHEMBL410496,O=C(NC1CCCCC1)c1cc(-n2cccc2)n(-c2ccc(Cl)cc2)n1,CHEMBL218
CHEMBL285932,Cc1c(C(=O)NN2CCCCC2)nn(-c2ccc(Cl)cc2Cl)c1-c1ccc(I)cc1,CHEMBL218
CHEMBL111,Cc1c(C(=O)NN2CCCCC2)nn(-c2ccc(Cl)cc2Cl)c1-c1ccc(Cl)cc1,CHEMBL218
CHEMBL271782,Cc1c(C(=O)NC2CCCCC2)nn(-c2c(Cl)cc(Cl)cc2Cl)c1-n1c(C)ccc1C,CHEMBL218
CHEMBL271611,Cc1c(C(=O)NN2CCCCC2)nn(-c2c(Cl)cc(Cl)cc2Cl)c1-n1c(C)ccc1C,CHEMBL218
CHEMBL411041,Cc1c(C(=O)NCc2ccc(Cl)c(Cl)c2)nn(-c2c(Cl)cc(Cl)cc2Cl)c1-n1cccc1,CHEMBL218
CHEMBL269919,Cc1c(C(=O)NC2CCCCC2)nn(-c2ccc(F)cc2F)c1-n1c(C)ccc1C,CHEMBL218
CHEMBL409150,Cc1c(C(=O)NCc2ccc(Cl)c(Cl)c2)nn(-c2ccc(F)cc2F)c1-n1c(C)ccc1C,CHEMBL218
CHEMBL271988,Cc1c(C(=O)NN2CCCCC2)nn(-c2ccc(Cl)cc2)c1-n1cccc1,CHEMBL218
CHEMBL271783,Cc1c(C(=O)NCC2CCCCC2)nn(-c2ccc(Cl)cc2)c1-n1cccc1,CHEMBL218
CHEMBL259684,Cc1c(C(=O)NCc2ccc(Cl)c(Cl)c2)nn(-c2ccc(Cl)cc2Cl)c1-n1cccc1,CHEMBL218
CHEMBL406924,Cc1c(C(=O)NC2CCCCC2)nn(-c2ccc(Cl)cc2Cl)c1-n1cccc1,CHEMBL218
CHEMBL259476,Cc1c(C(=O)NN2CCCCC2)nn(-c2ccc(Cl)cc2Cl)c1-n1c(C)ccc1C,CHEMBL218
CHEMBL410727,Cc1c(C(=O)NCc2ccc(Cl)c(Cl)c2)nn(-c2ccc(Cl)cc2Cl)c1-n1c(C)ccc1C,CHEMBL218
CHEMBL261382,Cc1c(C(=O)NC2CCCCC2)nn(-c2ccc(Cl)cc2Cl)c1-n1c(C)ccc1C,CHEMBL218
CHEMBL261381,Cc1c(C(=O)NN2CCCCC2)nn(-c2ccc(Cl)c(Cl)c2)c1-n1cccc1,CHEMBL218
CHEMBL272035,Cc1c(C(=O)NCc2ccc(Cl)c(Cl)c2)nn(-c2ccc(Cl)c(Cl)c2)c1-n1cccc1,CHEMBL218
CHEMBL272203,Cc1c(C(=O)NC2CCCCC2)nn(-c2ccc(Cl)c(Cl)c2)c1-n1cccc1,CHEMBL218
CHEMBL259255,Cc1c(C(=O)NN2CCCCC2)nn(-c2ccc(Cl)c(Cl)c2)c1-n1c(C)ccc1C,CHEMBL218
CHEMBL271824,Cc1c(C(=O)NC2CCCCC2)nn(-c2ccc(Cl)c(Cl)c2)c1-n1c(C)ccc1C,CHEMBL218
CHEMBL409150,Cc1c(C(=O)NCc2ccc(Cl)c(Cl)c2)nn(-c2ccc(F)cc2F)c1-n1c(C)ccc1C,CHEMBL218
CHEMBL269919,Cc1c(C(=O)NC2CCCCC2)nn(-c2ccc(F)cc2F)c1-n1c(C)ccc1C,CHEMBL218
CHEMBL271611,Cc1c(C(=O)NN2CCCCC2)nn(-c2c(Cl)cc(Cl)cc2Cl)c1-n1c(C)ccc1C,CHEMBL218
CHEMBL271782,Cc1c(C(=O)NC2CCCCC2)nn(-c2c(Cl)cc(Cl)cc2Cl)c1-n1c(C)ccc1C,CHEMBL218
CHEMBL188,Cc1c(C(=O)c2cccc3ccccc23)c2cccc3c2n1[C@H](CN1CCOCC1)CO3,CHEMBL218
CHEMBL188,Cc1c(C(=O)c2cccc3ccccc23)c2cccc3c2n1[C@H](CN1CCOCC1)CO3,CHEMBL218
CHEMBL411244,CC1(C)C(C(=O)c2cn(CC3CCOCC3)c3cc(-c4ccccc4)ccc23)C1(C)C,CHEMBL218
CHEMBL411244,CC1(C)C(C(=O)c2cn(CC3CCOCC3)c3cc(-c4ccccc4)ccc23)C1(C)C,CHEMBL218
CHEMBL271810,COC(=O)c1ccc2c(C(=O)C3C(C)(C)C3(C)C)cn(CC3CCOCC3)c2c1,CHEMBL218
CHEMBL271810,COC(=O)c1ccc2c(C(=O)C3C(C)(C)C3(C)C)cn(CC3CCOCC3)c2c1,CHEMBL218
CHEMBL410655,CC1(C)C(C(=O)c2cn(CC3CCOCC3)c3cc(C#N)ccc23)C1(C)C,CHEMBL218
CHEMBL410655,CC1(C)C(C(=O)c2cn(CC3CCOCC3)c3cc(C#N)ccc23)C1(C)C,CHEMBL218
CHEMBL272868,CC1(C)C(C(=O)c2cn(CC3CCOCC3)c3cc4c(cc23)OCO4)C1(C)C,CHEMBL218
CHEMBL272868,CC1(C)C(C(=O)c2cn(CC3CCOCC3)c3cc4c(cc23)OCO4)C1(C)C,CHEMBL218
CHEMBL270546,CC1(C)C(C(=O)c2cn(CC3CCOCC3)c3cc(OCc4ccccc4)ccc23)C1(C)C,CHEMBL218
CHEMBL270546,CC1(C)C(C(=O)c2cn(CC3CCOCC3)c3cc(OCc4ccccc4)ccc23)C1(C)C,CHEMBL218
CHEMBL272876,CC1(C)C(C(=O)c2cn(CC3CCOCC3)c3ccc(OCc4ccccc4)cc23)C1(C)C,CHEMBL218
CHEMBL272876,CC1(C)C(C(=O)c2cn(CC3CCOCC3)c3ccc(OCc4ccccc4)cc23)C1(C)C,CHEMBL218
CHEMBL117716,N=C(N)N1CCC[C@H](NC(=O)CNC(=O)[C@@H](CCNC(=O)c2ccc3ccccc3n2)NS(=O)(=O)Cc2ccccc2)C1O,CHEMBL244
CHEMBL369583,CC(=N)N1CCC(Oc2ccc3nc(CCC(=O)O)n(Cc4ccc5ccc(C(=N)N)cc5c4)c3c2)CC1,CHEMBL244
CHEMBL176744,CC(=N)N1CCC(Oc2ccc3c(c2)nc(C(C)C)n3Cc2ccc3ccc(C(=N)N)cc3c2)CC1,CHEMBL244
CHEMBL367476,CCC(C)c1nc2cc(OC3CCN(C(C)=N)CC3)ccc2n1Cc1ccc2ccc(C(=N)N)cc2c1,CHEMBL244
CHEMBL366405,COC(=O)C(C)CN(c1ccc2c(c1)nc(C)n2Cc1ccc2ccc(C(=N)N)cc2c1)C1CCN(C(C)=N)CC1,CHEMBL244
CHEMBL126575,Cc1c(F)c(Oc2cccc(C(=N)N)c2)cc(Oc2cccc(C(=N)N)c2)c1F,CHEMBL244
CHEMBL337921,Cc1cc(NC(=O)Cc2ccc3[nH]c(-c4ccc(Cl)s4)nc3c2)ccc1-n1ccccc1=O,CHEMBL244
CHEMBL340500,Cc1cc(NC(=O)Cc2ccc3[nH]c(-c4ccc(Cl)s4)nc3c2)ccc1N1CCOCC1=O,CHEMBL244
CHEMBL117721,N=C(N)N1CCC[C@H](NC(=O)CNC(=O)[C@@H](CNC(=O)c2cnccn2)NS(=O)(=O)Cc2ccccc2)C1O,CHEMBL244
CHEMBL331807,N=C(N)N1CCC[C@H](NC(=O)CNC(=O)[C@@H](CCNC(=O)c2ccc(O)nc2)NS(=O)(=O)Cc2ccccc2)C1O,CHEMBL244
CHEMBL323642,N=C(N)N1CCC[C@H](NC(=O)CNC(=O)[C@@H](CCNC(=O)c2ccccn2)NS(=O)(=O)Cc2ccccc2)C1O,CHEMBL244
CHEMBL176640,CCCCc1nc2cc(OC3CCN(C(C)=N)CC3)ccc2n1Cc1ccc2ccc(C(=N)N)cc2c1,CHEMBL244
CHEMBL366855,COC(=O)CCCN(c1ccc2c(c1)nc(C)n2Cc1ccc2ccc(C(=N)N)cc2c1)C1CCN(C(C)=N)CC1,CHEMBL244
CHEMBL125499,O=C(CCc1ccc2[nH]c(-c3ccc(Cl)s3)nc2c1)Nc1ccc(N2CCOCC2=O)cc1F,CHEMBL244
CHEMBL369480,CC(=N)N1CCC(N(CC(N)=O)c2ccc3nc(C)n(Cc4ccc5ccc(C(=N)N)cc5c4)c3c2)CC1,CHEMBL244
CHEMBL324485,N=C(N)N1CCC[C@H](NC(=O)CNC(=O)[C@@H](CCNC(=O)c2cnc3ccccc3c2)NC(=O)OCc2ccccc2)C1O,CHEMBL244
CHEMBL369159,CC(=N)N1CCC(Oc2ccc3c(c2)nc(CCC(=O)O)n3Cc2ccc3ccc(C(=N)N)cc3c2)CC1,CHEMBL244
CHEMBL172795,CC(=N)N1CCC(Oc2ccc3c(c2)nc(CCC(N)=O)n3Cc2ccc3ccc(C(=N)N)cc3c2)CC1,CHEMBL244
CHEMBL124705,O=C(Cc1ccc2[nH]c(-c3ccc(Cl)s3)nc2c1)Nc1ccc(N2CCCCC2=O)cc1,CHEMBL244
CHEMBL117678,N=C(N)N1CCC[C@H](NC(=O)CNC(=O)[C@@H](CCNC(=O)c2cccnc2)NS(=O)(=O)Cc2ccccc2)C1O,CHEMBL244
CHEMBL123151,O=C(COc1ccc2[nH]c(-c3ccc(Cl)s3)nc2c1)Nc1ccc(N2CCOCC2=O)cc1,CHEMBL244
CHEMBL124370,Cc1cc(NC(=O)CCc2ccc3[nH]c(-c4ccc(Cl)s4)nc3c2)ccc1N1CCOCC1=O,CHEMBL244
CHEMBL420322,N=C(N)N1CCC[C@H](NC(=O)CNC(=O)[C@@H](CCCNC(=O)c2cnccn2)NS(=O)(=O)Cc2ccccc2)C1O,CHEMBL244
CHEMBL177225,CCCCc1nc2ccc(OC3CCN(C(C)=N)CC3)cc2n1Cc1ccc2ccc(C(=N)N)cc2c1,CHEMBL244
CHEMBL105819,CC(O)[C@@H](C(=O)N[C@H](C)c1ccccc1)N(C)C(=O)[C@H](Cc1ccc([N+](=O)[O-])cc1)NC(=O)CCCN=C(N)N,CHEMBL244
CHEMBL264876,O=C(Cc1ccc2[nH]c(-c3ccc(Cl)s3)nc2c1)NCc1ccc(N2CCOCC2=O)cc1,CHEMBL244
CHEMBL122102,O=C(CCc1ccc2[nH]c(-c3ccc(Cl)s3)nc2c1)Nc1ccc(-n2ccccc2=O)c(F)c1,CHEMBL244
CHEMBL126208,O=C(Cc1ccc2[nH]c(-c3ccc(Cl)s3)nc2c1)NCC1CCN(c2ccncc2)CC1,CHEMBL244
CHEMBL116245,N=C(N)N1CCC[C@H](NC(=O)CNC(=O)[C@@H](CCNC(=O)c2cnccn2)NC(=O)OCc2ccccc2)C1O,CHEMBL244
CHEMBL366556,COC(=O)CCCN(c1ccc2nc(C)n(Cc3ccc4ccc(C(=N)N)cc4c3)c2c1)C1CCN(C(C)=N)CC1,CHEMBL244
CHEMBL366535,COC(=O)C(C)CN(c1ccc2nc(C)n(Cc3ccc4ccc(C(=N)N)cc4c3)c2c1)C1CCN(C(C)=N)CC1,CHEMBL244
CHEMBL125839,O=C(Cc1ccc2[nH]c(-c3ccc(Cl)s3)nc2c1)Nc1ccc(N2CCOCC2=O)cc1,CHEMBL244
CHEMBL124658,O=C(Cc1ccc2[nH]c(-c3ccc(Br)s3)nc2c1)NCC1CCN(c2ccncc2)CC1,CHEMBL244
CHEMBL115902,N=C(N)N1CCC[C@H](NC(=O)CNC(=O)[C@@H](CCNC(=O)c2cnc3ccccc3c2)NS(=O)(=O)Cc2ccccc2)C1O,CHEMBL244
CHEMBL369161,CCCc1nc2cc(OC3CCN(C(C)=N)CC3)ccc2n1Cc1ccc2ccc(C(=N)N)cc2c1,CHEMBL244
CHEMBL123150,Cc1cc(NC(=O)COc2ccc3[nH]c(-c4ccc(Cl)s4)nc3c2)ccc1N1CCOCC1=O,CHEMBL244
CHEMBL122329,Cc1cc(NC(=O)CCc2ccc3[nH]c(-c4ccc(Br)s4)nc3c2)ccc1N1CCOCC1=O,CHEMBL244
CHEMBL122023,CCC[C@@H](NC(=O)Nc1ccc(Cl)cc1)C(=O)Nc1ccc(N2CCOCC2=O)cc1,CHEMBL244
CHEMBL419608,O=C(Cc1ccc2[nH]c(-c3ccc(Br)s3)nc2c1)Nc1ccc(-n2ccccc2=O)cc1,CHEMBL244
CHEMBL172378,CC(=N)N1CCC(Oc2ccc3c(c2)ncn3Cc2ccc3ccc(C(=N)N)cc3c2)CC1,CHEMBL244
CHEMBL355097,COC(=O)CN(c1ccc2c(c1)nc(C)n2Cc1ccc2ccc(C(=N)N)cc2c1)C1CCN(C(C)=N)CC1,CHEMBL244
CHEMBL125552,O=C(CCc1ccc2[nH]c(-c3ccc(Cl)s3)nc2c1)Nc1ccc(N2CCOCC2=O)c(Cl)c1,CHEMBL244
CHEMBL323833,N=C(N)N1CCC[C@H](NC(=O)CNC(=O)[C@@H](CCNC(=O)c2cncc(Br)c2)NC(=O)OCc2ccccc2)C1O,CHEMBL244
CHEMBL367725,CC(=N)N1CCC(Oc2ccc3nc(CCC(N)=O)n(Cc4ccc5ccc(C(=N)N)cc5c4)c3c2)CC1,CHEMBL244
CHEMBL420688,N=C(N)N1CCC[C@H](NC(=O)CNC(=O)[C@@H](CCNC(=O)c2cnccn2)NS(=O)(=O)Cc2ccccc2)C1O,CHEMBL244
CHEMBL369165,CCC(C)c1nc2ccc(OC3CCN(C(C)=N)CC3)cc2n1Cc1ccc2ccc(C(=N)N)cc2c1,CHEMBL244
CHEMBL441670,CC(=N)N1CCC(Oc2ccc3c(c2)nc(C)n3Cc2ccc3ccc(C(=N)N)cc3c2)CC1,CHEMBL244
CHEMBL175286,CC(=N)N1CCC(Oc2ccc3c(c2)nc(C(C)(C)C)n3Cc2ccc3ccc(C(=N)N)cc3c2)CC1,CHEMBL244
CHEMBL355796,CCOC(=O)CCC(=O)N(c1ccc2nc(C)n(Cc3ccc4ccc(C(=N)N)cc4c3)c2c1)C1CCN(C(C)=N)CC1,CHEMBL244
CHEMBL341510,N=C(N)c1cccc(N[C@H](C(=O)Nc2ccc(N3CCCCC3=O)cc2)c2ccccc2)c1,CHEMBL244
CHEMBL173020,CC(=N)N1CCC(Oc2ccc3nc(C)n(Cc4ccc5ccc(C(=N)N)cc5c4)c3c2)CC1,CHEMBL244
CHEMBL24907,CCc1nc2cc(OC3CCN(C(C)=N)CC3)ccc2n1Cc1ccc2ccc(C(=N)N)cc2c1,CHEMBL244
CHEMBL177136,CC(=N)N1CCC(N(CC(C)C(=O)O)c2ccc3c(c2)nc(C)n3Cc2ccc3ccc(C(=N)N)cc3c2)CC1,CHEMBL244
CHEMBL273196,CN[C@H](Cc1ccccc1)C(=O)N1CCC[C@H]1C(=O)N[C@H](C=O)CCCNC(=N)N,CHEMBL244
CHEMBL177142,CC(=N)N1CCC(Oc2ccc3nc(C(C)C)n(Cc4ccc5ccc(C(=N)N)cc5c4)c3c2)CC1,CHEMBL244
CHEMBL115378,N=C(N)N1CCC[C@H](NC(=O)CNC(=O)[C@@H](CCNC(=O)c2nccc3ccccc23)NC(=O)OCc2ccccc2)C1O,CHEMBL244
CHEMBL172532,COC(=O)CN(c1ccc2nc(C)n(Cc3ccc4ccc(C(=N)N)cc4c3)c2c1)C1CCN(C(C)=N)CC1,CHEMBL244
CHEMBL125495,O=C(CNC(=O)Nc1ccc(Cl)cc1)Nc1ccc(N2CCOCC2=O)cc1,CHEMBL244
CHEMBL125491,O=C(CCc1ccc2[nH]c(-c3ccc(Br)s3)nc2c1)NCC1CCN(c2ccncc2)CC1,CHEMBL244
CHEMBL174829,CC(=N)N1CCC(N(CC(C)C(=O)O)c2ccc3nc(C)n(Cc4ccc5ccc(C(=N)N)cc5c4)c3c2)CC1,CHEMBL244
CHEMBL367840,CCc1nc2ccc(OC3CCN(C(C)=N)CC3)cc2n1Cc1ccc2ccc(C(=N)N)cc2c1,CHEMBL244
CHEMBL176813,CCCc1nc2ccc(OC3CCN(C(C)=N)CC3)cc2n1Cc1ccc2ccc(C(=N)N)cc2c1,CHEMBL244
CHEMBL117656,N=C(N)N1CCC[C@H](NC(=O)CNC(=O)[C@@H](CCNC(=O)c2cncc(Br)c2)NS(=O)(=O)Cc2ccccc2)C1O,CHEMBL244
CHEMBL117092,N=C(N)N1CCC[C@H](NC(=O)CNC(=O)[C@@H](CCNC(=O)c2nccc3ccccc23)NS(=O)(=O)Cc2ccccc2)C1O,CHEMBL244
CHEMBL176636,CC(=N)N1CCC(Oc2ccc3ncn(Cc4ccc5ccc(C(=N)N)cc5c4)c3c2)CC1,CHEMBL244
CHEMBL125939,O=C(CCc1ccc2[nH]c(-c3ccc(Cl)s3)nc2c1)Nc1ccc(N2CCOCC2=O)cc1,CHEMBL244
CHEMBL325869,N=C(N)N1CCC[C@H](NC(=O)CNC(=O)[C@@H](CCNC(=O)c2cnnc3ccccc23)NS(=O)(=O)Cc2ccccc2)C1O,CHEMBL244
CHEMBL115707,Cc1cnc(C(=O)NCC[C@@H](NC(=O)OCc2ccccc2)C(=O)NCC(=O)N[C@H]2CCCN(C(=N)N)C2O)cn1,CHEMBL244
CHEMBL117672,N=C(N)NCCCC(NS(=O)(=O)Cc1ccccc1)C(=O)NCC(=O)N[C@H]1CCCN(C(=N)N)C1O,CHEMBL244
CHEMBL425132,CC(=N)N1CCC(Oc2ccc3nc(C(C)(C)C)n(Cc4ccc5ccc(C(=N)N)cc5c4)c3c2)CC1,CHEMBL244
CHEMBL420338,Cc1cc(NC(=O)Cc2ccc3[nH]c(-c4ccc(Br)s4)nc3c2)ccc1N1CCOCC1=O,CHEMBL244
CHEMBL176830,O=C(Nc1ccc(Cl)cc1C(=O)Nc1ccc(Cl)cn1)c1ccc(-c2cccc(N3CCCC3)c2)cc1,CHEMBL244
CHEMBL425142,CC(=N)NCc1cccc(-c2ccc(C(=O)Nc3ccc(Cl)cc3C(=O)Nc3ccc(Cl)cn3)cc2)c1,CHEMBL244
CHEMBL425142,CC(=N)NCc1cccc(-c2ccc(C(=O)Nc3ccc(Cl)cc3C(=O)Nc3ccc(Cl)cn3)cc2)c1,CHEMBL244
CHEMBL441157,NS(=O)(=O)c1ccccc1-c1ccc(C(=O)Nc2cnccc2C(=O)Nc2ccc(Cl)cn2)cc1,CHEMBL244
CHEMBL368544,O=C(Nc1ccc(Cl)cc1C(=O)Nc1ccc(Cl)cn1)c1ccc(-c2ccccc2N2CCCNCC2)cc1,CHEMBL244
CHEMBL368544,O=C(Nc1ccc(Cl)cc1C(=O)Nc1ccc(Cl)cn1)c1ccc(-c2ccccc2N2CCCNCC2)cc1,CHEMBL244
CHEMBL46845,CCN(CC)C(=O)c1cccc(-c2ccc3c(c2)C[C@H]2[C@H]3[C@@H](CCCCC(=N)N)C(=O)N2C(=O)OC)c1,CHEMBL244
CHEMBL162443,N=C(N)N1CCCC(C[C@@H](NS(=O)(=O)Cc2ccccc2)C(=O)NCC(=O)N[C@H]2CCCN(C(=N)N)C2O)C1.O=C(O)C(F)(F)F,CHEMBL244
CHEMBL177996,O=C(Nc1ccc(Cl)cc1C(=O)Nc1ccc(Cl)cn1)c1ccc(-c2cccc(N3CCOCC3)c2)cc1,CHEMBL244
CHEMBL341187,N=C(N)c1cccc(C2Oc3ccccc3N(CCCCCN3CCCCC3)C2=O)c1,CHEMBL244
CHEMBL176484,O=C(Nc1ccc(Cl)cc1C(=O)Nc1ccc(Cl)cn1)c1ccc(-c2cccc(N3CCCNCC3)c2)cc1,CHEMBL244
CHEMBL368984,CN(C)C(=N)c1cccc(-c2ccc(C(=O)Nc3ccc(Cl)cc3C(=O)Nc3ccc(Cl)cn3)cc2)c1,CHEMBL244
CHEMBL368984,CN(C)C(=N)c1cccc(-c2ccc(C(=O)Nc3ccc(Cl)cc3C(=O)Nc3ccc(Cl)cn3)cc2)c1,CHEMBL244
CHEMBL427479,N=C(N)NCc1cccc(-c2ccc(C(=O)Nc3ccc(Cl)cc3C(=O)Nc3ccc(Cl)cn3)cc2)c1,CHEMBL244
CHEMBL163543,N=C(N)NCCC[C@@H](NC(=O)OCc1ccccc1)C(=O)NCC(=O)N[C@H]1CCCN(C(=N)N)C1O.O=C(O)C(F)(F)F,CHEMBL244
CHEMBL164418,CCOC(=O)c1ccc(CCOC(=O)N[C@H](CC2CCN(C(=N)N)CC2)C(=O)NCC(=O)N[C@H]2CCCN(C(=N)N)C2O)cc1.O=C(O)C(F)(F)F,CHEMBL244
CHEMBL173877,NS(=O)(=O)c1ccccc1-c1ccc(C(=O)NCCC(=O)Nc2ccc(Br)cn2)cc1,CHEMBL244
CHEMBL174750,NS(=O)(=O)c1ccccc1-c1ccc(C(=O)Nc2ccccc2C(=O)Nc2ccc(Br)cn2)cc1,CHEMBL244
CHEMBL435448,N=C(N)N1CCCC(C[C@@H](NS(=O)(=O)Cc2ccccc2C(=O)O)C(=O)NCC(=O)N[C@H]2CCCN(C(=N)N)C2O)C1.O=C(O)C(F)(F)F,CHEMBL244
CHEMBL163482,N=C(N)N1CCC(C[C@@H](NS(=O)(=O)Cc2cccc(C(=O)O)c2)C(=O)NCC(=O)N[C@H]2CCCN(C(=N)N)C2O)CC1.O=C(O)C(F)(F)F,CHEMBL244
CHEMBL163482,N=C(N)N1CCC(C[C@@H](NS(=O)(=O)Cc2cccc(C(=O)O)c2)C(=O)NCC(=O)N[C@H]2CCCN(C(=N)N)C2O)CC1.O=C(O)C(F)(F)F,CHEMBL244
CHEMBL122286,CC[C@@H](NC(=O)Nc1ccc(Cl)cc1)C(=O)Nc1ccc(N2CCOCC2=O)cc1,CHEMBL244
CHEMBL122023,CCC[C@@H](NC(=O)Nc1ccc(Cl)cc1)C(=O)Nc1ccc(N2CCOCC2=O)cc1,CHEMBL244
CHEMBL297169,CCN(CC)C(=O)c1cccc(-c2ccc3c(c2)[C@@H]2[C@@H](CCCCC(=N)N)C(=O)N(S(=O)(=O)c4ccccc4)[C@H]2C3)c1,CHEMBL244
CHEMBL121917,C[C@@H](NC(=O)Nc1ccc(Cl)cc1)C(=O)Nc1ccc(N2CCOCC2=O)cc1,CHEMBL244
CHEMBL133326,CC1CCCC(C)N1CCCCCN1C(=O)C(c2cccc(C(=N)N)c2)Oc2ccccc21,CHEMBL244
CHEMBL133326,CC1CCCC(C)N1CCCCCN1C(=O)C(c2cccc(C(=N)N)c2)Oc2ccccc21,CHEMBL244
CHEMBL177332,NS(=O)(=O)c1ccccc1-c1ccc(C(=O)Nc2ccc(-n3ccnc3)cc2C(=O)Nc2ccc(Br)cn2)cc1,CHEMBL244
CHEMBL367386,O=C(Nc1ccc(Cl)cc1C(=O)Nc1ccc(Cl)cn1)c1ccc(-c2cccc(N3CCC(C(=O)O)CC3)c2)cc1,CHEMBL244
CHEMBL177865,CN1CCCN(c2cccc(-c3ccc(C(=O)Nc4ccc(Cl)cc4C(=O)Nc4ccc(Cl)cn4)cc3)c2)CC1,CHEMBL244
CHEMBL130313,CC1CCCC(C)N1CCCCN1C(=O)C(c2cccc(C(=N)N)c2)Oc2ccccc21,CHEMBL244
CHEMBL177206,Nc1ccc(C(=O)Nc2ccc(Br)cn2)c(NC(=O)c2ccc(-c3ccccc3S(N)(=O)=O)cc2)c1,CHEMBL244
CHEMBL368411,O=C(Nc1ccc(Cl)cc1C(=O)Nc1ccc(Cl)cn1)c1ccc(-c2ccccc2N2CCCCC2)cc1,CHEMBL244
CHEMBL174330,O=C(Nc1ccc(Cl)cc1C(=O)Nc1ccc(Cl)cn1)c1ccc(-c2ccccc2N2CCC(C(=O)O)CC2)cc1,CHEMBL244
CHEMBL174330,O=C(Nc1ccc(Cl)cc1C(=O)Nc1ccc(Cl)cn1)c1ccc(-c2ccccc2N2CCC(C(=O)O)CC2)cc1,CHEMBL244
CHEMBL369130,O=C(Nc1ccc(Cl)cc1C(=O)Nc1ccc(Cl)cn1)c1ccc(-c2ccccc2N2CCNCC2)cc1,CHEMBL244
CHEMBL369130,O=C(Nc1ccc(Cl)cc1C(=O)Nc1ccc(Cl)cn1)c1ccc(-c2ccccc2N2CCNCC2)cc1,CHEMBL244
CHEMBL352119,COC(=O)c1ccccc1CS(=O)(=O)N[C@H](CC1CCCN(C(=N)N)C1)C(=O)NCC(=O)N[C@H]1CCCN(C(=N)N)C1O.O=C(O)C(F)(F)F,CHEMBL244
CHEMBL163543,N=C(N)NCCC[C@@H](NC(=O)OCc1ccccc1)C(=O)NCC(=O)N[C@H]1CCCN(C(=N)N)C1O.O=C(O)C(F)(F)F,CHEMBL244
CHEMBL432306,N=C(N)c1cccc(OCCNC(=O)c2ccc(-c3ccccc3S(N)(=O)=O)cc2)c1,CHEMBL244
CHEMBL164419,N=C(N)N1CCC(C[C@@H](NS(=O)(=O)Cc2ccccc2-n2cnnn2)C(=O)NCC(=O)N[C@H]2CCCN(C(=N)N)C2O)CC1.O=C(O)C(F)(F)F,CHEMBL244
CHEMBL164419,N=C(N)N1CCC(C[C@@H](NS(=O)(=O)Cc2ccccc2-n2cnnn2)C(=O)NCC(=O)N[C@H]2CCCN(C(=N)N)C2O)CC1.O=C(O)C(F)(F)F,CHEMBL244
CHEMBL130569,CC1CCC(C)N1CCCCCN1C(=O)C(c2cccc(C(=N)N)c2)Oc2ccccc21,CHEMBL244
CHEMBL173878,N=C(N)NCc1ccccc1-c1ccc(C(=O)Nc2ccc(Cl)cc2C(=O)Nc2ccc(Cl)cn2)cc1,CHEMBL244
CHEMBL173878,N=C(N)NCc1ccccc1-c1ccc(C(=O)Nc2ccc(Cl)cc2C(=O)Nc2ccc(Cl)cn2)cc1,CHEMBL244
CHEMBL162277,COC(=O)N[C@H](CC1CCN(C(=N)N)CC1)C(=O)NCC(=O)N[C@H]1CCCN(C(=N)N)C1O.O=C(O)C(F)(F)F,CHEMBL244
CHEMBL368676,Nc1ccc(NC(=O)c2ccc(-c3ccccc3S(N)(=O)=O)cc2)c(C(=O)Nc2ccc(Br)cn2)c1,CHEMBL244
CHEMBL174335,N=C(N)c1cccc(-c2ccc(C(=O)Nc3ccc(Cl)cc3C(=O)Nc3ccc(Cl)cn3)cc2)c1,CHEMBL244
CHEMBL174335,N=C(N)c1cccc(-c2ccc(C(=O)Nc3ccc(Cl)cc3C(=O)Nc3ccc(Cl)cn3)cc2)c1,CHEMBL244
CHEMBL175141,N=C(N)c1ccc(-c2ccc(C(=O)Nc3ccc(Cl)cc3C(=O)Nc3ccc(Cl)cn3)cc2)cc1,CHEMBL244
CHEMBL171854,CC(=N)NCc1ccccc1-c1ccc(C(=O)Nc2ccc(Cl)cc2C(=O)Nc2ccc(Cl)cn2)cc1,CHEMBL244
CHEMBL171854,CC(=N)NCc1ccccc1-c1ccc(C(=O)Nc2ccc(Cl)cc2C(=O)Nc2ccc(Cl)cn2)cc1,CHEMBL244
CHEMBL162399,N=C(N)N1CCC(C[C@@H](NS(=O)(=O)Cc2ccccc2)C(=O)NCC(=O)N[C@H]2CCCN(C(=N)N)C2O)CC1.O=C(O)C(F)(F)F,CHEMBL244
CHEMBL163338,COC(=O)c1cccc(CS(=O)(=O)N[C@H](CC2CCN(C(=N)N)CC2)C(=O)NCC(=O)N[C@H]2CCCN(C(=N)N)C2O)c1.O=C(O)C(F)(F)F,CHEMBL244
CHEMBL367644,O=C(Nc1ccc(Cl)cc1C(=O)Nc1ccc(Cl)cn1)c1ccc(-c2cccc(N3CCC(O)CC3)c2)cc1,CHEMBL244
CHEMBL367609,NS(=O)(=O)c1ccccc1-c1ccc(C(=O)Nc2ccccc2C(=O)Nc2ccc(Cl)cn2)cc1,CHEMBL244
CHEMBL177564,CNc1cccc(-c2ccc(C(=O)Nc3ccc(Cl)cc3C(=O)Nc3ccc(Cl)cn3)cc2)c1,CHEMBL244
CHEMBL163218,N=C(N)N1CCC(C[C@@H](NS(=O)(=O)Cc2ccccc2C(=O)O)C(=O)NCC(=O)N[C@H]2CCCN(C(=N)N)C2O)CC1.O=C(O)C(F)(F)F,CHEMBL244
CHEMBL163218,N=C(N)N1CCC(C[C@@H](NS(=O)(=O)Cc2ccccc2C(=O)O)C(=O)NCC(=O)N[C@H]2CCCN(C(=N)N)C2O)CC1.O=C(O)C(F)(F)F,CHEMBL244
CHEMBL162443,N=C(N)N1CCCC(C[C@@H](NS(=O)(=O)Cc2ccccc2)C(=O)NCC(=O)N[C@H]2CCCN(C(=N)N)C2O)C1.O=C(O)C(F)(F)F,CHEMBL244
CHEMBL351978,COC(=O)c1ccccc1CS(=O)(=O)N[C@H](CC1CCN(C(=N)N)CC1)C(=O)NCC(=O)N[C@H]1CCCN(C(=N)N)C1O.O=C(O)C(F)(F)F,CHEMBL244
CHEMBL368862,NS(=O)(=O)c1ccccc1-c1ccc(C(=O)Nc2ccncc2C(=O)Nc2ccc(Cl)cn2)cc1,CHEMBL244
CHEMBL444809,CN1CCN(c2ccccc2-c2ccc(C(=O)Nc3ccc(Cl)cc3C(=O)Nc3ccc(Cl)cn3)cc2)CC1,CHEMBL244
CHEMBL444809,CN1CCN(c2ccccc2-c2ccc(C(=O)Nc3ccc(Cl)cc3C(=O)Nc3ccc(Cl)cn3)cc2)CC1,CHEMBL244
CHEMBL163251,N=C(N)N1CCC(C(NS(=O)(=O)Cc2ccccc2)C(=O)NCC(=O)N[C@H]2CCCN(C(=N)N)C2O)CC1.O=C(O)C(F)(F)F,CHEMBL244
CHEMBL424260,CC1CCCC(C)N1CCCCCCN1C(=O)C(c2cccc(C(=N)N)c2)Oc2ccccc21,CHEMBL244
CHEMBL130378,N=C(N)c1cccc(C2Oc3ccccc3N(CCCCCN3CCOCC3)C2=O)c1,CHEMBL244
CHEMBL129854,CC(C)N(CCCCCN1C(=O)C(c2cccc(C(=N)N)c2)Oc2ccccc21)C(C)C,CHEMBL244
CHEMBL366962,CN(C)c1ccccc1-c1ccc(C(=O)Nc2ccc(Cl)cc2C(=O)Nc2ccc(Cl)cn2)cc1,CHEMBL244
CHEMBL366962,CN(C)c1ccccc1-c1ccc(C(=O)Nc2ccc(Cl)cc2C(=O)Nc2ccc(Cl)cn2)cc1,CHEMBL244
CHEMBL435448,N=C(N)N1CCCC(C[C@@H](NS(=O)(=O)Cc2ccccc2C(=O)O)C(=O)NCC(=O)N[C@H]2CCCN(C(=N)N)C2O)C1.O=C(O)C(F)(F)F,CHEMBL244
CHEMBL297835,N=C(N)c1cccc(Oc2ccccc2NC(=O)c2ccc(-c3ccccc3S(N)(=O)=O)cc2)c1,CHEMBL244
CHEMBL174005,NCc1ccccc1-c1ccc(C(=O)Nc2ccccc2C(=O)Nc2ccc(Cl)cn2)cc1,CHEMBL244
CHEMBL367451,CN1CCCN(c2ccccc2-c2ccc(C(=O)Nc3ccc(Cl)cc3C(=O)Nc3ccc(Cl)cn3)cc2)CC1,CHEMBL244
CHEMBL367451,CN1CCCN(c2ccccc2-c2ccc(C(=O)Nc3ccc(Cl)cc3C(=O)Nc3ccc(Cl)cn3)cc2)CC1,CHEMBL244
CHEMBL369084,CN(C)C(=N)c1ccc(-c2ccc(C(=O)Nc3ccc(Cl)cc3C(=O)Nc3ccc(Cl)cn3)cc2)cc1,CHEMBL244
CHEMBL423823,N=C(N)NCCC[C@@H](NS(=O)(=O)Cc1ccccc1)C(=O)NCC(=O)N[C@H]1CCCN(C(=N)N)C1O.O=C(O)C(F)(F)F,CHEMBL244
CHEMBL355573,Nc1cccc(-c2ccc(C(=O)Nc3ccc(Cl)cc3C(=O)Nc3ccc(Cl)cn3)cc2)c1,CHEMBL244
CHEMBL176694,O=C(Nc1ccc(Cl)cc1C(=O)Nc1ccc(Cl)cn1)c1ccc(-c2cccc(N3CCCCC3)c2)cc1,CHEMBL244
CHEMBL174815,O=C(Nc1ccc(Cl)cc1C(=O)Nc1ccc(Cl)cn1)c1ccc(-c2ccccc2N2CCC(O)CC2)cc1,CHEMBL244
CHEMBL174815,O=C(Nc1ccc(Cl)cc1C(=O)Nc1ccc(Cl)cn1)c1ccc(-c2ccccc2N2CCC(O)CC2)cc1,CHEMBL244
CHEMBL175381,NS(=O)(=O)c1ccccc1-c1ccc(C(=O)Nc2ncccc2C(=O)Nc2ccc(Cl)cn2)cc1,CHEMBL244
CHEMBL177652,O=C(Nc1ccc(Cl)cc1C(=O)Nc1ccc(Cl)cn1)c1ccc(-c2ccccc2N2CCOCC2)cc1,CHEMBL244
CHEMBL163543,N=C(N)NCCC[C@@H](NC(=O)OCc1ccccc1)C(=O)NCC(=O)N[C@H]1CCCN(C(=N)N)C1O.O=C(O)C(F)(F)F,CHEMBL244
CHEMBL93796,N=C(N)c1cccc(CN2CC[C@H](NS(=O)(=O)c3ccc4ccccc4c3)C2=O)c1,CHEMBL244
CHEMBL366802,Nc1ccc(NC(=O)c2ccc(-c3ccccc3S(N)(=O)=O)cc2)c(C(=O)Nc2ccc(Cl)cn2)c1,CHEMBL244
CHEMBL175562,NS(=O)(=O)c1ccccc1-c1ccc(C(=O)Nc2cccnc2C(=O)Nc2ccc(Cl)cn2)cc1,CHEMBL244
CHEMBL366862,Nc1ccccc1-c1ccc(C(=O)Nc2ccc(Cl)cc2C(=O)Nc2ccc(Cl)cn2)cc1,CHEMBL244
CHEMBL366862,Nc1ccccc1-c1ccc(C(=O)Nc2ccc(Cl)cc2C(=O)Nc2ccc(Cl)cn2)cc1,CHEMBL244
CHEMBL368089,CNc1ccccc1-c1ccc(C(=O)Nc2ccc(Cl)cc2C(=O)Nc2ccc(Cl)cn2)cc1,CHEMBL244
CHEMBL178112,O=C(Nc1ccc(Cl)cc1C(=O)Nc1ccc(Cl)cn1)c1ccc(-c2cccc(N3CCNCC3)c2)cc1,CHEMBL244
CHEMBL176136,CN(C)C(=N)c1ccccc1-c1ccc(C(=O)Nc2ccc(Cl)cc2C(=O)Nc2ccc(Cl)cn2)cc1,CHEMBL244
CHEMBL176136,CN(C)C(=N)c1ccccc1-c1ccc(C(=O)Nc2ccc(Cl)cc2C(=O)Nc2ccc(Cl)cn2)cc1,CHEMBL244
CHEMBL123381,CCCN(NC(=O)Nc1ccc(Cl)cc1)C(=O)Nc1ccc(N2CCOCC2=O)cc1,CHEMBL244
CHEMBL362229,O=C(Nc1ccc(Cl)cc1C(=O)Nc1ccc(Cl)cn1)c1ccc(-c2ccccc2N2CCCC2)cc1,CHEMBL244
CHEMBL367472,CN1CCN(c2cccc(-c3ccc(C(=O)Nc4ccc(Cl)cc4C(=O)Nc4ccc(Cl)cn4)cc3)c2)CC1,CHEMBL244
CHEMBL352119,COC(=O)c1ccccc1CS(=O)(=O)N[C@H](CC1CCCN(C(=N)N)C1)C(=O)NCC(=O)N[C@H]1CCCN(C(=N)N)C1O.O=C(O)C(F)(F)F,CHEMBL244
CHEMBL176866,CN(C)c1cccc(-c2ccc(C(=O)Nc3ccc(Cl)cc3C(=O)Nc3ccc(Cl)cn3)cc2)c1,CHEMBL244
CHEMBL1160895,CC(=N)N1CCC(Oc2ccc(C(Cc3ccc4ccc(C(=N)N)cc4c3)C(=O)O)cc2)CC1,CHEMBL244
CHEMBL102502,N=C(N)c1cccc(N2CCCCN(C3CCN(S(=O)(=O)c4ccccc4)CC3)C2=O)c1.O=C(O)C(F)(F)F,CHEMBL244
CHEMBL102345,N=C(N)c1cccc(N2CCCCN(C3CCN(Cc4cccs4)CC3)C2=O)c1.O=C(O)C(F)(F)F,CHEMBL244
CHEMBL104995,Cl.N=C(N)c1cccc(N2CCCCN(C3CCN(S(=O)(=O)c4cccs4)CC3)C2=O)c1,CHEMBL244
CHEMBL556200,Cl.Cl.N=C(N)c1cccc(N2CCCCN(C3CCN(CCc4ccccc4)CC3)C2=O)c1,CHEMBL244
CHEMBL553840,Cl.Cl.N=C(N)c1cccc(N2CCCCN(C3CCN(Cc4ccccc4)CC3)C2=O)c1,CHEMBL244
CHEMBL1160810,N=C(N)c1cccc(N2CCCCN(C3CCN(Cc4ccccn4)CC3)C2=O)c1.O=C(O)C(F)(F)F.O=C(O)C(F)(F)F,CHEMBL244
CHEMBL1160812,N=C(N)c1cccc(N2CCCCN(C3CCN(S(=O)(=O)c4ccc(N)cc4)CC3)C2=O)c1.O=C(O)C(F)(F)F.O=C(O)C(F)(F)F,CHEMBL244
CHEMBL1160793,N=C(N)c1cccc(N2CCCCN(C3CCN(Cc4ccncc4)CC3)C2=O)c1.O=C(O)C(F)(F)F.O=C(O)C(F)(F)F,CHEMBL244
CHEMBL275368,O=C1[C@@H](NS(=O)(=O)c2cc3ncccc3s2)CCN1Cc1cc2cc[nH]cc-2n1,CHEMBL244
CHEMBL1160791,N=C(N)c1cccc(N2CCCCN(C3CCN(S(=O)(=O)c4ccccc4N)CC3)C2=O)c1.O=C(O)C(F)(F)F.O=C(O)C(F)(F)F,CHEMBL244
CHEMBL1160792,N=C(N)c1cccc(N2CCCCN(C3CCN(S(=O)(=O)Cc4ccccn4)CC3)C2=O)c1.O=C(O)C(F)(F)F.O=C(O)C(F)(F)F,CHEMBL244
CHEMBL316053,Nc1nccc2ccc(CN3CC[C@H](NS(=O)(=O)c4cc5ncccc5s4)C3=O)cc12,CHEMBL244
CHEMBL103993,N=C(N)c1cccc(N2CCCCN(C3CCN(S(=O)(=O)Cc4ccccc4)CC3)C2=O)c1.O=C(O)C(F)(F)F,CHEMBL244
CHEMBL1160518,N=C(N)c1cccc(N2CCCCN(C3CCN(S(=O)(=O)c4cccc(N)c4)CC3)C2=O)c1.O=C(O)C(F)(F)F.O=C(O)C(F)(F)F,CHEMBL244
CHEMBL330572,N=C(N)c1ccc(O)c(CN2CC[C@H](NS(=O)(=O)c3cc4ncccc4s3)C2=O)c1,CHEMBL244
CHEMBL110419,COC(=O)C(Cc1cccc(C(=N)N)c1)C(C)NC(=O)c1ccc(-c2cccc(CN)c2)cc1,CHEMBL244
CHEMBL302968,CN1CCN=C1c1ccc(CN2CCN(S(=O)(=O)c3cc4ccc(Cl)cc4s3)CC2=O)cc1,CHEMBL244
CHEMBL65637,C/N=C(\N)c1ccc(C(=O)N2CCN(S(=O)(=O)c3ccc4cc(Br)ccc4c3)CC2)cc1,CHEMBL244
CHEMBL66535,CN1CCN=C1c1ccc(C(=O)N2CCN(S(=O)(=O)c3ccc4cc(Br)ccc4c3)CC2)cc1,CHEMBL244
CHEMBL19902,CC(=N)N1CC[C@H](Oc2ccc([C@H](Cc3ccc4ccc(C(=N)N)cc4c3)C(=O)O)cc2)C1,CHEMBL244
CHEMBL66362,N=C(c1ccc(C(=O)N2CCN(S(=O)(=O)c3cc4ccc(Cl)cc4s3)CC2)cc1)N1CCCC1,CHEMBL244
CHEMBL65394,CN(C)C(=N)c1ccc(CN2CCN(S(=O)(=O)c3cc4ccc(Cl)cc4s3)CC2=O)cc1,CHEMBL244
CHEMBL18767,COC(=O)CN(CCCc1ccc(-c2ccccc2S(N)(=O)=O)cc1)c1cccc(C(=N)N)c1.O=C(O)C(F)(F)F,CHEMBL244
CHEMBL63369,N=C(c1ccc(CN2CCN(S(=O)(=O)c3cc4ccc(Cl)cc4s3)CC2=O)cc1)N1CCCC1,CHEMBL244
CHEMBL279267,COC(=O)[C@@H]1CN(Cc2ccc(-c3ccccc3S(N)(=O)=O)cc2)O[C@H]1c1cccc(C(=N)N)c1.O=C(O)C(F)(F)F.O=C(O)C(F)(F)F,CHEMBL244
CHEMBL279628,COC(=O)CC1(C(=O)Nc2ccc(-c3ccccc3S(N)(=O)=O)cc2)CC(c2cccc(C(=N)N)c2)=NO1.O=C(O)C(F)(F)F,CHEMBL244
CHEMBL293682,CN1CCN=C1c1ccc(C(=O)N2CCN(S(=O)(=O)c3cc4cc(Cl)ccc4s3)CC2)cc1,CHEMBL244
CHEMBL292254,N=C(c1ccc(C(=O)N2CCN(S(=O)(=O)c3cc4cc(Cl)ccc4[nH]3)CC2)cc1)N1CCCC1,CHEMBL244
CHEMBL63307,COC(=O)CC1CN(S(=O)(=O)c2cc3ccc(Cl)cc3s2)CCN1C(=O)c1ccc(C2=NCCN2C)cc1,CHEMBL244
CHEMBL305394,CN1CCN=C1c1ccc(C(=O)N2CCN(S(=O)(=O)c3cc4ccc(Cl)cc4s3)CC2CC(=O)N2CCN(c3ccncc3)CC2)cc1,CHEMBL244
CHEMBL275582,CCOC(=O)[C@]1(C)CN(Cc2ccc(-c3ccccc3S(N)(=O)=O)cc2)C[C@H]1c1cccc(C(=N)N)c1.O=C(O)C(F)(F)F.O=C(O)C(F)(F)F,CHEMBL244
CHEMBL18578,CC(C)OC(=O)[C@@H]1CN(Cc2ccc(-c3ccccc3S(N)(=O)=O)cc2)O[C@H]1c1cccc(C(=N)N)c1.O=C(O)C(F)(F)F.O=C(O)C(F)(F)F,CHEMBL244
CHEMBL417738,N=C(c1ccc(C(=O)N2CCN(S(=O)(=O)c3cc4cc(Cl)ccc4[nH]3)CC2)cc1)N1CCC1,CHEMBL244
CHEMBL445616,CN1CCN=C1c1ccc(C(=O)N2CCN(S(=O)(=O)c3cc4cc(Cl)ccc4[nH]3)CC2CC(=O)N2CCOCC2)cc1,CHEMBL244
CHEMBL65219,CN1CCN=C1c1ccc(C(=O)N2CCN(S(=O)(=O)c3cc4ccc(Cl)cc4s3)CC2CC(=O)N2CCOCC2)cc1,CHEMBL244
CHEMBL65816,CCN1CCN=C1c1ccc(C(=O)N2CCN(S(=O)(=O)c3cc4cc(Cl)ccc4[nH]3)CC2)cc1,CHEMBL244
CHEMBL62279,CN1CCN=C1c1ccc(C(=O)N2CCN(S(=O)(=O)c3cc4cc(Cl)ccc4[nH]3)CC2CC(=O)N2CCCC2)cc1,CHEMBL244
CHEMBL19660,CC(=N)N1CC[C@H](Oc2ccc(C(Cc3ccc4ccc(C(=N)N)cc4c3)C(=O)O)cc2)C1,CHEMBL244
CHEMBL19075,COC(=O)[C@H]1CN(Cc2ccc(-c3ccccc3S(N)(=O)=O)cc2)C[C@H]1c1cccc(C(=N)N)c1.O=C(O)C(F)(F)F.O=C(O)C(F)(F)F,CHEMBL244
CHEMBL51413,Nc1cc(C2=NOC(C(=O)Nc3ccc(-c4ccccc4S(N)(=O)=O)cc3)C2)ccc1Cl,CHEMBL244
CHEMBL18225,COC(=O)[C@@H]1CN(Cc2ccc(-c3ccccc3S(N)(=O)=O)cc2)C[C@H]1c1cccc(C(=N)N)c1.O=C(O)C(F)(F)F.O=C(O)C(F)(F)F,CHEMBL244
CHEMBL429068,CCCCOC(=O)[C@@H]1CN(Cc2ccc(-c3ccccc3S(N)(=O)=O)cc2)C[C@H]1c1cccc(C(=N)N)c1.O=C(O)C(F)(F)F.O=C(O)C(F)(F)F,CHEMBL244
CHEMBL293248,CN1CCN=C1c1ccc(C(=O)N2CCN(S(=O)(=O)c3cc4cc(Cl)ccc4[nH]3)CC2CC(N)=O)cc1,CHEMBL244
CHEMBL65506,CN1CCN=C1c1ccc(C(=O)N2CCN(S(=O)(=O)c3cc4ccc(Cl)cc4s3)CC2CC(=O)N2CCCCC2)cc1,CHEMBL244
CHEMBL294782,CN1CCN=C1c1ccc(CN2CCN(S(=O)(=O)c3cc4cc(Cl)ccc4[nH]3)CC2=O)cc1,CHEMBL244
CHEMBL303790,N=C(c1ccc(CN2CCN(S(=O)(=O)c3cc4cc(Cl)ccc4[nH]3)CC2=O)cc1)N1CCCCC1,CHEMBL244
CHEMBL301729,N=C(N)c1cccc(C2=NOC(C(=O)Nc3ccc(-c4ccccc4S(N)(=O)=O)cc3)C2)c1,CHEMBL244
CHEMBL19139,N=C(N)c1ccc2ccc(CC(C(=O)O)c3ccc(O[C@H]4CCNC4)cc3)cc2c1,CHEMBL244
CHEMBL279962,N=C(N)c1ccc2oc(CCc3cc4cc(C(=N)N)ccc4o3)cc2c1,CHEMBL244
CHEMBL294594,NS(=O)(=O)c1ccccc1-c1ccc(C(=O)N2CCN(S(=O)(=O)c3ccc4cc(Br)ccc4c3)CC2)cc1,CHEMBL244
CHEMBL292941,CN1CCN=C1c1ccc(C(=O)N2CCN(S(=O)(=O)c3cc4cc(Cl)ccc4[nH]3)CC2CC(=O)O)cc1,CHEMBL244
CHEMBL65343,CCN(C)C(=N)c1ccc(C(=O)N2CCN(S(=O)(=O)c3cc4ccc(Cl)cc4s3)CC2)cc1,CHEMBL244
CHEMBL65613,N=C(c1ccc(C(=O)N2CCN(S(=O)(=O)c3cc4cc(Cl)ccc4[nH]3)CC2)cc1)N1CCCCC1,CHEMBL244
CHEMBL294115,N=C(c1ccc(CN2CCN(S(=O)(=O)c3cc4ccc(Cl)cc4s3)CC2=O)cc1)N1CCC1,CHEMBL244
CHEMBL304859,N=C(c1ccc(C(=O)N2CCN(S(=O)(=O)c3cc4ccc(Cl)cc4s3)CC2)cc1)N1CCCCC1,CHEMBL244
CHEMBL65128,N=C(c1ccc(C(=O)N2CCN(S(=O)(=O)c3cc4ccc(Cl)cc4s3)CC2)cc1)N1CCC1,CHEMBL244
CHEMBL64904,C#CCN(C)C(=O)CC1CN(S(=O)(=O)c2cc3cc(Cl)ccc3[nH]2)CCN1C(=O)c1ccc(C2=NCCN2C)cc1,CHEMBL244
CHEMBL19038,N=C(N)c1cccc([C@@H]2CN(Cc3ccc(-c4ccccc4S(N)(=O)=O)cc3)C[C@H]2C(N)=O)c1.O=C(O)C(F)(F)F.O=C(O)C(F)(F)F,CHEMBL244
CHEMBL66583,CN1CCN=C1c1ccc(C(=O)N2CCN(S(=O)(=O)c3cc4cc(Cl)ccc4[nH]3)CC2CC(=O)N2CCC2)cc1,CHEMBL244
CHEMBL291429,CN1CCN=C1c1ccc(C(=O)N2CCN(S(=O)(=O)c3cc4cc(Cl)ccc4[nH]3)CC2CC(=O)N2CCCCC2)cc1,CHEMBL244
CHEMBL293423,N=C(c1ccc(CN2CCN(S(=O)(=O)c3cc4cc(Cl)ccc4[nH]3)CC2=O)cc1)N1CCCC1,CHEMBL244
CHEMBL18225,COC(=O)[C@@H]1CN(Cc2ccc(-c3ccccc3S(N)(=O)=O)cc2)C[C@H]1c1cccc(C(=N)N)c1.O=C(O)C(F)(F)F.O=C(O)C(F)(F)F,CHEMBL244
CHEMBL61950,CN1CCN=C1c1ccc(C(=O)N2CCN(S(=O)(=O)c3cc4cc(Cl)ccc4[nH]3)CC2C(=O)O)cc1,CHEMBL244
CHEMBL62746,N=C(N)c1ccc(C(=O)N2CCN(S(=O)(=O)c3ccc4cc(Br)ccc4c3)CC2)cc1,CHEMBL244
CHEMBL62758,CCN1CCN=C1c1ccc(C(=O)N2CCN(S(=O)(=O)c3ccc4cc(Br)ccc4c3)CC2)cc1,CHEMBL244
CHEMBL293462,CN1CCN=C1c1ccc(C(=O)N2CCN(S(=O)(=O)c3cc4ccc(Cl)cc4s3)CC2)cc1,CHEMBL244
CHEMBL303504,CNC(=O)CC1CN(S(=O)(=O)c2cc3cc(Cl)ccc3[nH]2)CCN1C(=O)c1ccc(C2=NCCN2C)cc1,CHEMBL244
CHEMBL64994,COC(=O)C1CCN(C(=O)CC2CN(S(=O)(=O)c3cc4ccc(Cl)cc4s3)CCN2C(=O)c2ccc(C3=NCCN3C)cc2)CC1,CHEMBL244
CHEMBL65877,CN(C)C(=N)c1ccc(C(=O)N2CCN(S(=O)(=O)c3ccc4cc(Br)ccc4c3)CC2)cc1,CHEMBL244
CHEMBL63518,CN1CCN=C1c1ccc(C(=O)N2CCN(S(=O)(=O)c3cc4ccc(Cl)cc4s3)CC2CC(=O)N2CCC2)cc1,CHEMBL244
CHEMBL276782,CC(C)OC(=O)[C@@H]1CN(Cc2ccc(-c3ccccc3S(N)(=O)=O)cc2)C[C@H]1c1cccc(C(=N)N)c1.O=C(O)C(F)(F)F.O=C(O)C(F)(F)F,CHEMBL244
CHEMBL291430,CN1CCN=C1c1ccc(C(=O)N2CCN(S(=O)(=O)c3cc4ccc(Cl)cc4s3)CC2CC(=O)O)cc1,CHEMBL244
CHEMBL291644,C#CCN(C)C(=O)CC1CN(S(=O)(=O)c2cc3ccc(Cl)cc3s2)CCN1C(=O)c1ccc(C2=NCCN2C)cc1,CHEMBL244
CHEMBL302178,N=C(c1ccc(C(=O)N2CCN(S(=O)(=O)c3ccc4cc(Br)ccc4c3)CC2)cc1)N1CCCCC1,CHEMBL244
CHEMBL304080,CN1CCN=C1c1ccc(C(=O)N2CCN(S(=O)(=O)c3cc4ccc(Cl)cc4s3)CC2CC(=O)N2CCCC2)cc1,CHEMBL244
CHEMBL62656,N=C(c1ccc(CN2CCN(S(=O)(=O)c3cc4cc(Cl)ccc4[nH]3)CC2=O)cc1)N1CCC1,CHEMBL244
CHEMBL277994,COC(=O)[C@H]1CN(Cc2ccc(-c3ccccc3S(N)(=O)=O)cc2)C[C@@H]1c1cccc(C(=N)N)c1.O=C(O)C(F)(F)F.O=C(O)C(F)(F)F,CHEMBL244
CHEMBL63672,CN1CCN=C1c1ccc(C(=O)N2CCN(S(=O)(=O)c3cc4cc(Cl)ccc4[nH]3)CC2CC(=O)N2CCN(c3ccncc3)CC2)cc1,CHEMBL244
CHEMBL305379,CN(C)C(=N)c1ccc(CN2CCN(S(=O)(=O)c3cc4cc(Cl)ccc4[nH]3)CC2=O)cc1,CHEMBL244
CHEMBL277267,CCOC(=O)C(Cc1ccc2ccc(C(=N)N)cc2c1)c1ccc(O[C@H]2CCNC2)cc1,CHEMBL244
CHEMBL293217,CN(C)C(=N)c1ccc(C(=O)N2CCN(S(=O)(=O)c3cc4cc(Cl)ccc4[nH]3)CC2)cc1,CHEMBL244
CHEMBL65146,COC(=O)CC1CN(S(=O)(=O)c2cc3cc(Cl)ccc3[nH]2)CCN1C(=O)c1ccc(C2=NCCN2C)cc1,CHEMBL244
CHEMBL303345,CN1CCN=C1c1ccc(C(=O)N2CCN(S(=O)(=O)c3cc4ccc(Cl)cc4s3)CC2CC(=O)N2CCC(C(=O)O)CC2)cc1,CHEMBL244
CHEMBL63475,CN(C)C(=N)c1ccc(C(=O)N2CCN(S(=O)(=O)c3cc4ccc(Cl)cc4s3)CC2)cc1,CHEMBL244
CHEMBL62870,COC(=O)C1CN(S(=O)(=O)c2cc3cc(Cl)ccc3[nH]2)CCN1C(=O)c1ccc(C2=NCCN2C)cc1,CHEMBL244
CHEMBL292305,CN(C)C(=O)CC1CN(S(=O)(=O)c2cc3ccc(Cl)cc3s2)CCN1C(=O)c1ccc(C2=NCCN2C)cc1,CHEMBL244
CHEMBL18627,CC(=O)[C@@H]1CN(Cc2ccc(-c3ccccc3S(N)(=O)=O)cc2)C[C@H]1c1cccc(C(=N)N)c1.O=C(O)C(F)(F)F.O=C(O)C(F)(F)F,CHEMBL244
CHEMBL294121,CN1CCN=C1c1ccc(C(=O)N2CCN(S(=O)(=O)c3cc4cc(Cl)ccc4[nH]3)CC2)cc1,CHEMBL244
CHEMBL294121,CN1CCN=C1c1ccc(C(=O)N2CCN(S(=O)(=O)c3cc4cc(Cl)ccc4[nH]3)CC2)cc1,CHEMBL244
CHEMBL436356,CCN1CCN=C1c1ccc(C(=O)N2CCN(S(=O)(=O)c3cc4ccc(Cl)cc4s3)CC2)cc1,CHEMBL244
CHEMBL65978,CCN(C)C(=N)c1ccc(C(=O)N2CCN(S(=O)(=O)c3cc4cc(Cl)ccc4[nH]3)CC2)cc1,CHEMBL244
CHEMBL66030,CN(C)C(=O)CC1CN(S(=O)(=O)c2cc3cc(Cl)ccc3[nH]2)CCN1C(=O)c1ccc(C2=NCCN2C)cc1,CHEMBL244
CHEMBL305097,N=C(c1ccc(CN2CCN(S(=O)(=O)c3cc4ccc(Cl)cc4s3)CC2=O)cc1)N1CCCCC1,CHEMBL244
CHEMBL101671,CN1CCc2nc(C(=O)N3CCN(S(=O)(=O)c4ccc5cc(Cl)ccc5c4)CC3C(=O)NCC(=O)N3CCOCC3)sc2C1,CHEMBL244
CHEMBL102186,CC(C)NC(=O)C1CN(S(=O)(=O)c2ccc3cc(Cl)ccc3c2)CCN1C(=O)c1nc2c(s1)CN(C)CC2,CHEMBL244
CHEMBL100732,CN1CCc2nc(C(=O)N3CCN(S(=O)(=O)c4ccc5cc(Cl)ccc5c4)CC3)sc2C1,CHEMBL244
CHEMBL98276,CNC(=O)C1CN(S(=O)(=O)c2ccc3cc(Cl)ccc3c2)CCN1C(=O)c1nc2c(s1)CN(C)CC2,CHEMBL244
CHEMBL101040,CN1CCc2nc(C(=O)N3CCN(S(=O)(=O)c4ccc5cc(Cl)ccc5c4)CC3C(=O)NCC(N)=O)sc2C1,CHEMBL244
CHEMBL318566,C[N+]1(C)CCc2nc(C(=O)N3CCN(S(=O)(=O)c4ccc5cc(Cl)ccc5c4)CC3)sc2C1.[I-],CHEMBL244
CHEMBL441812,CN1CCc2nc(C(=O)N3CCN(S(=O)(=O)c4ccc5cc(Cl)ccc5c4)CC3C(=O)N(C)C)sc2C1,CHEMBL244
CHEMBL100751,CN1CCc2nc(C(=O)N3CCN(S(=O)(=O)c4ccc5cc(Cl)ccc5c4)CC3C(N)=O)sc2C1,CHEMBL244
CHEMBL99483,O=C(c1nc2c(s1)CNCC2)N1CCN(S(=O)(=O)c2ccc3cc(Cl)ccc3c2)CC1,CHEMBL244
CHEMBL25478,CCc1nc2ccc(OC3CCN(C(C)=N)CC3)cc2n1C/C(C)=C/c1cccc(N)c1,CHEMBL244
CHEMBL358910,N=C(N)c1ccc(/C=C2/CCCC/C(=C/c3ccc(C(N)=O)cc3)C2=O)cc1,CHEMBL244
CHEMBL130464,CC(=O)Nc1ccc(C[C@H](NC(=O)[C@@H](Cc2ccccc2)NS(=O)(=O)Cc2ccccc2)C(=O)N[C@@H](CCCN=C(N)N)C(=O)c2nccs2)cc1,CHEMBL244
CHEMBL152274,N=C(N)c1cccc(-n2cccc2C(=O)Nc2ccc(-c3ccccc3S(N)(=O)=O)cc2)c1.O=C(O)C(F)(F)F,CHEMBL244
CHEMBL25351,CC(=N)N1CCC(Oc2ccc3c(nc(C)n3Cc3ccc4ccc(C(=N)N)cc4c3)c2[N+](=O)[O-])CC1,CHEMBL244
CHEMBL357795,N=C(N)c1ccc(/C=C2/CCCCCC/C(=C\c3ccc(C(=N)N)cc3)C2=O)cc1,CHEMBL244
CHEMBL151144,COC(=O)C1C/C(=C/c2ccc(C(=N)N)cc2)C(=O)/C(=C\c2ccc(C(=N)N)cc2)C1,CHEMBL244
CHEMBL358918,N=C(N)c1ccc(/C=C2/CCCCC/C(=C/c3ccc(C(=N)N)cc3)C2=O)cc1,CHEMBL244
CHEMBL423480,CCc1nc2ccc(OC3CCN(C(C)=N)CC3)cc2n1C/C=C/c1ccc(N)cc1,CHEMBL244
CHEMBL429170,N=C(N)NCCC[C@H](NC(=O)[C@H](Cc1cccc(F)c1)NC(=O)[C@@H](Cc1ccccc1)NS(=O)(=O)Cc1ccccc1)C(=O)c1nccs1,CHEMBL244
CHEMBL280342,CCc1nc2cc(OC3CCN(C(C)=N)CC3)ccc2n1C/C=C/c1ccc(N)cc1,CHEMBL244
CHEMBL280769,CCc1nc2c(NC(C)=O)c(OC3CCN(C(C)=N)CC3)ccc2n1Cc1ccc2ccc(C(=N)N)cc2c1,CHEMBL244
CHEMBL25698,CCc1nc2cc(OC3CCN(C(C)=N)CC3)ccc2n1Cc1cccc(-c2ccc(C(=N)N)cc2)c1,CHEMBL244
CHEMBL24565,CCc1nc2cc(OC3CCN(C(C)=N)CC3)ccc2n1C/C(C)=C/c1cccc(N)c1,CHEMBL244
CHEMBL25474,CCc1nc2cc(OC3CCN(C(C)=N)CC3)ccc2n1C/C=C/c1cc(N)ccc1OC,CHEMBL244
CHEMBL345492,CCOC(=O)N1C/C(=C/c2ccc(C(=N)N)cc2)C(=O)/C(=C\c2ccc(C(=N)N)cc2)C1,CHEMBL244
CHEMBL25184,CCc1nc2ccc(OC3CCN(C(C)=N)CC3)cc2n1Cc1ccc(-c2ccc(C(=N)N)cc2)cc1,CHEMBL244
CHEMBL24915,CCc1nc2ccc(OC3CCN(C(C)=N)CC3)cc2n1C/C=C/c1cc(N)ccc1OC,CHEMBL244
CHEMBL55035,N=C(N)c1ccc(/C=C2/CCCC/C(=C/c3ccc(C(=N)N)cc3)C2=O)cc1,CHEMBL244
CHEMBL283293,CC(=N)N1CCC(Oc2ccc3c(nc(C(C)C)n3Cc3ccc4ccc(C(=N)N)cc4c3)c2[N+](=O)[O-])CC1,CHEMBL244
CHEMBL149960,N=C(N)c1ccc(/C=C2/CC/C(=C\c3ccc(C(=N)N)cc3)C2=O)cc1,CHEMBL244
CHEMBL347931,CCCCc1cc(C(=O)Nc2ccc(-c3ccccc3S(N)(=O)=O)cc2)n(-c2cccc(C(=N)N)c2)n1.O=C(O)C(F)(F)F,CHEMBL244
CHEMBL346834,N=C(N)c1cccc(-n2cc(Br)cc2C(=O)Nc2ccc(-c3ccccc3S(N)(=O)=O)cc2)c1.O=C(O)C(F)(F)F,CHEMBL244
CHEMBL24012,CCc1nc2c(N(C)C)c(OC3CCN(C(C)=N)CC3)ccc2n1Cc1ccc2ccc(C(=N)N)cc2c1,CHEMBL244
CHEMBL150277,N=C(N)c1ccc(/C=C2/CCC/C(=C/c3ccc(C(=N)N)cc3)C2=O)cc1,CHEMBL244
CHEMBL151562,C/N=C(\N)c1ccc(/C=C2/CCCC/C(=C/c3ccc(C(=N)N)cc3)C2=O)cc1,CHEMBL244
CHEMBL153611,N=C(N)c1cccc(-c2nocc2C(=O)Nc2ccc(-c3ccccc3S(N)(=O)=O)cc2)c1.O=C(O)C(F)(F)F,CHEMBL244
CHEMBL152859,Cc1cc(C(=O)Nc2ccc(-c3ccccc3S(N)(=O)=O)cc2Br)n(-c2cccc(C(=N)N)c2)n1,CHEMBL244
CHEMBL73193,CN1CCN=C1c1cccc(Oc2nc(Oc3cc(C(=N)N)ccc3O)c(F)c(N(C)CC(=O)O)c2F)c1,CHEMBL244
CHEMBL78053,N=C(N)NCCC[C@H](NC(=O)[C@H](Cc1cccnc1)NC(=O)[C@@H](Cc1ccccc1)NS(=O)(=O)Cc1ccccc1)C(=O)c1nccs1,CHEMBL244
CHEMBL78057,Cc1cccc(C[C@H](NC(=O)[C@@H](Cc2ccccc2)NS(=O)(=O)Cc2ccccc2)C(=O)N[C@@H](CCCN=C(N)N)C(=O)c2nccs2)c1,CHEMBL244
CHEMBL77428,N=C(N)NCCC[C@H](NC(=O)[C@H](Cc1cccc(Cl)c1)NC(=O)[C@@H](Cc1ccccc1)NS(=O)(=O)Cc1ccccc1)C(=O)c1nccs1,CHEMBL244
CHEMBL277204,CCc1nc2c(N)c(OC3CCN(C(C)=N)CC3)ccc2n1Cc1ccc2ccc(C(=N)N)cc2c1,CHEMBL244
CHEMBL358834,Cc1cc(C(=O)N(C)c2ccc(-c3ccccc3S(N)(=O)=O)cc2)n(-c2cccc(C(=N)N)c2)n1.O=C(O)C(F)(F)F,CHEMBL244
CHEMBL421808,Cc1cc(C(=O)Nc2ncc(-c3ccccc3S(N)(=O)=O)cn2)n(-c2cccc(C(=N)N)c2)n1,CHEMBL244
CHEMBL339241,N=C(N)NCCC[C@H](NC(=O)[C@H](Cc1cc(F)cc(F)c1)NC(=O)[C@@H](Cc1ccccc1)NS(=O)(=O)Cc1ccccc1)C(=O)c1nccs1,CHEMBL244
CHEMBL131452,N=C(N)NCCC[C@H](NC(=O)[C@H](COCc1ccccc1)NC(=O)[C@@H](Cc1ccccc1)NS(=O)(=O)Cc1ccccc1)C(=O)c1nccs1,CHEMBL244
CHEMBL152276,Cc1cc(C(=O)Nc2ccc(-c3ccccc3F)cc2)n(-c2cccc(C(=N)N)c2)n1,CHEMBL244
CHEMBL131401,N=C(N)NCCC[C@H](NC(=O)[C@H](Cc1cc(F)c(F)c(F)c1)NC(=O)[C@@H](Cc1ccccc1)NS(=O)(=O)Cc1ccccc1)C(=O)c1nccs1,CHEMBL244
CHEMBL24907,CCc1nc2cc(OC3CCN(C(C)=N)CC3)ccc2n1Cc1ccc2ccc(C(=N)N)cc2c1,CHEMBL244
CHEMBL25477,CCc1nc2ccc(OC3CCN(C(C)=N)CC3)cc2n1C/C=C/c1cc(N)ccc1O,CHEMBL244
CHEMBL94336,N=C(N)c1ccc(/C=C2/CCCC/C(=C\c3ccc(C(=N)N)cc3)C2=O)cc1,CHEMBL244
CHEMBL154512,Cc1cc(C(=O)Nc2ccc(-c3ccccc3C(F)(F)F)cc2)n(-c2cccc(C(=N)N)c2)n1,CHEMBL244
CHEMBL311553,N=C(N)NCCC[C@H](NC(=O)[C@H](Cc1ccccc1F)NC(=O)[C@@H](Cc1ccccc1)NS(=O)(=O)Cc1ccccc1)C(=O)c1nccs1,CHEMBL244
CHEMBL355969,N=C(N)c1ccc(/C=C2/CCCCCCC/C(=C/c3ccc(C(=N)N)cc3)C2=O)cc1,CHEMBL244
CHEMBL444074,Cc1cc(C(=O)Nc2ccc(-c3ccccc3)cc2)n(-c2cccc(C(=N)N)c2)n1,CHEMBL244
CHEMBL356016,N=C(N)c1cccc(-n2nccc2C(=O)Nc2ccc(-c3ccccc3S(N)(=O)=O)cc2)c1.O=C(O)C(F)(F)F,CHEMBL244
CHEMBL283901,CCc1nc2cc(OC3CCN(C(C)=N)CC3)ccc2n1Cc1ccc(-c2cccc(C(=N)N)c2)cc1,CHEMBL244
CHEMBL24460,CCc1nc2ccc(OC3CCN(C(C)=N)CC3)cc2n1C/C=C/c1cccc(N)c1,CHEMBL244
CHEMBL151481,CN(C)C(=N)c1ccc(/C=C2/CCCC/C(=C\c3ccc(C(=N)N)cc3)C2=O)cc1,CHEMBL244
CHEMBL25068,CCc1nc2cc(OC3CCN(C(C)=N)CC3)ccc2n1C/C=C/c1cc(N)ccc1O,CHEMBL244
CHEMBL25484,CCc1nc2cc(OC3CCN(C(C)=N)CC3)ccc2n1C/C=C/c1cccc(N)c1,CHEMBL244
CHEMBL151164,N=C(N)c1ccc(/C=C2/CC(C(=O)O)C/C(=C/c3ccc(C(=N)N)cc3)C2=O)cc1,CHEMBL244
CHEMBL422688,Cc1cc(C(=O)Nc2ccc(-c3ccccc3S(C)(=O)=O)cc2F)n(-c2cccc(C(=N)N)c2)n1,CHEMBL244
CHEMBL358180,N=C(N)c1ccc(/C=C2/CC(c3ccccc3)C/C(=C/c3ccc(C(=N)N)cc3)C2=O)cc1,CHEMBL244
CHEMBL356466,CN(C)C(=N)c1ccc(/C=C2/CCCC/C(=C/c3ccc(C(=N)N)cc3)C2=O)cc1,CHEMBL244
CHEMBL275859,N=C(N)NCCC[C@H](NC(=O)[C@H](CO)NC(=O)[C@@H](Cc1ccccc1)NS(=O)(=O)Cc1ccccc1)C(=O)c1nccs1,CHEMBL244
CHEMBL76834,N=C(N)NCCC[C@H](NC(=O)[C@H](Cc1ccc(F)c(F)c1)NC(=O)[C@@H](Cc1ccccc1)NS(=O)(=O)Cc1ccccc1)C(=O)c1nccs1,CHEMBL244
CHEMBL282260,CCc1nc2ccc(OC3CCN(C(C)=N)CC3)cc2n1Cc1cccc(-c2cccc(C(=N)N)c2)c1,CHEMBL244
CHEMBL25073,CCc1nc2c([N+](=O)[O-])c(OC3CCN(C(C)=N)CC3)ccc2n1Cc1ccc2ccc(C(=N)N)cc2c1,CHEMBL244
CHEMBL331437,N=C(N)c1cccc(/C=C2/CCCC/C(=C/c3cccc(C(=N)N)c3)C2=O)c1,CHEMBL244
CHEMBL134736,Cc1cc(C(=O)Nc2ccc(-c3ccccc3S(N)(=O)=O)cc2)n(-c2cccc(CN)c2)n1,CHEMBL244
CHEMBL279721,CCc1nc2ccc(OC3CCN(C(C)=N)CC3)cc2n1Cc1cccc(-c2ccc(C(=N)N)cc2)c1,CHEMBL244
CHEMBL25527,CCc1nc2cc(OC3CCN(C(C)=N)CC3)ccc2n1Cc1cccc(-c2cccc(C(=N)N)c2)c1,CHEMBL244
CHEMBL151661,CCOC(=O)N1C/C(=C/c2ccc(C(=N)N)cc2)C(=O)/C(=C/c2ccc(C(=N)N)cc2)C1,CHEMBL244
CHEMBL24780,CCc1nc2ccc(OC3CCN(C(C)=N)CC3)cc2n1Cc1ccc(-c2cccc(C(=N)N)c2)cc1,CHEMBL244
CHEMBL19902,CC(=N)N1CC[C@H](Oc2ccc([C@H](Cc3ccc4ccc(C(=N)N)cc4c3)C(=O)O)cc2)C1,CHEMBL244
CHEMBL422321,N=C(N)c1ccc(/C=C2/CCCCC/C(=C\c3ccc(C(=N)N)cc3)C2=O)cc1,CHEMBL244
CHEMBL559015,CS(=O)(=O)c1ccccc1-c1ccc(NC(=O)c2cc(C(F)(F)F)nn2-c2cccc(CN)c2)c(F)c1.Cl,CHEMBL244
CHEMBL325022,N=C(N)c1cccc(/C=C2/CCCC/C(=C\c3cccc(C(=N)N)c3)C2=O)c1,CHEMBL244
CHEMBL347846,N=C(N)c1cccc(-n2nc(C(F)(F)F)cc2C(=O)Nc2ccc(-c3ccccc3S(N)(=O)=O)cc2)c1,CHEMBL244
CHEMBL281591,CCc1nc2c(N(CC(=O)O)CC(=O)O)c(OC3CCN(C(C)=N)CC3)ccc2n1Cc1ccc2ccc(C(=N)N)cc2c1,CHEMBL244
CHEMBL152854,Cc1cc(C(=O)Nc2ccc(-c3ccccc3S(N)(=O)=O)cc2)n(-c2cccc(C(=N)N)c2)n1.O=C(O)C(F)(F)F,CHEMBL244
CHEMBL78055,N=C(N)NCCC[C@H](NC(=O)[C@H](Cc1ccccc1)NC(=O)[C@@H](Cc1ccccc1)NS(=O)(=O)Cc1ccccc1)C(=O)c1nccs1,CHEMBL244
CHEMBL337238,N=C(N)NCCC[C@H](NC(=O)[C@H](Cc1ccc(F)cc1)NC(=O)[C@@H](Cc1ccccc1)NS(=O)(=O)Cc1ccccc1)C(=O)c1nccs1,CHEMBL244
CHEMBL334121,N=C(N)NCCC[C@H](NC(=O)[C@H](Cc1csc2ccccc12)NC(=O)[C@@H](Cc1ccccc1)NS(=O)(=O)Cc1ccccc1)C(=O)c1nccs1,CHEMBL244
CHEMBL150739,N=C(N)c1ccc(/C=C2/CCCCCC/C(=C/c3ccc(C(=N)N)cc3)C2=O)cc1,CHEMBL244
CHEMBL432306,N=C(N)c1cccc(OCCNC(=O)c2ccc(-c3ccccc3S(N)(=O)=O)cc2)c1,CHEMBL244
CHEMBL296514,N=C(N)c1cccc(OCCN(Cc2ccccc2)C(=O)c2ccc(-c3ccccc3S(N)(=O)=O)cc2)c1,CHEMBL244
CHEMBL164166,N=C(N)NCCCC(NC(=O)CN1CCN(S(=O)(=O)Cc2ccccc2)CC1=O)C(=O)c1nccs1,CHEMBL244
CHEMBL40129,C/C(=C(\F)C(=O)Nc1ccc(-c2ccccc2S(N)(=O)=O)cc1F)c1cc(C(=N)N)ccc1N,CHEMBL244
CHEMBL346825,Cc1cn(-c2cccc(C(=N)N)c2)c(C(=O)Nc2ccc(-c3ccccc3S(N)(=O)=O)cc2)n1.O=C(O)C(F)(F)F,CHEMBL244
CHEMBL350513,CS(=O)(=O)N1CCN(CC(=O)N[C@@H](CCCN=C(N)N)C(=O)c2nccs2)C(=O)[C@H]1Cc1ccccc1,CHEMBL244
CHEMBL40162,C/C(=C(\CC(N)=O)C(=O)Nc1ccc(-c2ccccc2S(N)(=O)=O)cc1)c1cccc(C(=N)N)c1,CHEMBL244
CHEMBL160489,N=C(N)c1cccc(-n2nnnc2C(=O)Nc2ccc(-c3ccccc3S(N)(=O)=O)cc2)c1.O=C(O)C(F)(F)F,CHEMBL244
CHEMBL162710,N=C(N)NCCCC(NC(=O)CNC(=O)[C@@H](Cc1ccccc1)NS(=O)(=O)Cc1ccccc1)C(=O)c1nccs1,CHEMBL244
CHEMBL39482,COC/C(=C/C(=O)Nc1ccc(-c2ccccc2S(N)(=O)=O)cc1)c1cccc(C(=N)N)c1,CHEMBL244
CHEMBL36547,CCSC/C(=C(\F)C(=O)Nc1ccc(-c2ccccc2S(N)(=O)=O)cc1)c1cccc(C(=N)N)c1,CHEMBL244
CHEMBL160575,N=C(N)c1cccc(-c2ncsc2C(=O)Nc2ccc(-c3ccccc3S(N)(=O)=O)cc2)c1.O=C(O)C(F)(F)F,CHEMBL244
CHEMBL45127,N=C(N)c1cccc(Oc2ccc([N+](=O)[O-])cc2C(=O)Nc2ccc(-c3ccccc3S(N)(=O)=O)cc2)c1,CHEMBL244
CHEMBL42825,N=C(N)c1cccc(OCC(NC(=O)c2ccc(-c3ccccc3S(N)(=O)=O)cc2)c2ccccc2)c1,CHEMBL244
CHEMBL42134,N=C(N)c1cccc(Oc2cc(N)ccc2C(=O)Nc2ccc(-c3ccccc3S(N)(=O)=O)cc2)c1,CHEMBL244
CHEMBL48131,CNc1ccc(C(=O)Nc2ccc(-c3ccccc3S(N)(=O)=O)cc2)c(Oc2cccc(C(=N)N)c2)c1,CHEMBL244
CHEMBL35632,CC(C)/C(=C/C(=O)Nc1ccc(-c2ccccc2S(N)(=O)=O)cc1)c1cccc(C(=N)N)c1,CHEMBL244
CHEMBL39425,C/C(=C(\CC(=O)O)C(=O)Nc1ccc(-c2ccccc2S(N)(=O)=O)cc1)c1cccc(C(=N)N)c1,CHEMBL244
CHEMBL47145,N=C(N)c1cccc(Oc2ccc(F)cc2NC(=O)c2ccc(-c3ccccc3S(N)(=O)=O)cc2)c1,CHEMBL244
CHEMBL47939,COC(=O)c1ccc(Oc2cccc(C(=N)N)c2)c(NC(=O)c2ccc(-c3ccccc3S(N)(=O)=O)cc2)c1,CHEMBL244
CHEMBL156161,COC(=O)CC(CCc1ccc(NC(=N)N)cc1)c1cccc(C(=N)N)c1,CHEMBL244
CHEMBL162599,CCOC(=O)C[C@H]1C(=O)N(CC(=O)N[C@@H](CCCN=C(N)N)C(=O)c2nccs2)CCN1S(=O)(=O)Cc1ccccc1,CHEMBL244
CHEMBL36265,N=C(N)c1cccc(/C(=C\C(=O)Nc2ccc(-c3ccccc3S(N)(=O)=O)cc2)Cn2cnnn2)c1,CHEMBL244
CHEMBL162615,N=C(N)NCCC[C@H](NC(=O)CN1CCN(S(=O)(=O)Cc2ccccc2)[C@@H](CCCNC(=N)N)C1=O)C(=O)c1nccs1,CHEMBL244
CHEMBL352681,N=C(N)NCCC[C@H](NC(=O)CN1CCN(S(=O)(=O)Cc2ccccc2)[C@H](CC(=O)O)C1=O)C(=O)c1nccs1,CHEMBL244
CHEMBL163166,N=C(N)NCCC[C@H](NC(=O)CN1CCN(S(=O)(=O)Cc2ccccc2)[C@H](CO)C1=O)C(=O)c1nccs1,CHEMBL244
CHEMBL287973,COc1ccc(C(=N)N)cc1/C=C\C(=O)Nc1ccc(-c2ccccc2S(N)(=O)=O)cc1,CHEMBL244
CHEMBL284316,N=C(N)c1cccc(/C(=C\C(=O)Nc2ccc(-c3ccccc3S(N)(=O)=O)cc2)c2ccco2)c1,CHEMBL244
CHEMBL290361,CS(=O)(=O)C/C(=C(\F)C(=O)Nc1ccc(-c2ccccc2S(N)(=O)=O)cc1)c1cccc(C(=N)N)c1,CHEMBL244
CHEMBL46770,N=C(N)c1cccc(OCCN(CC(=O)O)C(=O)c2ccc(-c3ccccc3S(N)(=O)=O)cc2)c1,CHEMBL244
CHEMBL44591,Cc1ccc(NC(=O)c2ccc(-c3ccccc3S(N)(=O)=O)cc2)c(Oc2cccc(C(=N)N)c2)c1,CHEMBL244
CHEMBL45888,CC(=O)Nc1ccc(C(=O)Nc2ccc(-c3ccccc3S(N)(=O)=O)cc2)c(Oc2cccc(C(=N)N)c2)c1,CHEMBL244
CHEMBL157299,N=C(N)c1cccc(-c2ocnc2C(=O)Nc2ccc(-c3ccccc3S(N)(=O)=O)cc2)c1.O=C(O)C(F)(F)F,CHEMBL244
CHEMBL46959,N=C(N)c1cccc(OCCN(Cc2cccnc2)C(=O)c2ccc(-c3ccccc3S(N)(=O)=O)cc2)c1,CHEMBL244
CHEMBL45030,CN(C)c1ccc(Oc2cccc(C(=N)N)c2)c(C(=O)Nc2ccc(-c3ccccc3S(N)(=O)=O)cc2)c1,CHEMBL244
CHEMBL285289,N=C(N)c1ccc(F)c(/C=C\C(=O)Nc2ccc(-c3ccccc3S(N)(=O)=O)cc2)c1,CHEMBL244
CHEMBL295525,N=C(N)c1cccc(Oc2cc(Br)ccc2NC(=O)c2ccc(-c3ccccc3S(N)(=O)=O)cc2)c1,CHEMBL244
CHEMBL44049,N=C(N)c1cccc(Oc2cc(Cl)ccc2C(=O)Nc2ccc(-c3ccccc3S(N)(=O)=O)cc2)c1,CHEMBL244
CHEMBL160515,N=C(N)c1cccc(-c2ccccc2C(=O)Nc2ccc(-c3ccccc3S(N)(=O)=O)cc2)c1.O=C(O)C(F)(F)F,CHEMBL244
CHEMBL272961,COC(=O)C[C@H]1C(=O)N(CC(=O)N[C@@H](CCCNC(=N)N)C(=O)c2nccs2)CCN1S(=O)(=O)Cc1ccccc1,CHEMBL244
CHEMBL349606,N=C(N)NCCC[C@H](NC(=O)CN1CCN(S(=O)(=O)Cc2ccccc2)[C@H](CC(=O)N2CCCCC2)C1=O)C(=O)c1nccs1,CHEMBL244
CHEMBL36316,N=C(N)c1cccc(/C(=C\C(=O)Nc2ccc(-c3ccccc3S(N)(=O)=O)cc2)Cc2cc[nH]n2)c1,CHEMBL244
CHEMBL46653,Nc1nccc2ccc(OCCN3Cc4cc(-c5ccccc5S(N)(=O)=O)ccc4C3=O)cc12,CHEMBL244
CHEMBL37034,CC/C(=C/C(=O)Nc1ccc(-c2ccccc2S(N)(=O)=O)cc1)c1cccc(C(=N)N)c1,CHEMBL244
CHEMBL36735,N=C(N)c1cccc(/C(=C(/F)C(=O)Nc2ccc(-c3ccccc3S(N)(=O)=O)cc2)C(F)(F)F)c1,CHEMBL244
CHEMBL36276,C/C(=C(\F)C(=O)Nc1ccc(-c2ccccc2S(N)(=O)=O)cc1F)c1ccc(F)c(C(=N)N)c1,CHEMBL244
CHEMBL290382,N=C(N)c1cccc(/C=C\C(=O)Nc2ccc(-c3ccccc3S(N)(=O)=O)cc2)c1,CHEMBL244
CHEMBL288232,C/C(=C(\F)C(=O)Nc1ccc(-c2ccccc2S(N)(=O)=O)cc1Br)c1cccc(C(=N)N)c1,CHEMBL244
CHEMBL296005,N=C(N)c1cccc(OCCN(Cc2ccoc2)C(=O)c2ccc(-c3ccccc3S(N)(=O)=O)cc2)c1,CHEMBL244
CHEMBL46410,CS(=O)(=O)Nc1ccc(C(=O)Nc2ccc(-c3ccccc3S(N)(=O)=O)cc2)c(Oc2cccc(C(=N)N)c2)c1,CHEMBL244
CHEMBL347606,Cn1cc(C(=O)Nc2ccc(-c3ccccc3S(N)(=O)=O)cc2)c(-c2cccc(C(=N)N)c2)n1.O=C(O)C(F)(F)F,CHEMBL244
CHEMBL159204,Cc1nc(C(=O)Nc2ccc(-c3ccccc3S(N)(=O)=O)cc2)c(-c2cccc(C(=N)N)c2)[nH]1.O=C(O)C(F)(F)F,CHEMBL244
CHEMBL37152,N=C(N)c1cccc(/C(=C\C(=O)Nc2ccc(-c3ccccc3S(N)(=O)=O)cc2)C(F)(F)F)c1,CHEMBL244
CHEMBL297835,N=C(N)c1cccc(Oc2ccccc2NC(=O)c2ccc(-c3ccccc3S(N)(=O)=O)cc2)c1,CHEMBL244
CHEMBL43008,N=C(N)c1cccc(Oc2ccc(Br)cc2C(=O)Nc2ccc(-c3ccccc3S(N)(=O)=O)cc2)c1,CHEMBL244
CHEMBL356016,N=C(N)c1cccc(-n2nccc2C(=O)Nc2ccc(-c3ccccc3S(N)(=O)=O)cc2)c1.O=C(O)C(F)(F)F,CHEMBL244
CHEMBL158219,N=C(N)c1cccc(-n2cncc2C(=O)Nc2ccc(-c3ccccc3S(N)(=O)=O)cc2)c1.O=C(O)C(F)(F)F,CHEMBL244
CHEMBL350280,N=C(N)NCCC[C@H](NC(=O)CN1CCN(S(=O)(=O)Cc2ccccc2)[C@@H](CC(=O)N2CCCCC2)C1=O)C(=O)c1nccs1,CHEMBL244
CHEMBL39297,C/C(=C(\F)C(=O)Nc1ccc(-c2ccccc2S(N)(=O)=O)cc1Cl)c1ccc(F)c(C(=N)N)c1,CHEMBL244
CHEMBL39297,C/C(=C(\F)C(=O)Nc1ccc(-c2ccccc2S(N)(=O)=O)cc1Cl)c1ccc(F)c(C(=N)N)c1,CHEMBL244
CHEMBL47201,N=C(N)c1cccc(Oc2cc(O)ccc2NC(=O)c2ccc(-c3ccccc3S(N)(=O)=O)cc2)c1,CHEMBL244
CHEMBL295408,N=C(N)c1cccc(Oc2ccc(Cl)cc2C(=O)Nc2ccc(-c3ccccc3S(N)(=O)=O)cc2)c1,CHEMBL244
CHEMBL296345,Nc1nccc2ccc(OCC(Cc3ccccc3)N3Cc4cc(-c5ccccc5S(N)(=O)=O)ccc4C3=O)cc12,CHEMBL244
CHEMBL439642,CC(C)OC(=O)CC(CCc1ccc(C(=N)N)cc1)c1cccc(C(=N)N)c1,CHEMBL244
CHEMBL350380,N=C(N)NCCC[C@H](NC(=O)CN1CCN(S(=O)(=O)Cc2ccccc2)[C@@H](Cc2ccccc2)C1=O)C(=O)c1nccs1,CHEMBL244
CHEMBL43039,CN(CCOc1cccc(C(=N)N)c1)C(=O)c1ccc(-c2ccccc2S(N)(=O)=O)cc1,CHEMBL244
CHEMBL156702,COC(=O)CC(CCc1ccc(C(=N)N)cc1)c1cccc(C(=N)N)c1,CHEMBL244
CHEMBL163407,N=C(N)NCCC[C@H](NC(=O)CN1CCN[C@@H](CCCNC(=N)N)C1=O)C(=O)c1nccs1,CHEMBL244
CHEMBL405427,N=C(N)NCCC[C@H](NC(=O)CN1CCN(S(=O)(=O)Cc2ccccc2)[C@H](Cc2ccccc2)C1=O)C(=O)c1nccs1,CHEMBL244
CHEMBL40074,C/C(=C(\F)C(=O)Nc1ccc(-c2ccccc2S(N)(=O)=O)cc1)c1ccc(F)c(C(=N)N)c1,CHEMBL244
CHEMBL351312,COC(=O)CC[C@@H]1C(=O)N(CC(=O)N[C@@H](CCCN=C(N)N)C(=O)c2nccs2)CCN1S(=O)(=O)Cc1ccccc1,CHEMBL244
CHEMBL445562,N=C(N)c1cccc(/C(=C\C(=O)Nc2ccc(-c3ccccc3S(N)(=O)=O)cc2)Cn2ncnn2)c1,CHEMBL244
CHEMBL47252,COC(=O)CN(CCOc1cccc(C(=N)N)c1)C(=O)c1ccc(-c2ccccc2S(N)(=O)=O)cc1,CHEMBL244
CHEMBL43105,N=C(N)c1cccc(Oc2ccccc2C(=O)Nc2ccc(-c3ccccc3S(N)(=O)=O)cc2)c1,CHEMBL244
CHEMBL45302,N=C(N)c1cccc(Oc2ccc(N)cc2C(=O)Nc2ccc(-c3ccccc3S(N)(=O)=O)cc2)c1,CHEMBL244
CHEMBL46727,CS(=O)(=O)Nc1ccc(Oc2cccc(C(=N)N)c2)c(C(=O)Nc2ccc(-c3ccccc3S(N)(=O)=O)cc2)c1,CHEMBL244
CHEMBL44048,N=C(N)c1cccc(Oc2cc(Br)ccc2C(=O)Nc2ccc(-c3ccccc3S(N)(=O)=O)cc2)c1,CHEMBL244
CHEMBL351209,N=C(N)NCCC[C@H](NC(=O)CN1CC(=O)N[C@@H](CCCNC(=N)N)C1=O)C(=O)c1nccs1,CHEMBL244
CHEMBL435059,N=C(N)NCCC[C@H](NC(=O)CN1CCN(S(=O)(=O)Cc2ccccc2)[C@H](CCC(=O)N2CCCCC2)C1=O)C(=O)c1nccs1,CHEMBL244
CHEMBL156505,N=C(N)c1cccc(-c2[nH]c(O)nc2C(=O)Nc2ccc(-c3ccccc3S(N)(=O)=O)cc2)c1.O=C(O)C(F)(F)F,CHEMBL244
CHEMBL155820,CCOC(=O)CC(CCc1ccc(C(=N)N)cc1)c1cccc(C(=N)N)c1,CHEMBL244
CHEMBL351421,CCOC(=O)C[C@@H]1C(=O)N(CC(=O)N[C@@H](CCCN=C(N)N)C(=O)c2nccs2)CCN1S(=O)(=O)Cc1ccccc1,CHEMBL244
CHEMBL349618,N=C(N)NCCC[C@H](NC(=O)CN1CCN(S(=O)(=O)Cc2ccccc2)[C@H](CCC(=O)O)C1=O)C(=O)c1nccs1,CHEMBL244
CHEMBL350976,N=C(N)NCCC[C@@H](NS(=O)(=O)Cc1ccccc1)C(=O)NC(=O)CN[C@H](CCCNC(=N)N)C(=O)c1nccs1,CHEMBL244
CHEMBL416413,COCCOc1ccc(C(=N)N)cc1/C=C\C(=O)Nc1ccc(-c2ccccc2S(N)(=O)=O)cc1,CHEMBL244
CHEMBL38201,C/C(=C(\F)C(=O)Nc1ccc(-c2ccccc2S(N)(=O)=O)cc1Cl)c1cccc(C(=N)N)c1,CHEMBL244
CHEMBL46906,CC(COc1cccc(C(=N)N)c1)NC(=O)c1ccc(-c2ccccc2S(N)(=O)=O)cc1,CHEMBL244
CHEMBL295128,N=C(N)c1cccc(Oc2ccc(C(=O)O)cc2NC(=O)c2ccc(-c3ccccc3S(N)(=O)=O)cc2)c1,CHEMBL244
CHEMBL44111,COc1ccc(NC(=O)c2ccc(-c3ccccc3S(N)(=O)=O)cc2)c(Oc2cccc(C(=N)N)c2)c1,CHEMBL244
CHEMBL156924,Cc1nc(-c2cccc(C(=N)N)c2)c(C(=O)Nc2ccc(-c3ccccc3S(N)(=O)=O)cc2)s1.O=C(O)C(F)(F)F,CHEMBL244
CHEMBL284541,C/C(=C(\F)C(=O)Nc1ccc(-c2ccccc2S(N)(=O)=O)cc1F)c1cc(C(=N)N)ccc1[N+](=O)[O-],CHEMBL244
CHEMBL295906,CC(=O)Nc1ccc(Oc2cccc(C(=N)N)c2)c(C(=O)Nc2ccc(-c3ccccc3S(N)(=O)=O)cc2)c1,CHEMBL244
CHEMBL44917,CC(COc1ccc2ccnc(N)c2c1)N1Cc2cc(-c3ccccc3S(N)(=O)=O)ccc2C1=O,CHEMBL244
CHEMBL153611,N=C(N)c1cccc(-c2nocc2C(=O)Nc2ccc(-c3ccccc3S(N)(=O)=O)cc2)c1.O=C(O)C(F)(F)F,CHEMBL244
CHEMBL286915,C/C(=C(\F)C(=O)Nc1ccc(-c2ccccc2S(N)(=O)=O)cc1)c1cccc(C(=N)N)c1,CHEMBL244
CHEMBL288820,C/C(=C(\F)C(=O)Nc1ccc(-c2ccccc2S(N)(=O)=O)cc1Br)c1ccc(F)c(C(=N)N)c1,CHEMBL244
CHEMBL45143,N=C(N)c1cccc(Oc2ccc(C(F)(F)F)cc2NC(=O)c2ccc(-c3ccccc3S(N)(=O)=O)cc2)c1,CHEMBL244
CHEMBL48725,CS(=O)(=O)c1ccc(Oc2cccc(C(=N)N)c2)c(NC(=O)c2ccc(-c3ccccc3S(N)(=O)=O)cc2)c1,CHEMBL244
CHEMBL47781,CN(C)c1ccc(C(=O)Nc2ccc(-c3ccccc3S(N)(=O)=O)cc2)c(Oc2cccc(C(=N)N)c2)c1,CHEMBL244
CHEMBL351755,N=C(N)c1cccc(-c2ncccc2C(=O)Nc2ccc(-c3ccccc3S(N)(=O)=O)cc2)c1.O=C(O)C(F)(F)F,CHEMBL244
CHEMBL162518,N=C(N)NCCC[C@H](NC(=O)CN1CC(=O)N[C@H](CCCNC(=N)N)C1=O)C(=O)c1nccs1,CHEMBL244
CHEMBL287252,C/C(=C(\F)C(=O)Nc1ccc(-c2ccccc2S(N)(=O)=O)cc1F)c1cccc(C(=N)N)c1,CHEMBL244
CHEMBL39880,CN(C)C/C(=C(\F)C(=O)Nc1ccc(-c2ccccc2S(N)(=O)=O)cc1F)c1cccc(C(=N)N)c1,CHEMBL244
CHEMBL43166,N=C(N)c1cccc(OCC(Cc2ccccc2)NC(=O)c2ccc(-c3ccccc3S(N)(=O)=O)cc2)c1,CHEMBL244
CHEMBL160958,Cc1nc(-c2cccc(C(=N)N)c2)c(C(=O)Nc2ccc(-c3ccccc3S(N)(=O)=O)cc2)o1.O=C(O)C(F)(F)F,CHEMBL244
CHEMBL157417,N=C(N)c1cccc(-n2nncc2C(=O)Nc2ccc(-c3ccccc3S(N)(=O)=O)cc2)c1.O=C(O)C(F)(F)F,CHEMBL244
CHEMBL431577,Cn1c(=O)c(Cc2ccc(C(=N)N)cc2)nc2cc(C3(C(=O)N4CCCC4)CC3)ccc21,CHEMBL244
CHEMBL272135,COC(=O)C[C@@H]1C(=O)N(CC(=O)N[C@@H](CCCNC(=N)N)C(=O)c2nccs2)CCN1S(=O)(=O)Cc1ccccc1,CHEMBL244
CHEMBL37251,Cc1cc(C(=O)Nc2ccc(-c3ccccc3S(N)(=O)=O)cc2)n(-c2cccc(C(=N)N)c2)n1,CHEMBL244
CHEMBL46970,N=C(N)c1cccc(Oc2cc(Cl)ccc2NC(=O)c2ccc(-c3ccccc3S(N)(=O)=O)cc2)c1,CHEMBL244
CHEMBL417349,N=C(N)c1cccc(Oc2cc([N+](=O)[O-])ccc2C(=O)Nc2ccc(-c3ccccc3S(N)(=O)=O)cc2)c1,CHEMBL244
CHEMBL43699,N=C(N)c1cccc(OCCN2Cc3cc(-c4ccccc4S(N)(=O)=O)ccc3C2=O)c1,CHEMBL244
CHEMBL349323,N=C(N)c1cccc(-n2ccnc2C(=O)Nc2ccc(-c3ccccc3S(N)(=O)=O)cc2)c1.O=C(O)C(F)(F)F,CHEMBL244
CHEMBL163527,N=C(N)NCCC[C@H](NC(=O)CN1C=CN[C@@H](CCCNC(=N)N)C1=O)C(=O)c1nccs1,CHEMBL244
CHEMBL264853,C/C(=C/C(=O)Nc1ccc(-c2ccccc2S(N)(=O)=O)cc1)c1cccc(C(=N)N)c1,CHEMBL244
CHEMBL152854,Cc1cc(C(=O)Nc2ccc(-c3ccccc3S(N)(=O)=O)cc2)n(-c2cccc(C(=N)N)c2)n1.O=C(O)C(F)(F)F,CHEMBL244
CHEMBL36882,N=C(N)c1cc(/C=C\C(=O)Nc2ccc(-c3ccccc3S(N)(=O)=O)cc2)ccc1F,CHEMBL244
CHEMBL38069,CC(C)C/C(=C/C(=O)Nc1ccc(-c2ccccc2S(N)(=O)=O)cc1)c1cccc(C(=N)N)c1,CHEMBL244
CHEMBL40054,N=C(N)c1cccc(/C(CO)=C(/F)C(=O)Nc2ccc(-c3ccccc3S(N)(=O)=O)cc2)c1,CHEMBL244
CHEMBL45374,N=C(N)c1cccc(Oc2ccc(Br)cc2NC(=O)c2ccc(-c3ccccc3S(N)(=O)=O)cc2)c1,CHEMBL244
CHEMBL152274,N=C(N)c1cccc(-n2cccc2C(=O)Nc2ccc(-c3ccccc3S(N)(=O)=O)cc2)c1.O=C(O)C(F)(F)F,CHEMBL244
CHEMBL351329,COC(=O)CC(CCCCc1ccc(NC(=N)N)cc1)c1cccc(C(=N)N)c1,CHEMBL244
CHEMBL350514,N=C(N)NCCC[C@H](NC(=O)CN1CCN(S(=O)(=O)Cc2ccccc2)[C@H](CCCNC(=N)N)C1=O)C(=O)c1nccs1,CHEMBL244
CHEMBL78053,N=C(N)NCCC[C@H](NC(=O)[C@H](Cc1cccnc1)NC(=O)[C@@H](Cc1ccccc1)NS(=O)(=O)Cc1ccccc1)C(=O)c1nccs1,CHEMBL244
CHEMBL96433,N=C(N)c1ccc2[nH]c(-c3cccc(-c4ccccc4)c3O)cc2c1,CHEMBL244
CHEMBL172928,Nc1ncnc2cc(CN3CCN(Cc4cc5cc(Cl)ccc5[nH]4)CC3=O)ccc12,CHEMBL244
CHEMBL311553,N=C(N)NCCC[C@H](NC(=O)[C@H](Cc1ccccc1F)NC(=O)[C@@H](Cc1ccccc1)NS(=O)(=O)Cc1ccccc1)C(=O)c1nccs1,CHEMBL244
CHEMBL173333,Nc1ncnc2cc(CN3CCN(Cc4nc5cc(Br)ccc5[nH]4)CC3=O)ccc12,CHEMBL244
CHEMBL48608,Cc1cc(Br)c(O)c(-c2cc3cc(C(=N)N)ccc3[nH]2)c1,CHEMBL244
CHEMBL48813,N=C(N)c1ccc(CN2CCN(S(=O)(=O)c3cc4ccc(Cl)cc4s3)CC2=O)cc1,CHEMBL244
CHEMBL354996,Nc1ncnc2cc(CN3CCN(Cc4nc5cc(Cl)ccc5[nH]4)CC3=O)ccc12,CHEMBL244
CHEMBL354996,Nc1ncnc2cc(CN3CCN(Cc4nc5cc(Cl)ccc5[nH]4)CC3=O)ccc12,CHEMBL244
CHEMBL283765,N=C(N)c1cccc(C(=O)N[C@@H](C(=O)N2CCC(C(=O)c3ccccc3)CC2)c2ccccc2)c1,CHEMBL244
CHEMBL78057,Cc1cccc(C[C@H](NC(=O)[C@@H](Cc2ccccc2)NS(=O)(=O)Cc2ccccc2)C(=O)N[C@@H](CCCN=C(N)N)C(=O)c2nccs2)c1,CHEMBL244
CHEMBL76834,N=C(N)NCCC[C@H](NC(=O)[C@H](Cc1ccc(F)c(F)c1)NC(=O)[C@@H](Cc1ccccc1)NS(=O)(=O)Cc1ccccc1)C(=O)c1nccs1,CHEMBL244
CHEMBL173650,Nc1ncnc2cc(CN3CCN(S(=O)(=O)c4cc5ccc(Cl)cc5s4)CC3=O)ccc12,CHEMBL244
CHEMBL52427,Cc1cc(-c2ccccc2)c(O)c(-c2cc3cc(C(=N)N)ccc3[nH]2)c1,CHEMBL244
CHEMBL78055,N=C(N)NCCC[C@H](NC(=O)[C@H](Cc1ccccc1)NC(=O)[C@@H](Cc1ccccc1)NS(=O)(=O)Cc1ccccc1)C(=O)c1nccs1,CHEMBL244
CHEMBL48236,Cn1cncc1CCNC(=O)CN1CCN(S(=O)(=O)c2cc3ccc(Cl)cc3s2)CC1=O,CHEMBL244
CHEMBL328772,N=C(N)c1ccc2[nH]c(-c3cccc(Br)c3O)cc2c1,CHEMBL244
CHEMBL330244,N=C(N)c1ccc2[nH]c(-c3cccc(Br)c3O)nc2c1,CHEMBL244
CHEMBL366731,Nc1ncnc2cc(CN3CCN(S(=O)(=O)c4nc5cc(Cl)ccc5[nH]4)CC3=O)ccc12,CHEMBL244
CHEMBL174409,Cn1c(CN2CCN(Cc3ccc4c(N)ncnc4c3)C(=O)C2)nc2ccc(Cl)cc21,CHEMBL244
CHEMBL354154,Cc1ccc2[nH]c(CN3CCN(Cc4ccc5c(N)ncnc5c4)C(=O)C3)nc2c1,CHEMBL244
CHEMBL20936,N=C(N)c1ccccc1,CHEMBL244
CHEMBL316334,N=C(N)c1ccc2[nH]c(-c3cc([N+](=O)[O-])cc(Br)c3O)cc2c1,CHEMBL244
CHEMBL19902,CC(=N)N1CC[C@H](Oc2ccc([C@H](Cc3ccc4ccc(C(=N)N)cc4c3)C(=O)O)cc2)C1,CHEMBL244
CHEMBL417827,N=C(N)c1cccc(C(=O)N[C@@H](C(=O)NCC2CCC(CN)CC2)c2ccccc2)c1,CHEMBL244
CHEMBL94775,N=C(N)c1ccc2[nH]c(-c3cc([N+](=O)[O-])cc(-c4ccccc4)c3O)cc2c1,CHEMBL244
CHEMBL429170,N=C(N)NCCC[C@H](NC(=O)[C@H](Cc1cccc(F)c1)NC(=O)[C@@H](Cc1ccccc1)NS(=O)(=O)Cc1ccccc1)C(=O)c1nccs1,CHEMBL244
CHEMBL141574,CCCC(CCC)C(=O)N[C@@H](CC(=O)OC)C(=O)N1CCC[C@@H]1C(=O)N[C@H]1CCCC(C(=N)N)C1O,CHEMBL244
CHEMBL20672,N=C(N)c1cccc(C(=O)N[C@@H](C(=O)N2CCN(c3ccc(Cl)cc3)CC2)c2ccccc2)c1,CHEMBL244
CHEMBL367731,N=C(N)c1ccc(CN2CCN(Cc3nc4cc(Cl)ccc4[nH]3)CC2=O)cc1,CHEMBL244
CHEMBL20733,N=C(N)c1cccc(C(=O)N[C@@H](C(=O)OCCC2CCN(C(=N)N)CC2)c2ccccc2)c1,CHEMBL244
CHEMBL343805,N=C(N)C1CCC[C@H](NC(=O)CN2CCCC[C@H](NS(=O)(=O)Cc3ccccc3)C2=O)C1O,CHEMBL244
CHEMBL20240,CC(=N)N1CCC(Oc2ccc(N(Cc3ccc4ccc(C(=N)N)cc4c3)S(=O)(=O)CC(=O)O)cc2)CC1,CHEMBL244
CHEMBL77428,N=C(N)NCCC[C@H](NC(=O)[C@H](Cc1cccc(Cl)c1)NC(=O)[C@@H](Cc1ccccc1)NS(=O)(=O)Cc1ccccc1)C(=O)c1nccs1,CHEMBL244
CHEMBL330234,N=C(N)c1ccc2[nH]c(-c3cc(Br)cc(Br)c3O)cc2c1,CHEMBL244
CHEMBL91962,N=C(N)c1ccc2[nH]c(-c3cc(Br)cc(-c4ccccc4)c3O)cc2c1,CHEMBL244
CHEMBL72318,CN(C)C(=O)c1cccc(Oc2nc(Oc3cc(C(=N)N)ccc3O)c(F)c(N(C)CC(=O)O)c2F)c1,CHEMBL244
CHEMBL423959,CC(=N)N1CCC(Oc2ccc(N(Cc3cc4cc(C(=N)N)ccc4s3)S(=O)(=O)CC(=O)O)cc2)CC1,CHEMBL244
CHEMBL267438,NC(=O)NCC1(C(=O)Nc2ccc(-c3ccccc3S(N)(=O)=O)cn2)CC(c2ccc(Cl)c(N)c2)=NO1,CHEMBL244
CHEMBL7626,CS(=O)(=O)NCC1(C(=O)Nc2ccc(-c3ccccc3S(N)(=O)=O)cn2)CC(c2ccc(Cl)c(N)c2)=NO1,CHEMBL244
CHEMBL55035,N=C(N)c1ccc(/C=C2/CCCC/C(=C/c3ccc(C(=N)N)cc3)C2=O)cc1,CHEMBL244
CHEMBL153317,CS(=O)(=O)N(Cc1ccc2ccc(C(=N)N)cc2c1)c1ccc(-c2ccccc2S(N)(=O)=O)cc1,CHEMBL244
CHEMBL152149,CC(=N)N1CCC(Oc2ccc(N(Cc3ccc(-c4cccc(C(=N)N)c4)cc3)S(C)(=O)=O)cc2)CC1,CHEMBL244
CHEMBL7967,CC1(C(=O)Nc2ccc(-c3ccccc3S(N)(=O)=O)cc2)CC(c2cccc(C(=N)N)c2)=NO1,CHEMBL244
CHEMBL7626,CS(=O)(=O)NCC1(C(=O)Nc2ccc(-c3ccccc3S(N)(=O)=O)cn2)CC(c2ccc(Cl)c(N)c2)=NO1,CHEMBL244
CHEMBL267387,Nc1cc(C2=NOC(Cn3cccn3)(C(=O)Nc3ccc(-c4ccccc4S(N)(=O)=O)cn3)C2)ccc1Cl,CHEMBL244
CHEMBL7854,Nc1cc(C2=NOC(CNS(N)(=O)=O)(C(=O)Nc3ccc(-c4ccccc4S(N)(=O)=O)cn3)C2)ccc1Cl,CHEMBL244
CHEMBL152599,CC(=N)N1CCC(Oc2ccc3c(c2)OCC(=O)N3Cc2cc3ccc(C(=N)N)cc3n2C)CC1,CHEMBL244
CHEMBL71975,CN(C)C(=O)c1cccc(Oc2nc(Oc3cc(C(=N)N)ccc3O)nc3c2NC(=O)CO3)c1,CHEMBL244
CHEMBL8090,Nc1cc(C2=NOC(CNC=O)(C(=O)Nc3ccc(-c4ccccc4S(N)(=O)=O)cn3)C2)ccc1Cl,CHEMBL244
CHEMBL108670,CC(C)(C)OC(=O)NC(C(=O)N1CCC[C@H]1C(=O)NC(C=O)CCCN=C(N)N)c1ccc(Cl)c(Cl)c1,CHEMBL244
CHEMBL318998,CC(C)(C)OC(=O)N[C@@H](C(=O)N1CCC[C@H]1C(=O)N[C@H](C=O)CCCN=C(N)N)c1ccccc1,CHEMBL244
CHEMBL153640,CC(=N)N1CCC(Oc2ccc3c(c2)OCC(=O)N3Cc2ccc3ccc(C(=N)N)cc3c2)CC1,CHEMBL244
CHEMBL153640,CC(=N)N1CCC(Oc2ccc3c(c2)OCC(=O)N3Cc2ccc3ccc(C(=N)N)cc3c2)CC1,CHEMBL244
CHEMBL155447,CC(=N)N1CCC(Oc2ccc3c(c2)OCC(=O)N3Cc2cc(-c3cccc(C(=N)N)c3)no2)CC1,CHEMBL244
CHEMBL152245,CS(=O)(=O)N(Cc1cccc(-c2cccc(C(=N)N)c2)c1)c1ccc(-c2ccccc2S(N)(=O)=O)cc1,CHEMBL244
CHEMBL152514,CC(=N)N1CCC(Oc2ccc3c(c2)OCC(=O)N3Cc2cccc(-c3cccc(C(=N)N)c3)c2)CC1,CHEMBL244
CHEMBL268225,Nc1cc(C2=NOC(Cn3cnnn3)(C(=O)Nc3ccc(-c4ccccc4S(N)(=O)=O)cn3)C2)ccc1Cl,CHEMBL244
CHEMBL152049,CCn1c(CN2C(=O)COc3cc(OC4CCN(C(C)=N)CC4)ccc32)cc2ccc(C(=N)N)cc21,CHEMBL244
CHEMBL267681,CC(=O)NCC1(C(=O)Nc2ccc(-c3ccccc3S(N)(=O)=O)cn2)CC(c2ccc(Cl)c(N)c2)=NO1,CHEMBL244
CHEMBL8018,CS(=O)(=O)NCC1(C(=O)Nc2ccc(-c3ccccc3S(N)(=O)=O)cn2)CC(c2ccc3onc(N)c3c2)=NO1,CHEMBL244
CHEMBL109109,CC(C)(C)OC(=O)N[C@H](C(=O)N1CCC[C@H]1C(=O)NC(C=O)CCCN=C(N)N)c1cccc2ccccc12,CHEMBL244
CHEMBL321322,CC(C)(C)OC(=O)N[C@@H](C(=O)N1CCC[C@H]1C(=O)N[C@H](C=O)CCCN=C(N)N)c1ccc(O)cc1,CHEMBL244
CHEMBL72527,Cc1nc2c(Oc3cccc(C(=O)N(C)C)c3)nc(Oc3cc(C(=N)N)ccc3O)nc2n1Cc1ccccc1,CHEMBL244
CHEMBL268225,Nc1cc(C2=NOC(Cn3cnnn3)(C(=O)Nc3ccc(-c4ccccc4S(N)(=O)=O)cn3)C2)ccc1Cl,CHEMBL244
CHEMBL268225,Nc1cc(C2=NOC(Cn3cnnn3)(C(=O)Nc3ccc(-c4ccccc4S(N)(=O)=O)cn3)C2)ccc1Cl,CHEMBL244
CHEMBL152631,CC(=N)N1CCC(Oc2ccc(N(Cc3cccc(-c4cccc(C(=N)N)c4)c3)S(=O)(=O)CC(=O)O)cc2)CC1,CHEMBL244
CHEMBL7928,Nc1cc(C2=NOC(CNS(=O)(=O)c3cccnc3)(C(=O)Nc3ccc(-c4ccccc4S(N)(=O)=O)cn3)C2)ccc1Cl,CHEMBL244
CHEMBL268129,COc1ccc(C2=NOC(CNS(C)(=O)=O)(C(=O)Nc3ccc(-c4ccccc4S(N)(=O)=O)cn3)C2)cc1,CHEMBL244
CHEMBL7676,Nc1cc(C2=NOC(Cn3cncn3)(C(=O)Nc3ccc(-c4ccccc4S(N)(=O)=O)cn3)C2)ccc1Cl,CHEMBL244
CHEMBL305809,Cc1nc2c(Oc3cc(C(=N)N)ccc3O)nc(Oc3cccc(C(=O)N(C)C)c3)nc2n1Cc1ccccc1,CHEMBL244
CHEMBL152661,CC(=N)N1CCC(Oc2ccc(N(Cc3cccc(-c4cccc(C(=N)N)c4)c3)S(C)(=O)=O)cc2)CC1,CHEMBL244
CHEMBL269393,Nc1cc(C2=NOC(CNS(=O)(=O)CC(F)(F)F)(C(=O)Nc3ccc(-c4ccccc4S(N)(=O)=O)cn3)C2)ccc1Cl,CHEMBL244
CHEMBL2370418,CC(C)(C)OC(=O)N[C@@H](C(=O)N1CCC[C@H]1C(=O)N[C@H](C=O)CCCN=C(N)N)c1ccsc1,CHEMBL244
CHEMBL307989,CN(C)C(=O)c1cccc(Oc2nc(Oc3cc(C(=N)N)ccc3O)nc3c2NC(=O)CN3)c1,CHEMBL244
CHEMBL153713,CC(=N)N1CCC(Oc2ccc(N(Cc3cc4cc(C(=N)N)ccc4s3)S(C)(=O)=O)cc2)CC1,CHEMBL244
CHEMBL268329,Nc1cc(C2=NOC(CNS(=O)(=O)Cc3ccccc3)(C(=O)Nc3ccc(-c4ccccc4S(N)(=O)=O)cn3)C2)ccc1Cl,CHEMBL244
CHEMBL152069,CC(=N)N1CCC(Oc2ccc(N(Cc3ccc4ccc(C(=N)N)cc4c3)S(C)(=O)=O)cc2)CC1,CHEMBL244
CHEMBL8135,CCCS(=O)(=O)NCC1(C(=O)Nc2ccc(-c3ccccc3S(N)(=O)=O)cn2)CC(c2ccc(Cl)c(N)c2)=NO1,CHEMBL244
CHEMBL319930,CC(C)(C)OC(=O)N[C@@H](C(=O)N1CCC[C@H]1C(=O)N[C@H](C=O)CCCN=C(N)N)C1CCCCC1,CHEMBL244
CHEMBL110780,CC(C)(C)OC(=O)N[C@@H](C(=O)N1CCC[C@H]1C(=O)NC(C=O)CCCN=C(N)N)c1ccc2ccccc2c1,CHEMBL244
CHEMBL345785,CC(=N)N1CCC(Oc2ccc(N(Cc3cc4cc(C(=N)N)ccc4n3C)S(C)(=O)=O)cc2)CC1,CHEMBL244
CHEMBL275957,Nc1cc(C2=NOC(CNS(=O)(=O)c3ccsc3)(C(=O)Nc3ccc(-c4ccccc4S(N)(=O)=O)cn3)C2)ccc1Cl,CHEMBL244
CHEMBL70730,Cc1c(F)c(Oc2cccc(C(=N)N)c2)nc(Oc2cccc(C(=O)N(C)C)c2)c1F,CHEMBL244
CHEMBL151967,CCOC(=O)CS(=O)(=O)N(Cc1cccc(-c2cccc(C(=N)N)c2)c1)c1ccc(OC2CCN(C(C)=N)CC2)cc1,CHEMBL244
CHEMBL7905,CC1(C(=O)Nc2ccc(-c3ccccc3S(N)(=O)=O)cc2)CC(c2ccc(Cl)c(N)c2)=NO1,CHEMBL244
CHEMBL267387,Nc1cc(C2=NOC(Cn3cccn3)(C(=O)Nc3ccc(-c4ccccc4S(N)(=O)=O)cn3)C2)ccc1Cl,CHEMBL244
CHEMBL7651,N=C(N)c1cccc(C2=NOC(Cn3cnnn3)(C(=O)Nc3ccc(-c4ccccc4S(N)(=O)=O)cn3)C2)c1,CHEMBL244
CHEMBL73193,CN1CCN=C1c1cccc(Oc2nc(Oc3cc(C(=N)N)ccc3O)c(F)c(N(C)CC(=O)O)c2F)c1,CHEMBL244
CHEMBL345763,CC(=N)N1CCC(Oc2ccc(N(Cc3cc(-c4cccc(C(=N)N)c4)no3)S(C)(=O)=O)cc2)CC1,CHEMBL244
CHEMBL356153,CCOC(=O)CS(=O)(=O)N(Cc1ccc2ccc(C(=N)N)cc2c1)c1ccc(OC2CCN(C(C)=N)CC2)cc1,CHEMBL244
CHEMBL8356,CCNC(=O)NCC1(C(=O)Nc2ccc(-c3ccccc3S(N)(=O)=O)cn2)CC(c2ccc(Cl)c(N)c2)=NO1,CHEMBL244
CHEMBL267438,NC(=O)NCC1(C(=O)Nc2ccc(-c3ccccc3S(N)(=O)=O)cn2)CC(c2ccc(Cl)c(N)c2)=NO1,CHEMBL244
CHEMBL20240,CC(=N)N1CCC(Oc2ccc(N(Cc3ccc4ccc(C(=N)N)cc4c3)S(=O)(=O)CC(=O)O)cc2)CC1,CHEMBL244
CHEMBL7651,N=C(N)c1cccc(C2=NOC(Cn3cnnn3)(C(=O)Nc3ccc(-c4ccccc4S(N)(=O)=O)cn3)C2)c1,CHEMBL244
CHEMBL71175,CN(C)C(=O)c1cccc(Oc2nc3c(c(Oc4cc(C(=N)N)ccc4O)n2)NC(=O)CN3)c1,CHEMBL244
CHEMBL152881,CCOC(=O)CS(=O)(=O)N(Cc1cc2cc(C(=N)N)ccc2s1)c1ccc(OC2CCN(C(C)=N)CC2)cc1,CHEMBL244
CHEMBL267438,NC(=O)NCC1(C(=O)Nc2ccc(-c3ccccc3S(N)(=O)=O)cn2)CC(c2ccc(Cl)c(N)c2)=NO1,CHEMBL244
CHEMBL7626,CS(=O)(=O)NCC1(C(=O)Nc2ccc(-c3ccccc3S(N)(=O)=O)cn2)CC(c2ccc(Cl)c(N)c2)=NO1,CHEMBL244
CHEMBL269065,Nc1cc(C2=NOC(CNS(=O)(=O)c3ccccc3)(C(=O)Nc3ccc(-c4ccccc4S(N)(=O)=O)cn3)C2)ccc1Cl,CHEMBL244
CHEMBL153134,CC(=N)N1CCC(Oc2ccc(N(Cc3cc4ccc(C(=N)N)cc4n3C)S(C)(=O)=O)cc2)CC1,CHEMBL244
CHEMBL281838,CN1CCN=C1c1ccc(NC(=O)c2cc(C(F)(F)F)nn2-c2ccc3cc(Cl)ccc3c2)c(F)c1,CHEMBL244
CHEMBL281838,CN1CCN=C1c1ccc(NC(=O)c2cc(C(F)(F)F)nn2-c2ccc3cc(Cl)ccc3c2)c(F)c1,CHEMBL244
CHEMBL607008,CC(=O)N[C@H](Cc1ccccc1)C(=O)N1CCC[C@H]1C(=O)N[C@@H](CCCN=C(N)N)B(O)O.Cl,CHEMBL244
CHEMBL320865,C/C(=C(\F)C(=O)Nc1ccc(-c2ccccc2S(N)(=O)=O)cc1Br)c1cccc(C(=N)NN)c1,CHEMBL244
CHEMBL431693,CN1CCN=C1c1ccc(NC(=O)c2cc(C(F)(F)F)nn2-c2cc3ccccc3cc2F)c(F)c1,CHEMBL244
CHEMBL20438,CN(C)C(=N)c1ccc(NC(=O)c2cc(C(F)(F)F)nn2-c2ccc3cc(Cl)ccc3c2)c(F)c1,CHEMBL244
CHEMBL20438,CN(C)C(=N)c1ccc(NC(=O)c2cc(C(F)(F)F)nn2-c2ccc3cc(Cl)ccc3c2)c(F)c1,CHEMBL244
CHEMBL99629,C/C(=C1\CC(=O)N(c2ccc(-c3ccccc3S(N)(=O)=O)cc2)C1=O)c1cccc(C(=N)N)c1,CHEMBL244
CHEMBL101347,CNNC(=N)c1cccc(/C(C)=C(/F)C(=O)Nc2ccc(-c3ccccc3S(N)(=O)=O)cc2)c1,CHEMBL244
CHEMBL82032,N=C(N)N1CCC[C@H](NC(=O)CN2CCCC[C@H](NS(=O)(=O)Cc3ccccc3)C2=O)C1O,CHEMBL244
CHEMBL99688,C/C(=C1\CC(=O)N(c2ccc(-c3ccccc3S(N)(=O)=O)cc2)C1=O)c1cccc(C(=N)NN)c1,CHEMBL244
CHEMBL103744,C/C(=C(\F)C(=O)Nc1ccc(-c2ccccc2S(N)(=O)=O)cc1Cl)c1cccc(C(=N)NN)c1,CHEMBL244
CHEMBL288232,C/C(=C(\F)C(=O)Nc1ccc(-c2ccccc2S(N)(=O)=O)cc1Br)c1cccc(C(=N)N)c1,CHEMBL244
CHEMBL103340,CNNC(=N)c1cccc(/C(C)=C2/CC(=O)N(c3ccc(-c4ccccc4S(N)(=O)=O)cc3)C2=O)c1,CHEMBL244
CHEMBL320213,Cc1cc(C)cc(C(C)(C)CN(CC(=O)NC(CCCN=C(N)N)B(O)O)C(=O)CCc2ccccc2)c1,CHEMBL244
CHEMBL281186,Cc1cc(C(=O)Nc2ccc(C(=N)N3CCCC3)cc2F)n(-c2cc3ccccc3cc2S(C)(=O)=O)n1,CHEMBL244
CHEMBL102779,Cc1cc(C)cc(CCN(CC(=O)NC(CCC/N=C/N)B(O)O)C(=O)CCc2ccccc2)c1,CHEMBL244
CHEMBL21052,Cc1cc(C(=O)Nc2ccc(C3=NCCN3C)cc2F)n(-c2cc3ccccc3cc2F)n1,CHEMBL244
CHEMBL21052,Cc1cc(C(=O)Nc2ccc(C3=NCCN3C)cc2F)n(-c2cc3ccccc3cc2F)n1,CHEMBL244
CHEMBL418558,CN1CCN=C1c1ccc(NC(=O)c2nnnn2-c2ccc3cc(Cl)ccc3c2)c(F)c1,CHEMBL244
CHEMBL102385,N=C(N)NCCCC(NC(=O)CN(CC1(c2ccccc2)CC1)C(=O)CCc1ccccc1)B(O)O,CHEMBL244
CHEMBL430654,CC(c1cccc(C(=N)N)c1)C1CC(=O)N(c2ccc(-c3ccccc3S(N)(=O)=O)cc2)C1=O,CHEMBL244
CHEMBL317638,C/C(=C(\F)C(=O)Nc1ccc(-c2ccccc2S(N)(=O)=O)cc1F)c1cccc(C(=N)NN)c1,CHEMBL244
CHEMBL20673,CN1CCN=C1c1ccc(NC(=O)c2nnnn2-c2cc3ccccc3cc2F)c(F)c1,CHEMBL244
CHEMBL99630,C/C(=C1\CC(=O)N(c2ccc(C(C)(C)C)cc2)C1=O)c1cccc(C(=N)N)c1,CHEMBL244
CHEMBL20420,C/N=C(\N)c1ccc(NC(=O)c2cc(C)nn2-c2cc3ccccc3cc2F)c(F)c1,CHEMBL244
CHEMBL280336,Cc1cc(C(=O)Nc2ccc(C(=N)N(C)Cc3ccccc3)cc2F)n(-c2cc3ccccc3cc2F)n1,CHEMBL244
CHEMBL417826,CN(C)C(=N)c1ccc(NC(=O)c2nnnn2-c2cc3ccccc3cc2F)c(F)c1,CHEMBL244
CHEMBL20932,Cc1cc(C(=O)Nc2ccc(C(=N)N3CCCC3)cc2F)n(-c2ccc3cc(Cl)ccc3c2)n1,CHEMBL244
CHEMBL105393,N/C=N/CCCC(NC(=O)CN(CCc1ccccc1)C(=O)CCc1ccccc1)B(O)O,CHEMBL244
CHEMBL317639,CC(C)(CN(CC(=O)NC(CCC/N=C/N)B(O)O)C(=O)CCc1ccccc1)c1ccccc1,CHEMBL244
CHEMBL104331,N/C=N/CCCC(NC(=O)CN(CC1(c2ccccc2)CC1)C(=O)CCc1ccccc1)B(O)O,CHEMBL244
CHEMBL286915,C/C(=C(\F)C(=O)Nc1ccc(-c2ccccc2S(N)(=O)=O)cc1)c1cccc(C(=N)N)c1,CHEMBL244
CHEMBL20567,COCCN(C)C(=N)c1ccc(NC(=O)c2cc(C)nn2-c2cc3ccccc3cc2F)c(F)c1,CHEMBL244
CHEMBL428530,Cc1cc(C(=O)Nc2ccc(C(=N)N3CCC3)cc2F)n(-c2cc3ccccc3cc2F)n1,CHEMBL244
CHEMBL20897,Cc1cc(C(=O)Nc2ccc(C(=N)N3CCCCC3)cc2F)n(-c2cc3ccccc3cc2F)n1,CHEMBL244
CHEMBL20897,Cc1cc(C(=O)Nc2ccc(C(=N)N3CCCCC3)cc2F)n(-c2cc3ccccc3cc2F)n1,CHEMBL244
CHEMBL20918,Cc1cc(C(=O)Nc2ccc(C(=N)N(C)C)cc2F)n(-c2ccc3cc(Cl)ccc3c2)n1,CHEMBL244
CHEMBL20918,Cc1cc(C(=O)Nc2ccc(C(=N)N(C)C)cc2F)n(-c2ccc3cc(Cl)ccc3c2)n1,CHEMBL244
CHEMBL105137,CC(C)(CN(CC(=O)NC(CCCN=C(N)N)B(O)O)C(=O)CCc1ccccc1)c1ccccc1,CHEMBL244
CHEMBL418559,Cc1cc(C(=O)Nc2ccc(C(=N)N(C)CCN(C)C)cc2F)n(-c2cc3ccccc3cc2F)n1,CHEMBL244
CHEMBL279486,CN(C)C(=N)c1ccc(NC(=O)c2cc(C(F)(F)F)nn2-c2cc3ccccc3cc2F)c(F)c1,CHEMBL244
CHEMBL279486,CN(C)C(=N)c1ccc(NC(=O)c2cc(C(F)(F)F)nn2-c2cc3ccccc3cc2F)c(F)c1,CHEMBL244
CHEMBL20390,Cc1cc(C(=O)Nc2ccc(C(=N)N3CCCCC3)cc2F)n(-c2ccc3cc(Cl)ccc3c2)n1,CHEMBL244
CHEMBL281801,Cc1cc(C(=O)Nc2ccc(C(=N)N3CCCCC3)cc2F)n(-c2cc3ccccc3cc2S(C)(=O)=O)n1,CHEMBL244
CHEMBL277943,Cc1cc(C(=O)Nc2ccc(C(=N)N(C)C)cc2)n(-c2cc3ccccc3cc2F)n1,CHEMBL244
CHEMBL21140,Cc1cc(C(=O)Nc2ccc(C(=N)N(C)C)cc2F)n(-c2cc3ccccc3cc2F)n1,CHEMBL244
CHEMBL21140,Cc1cc(C(=O)Nc2ccc(C(=N)N(C)C)cc2F)n(-c2cc3ccccc3cc2F)n1,CHEMBL244
CHEMBL102916,Cc1cc(C)cc(CCN(CC(=O)NC(CCCCN)B(O)O)C(=O)CCc2ccccc2)c1,CHEMBL244
CHEMBL280925,Cc1cc(C(=O)Nc2ccc(C3=NCCN3C)cc2F)n(-c2cc3ccccc3cc2S(C)(=O)=O)n1,CHEMBL244
CHEMBL280925,Cc1cc(C(=O)Nc2ccc(C3=NCCN3C)cc2F)n(-c2cc3ccccc3cc2S(C)(=O)=O)n1,CHEMBL244
CHEMBL103077,Cc1cc(C)cc(CCN(CC(=O)NC(CCCN=C(N)N)B(O)O)C(=O)CCc2ccccc2)c1,CHEMBL244
CHEMBL318405,N=C(N)c1cccc(/C(=C(/F)C(=O)Nc2ccc(-c3ccccc3S(N)(=O)=O)cc2)n2cccn2)c1,CHEMBL244
CHEMBL105212,CC(C)(CN(CC(=O)NC(CCCCN)B(O)O)C(=O)CCc1ccccc1)c1ccccc1,CHEMBL244
CHEMBL21176,CCCN(C)C(=N)c1ccc(NC(=O)c2cc(C)nn2-c2cc3ccccc3cc2F)c(F)c1,CHEMBL244
CHEMBL321526,C/C(=C1\CC(=O)N(c2ccc(C(=O)N3CCCC3)cc2)C1=O)c1cccc(C(=N)N)c1,CHEMBL244
CHEMBL20496,N=C(c1ccc(NC(=O)c2nnnn2-c2ccc3cc(Cl)ccc3c2)c(F)c1)N1CCCC1,CHEMBL244
CHEMBL20488,Cc1cc(C(=O)Nc2ccc(C(=N)N(C)C)cc2F)n(-c2cc3ccccc3cc2S(C)(=O)=O)n1,CHEMBL244
CHEMBL20488,Cc1cc(C(=O)Nc2ccc(C(=N)N(C)C)cc2F)n(-c2cc3ccccc3cc2S(C)(=O)=O)n1,CHEMBL244
CHEMBL21506,CCN(C)C(=N)c1ccc(NC(=O)c2cc(C)nn2-c2cc3ccccc3cc2F)c(F)c1,CHEMBL244
CHEMBL281141,N=C(c1ccc(NC(=O)c2cc(C(F)(F)F)nn2-c2ccc3cc(Cl)ccc3c2)c(F)c1)N1CCCC1,CHEMBL244
CHEMBL38201,C/C(=C(\F)C(=O)Nc1ccc(-c2ccccc2S(N)(=O)=O)cc1Cl)c1cccc(C(=N)N)c1,CHEMBL244
CHEMBL287252,C/C(=C(\F)C(=O)Nc1ccc(-c2ccccc2S(N)(=O)=O)cc1F)c1cccc(C(=N)N)c1,CHEMBL244
CHEMBL278141,Cc1cc(C(=O)Nc2ccc(C(=N)N3CCCCCC3)cc2F)n(-c2cc3ccccc3cc2F)n1,CHEMBL244
CHEMBL20391,Cc1cc(C(=O)Nc2ccc(C3=NCCN3C)cc2F)n(-c2ccc3cc(Cl)ccc3c2)n1,CHEMBL244
CHEMBL20391,Cc1cc(C(=O)Nc2ccc(C3=NCCN3C)cc2F)n(-c2ccc3cc(Cl)ccc3c2)n1,CHEMBL244
CHEMBL99691,C/C(=C(\F)C(=O)Nc1ccc(-c2ccccc2S(N)(=O)=O)cc1)c1cccc(C(=N)NC#N)c1,CHEMBL244
CHEMBL282945,N=C(c1ccc(NC(=O)c2nnnn2-c2cc3ccccc3cc2F)c(F)c1)N1CCCC1,CHEMBL244
CHEMBL416181,N=C(c1ccc(NC(=O)c2nnnn2-c2cc3ccccc3cc2F)c(F)c1)N1CCCCC1,CHEMBL244
CHEMBL277657,N=C(c1ccc(NC(=O)c2cc(C(F)(F)F)nn2-c2ccc3cc(Cl)ccc3c2)c(F)c1)N1CCCCC1,CHEMBL244
CHEMBL21250,CN(C)C(=N)c1ccc(NC(=O)c2nnnn2-c2ccc3cc(Cl)ccc3c2)c(F)c1,CHEMBL244
CHEMBL21250,CN(C)C(=N)c1ccc(NC(=O)c2nnnn2-c2ccc3cc(Cl)ccc3c2)c(F)c1,CHEMBL244
CHEMBL419734,NCCCCC(NC(=O)CN(CCc1ccccc1)C(=O)CCc1ccccc1)B(O)O,CHEMBL244
CHEMBL2092985,N=C(c1ccc(NC(=O)c2cc(C(F)(F)F)nn2-c2cc3ccccc3cc2F)c(F)c1)N1CCCC1,CHEMBL244
CHEMBL21562,N=C(c1ccc(NC(=O)c2nnnn2-c2ccc3cc(Cl)ccc3c2)c(F)c1)N1CCCCC1,CHEMBL244
CHEMBL282703,Cc1cc(C(=O)Nc2ccc(C(=N)N3CCOCC3)cc2F)n(-c2cc3ccccc3cc2F)n1,CHEMBL244
CHEMBL282676,N=C(c1ccc(NC(=O)c2cc(C(F)(F)F)nn2-c2cc3ccccc3cc2F)c(F)c1)N1CCCCC1,CHEMBL244
CHEMBL21179,Cc1cc(C(=O)Nc2ccc(C(=N)N3CCCC3)cc2F)n(-c2cc3ccccc3cc2F)n1,CHEMBL244
CHEMBL21179,Cc1cc(C(=O)Nc2ccc(C(=N)N3CCCC3)cc2F)n(-c2cc3ccccc3cc2F)n1,CHEMBL244
CHEMBL40162,C/C(=C(\CC(N)=O)C(=O)Nc1ccc(-c2ccccc2S(N)(=O)=O)cc1)c1cccc(C(=N)N)c1,CHEMBL244
CHEMBL19666,Cc1ccc(NS(=O)(=O)Cc2ccccc2)c(=O)n1CC(=O)NCc1ccc(C(=N)N)s1,CHEMBL244
CHEMBL3349045,COCCC[C@@H](NC(=O)[C@@H]1CCCN1C(=O)[C@@H](Cc1ccccc1)NC(=O)OCc1ccccc1)B1O[C@@H]2CC3CC(C3(C)C)[C@]2(C)O1,CHEMBL244
CHEMBL279199,COc1cccc(S(=O)(=O)Nc2cccn(CC(=O)NCc3ccc(C(=N)N)cc3F)c2=O)c1,CHEMBL244
CHEMBL416912,COc1cccc(S(=O)(=O)Nc2cccn(CC(=O)NCc3ccc(C(=N)N)cc3OC)c2=O)c1,CHEMBL244
CHEMBL418050,CC1(C)C2CC1[C@]1(C)OB(C(Cc3ccccc3)NC(=O)[C@@H]3CCCN3C(=O)[C@@H](NC(=O)OCc3ccccc3)C(c3ccccc3)c3ccccc3)O[C@@H]1C2,CHEMBL244
CHEMBL36744,COCCCC(NC(=O)[C@@H]1CCCN1C(=O)[C@@H](NC(=O)OCc1ccccc1)C(c1ccccc1)c1ccccc1)B1O[C@@H]2CC3CC(C3(C)C)[C@]2(C)O1,CHEMBL244
CHEMBL290577,CCC(C)(C)C(NC(=O)[C@@H]1CCCN1C(=O)[C@H](Cc1ccccc1)NC(=O)OCc1ccccc1)B1O[C@@H]2CC3CC(C3(C)C)[C@]2(C)O1,CHEMBL244
CHEMBL287918,CCCCCC(NC(=O)[C@@H]1CCCN1C(=O)[C@@H](NC(=O)OCc1ccccc1)C(c1ccccc1)c1ccccc1)B1O[C@@H]2CC3CC(C3(C)C)[C@]2(C)O1,CHEMBL244
CHEMBL19453,COc1cccc(S(=O)(=O)Nc2cccn(CC(=O)NCc3ccc(C(=N)N)cc3)c2=O)c1,CHEMBL244
CHEMBL19599,N=C(N)NCCC[C@@H](NC(=O)Cn1cccc(NS(=O)(=O)Cc2ccccc2F)c1=O)C(=O)O,CHEMBL244
CHEMBL291026,CCCCCC(NC(=O)[C@@H]1CCCN1C(=O)[C@H](Cc1ccccc1)NC(=O)OCc1ccccc1)B1O[C@@H]2CC3CC(C3(C)C)[C@]2(C)O1,CHEMBL244
CHEMBL19798,COc1cccc(S(=O)(=O)Nc2cccn(CC(=O)NCc3nc(C(=N)N)cs3)c2=O)c1,CHEMBL244
CHEMBL288176,CCC(C)(C)C(NC(=O)[C@@H]1CCCN1C(=O)[C@H](Cc1ccc2ccccc2c1)NC(=O)OCc1ccccc1)B1O[C@@H]2CC3CC(C3(C)C)[C@]2(C)O1,CHEMBL244
CHEMBL285285,CC1(C)C2CC1[C@]1(C)OB(C(Cc3ccccc3)NC(=O)[C@@H]3CCCN3C(=O)[C@H](Cc3ccccc3)NC(=O)OCc3ccccc3)O[C@@H]1C2,CHEMBL244
CHEMBL59704,N=C(N)c1ccc2[nH]c(-c3cccc(Oc4ccccc4)c3O)cc2c1,CHEMBL244
CHEMBL82032,N=C(N)N1CCC[C@H](NC(=O)CN2CCCC[C@H](NS(=O)(=O)Cc3ccccc3)C2=O)C1O,CHEMBL244
CHEMBL350499,COCC1(C(=O)Nc2ccc(-c3ccccc3S(N)(=O)=O)cc2)CC(c2cccc(C(=N)N)c2)=NO1,CHEMBL244
CHEMBL436235,C[C@H]1ON=C(c2cccc(C(=N)N)c2)[C@@H]1C(=O)Nc1ccc(-c2ccccc2S(N)(=O)=O)cc1,CHEMBL244
CHEMBL352099,COCc1onc(-c2cccc(C(=N)N)c2)c1C(=O)Nc1ccc(-c2ccccc2S(N)(=O)=O)cc1,CHEMBL244
CHEMBL140072,N=C(N)c1cccc(-c2nocc2C(=O)Nc2ccc(-c3ccccc3S(N)(=O)=O)cc2)c1,CHEMBL244
CHEMBL140290,Cc1cc(C(=O)Nc2ccc(-c3ccccc3S(N)(=O)=O)cc2)n(-c2ccc3ccnc(N)c3c2)n1,CHEMBL244
CHEMBL134736,Cc1cc(C(=O)Nc2ccc(-c3ccccc3S(N)(=O)=O)cc2)n(-c2cccc(CN)c2)n1,CHEMBL244
CHEMBL37251,Cc1cc(C(=O)Nc2ccc(-c3ccccc3S(N)(=O)=O)cc2)n(-c2cccc(C(=N)N)c2)n1,CHEMBL244
CHEMBL351688,COC[C@H]1ON=C(c2cccc(C(=N)N)c2)[C@@H]1C(=O)Nc1ccc(-c2ccccc2S(N)(=O)=O)cc1,CHEMBL244
CHEMBL352197,N=C(N)c1cccc(-c2noc(N)c2C(=O)Nc2ccc(-c3ccccc3S(N)(=O)=O)cc2)c1,CHEMBL244
CHEMBL342217,Cc1cc(C(=O)Nc2ccc(-c3ccccc3S(N)(=O)=O)cc2)n(-c2cccc(C(=N)NO)c2)n1,CHEMBL244
CHEMBL159418,N=C(N)c1cccc(C2=NOC(Cn3cnnn3)(C(=O)Nc3ccc(-c4ccccc4S(N)(=O)=O)cc3)C2)c1,CHEMBL244
CHEMBL159757,N=C(N)c1cccc(-c2noc(CO)c2C(=O)Nc2ccc(-c3ccccc3S(N)(=O)=O)cc2)c1,CHEMBL244
CHEMBL351830,N=C(N)c1cccc(-c2noc(C(F)(F)F)c2C(=O)Nc2ccc(-c3ccccc3S(N)(=O)=O)cc2)c1,CHEMBL244
CHEMBL159816,CS(=O)(=O)c1ccccc1-c1ccc(NC(=O)c2conc2-c2cccc(C(=N)N)c2)cc1,CHEMBL244
CHEMBL342469,Cc1cc(C(=O)Nc2ccc(-c3ccccc3S(N)(=O)=O)cc2)n(-c2ccc3ncnc(N)c3c2)n1,CHEMBL244
CHEMBL140349,Cc1cc(C(=O)Nc2ccc(-c3ccccc3S(N)(=O)=O)cc2)n(-c2ccc3nc(N)nc(N)c3c2)n1,CHEMBL244
CHEMBL301729,N=C(N)c1cccc(C2=NOC(C(=O)Nc3ccc(-c4ccccc4S(N)(=O)=O)cc3)C2)c1,CHEMBL244
CHEMBL342490,Cc1cc(C(=O)Nc2ccc(-c3ccccc3S(N)(=O)=O)cc2)n(-c2ccc3[nH]nc(N)c3c2)n1,CHEMBL244
CHEMBL136399,Cc1cc(C(=O)Nc2ccc(-c3ccccc3S(N)(=O)=O)cc2)n(-c2cccc(B(O)O)c2)n1,CHEMBL244
CHEMBL347838,N=C(N)c1cccc(C2=NO[C@H](Cn3cnnn3)[C@H]2C(=O)Nc2ccc(-c3ccccc3S(N)(=O)=O)cc2)c1,CHEMBL244
CHEMBL139788,COc1ccc(-n2nc(C)cc2C(=O)Nc2ccc(-c3ccccc3S(N)(=O)=O)cc2)cc1,CHEMBL244
CHEMBL337781,Cc1cc(C(=O)Nc2ccc(-c3ccccc3S(N)(=O)=O)cc2)n(-c2cccc(N)c2)n1,CHEMBL244
CHEMBL96433,N=C(N)c1ccc2[nH]c(-c3cccc(-c4ccccc4)c3O)cc2c1,CHEMBL244
CHEMBL139121,Cc1cc(C(=O)Nc2ccc(-c3ccccc3S(N)(=O)=O)cc2)n(-c2ccccc2)n1,CHEMBL244
CHEMBL160115,COCc1onc(-c2cccc(C(=N)N)c2)c1C(=O)Nc1ccc(-c2ccccc2S(N)(=O)=O)cn1,CHEMBL244
CHEMBL140072,N=C(N)c1cccc(-c2nocc2C(=O)Nc2ccc(-c3ccccc3S(N)(=O)=O)cc2)c1,CHEMBL244
CHEMBL139738,Cc1cc(C(=O)Nc2ccc(-c3ccccc3S(N)(=O)=O)cc2)n(-c2cccc(C#N)c2)n1,CHEMBL244
CHEMBL314535,CC(=N)N1CC[C@H](Oc2ccc(C(Cc3ccc4ccc(C(=N)N)cc4c3)C(=O)O)cc2)C1.Cl.Cl,CHEMBL244
CHEMBL343602,Cc1cc(C(=O)Nc2ccc(-c3ccccc3S(N)(=O)=O)cc2)n(-c2cccc(C(N)=O)c2)n1,CHEMBL244
CHEMBL138813,Cc1cc(C(=O)Nc2ccc(-c3ccccc3S(N)(=O)=O)cc2)n(-c2cccc(Cl)c2)n1,CHEMBL244
CHEMBL7967,CC1(C(=O)Nc2ccc(-c3ccccc3S(N)(=O)=O)cc2)CC(c2cccc(C(=N)N)c2)=NO1,CHEMBL244
CHEMBL138787,Cc1cc(C(=O)Nc2ccc(-c3ccccc3S(N)(=O)=O)cc2)n(-c2ccc3onc(N)c3c2)n1,CHEMBL244
CHEMBL421370,N=C(N)c1cccc(N2CCCCN(C3CCN(Cc4ccccc4)CC3)C2=O)c1,CHEMBL244
CHEMBL2372447,CCOC(=O)N[C@H](CCCN=C(N)N)C(=O)NCC(=O)N[C@H](C=O)CCCN=C(N)N,CHEMBL244
CHEMBL289477,CC(C)(C)OC(=O)N[C@@H](CCCN=C(N)N)C(=O)N[C@@H](Cc1cccc2ccccc12)C(=O)NC(C=O)CCCN=C(N)N,CHEMBL244
CHEMBL40380,N=C(N)NCCCC(C=O)NC(=O)CNC(=O)[C@H](CCCN=C(N)N)NS(=O)(=O)CCc1ccccc1,CHEMBL244
CHEMBL2372430,CC(C)(C)OC(=O)N[C@H](CCCCN=C(N)N)C(=O)NCC(=O)N[C@H](C=O)CCCN=C(N)N,CHEMBL244
CHEMBL2372425,C[C@@H](NC(=O)[C@@H](CCCN=C(N)N)NC(=O)OC(C)(C)C)C(=O)N[C@H](C=O)CCCN=C(N)N,CHEMBL244
CHEMBL40862,N=C(N)NCCCC(C=O)NC(=O)CNC(=O)[C@H](CCCNC(=N)N)NS(=O)(=O)CCc1cccc2ccccc12,CHEMBL244
CHEMBL2372454,CC(C)(C)OC(=O)N[C@H](CCCN=C(N)N)C(=O)NCC(=O)N[C@H](C=O)CCCN=C(N)N,CHEMBL244
CHEMBL2372442,N=C(N)NCCC[C@@H](C=O)NC(=O)CNC(=O)[C@@H](CCCN=C(N)N)NC(=O)NCc1ccccc1,CHEMBL244
CHEMBL40927,CN(CC(=O)NC(C=O)CCCN=C(N)N)C(=O)[C@H](CCCN=C(N)N)NS(=O)(=O)Cc1ccccc1,CHEMBL244
CHEMBL105532,N=C(N)c1cccc(-c2cccc([C@H](CCCNc3ccncc3)C(=O)O)c2)c1,CHEMBL244
CHEMBL40764,N=C(N)NCCCC(C=O)NC(=O)CNC(=O)[C@H](CCCNC(=N)N)NS(=O)(=O)Cc1ccccc1,CHEMBL244
CHEMBL2372436,N=C(N)NCCC[C@@H](C=O)NC(=O)CNC(=O)[C@@H](CCCNC(=N)N)NC(=O)CCC(=O)O,CHEMBL244
CHEMBL2372448,NC(N)=NCCC[C@@H](C=O)NC(=O)CNC(=O)[C@H](N)CCCN=C(N)N,CHEMBL244
CHEMBL19902,CC(=N)N1CC[C@H](Oc2ccc([C@H](Cc3ccc4ccc(C(=N)N)cc4c3)C(=O)O)cc2)C1,CHEMBL244
CHEMBL40239,CC(C)(C)OC(=O)N[C@@H](CCCN=C(N)N)C(=O)N1CCCC1C(=O)NC(C=O)CCCN=C(N)N,CHEMBL244
CHEMBL2372514,N=C(N)NCCC[C@@H](C=O)NC(=O)CNC(=O)[C@@H](CCCNC(=N)N)NC(=O)C(=O)O,CHEMBL244
CHEMBL2372426,C[C@H](NC(=O)[C@@H](CCCN=C(N)N)NC(=O)OC(C)(C)C)C(=O)N[C@H](C=O)CCCN=C(N)N,CHEMBL244
CHEMBL2372441,N=C(N)NCCC[C@@H](C=O)NC(=O)CNC(=O)[C@@H](CCCNC(=N)N)NC(=O)CCc1ccccc1,CHEMBL244
CHEMBL2372435,N=C(N)NCCC[C@@H](C=O)NC(=O)CNC(=O)[C@@H](CCCNC(=N)N)NC(=O)CC(=O)O,CHEMBL244
CHEMBL432159,CCOC(=O)CNC(=O)C(=O)[C@H](Cc1ccc(O)cc1)NC(=O)CN(C)C(=O)[C@@H](CCCN=C(N)N)NS(=O)(=O)Cc1ccccc1.O=C(O)C(F)(F)F,CHEMBL244
CHEMBL432159,CCOC(=O)CNC(=O)C(=O)[C@H](Cc1ccc(O)cc1)NC(=O)CN(C)C(=O)[C@@H](CCCN=C(N)N)NS(=O)(=O)Cc1ccccc1.O=C(O)C(F)(F)F,CHEMBL244
CHEMBL139063,COC(=O)CC1(C(=O)Nc2ccc(-c3ccccc3S(N)(=O)=O)cc2)CC(c2cccc(C(=N)N)c2)=NO1,CHEMBL244
CHEMBL342036,Cn1cc(CC(=O)Nc2ccc(-c3ccccc3S(N)(=O)=O)cn2)c2cc(C(=N)N)ccc21,CHEMBL244
CHEMBL74418,CN(CC(=O)N[C@@H](Cc1ccccc1)C(=O)C(=O)NCC(=O)NCCc1ccccc1)C(=O)[C@@H](CCCN=C(N)N)NS(=O)(=O)Cc1ccccc1.O=C(O)C(F)(F)F,CHEMBL244
CHEMBL74418,CN(CC(=O)N[C@@H](Cc1ccccc1)C(=O)C(=O)NCC(=O)NCCc1ccccc1)C(=O)[C@@H](CCCN=C(N)N)NS(=O)(=O)Cc1ccccc1.O=C(O)C(F)(F)F,CHEMBL244
CHEMBL136986,N=C(N)c1ccc2[nH]cc(CC(=O)Nc3ccc(-c4ccccc4S(N)(=O)=O)cc3Cl)c2c1,CHEMBL244
CHEMBL136986,N=C(N)c1ccc2[nH]cc(CC(=O)Nc3ccc(-c4ccccc4S(N)(=O)=O)cc3Cl)c2c1,CHEMBL244
CHEMBL343784,N=C(N)c1ccc2ncn(CC(=O)c3ccc(-c4ccccc4)cc3)c2c1,CHEMBL244
CHEMBL136215,N=C(N)c1ccc2[nH]cc(CC(=O)Nc3ccc(-c4ccccc4S(N)(=O)=O)cc3F)c2c1,CHEMBL244
CHEMBL136215,N=C(N)c1ccc2[nH]cc(CC(=O)Nc3ccc(-c4ccccc4S(N)(=O)=O)cc3F)c2c1,CHEMBL244
CHEMBL138956,CNS(=O)(=O)c1ccccc1-c1ccc(NC(=O)Cc2c[nH]c3ccc(C(=N)N)cc23)cc1,CHEMBL244
CHEMBL137499,Cc1cc(-c2ccccc2S(N)(=O)=O)ccc1NC(=O)Cc1c[nH]c2ccc(C(=N)N)cc12,CHEMBL244
CHEMBL73737,N=C(N)c1ccc2[nH]c(-c3cc(Cl)cc(-c4cccc(N)c4)c3O)nc2c1,CHEMBL244
CHEMBL431985,CN(CC(=O)N[C@H]1CCCC(C(=N)N)C1O)C(=O)[C@@H](CCCN=C(N)N)NS(=O)(=O)Cc1ccccc1,CHEMBL244
CHEMBL431985,CN(CC(=O)N[C@H]1CCCC(C(=N)N)C1O)C(=O)[C@@H](CCCN=C(N)N)NS(=O)(=O)Cc1ccccc1,CHEMBL244
CHEMBL140016,CCOC(=O)C(CCc1cccc(C(=N)N)c1)Cn1cnc2cc(C(=N)N)ccc21,CHEMBL244
CHEMBL343827,N=C(N)c1ccc2ncn(CC(=O)Nc3ccc(-c4ccccc4)cc3)c2c1,CHEMBL244
CHEMBL343495,N=C(N)c1ccc2ncn(CC(=O)Nc3ccc(-c4ccccc4S(N)(=O)=O)cc3)c2c1,CHEMBL244
CHEMBL74023,CN(CC(=O)N[C@@H](CC1CCCCC1)C(=O)C(=O)NCc1ccc2c(c1)OCO2)C(=O)[C@@H](CCN=C(N)N)NS(=O)(=O)Cc1ccccc1,CHEMBL244
CHEMBL74023,CN(CC(=O)N[C@@H](CC1CCCCC1)C(=O)C(=O)NCc1ccc2c(c1)OCO2)C(=O)[C@@H](CCN=C(N)N)NS(=O)(=O)Cc1ccccc1,CHEMBL244
CHEMBL341920,N=C(N)c1ccc2[nH]cc(CC(=O)Nc3ccc(-c4ccccc4S(N)(=O)=O)cc3I)c2c1,CHEMBL244
CHEMBL343380,CCCNS(=O)(=O)c1ccccc1-c1ccc(NC(=O)Cc2c[nH]c3ccc(C(=N)N)cc23)cc1,CHEMBL244
CHEMBL138478,CN(C(=O)Cc1c[nH]c2ccc(C(=N)N)cc12)c1ccc(-c2ccccc2S(N)(=O)=O)cc1,CHEMBL244
CHEMBL336661,N=C(N)c1ccc2[nH]cc(CC(=O)Nc3ccc(-c4ccccc4S(N)(=O)=O)cc3Br)c2c1,CHEMBL244
CHEMBL336661,N=C(N)c1ccc2[nH]cc(CC(=O)Nc3ccc(-c4ccccc4S(N)(=O)=O)cc3Br)c2c1,CHEMBL244
CHEMBL136100,N=C(N)c1ccc2cnn(CC(=O)Nc3ccc(-c4ccccc4S(N)(=O)=O)cn3)c2c1,CHEMBL244
CHEMBL139124,CCOC(=O)CC1(C(=O)Nc2ccc(C(=N)N)cc2)CC(c2cccc(C(=N)N)c2)=NO1,CHEMBL244
CHEMBL306309,CCOC(=O)CNC(=O)C(=O)[C@H](CC1CCCCC1)NC(=O)CN(C)C(=O)[C@@H](CCCN=C(N)N)NS(=O)(=O)Cc1ccccc1,CHEMBL244
CHEMBL74955,CN(CC(=O)N[C@@H](CC1CCCCC1)C(=O)C(=O)NCCc1ccccc1)C(=O)[C@@H](CCCN=C(N)N)NS(=O)(=O)Cc1ccccc1,CHEMBL244
CHEMBL309068,CCOC(=O)CNC(=O)C(=O)[C@H](Cc1ccccc1)NC(=O)CN(C)C(=O)[C@@H](CCCN=C(N)N)NS(=O)(=O)Cc1ccccc1,CHEMBL244
CHEMBL309068,CCOC(=O)CNC(=O)C(=O)[C@H](Cc1ccccc1)NC(=O)CN(C)C(=O)[C@@H](CCCN=C(N)N)NS(=O)(=O)Cc1ccccc1,CHEMBL244
CHEMBL75017,CN(CC(=O)N[C@@H](CC1CCCCC1)C(=O)C(=O)NCc1ccccc1)C(=O)[C@@H](CCCN=C(N)N)NS(=O)(=O)Cc1ccccc1,CHEMBL244
CHEMBL341979,N=C(N)c1ccc2c(c1)C(CC(=O)Nc1ccc(-c3ccccc3S(N)(=O)=O)cc1)CN2,CHEMBL244
CHEMBL311152,CCOC(=O)CNC(=O)C(=O)[C@H](Cc1ccc(OC(C)(C)C)cc1)NC(=O)CN(C)C(=O)[C@@H](CCCN=C(N)N)NS(=O)(=O)Cc1ccccc1.O=C(O)C(F)(F)F,CHEMBL244
CHEMBL136846,N=C(N)c1ccc2[nH]cc(CC(=O)Nc3ccc(-c4ccccc4S(N)(=O)=O)cc3)c2c1,CHEMBL244
CHEMBL139432,CN(C)S(=O)(=O)c1ccccc1-c1ccc(NC(=O)Cc2c[nH]c3ccc(C(=N)N)cc23)cc1,CHEMBL244
CHEMBL342168,CCNS(=O)(=O)c1ccccc1-c1ccc(NC(=O)Cc2c[nH]c3ccc(C(=N)N)cc23)cc1,CHEMBL244
CHEMBL138709,N=C(N)c1ccc2[nH]cc(CC(=O)Nc3ccc(-c4ccccc4S(N)(=O)=O)cn3)c2c1,CHEMBL244
CHEMBL138709,N=C(N)c1ccc2[nH]cc(CC(=O)Nc3ccc(-c4ccccc4S(N)(=O)=O)cn3)c2c1,CHEMBL244
CHEMBL139970,N=C(N)c1ccc2ncn(CC(=O)c3ccc(-c4ccccc4S(N)(=O)=O)cc3)c2c1,CHEMBL244
CHEMBL305646,CCCCCNC(=O)C(=O)[C@H](CC1CCCCC1)NC(=O)CN(C)C(=O)[C@@H](CCCN=C(N)N)NS(=O)(=O)Cc1ccccc1,CHEMBL244
CHEMBL75006,CN(CC(=O)N[C@@H](CC1CCCCC1)C(=O)C(=O)NCc1ccc2c(c1)OCO2)C(=O)[C@@H](CC/N=C(\N)N[N+](=O)[O-])NS(=O)(=O)Cc1ccccc1,CHEMBL244
CHEMBL341979,N=C(N)c1ccc2c(c1)C(CC(=O)Nc1ccc(-c3ccccc3S(N)(=O)=O)cc1)CN2,CHEMBL244
CHEMBL328721,N=C(N)c1cccc(CN2CC[C@H](NS(=O)(=O)c3cc4cccnc4s3)C2=O)c1,CHEMBL244
CHEMBL55035,N=C(N)c1ccc(/C=C2/CCCC/C(=C/c3ccc(C(=N)N)cc3)C2=O)cc1,CHEMBL244
CHEMBL330572,N=C(N)c1ccc(O)c(CN2CC[C@H](NS(=O)(=O)c3cc4ncccc4s3)C2=O)c1,CHEMBL244
CHEMBL431461,N=C(N)c1cccc(CN2CC[C@H](NS(=O)(=O)c3ccc4nc(Cl)ccc4c3)C2=O)c1,CHEMBL244
CHEMBL92893,N=C(N)c1cccc(CN2CC[C@H](NS(=O)(=O)c3ccc4ccc(N)nc4c3)C2=O)c1,CHEMBL244
CHEMBL93796,N=C(N)c1cccc(CN2CC[C@H](NS(=O)(=O)c3ccc4ccccc4c3)C2=O)c1,CHEMBL244
CHEMBL84065,CN1CCN=C1c1cccc(Oc2cc(C(=O)O)cc(Oc3cc(C(=N)N)ccc3O)n2)c1,CHEMBL244
CHEMBL314754,N=C(N)c1cccc(CN2CC[C@H](NS(=O)(=O)c3cc4c(Cl)nccc4s3)C2=O)c1,CHEMBL244
CHEMBL92530,N=C(N)c1ccc(O)c(CN2CC[C@H](NS(=O)(=O)c3cc4ccncc4s3)C2=O)c1,CHEMBL244
CHEMBL19902,CC(=N)N1CC[C@H](Oc2ccc([C@H](Cc3ccc4ccc(C(=N)N)cc4c3)C(=O)O)cc2)C1,CHEMBL244
CHEMBL418849,COc1ccc(C(=N)N2CCC(Oc3ccc(C(Oc4ccc5c(c4)CN(C(=N)N)CC5)C(=O)O)cc3)CC2)cc1,CHEMBL244
CHEMBL105532,N=C(N)c1cccc(-c2cccc([C@H](CCCNc3ccncc3)C(=O)O)c2)c1,CHEMBL244
CHEMBL27852,N=C(N)NCCC[C@H](NC(=O)[C@@H]1CCC2CC[C@@](N)(Cc3ccccc3)CN21)C(=O)c1nc2ccccc2s1,CHEMBL244
CHEMBL424036,N=C(N)c1cccc(Oc2nc(Oc3cccc(C(=N)N)c3)c(F)cc2F)c1,CHEMBL244
CHEMBL331690,CCOC(=O)CN1CCC(Oc2c(F)c(Oc3cccc(C4=NCCN4C)c3)nc(Oc3cc(C(=N)N)ccc3O)c2F)CC1,CHEMBL244
CHEMBL418958,Cc1c(S(=O)(=O)N[C@H]2CCN(Cc3cccc(C(=N)N)c3)C2=O)sc2ccc(Cl)cc12,CHEMBL244
CHEMBL332189,CN1CCN=C1c1cccc(Oc2nc(Oc3cc(C(=N)N)ccc3O)c(F)c(O[C@H]3CN[C@H](C(=O)O)C3)c2F)c1,CHEMBL244
CHEMBL93854,COc1ccc2ccc(S(=O)(=O)N[C@H]3CCN(Cc4cc(C(=N)N)ccc4O)C3=O)cc2c1,CHEMBL244
CHEMBL72318,CN(C)C(=O)c1cccc(Oc2nc(Oc3cc(C(=N)N)ccc3O)c(F)c(N(C)CC(=O)O)c2F)c1,CHEMBL244
CHEMBL332388,CCOC(=O)[C@@H]1C[C@@H](Oc2c(F)c(Oc3cccc(C(=O)N(C)C)c3)nc(Oc3cc(C(=N)N)ccc3O)c2F)CN1,CHEMBL244
CHEMBL431267,N=C(N)c1ccc(O)c(CN2CC[C@H](NS(=O)(=O)c3cc4nc(Cl)ccc4s3)C2=O)c1,CHEMBL244
CHEMBL92614,N=C(N)c1cccc(CN2CC[C@H](NS(=O)(=O)c3ccc4nc(N)ccc4c3)C2=O)c1,CHEMBL244
CHEMBL73193,CN1CCN=C1c1cccc(Oc2nc(Oc3cc(C(=N)N)ccc3O)c(F)c(N(C)CC(=O)O)c2F)c1,CHEMBL244
CHEMBL83675,Cc1c(F)c(Oc2cccc(C(=N)N)c2)nc(Oc2cccc(N(C)C)c2)c1F,CHEMBL244
CHEMBL92406,N=C(N)c1cccc(CN2CC[C@H](NS(=O)(=O)c3ccc4ncccc4c3)C2=O)c1,CHEMBL244
CHEMBL265315,NC(N)=NCCC[C@@H](CCl)NC(=O)[C@@H]1CCCN1C(=O)[C@H](N)Cc1ccccc1,CHEMBL244
CHEMBL315014,N=C(N)c1ccc(O)c(Oc2cc(C(=O)O)cc(Oc3cccc(C4=NCCN4)c3)n2)c1,CHEMBL244
CHEMBL333266,CCOC(=O)CN(C)c1c(F)c(Oc2cccc(C3=NCCN3C)c2)nc(Oc2cc(C(=N)N)ccc2O)c1F,CHEMBL244
CHEMBL331213,CCOC(=O)[C@@H]1C[C@@H](Oc2c(F)c(Oc3cccc(C4=NCCN4C)c3)nc(Oc3cc(C(=N)N)ccc3O)c2F)CN1,CHEMBL244
CHEMBL330582,N=C(N)c1cccc(CN2CC[C@H](NS(=O)(=O)c3cc4ccc(Cl)nc4s3)C2=O)c1,CHEMBL244
CHEMBL120438,CN(C)C(=O)c1cccc(Oc2nc(Oc3cc(C(=N)N)ccc3O)c(F)c(OC3CCN(CC(=O)O)CC3)c2F)c1,CHEMBL244
CHEMBL96218,COc1ccc2sc(S(=O)(=O)N[C@H]3CCN(Cc4cc(C(=N)N)ccc4N)C3=O)cc2n1,CHEMBL244
CHEMBL73193,CN1CCN=C1c1cccc(Oc2nc(Oc3cc(C(=N)N)ccc3O)c(F)c(N(C)CC(=O)O)c2F)c1,CHEMBL244
CHEMBL85757,N=C(N)c1cccc(CN2CC[C@H](NS(=O)(=O)c3cc4ncccc4s3)C2=O)c1,CHEMBL244
CHEMBL330011,N=C(N)c1ccc(O)c(CN2CC[C@H](NS(=O)(=O)c3cc4cnccc4s3)C2=O)c1,CHEMBL244
CHEMBL324058,COC(=O)[C@H](Cc1cccc(C(=N)N)c1)[C@@H](/C=C/c1ccccc1)NC(=O)c1ccc(-c2ccc(OC)c(OC)c2)cc1,CHEMBL244
CHEMBL282830,N=C(N)NCCC[C@H](NC(=O)[C@@H]1CCN2CC[C@@](N)(Cc3ccccc3)CN12)C(=O)c1nc2ccccc2s1,CHEMBL244
CHEMBL310373,N=C(N)c1ccc(O)c(Oc2cc(C(=O)O)cc(Oc3cccc(-n4ccnc4)c3)n2)c1,CHEMBL244
CHEMBL328893,N=C(N)c1ccc(O)c(CN2CC[C@H](NS(=O)(=O)c3cc4c(Cl)nccc4s3)C2=O)c1,CHEMBL244
CHEMBL330802,N=C(N)c1ccc(Oc2cccc(Oc3cccc(C(=N)N)c3)n2)cc1,CHEMBL244
CHEMBL332322,CN1CCN=C1c1cccc(Oc2nc(Oc3cc(C(=N)N)ccc3O)c(F)c(OC3CCN(CC(=O)O)CC3)c2F)c1,CHEMBL244
CHEMBL93681,N=C(N)c1cccc(CN2CC[C@H](NS(=O)(=O)c3ccc4ccc(N)cc4c3)C2=O)c1,CHEMBL244
CHEMBL50127,N=C(N)c1cccc(Oc2cccc(Oc3cccc(C(=N)N)c3)n2)c1,CHEMBL244
CHEMBL48864,N=C(N)c1cccc(Oc2nc(Oc3cccc(C(=N)N)c3)c(Cl)cc2Cl)c1,CHEMBL244
CHEMBL70730,Cc1c(F)c(Oc2cccc(C(=N)N)c2)nc(Oc2cccc(C(=O)N(C)C)c2)c1F,CHEMBL244
CHEMBL79303,CN(C)C(=O)c1cccc(Oc2cc(C(=O)O)cc(Oc3cc(C(=N)N)ccc3O)n2)c1,CHEMBL244
CHEMBL20240,CC(=N)N1CCC(Oc2ccc(N(Cc3ccc4ccc(C(=N)N)cc4c3)S(=O)(=O)CC(=O)O)cc2)CC1,CHEMBL244
CHEMBL48604,N=C(N)c1cccc(Oc2cc(C(=O)O)cc(Oc3cccc(C(=N)N)c3)n2)c1,CHEMBL244
CHEMBL309541,Cn1ccnc1-c1cccc(Oc2cc(C(=O)O)cc(Oc3cc(C(=N)N)ccc3O)n2)c1,CHEMBL244
CHEMBL431281,N=C(N)c1ccc(N)c(CN2CC[C@H](NS(=O)(=O)c3cc4nc(Cl)ccc4s3)C2=O)c1,CHEMBL244
CHEMBL49636,Cc1c(F)c(Oc2cccc(C(=N)N)c2)nc(Oc2cccc(C(=N)N)c2)c1F,CHEMBL244
CHEMBL79986,Cc1c(F)c(Oc2cccc(C(=O)N(C)C)c2)nc(Oc2cc(C(=N)N)ccc2N)c1F,CHEMBL244
CHEMBL421367,N=C(N)c1cccc(CN2CC[C@H](NS(=O)(=O)c3ccc4c(N)nccc4c3)C2=O)c1,CHEMBL244
CHEMBL90741,N=C(N)c1cccc(CN2CC[C@H](NS(=O)(=O)c3cc4nc(Cl)ccc4s3)C2=O)c1,CHEMBL244
CHEMBL327600,COc1ccc2ccc(S(=O)(=O)N[C@H]3CCN(Cc4cccc(C(=N)N)c4)C3=O)cc2c1,CHEMBL244
CHEMBL419651,Cc1c(F)c(Oc2cccc(C(=O)N(C)C)c2)nc(Oc2cc(C(=N)N)ccc2O)c1F,CHEMBL244
CHEMBL93151,N=C(N)c1ccc(O)c(CN2CC[C@H](NS(=O)(=O)c3cc4ccnc(Cl)c4s3)C2=O)c1,CHEMBL244
CHEMBL81579,Cc1c(F)c(Oc2cccc(C(=N)N)c2)nc(Oc2cccc(C(N)=O)c2)c1F,CHEMBL244
CHEMBL26500,CC(=N)N1CCC(Oc2ccc(NC/C=C/c3cccc(C(=N)N)c3)cc2C(F)(F)F)CC1,CHEMBL244
CHEMBL26287,CCOC(=O)CCC(=O)N(C/C=C/c1cccc(C(=N)N)c1)c1ccc(OC2CCN(C(C)=N)CC2)c(C(F)(F)F)c1,CHEMBL244
CHEMBL27228,CC(=N)N1CCC(Oc2ccc(NC/C(C)=C/c3cccc(C(=N)N)c3)cc2[N+](=O)[O-])CC1,CHEMBL244
CHEMBL25034,CC(=N)N1CCC(Oc2ccc(NCc3ccc4ccc(C(=N)N)cc4c3)cc2[N+](=O)[O-])CC1,CHEMBL244
CHEMBL25461,CC(=N)N1CCC(Oc2ccc(NCc3cccc(-c4cccc(C(=N)N)c4)c3)cc2[N+](=O)[O-])CC1,CHEMBL244
CHEMBL25673,CC(=N)N1CCC(Oc2ccc(NC/C=C/c3cccc(C(=N)N)c3)cc2)CC1,CHEMBL244
CHEMBL24263,CC(=N)N1CCC(Oc2ccc(N(C/C=C/c3cccc(C(=N)N)c3)C(=O)c3ccc(C(=O)O)c(C(=O)O)c3)cc2C(F)(F)F)CC1,CHEMBL244
CHEMBL24956,CN1CCC(Oc2ccc(NC/C=C/c3cc(C(=N)N)ccc3O)cc2C(F)(F)F)CC1,CHEMBL244
CHEMBL24674,CCOC(=O)c1cc(NC/C=C/c2cccc(C(=N)N)c2)ccc1OC1CCN(C(C)=N)CC1,CHEMBL244
CHEMBL26709,N=C(N)c1ccc(O)c(/C=C/CN(C(=O)CCC(=O)O)c2ccc(OC3CCN(CC(=O)O)CC3)c(C(F)(F)F)c2)c1,CHEMBL244
CHEMBL26240,CC(=N)N1CCC(Oc2ccc(N(C/C=C/c3cc(C(=N)N)ccc3O)C(=O)CCC(=O)O)cc2C(F)(F)F)CC1,CHEMBL244
CHEMBL26299,CCOC(=O)CCC(=O)N(C/C=C/c1cc(C(=N)N)ccc1O)c1ccc(OC2CCN(C(C)=N)CC2)c(C(F)(F)F)c1,CHEMBL244
CHEMBL25170,CC(=O)N1CCC(Oc2ccc(N(C/C=C/c3cc(C(=N)N)ccc3O)C(=O)CCC(=O)O)cc2C(F)(F)F)CC1,CHEMBL244
CHEMBL423656,CC(=N)N1CCC(Oc2ccc(NC/C=C/c3cc(C(=N)N)ccc3O)cc2C(F)(F)F)CC1,CHEMBL244
CHEMBL24287,CS(=O)(=O)N1CCC(Oc2ccc(NC/C=C/c3cc(C(=N)N)ccc3O)cc2C(F)(F)F)CC1,CHEMBL244
CHEMBL424589,CC(=N)N1CCC(Oc2ccc(N(C/C=C/c3cccc(C(=N)N)c3)C(=O)CCC(=O)O)cc2C(F)(F)F)CC1,CHEMBL244
CHEMBL24433,N=C(N)c1ccc(O)c(/C=C/CNc2ccc(OC3CCN(C(N)=O)CC3)c(C(F)(F)F)c2)c1,CHEMBL244
CHEMBL24630,CC(=N)N1CCC(Oc2ccc(NC/C=C/c3cccc(C(=N)N)c3)cc2[N+](=O)[O-])CC1,CHEMBL244
CHEMBL24508,CC(=N)N1CCC(Oc2ccc(NC/C=C/c3cccc(C(=N)N)c3)cc2F)CC1,CHEMBL244
CHEMBL26400,CC(=O)N1CCC(Oc2ccc(NC/C=C/c3cc(C(=N)N)ccc3O)cc2C(F)(F)F)CC1,CHEMBL244
CHEMBL277424,CN1CCC(Oc2ccc(N(C/C=C/c3cc(C(=N)N)ccc3O)C(=O)CCC(=O)O)cc2C(F)(F)F)CC1,CHEMBL244
CHEMBL25351,CC(=N)N1CCC(Oc2ccc3c(nc(C)n3Cc3ccc4ccc(C(=N)N)cc4c3)c2[N+](=O)[O-])CC1,CHEMBL244
CHEMBL296686,NS(=O)(=O)c1ccccc1-c1ccc(NC(=O)c2cc(C(F)(F)F)nn2-c2ccc3cc(Cl)ccc3c2)cc1,CHEMBL244
CHEMBL297423,Cc1cc(C(=O)Nc2ccc(-c3ccccc3S(N)(=O)=O)cc2)n(-c2cc3ccccc3cc2CN)n1,CHEMBL244
CHEMBL45000,COC(=O)[C@H](Cc1cccc(C(=N)N)c1)[C@@H](C)NC(=O)c1ccc(-c2ccccc2)cc1,CHEMBL244
CHEMBL282281,CN(CC(=O)N[C@@H](CCCCN)B(O)O)C(=O)c1ccccc1Sc1ccccc1C#N,CHEMBL244
CHEMBL281573,CN(CC(=O)N[C@@H](CCCCN)C(=O)C(=O)Nc1ccc(Oc2cccnc2)cc1)C(=O)c1ccccc1Sc1ccccc1C#N,CHEMBL244
CHEMBL85282,CCOC(=O)[C@]1(NS(=O)(=O)Cc2ccccc2)CCCN(CC(=O)N[C@H]2CCCN(C(=N)N)[C@@H]2O)C1=O,CHEMBL244
CHEMBL44831,COC(=O)[C@H](Cc1cccc(C(=N)N)c1)[C@@H](CC(C)C)NC(=O)c1ccc(-c2cccc(CN)c2)cc1,CHEMBL244
CHEMBL280186,CN(CC(=O)N[C@@H](CCCCN)C(=O)C(=O)Nc1cccc(N)c1)C(=O)c1ccccc1Sc1ccccc1C#N,CHEMBL244
CHEMBL44277,NS(=O)(=O)c1ccccc1-c1ccc(NC(=O)c2cc(C(F)(F)F)nn2-c2cc3ccccc3cc2F)cc1,CHEMBL244
CHEMBL41982,Cc1cc(C(=O)Nc2ccc(-c3ccccc3S(N)(=O)=O)cc2)n(-c2cc3ccccc3cc2F)n1,CHEMBL244
CHEMBL41982,Cc1cc(C(=O)Nc2ccc(-c3ccccc3S(N)(=O)=O)cc2)n(-c2cc3ccccc3cc2F)n1,CHEMBL244
CHEMBL44830,Cc1cc(C(=O)Nc2ccc(-c3ccccc3S(N)(=O)=O)cc2)n(-c2cc3ccccc3cc2S(C)(=O)=O)n1,CHEMBL244
CHEMBL37251,Cc1cc(C(=O)Nc2ccc(-c3ccccc3S(N)(=O)=O)cc2)n(-c2cccc(C(=N)N)c2)n1,CHEMBL244
CHEMBL279519,Cc1cc(C(=O)Nc2ccc(-c3ccccc3S(N)(=O)=O)cc2)n(-c2ccc3cc(Cl)ccc3c2)n1,CHEMBL244
CHEMBL24987,CN(CC(=O)N[C@@H](CCCCN)C(=O)C(=O)Nc1ccc(Oc2ccc(N)cc2)cc1)C(=O)c1ccccc1Sc1ccccc1C#N,CHEMBL244
CHEMBL44859,Cc1cc(C(=O)Nc2ccc(-c3ccccc3S(N)(=O)=O)cc2)n(-c2cc3ccccc3cc2C(N)=O)n1,CHEMBL244
CHEMBL48610,CC[C@@H](NC(=O)c1ccc(-c2cccc(CN)c2)cc1)[C@@H](Cc1cccc(C(=N)N)c1)C(=O)OC,CHEMBL244
CHEMBL46414,COC(=O)[C@H](Cc1cccc(C(=N)N)c1)[C@@H](C)NC(=O)c1ccc(-c2ccc(C(=O)O)cc2)cc1,CHEMBL244
CHEMBL297616,Cc1cc(C(=O)Nc2ccc(-c3ccccc3S(N)(=O)=O)cc2)n(-c2ccc3cc(Br)ccc3c2)n1,CHEMBL244
CHEMBL22886,CN(CC(=O)N[C@@H](CCCCN)B(O)O)C(=O)c1ccccc1Sc1ccccc1,CHEMBL244
CHEMBL421136,CCOC(=O)[C@]1(NS(=O)(=O)Cc2ccccc2)CCCN(CC(=O)N[C@H]2CCCN(C(=N)N)[C@H]2O)C1=O,CHEMBL244
CHEMBL45407,COC(=O)[C@H](Cc1cccc(C(=N)N)c1)[C@@H](CCc1ccccc1)NC(=O)c1ccc(-c2ccccc2)cc1,CHEMBL244
CHEMBL44177,COC(=O)[C@H](Cc1cccc(C(=N)N)c1)[C@H](NC(=O)c1ccc(-c2cccc(CN)c2)cc1)C(C)C,CHEMBL244
CHEMBL283553,CN(CC(=O)N[C@@H](CCCCN)B(O)O)C(=O)c1ccccc1Cc1ccccc1,CHEMBL244
CHEMBL47704,COC(=O)[C@H](Cc1cccc(C(=N)N)c1)[C@@H](C)NC(=O)c1ccc(-c2cccc(CN(C)C)c2)cc1,CHEMBL244
CHEMBL22566,CN(CC(=O)N[C@@H](CCCCN)C(=O)C(=O)Nc1ccc(Oc2cccc(N)c2)cc1)C(=O)c1ccccc1Sc1ccccc1C#N,CHEMBL244
CHEMBL45106,COC(=O)[C@H](Cc1cccc(C(=N)N)c1)[C@@H](CC1CCCCC1)NC(=O)c1ccc(-c2cccc(CN)c2)cc1,CHEMBL244
CHEMBL22557,CN(CC(=O)N[C@@H](CCCCN)C(=O)C(=O)NCCN1CCOCC1)C(=O)c1ccccc1Sc1ccccc1C#N,CHEMBL244
CHEMBL43264,COC(=O)[C@H](Cc1cccc(C(=N)N)c1)[C@@H](Cc1ccccc1)NC(=O)c1ccc(-c2ccccc2)cc1,CHEMBL244
CHEMBL297371,COC(=O)[C@@H](CNC(=O)c1ccc(-c2ccccc2)cc1)Cc1cccc(C(=N)N)c1,CHEMBL244
CHEMBL47250,Cc1cc(C(=O)Nc2ccc(-c3ccccc3S(N)(=O)=O)cc2)n(-c2ccc3ccccc3c2)n1,CHEMBL244
CHEMBL417714,COC(=O)[C@H](Cc1cccc(C(=N)N)c1)[C@@H](/C=C/c1ccccc1)NC(=O)c1ccc(-c2ccccc2)cc1,CHEMBL244
CHEMBL22944,CNC(=O)C(=O)[C@H](CCCCN)NC(=O)CN(C)C(=O)c1ccccc1Sc1ccccc1C#N,CHEMBL244
CHEMBL44764,Cc1cc(C(=O)Nc2ccc(-c3ccccc3S(N)(=O)=O)cc2)n(-c2cc3ccccc3cc2C(=N)N)n1,CHEMBL244
CHEMBL45267,COC(=O)[C@H](Cc1cccc(C(=N)N)c1)[C@@H](C)NC(=O)c1ccc(-c2ccc(C(N)=O)cc2)cc1,CHEMBL244
CHEMBL297251,Cc1cc(C(=O)Nc2ccc(-c3ccccc3S(N)(=O)=O)cc2)n(-c2cc3ccccc3cc2C#N)n1,CHEMBL244
CHEMBL295034,Cc1cc(C(=O)Nc2ccc(-c3ccccc3S(N)(=O)=O)cc2)n(-c2cc3ccccc3cc2S(N)(=O)=O)n1,CHEMBL244
CHEMBL48046,COC(=O)[C@H](Cc1cccc(C(=N)N)c1)[C@@H](C)NC(=O)c1ccc(-c2cccc(CN)c2)cc1,CHEMBL244
CHEMBL44050,COC(=O)[C@H](Cc1cccc(C(=N)N)c1)[C@@H](C)NC(=O)c1ccc(-c2cccc(C(N)=O)c2)cc1,CHEMBL244
CHEMBL279741,CN(CC(=O)N[C@@H](CCCCN)C(=O)C(=O)Nc1ccccc1)C(=O)c1ccccc1Sc1ccccc1C#N,CHEMBL244
CHEMBL44897,Cc1cc(C(=O)Nc2ccc(-c3ccccc3S(N)(=O)=O)cc2)n(-c2cc3ccccc3cc2Br)n1,CHEMBL244
CHEMBL176243,CC(=N)N(C)Cc1ccc(C(=O)Nc2ccc(Cl)cc2C(=O)Nc2ccc(Cl)cn2)cc1,CHEMBL244
CHEMBL176243,CC(=N)N(C)Cc1ccc(C(=O)Nc2ccc(Cl)cc2C(=O)Nc2ccc(Cl)cn2)cc1,CHEMBL244
CHEMBL369023,CN(C)C1=NCCN1Cc1ccc(C(=O)Nc2ccc(Cl)cc2C(=O)Nc2ccc(Cl)cn2)cc1,CHEMBL244
CHEMBL351298,N=C(N)c1cccc(CN2CCN(S(=O)(=O)c3cc4ccc(Cl)cc4s3)CC2=O)c1,CHEMBL244
CHEMBL177109,CN(CCN(C)C(=N)N)Cc1ccc(C(=O)Nc2ccc(Cl)cc2C(=O)Nc2ccc(Cl)cn2)cc1,CHEMBL244
CHEMBL175130,CN1CCN=C1N(C)Cc1ccc(C(=O)Nc2ccc(Cl)cc2C(=O)Nc2ccc(Cl)cn2)cc1,CHEMBL244
CHEMBL175130,CN1CCN=C1N(C)Cc1ccc(C(=O)Nc2ccc(Cl)cc2C(=O)Nc2ccc(Cl)cn2)cc1,CHEMBL244
CHEMBL175122,O=C(Nc1ccc(Cl)cc1C(=O)Nc1ccc(Cl)cn1)c1ccc(CN2CCNC2=O)cc1,CHEMBL244
CHEMBL425858,CNCc1ccc(C(=O)Nc2ccc(Cl)cc2C(=O)Nc2ccc(Cl)cn2)cc1,CHEMBL244
CHEMBL175125,CCOC(=O)CN(C)Cc1ccc(C(=O)Nc2ccc(Cl)cc2C(=O)Nc2ccc(Cl)cn2)cc1,CHEMBL244
CHEMBL368744,O=C(Nc1ccc(Cl)cc1C(=O)Nc1ccc(Cl)cn1)c1ccc(CN2CCOCC2)cc1,CHEMBL244
CHEMBL176757,CN(Cc1ccc(C(=O)Nc2ccc(Cl)cc2C(=O)Nc2ccc(Cl)cn2)cc1)C1=NCCS1,CHEMBL244
CHEMBL174791,CC(=N)N(C)CCN(C)Cc1ccc(C(=O)Nc2ccc(Cl)cc2C(=O)Nc2ccc(Cl)cn2)cc1,CHEMBL244
CHEMBL369086,CN(C)Cc1ccc(C(=O)Nc2ccc(Cl)cc2C(=O)Nc2ccc(Cl)cn2)cc1,CHEMBL244
CHEMBL369086,CN(C)Cc1ccc(C(=O)Nc2ccc(Cl)cc2C(=O)Nc2ccc(Cl)cn2)cc1,CHEMBL244
CHEMBL175014,CNCCN(C)Cc1ccc(C(=O)Nc2ccc(Cl)cc2C(=O)Nc2ccc(Cl)cn2)cc1,CHEMBL244
CHEMBL368494,CNC1=NCCN1Cc1ccc(C(=O)Nc2ccc(Cl)cc2C(=O)Nc2ccc(Cl)cn2)cc1,CHEMBL244
CHEMBL51796,CC(=N)N1CCC(Oc2ccc(C(=O)NCCOc3cccc(C(=N)N)c3)cc2)CC1,CHEMBL244
CHEMBL176671,CN(C)NCc1ccc(C(=O)Nc2ccc(Cl)cc2C(=O)Nc2ccc(Cl)cn2)cc1,CHEMBL244
CHEMBL176671,CN(C)NCc1ccc(C(=O)Nc2ccc(Cl)cc2C(=O)Nc2ccc(Cl)cn2)cc1,CHEMBL244
CHEMBL366647,CCOC(=O)C1CCN(Cc2ccc(C(=O)Nc3ccc(Cl)cc3C(=O)Nc3ccc(Cl)cn3)cc2)CC1,CHEMBL244
CHEMBL177444,N=C(N)NCc1ccc(C(=O)Nc2ccc(Cl)cc2C(=O)Nc2ccc(Cl)cn2)cc1,CHEMBL244
CHEMBL174558,CN(Cc1ccc(C(=O)Nc2ccc(Cl)cc2C(=O)Nc2ccc(Cl)cn2)cc1)C(=N)N,CHEMBL244
CHEMBL174558,CN(Cc1ccc(C(=O)Nc2ccc(Cl)cc2C(=O)Nc2ccc(Cl)cn2)cc1)C(=N)N,CHEMBL244
CHEMBL293045,N=C(N)c1ccc(CCC(=O)O)c(OCCNC(=O)C2CCN(c3ccncc3)CC2)c1,CHEMBL244
CHEMBL176856,CN(CCO)Cc1ccc(C(=O)Nc2ccc(Cl)cc2C(=O)Nc2ccc(Cl)cn2)cc1,CHEMBL244
CHEMBL174499,C[N+](C)(C)Cc1ccc(C(=O)Nc2ccc(Cl)cc2C(=O)Nc2ccc(Cl)cn2)cc1,CHEMBL244
CHEMBL174499,C[N+](C)(C)Cc1ccc(C(=O)Nc2ccc(Cl)cc2C(=O)Nc2ccc(Cl)cn2)cc1,CHEMBL244
CHEMBL48813,N=C(N)c1ccc(CN2CCN(S(=O)(=O)c3cc4ccc(Cl)cc4s3)CC2=O)cc1,CHEMBL244
CHEMBL369177,CCN(C)Cc1ccc(C(=O)Nc2ccc(Cl)cc2C(=O)Nc2ccc(Cl)cn2)cc1,CHEMBL244
CHEMBL55770,N=C(N)c1cccc(OCCNC(=O)c2ccc(C(=O)N3CCCC3)cc2)c1,CHEMBL244
CHEMBL176451,COCCN(C)Cc1ccc(C(=O)Nc2ccc(Cl)cc2C(=O)Nc2ccc(Cl)cn2)cc1,CHEMBL244
CHEMBL367340,NC1CCN(Cc2ccc(C(=O)Nc3ccc(Cl)cc3C(=O)Nc3ccc(Cl)cn3)cc2)CC1,CHEMBL244
CHEMBL435741,C/N=C(/NC)N(C)Cc1ccc(C(=O)Nc2ccc(Cl)cc2C(=O)Nc2ccc(Cl)cn2)cc1,CHEMBL244
CHEMBL443477,N=C(N)c1ccc(C(=O)N[C@@H](COc2cccc(C(=N)N)c2)CC(=O)O)cc1,CHEMBL244
CHEMBL292235,CC(=N)N1CCC(Oc2ccc(C(=O)NCCOc3cc(C(=N)N)ccc3CC(=O)C(=O)O)cc2)CC1,CHEMBL244
CHEMBL55139,N=C(N)c1ccc(CC(=O)C(=O)O)c(OCCNC(=O)c2ccc(C(=O)N3CCCC3)cc2)c1,CHEMBL244
CHEMBL174968,NCc1ccc(C(=O)Nc2ccc(Cl)cc2C(=O)Nc2ccc(Cl)cn2)cc1,CHEMBL244
CHEMBL369681,C/N=C(/N)N(C)Cc1ccc(C(=O)Nc2ccc(Cl)cc2C(=O)Nc2ccc(Cl)cn2)cc1,CHEMBL244
CHEMBL369681,C/N=C(/N)N(C)Cc1ccc(C(=O)Nc2ccc(Cl)cc2C(=O)Nc2ccc(Cl)cn2)cc1,CHEMBL244
CHEMBL52932,N=C(N)c1ccc(C(=O)NCCOc2cc(C(=N)N)ccc2CC(=O)C(=O)O)cc1,CHEMBL244
CHEMBL368614,O=C(Nc1ccc(Cl)cc1C(=O)Nc1ccc(Cl)cn1)c1ccc(CN2CCCCC2)cc1,CHEMBL244
CHEMBL174731,NC1=NCCCCN1Cc1ccc(C(=O)Nc2ccc(Cl)cc2C(=O)Nc2ccc(Cl)cn2)cc1,CHEMBL244
CHEMBL367953,N=C1OCCN1Cc1ccc(C(=O)Nc2ccc(Cl)cc2C(=O)Nc2ccc(Cl)cn2)cc1,CHEMBL244
CHEMBL367953,N=C1OCCN1Cc1ccc(C(=O)Nc2ccc(Cl)cc2C(=O)Nc2ccc(Cl)cn2)cc1,CHEMBL244
CHEMBL176210,CC(=N)N1CCN(Cc2ccc(C(=O)Nc3ccc(Cl)cc3C(=O)Nc3ccc(Cl)cn3)cc2)CC1,CHEMBL244
CHEMBL368914,CC(=O)NNCc1ccc(C(=O)Nc2ccc(Cl)cc2C(=O)Nc2ccc(Cl)cn2)cc1,CHEMBL244
CHEMBL174740,O=C(Nc1ccc(Cl)cc1C(=O)Nc1ccc(Cl)cn1)c1ccc(CN2CCC(O)CC2)cc1,CHEMBL244
CHEMBL368126,CN(Cc1ccc(C(=O)Nc2ccc(Cl)cc2C(=O)Nc2ccc(Cl)cn2)cc1)C(=N)c1ccccc1,CHEMBL244
CHEMBL355807,CN(Cc1ccc(C(=O)Nc2ccc(Cl)cc2C(=O)Nc2ccc(Cl)cn2)cc1)C1=NCCN1,CHEMBL244
CHEMBL55500,N=C(N)c1ccc(CC(=O)C(=O)O)c(OCCNC(=O)C2CCN(c3ccncc3)CC2)c1,CHEMBL244
CHEMBL175142,CN(CC(=O)O)Cc1ccc(C(=O)Nc2ccc(Cl)cc2C(=O)Nc2ccc(Cl)cn2)cc1,CHEMBL244
CHEMBL55237,CC(=N)N1CCC(Oc2ccc(C(=O)N[C@@H](COc3cc(C(=N)N)ccc3CC(=O)C(=O)O)CC(=O)O)cc2)CC1,CHEMBL244
CHEMBL369015,CC(=N)NCc1ccc(C(=O)Nc2ccc(Cl)cc2C(=O)Nc2ccc(Cl)cn2)cc1,CHEMBL244
CHEMBL301368,N=C(N)c1ccc(CC(=O)C(=O)O)c(OC[C@@H](CC(=O)O)NC(=O)C2CCN(c3ccncc3)CC2)c1,CHEMBL244
CHEMBL176736,NNCc1ccc(C(=O)Nc2ccc(Cl)cc2C(=O)Nc2ccc(Cl)cn2)cc1,CHEMBL244
CHEMBL368095,NCc1ccccc1-c1ccc(C(=O)Nc2ccc(Cl)cc2C(=O)Nc2ccc(Cl)cn2)cc1,CHEMBL244
CHEMBL425859,O=C(Nc1ccc(Cl)cc1C(=O)Nc1ccc(Cl)cn1)c1ccc(CN2CCCC2)cc1,CHEMBL244
CHEMBL55363,N=C(N)c1ccc(C(=O)NCCOc2cccc(C(=N)N)c2)cc1,CHEMBL244
CHEMBL174870,CCN(CC)Cc1ccc(C(=O)Nc2ccc(Cl)cc2C(=O)Nc2ccc(Cl)cn2)cc1,CHEMBL244
CHEMBL172256,CN(C)CCN(C)Cc1ccc(C(=O)Nc2ccc(Cl)cc2C(=O)Nc2ccc(Cl)cn2)cc1,CHEMBL244
CHEMBL426416,C[N+]1(Cc2ccc(C(=O)Nc3ccc(Cl)cc3C(=O)Nc3ccc(Cl)cn3)cc2)CCCC1,CHEMBL244
CHEMBL175031,O=C(Nc1ccc(Cl)cc1C(=O)Nc1ccc(Cl)cn1)c1ccc(CN2CCNCC2)cc1,CHEMBL244
CHEMBL175033,NC1=NCCCN1Cc1ccc(C(=O)Nc2ccc(Cl)cc2C(=O)Nc2ccc(Cl)cn2)cc1,CHEMBL244
CHEMBL157813,O=C1CN(S(=O)(=O)c2cc3ccc(Cl)cc3s2)CCN1Cc1cc2cnccc2n1CCO,CHEMBL244
CHEMBL173832,O=C(Nc1ccc(Cl)cc1C(=O)Nc1ccc(Cl)cn1)c1ccc(C[n+]2ccccc2)cc1,CHEMBL244
CHEMBL368323,O=C(Nc1ccc(Cl)cc1C(=O)Nc1ccc(Cl)cn1)c1ccc(CN2CCN=C2S)cc1,CHEMBL244
CHEMBL176268,CN1CCN(Cc2ccc(C(=O)Nc3ccc(Cl)cc3C(=O)Nc3ccc(Cl)cn3)cc2)CC1,CHEMBL244
CHEMBL366358,CN(Cc1ccc(C(=O)Nc2ccc(Cl)cc2C(=O)Nc2ccc(Cl)cn2)cc1)C1=NCCO1,CHEMBL244
CHEMBL52657,N=C(N)c1cccc(OCCNC(=O)C2CCN(c3ccncc3)CC2)c1,CHEMBL244
CHEMBL174111,O=C(Nc1ccc(Cl)cc1C(=O)Nc1ccc(Cl)cn1)c1ccc(CN2CCC(C(=O)O)CC2)cc1,CHEMBL244
CHEMBL52350,N=C(N)c1ccc(C(=O)N[C@H](COc2cccc(C(=N)N)c2)CC(=O)O)cc1,CHEMBL244
CHEMBL110419,COC(=O)C(Cc1cccc(C(=N)N)c1)C(C)NC(=O)c1ccc(-c2cccc(CN)c2)cc1,CHEMBL244
CHEMBL366894,NC(=O)C1CCN(Cc2ccc(C(=O)Nc3ccc(Cl)cc3C(=O)Nc3ccc(Cl)cn3)cc2)CC1,CHEMBL244
CHEMBL172360,N=C1NCCN1Cc1ccc(C(=O)Nc2ccc(Cl)cc2C(=O)Nc2ccc(Cl)cn2)cc1,CHEMBL244
CHEMBL172360,N=C1NCCN1Cc1ccc(C(=O)Nc2ccc(Cl)cc2C(=O)Nc2ccc(Cl)cn2)cc1,CHEMBL244
CHEMBL423417,O=C1CN(S(=O)(=O)/C=C/c2ccc(Cl)s2)CCN1Cc1cc2c[nH]ccc-2n1,CHEMBL244
CHEMBL174995,CN(C)C(=O)COc1ccc2c3ccccc3n(Cc3ccc4ccc(C(=N)N)cc4c3)c2c1,CHEMBL244
CHEMBL541152,C[n+]1ccc(CNC(=O)c2cc3ccccc3n2Cc2cccc(C(=N)N)c2)cc1.O=C([O-])C(F)(F)F,CHEMBL244
CHEMBL552789,C[n+]1ccc(CNC(=O)c2cc3c(O)cccc3n2Cc2cccc(C(=N)N)c2)c2ccccc21.O=C([O-])C(F)(F)F,CHEMBL244
CHEMBL314969,N=C(N)c1cccc(Cn2c(C(=O)NCCNc3cccc4ccccc34)cc3c(O)cccc32)c1,CHEMBL244
CHEMBL327562,N=C(N)c1cccc(Cn2c(C(=O)NCc3cc(F)cc(F)c3)cc3c(O)cccc32)c1,CHEMBL244
CHEMBL92244,COc1cccc2c1cc(C(=O)NCc1ccc(C(=N)N)cc1)n2Cc1cccc(C(=N)N)c1,CHEMBL244
CHEMBL553012,C[N+](C)(C)c1ccc(CNC(=O)c2cc3cc(S(C)(=O)=O)ccc3n2Cc2cccc(C(=N)N)c2)cc1.O=C([O-])C(F)(F)F,CHEMBL244
CHEMBL540900,C[N+](C)(C)c1ccc(CNC(=O)c2cc3cc(N)ccc3n2Cc2cccc(C(=N)N)c2)cc1.O=C([O-])C(F)(F)F,CHEMBL244
CHEMBL93758,Cc1cccc2c1cc(C(=O)NCc1cccc3ccccc13)n2Cc1cccc(C(=N)N)c1,CHEMBL244
CHEMBL93087,Cc1cc(C)cc(CNC(=O)c2cc3c(C)cccc3n2Cc2cccc(C(=N)N)c2)c1,CHEMBL244
CHEMBL307196,Cc1cc(C)cc(CNC(=O)c2cc3c(O)cccc3n2Cc2cccc(C(=N)N)c2)c1,CHEMBL244
CHEMBL553013,Cc1c(F)ccc2c1cc(C(=O)NCc1ccc([N+](C)(C)Cc3ccccc3)cc1)n2Cc1cccc(C(=N)N)c1.O=C([O-])C(F)(F)F,CHEMBL244
CHEMBL433600,CCOC(=O)c1cc2ccc(OC3CCN(C(C)=N)CC3)cc2n1Cc1ccc2ccc(C(=N)N)cc2c1,CHEMBL244
CHEMBL309879,Cc1nccn1-c1cccc(Oc2cc(C(=O)O)cc(Oc3cc(C(=N)N)ccc3O)n2)c1,CHEMBL244
CHEMBL92836,N=C(N)c1cccc(COC(=O)c2cc3ccccc3n2Cc2cccc(C(=N)N)c2)c1,CHEMBL244
CHEMBL48604,N=C(N)c1cccc(Oc2cc(C(=O)O)cc(Oc3cccc(C(=N)N)c3)n2)c1,CHEMBL244
CHEMBL319950,Cc1cccc2c1cc(C(=O)OCc1cccc(C(=N)N)c1)n2Cc1cccc(C(=N)N)c1,CHEMBL244
CHEMBL141676,CCCC(CCC)C(=O)N[C@@H](CC(=O)OC)C(=O)N1CCC[C@H]1C(=O)N[C@H](C=O)CCCN=C(N)N,CHEMBL244
CHEMBL79828,Cc1cn(-c2cccc(Oc3cc(C(=O)O)cc(Oc4cc(C(=N)N)ccc4O)n3)c2)cn1,CHEMBL244
CHEMBL96650,N=C(N)c1cccc(CNC(=O)c2c(Br)c3ccccc3n2Cc2cccc(C(=N)N)c2)c1,CHEMBL244
CHEMBL306300,C[N+](C)(C)c1ccc(CNC(=O)c2cc3cc(O)ccc3n2Cc2cccc(C(=N)N)c2)cc1.O=C([O-])C(F)(F)F,CHEMBL244
CHEMBL173480,CC(=N)N1CCC(Oc2ccc3cc(C(=O)NC(CC(=O)O)C(=O)O)n(Cc4ccc5ccc(C(=N)N)cc5c4)c3c2)CC1,CHEMBL244
CHEMBL81893,Cc1c(F)c(Oc2cccc(C(=N)N)c2)nc(Oc2cccc(C(=O)N3CCCC3)c2)c1F,CHEMBL244
CHEMBL92776,Cc1cccc2c1cc(C(=O)NCc1cc(Cl)cc(Cl)c1)n2Cc1cccc(C(=N)N)c1,CHEMBL244
CHEMBL554407,C[N+](C)(C)c1ccc(CNC(=O)c2cc3cc(Br)ccc3n2Cc2cccc(C(=N)N)c2)cc1.O=C([O-])C(F)(F)F,CHEMBL244
CHEMBL93050,N=C(N)c1cccc(COC(=O)c2cc3cc(OCc4ccccc4)ccc3n2Cc2cccc(C(=N)N)c2)c1,CHEMBL244
CHEMBL112931,COC(=O)C[C@H](NS(=O)(=O)Cc1ccccc1)C(=O)N1CCCC1C(=O)N[C@H]1CCCN(C(=N)N)C1O,CHEMBL244
CHEMBL96639,N=C(N)c1cccc(Cn2c(C(=O)NCc3cc(Cl)cc(Cl)c3)c(Br)c3ccccc32)c1,CHEMBL244
CHEMBL92983,N=C(N)c1cccc(Cn2c(C(=O)NCc3cccc(Br)c3)cc3c(O)cccc32)c1,CHEMBL244
CHEMBL79986,Cc1c(F)c(Oc2cccc(C(=O)N(C)C)c2)nc(Oc2cc(C(=N)N)ccc2N)c1F,CHEMBL244
CHEMBL96231,N=C(N)c1cccc(Cn2c(C(=O)NCc3cc(Cl)cc(Cl)c3Cl)cc3c(O)cccc32)c1,CHEMBL244
CHEMBL550095,C[N+](C)(C)c1ccc(CNC(=O)c2cc3cc(F)ccc3n2Cc2cccc(C(=N)N)c2)cc1.O=C([O-])C(F)(F)F,CHEMBL244
CHEMBL327408,N=C(N)c1ccc(CNC(=O)c2cc3c(O)cccc3n2Cc2cccc(C(=N)N)c2)cc1,CHEMBL244
CHEMBL328307,N=C(N)c1cccc(CNC(=O)c2cc3cc(N)ccc3n2Cc2cccc(C(=N)N)c2)c1,CHEMBL244
CHEMBL541153,CC[N+](C)(C)c1ccc(CNC(=O)c2cc3cc(F)ccc3n2Cc2cccc(C(=N)N)c2)cc1.O=C([O-])C(F)(F)F,CHEMBL244
CHEMBL175333,N=C(N)c1ccc(Oc2ccc3c4ccccc4n(Cc4ccc5ccc(C(=N)N)cc5c4)c3c2)cc1,CHEMBL244
CHEMBL314047,COc1cc(Oc2nc(Oc3cccc(C(=N)N)c3)c(F)c(C)c2F)cc(C(=O)N(C)C)c1,CHEMBL244
